Date,Scheme_Code,Scheme_Name,NAV,Fund_House,Scheme_Category
2013-01-02,118632,Nippon India Large Cap Fund - Direct Plan Growth Plan - Growth Option,14.6967,Nippon India Mutual Fund,Equity Scheme - Large Cap Fund
2013-01-03,118632,Nippon India Large Cap Fund - Direct Plan Growth Plan - Growth Option,14.7305,Nippon India Mutual Fund,Equity Scheme - Large Cap Fund
2013-01-04,118632,Nippon India Large Cap Fund - Direct Plan Growth Plan - Growth Option,14.8037,Nippon India Mutual Fund,Equity Scheme - Large Cap Fund
2013-01-07,118632,Nippon India Large Cap Fund - Direct Plan Growth Plan - Growth Option,14.7718,Nippon India Mutual Fund,Equity Scheme - Large Cap Fund
2013-01-08,118632,Nippon India Large Cap Fund - Direct Plan Growth Plan - Growth Option,14.7197,Nippon India Mutual Fund,Equity Scheme - Large Cap Fund
2013-01-09,118632,Nippon India Large Cap Fund - Direct Plan Growth Plan - Growth Option,14.7249,Nippon India Mutual Fund,Equity Scheme - Large Cap Fund
2013-01-10,118632,Nippon India Large Cap Fund - Direct Plan Growth Plan - Growth Option,14.6784,Nippon India Mutual Fund,Equity Scheme - Large Cap Fund
2013-01-11,118632,Nippon India Large Cap Fund - Direct Plan Growth Plan - Growth Option,14.6421,Nippon India Mutual Fund,Equity Scheme - Large Cap Fund
2013-01-14,118632,Nippon India Large Cap Fund - Direct Plan Growth Plan - Growth Option,14.7844,Nippon India Mutual Fund,Equity Scheme - Large Cap Fund
2013-01-15,118632,Nippon India Large Cap Fund - Direct Plan Growth Plan - Growth Option,14.8315,Nippon India Mutual Fund,Equity Scheme - Large Cap Fund
2013-01-16,118632,Nippon India Large Cap Fund - Direct Plan Growth Plan - Growth Option,14.6876,Nippon India Mutual Fund,Equity Scheme - Large Cap Fund
2013-01-17,118632,Nippon India Large Cap Fund - Direct Plan Growth Plan - Growth Option,14.7703,Nippon India Mutual Fund,Equity Scheme - Large Cap Fund
2013-01-18,118632,Nippon India Large Cap Fund - Direct Plan Growth Plan - Growth Option,14.8654,Nippon India Mutual Fund,Equity Scheme - Large Cap Fund
2013-01-21,118632,Nippon India Large Cap Fund - Direct Plan Growth Plan - Growth Option,14.9285,Nippon India Mutual Fund,Equity Scheme - Large Cap Fund
2013-01-22,118632,Nippon India Large Cap Fund - Direct Plan Growth Plan - Growth Option,14.8574,Nippon India Mutual Fund,Equity Scheme - Large Cap Fund
2013-01-23,118632,Nippon India Large Cap Fund - Direct Plan Growth Plan - Growth Option,14.7986,Nippon India Mutual Fund,Equity Scheme - Large Cap Fund
2013-01-24,118632,Nippon India Large Cap Fund - Direct Plan Growth Plan - Growth Option,14.6226,Nippon India Mutual Fund,Equity Scheme - Large Cap Fund
2013-01-25,118632,Nippon India Large Cap Fund - Direct Plan Growth Plan - Growth Option,14.7605,Nippon India Mutual Fund,Equity Scheme - Large Cap Fund
2013-01-28,118632,Nippon India Large Cap Fund - Direct Plan Growth Plan - Growth Option,14.7737,Nippon India Mutual Fund,Equity Scheme - Large Cap Fund
2013-01-29,118632,Nippon India Large Cap Fund - Direct Plan Growth Plan - Growth Option,14.681,Nippon India Mutual Fund,Equity Scheme - Large Cap Fund
2013-01-30,118632,Nippon India Large Cap Fund - Direct Plan Growth Plan - Growth Option,14.6583,Nippon India Mutual Fund,Equity Scheme - Large Cap Fund
2013-01-31,118632,Nippon India Large Cap Fund - Direct Plan Growth Plan - Growth Option,14.6179,Nippon India Mutual Fund,Equity Scheme - Large Cap Fund
2013-02-01,118632,Nippon India Large Cap Fund - Direct Plan Growth Plan - Growth Option,14.5671,Nippon India Mutual Fund,Equity Scheme - Large Cap Fund
2013-02-04,118632,Nippon India Large Cap Fund - Direct Plan Growth Plan - Growth Option,14.5479,Nippon India Mutual Fund,Equity Scheme - Large Cap Fund
2013-02-05,118632,Nippon India Large Cap Fund - Direct Plan Growth Plan - Growth Option,14.4313,Nippon India Mutual Fund,Equity Scheme - Large Cap Fund
2013-02-06,118632,Nippon India Large Cap Fund - Direct Plan Growth Plan - Growth Option,14.4775,Nippon India Mutual Fund,Equity Scheme - Large Cap Fund
2013-02-07,118632,Nippon India Large Cap Fund - Direct Plan Growth Plan - Growth Option,14.4048,Nippon India Mutual Fund,Equity Scheme - Large Cap Fund
2013-02-08,118632,Nippon India Large Cap Fund - Direct Plan Growth Plan - Growth Option,14.3212,Nippon India Mutual Fund,Equity Scheme - Large Cap Fund
2013-02-11,118632,Nippon India Large Cap Fund - Direct Plan Growth Plan - Growth Option,14.2908,Nippon India Mutual Fund,Equity Scheme - Large Cap Fund
2013-02-12,118632,Nippon India Large Cap Fund - Direct Plan Growth Plan - Growth Option,14.3298,Nippon India Mutual Fund,Equity Scheme - Large Cap Fund
2013-02-13,118632,Nippon India Large Cap Fund - Direct Plan Growth Plan - Growth Option,14.3617,Nippon India Mutual Fund,Equity Scheme - Large Cap Fund
2013-02-14,118632,Nippon India Large Cap Fund - Direct Plan Growth Plan - Growth Option,14.1541,Nippon India Mutual Fund,Equity Scheme - Large Cap Fund
2013-02-15,118632,Nippon India Large Cap Fund - Direct Plan Growth Plan - Growth Option,14.1364,Nippon India Mutual Fund,Equity Scheme - Large Cap Fund
2013-02-18,118632,Nippon India Large Cap Fund - Direct Plan Growth Plan - Growth Option,14.1843,Nippon India Mutual Fund,Equity Scheme - Large Cap Fund
2013-02-19,118632,Nippon India Large Cap Fund - Direct Plan Growth Plan - Growth Option,14.2926,Nippon India Mutual Fund,Equity Scheme - Large Cap Fund
2013-02-20,118632,Nippon India Large Cap Fund - Direct Plan Growth Plan - Growth Option,14.2782,Nippon India Mutual Fund,Equity Scheme - Large Cap Fund
2013-02-21,118632,Nippon India Large Cap Fund - Direct Plan Growth Plan - Growth Option,14.0679,Nippon India Mutual Fund,Equity Scheme - Large Cap Fund
2013-02-22,118632,Nippon India Large Cap Fund - Direct Plan Growth Plan - Growth Option,14.0985,Nippon India Mutual Fund,Equity Scheme - Large Cap Fund
2013-02-25,118632,Nippon India Large Cap Fund - Direct Plan Growth Plan - Growth Option,14.0828,Nippon India Mutual Fund,Equity Scheme - Large Cap Fund
2013-02-26,118632,Nippon India Large Cap Fund - Direct Plan Growth Plan - Growth Option,13.8873,Nippon India Mutual Fund,Equity Scheme - Large Cap Fund
2013-02-27,118632,Nippon India Large Cap Fund - Direct Plan Growth Plan - Growth Option,13.9873,Nippon India Mutual Fund,Equity Scheme - Large Cap Fund
2013-02-28,118632,Nippon India Large Cap Fund - Direct Plan Growth Plan - Growth Option,13.7174,Nippon India Mutual Fund,Equity Scheme - Large Cap Fund
2013-03-01,118632,Nippon India Large Cap Fund - Direct Plan Growth Plan - Growth Option,13.8247,Nippon India Mutual Fund,Equity Scheme - Large Cap Fund
2013-03-04,118632,Nippon India Large Cap Fund - Direct Plan Growth Plan - Growth Option,13.7577,Nippon India Mutual Fund,Equity Scheme - Large Cap Fund
2013-03-05,118632,Nippon India Large Cap Fund - Direct Plan Growth Plan - Growth Option,13.9807,Nippon India Mutual Fund,Equity Scheme - Large Cap Fund
2013-03-06,118632,Nippon India Large Cap Fund - Direct Plan Growth Plan - Growth Option,14.0779,Nippon India Mutual Fund,Equity Scheme - Large Cap Fund
2013-03-07,118632,Nippon India Large Cap Fund - Direct Plan Growth Plan - Growth Option,14.1368,Nippon India Mutual Fund,Equity Scheme - Large Cap Fund
2013-03-08,118632,Nippon India Large Cap Fund - Direct Plan Growth Plan - Growth Option,14.2733,Nippon India Mutual Fund,Equity Scheme - Large Cap Fund
2013-03-11,118632,Nippon India Large Cap Fund - Direct Plan Growth Plan - Growth Option,14.2265,Nippon India Mutual Fund,Equity Scheme - Large Cap Fund
2013-03-12,118632,Nippon India Large Cap Fund - Direct Plan Growth Plan - Growth Option,14.1646,Nippon India Mutual Fund,Equity Scheme - Large Cap Fund
2013-03-13,118632,Nippon India Large Cap Fund - Direct Plan Growth Plan - Growth Option,13.9586,Nippon India Mutual Fund,Equity Scheme - Large Cap Fund
2013-03-14,118632,Nippon India Large Cap Fund - Direct Plan Growth Plan - Growth Option,14.1321,Nippon India Mutual Fund,Equity Scheme - Large Cap Fund
2013-03-15,118632,Nippon India Large Cap Fund - Direct Plan Growth Plan - Growth Option,14.0574,Nippon India Mutual Fund,Equity Scheme - Large Cap Fund
2013-03-18,118632,Nippon India Large Cap Fund - Direct Plan Growth Plan - Growth Option,13.9688,Nippon India Mutual Fund,Equity Scheme - Large Cap Fund
2013-03-19,118632,Nippon India Large Cap Fund - Direct Plan Growth Plan - Growth Option,13.7101,Nippon India Mutual Fund,Equity Scheme - Large Cap Fund
2013-03-20,118632,Nippon India Large Cap Fund - Direct Plan Growth Plan - Growth Option,13.4866,Nippon India Mutual Fund,Equity Scheme - Large Cap Fund
2013-03-21,118632,Nippon India Large Cap Fund - Direct Plan Growth Plan - Growth Option,13.4908,Nippon India Mutual Fund,Equity Scheme - Large Cap Fund
2013-03-22,118632,Nippon India Large Cap Fund - Direct Plan Growth Plan - Growth Option,13.4563,Nippon India Mutual Fund,Equity Scheme - Large Cap Fund
2013-03-25,118632,Nippon India Large Cap Fund - Direct Plan Growth Plan - Growth Option,13.4002,Nippon India Mutual Fund,Equity Scheme - Large Cap Fund
2013-03-26,118632,Nippon India Large Cap Fund - Direct Plan Growth Plan - Growth Option,13.4772,Nippon India Mutual Fund,Equity Scheme - Large Cap Fund
2013-03-28,118632,Nippon India Large Cap Fund - Direct Plan Growth Plan - Growth Option,13.578,Nippon India Mutual Fund,Equity Scheme - Large Cap Fund
2013-04-01,118632,Nippon India Large Cap Fund - Direct Plan Growth Plan - Growth Option,13.6324,Nippon India Mutual Fund,Equity Scheme - Large Cap Fund
2013-04-02,118632,Nippon India Large Cap Fund - Direct Plan Growth Plan - Growth Option,13.8124,Nippon India Mutual Fund,Equity Scheme - Large Cap Fund
2013-04-03,118632,Nippon India Large Cap Fund - Direct Plan Growth Plan - Growth Option,13.6549,Nippon India Mutual Fund,Equity Scheme - Large Cap Fund
2013-04-04,118632,Nippon India Large Cap Fund - Direct Plan Growth Plan - Growth Option,13.4167,Nippon India Mutual Fund,Equity Scheme - Large Cap Fund
2013-04-05,118632,Nippon India Large Cap Fund - Direct Plan Growth Plan - Growth Option,13.4782,Nippon India Mutual Fund,Equity Scheme - Large Cap Fund
2013-04-08,118632,Nippon India Large Cap Fund - Direct Plan Growth Plan - Growth Option,13.4526,Nippon India Mutual Fund,Equity Scheme - Large Cap Fund
2013-04-09,118632,Nippon India Large Cap Fund - Direct Plan Growth Plan - Growth Option,13.3266,Nippon India Mutual Fund,Equity Scheme - Large Cap Fund
2013-04-10,118632,Nippon India Large Cap Fund - Direct Plan Growth Plan - Growth Option,13.4579,Nippon India Mutual Fund,Equity Scheme - Large Cap Fund
2013-04-11,118632,Nippon India Large Cap Fund - Direct Plan Growth Plan - Growth Option,13.5316,Nippon India Mutual Fund,Equity Scheme - Large Cap Fund
2013-04-12,118632,Nippon India Large Cap Fund - Direct Plan Growth Plan - Growth Option,13.3635,Nippon India Mutual Fund,Equity Scheme - Large Cap Fund
2013-04-15,118632,Nippon India Large Cap Fund - Direct Plan Growth Plan - Growth Option,13.4536,Nippon India Mutual Fund,Equity Scheme - Large Cap Fund
2013-04-16,118632,Nippon India Large Cap Fund - Direct Plan Growth Plan - Growth Option,13.7055,Nippon India Mutual Fund,Equity Scheme - Large Cap Fund
2013-04-17,118632,Nippon India Large Cap Fund - Direct Plan Growth Plan - Growth Option,13.7107,Nippon India Mutual Fund,Equity Scheme - Large Cap Fund
2013-04-18,118632,Nippon India Large Cap Fund - Direct Plan Growth Plan - Growth Option,13.9167,Nippon India Mutual Fund,Equity Scheme - Large Cap Fund
2013-04-22,118632,Nippon India Large Cap Fund - Direct Plan Growth Plan - Growth Option,14.0431,Nippon India Mutual Fund,Equity Scheme - Large Cap Fund
2013-04-23,118632,Nippon India Large Cap Fund - Direct Plan Growth Plan - Growth Option,13.9829,Nippon India Mutual Fund,Equity Scheme - Large Cap Fund
2013-04-25,118632,Nippon India Large Cap Fund - Direct Plan Growth Plan - Growth Option,14.0593,Nippon India Mutual Fund,Equity Scheme - Large Cap Fund
2013-04-26,118632,Nippon India Large Cap Fund - Direct Plan Growth Plan - Growth Option,14.0531,Nippon India Mutual Fund,Equity Scheme - Large Cap Fund
2013-04-29,118632,Nippon India Large Cap Fund - Direct Plan Growth Plan - Growth Option,14.1084,Nippon India Mutual Fund,Equity Scheme - Large Cap Fund
2013-04-30,118632,Nippon India Large Cap Fund - Direct Plan Growth Plan - Growth Option,14.1086,Nippon India Mutual Fund,Equity Scheme - Large Cap Fund
2013-05-02,118632,Nippon India Large Cap Fund - Direct Plan Growth Plan - Growth Option,14.229,Nippon India Mutual Fund,Equity Scheme - Large Cap Fund
2013-05-03,118632,Nippon India Large Cap Fund - Direct Plan Growth Plan - Growth Option,14.1115,Nippon India Mutual Fund,Equity Scheme - Large Cap Fund
2013-05-06,118632,Nippon India Large Cap Fund - Direct Plan Growth Plan - Growth Option,14.2356,Nippon India Mutual Fund,Equity Scheme - Large Cap Fund
2013-05-07,118632,Nippon India Large Cap Fund - Direct Plan Growth Plan - Growth Option,14.3852,Nippon India Mutual Fund,Equity Scheme - Large Cap Fund
2013-05-08,118632,Nippon India Large Cap Fund - Direct Plan Growth Plan - Growth Option,14.3518,Nippon India Mutual Fund,Equity Scheme - Large Cap Fund
2013-05-09,118632,Nippon India Large Cap Fund - Direct Plan Growth Plan - Growth Option,14.2864,Nippon India Mutual Fund,Equity Scheme - Large Cap Fund
2013-05-10,118632,Nippon India Large Cap Fund - Direct Plan Growth Plan - Growth Option,14.3731,Nippon India Mutual Fund,Equity Scheme - Large Cap Fund
2013-05-13,118632,Nippon India Large Cap Fund - Direct Plan Growth Plan - Growth Option,14.1432,Nippon India Mutual Fund,Equity Scheme - Large Cap Fund
2013-05-14,118632,Nippon India Large Cap Fund - Direct Plan Growth Plan - Growth Option,14.2231,Nippon India Mutual Fund,Equity Scheme - Large Cap Fund
2013-05-15,118632,Nippon India Large Cap Fund - Direct Plan Growth Plan - Growth Option,14.5276,Nippon India Mutual Fund,Equity Scheme - Large Cap Fund
2013-05-16,118632,Nippon India Large Cap Fund - Direct Plan Growth Plan - Growth Option,14.5877,Nippon India Mutual Fund,Equity Scheme - Large Cap Fund
2013-05-17,118632,Nippon India Large Cap Fund - Direct Plan Growth Plan - Growth Option,14.6518,Nippon India Mutual Fund,Equity Scheme - Large Cap Fund
2013-05-20,118632,Nippon India Large Cap Fund - Direct Plan Growth Plan - Growth Option,14.5075,Nippon India Mutual Fund,Equity Scheme - Large Cap Fund
2013-05-21,118632,Nippon India Large Cap Fund - Direct Plan Growth Plan - Growth Option,14.395,Nippon India Mutual Fund,Equity Scheme - Large Cap Fund
2013-05-22,118632,Nippon India Large Cap Fund - Direct Plan Growth Plan - Growth Option,14.2804,Nippon India Mutual Fund,Equity Scheme - Large Cap Fund
2013-05-23,118632,Nippon India Large Cap Fund - Direct Plan Growth Plan - Growth Option,13.9275,Nippon India Mutual Fund,Equity Scheme - Large Cap Fund
2013-05-24,118632,Nippon India Large Cap Fund - Direct Plan Growth Plan - Growth Option,13.9741,Nippon India Mutual Fund,Equity Scheme - Large Cap Fund
2013-05-27,118632,Nippon India Large Cap Fund - Direct Plan Growth Plan - Growth Option,14.1468,Nippon India Mutual Fund,Equity Scheme - Large Cap Fund
2013-05-28,118632,Nippon India Large Cap Fund - Direct Plan Growth Plan - Growth Option,14.2241,Nippon India Mutual Fund,Equity Scheme - Large Cap Fund
2013-05-29,118632,Nippon India Large Cap Fund - Direct Plan Growth Plan - Growth Option,14.1521,Nippon India Mutual Fund,Equity Scheme - Large Cap Fund
2013-05-30,118632,Nippon India Large Cap Fund - Direct Plan Growth Plan - Growth Option,14.1108,Nippon India Mutual Fund,Equity Scheme - Large Cap Fund
2013-05-31,118632,Nippon India Large Cap Fund - Direct Plan Growth Plan - Growth Option,13.9164,Nippon India Mutual Fund,Equity Scheme - Large Cap Fund
2013-06-03,118632,Nippon India Large Cap Fund - Direct Plan Growth Plan - Growth Option,13.8393,Nippon India Mutual Fund,Equity Scheme - Large Cap Fund
2013-06-04,118632,Nippon India Large Cap Fund - Direct Plan Growth Plan - Growth Option,13.8528,Nippon India Mutual Fund,Equity Scheme - Large Cap Fund
2013-06-05,118632,Nippon India Large Cap Fund - Direct Plan Growth Plan - Growth Option,13.8796,Nippon India Mutual Fund,Equity Scheme - Large Cap Fund
2013-06-06,118632,Nippon India Large Cap Fund - Direct Plan Growth Plan - Growth Option,13.8693,Nippon India Mutual Fund,Equity Scheme - Large Cap Fund
2013-06-07,118632,Nippon India Large Cap Fund - Direct Plan Growth Plan - Growth Option,13.7436,Nippon India Mutual Fund,Equity Scheme - Large Cap Fund
2013-06-10,118632,Nippon India Large Cap Fund - Direct Plan Growth Plan - Growth Option,13.6318,Nippon India Mutual Fund,Equity Scheme - Large Cap Fund
2013-06-11,118632,Nippon India Large Cap Fund - Direct Plan Growth Plan - Growth Option,13.3795,Nippon India Mutual Fund,Equity Scheme - Large Cap Fund
2013-06-12,118632,Nippon India Large Cap Fund - Direct Plan Growth Plan - Growth Option,13.3408,Nippon India Mutual Fund,Equity Scheme - Large Cap Fund
2013-06-13,118632,Nippon India Large Cap Fund - Direct Plan Growth Plan - Growth Option,13.199,Nippon India Mutual Fund,Equity Scheme - Large Cap Fund
2013-06-14,118632,Nippon India Large Cap Fund - Direct Plan Growth Plan - Growth Option,13.4526,Nippon India Mutual Fund,Equity Scheme - Large Cap Fund
2013-06-17,118632,Nippon India Large Cap Fund - Direct Plan Growth Plan - Growth Option,13.5024,Nippon India Mutual Fund,Equity Scheme - Large Cap Fund
2013-06-18,118632,Nippon India Large Cap Fund - Direct Plan Growth Plan - Growth Option,13.4342,Nippon India Mutual Fund,Equity Scheme - Large Cap Fund
2013-06-19,118632,Nippon India Large Cap Fund - Direct Plan Growth Plan - Growth Option,13.4689,Nippon India Mutual Fund,Equity Scheme - Large Cap Fund
2013-06-20,118632,Nippon India Large Cap Fund - Direct Plan Growth Plan - Growth Option,13.142,Nippon India Mutual Fund,Equity Scheme - Large Cap Fund
2013-06-21,118632,Nippon India Large Cap Fund - Direct Plan Growth Plan - Growth Option,13.1933,Nippon India Mutual Fund,Equity Scheme - Large Cap Fund
2013-06-24,118632,Nippon India Large Cap Fund - Direct Plan Growth Plan - Growth Option,12.9791,Nippon India Mutual Fund,Equity Scheme - Large Cap Fund
2013-06-25,118632,Nippon India Large Cap Fund - Direct Plan Growth Plan - Growth Option,12.9839,Nippon India Mutual Fund,Equity Scheme - Large Cap Fund
2013-06-26,118632,Nippon India Large Cap Fund - Direct Plan Growth Plan - Growth Option,12.9478,Nippon India Mutual Fund,Equity Scheme - Large Cap Fund
2013-06-27,118632,Nippon India Large Cap Fund - Direct Plan Growth Plan - Growth Option,13.1137,Nippon India Mutual Fund,Equity Scheme - Large Cap Fund
2013-06-28,118632,Nippon India Large Cap Fund - Direct Plan Growth Plan - Growth Option,13.445,Nippon India Mutual Fund,Equity Scheme - Large Cap Fund
2013-07-01,118632,Nippon India Large Cap Fund - Direct Plan Growth Plan - Growth Option,13.6086,Nippon India Mutual Fund,Equity Scheme - Large Cap Fund
2013-07-02,118632,Nippon India Large Cap Fund - Direct Plan Growth Plan - Growth Option,13.5237,Nippon India Mutual Fund,Equity Scheme - Large Cap Fund
2013-07-03,118632,Nippon India Large Cap Fund - Direct Plan Growth Plan - Growth Option,13.2808,Nippon India Mutual Fund,Equity Scheme - Large Cap Fund
2013-07-04,118632,Nippon India Large Cap Fund - Direct Plan Growth Plan - Growth Option,13.3744,Nippon India Mutual Fund,Equity Scheme - Large Cap Fund
2013-07-05,118632,Nippon India Large Cap Fund - Direct Plan Growth Plan - Growth Option,13.4009,Nippon India Mutual Fund,Equity Scheme - Large Cap Fund
2013-07-08,118632,Nippon India Large Cap Fund - Direct Plan Growth Plan - Growth Option,13.2314,Nippon India Mutual Fund,Equity Scheme - Large Cap Fund
2013-07-09,118632,Nippon India Large Cap Fund - Direct Plan Growth Plan - Growth Option,13.3168,Nippon India Mutual Fund,Equity Scheme - Large Cap Fund
2013-07-10,118632,Nippon India Large Cap Fund - Direct Plan Growth Plan - Growth Option,13.259,Nippon India Mutual Fund,Equity Scheme - Large Cap Fund
2013-07-11,118632,Nippon India Large Cap Fund - Direct Plan Growth Plan - Growth Option,13.4425,Nippon India Mutual Fund,Equity Scheme - Large Cap Fund
2013-07-12,118632,Nippon India Large Cap Fund - Direct Plan Growth Plan - Growth Option,13.6028,Nippon India Mutual Fund,Equity Scheme - Large Cap Fund
2013-07-15,118632,Nippon India Large Cap Fund - Direct Plan Growth Plan - Growth Option,13.6813,Nippon India Mutual Fund,Equity Scheme - Large Cap Fund
2013-07-16,118632,Nippon India Large Cap Fund - Direct Plan Growth Plan - Growth Option,13.4826,Nippon India Mutual Fund,Equity Scheme - Large Cap Fund
2013-07-17,118632,Nippon India Large Cap Fund - Direct Plan Growth Plan - Growth Option,13.4057,Nippon India Mutual Fund,Equity Scheme - Large Cap Fund
2013-07-18,118632,Nippon India Large Cap Fund - Direct Plan Growth Plan - Growth Option,13.5266,Nippon India Mutual Fund,Equity Scheme - Large Cap Fund
2013-07-19,118632,Nippon India Large Cap Fund - Direct Plan Growth Plan - Growth Option,13.491,Nippon India Mutual Fund,Equity Scheme - Large Cap Fund
2013-07-22,118632,Nippon India Large Cap Fund - Direct Plan Growth Plan - Growth Option,13.4323,Nippon India Mutual Fund,Equity Scheme - Large Cap Fund
2013-07-23,118632,Nippon India Large Cap Fund - Direct Plan Growth Plan - Growth Option,13.5137,Nippon India Mutual Fund,Equity Scheme - Large Cap Fund
2013-07-24,118632,Nippon India Large Cap Fund - Direct Plan Growth Plan - Growth Option,13.2616,Nippon India Mutual Fund,Equity Scheme - Large Cap Fund
2013-07-25,118632,Nippon India Large Cap Fund - Direct Plan Growth Plan - Growth Option,13.1914,Nippon India Mutual Fund,Equity Scheme - Large Cap Fund
2013-07-26,118632,Nippon India Large Cap Fund - Direct Plan Growth Plan - Growth Option,13.0735,Nippon India Mutual Fund,Equity Scheme - Large Cap Fund
2013-07-29,118632,Nippon India Large Cap Fund - Direct Plan Growth Plan - Growth Option,13.0033,Nippon India Mutual Fund,Equity Scheme - Large Cap Fund
2013-07-30,118632,Nippon India Large Cap Fund - Direct Plan Growth Plan - Growth Option,12.7471,Nippon India Mutual Fund,Equity Scheme - Large Cap Fund
2013-07-31,118632,Nippon India Large Cap Fund - Direct Plan Growth Plan - Growth Option,12.9014,Nippon India Mutual Fund,Equity Scheme - Large Cap Fund
2013-08-01,118632,Nippon India Large Cap Fund - Direct Plan Growth Plan - Growth Option,12.766,Nippon India Mutual Fund,Equity Scheme - Large Cap Fund
2013-08-02,118632,Nippon India Large Cap Fund - Direct Plan Growth Plan - Growth Option,12.6617,Nippon India Mutual Fund,Equity Scheme - Large Cap Fund
2013-08-05,118632,Nippon India Large Cap Fund - Direct Plan Growth Plan - Growth Option,12.7128,Nippon India Mutual Fund,Equity Scheme - Large Cap Fund
2013-08-06,118632,Nippon India Large Cap Fund - Direct Plan Growth Plan - Growth Option,12.3588,Nippon India Mutual Fund,Equity Scheme - Large Cap Fund
2013-08-07,118632,Nippon India Large Cap Fund - Direct Plan Growth Plan - Growth Option,12.4816,Nippon India Mutual Fund,Equity Scheme - Large Cap Fund
2013-08-08,118632,Nippon India Large Cap Fund - Direct Plan Growth Plan - Growth Option,12.7214,Nippon India Mutual Fund,Equity Scheme - Large Cap Fund
2013-08-12,118632,Nippon India Large Cap Fund - Direct Plan Growth Plan - Growth Option,12.8515,Nippon India Mutual Fund,Equity Scheme - Large Cap Fund
2013-08-13,118632,Nippon India Large Cap Fund - Direct Plan Growth Plan - Growth Option,13.0239,Nippon India Mutual Fund,Equity Scheme - Large Cap Fund
2013-08-14,118632,Nippon India Large Cap Fund - Direct Plan Growth Plan - Growth Option,13.0848,Nippon India Mutual Fund,Equity Scheme - Large Cap Fund
2013-08-16,118632,Nippon India Large Cap Fund - Direct Plan Growth Plan - Growth Option,12.6349,Nippon India Mutual Fund,Equity Scheme - Large Cap Fund
2013-08-19,118632,Nippon India Large Cap Fund - Direct Plan Growth Plan - Growth Option,12.4366,Nippon India Mutual Fund,Equity Scheme - Large Cap Fund
2013-08-20,118632,Nippon India Large Cap Fund - Direct Plan Growth Plan - Growth Option,12.4137,Nippon India Mutual Fund,Equity Scheme - Large Cap Fund
2013-08-21,118632,Nippon India Large Cap Fund - Direct Plan Growth Plan - Growth Option,12.2191,Nippon India Mutual Fund,Equity Scheme - Large Cap Fund
2013-08-22,118632,Nippon India Large Cap Fund - Direct Plan Growth Plan - Growth Option,12.424,Nippon India Mutual Fund,Equity Scheme - Large Cap Fund
2013-08-23,118632,Nippon India Large Cap Fund - Direct Plan Growth Plan - Growth Option,12.5759,Nippon India Mutual Fund,Equity Scheme - Large Cap Fund
2013-08-26,118632,Nippon India Large Cap Fund - Direct Plan Growth Plan - Growth Option,12.6806,Nippon India Mutual Fund,Equity Scheme - Large Cap Fund
2013-08-27,118632,Nippon India Large Cap Fund - Direct Plan Growth Plan - Growth Option,12.2979,Nippon India Mutual Fund,Equity Scheme - Large Cap Fund
2013-08-28,118632,Nippon India Large Cap Fund - Direct Plan Growth Plan - Growth Option,12.2443,Nippon India Mutual Fund,Equity Scheme - Large Cap Fund
2013-08-29,118632,Nippon India Large Cap Fund - Direct Plan Growth Plan - Growth Option,12.4848,Nippon India Mutual Fund,Equity Scheme - Large Cap Fund
2013-08-30,118632,Nippon India Large Cap Fund - Direct Plan Growth Plan - Growth Option,12.6214,Nippon India Mutual Fund,Equity Scheme - Large Cap Fund
2013-09-02,118632,Nippon India Large Cap Fund - Direct Plan Growth Plan - Growth Option,12.794,Nippon India Mutual Fund,Equity Scheme - Large Cap Fund
2013-09-03,118632,Nippon India Large Cap Fund - Direct Plan Growth Plan - Growth Option,12.3669,Nippon India Mutual Fund,Equity Scheme - Large Cap Fund
2013-09-04,118632,Nippon India Large Cap Fund - Direct Plan Growth Plan - Growth Option,12.564,Nippon India Mutual Fund,Equity Scheme - Large Cap Fund
2013-09-05,118632,Nippon India Large Cap Fund - Direct Plan Growth Plan - Growth Option,12.8133,Nippon India Mutual Fund,Equity Scheme - Large Cap Fund
2013-09-06,118632,Nippon India Large Cap Fund - Direct Plan Growth Plan - Growth Option,12.9802,Nippon India Mutual Fund,Equity Scheme - Large Cap Fund
2013-09-10,118632,Nippon India Large Cap Fund - Direct Plan Growth Plan - Growth Option,13.3471,Nippon India Mutual Fund,Equity Scheme - Large Cap Fund
2013-09-11,118632,Nippon India Large Cap Fund - Direct Plan Growth Plan - Growth Option,13.4542,Nippon India Mutual Fund,Equity Scheme - Large Cap Fund
2013-09-12,118632,Nippon India Large Cap Fund - Direct Plan Growth Plan - Growth Option,13.3458,Nippon India Mutual Fund,Equity Scheme - Large Cap Fund
2013-09-13,118632,Nippon India Large Cap Fund - Direct Plan Growth Plan - Growth Option,13.3653,Nippon India Mutual Fund,Equity Scheme - Large Cap Fund
2013-09-16,118632,Nippon India Large Cap Fund - Direct Plan Growth Plan - Growth Option,13.2876,Nippon India Mutual Fund,Equity Scheme - Large Cap Fund
2013-09-17,118632,Nippon India Large Cap Fund - Direct Plan Growth Plan - Growth Option,13.3498,Nippon India Mutual Fund,Equity Scheme - Large Cap Fund
2013-09-18,118632,Nippon India Large Cap Fund - Direct Plan Growth Plan - Growth Option,13.4428,Nippon India Mutual Fund,Equity Scheme - Large Cap Fund
2013-09-19,118632,Nippon India Large Cap Fund - Direct Plan Growth Plan - Growth Option,13.819,Nippon India Mutual Fund,Equity Scheme - Large Cap Fund
2013-09-20,118632,Nippon India Large Cap Fund - Direct Plan Growth Plan - Growth Option,13.6366,Nippon India Mutual Fund,Equity Scheme - Large Cap Fund
2013-09-23,118632,Nippon India Large Cap Fund - Direct Plan Growth Plan - Growth Option,13.408,Nippon India Mutual Fund,Equity Scheme - Large Cap Fund
2013-09-24,118632,Nippon India Large Cap Fund - Direct Plan Growth Plan - Growth Option,13.3638,Nippon India Mutual Fund,Equity Scheme - Large Cap Fund
2013-09-25,118632,Nippon India Large Cap Fund - Direct Plan Growth Plan - Growth Option,13.355,Nippon India Mutual Fund,Equity Scheme - Large Cap Fund
2013-09-26,118632,Nippon India Large Cap Fund - Direct Plan Growth Plan - Growth Option,13.3434,Nippon India Mutual Fund,Equity Scheme - Large Cap Fund
2013-09-27,118632,Nippon India Large Cap Fund - Direct Plan Growth Plan - Growth Option,13.2945,Nippon India Mutual Fund,Equity Scheme - Large Cap Fund
2013-09-30,118632,Nippon India Large Cap Fund - Direct Plan Growth Plan - Growth Option,13.1286,Nippon India Mutual Fund,Equity Scheme - Large Cap Fund
2013-10-01,118632,Nippon India Large Cap Fund - Direct Plan Growth Plan - Growth Option,13.2715,Nippon India Mutual Fund,Equity Scheme - Large Cap Fund
2013-10-03,118632,Nippon India Large Cap Fund - Direct Plan Growth Plan - Growth Option,13.5608,Nippon India Mutual Fund,Equity Scheme - Large Cap Fund
2013-10-04,118632,Nippon India Large Cap Fund - Direct Plan Growth Plan - Growth Option,13.5546,Nippon India Mutual Fund,Equity Scheme - Large Cap Fund
2013-10-07,118632,Nippon India Large Cap Fund - Direct Plan Growth Plan - Growth Option,13.6097,Nippon India Mutual Fund,Equity Scheme - Large Cap Fund
2013-10-08,118632,Nippon India Large Cap Fund - Direct Plan Growth Plan - Growth Option,13.6174,Nippon India Mutual Fund,Equity Scheme - Large Cap Fund
2013-10-09,118632,Nippon India Large Cap Fund - Direct Plan Growth Plan - Growth Option,13.7175,Nippon India Mutual Fund,Equity Scheme - Large Cap Fund
2013-10-10,118632,Nippon India Large Cap Fund - Direct Plan Growth Plan - Growth Option,13.7388,Nippon India Mutual Fund,Equity Scheme - Large Cap Fund
2013-10-11,118632,Nippon India Large Cap Fund - Direct Plan Growth Plan - Growth Option,13.9215,Nippon India Mutual Fund,Equity Scheme - Large Cap Fund
2013-10-14,118632,Nippon India Large Cap Fund - Direct Plan Growth Plan - Growth Option,13.9362,Nippon India Mutual Fund,Equity Scheme - Large Cap Fund
2013-10-15,118632,Nippon India Large Cap Fund - Direct Plan Growth Plan - Growth Option,13.8854,Nippon India Mutual Fund,Equity Scheme - Large Cap Fund
2013-10-17,118632,Nippon India Large Cap Fund - Direct Plan Growth Plan - Growth Option,13.7852,Nippon India Mutual Fund,Equity Scheme - Large Cap Fund
2013-10-18,118632,Nippon India Large Cap Fund - Direct Plan Growth Plan - Growth Option,14.0524,Nippon India Mutual Fund,Equity Scheme - Large Cap Fund
2013-10-21,118632,Nippon India Large Cap Fund - Direct Plan Growth Plan - Growth Option,14.1188,Nippon India Mutual Fund,Equity Scheme - Large Cap Fund
2013-10-22,118632,Nippon India Large Cap Fund - Direct Plan Growth Plan - Growth Option,14.115,Nippon India Mutual Fund,Equity Scheme - Large Cap Fund
2013-10-23,118632,Nippon India Large Cap Fund - Direct Plan Growth Plan - Growth Option,14.0597,Nippon India Mutual Fund,Equity Scheme - Large Cap Fund
2013-10-24,118632,Nippon India Large Cap Fund - Direct Plan Growth Plan - Growth Option,14.0033,Nippon India Mutual Fund,Equity Scheme - Large Cap Fund
2013-10-25,118632,Nippon India Large Cap Fund - Direct Plan Growth Plan - Growth Option,13.95,Nippon India Mutual Fund,Equity Scheme - Large Cap Fund
2013-10-28,118632,Nippon India Large Cap Fund - Direct Plan Growth Plan - Growth Option,13.8624,Nippon India Mutual Fund,Equity Scheme - Large Cap Fund
2013-10-29,118632,Nippon India Large Cap Fund - Direct Plan Growth Plan - Growth Option,14.119,Nippon India Mutual Fund,Equity Scheme - Large Cap Fund
2013-10-30,118632,Nippon India Large Cap Fund - Direct Plan Growth Plan - Growth Option,14.2056,Nippon India Mutual Fund,Equity Scheme - Large Cap Fund
2013-10-31,118632,Nippon India Large Cap Fund - Direct Plan Growth Plan - Growth Option,14.3413,Nippon India Mutual Fund,Equity Scheme - Large Cap Fund
2013-11-01,118632,Nippon India Large Cap Fund - Direct Plan Growth Plan - Growth Option,14.4273,Nippon India Mutual Fund,Equity Scheme - Large Cap Fund
2013-11-05,118632,Nippon India Large Cap Fund - Direct Plan Growth Plan - Growth Option,14.4377,Nippon India Mutual Fund,Equity Scheme - Large Cap Fund
2013-11-06,118632,Nippon India Large Cap Fund - Direct Plan Growth Plan - Growth Option,14.4002,Nippon India Mutual Fund,Equity Scheme - Large Cap Fund
2013-11-07,118632,Nippon India Large Cap Fund - Direct Plan Growth Plan - Growth Option,14.28,Nippon India Mutual Fund,Equity Scheme - Large Cap Fund
2013-11-08,118632,Nippon India Large Cap Fund - Direct Plan Growth Plan - Growth Option,14.182,Nippon India Mutual Fund,Equity Scheme - Large Cap Fund
2013-11-11,118632,Nippon India Large Cap Fund - Direct Plan Growth Plan - Growth Option,14.0904,Nippon India Mutual Fund,Equity Scheme - Large Cap Fund
2013-11-12,118632,Nippon India Large Cap Fund - Direct Plan Growth Plan - Growth Option,14.0191,Nippon India Mutual Fund,Equity Scheme - Large Cap Fund
2013-11-13,118632,Nippon India Large Cap Fund - Direct Plan Growth Plan - Growth Option,13.9225,Nippon India Mutual Fund,Equity Scheme - Large Cap Fund
2013-11-14,118632,Nippon India Large Cap Fund - Direct Plan Growth Plan - Growth Option,14.1196,Nippon India Mutual Fund,Equity Scheme - Large Cap Fund
2013-11-18,118632,Nippon India Large Cap Fund - Direct Plan Growth Plan - Growth Option,14.3228,Nippon India Mutual Fund,Equity Scheme - Large Cap Fund
2013-11-19,118632,Nippon India Large Cap Fund - Direct Plan Growth Plan - Growth Option,14.3778,Nippon India Mutual Fund,Equity Scheme - Large Cap Fund
2013-11-20,118632,Nippon India Large Cap Fund - Direct Plan Growth Plan - Growth Option,14.1819,Nippon India Mutual Fund,Equity Scheme - Large Cap Fund
2013-11-21,118632,Nippon India Large Cap Fund - Direct Plan Growth Plan - Growth Option,13.9415,Nippon India Mutual Fund,Equity Scheme - Large Cap Fund
2013-11-22,118632,Nippon India Large Cap Fund - Direct Plan Growth Plan - Growth Option,13.9552,Nippon India Mutual Fund,Equity Scheme - Large Cap Fund
2013-11-25,118632,Nippon India Large Cap Fund - Direct Plan Growth Plan - Growth Option,14.1929,Nippon India Mutual Fund,Equity Scheme - Large Cap Fund
2013-11-26,118632,Nippon India Large Cap Fund - Direct Plan Growth Plan - Growth Option,14.0636,Nippon India Mutual Fund,Equity Scheme - Large Cap Fund
2013-11-27,118632,Nippon India Large Cap Fund - Direct Plan Growth Plan - Growth Option,14.0241,Nippon India Mutual Fund,Equity Scheme - Large Cap Fund
2013-11-28,118632,Nippon India Large Cap Fund - Direct Plan Growth Plan - Growth Option,14.1461,Nippon India Mutual Fund,Equity Scheme - Large Cap Fund
2013-11-29,118632,Nippon India Large Cap Fund - Direct Plan Growth Plan - Growth Option,14.3277,Nippon India Mutual Fund,Equity Scheme - Large Cap Fund
2013-12-02,118632,Nippon India Large Cap Fund - Direct Plan Growth Plan - Growth Option,14.4415,Nippon India Mutual Fund,Equity Scheme - Large Cap Fund
2013-12-03,118632,Nippon India Large Cap Fund - Direct Plan Growth Plan - Growth Option,14.469,Nippon India Mutual Fund,Equity Scheme - Large Cap Fund
2013-12-04,118632,Nippon India Large Cap Fund - Direct Plan Growth Plan - Growth Option,14.408,Nippon India Mutual Fund,Equity Scheme - Large Cap Fund
2013-12-05,118632,Nippon India Large Cap Fund - Direct Plan Growth Plan - Growth Option,14.5651,Nippon India Mutual Fund,Equity Scheme - Large Cap Fund
2013-12-06,118632,Nippon India Large Cap Fund - Direct Plan Growth Plan - Growth Option,14.6049,Nippon India Mutual Fund,Equity Scheme - Large Cap Fund
2013-12-09,118632,Nippon India Large Cap Fund - Direct Plan Growth Plan - Growth Option,14.8292,Nippon India Mutual Fund,Equity Scheme - Large Cap Fund
2013-12-10,118632,Nippon India Large Cap Fund - Direct Plan Growth Plan - Growth Option,14.7766,Nippon India Mutual Fund,Equity Scheme - Large Cap Fund
2013-12-11,118632,Nippon India Large Cap Fund - Direct Plan Growth Plan - Growth Option,14.72,Nippon India Mutual Fund,Equity Scheme - Large Cap Fund
2013-12-12,118632,Nippon India Large Cap Fund - Direct Plan Growth Plan - Growth Option,14.6114,Nippon India Mutual Fund,Equity Scheme - Large Cap Fund
2013-12-13,118632,Nippon India Large Cap Fund - Direct Plan Growth Plan - Growth Option,14.4293,Nippon India Mutual Fund,Equity Scheme - Large Cap Fund
2013-12-16,118632,Nippon India Large Cap Fund - Direct Plan Growth Plan - Growth Option,14.5314,Nippon India Mutual Fund,Equity Scheme - Large Cap Fund
2013-12-17,118632,Nippon India Large Cap Fund - Direct Plan Growth Plan - Growth Option,14.5878,Nippon India Mutual Fund,Equity Scheme - Large Cap Fund
2013-12-18,118632,Nippon India Large Cap Fund - Direct Plan Growth Plan - Growth Option,14.7942,Nippon India Mutual Fund,Equity Scheme - Large Cap Fund
2013-12-19,118632,Nippon India Large Cap Fund - Direct Plan Growth Plan - Growth Option,14.7525,Nippon India Mutual Fund,Equity Scheme - Large Cap Fund
2013-12-20,118632,Nippon India Large Cap Fund - Direct Plan Growth Plan - Growth Option,14.9808,Nippon India Mutual Fund,Equity Scheme - Large Cap Fund
2013-12-23,118632,Nippon India Large Cap Fund - Direct Plan Growth Plan - Growth Option,15.0236,Nippon India Mutual Fund,Equity Scheme - Large Cap Fund
2013-12-24,118632,Nippon India Large Cap Fund - Direct Plan Growth Plan - Growth Option,15.0519,Nippon India Mutual Fund,Equity Scheme - Large Cap Fund
2013-12-26,118632,Nippon India Large Cap Fund - Direct Plan Growth Plan - Growth Option,15.0569,Nippon India Mutual Fund,Equity Scheme - Large Cap Fund
2013-12-27,118632,Nippon India Large Cap Fund - Direct Plan Growth Plan - Growth Option,15.1338,Nippon India Mutual Fund,Equity Scheme - Large Cap Fund
2013-12-30,118632,Nippon India Large Cap Fund - Direct Plan Growth Plan - Growth Option,15.058,Nippon India Mutual Fund,Equity Scheme - Large Cap Fund
2013-12-31,118632,Nippon India Large Cap Fund - Direct Plan Growth Plan - Growth Option,15.1634,Nippon India Mutual Fund,Equity Scheme - Large Cap Fund
2014-01-01,118632,Nippon India Large Cap Fund - Direct Plan Growth Plan - Growth Option,15.1641,Nippon India Mutual Fund,Equity Scheme - Large Cap Fund
2014-01-02,118632,Nippon India Large Cap Fund - Direct Plan Growth Plan - Growth Option,14.9258,Nippon India Mutual Fund,Equity Scheme - Large Cap Fund
2014-01-03,118632,Nippon India Large Cap Fund - Direct Plan Growth Plan - Growth Option,14.9541,Nippon India Mutual Fund,Equity Scheme - Large Cap Fund
2014-01-06,118632,Nippon India Large Cap Fund - Direct Plan Growth Plan - Growth Option,14.9235,Nippon India Mutual Fund,Equity Scheme - Large Cap Fund
2014-01-07,118632,Nippon India Large Cap Fund - Direct Plan Growth Plan - Growth Option,14.856,Nippon India Mutual Fund,Equity Scheme - Large Cap Fund
2014-01-08,118632,Nippon India Large Cap Fund - Direct Plan Growth Plan - Growth Option,14.8357,Nippon India Mutual Fund,Equity Scheme - Large Cap Fund
2014-01-09,118632,Nippon India Large Cap Fund - Direct Plan Growth Plan - Growth Option,14.7928,Nippon India Mutual Fund,Equity Scheme - Large Cap Fund
2014-01-10,118632,Nippon India Large Cap Fund - Direct Plan Growth Plan - Growth Option,14.7676,Nippon India Mutual Fund,Equity Scheme - Large Cap Fund
2014-01-13,118632,Nippon India Large Cap Fund - Direct Plan Growth Plan - Growth Option,14.9695,Nippon India Mutual Fund,Equity Scheme - Large Cap Fund
2014-01-14,118632,Nippon India Large Cap Fund - Direct Plan Growth Plan - Growth Option,14.8923,Nippon India Mutual Fund,Equity Scheme - Large Cap Fund
2014-01-15,118632,Nippon India Large Cap Fund - Direct Plan Growth Plan - Growth Option,15.0219,Nippon India Mutual Fund,Equity Scheme - Large Cap Fund
2014-01-16,118632,Nippon India Large Cap Fund - Direct Plan Growth Plan - Growth Option,15.0355,Nippon India Mutual Fund,Equity Scheme - Large Cap Fund
2014-01-17,118632,Nippon India Large Cap Fund - Direct Plan Growth Plan - Growth Option,14.8613,Nippon India Mutual Fund,Equity Scheme - Large Cap Fund
2014-01-20,118632,Nippon India Large Cap Fund - Direct Plan Growth Plan - Growth Option,15.0026,Nippon India Mutual Fund,Equity Scheme - Large Cap Fund
2014-01-21,118632,Nippon India Large Cap Fund - Direct Plan Growth Plan - Growth Option,15.0291,Nippon India Mutual Fund,Equity Scheme - Large Cap Fund
2014-01-22,118632,Nippon India Large Cap Fund - Direct Plan Growth Plan - Growth Option,15.111,Nippon India Mutual Fund,Equity Scheme - Large Cap Fund
2014-01-23,118632,Nippon India Large Cap Fund - Direct Plan Growth Plan - Growth Option,15.0994,Nippon India Mutual Fund,Equity Scheme - Large Cap Fund
2014-01-24,118632,Nippon India Large Cap Fund - Direct Plan Growth Plan - Growth Option,14.9307,Nippon India Mutual Fund,Equity Scheme - Large Cap Fund
2014-01-27,118632,Nippon India Large Cap Fund - Direct Plan Growth Plan - Growth Option,14.6153,Nippon India Mutual Fund,Equity Scheme - Large Cap Fund
2014-01-28,118632,Nippon India Large Cap Fund - Direct Plan Growth Plan - Growth Option,14.531,Nippon India Mutual Fund,Equity Scheme - Large Cap Fund
2014-01-29,118632,Nippon India Large Cap Fund - Direct Plan Growth Plan - Growth Option,14.5958,Nippon India Mutual Fund,Equity Scheme - Large Cap Fund
2014-01-30,118632,Nippon India Large Cap Fund - Direct Plan Growth Plan - Growth Option,14.4573,Nippon India Mutual Fund,Equity Scheme - Large Cap Fund
2014-01-31,118632,Nippon India Large Cap Fund - Direct Plan Growth Plan - Growth Option,14.6318,Nippon India Mutual Fund,Equity Scheme - Large Cap Fund
2014-02-03,118632,Nippon India Large Cap Fund - Direct Plan Growth Plan - Growth Option,14.4507,Nippon India Mutual Fund,Equity Scheme - Large Cap Fund
2014-02-04,118632,Nippon India Large Cap Fund - Direct Plan Growth Plan - Growth Option,14.465,Nippon India Mutual Fund,Equity Scheme - Large Cap Fund
2014-02-05,118632,Nippon India Large Cap Fund - Direct Plan Growth Plan - Growth Option,14.4861,Nippon India Mutual Fund,Equity Scheme - Large Cap Fund
2014-02-06,118632,Nippon India Large Cap Fund - Direct Plan Growth Plan - Growth Option,14.4906,Nippon India Mutual Fund,Equity Scheme - Large Cap Fund
2014-02-07,118632,Nippon India Large Cap Fund - Direct Plan Growth Plan - Growth Option,14.5266,Nippon India Mutual Fund,Equity Scheme - Large Cap Fund
2014-02-10,118632,Nippon India Large Cap Fund - Direct Plan Growth Plan - Growth Option,14.4875,Nippon India Mutual Fund,Equity Scheme - Large Cap Fund
2014-02-11,118632,Nippon India Large Cap Fund - Direct Plan Growth Plan - Growth Option,14.5698,Nippon India Mutual Fund,Equity Scheme - Large Cap Fund
2014-02-12,118632,Nippon India Large Cap Fund - Direct Plan Growth Plan - Growth Option,14.6409,Nippon India Mutual Fund,Equity Scheme - Large Cap Fund
2014-02-13,118632,Nippon India Large Cap Fund - Direct Plan Growth Plan - Growth Option,14.4582,Nippon India Mutual Fund,Equity Scheme - Large Cap Fund
2014-02-14,118632,Nippon India Large Cap Fund - Direct Plan Growth Plan - Growth Option,14.5321,Nippon India Mutual Fund,Equity Scheme - Large Cap Fund
2014-02-17,118632,Nippon India Large Cap Fund - Direct Plan Growth Plan - Growth Option,14.5667,Nippon India Mutual Fund,Equity Scheme - Large Cap Fund
2014-02-18,118632,Nippon India Large Cap Fund - Direct Plan Growth Plan - Growth Option,14.7053,Nippon India Mutual Fund,Equity Scheme - Large Cap Fund
2014-02-19,118632,Nippon India Large Cap Fund - Direct Plan Growth Plan - Growth Option,14.8192,Nippon India Mutual Fund,Equity Scheme - Large Cap Fund
2014-02-20,118632,Nippon India Large Cap Fund - Direct Plan Growth Plan - Growth Option,14.7635,Nippon India Mutual Fund,Equity Scheme - Large Cap Fund
2014-02-21,118632,Nippon India Large Cap Fund - Direct Plan Growth Plan - Growth Option,14.9225,Nippon India Mutual Fund,Equity Scheme - Large Cap Fund
2014-02-24,118632,Nippon India Large Cap Fund - Direct Plan Growth Plan - Growth Option,15.0174,Nippon India Mutual Fund,Equity Scheme - Large Cap Fund
2014-02-25,118632,Nippon India Large Cap Fund - Direct Plan Growth Plan - Growth Option,15.0578,Nippon India Mutual Fund,Equity Scheme - Large Cap Fund
2014-02-26,118632,Nippon India Large Cap Fund - Direct Plan Growth Plan - Growth Option,15.1423,Nippon India Mutual Fund,Equity Scheme - Large Cap Fund
2014-02-28,118632,Nippon India Large Cap Fund - Direct Plan Growth Plan - Growth Option,15.2367,Nippon India Mutual Fund,Equity Scheme - Large Cap Fund
2014-03-03,118632,Nippon India Large Cap Fund - Direct Plan Growth Plan - Growth Option,15.108,Nippon India Mutual Fund,Equity Scheme - Large Cap Fund
2014-03-04,118632,Nippon India Large Cap Fund - Direct Plan Growth Plan - Growth Option,15.3215,Nippon India Mutual Fund,Equity Scheme - Large Cap Fund
2014-03-05,118632,Nippon India Large Cap Fund - Direct Plan Growth Plan - Growth Option,15.4493,Nippon India Mutual Fund,Equity Scheme - Large Cap Fund
2014-03-06,118632,Nippon India Large Cap Fund - Direct Plan Growth Plan - Growth Option,15.624,Nippon India Mutual Fund,Equity Scheme - Large Cap Fund
2014-03-07,118632,Nippon India Large Cap Fund - Direct Plan Growth Plan - Growth Option,15.7893,Nippon India Mutual Fund,Equity Scheme - Large Cap Fund
2014-03-10,118632,Nippon India Large Cap Fund - Direct Plan Growth Plan - Growth Option,15.8336,Nippon India Mutual Fund,Equity Scheme - Large Cap Fund
2014-03-11,118632,Nippon India Large Cap Fund - Direct Plan Growth Plan - Growth Option,15.7797,Nippon India Mutual Fund,Equity Scheme - Large Cap Fund
2014-03-12,118632,Nippon India Large Cap Fund - Direct Plan Growth Plan - Growth Option,15.775,Nippon India Mutual Fund,Equity Scheme - Large Cap Fund
2014-03-13,118632,Nippon India Large Cap Fund - Direct Plan Growth Plan - Growth Option,15.7414,Nippon India Mutual Fund,Equity Scheme - Large Cap Fund
2014-03-14,118632,Nippon India Large Cap Fund - Direct Plan Growth Plan - Growth Option,15.7305,Nippon India Mutual Fund,Equity Scheme - Large Cap Fund
2014-03-18,118632,Nippon India Large Cap Fund - Direct Plan Growth Plan - Growth Option,15.856,Nippon India Mutual Fund,Equity Scheme - Large Cap Fund
2014-03-19,118632,Nippon India Large Cap Fund - Direct Plan Growth Plan - Growth Option,15.8849,Nippon India Mutual Fund,Equity Scheme - Large Cap Fund
2014-03-20,118632,Nippon India Large Cap Fund - Direct Plan Growth Plan - Growth Option,15.7631,Nippon India Mutual Fund,Equity Scheme - Large Cap Fund
2014-03-21,118632,Nippon India Large Cap Fund - Direct Plan Growth Plan - Growth Option,15.8077,Nippon India Mutual Fund,Equity Scheme - Large Cap Fund
2014-03-24,118632,Nippon India Large Cap Fund - Direct Plan Growth Plan - Growth Option,15.9637,Nippon India Mutual Fund,Equity Scheme - Large Cap Fund
2014-03-25,118632,Nippon India Large Cap Fund - Direct Plan Growth Plan - Growth Option,16.0131,Nippon India Mutual Fund,Equity Scheme - Large Cap Fund
2014-03-26,118632,Nippon India Large Cap Fund - Direct Plan Growth Plan - Growth Option,16.0209,Nippon India Mutual Fund,Equity Scheme - Large Cap Fund
2014-03-27,118632,Nippon India Large Cap Fund - Direct Plan Growth Plan - Growth Option,16.1047,Nippon India Mutual Fund,Equity Scheme - Large Cap Fund
2014-03-28,118632,Nippon India Large Cap Fund - Direct Plan Growth Plan - Growth Option,16.295,Nippon India Mutual Fund,Equity Scheme - Large Cap Fund
2014-03-31,118632,Nippon India Large Cap Fund - Direct Plan Growth Plan - Growth Option,16.4337,Nippon India Mutual Fund,Equity Scheme - Large Cap Fund
2014-04-01,118632,Nippon India Large Cap Fund - Direct Plan Growth Plan - Growth Option,16.3998,Nippon India Mutual Fund,Equity Scheme - Large Cap Fund
2014-04-02,118632,Nippon India Large Cap Fund - Direct Plan Growth Plan - Growth Option,16.5762,Nippon India Mutual Fund,Equity Scheme - Large Cap Fund
2014-04-03,118632,Nippon India Large Cap Fund - Direct Plan Growth Plan - Growth Option,16.5041,Nippon India Mutual Fund,Equity Scheme - Large Cap Fund
2014-04-04,118632,Nippon India Large Cap Fund - Direct Plan Growth Plan - Growth Option,16.4255,Nippon India Mutual Fund,Equity Scheme - Large Cap Fund
2014-04-07,118632,Nippon India Large Cap Fund - Direct Plan Growth Plan - Growth Option,16.4194,Nippon India Mutual Fund,Equity Scheme - Large Cap Fund
2014-04-09,118632,Nippon India Large Cap Fund - Direct Plan Growth Plan - Growth Option,16.636,Nippon India Mutual Fund,Equity Scheme - Large Cap Fund
2014-04-10,118632,Nippon India Large Cap Fund - Direct Plan Growth Plan - Growth Option,16.6791,Nippon India Mutual Fund,Equity Scheme - Large Cap Fund
2014-04-11,118632,Nippon India Large Cap Fund - Direct Plan Growth Plan - Growth Option,16.5678,Nippon India Mutual Fund,Equity Scheme - Large Cap Fund
2014-04-15,118632,Nippon India Large Cap Fund - Direct Plan Growth Plan - Growth Option,16.4793,Nippon India Mutual Fund,Equity Scheme - Large Cap Fund
2014-04-16,118632,Nippon India Large Cap Fund - Direct Plan Growth Plan - Growth Option,16.2824,Nippon India Mutual Fund,Equity Scheme - Large Cap Fund
2014-04-17,118632,Nippon India Large Cap Fund - Direct Plan Growth Plan - Growth Option,16.5079,Nippon India Mutual Fund,Equity Scheme - Large Cap Fund
2014-04-21,118632,Nippon India Large Cap Fund - Direct Plan Growth Plan - Growth Option,16.6546,Nippon India Mutual Fund,Equity Scheme - Large Cap Fund
2014-04-22,118632,Nippon India Large Cap Fund - Direct Plan Growth Plan - Growth Option,16.6901,Nippon India Mutual Fund,Equity Scheme - Large Cap Fund
2014-04-23,118632,Nippon India Large Cap Fund - Direct Plan Growth Plan - Growth Option,16.755,Nippon India Mutual Fund,Equity Scheme - Large Cap Fund
2014-04-25,118632,Nippon India Large Cap Fund - Direct Plan Growth Plan - Growth Option,16.6603,Nippon India Mutual Fund,Equity Scheme - Large Cap Fund
2014-04-28,118632,Nippon India Large Cap Fund - Direct Plan Growth Plan - Growth Option,16.643,Nippon India Mutual Fund,Equity Scheme - Large Cap Fund
2014-04-29,118632,Nippon India Large Cap Fund - Direct Plan Growth Plan - Growth Option,16.4949,Nippon India Mutual Fund,Equity Scheme - Large Cap Fund
2014-04-30,118632,Nippon India Large Cap Fund - Direct Plan Growth Plan - Growth Option,16.4493,Nippon India Mutual Fund,Equity Scheme - Large Cap Fund
2014-05-02,118632,Nippon India Large Cap Fund - Direct Plan Growth Plan - Growth Option,16.4055,Nippon India Mutual Fund,Equity Scheme - Large Cap Fund
2014-05-05,118632,Nippon India Large Cap Fund - Direct Plan Growth Plan - Growth Option,16.4094,Nippon India Mutual Fund,Equity Scheme - Large Cap Fund
2014-05-06,118632,Nippon India Large Cap Fund - Direct Plan Growth Plan - Growth Option,16.4314,Nippon India Mutual Fund,Equity Scheme - Large Cap Fund
2014-05-07,118632,Nippon India Large Cap Fund - Direct Plan Growth Plan - Growth Option,16.3084,Nippon India Mutual Fund,Equity Scheme - Large Cap Fund
2014-05-08,118632,Nippon India Large Cap Fund - Direct Plan Growth Plan - Growth Option,16.3463,Nippon India Mutual Fund,Equity Scheme - Large Cap Fund
2014-05-09,118632,Nippon India Large Cap Fund - Direct Plan Growth Plan - Growth Option,16.7704,Nippon India Mutual Fund,Equity Scheme - Large Cap Fund
2014-05-12,118632,Nippon India Large Cap Fund - Direct Plan Growth Plan - Growth Option,17.0811,Nippon India Mutual Fund,Equity Scheme - Large Cap Fund
2014-05-13,118632,Nippon India Large Cap Fund - Direct Plan Growth Plan - Growth Option,17.3691,Nippon India Mutual Fund,Equity Scheme - Large Cap Fund
2014-05-14,118632,Nippon India Large Cap Fund - Direct Plan Growth Plan - Growth Option,17.3858,Nippon India Mutual Fund,Equity Scheme - Large Cap Fund
2014-05-15,118632,Nippon India Large Cap Fund - Direct Plan Growth Plan - Growth Option,17.2971,Nippon India Mutual Fund,Equity Scheme - Large Cap Fund
2014-05-16,118632,Nippon India Large Cap Fund - Direct Plan Growth Plan - Growth Option,17.7003,Nippon India Mutual Fund,Equity Scheme - Large Cap Fund
2014-05-19,118632,Nippon India Large Cap Fund - Direct Plan Growth Plan - Growth Option,18.0749,Nippon India Mutual Fund,Equity Scheme - Large Cap Fund
2014-05-20,118632,Nippon India Large Cap Fund - Direct Plan Growth Plan - Growth Option,18.2096,Nippon India Mutual Fund,Equity Scheme - Large Cap Fund
2014-05-21,118632,Nippon India Large Cap Fund - Direct Plan Growth Plan - Growth Option,18.284,Nippon India Mutual Fund,Equity Scheme - Large Cap Fund
2014-05-22,118632,Nippon India Large Cap Fund - Direct Plan Growth Plan - Growth Option,18.4562,Nippon India Mutual Fund,Equity Scheme - Large Cap Fund
2014-05-23,118632,Nippon India Large Cap Fund - Direct Plan Growth Plan - Growth Option,18.7953,Nippon India Mutual Fund,Equity Scheme - Large Cap Fund
2014-05-26,118632,Nippon India Large Cap Fund - Direct Plan Growth Plan - Growth Option,18.7217,Nippon India Mutual Fund,Equity Scheme - Large Cap Fund
2014-05-27,118632,Nippon India Large Cap Fund - Direct Plan Growth Plan - Growth Option,18.6606,Nippon India Mutual Fund,Equity Scheme - Large Cap Fund
2014-05-28,118632,Nippon India Large Cap Fund - Direct Plan Growth Plan - Growth Option,18.7759,Nippon India Mutual Fund,Equity Scheme - Large Cap Fund
2014-05-29,118632,Nippon India Large Cap Fund - Direct Plan Growth Plan - Growth Option,18.5928,Nippon India Mutual Fund,Equity Scheme - Large Cap Fund
2014-05-30,118632,Nippon India Large Cap Fund - Direct Plan Growth Plan - Growth Option,18.4698,Nippon India Mutual Fund,Equity Scheme - Large Cap Fund
2014-06-02,118632,Nippon India Large Cap Fund - Direct Plan Growth Plan - Growth Option,18.8857,Nippon India Mutual Fund,Equity Scheme - Large Cap Fund
2014-06-03,118632,Nippon India Large Cap Fund - Direct Plan Growth Plan - Growth Option,18.9956,Nippon India Mutual Fund,Equity Scheme - Large Cap Fund
2014-06-04,118632,Nippon India Large Cap Fund - Direct Plan Growth Plan - Growth Option,19.0685,Nippon India Mutual Fund,Equity Scheme - Large Cap Fund
2014-06-05,118632,Nippon India Large Cap Fund - Direct Plan Growth Plan - Growth Option,19.3489,Nippon India Mutual Fund,Equity Scheme - Large Cap Fund
2014-06-06,118632,Nippon India Large Cap Fund - Direct Plan Growth Plan - Growth Option,19.5433,Nippon India Mutual Fund,Equity Scheme - Large Cap Fund
2014-06-09,118632,Nippon India Large Cap Fund - Direct Plan Growth Plan - Growth Option,19.765,Nippon India Mutual Fund,Equity Scheme - Large Cap Fund
2014-06-10,118632,Nippon India Large Cap Fund - Direct Plan Growth Plan - Growth Option,19.7891,Nippon India Mutual Fund,Equity Scheme - Large Cap Fund
2014-06-11,118632,Nippon India Large Cap Fund - Direct Plan Growth Plan - Growth Option,19.7583,Nippon India Mutual Fund,Equity Scheme - Large Cap Fund
2014-06-12,118632,Nippon India Large Cap Fund - Direct Plan Growth Plan - Growth Option,19.8035,Nippon India Mutual Fund,Equity Scheme - Large Cap Fund
2014-06-13,118632,Nippon India Large Cap Fund - Direct Plan Growth Plan - Growth Option,19.5601,Nippon India Mutual Fund,Equity Scheme - Large Cap Fund
2014-06-16,118632,Nippon India Large Cap Fund - Direct Plan Growth Plan - Growth Option,19.5086,Nippon India Mutual Fund,Equity Scheme - Large Cap Fund
2014-06-17,118632,Nippon India Large Cap Fund - Direct Plan Growth Plan - Growth Option,19.7723,Nippon India Mutual Fund,Equity Scheme - Large Cap Fund
2014-06-18,118632,Nippon India Large Cap Fund - Direct Plan Growth Plan - Growth Option,19.6428,Nippon India Mutual Fund,Equity Scheme - Large Cap Fund
2014-06-19,118632,Nippon India Large Cap Fund - Direct Plan Growth Plan - Growth Option,19.5007,Nippon India Mutual Fund,Equity Scheme - Large Cap Fund
2014-06-20,118632,Nippon India Large Cap Fund - Direct Plan Growth Plan - Growth Option,19.4017,Nippon India Mutual Fund,Equity Scheme - Large Cap Fund
2014-06-23,118632,Nippon India Large Cap Fund - Direct Plan Growth Plan - Growth Option,19.4828,Nippon India Mutual Fund,Equity Scheme - Large Cap Fund
2014-06-24,118632,Nippon India Large Cap Fund - Direct Plan Growth Plan - Growth Option,19.6679,Nippon India Mutual Fund,Equity Scheme - Large Cap Fund
2014-06-25,118632,Nippon India Large Cap Fund - Direct Plan Growth Plan - Growth Option,19.6921,Nippon India Mutual Fund,Equity Scheme - Large Cap Fund
2014-06-26,118632,Nippon India Large Cap Fund - Direct Plan Growth Plan - Growth Option,19.5981,Nippon India Mutual Fund,Equity Scheme - Large Cap Fund
2014-06-27,118632,Nippon India Large Cap Fund - Direct Plan Growth Plan - Growth Option,19.7392,Nippon India Mutual Fund,Equity Scheme - Large Cap Fund
2014-06-30,118632,Nippon India Large Cap Fund - Direct Plan Growth Plan - Growth Option,20.1124,Nippon India Mutual Fund,Equity Scheme - Large Cap Fund
2014-07-01,118632,Nippon India Large Cap Fund - Direct Plan Growth Plan - Growth Option,20.2354,Nippon India Mutual Fund,Equity Scheme - Large Cap Fund
2014-07-02,118632,Nippon India Large Cap Fund - Direct Plan Growth Plan - Growth Option,20.4426,Nippon India Mutual Fund,Equity Scheme - Large Cap Fund
2014-07-03,118632,Nippon India Large Cap Fund - Direct Plan Growth Plan - Growth Option,20.5302,Nippon India Mutual Fund,Equity Scheme - Large Cap Fund
2014-07-04,118632,Nippon India Large Cap Fund - Direct Plan Growth Plan - Growth Option,20.5459,Nippon India Mutual Fund,Equity Scheme - Large Cap Fund
2014-07-07,118632,Nippon India Large Cap Fund - Direct Plan Growth Plan - Growth Option,20.5836,Nippon India Mutual Fund,Equity Scheme - Large Cap Fund
2014-07-08,118632,Nippon India Large Cap Fund - Direct Plan Growth Plan - Growth Option,20.0262,Nippon India Mutual Fund,Equity Scheme - Large Cap Fund
2014-07-09,118632,Nippon India Large Cap Fund - Direct Plan Growth Plan - Growth Option,19.7643,Nippon India Mutual Fund,Equity Scheme - Large Cap Fund
2014-07-10,118632,Nippon India Large Cap Fund - Direct Plan Growth Plan - Growth Option,19.7887,Nippon India Mutual Fund,Equity Scheme - Large Cap Fund
2014-07-11,118632,Nippon India Large Cap Fund - Direct Plan Growth Plan - Growth Option,19.4787,Nippon India Mutual Fund,Equity Scheme - Large Cap Fund
2014-07-14,118632,Nippon India Large Cap Fund - Direct Plan Growth Plan - Growth Option,19.42,Nippon India Mutual Fund,Equity Scheme - Large Cap Fund
2014-07-15,118632,Nippon India Large Cap Fund - Direct Plan Growth Plan - Growth Option,19.7704,Nippon India Mutual Fund,Equity Scheme - Large Cap Fund
2014-07-16,118632,Nippon India Large Cap Fund - Direct Plan Growth Plan - Growth Option,20.0502,Nippon India Mutual Fund,Equity Scheme - Large Cap Fund
2014-07-17,118632,Nippon India Large Cap Fund - Direct Plan Growth Plan - Growth Option,20.13,Nippon India Mutual Fund,Equity Scheme - Large Cap Fund
2014-07-18,118632,Nippon India Large Cap Fund - Direct Plan Growth Plan - Growth Option,20.1216,Nippon India Mutual Fund,Equity Scheme - Large Cap Fund
2014-07-21,118632,Nippon India Large Cap Fund - Direct Plan Growth Plan - Growth Option,20.1456,Nippon India Mutual Fund,Equity Scheme - Large Cap Fund
2014-07-22,118632,Nippon India Large Cap Fund - Direct Plan Growth Plan - Growth Option,20.1828,Nippon India Mutual Fund,Equity Scheme - Large Cap Fund
2014-07-23,118632,Nippon India Large Cap Fund - Direct Plan Growth Plan - Growth Option,20.2631,Nippon India Mutual Fund,Equity Scheme - Large Cap Fund
2014-07-24,118632,Nippon India Large Cap Fund - Direct Plan Growth Plan - Growth Option,20.3446,Nippon India Mutual Fund,Equity Scheme - Large Cap Fund
2014-07-25,118632,Nippon India Large Cap Fund - Direct Plan Growth Plan - Growth Option,20.1615,Nippon India Mutual Fund,Equity Scheme - Large Cap Fund
2014-07-28,118632,Nippon India Large Cap Fund - Direct Plan Growth Plan - Growth Option,20.0988,Nippon India Mutual Fund,Equity Scheme - Large Cap Fund
2014-07-30,118632,Nippon India Large Cap Fund - Direct Plan Growth Plan - Growth Option,20.062,Nippon India Mutual Fund,Equity Scheme - Large Cap Fund
2014-07-31,118632,Nippon India Large Cap Fund - Direct Plan Growth Plan - Growth Option,19.9239,Nippon India Mutual Fund,Equity Scheme - Large Cap Fund
2014-08-01,118632,Nippon India Large Cap Fund - Direct Plan Growth Plan - Growth Option,19.7328,Nippon India Mutual Fund,Equity Scheme - Large Cap Fund
2014-08-04,118632,Nippon India Large Cap Fund - Direct Plan Growth Plan - Growth Option,20.0161,Nippon India Mutual Fund,Equity Scheme - Large Cap Fund
2014-08-05,118632,Nippon India Large Cap Fund - Direct Plan Growth Plan - Growth Option,20.1673,Nippon India Mutual Fund,Equity Scheme - Large Cap Fund
2014-08-06,118632,Nippon India Large Cap Fund - Direct Plan Growth Plan - Growth Option,20.0311,Nippon India Mutual Fund,Equity Scheme - Large Cap Fund
2014-08-07,118632,Nippon India Large Cap Fund - Direct Plan Growth Plan - Growth Option,19.9777,Nippon India Mutual Fund,Equity Scheme - Large Cap Fund
2014-08-08,118632,Nippon India Large Cap Fund - Direct Plan Growth Plan - Growth Option,19.6787,Nippon India Mutual Fund,Equity Scheme - Large Cap Fund
2014-08-11,118632,Nippon India Large Cap Fund - Direct Plan Growth Plan - Growth Option,19.7947,Nippon India Mutual Fund,Equity Scheme - Large Cap Fund
2014-08-12,118632,Nippon India Large Cap Fund - Direct Plan Growth Plan - Growth Option,19.9321,Nippon India Mutual Fund,Equity Scheme - Large Cap Fund
2014-08-13,118632,Nippon India Large Cap Fund - Direct Plan Growth Plan - Growth Option,19.9797,Nippon India Mutual Fund,Equity Scheme - Large Cap Fund
2014-08-14,118632,Nippon India Large Cap Fund - Direct Plan Growth Plan - Growth Option,20.0711,Nippon India Mutual Fund,Equity Scheme - Large Cap Fund
2014-08-18,118632,Nippon India Large Cap Fund - Direct Plan Growth Plan - Growth Option,20.3665,Nippon India Mutual Fund,Equity Scheme - Large Cap Fund
2014-08-19,118632,Nippon India Large Cap Fund - Direct Plan Growth Plan - Growth Option,20.5276,Nippon India Mutual Fund,Equity Scheme - Large Cap Fund
2014-08-20,118632,Nippon India Large Cap Fund - Direct Plan Growth Plan - Growth Option,20.5059,Nippon India Mutual Fund,Equity Scheme - Large Cap Fund
2014-08-21,118632,Nippon India Large Cap Fund - Direct Plan Growth Plan - Growth Option,20.6579,Nippon India Mutual Fund,Equity Scheme - Large Cap Fund
2014-08-22,118632,Nippon India Large Cap Fund - Direct Plan Growth Plan - Growth Option,20.7944,Nippon India Mutual Fund,Equity Scheme - Large Cap Fund
2014-08-25,118632,Nippon India Large Cap Fund - Direct Plan Growth Plan - Growth Option,20.7768,Nippon India Mutual Fund,Equity Scheme - Large Cap Fund
2014-08-26,118632,Nippon India Large Cap Fund - Direct Plan Growth Plan - Growth Option,20.714,Nippon India Mutual Fund,Equity Scheme - Large Cap Fund
2014-08-27,118632,Nippon India Large Cap Fund - Direct Plan Growth Plan - Growth Option,20.8028,Nippon India Mutual Fund,Equity Scheme - Large Cap Fund
2014-08-28,118632,Nippon India Large Cap Fund - Direct Plan Growth Plan - Growth Option,20.8633,Nippon India Mutual Fund,Equity Scheme - Large Cap Fund
2014-09-01,118632,Nippon India Large Cap Fund - Direct Plan Growth Plan - Growth Option,21.1961,Nippon India Mutual Fund,Equity Scheme - Large Cap Fund
2014-09-02,118632,Nippon India Large Cap Fund - Direct Plan Growth Plan - Growth Option,21.2769,Nippon India Mutual Fund,Equity Scheme - Large Cap Fund
2014-09-03,118632,Nippon India Large Cap Fund - Direct Plan Growth Plan - Growth Option,21.4935,Nippon India Mutual Fund,Equity Scheme - Large Cap Fund
2014-09-04,118632,Nippon India Large Cap Fund - Direct Plan Growth Plan - Growth Option,21.4261,Nippon India Mutual Fund,Equity Scheme - Large Cap Fund
2014-09-05,118632,Nippon India Large Cap Fund - Direct Plan Growth Plan - Growth Option,21.5339,Nippon India Mutual Fund,Equity Scheme - Large Cap Fund
2014-09-08,118632,Nippon India Large Cap Fund - Direct Plan Growth Plan - Growth Option,21.8269,Nippon India Mutual Fund,Equity Scheme - Large Cap Fund
2014-09-09,118632,Nippon India Large Cap Fund - Direct Plan Growth Plan - Growth Option,21.8095,Nippon India Mutual Fund,Equity Scheme - Large Cap Fund
2014-09-10,118632,Nippon India Large Cap Fund - Direct Plan Growth Plan - Growth Option,21.6806,Nippon India Mutual Fund,Equity Scheme - Large Cap Fund
2014-09-11,118632,Nippon India Large Cap Fund - Direct Plan Growth Plan - Growth Option,21.8595,Nippon India Mutual Fund,Equity Scheme - Large Cap Fund
2014-09-12,118632,Nippon India Large Cap Fund - Direct Plan Growth Plan - Growth Option,21.8769,Nippon India Mutual Fund,Equity Scheme - Large Cap Fund
2014-09-15,118632,Nippon India Large Cap Fund - Direct Plan Growth Plan - Growth Option,21.882,Nippon India Mutual Fund,Equity Scheme - Large Cap Fund
2014-09-16,118632,Nippon India Large Cap Fund - Direct Plan Growth Plan - Growth Option,21.3963,Nippon India Mutual Fund,Equity Scheme - Large Cap Fund
2014-09-17,118632,Nippon India Large Cap Fund - Direct Plan Growth Plan - Growth Option,21.4862,Nippon India Mutual Fund,Equity Scheme - Large Cap Fund
2014-09-18,118632,Nippon India Large Cap Fund - Direct Plan Growth Plan - Growth Option,21.9147,Nippon India Mutual Fund,Equity Scheme - Large Cap Fund
2014-09-19,118632,Nippon India Large Cap Fund - Direct Plan Growth Plan - Growth Option,21.8276,Nippon India Mutual Fund,Equity Scheme - Large Cap Fund
2014-09-22,118632,Nippon India Large Cap Fund - Direct Plan Growth Plan - Growth Option,21.8568,Nippon India Mutual Fund,Equity Scheme - Large Cap Fund
2014-09-23,118632,Nippon India Large Cap Fund - Direct Plan Growth Plan - Growth Option,21.5175,Nippon India Mutual Fund,Equity Scheme - Large Cap Fund
2014-09-24,118632,Nippon India Large Cap Fund - Direct Plan Growth Plan - Growth Option,21.3659,Nippon India Mutual Fund,Equity Scheme - Large Cap Fund
2014-09-25,118632,Nippon India Large Cap Fund - Direct Plan Growth Plan - Growth Option,21.0385,Nippon India Mutual Fund,Equity Scheme - Large Cap Fund
2014-09-26,118632,Nippon India Large Cap Fund - Direct Plan Growth Plan - Growth Option,21.3035,Nippon India Mutual Fund,Equity Scheme - Large Cap Fund
2014-09-29,118632,Nippon India Large Cap Fund - Direct Plan Growth Plan - Growth Option,21.3504,Nippon India Mutual Fund,Equity Scheme - Large Cap Fund
2014-09-30,118632,Nippon India Large Cap Fund - Direct Plan Growth Plan - Growth Option,21.3925,Nippon India Mutual Fund,Equity Scheme - Large Cap Fund
2014-10-01,118632,Nippon India Large Cap Fund - Direct Plan Growth Plan - Growth Option,21.2853,Nippon India Mutual Fund,Equity Scheme - Large Cap Fund
2014-10-07,118632,Nippon India Large Cap Fund - Direct Plan Growth Plan - Growth Option,21.0501,Nippon India Mutual Fund,Equity Scheme - Large Cap Fund
2014-10-08,118632,Nippon India Large Cap Fund - Direct Plan Growth Plan - Growth Option,20.9858,Nippon India Mutual Fund,Equity Scheme - Large Cap Fund
2014-10-09,118632,Nippon India Large Cap Fund - Direct Plan Growth Plan - Growth Option,21.3712,Nippon India Mutual Fund,Equity Scheme - Large Cap Fund
2014-10-10,118632,Nippon India Large Cap Fund - Direct Plan Growth Plan - Growth Option,21.1257,Nippon India Mutual Fund,Equity Scheme - Large Cap Fund
2014-10-13,118632,Nippon India Large Cap Fund - Direct Plan Growth Plan - Growth Option,21.2817,Nippon India Mutual Fund,Equity Scheme - Large Cap Fund
2014-10-14,118632,Nippon India Large Cap Fund - Direct Plan Growth Plan - Growth Option,21.2408,Nippon India Mutual Fund,Equity Scheme - Large Cap Fund
2014-10-16,118632,Nippon India Large Cap Fund - Direct Plan Growth Plan - Growth Option,20.9038,Nippon India Mutual Fund,Equity Scheme - Large Cap Fund
2014-10-17,118632,Nippon India Large Cap Fund - Direct Plan Growth Plan - Growth Option,21.0171,Nippon India Mutual Fund,Equity Scheme - Large Cap Fund
2014-10-20,118632,Nippon India Large Cap Fund - Direct Plan Growth Plan - Growth Option,21.353,Nippon India Mutual Fund,Equity Scheme - Large Cap Fund
2014-10-21,118632,Nippon India Large Cap Fund - Direct Plan Growth Plan - Growth Option,21.5918,Nippon India Mutual Fund,Equity Scheme - Large Cap Fund
2014-10-22,118632,Nippon India Large Cap Fund - Direct Plan Growth Plan - Growth Option,21.8551,Nippon India Mutual Fund,Equity Scheme - Large Cap Fund
2014-10-27,118632,Nippon India Large Cap Fund - Direct Plan Growth Plan - Growth Option,21.8616,Nippon India Mutual Fund,Equity Scheme - Large Cap Fund
2014-10-28,118632,Nippon India Large Cap Fund - Direct Plan Growth Plan - Growth Option,21.996,Nippon India Mutual Fund,Equity Scheme - Large Cap Fund
2014-10-29,118632,Nippon India Large Cap Fund - Direct Plan Growth Plan - Growth Option,22.1388,Nippon India Mutual Fund,Equity Scheme - Large Cap Fund
2014-10-30,118632,Nippon India Large Cap Fund - Direct Plan Growth Plan - Growth Option,22.347,Nippon India Mutual Fund,Equity Scheme - Large Cap Fund
2014-10-31,118632,Nippon India Large Cap Fund - Direct Plan Growth Plan - Growth Option,22.7578,Nippon India Mutual Fund,Equity Scheme - Large Cap Fund
2014-11-03,118632,Nippon India Large Cap Fund - Direct Plan Growth Plan - Growth Option,22.7017,Nippon India Mutual Fund,Equity Scheme - Large Cap Fund
2014-11-05,118632,Nippon India Large Cap Fund - Direct Plan Growth Plan - Growth Option,22.794,Nippon India Mutual Fund,Equity Scheme - Large Cap Fund
2014-11-07,118632,Nippon India Large Cap Fund - Direct Plan Growth Plan - Growth Option,22.8806,Nippon India Mutual Fund,Equity Scheme - Large Cap Fund
2014-11-10,118632,Nippon India Large Cap Fund - Direct Plan Growth Plan - Growth Option,22.8659,Nippon India Mutual Fund,Equity Scheme - Large Cap Fund
2014-11-11,118632,Nippon India Large Cap Fund - Direct Plan Growth Plan - Growth Option,23.0631,Nippon India Mutual Fund,Equity Scheme - Large Cap Fund
2014-11-12,118632,Nippon India Large Cap Fund - Direct Plan Growth Plan - Growth Option,23.1128,Nippon India Mutual Fund,Equity Scheme - Large Cap Fund
2014-11-13,118632,Nippon India Large Cap Fund - Direct Plan Growth Plan - Growth Option,23.0467,Nippon India Mutual Fund,Equity Scheme - Large Cap Fund
2014-11-14,118632,Nippon India Large Cap Fund - Direct Plan Growth Plan - Growth Option,23.1963,Nippon India Mutual Fund,Equity Scheme - Large Cap Fund
2014-11-17,118632,Nippon India Large Cap Fund - Direct Plan Growth Plan - Growth Option,23.3364,Nippon India Mutual Fund,Equity Scheme - Large Cap Fund
2014-11-18,118632,Nippon India Large Cap Fund - Direct Plan Growth Plan - Growth Option,23.4951,Nippon India Mutual Fund,Equity Scheme - Large Cap Fund
2014-11-19,118632,Nippon India Large Cap Fund - Direct Plan Growth Plan - Growth Option,23.3673,Nippon India Mutual Fund,Equity Scheme - Large Cap Fund
2014-11-20,118632,Nippon India Large Cap Fund - Direct Plan Growth Plan - Growth Option,23.3456,Nippon India Mutual Fund,Equity Scheme - Large Cap Fund
2014-11-21,118632,Nippon India Large Cap Fund - Direct Plan Growth Plan - Growth Option,23.5458,Nippon India Mutual Fund,Equity Scheme - Large Cap Fund
2014-11-24,118632,Nippon India Large Cap Fund - Direct Plan Growth Plan - Growth Option,23.6832,Nippon India Mutual Fund,Equity Scheme - Large Cap Fund
2014-11-25,118632,Nippon India Large Cap Fund - Direct Plan Growth Plan - Growth Option,23.5233,Nippon India Mutual Fund,Equity Scheme - Large Cap Fund
2014-11-26,118632,Nippon India Large Cap Fund - Direct Plan Growth Plan - Growth Option,23.5148,Nippon India Mutual Fund,Equity Scheme - Large Cap Fund
2014-11-27,118632,Nippon India Large Cap Fund - Direct Plan Growth Plan - Growth Option,23.601,Nippon India Mutual Fund,Equity Scheme - Large Cap Fund
2014-11-28,118632,Nippon India Large Cap Fund - Direct Plan Growth Plan - Growth Option,23.9915,Nippon India Mutual Fund,Equity Scheme - Large Cap Fund
2014-12-01,118632,Nippon India Large Cap Fund - Direct Plan Growth Plan - Growth Option,24.0141,Nippon India Mutual Fund,Equity Scheme - Large Cap Fund
2014-12-02,118632,Nippon India Large Cap Fund - Direct Plan Growth Plan - Growth Option,23.9993,Nippon India Mutual Fund,Equity Scheme - Large Cap Fund
2014-12-03,118632,Nippon India Large Cap Fund - Direct Plan Growth Plan - Growth Option,24.2533,Nippon India Mutual Fund,Equity Scheme - Large Cap Fund
2014-12-04,118632,Nippon India Large Cap Fund - Direct Plan Growth Plan - Growth Option,24.3271,Nippon India Mutual Fund,Equity Scheme - Large Cap Fund
2014-12-05,118632,Nippon India Large Cap Fund - Direct Plan Growth Plan - Growth Option,24.1536,Nippon India Mutual Fund,Equity Scheme - Large Cap Fund
2014-12-08,118632,Nippon India Large Cap Fund - Direct Plan Growth Plan - Growth Option,23.7779,Nippon India Mutual Fund,Equity Scheme - Large Cap Fund
2014-12-09,118632,Nippon India Large Cap Fund - Direct Plan Growth Plan - Growth Option,23.4637,Nippon India Mutual Fund,Equity Scheme - Large Cap Fund
2014-12-10,118632,Nippon India Large Cap Fund - Direct Plan Growth Plan - Growth Option,23.5379,Nippon India Mutual Fund,Equity Scheme - Large Cap Fund
2014-12-11,118632,Nippon India Large Cap Fund - Direct Plan Growth Plan - Growth Option,23.4096,Nippon India Mutual Fund,Equity Scheme - Large Cap Fund
2014-12-12,118632,Nippon India Large Cap Fund - Direct Plan Growth Plan - Growth Option,23.2532,Nippon India Mutual Fund,Equity Scheme - Large Cap Fund
2014-12-15,118632,Nippon India Large Cap Fund - Direct Plan Growth Plan - Growth Option,23.1125,Nippon India Mutual Fund,Equity Scheme - Large Cap Fund
2014-12-16,118632,Nippon India Large Cap Fund - Direct Plan Growth Plan - Growth Option,22.6709,Nippon India Mutual Fund,Equity Scheme - Large Cap Fund
2014-12-17,118632,Nippon India Large Cap Fund - Direct Plan Growth Plan - Growth Option,22.5613,Nippon India Mutual Fund,Equity Scheme - Large Cap Fund
2014-12-18,118632,Nippon India Large Cap Fund - Direct Plan Growth Plan - Growth Option,23.0164,Nippon India Mutual Fund,Equity Scheme - Large Cap Fund
2014-12-19,118632,Nippon India Large Cap Fund - Direct Plan Growth Plan - Growth Option,23.1536,Nippon India Mutual Fund,Equity Scheme - Large Cap Fund
2014-12-22,118632,Nippon India Large Cap Fund - Direct Plan Growth Plan - Growth Option,23.3659,Nippon India Mutual Fund,Equity Scheme - Large Cap Fund
2014-12-23,118632,Nippon India Large Cap Fund - Direct Plan Growth Plan - Growth Option,23.2479,Nippon India Mutual Fund,Equity Scheme - Large Cap Fund
2014-12-24,118632,Nippon India Large Cap Fund - Direct Plan Growth Plan - Growth Option,23.1541,Nippon India Mutual Fund,Equity Scheme - Large Cap Fund
2014-12-26,118632,Nippon India Large Cap Fund - Direct Plan Growth Plan - Growth Option,23.2489,Nippon India Mutual Fund,Equity Scheme - Large Cap Fund
2014-12-29,118632,Nippon India Large Cap Fund - Direct Plan Growth Plan - Growth Option,23.4536,Nippon India Mutual Fund,Equity Scheme - Large Cap Fund
2014-12-30,118632,Nippon India Large Cap Fund - Direct Plan Growth Plan - Growth Option,23.5498,Nippon India Mutual Fund,Equity Scheme - Large Cap Fund
2014-12-31,118632,Nippon India Large Cap Fund - Direct Plan Growth Plan - Growth Option,23.6095,Nippon India Mutual Fund,Equity Scheme - Large Cap Fund
2015-01-01,118632,Nippon India Large Cap Fund - Direct Plan Growth Plan - Growth Option,23.6528,Nippon India Mutual Fund,Equity Scheme - Large Cap Fund
2015-01-02,118632,Nippon India Large Cap Fund - Direct Plan Growth Plan - Growth Option,23.8685,Nippon India Mutual Fund,Equity Scheme - Large Cap Fund
2015-01-05,118632,Nippon India Large Cap Fund - Direct Plan Growth Plan - Growth Option,23.9306,Nippon India Mutual Fund,Equity Scheme - Large Cap Fund
2015-01-06,118632,Nippon India Large Cap Fund - Direct Plan Growth Plan - Growth Option,23.2978,Nippon India Mutual Fund,Equity Scheme - Large Cap Fund
2015-01-07,118632,Nippon India Large Cap Fund - Direct Plan Growth Plan - Growth Option,23.1888,Nippon India Mutual Fund,Equity Scheme - Large Cap Fund
2015-01-08,118632,Nippon India Large Cap Fund - Direct Plan Growth Plan - Growth Option,23.5557,Nippon India Mutual Fund,Equity Scheme - Large Cap Fund
2015-01-09,118632,Nippon India Large Cap Fund - Direct Plan Growth Plan - Growth Option,23.6919,Nippon India Mutual Fund,Equity Scheme - Large Cap Fund
2015-01-12,118632,Nippon India Large Cap Fund - Direct Plan Growth Plan - Growth Option,23.8558,Nippon India Mutual Fund,Equity Scheme - Large Cap Fund
2015-01-13,118632,Nippon India Large Cap Fund - Direct Plan Growth Plan - Growth Option,23.8283,Nippon India Mutual Fund,Equity Scheme - Large Cap Fund
2015-01-14,118632,Nippon India Large Cap Fund - Direct Plan Growth Plan - Growth Option,23.7675,Nippon India Mutual Fund,Equity Scheme - Large Cap Fund
2015-01-15,118632,Nippon India Large Cap Fund - Direct Plan Growth Plan - Growth Option,24.2222,Nippon India Mutual Fund,Equity Scheme - Large Cap Fund
2015-01-16,118632,Nippon India Large Cap Fund - Direct Plan Growth Plan - Growth Option,24.317,Nippon India Mutual Fund,Equity Scheme - Large Cap Fund
2015-01-19,118632,Nippon India Large Cap Fund - Direct Plan Growth Plan - Growth Option,24.5131,Nippon India Mutual Fund,Equity Scheme - Large Cap Fund
2015-01-20,118632,Nippon India Large Cap Fund - Direct Plan Growth Plan - Growth Option,24.6911,Nippon India Mutual Fund,Equity Scheme - Large Cap Fund
2015-01-21,118632,Nippon India Large Cap Fund - Direct Plan Growth Plan - Growth Option,24.7599,Nippon India Mutual Fund,Equity Scheme - Large Cap Fund
2015-01-22,118632,Nippon India Large Cap Fund - Direct Plan Growth Plan - Growth Option,24.8819,Nippon India Mutual Fund,Equity Scheme - Large Cap Fund
2015-01-23,118632,Nippon India Large Cap Fund - Direct Plan Growth Plan - Growth Option,25.0677,Nippon India Mutual Fund,Equity Scheme - Large Cap Fund
2015-01-27,118632,Nippon India Large Cap Fund - Direct Plan Growth Plan - Growth Option,25.3339,Nippon India Mutual Fund,Equity Scheme - Large Cap Fund
2015-01-28,118632,Nippon India Large Cap Fund - Direct Plan Growth Plan - Growth Option,25.421,Nippon India Mutual Fund,Equity Scheme - Large Cap Fund
2015-01-29,118632,Nippon India Large Cap Fund - Direct Plan Growth Plan - Growth Option,25.385,Nippon India Mutual Fund,Equity Scheme - Large Cap Fund
2015-01-30,118632,Nippon India Large Cap Fund - Direct Plan Growth Plan - Growth Option,25.0624,Nippon India Mutual Fund,Equity Scheme - Large Cap Fund
2015-02-02,118632,Nippon India Large Cap Fund - Direct Plan Growth Plan - Growth Option,25.1129,Nippon India Mutual Fund,Equity Scheme - Large Cap Fund
2015-02-03,118632,Nippon India Large Cap Fund - Direct Plan Growth Plan - Growth Option,25.0832,Nippon India Mutual Fund,Equity Scheme - Large Cap Fund
2015-02-04,118632,Nippon India Large Cap Fund - Direct Plan Growth Plan - Growth Option,24.9246,Nippon India Mutual Fund,Equity Scheme - Large Cap Fund
2015-02-05,118632,Nippon India Large Cap Fund - Direct Plan Growth Plan - Growth Option,24.8215,Nippon India Mutual Fund,Equity Scheme - Large Cap Fund
2015-02-06,118632,Nippon India Large Cap Fund - Direct Plan Growth Plan - Growth Option,24.5556,Nippon India Mutual Fund,Equity Scheme - Large Cap Fund
2015-02-09,118632,Nippon India Large Cap Fund - Direct Plan Growth Plan - Growth Option,24.2059,Nippon India Mutual Fund,Equity Scheme - Large Cap Fund
2015-02-10,118632,Nippon India Large Cap Fund - Direct Plan Growth Plan - Growth Option,24.3834,Nippon India Mutual Fund,Equity Scheme - Large Cap Fund
2015-02-11,118632,Nippon India Large Cap Fund - Direct Plan Growth Plan - Growth Option,24.5886,Nippon India Mutual Fund,Equity Scheme - Large Cap Fund
2015-02-12,118632,Nippon India Large Cap Fund - Direct Plan Growth Plan - Growth Option,24.9342,Nippon India Mutual Fund,Equity Scheme - Large Cap Fund
2015-02-13,118632,Nippon India Large Cap Fund - Direct Plan Growth Plan - Growth Option,25.2094,Nippon India Mutual Fund,Equity Scheme - Large Cap Fund
2015-02-16,118632,Nippon India Large Cap Fund - Direct Plan Growth Plan - Growth Option,25.142,Nippon India Mutual Fund,Equity Scheme - Large Cap Fund
2015-02-18,118632,Nippon India Large Cap Fund - Direct Plan Growth Plan - Growth Option,25.3552,Nippon India Mutual Fund,Equity Scheme - Large Cap Fund
2015-02-19,118632,Nippon India Large Cap Fund - Direct Plan Growth Plan - Growth Option,25.4505,Nippon India Mutual Fund,Equity Scheme - Large Cap Fund
2015-02-20,118632,Nippon India Large Cap Fund - Direct Plan Growth Plan - Growth Option,25.3486,Nippon India Mutual Fund,Equity Scheme - Large Cap Fund
2015-02-23,118632,Nippon India Large Cap Fund - Direct Plan Growth Plan - Growth Option,25.1001,Nippon India Mutual Fund,Equity Scheme - Large Cap Fund
2015-02-24,118632,Nippon India Large Cap Fund - Direct Plan Growth Plan - Growth Option,25.0551,Nippon India Mutual Fund,Equity Scheme - Large Cap Fund
2015-02-25,118632,Nippon India Large Cap Fund - Direct Plan Growth Plan - Growth Option,25.0647,Nippon India Mutual Fund,Equity Scheme - Large Cap Fund
2015-02-26,118632,Nippon India Large Cap Fund - Direct Plan Growth Plan - Growth Option,24.7007,Nippon India Mutual Fund,Equity Scheme - Large Cap Fund
2015-02-27,118632,Nippon India Large Cap Fund - Direct Plan Growth Plan - Growth Option,25.1922,Nippon India Mutual Fund,Equity Scheme - Large Cap Fund
2015-03-02,118632,Nippon India Large Cap Fund - Direct Plan Growth Plan - Growth Option,25.8113,Nippon India Mutual Fund,Equity Scheme - Large Cap Fund
2015-03-03,118632,Nippon India Large Cap Fund - Direct Plan Growth Plan - Growth Option,25.8821,Nippon India Mutual Fund,Equity Scheme - Large Cap Fund
2015-03-04,118632,Nippon India Large Cap Fund - Direct Plan Growth Plan - Growth Option,25.7662,Nippon India Mutual Fund,Equity Scheme - Large Cap Fund
2015-03-05,118632,Nippon India Large Cap Fund - Direct Plan Growth Plan - Growth Option,25.7857,Nippon India Mutual Fund,Equity Scheme - Large Cap Fund
2015-03-09,118632,Nippon India Large Cap Fund - Direct Plan Growth Plan - Growth Option,25.3653,Nippon India Mutual Fund,Equity Scheme - Large Cap Fund
2015-03-10,118632,Nippon India Large Cap Fund - Direct Plan Growth Plan - Growth Option,25.2727,Nippon India Mutual Fund,Equity Scheme - Large Cap Fund
2015-03-11,118632,Nippon India Large Cap Fund - Direct Plan Growth Plan - Growth Option,25.1691,Nippon India Mutual Fund,Equity Scheme - Large Cap Fund
2015-03-12,118632,Nippon India Large Cap Fund - Direct Plan Growth Plan - Growth Option,25.4292,Nippon India Mutual Fund,Equity Scheme - Large Cap Fund
2015-03-13,118632,Nippon India Large Cap Fund - Direct Plan Growth Plan - Growth Option,24.9985,Nippon India Mutual Fund,Equity Scheme - Large Cap Fund
2015-03-16,118632,Nippon India Large Cap Fund - Direct Plan Growth Plan - Growth Option,24.9966,Nippon India Mutual Fund,Equity Scheme - Large Cap Fund
2015-03-17,118632,Nippon India Large Cap Fund - Direct Plan Growth Plan - Growth Option,25.2614,Nippon India Mutual Fund,Equity Scheme - Large Cap Fund
2015-03-18,118632,Nippon India Large Cap Fund - Direct Plan Growth Plan - Growth Option,25.1868,Nippon India Mutual Fund,Equity Scheme - Large Cap Fund
2015-03-19,118632,Nippon India Large Cap Fund - Direct Plan Growth Plan - Growth Option,25.0654,Nippon India Mutual Fund,Equity Scheme - Large Cap Fund
2015-03-20,118632,Nippon India Large Cap Fund - Direct Plan Growth Plan - Growth Option,24.8457,Nippon India Mutual Fund,Equity Scheme - Large Cap Fund
2015-03-23,118632,Nippon India Large Cap Fund - Direct Plan Growth Plan - Growth Option,24.6014,Nippon India Mutual Fund,Equity Scheme - Large Cap Fund
2015-03-24,118632,Nippon India Large Cap Fund - Direct Plan Growth Plan - Growth Option,24.5289,Nippon India Mutual Fund,Equity Scheme - Large Cap Fund
2015-03-25,118632,Nippon India Large Cap Fund - Direct Plan Growth Plan - Growth Option,24.601,Nippon India Mutual Fund,Equity Scheme - Large Cap Fund
2015-03-26,118632,Nippon India Large Cap Fund - Direct Plan Growth Plan - Growth Option,24.1744,Nippon India Mutual Fund,Equity Scheme - Large Cap Fund
2015-03-27,118632,Nippon India Large Cap Fund - Direct Plan Growth Plan - Growth Option,24.2816,Nippon India Mutual Fund,Equity Scheme - Large Cap Fund
2015-03-30,118632,Nippon India Large Cap Fund - Direct Plan Growth Plan - Growth Option,24.7205,Nippon India Mutual Fund,Equity Scheme - Large Cap Fund
2015-03-31,118632,Nippon India Large Cap Fund - Direct Plan Growth Plan - Growth Option,24.8173,Nippon India Mutual Fund,Equity Scheme - Large Cap Fund
2015-04-01,118632,Nippon India Large Cap Fund - Direct Plan Growth Plan - Growth Option,24.9774,Nippon India Mutual Fund,Equity Scheme - Large Cap Fund
2015-04-06,118632,Nippon India Large Cap Fund - Direct Plan Growth Plan - Growth Option,25.1357,Nippon India Mutual Fund,Equity Scheme - Large Cap Fund
2015-04-07,118632,Nippon India Large Cap Fund - Direct Plan Growth Plan - Growth Option,25.0988,Nippon India Mutual Fund,Equity Scheme - Large Cap Fund
2015-04-08,118632,Nippon India Large Cap Fund - Direct Plan Growth Plan - Growth Option,25.3594,Nippon India Mutual Fund,Equity Scheme - Large Cap Fund
2015-04-09,118632,Nippon India Large Cap Fund - Direct Plan Growth Plan - Growth Option,25.4355,Nippon India Mutual Fund,Equity Scheme - Large Cap Fund
2015-04-10,118632,Nippon India Large Cap Fund - Direct Plan Growth Plan - Growth Option,25.4342,Nippon India Mutual Fund,Equity Scheme - Large Cap Fund
2015-04-13,118632,Nippon India Large Cap Fund - Direct Plan Growth Plan - Growth Option,25.4607,Nippon India Mutual Fund,Equity Scheme - Large Cap Fund
2015-04-15,118632,Nippon India Large Cap Fund - Direct Plan Growth Plan - Growth Option,25.2197,Nippon India Mutual Fund,Equity Scheme - Large Cap Fund
2015-04-16,118632,Nippon India Large Cap Fund - Direct Plan Growth Plan - Growth Option,25.0457,Nippon India Mutual Fund,Equity Scheme - Large Cap Fund
2015-04-17,118632,Nippon India Large Cap Fund - Direct Plan Growth Plan - Growth Option,24.7472,Nippon India Mutual Fund,Equity Scheme - Large Cap Fund
2015-04-20,118632,Nippon India Large Cap Fund - Direct Plan Growth Plan - Growth Option,24.3175,Nippon India Mutual Fund,Equity Scheme - Large Cap Fund
2015-04-21,118632,Nippon India Large Cap Fund - Direct Plan Growth Plan - Growth Option,24.2302,Nippon India Mutual Fund,Equity Scheme - Large Cap Fund
2015-04-22,118632,Nippon India Large Cap Fund - Direct Plan Growth Plan - Growth Option,24.2623,Nippon India Mutual Fund,Equity Scheme - Large Cap Fund
2015-04-23,118632,Nippon India Large Cap Fund - Direct Plan Growth Plan - Growth Option,24.1274,Nippon India Mutual Fund,Equity Scheme - Large Cap Fund
2015-04-24,118632,Nippon India Large Cap Fund - Direct Plan Growth Plan - Growth Option,23.807,Nippon India Mutual Fund,Equity Scheme - Large Cap Fund
2015-04-27,118632,Nippon India Large Cap Fund - Direct Plan Growth Plan - Growth Option,23.6176,Nippon India Mutual Fund,Equity Scheme - Large Cap Fund
2015-04-28,118632,Nippon India Large Cap Fund - Direct Plan Growth Plan - Growth Option,23.9604,Nippon India Mutual Fund,Equity Scheme - Large Cap Fund
2015-04-29,118632,Nippon India Large Cap Fund - Direct Plan Growth Plan - Growth Option,23.9581,Nippon India Mutual Fund,Equity Scheme - Large Cap Fund
2015-04-30,118632,Nippon India Large Cap Fund - Direct Plan Growth Plan - Growth Option,23.8871,Nippon India Mutual Fund,Equity Scheme - Large Cap Fund
2015-05-04,118632,Nippon India Large Cap Fund - Direct Plan Growth Plan - Growth Option,24.2991,Nippon India Mutual Fund,Equity Scheme - Large Cap Fund
2015-05-05,118632,Nippon India Large Cap Fund - Direct Plan Growth Plan - Growth Option,24.2251,Nippon India Mutual Fund,Equity Scheme - Large Cap Fund
2015-05-06,118632,Nippon India Large Cap Fund - Direct Plan Growth Plan - Growth Option,23.4804,Nippon India Mutual Fund,Equity Scheme - Large Cap Fund
2015-05-07,118632,Nippon India Large Cap Fund - Direct Plan Growth Plan - Growth Option,23.2601,Nippon India Mutual Fund,Equity Scheme - Large Cap Fund
2015-05-08,118632,Nippon India Large Cap Fund - Direct Plan Growth Plan - Growth Option,23.5699,Nippon India Mutual Fund,Equity Scheme - Large Cap Fund
2015-05-11,118632,Nippon India Large Cap Fund - Direct Plan Growth Plan - Growth Option,23.9045,Nippon India Mutual Fund,Equity Scheme - Large Cap Fund
2015-05-12,118632,Nippon India Large Cap Fund - Direct Plan Growth Plan - Growth Option,23.3741,Nippon India Mutual Fund,Equity Scheme - Large Cap Fund
2015-05-13,118632,Nippon India Large Cap Fund - Direct Plan Growth Plan - Growth Option,23.7317,Nippon India Mutual Fund,Equity Scheme - Large Cap Fund
2015-05-14,118632,Nippon India Large Cap Fund - Direct Plan Growth Plan - Growth Option,23.8744,Nippon India Mutual Fund,Equity Scheme - Large Cap Fund
2015-05-15,118632,Nippon India Large Cap Fund - Direct Plan Growth Plan - Growth Option,23.9606,Nippon India Mutual Fund,Equity Scheme - Large Cap Fund
2015-05-18,118632,Nippon India Large Cap Fund - Direct Plan Growth Plan - Growth Option,24.2303,Nippon India Mutual Fund,Equity Scheme - Large Cap Fund
2015-05-19,118632,Nippon India Large Cap Fund - Direct Plan Growth Plan - Growth Option,24.2613,Nippon India Mutual Fund,Equity Scheme - Large Cap Fund
2015-05-20,118632,Nippon India Large Cap Fund - Direct Plan Growth Plan - Growth Option,24.3303,Nippon India Mutual Fund,Equity Scheme - Large Cap Fund
2015-05-21,118632,Nippon India Large Cap Fund - Direct Plan Growth Plan - Growth Option,24.4188,Nippon India Mutual Fund,Equity Scheme - Large Cap Fund
2015-05-22,118632,Nippon India Large Cap Fund - Direct Plan Growth Plan - Growth Option,24.4413,Nippon India Mutual Fund,Equity Scheme - Large Cap Fund
2015-05-25,118632,Nippon India Large Cap Fund - Direct Plan Growth Plan - Growth Option,24.3027,Nippon India Mutual Fund,Equity Scheme - Large Cap Fund
2015-05-26,118632,Nippon India Large Cap Fund - Direct Plan Growth Plan - Growth Option,24.2644,Nippon India Mutual Fund,Equity Scheme - Large Cap Fund
2015-05-27,118632,Nippon India Large Cap Fund - Direct Plan Growth Plan - Growth Option,24.3084,Nippon India Mutual Fund,Equity Scheme - Large Cap Fund
2015-05-28,118632,Nippon India Large Cap Fund - Direct Plan Growth Plan - Growth Option,24.3028,Nippon India Mutual Fund,Equity Scheme - Large Cap Fund
2015-05-29,118632,Nippon India Large Cap Fund - Direct Plan Growth Plan - Growth Option,24.5983,Nippon India Mutual Fund,Equity Scheme - Large Cap Fund
2015-06-01,118632,Nippon India Large Cap Fund - Direct Plan Growth Plan - Growth Option,24.5501,Nippon India Mutual Fund,Equity Scheme - Large Cap Fund
2015-06-02,118632,Nippon India Large Cap Fund - Direct Plan Growth Plan - Growth Option,24.0843,Nippon India Mutual Fund,Equity Scheme - Large Cap Fund
2015-06-03,118632,Nippon India Large Cap Fund - Direct Plan Growth Plan - Growth Option,23.7295,Nippon India Mutual Fund,Equity Scheme - Large Cap Fund
2015-06-04,118632,Nippon India Large Cap Fund - Direct Plan Growth Plan - Growth Option,23.8115,Nippon India Mutual Fund,Equity Scheme - Large Cap Fund
2015-06-05,118632,Nippon India Large Cap Fund - Direct Plan Growth Plan - Growth Option,23.7208,Nippon India Mutual Fund,Equity Scheme - Large Cap Fund
2015-06-08,118632,Nippon India Large Cap Fund - Direct Plan Growth Plan - Growth Option,23.48,Nippon India Mutual Fund,Equity Scheme - Large Cap Fund
2015-06-09,118632,Nippon India Large Cap Fund - Direct Plan Growth Plan - Growth Option,23.4042,Nippon India Mutual Fund,Equity Scheme - Large Cap Fund
2015-06-10,118632,Nippon India Large Cap Fund - Direct Plan Growth Plan - Growth Option,23.7336,Nippon India Mutual Fund,Equity Scheme - Large Cap Fund
2015-06-11,118632,Nippon India Large Cap Fund - Direct Plan Growth Plan - Growth Option,23.2339,Nippon India Mutual Fund,Equity Scheme - Large Cap Fund
2015-06-12,118632,Nippon India Large Cap Fund - Direct Plan Growth Plan - Growth Option,23.2541,Nippon India Mutual Fund,Equity Scheme - Large Cap Fund
2015-06-15,118632,Nippon India Large Cap Fund - Direct Plan Growth Plan - Growth Option,23.3314,Nippon India Mutual Fund,Equity Scheme - Large Cap Fund
2015-06-16,118632,Nippon India Large Cap Fund - Direct Plan Growth Plan - Growth Option,23.422,Nippon India Mutual Fund,Equity Scheme - Large Cap Fund
2015-06-17,118632,Nippon India Large Cap Fund - Direct Plan Growth Plan - Growth Option,23.6298,Nippon India Mutual Fund,Equity Scheme - Large Cap Fund
2015-06-18,118632,Nippon India Large Cap Fund - Direct Plan Growth Plan - Growth Option,23.9182,Nippon India Mutual Fund,Equity Scheme - Large Cap Fund
2015-06-19,118632,Nippon India Large Cap Fund - Direct Plan Growth Plan - Growth Option,23.9869,Nippon India Mutual Fund,Equity Scheme - Large Cap Fund
2015-06-22,118632,Nippon India Large Cap Fund - Direct Plan Growth Plan - Growth Option,24.314,Nippon India Mutual Fund,Equity Scheme - Large Cap Fund
2015-06-23,118632,Nippon India Large Cap Fund - Direct Plan Growth Plan - Growth Option,24.4327,Nippon India Mutual Fund,Equity Scheme - Large Cap Fund
2015-06-24,118632,Nippon India Large Cap Fund - Direct Plan Growth Plan - Growth Option,24.3374,Nippon India Mutual Fund,Equity Scheme - Large Cap Fund
2015-06-25,118632,Nippon India Large Cap Fund - Direct Plan Growth Plan - Growth Option,24.4484,Nippon India Mutual Fund,Equity Scheme - Large Cap Fund
2015-06-26,118632,Nippon India Large Cap Fund - Direct Plan Growth Plan - Growth Option,24.4435,Nippon India Mutual Fund,Equity Scheme - Large Cap Fund
2015-06-29,118632,Nippon India Large Cap Fund - Direct Plan Growth Plan - Growth Option,24.1628,Nippon India Mutual Fund,Equity Scheme - Large Cap Fund
2015-06-30,118632,Nippon India Large Cap Fund - Direct Plan Growth Plan - Growth Option,24.3172,Nippon India Mutual Fund,Equity Scheme - Large Cap Fund
2015-07-01,118632,Nippon India Large Cap Fund - Direct Plan Growth Plan - Growth Option,24.6845,Nippon India Mutual Fund,Equity Scheme - Large Cap Fund
2015-07-02,118632,Nippon India Large Cap Fund - Direct Plan Growth Plan - Growth Option,24.7617,Nippon India Mutual Fund,Equity Scheme - Large Cap Fund
2015-07-03,118632,Nippon India Large Cap Fund - Direct Plan Growth Plan - Growth Option,24.8297,Nippon India Mutual Fund,Equity Scheme - Large Cap Fund
2015-07-06,118632,Nippon India Large Cap Fund - Direct Plan Growth Plan - Growth Option,24.989,Nippon India Mutual Fund,Equity Scheme - Large Cap Fund
2015-07-07,118632,Nippon India Large Cap Fund - Direct Plan Growth Plan - Growth Option,24.98,Nippon India Mutual Fund,Equity Scheme - Large Cap Fund
2015-07-08,118632,Nippon India Large Cap Fund - Direct Plan Growth Plan - Growth Option,24.7241,Nippon India Mutual Fund,Equity Scheme - Large Cap Fund
2015-07-09,118632,Nippon India Large Cap Fund - Direct Plan Growth Plan - Growth Option,24.6404,Nippon India Mutual Fund,Equity Scheme - Large Cap Fund
2015-07-10,118632,Nippon India Large Cap Fund - Direct Plan Growth Plan - Growth Option,24.8298,Nippon India Mutual Fund,Equity Scheme - Large Cap Fund
2015-07-13,118632,Nippon India Large Cap Fund - Direct Plan Growth Plan - Growth Option,25.1261,Nippon India Mutual Fund,Equity Scheme - Large Cap Fund
2015-07-14,118632,Nippon India Large Cap Fund - Direct Plan Growth Plan - Growth Option,25.0818,Nippon India Mutual Fund,Equity Scheme - Large Cap Fund
2015-07-15,118632,Nippon India Large Cap Fund - Direct Plan Growth Plan - Growth Option,25.215,Nippon India Mutual Fund,Equity Scheme - Large Cap Fund
2015-07-16,118632,Nippon India Large Cap Fund - Direct Plan Growth Plan - Growth Option,25.4921,Nippon India Mutual Fund,Equity Scheme - Large Cap Fund
2015-07-17,118632,Nippon India Large Cap Fund - Direct Plan Growth Plan - Growth Option,25.5135,Nippon India Mutual Fund,Equity Scheme - Large Cap Fund
2015-07-20,118632,Nippon India Large Cap Fund - Direct Plan Growth Plan - Growth Option,25.486,Nippon India Mutual Fund,Equity Scheme - Large Cap Fund
2015-07-21,118632,Nippon India Large Cap Fund - Direct Plan Growth Plan - Growth Option,25.2492,Nippon India Mutual Fund,Equity Scheme - Large Cap Fund
2015-07-22,118632,Nippon India Large Cap Fund - Direct Plan Growth Plan - Growth Option,25.5973,Nippon India Mutual Fund,Equity Scheme - Large Cap Fund
2015-07-23,118632,Nippon India Large Cap Fund - Direct Plan Growth Plan - Growth Option,25.6279,Nippon India Mutual Fund,Equity Scheme - Large Cap Fund
2015-07-24,118632,Nippon India Large Cap Fund - Direct Plan Growth Plan - Growth Option,25.3293,Nippon India Mutual Fund,Equity Scheme - Large Cap Fund
2015-07-27,118632,Nippon India Large Cap Fund - Direct Plan Growth Plan - Growth Option,24.8146,Nippon India Mutual Fund,Equity Scheme - Large Cap Fund
2015-07-28,118632,Nippon India Large Cap Fund - Direct Plan Growth Plan - Growth Option,24.8213,Nippon India Mutual Fund,Equity Scheme - Large Cap Fund
2015-07-29,118632,Nippon India Large Cap Fund - Direct Plan Growth Plan - Growth Option,25.0338,Nippon India Mutual Fund,Equity Scheme - Large Cap Fund
2015-07-30,118632,Nippon India Large Cap Fund - Direct Plan Growth Plan - Growth Option,25.1135,Nippon India Mutual Fund,Equity Scheme - Large Cap Fund
2015-07-31,118632,Nippon India Large Cap Fund - Direct Plan Growth Plan - Growth Option,25.3581,Nippon India Mutual Fund,Equity Scheme - Large Cap Fund
2015-08-03,118632,Nippon India Large Cap Fund - Direct Plan Growth Plan - Growth Option,25.3743,Nippon India Mutual Fund,Equity Scheme - Large Cap Fund
2015-08-04,118632,Nippon India Large Cap Fund - Direct Plan Growth Plan - Growth Option,25.3628,Nippon India Mutual Fund,Equity Scheme - Large Cap Fund
2015-08-05,118632,Nippon India Large Cap Fund - Direct Plan Growth Plan - Growth Option,25.5498,Nippon India Mutual Fund,Equity Scheme - Large Cap Fund
2015-08-06,118632,Nippon India Large Cap Fund - Direct Plan Growth Plan - Growth Option,25.7285,Nippon India Mutual Fund,Equity Scheme - Large Cap Fund
2015-08-07,118632,Nippon India Large Cap Fund - Direct Plan Growth Plan - Growth Option,25.6753,Nippon India Mutual Fund,Equity Scheme - Large Cap Fund
2015-08-10,118632,Nippon India Large Cap Fund - Direct Plan Growth Plan - Growth Option,25.5996,Nippon India Mutual Fund,Equity Scheme - Large Cap Fund
2015-08-11,118632,Nippon India Large Cap Fund - Direct Plan Growth Plan - Growth Option,25.3892,Nippon India Mutual Fund,Equity Scheme - Large Cap Fund
2015-08-12,118632,Nippon India Large Cap Fund - Direct Plan Growth Plan - Growth Option,24.9941,Nippon India Mutual Fund,Equity Scheme - Large Cap Fund
2015-08-13,118632,Nippon India Large Cap Fund - Direct Plan Growth Plan - Growth Option,25.0586,Nippon India Mutual Fund,Equity Scheme - Large Cap Fund
2015-08-14,118632,Nippon India Large Cap Fund - Direct Plan Growth Plan - Growth Option,25.5171,Nippon India Mutual Fund,Equity Scheme - Large Cap Fund
2015-08-17,118632,Nippon India Large Cap Fund - Direct Plan Growth Plan - Growth Option,25.4857,Nippon India Mutual Fund,Equity Scheme - Large Cap Fund
2015-08-18,118632,Nippon India Large Cap Fund - Direct Plan Growth Plan - Growth Option,25.5622,Nippon India Mutual Fund,Equity Scheme - Large Cap Fund
2015-08-19,118632,Nippon India Large Cap Fund - Direct Plan Growth Plan - Growth Option,25.7371,Nippon India Mutual Fund,Equity Scheme - Large Cap Fund
2015-08-20,118632,Nippon India Large Cap Fund - Direct Plan Growth Plan - Growth Option,25.25,Nippon India Mutual Fund,Equity Scheme - Large Cap Fund
2015-08-21,118632,Nippon India Large Cap Fund - Direct Plan Growth Plan - Growth Option,25.0656,Nippon India Mutual Fund,Equity Scheme - Large Cap Fund
2015-08-24,118632,Nippon India Large Cap Fund - Direct Plan Growth Plan - Growth Option,23.407,Nippon India Mutual Fund,Equity Scheme - Large Cap Fund
2015-08-25,118632,Nippon India Large Cap Fund - Direct Plan Growth Plan - Growth Option,23.8135,Nippon India Mutual Fund,Equity Scheme - Large Cap Fund
2015-08-26,118632,Nippon India Large Cap Fund - Direct Plan Growth Plan - Growth Option,23.6063,Nippon India Mutual Fund,Equity Scheme - Large Cap Fund
2015-08-27,118632,Nippon India Large Cap Fund - Direct Plan Growth Plan - Growth Option,23.9878,Nippon India Mutual Fund,Equity Scheme - Large Cap Fund
2015-08-28,118632,Nippon India Large Cap Fund - Direct Plan Growth Plan - Growth Option,24.1199,Nippon India Mutual Fund,Equity Scheme - Large Cap Fund
2015-08-31,118632,Nippon India Large Cap Fund - Direct Plan Growth Plan - Growth Option,24.0781,Nippon India Mutual Fund,Equity Scheme - Large Cap Fund
2015-09-01,118632,Nippon India Large Cap Fund - Direct Plan Growth Plan - Growth Option,23.4753,Nippon India Mutual Fund,Equity Scheme - Large Cap Fund
2015-09-02,118632,Nippon India Large Cap Fund - Direct Plan Growth Plan - Growth Option,23.2252,Nippon India Mutual Fund,Equity Scheme - Large Cap Fund
2015-09-03,118632,Nippon India Large Cap Fund - Direct Plan Growth Plan - Growth Option,23.5001,Nippon India Mutual Fund,Equity Scheme - Large Cap Fund
2015-09-04,118632,Nippon India Large Cap Fund - Direct Plan Growth Plan - Growth Option,23.0544,Nippon India Mutual Fund,Equity Scheme - Large Cap Fund
2015-09-07,118632,Nippon India Large Cap Fund - Direct Plan Growth Plan - Growth Option,22.6228,Nippon India Mutual Fund,Equity Scheme - Large Cap Fund
2015-09-08,118632,Nippon India Large Cap Fund - Direct Plan Growth Plan - Growth Option,22.9928,Nippon India Mutual Fund,Equity Scheme - Large Cap Fund
2015-09-09,118632,Nippon India Large Cap Fund - Direct Plan Growth Plan - Growth Option,23.4313,Nippon India Mutual Fund,Equity Scheme - Large Cap Fund
2015-09-10,118632,Nippon India Large Cap Fund - Direct Plan Growth Plan - Growth Option,23.3613,Nippon India Mutual Fund,Equity Scheme - Large Cap Fund
2015-09-11,118632,Nippon India Large Cap Fund - Direct Plan Growth Plan - Growth Option,23.3722,Nippon India Mutual Fund,Equity Scheme - Large Cap Fund
2015-09-14,118632,Nippon India Large Cap Fund - Direct Plan Growth Plan - Growth Option,23.5968,Nippon India Mutual Fund,Equity Scheme - Large Cap Fund
2015-09-15,118632,Nippon India Large Cap Fund - Direct Plan Growth Plan - Growth Option,23.3685,Nippon India Mutual Fund,Equity Scheme - Large Cap Fund
2015-09-16,118632,Nippon India Large Cap Fund - Direct Plan Growth Plan - Growth Option,23.5121,Nippon India Mutual Fund,Equity Scheme - Large Cap Fund
2015-09-18,118632,Nippon India Large Cap Fund - Direct Plan Growth Plan - Growth Option,23.7631,Nippon India Mutual Fund,Equity Scheme - Large Cap Fund
2015-09-21,118632,Nippon India Large Cap Fund - Direct Plan Growth Plan - Growth Option,23.7417,Nippon India Mutual Fund,Equity Scheme - Large Cap Fund
2015-09-22,118632,Nippon India Large Cap Fund - Direct Plan Growth Plan - Growth Option,23.3928,Nippon India Mutual Fund,Equity Scheme - Large Cap Fund
2015-09-23,118632,Nippon India Large Cap Fund - Direct Plan Growth Plan - Growth Option,23.4782,Nippon India Mutual Fund,Equity Scheme - Large Cap Fund
2015-09-24,118632,Nippon India Large Cap Fund - Direct Plan Growth Plan - Growth Option,23.5282,Nippon India Mutual Fund,Equity Scheme - Large Cap Fund
2015-09-28,118632,Nippon India Large Cap Fund - Direct Plan Growth Plan - Growth Option,23.2893,Nippon India Mutual Fund,Equity Scheme - Large Cap Fund
2015-09-29,118632,Nippon India Large Cap Fund - Direct Plan Growth Plan - Growth Option,23.3434,Nippon India Mutual Fund,Equity Scheme - Large Cap Fund
2015-09-30,118632,Nippon India Large Cap Fund - Direct Plan Growth Plan - Growth Option,23.5371,Nippon India Mutual Fund,Equity Scheme - Large Cap Fund
2015-10-01,118632,Nippon India Large Cap Fund - Direct Plan Growth Plan - Growth Option,23.4492,Nippon India Mutual Fund,Equity Scheme - Large Cap Fund
2015-10-05,118632,Nippon India Large Cap Fund - Direct Plan Growth Plan - Growth Option,23.8972,Nippon India Mutual Fund,Equity Scheme - Large Cap Fund
2015-10-06,118632,Nippon India Large Cap Fund - Direct Plan Growth Plan - Growth Option,23.9205,Nippon India Mutual Fund,Equity Scheme - Large Cap Fund
2015-10-07,118632,Nippon India Large Cap Fund - Direct Plan Growth Plan - Growth Option,24.0002,Nippon India Mutual Fund,Equity Scheme - Large Cap Fund
2015-10-08,118632,Nippon India Large Cap Fund - Direct Plan Growth Plan - Growth Option,23.8578,Nippon India Mutual Fund,Equity Scheme - Large Cap Fund
2015-10-09,118632,Nippon India Large Cap Fund - Direct Plan Growth Plan - Growth Option,23.9808,Nippon India Mutual Fund,Equity Scheme - Large Cap Fund
2015-10-12,118632,Nippon India Large Cap Fund - Direct Plan Growth Plan - Growth Option,23.9224,Nippon India Mutual Fund,Equity Scheme - Large Cap Fund
2015-10-13,118632,Nippon India Large Cap Fund - Direct Plan Growth Plan - Growth Option,23.8587,Nippon India Mutual Fund,Equity Scheme - Large Cap Fund
2015-10-14,118632,Nippon India Large Cap Fund - Direct Plan Growth Plan - Growth Option,23.82,Nippon India Mutual Fund,Equity Scheme - Large Cap Fund
2015-10-15,118632,Nippon India Large Cap Fund - Direct Plan Growth Plan - Growth Option,24.0433,Nippon India Mutual Fund,Equity Scheme - Large Cap Fund
2015-10-16,118632,Nippon India Large Cap Fund - Direct Plan Growth Plan - Growth Option,24.2571,Nippon India Mutual Fund,Equity Scheme - Large Cap Fund
2015-10-19,118632,Nippon India Large Cap Fund - Direct Plan Growth Plan - Growth Option,24.3698,Nippon India Mutual Fund,Equity Scheme - Large Cap Fund
2015-10-20,118632,Nippon India Large Cap Fund - Direct Plan Growth Plan - Growth Option,24.4647,Nippon India Mutual Fund,Equity Scheme - Large Cap Fund
2015-10-21,118632,Nippon India Large Cap Fund - Direct Plan Growth Plan - Growth Option,24.3804,Nippon India Mutual Fund,Equity Scheme - Large Cap Fund
2015-10-23,118632,Nippon India Large Cap Fund - Direct Plan Growth Plan - Growth Option,24.4185,Nippon India Mutual Fund,Equity Scheme - Large Cap Fund
2015-10-26,118632,Nippon India Large Cap Fund - Direct Plan Growth Plan - Growth Option,24.3338,Nippon India Mutual Fund,Equity Scheme - Large Cap Fund
2015-10-27,118632,Nippon India Large Cap Fund - Direct Plan Growth Plan - Growth Option,24.4353,Nippon India Mutual Fund,Equity Scheme - Large Cap Fund
2015-10-28,118632,Nippon India Large Cap Fund - Direct Plan Growth Plan - Growth Option,24.1553,Nippon India Mutual Fund,Equity Scheme - Large Cap Fund
2015-10-29,118632,Nippon India Large Cap Fund - Direct Plan Growth Plan - Growth Option,23.9492,Nippon India Mutual Fund,Equity Scheme - Large Cap Fund
2015-10-30,118632,Nippon India Large Cap Fund - Direct Plan Growth Plan - Growth Option,23.9588,Nippon India Mutual Fund,Equity Scheme - Large Cap Fund
2015-11-02,118632,Nippon India Large Cap Fund - Direct Plan Growth Plan - Growth Option,24.0093,Nippon India Mutual Fund,Equity Scheme - Large Cap Fund
2015-11-03,118632,Nippon India Large Cap Fund - Direct Plan Growth Plan - Growth Option,24.14,Nippon India Mutual Fund,Equity Scheme - Large Cap Fund
2015-11-04,118632,Nippon India Large Cap Fund - Direct Plan Growth Plan - Growth Option,24.1744,Nippon India Mutual Fund,Equity Scheme - Large Cap Fund
2015-11-05,118632,Nippon India Large Cap Fund - Direct Plan Growth Plan - Growth Option,23.8487,Nippon India Mutual Fund,Equity Scheme - Large Cap Fund
2015-11-06,118632,Nippon India Large Cap Fund - Direct Plan Growth Plan - Growth Option,23.9408,Nippon India Mutual Fund,Equity Scheme - Large Cap Fund
2015-11-09,118632,Nippon India Large Cap Fund - Direct Plan Growth Plan - Growth Option,24.0569,Nippon India Mutual Fund,Equity Scheme - Large Cap Fund
2015-11-10,118632,Nippon India Large Cap Fund - Direct Plan Growth Plan - Growth Option,23.6048,Nippon India Mutual Fund,Equity Scheme - Large Cap Fund
2015-11-13,118632,Nippon India Large Cap Fund - Direct Plan Growth Plan - Growth Option,23.6023,Nippon India Mutual Fund,Equity Scheme - Large Cap Fund
2015-11-16,118632,Nippon India Large Cap Fund - Direct Plan Growth Plan - Growth Option,23.6464,Nippon India Mutual Fund,Equity Scheme - Large Cap Fund
2015-11-17,118632,Nippon India Large Cap Fund - Direct Plan Growth Plan - Growth Option,23.6869,Nippon India Mutual Fund,Equity Scheme - Large Cap Fund
2015-11-18,118632,Nippon India Large Cap Fund - Direct Plan Growth Plan - Growth Option,23.3993,Nippon India Mutual Fund,Equity Scheme - Large Cap Fund
2015-11-19,118632,Nippon India Large Cap Fund - Direct Plan Growth Plan - Growth Option,23.7152,Nippon India Mutual Fund,Equity Scheme - Large Cap Fund
2015-11-20,118632,Nippon India Large Cap Fund - Direct Plan Growth Plan - Growth Option,23.7739,Nippon India Mutual Fund,Equity Scheme - Large Cap Fund
2015-11-23,118632,Nippon India Large Cap Fund - Direct Plan Growth Plan - Growth Option,23.8062,Nippon India Mutual Fund,Equity Scheme - Large Cap Fund
2015-11-24,118632,Nippon India Large Cap Fund - Direct Plan Growth Plan - Growth Option,23.7693,Nippon India Mutual Fund,Equity Scheme - Large Cap Fund
2015-11-26,118632,Nippon India Large Cap Fund - Direct Plan Growth Plan - Growth Option,23.8873,Nippon India Mutual Fund,Equity Scheme - Large Cap Fund
2015-11-27,118632,Nippon India Large Cap Fund - Direct Plan Growth Plan - Growth Option,24.0645,Nippon India Mutual Fund,Equity Scheme - Large Cap Fund
2015-11-30,118632,Nippon India Large Cap Fund - Direct Plan Growth Plan - Growth Option,24.0853,Nippon India Mutual Fund,Equity Scheme - Large Cap Fund
2015-12-01,118632,Nippon India Large Cap Fund - Direct Plan Growth Plan - Growth Option,24.1287,Nippon India Mutual Fund,Equity Scheme - Large Cap Fund
2015-12-02,118632,Nippon India Large Cap Fund - Direct Plan Growth Plan - Growth Option,23.9763,Nippon India Mutual Fund,Equity Scheme - Large Cap Fund
2015-12-03,118632,Nippon India Large Cap Fund - Direct Plan Growth Plan - Growth Option,23.8826,Nippon India Mutual Fund,Equity Scheme - Large Cap Fund
2015-12-04,118632,Nippon India Large Cap Fund - Direct Plan Growth Plan - Growth Option,23.6939,Nippon India Mutual Fund,Equity Scheme - Large Cap Fund
2015-12-07,118632,Nippon India Large Cap Fund - Direct Plan Growth Plan - Growth Option,23.6828,Nippon India Mutual Fund,Equity Scheme - Large Cap Fund
2015-12-08,118632,Nippon India Large Cap Fund - Direct Plan Growth Plan - Growth Option,23.5217,Nippon India Mutual Fund,Equity Scheme - Large Cap Fund
2015-12-09,118632,Nippon India Large Cap Fund - Direct Plan Growth Plan - Growth Option,23.1808,Nippon India Mutual Fund,Equity Scheme - Large Cap Fund
2015-12-10,118632,Nippon India Large Cap Fund - Direct Plan Growth Plan - Growth Option,23.3611,Nippon India Mutual Fund,Equity Scheme - Large Cap Fund
2015-12-11,118632,Nippon India Large Cap Fund - Direct Plan Growth Plan - Growth Option,23.1149,Nippon India Mutual Fund,Equity Scheme - Large Cap Fund
2015-12-14,118632,Nippon India Large Cap Fund - Direct Plan Growth Plan - Growth Option,23.1611,Nippon India Mutual Fund,Equity Scheme - Large Cap Fund
2015-12-15,118632,Nippon India Large Cap Fund - Direct Plan Growth Plan - Growth Option,23.3506,Nippon India Mutual Fund,Equity Scheme - Large Cap Fund
2015-12-16,118632,Nippon India Large Cap Fund - Direct Plan Growth Plan - Growth Option,23.4669,Nippon India Mutual Fund,Equity Scheme - Large Cap Fund
2015-12-17,118632,Nippon India Large Cap Fund - Direct Plan Growth Plan - Growth Option,23.7584,Nippon India Mutual Fund,Equity Scheme - Large Cap Fund
2015-12-18,118632,Nippon India Large Cap Fund - Direct Plan Growth Plan - Growth Option,23.5299,Nippon India Mutual Fund,Equity Scheme - Large Cap Fund
2015-12-21,118632,Nippon India Large Cap Fund - Direct Plan Growth Plan - Growth Option,23.7742,Nippon India Mutual Fund,Equity Scheme - Large Cap Fund
2015-12-22,118632,Nippon India Large Cap Fund - Direct Plan Growth Plan - Growth Option,23.6914,Nippon India Mutual Fund,Equity Scheme - Large Cap Fund
2015-12-23,118632,Nippon India Large Cap Fund - Direct Plan Growth Plan - Growth Option,23.8732,Nippon India Mutual Fund,Equity Scheme - Large Cap Fund
2015-12-24,118632,Nippon India Large Cap Fund - Direct Plan Growth Plan - Growth Option,23.8664,Nippon India Mutual Fund,Equity Scheme - Large Cap Fund
2015-12-28,118632,Nippon India Large Cap Fund - Direct Plan Growth Plan - Growth Option,24.0376,Nippon India Mutual Fund,Equity Scheme - Large Cap Fund
2015-12-29,118632,Nippon India Large Cap Fund - Direct Plan Growth Plan - Growth Option,24.0464,Nippon India Mutual Fund,Equity Scheme - Large Cap Fund
2015-12-30,118632,Nippon India Large Cap Fund - Direct Plan Growth Plan - Growth Option,23.9469,Nippon India Mutual Fund,Equity Scheme - Large Cap Fund
2015-12-31,118632,Nippon India Large Cap Fund - Direct Plan Growth Plan - Growth Option,24.0469,Nippon India Mutual Fund,Equity Scheme - Large Cap Fund
2016-01-01,118632,Nippon India Large Cap Fund - Direct Plan Growth Plan - Growth Option,24.1592,Nippon India Mutual Fund,Equity Scheme - Large Cap Fund
2016-01-04,118632,Nippon India Large Cap Fund - Direct Plan Growth Plan - Growth Option,23.6582,Nippon India Mutual Fund,Equity Scheme - Large Cap Fund
2016-01-05,118632,Nippon India Large Cap Fund - Direct Plan Growth Plan - Growth Option,23.6725,Nippon India Mutual Fund,Equity Scheme - Large Cap Fund
2016-01-06,118632,Nippon India Large Cap Fund - Direct Plan Growth Plan - Growth Option,23.6076,Nippon India Mutual Fund,Equity Scheme - Large Cap Fund
2016-01-07,118632,Nippon India Large Cap Fund - Direct Plan Growth Plan - Growth Option,23.024,Nippon India Mutual Fund,Equity Scheme - Large Cap Fund
2016-01-08,118632,Nippon India Large Cap Fund - Direct Plan Growth Plan - Growth Option,23.1295,Nippon India Mutual Fund,Equity Scheme - Large Cap Fund
2016-01-11,118632,Nippon India Large Cap Fund - Direct Plan Growth Plan - Growth Option,23.017,Nippon India Mutual Fund,Equity Scheme - Large Cap Fund
2016-01-12,118632,Nippon India Large Cap Fund - Direct Plan Growth Plan - Growth Option,22.8466,Nippon India Mutual Fund,Equity Scheme - Large Cap Fund
2016-01-13,118632,Nippon India Large Cap Fund - Direct Plan Growth Plan - Growth Option,22.9722,Nippon India Mutual Fund,Equity Scheme - Large Cap Fund
2016-01-14,118632,Nippon India Large Cap Fund - Direct Plan Growth Plan - Growth Option,22.7351,Nippon India Mutual Fund,Equity Scheme - Large Cap Fund
2016-01-15,118632,Nippon India Large Cap Fund - Direct Plan Growth Plan - Growth Option,22.2522,Nippon India Mutual Fund,Equity Scheme - Large Cap Fund
2016-01-18,118632,Nippon India Large Cap Fund - Direct Plan Growth Plan - Growth Option,21.8577,Nippon India Mutual Fund,Equity Scheme - Large Cap Fund
2016-01-19,118632,Nippon India Large Cap Fund - Direct Plan Growth Plan - Growth Option,22.1989,Nippon India Mutual Fund,Equity Scheme - Large Cap Fund
2016-01-20,118632,Nippon India Large Cap Fund - Direct Plan Growth Plan - Growth Option,21.7905,Nippon India Mutual Fund,Equity Scheme - Large Cap Fund
2016-01-21,118632,Nippon India Large Cap Fund - Direct Plan Growth Plan - Growth Option,21.6986,Nippon India Mutual Fund,Equity Scheme - Large Cap Fund
2016-01-22,118632,Nippon India Large Cap Fund - Direct Plan Growth Plan - Growth Option,22.1803,Nippon India Mutual Fund,Equity Scheme - Large Cap Fund
2016-01-25,118632,Nippon India Large Cap Fund - Direct Plan Growth Plan - Growth Option,22.1872,Nippon India Mutual Fund,Equity Scheme - Large Cap Fund
2016-01-27,118632,Nippon India Large Cap Fund - Direct Plan Growth Plan - Growth Option,22.2157,Nippon India Mutual Fund,Equity Scheme - Large Cap Fund
2016-01-28,118632,Nippon India Large Cap Fund - Direct Plan Growth Plan - Growth Option,22.1207,Nippon India Mutual Fund,Equity Scheme - Large Cap Fund
2016-01-29,118632,Nippon India Large Cap Fund - Direct Plan Growth Plan - Growth Option,22.3623,Nippon India Mutual Fund,Equity Scheme - Large Cap Fund
2016-02-01,118632,Nippon India Large Cap Fund - Direct Plan Growth Plan - Growth Option,22.3199,Nippon India Mutual Fund,Equity Scheme - Large Cap Fund
2016-02-02,118632,Nippon India Large Cap Fund - Direct Plan Growth Plan - Growth Option,21.9913,Nippon India Mutual Fund,Equity Scheme - Large Cap Fund
2016-02-03,118632,Nippon India Large Cap Fund - Direct Plan Growth Plan - Growth Option,21.6981,Nippon India Mutual Fund,Equity Scheme - Large Cap Fund
2016-02-04,118632,Nippon India Large Cap Fund - Direct Plan Growth Plan - Growth Option,21.8202,Nippon India Mutual Fund,Equity Scheme - Large Cap Fund
2016-02-05,118632,Nippon India Large Cap Fund - Direct Plan Growth Plan - Growth Option,22.1293,Nippon India Mutual Fund,Equity Scheme - Large Cap Fund
2016-02-08,118632,Nippon India Large Cap Fund - Direct Plan Growth Plan - Growth Option,21.931,Nippon India Mutual Fund,Equity Scheme - Large Cap Fund
2016-02-09,118632,Nippon India Large Cap Fund - Direct Plan Growth Plan - Growth Option,21.511,Nippon India Mutual Fund,Equity Scheme - Large Cap Fund
2016-02-10,118632,Nippon India Large Cap Fund - Direct Plan Growth Plan - Growth Option,21.2345,Nippon India Mutual Fund,Equity Scheme - Large Cap Fund
2016-02-11,118632,Nippon India Large Cap Fund - Direct Plan Growth Plan - Growth Option,20.5606,Nippon India Mutual Fund,Equity Scheme - Large Cap Fund
2016-02-12,118632,Nippon India Large Cap Fund - Direct Plan Growth Plan - Growth Option,20.335,Nippon India Mutual Fund,Equity Scheme - Large Cap Fund
2016-02-15,118632,Nippon India Large Cap Fund - Direct Plan Growth Plan - Growth Option,21.1626,Nippon India Mutual Fund,Equity Scheme - Large Cap Fund
2016-02-16,118632,Nippon India Large Cap Fund - Direct Plan Growth Plan - Growth Option,20.6254,Nippon India Mutual Fund,Equity Scheme - Large Cap Fund
2016-02-17,118632,Nippon India Large Cap Fund - Direct Plan Growth Plan - Growth Option,20.7377,Nippon India Mutual Fund,Equity Scheme - Large Cap Fund
2016-02-18,118632,Nippon India Large Cap Fund - Direct Plan Growth Plan - Growth Option,20.8984,Nippon India Mutual Fund,Equity Scheme - Large Cap Fund
2016-02-19,118632,Nippon India Large Cap Fund - Direct Plan Growth Plan - Growth Option,20.9572,Nippon India Mutual Fund,Equity Scheme - Large Cap Fund
2016-02-22,118632,Nippon India Large Cap Fund - Direct Plan Growth Plan - Growth Option,21.0577,Nippon India Mutual Fund,Equity Scheme - Large Cap Fund
2016-02-23,118632,Nippon India Large Cap Fund - Direct Plan Growth Plan - Growth Option,20.7066,Nippon India Mutual Fund,Equity Scheme - Large Cap Fund
2016-02-24,118632,Nippon India Large Cap Fund - Direct Plan Growth Plan - Growth Option,20.4871,Nippon India Mutual Fund,Equity Scheme - Large Cap Fund
2016-02-25,118632,Nippon India Large Cap Fund - Direct Plan Growth Plan - Growth Option,20.2073,Nippon India Mutual Fund,Equity Scheme - Large Cap Fund
2016-02-26,118632,Nippon India Large Cap Fund - Direct Plan Growth Plan - Growth Option,20.3822,Nippon India Mutual Fund,Equity Scheme - Large Cap Fund
2016-02-29,118632,Nippon India Large Cap Fund - Direct Plan Growth Plan - Growth Option,20.3216,Nippon India Mutual Fund,Equity Scheme - Large Cap Fund
2016-03-01,118632,Nippon India Large Cap Fund - Direct Plan Growth Plan - Growth Option,20.9882,Nippon India Mutual Fund,Equity Scheme - Large Cap Fund
2016-03-02,118632,Nippon India Large Cap Fund - Direct Plan Growth Plan - Growth Option,21.4877,Nippon India Mutual Fund,Equity Scheme - Large Cap Fund
2016-03-03,118632,Nippon India Large Cap Fund - Direct Plan Growth Plan - Growth Option,21.8293,Nippon India Mutual Fund,Equity Scheme - Large Cap Fund
2016-03-04,118632,Nippon India Large Cap Fund - Direct Plan Growth Plan - Growth Option,21.8207,Nippon India Mutual Fund,Equity Scheme - Large Cap Fund
2016-03-08,118632,Nippon India Large Cap Fund - Direct Plan Growth Plan - Growth Option,21.7427,Nippon India Mutual Fund,Equity Scheme - Large Cap Fund
2016-03-09,118632,Nippon India Large Cap Fund - Direct Plan Growth Plan - Growth Option,21.8384,Nippon India Mutual Fund,Equity Scheme - Large Cap Fund
2016-03-10,118632,Nippon India Large Cap Fund - Direct Plan Growth Plan - Growth Option,21.6154,Nippon India Mutual Fund,Equity Scheme - Large Cap Fund
2016-03-11,118632,Nippon India Large Cap Fund - Direct Plan Growth Plan - Growth Option,21.6799,Nippon India Mutual Fund,Equity Scheme - Large Cap Fund
2016-03-14,118632,Nippon India Large Cap Fund - Direct Plan Growth Plan - Growth Option,21.7934,Nippon India Mutual Fund,Equity Scheme - Large Cap Fund
2016-03-15,118632,Nippon India Large Cap Fund - Direct Plan Growth Plan - Growth Option,21.6629,Nippon India Mutual Fund,Equity Scheme - Large Cap Fund
2016-03-16,118632,Nippon India Large Cap Fund - Direct Plan Growth Plan - Growth Option,21.7742,Nippon India Mutual Fund,Equity Scheme - Large Cap Fund
2016-03-17,118632,Nippon India Large Cap Fund - Direct Plan Growth Plan - Growth Option,21.8864,Nippon India Mutual Fund,Equity Scheme - Large Cap Fund
2016-03-18,118632,Nippon India Large Cap Fund - Direct Plan Growth Plan - Growth Option,22.1565,Nippon India Mutual Fund,Equity Scheme - Large Cap Fund
2016-03-21,118632,Nippon India Large Cap Fund - Direct Plan Growth Plan - Growth Option,22.5146,Nippon India Mutual Fund,Equity Scheme - Large Cap Fund
2016-03-22,118632,Nippon India Large Cap Fund - Direct Plan Growth Plan - Growth Option,22.621,Nippon India Mutual Fund,Equity Scheme - Large Cap Fund
2016-03-23,118632,Nippon India Large Cap Fund - Direct Plan Growth Plan - Growth Option,22.5952,Nippon India Mutual Fund,Equity Scheme - Large Cap Fund
2016-03-28,118632,Nippon India Large Cap Fund - Direct Plan Growth Plan - Growth Option,22.261,Nippon India Mutual Fund,Equity Scheme - Large Cap Fund
2016-03-29,118632,Nippon India Large Cap Fund - Direct Plan Growth Plan - Growth Option,22.2831,Nippon India Mutual Fund,Equity Scheme - Large Cap Fund
2016-03-30,118632,Nippon India Large Cap Fund - Direct Plan Growth Plan - Growth Option,22.7469,Nippon India Mutual Fund,Equity Scheme - Large Cap Fund
2016-03-31,118632,Nippon India Large Cap Fund - Direct Plan Growth Plan - Growth Option,22.7305,Nippon India Mutual Fund,Equity Scheme - Large Cap Fund
2016-04-01,118632,Nippon India Large Cap Fund - Direct Plan Growth Plan - Growth Option,22.7749,Nippon India Mutual Fund,Equity Scheme - Large Cap Fund
2016-04-04,118632,Nippon India Large Cap Fund - Direct Plan Growth Plan - Growth Option,22.8388,Nippon India Mutual Fund,Equity Scheme - Large Cap Fund
2016-04-05,118632,Nippon India Large Cap Fund - Direct Plan Growth Plan - Growth Option,22.2847,Nippon India Mutual Fund,Equity Scheme - Large Cap Fund
2016-04-06,118632,Nippon India Large Cap Fund - Direct Plan Growth Plan - Growth Option,22.2747,Nippon India Mutual Fund,Equity Scheme - Large Cap Fund
2016-04-07,118632,Nippon India Large Cap Fund - Direct Plan Growth Plan - Growth Option,22.0958,Nippon India Mutual Fund,Equity Scheme - Large Cap Fund
2016-04-08,118632,Nippon India Large Cap Fund - Direct Plan Growth Plan - Growth Option,22.1561,Nippon India Mutual Fund,Equity Scheme - Large Cap Fund
2016-04-11,118632,Nippon India Large Cap Fund - Direct Plan Growth Plan - Growth Option,22.4342,Nippon India Mutual Fund,Equity Scheme - Large Cap Fund
2016-04-12,118632,Nippon India Large Cap Fund - Direct Plan Growth Plan - Growth Option,22.6159,Nippon India Mutual Fund,Equity Scheme - Large Cap Fund
2016-04-13,118632,Nippon India Large Cap Fund - Direct Plan Growth Plan - Growth Option,22.9962,Nippon India Mutual Fund,Equity Scheme - Large Cap Fund
2016-04-18,118632,Nippon India Large Cap Fund - Direct Plan Growth Plan - Growth Option,23.1322,Nippon India Mutual Fund,Equity Scheme - Large Cap Fund
2016-04-20,118632,Nippon India Large Cap Fund - Direct Plan Growth Plan - Growth Option,23.135,Nippon India Mutual Fund,Equity Scheme - Large Cap Fund
2016-04-21,118632,Nippon India Large Cap Fund - Direct Plan Growth Plan - Growth Option,23.2232,Nippon India Mutual Fund,Equity Scheme - Large Cap Fund
2016-04-22,118632,Nippon India Large Cap Fund - Direct Plan Growth Plan - Growth Option,23.2899,Nippon India Mutual Fund,Equity Scheme - Large Cap Fund
2016-04-25,118632,Nippon India Large Cap Fund - Direct Plan Growth Plan - Growth Option,23.1021,Nippon India Mutual Fund,Equity Scheme - Large Cap Fund
2016-04-26,118632,Nippon India Large Cap Fund - Direct Plan Growth Plan - Growth Option,23.3473,Nippon India Mutual Fund,Equity Scheme - Large Cap Fund
2016-04-27,118632,Nippon India Large Cap Fund - Direct Plan Growth Plan - Growth Option,23.2149,Nippon India Mutual Fund,Equity Scheme - Large Cap Fund
2016-04-28,118632,Nippon India Large Cap Fund - Direct Plan Growth Plan - Growth Option,22.8054,Nippon India Mutual Fund,Equity Scheme - Large Cap Fund
2016-04-29,118632,Nippon India Large Cap Fund - Direct Plan Growth Plan - Growth Option,22.7631,Nippon India Mutual Fund,Equity Scheme - Large Cap Fund
2016-05-02,118632,Nippon India Large Cap Fund - Direct Plan Growth Plan - Growth Option,22.6677,Nippon India Mutual Fund,Equity Scheme - Large Cap Fund
2016-05-03,118632,Nippon India Large Cap Fund - Direct Plan Growth Plan - Growth Option,22.4577,Nippon India Mutual Fund,Equity Scheme - Large Cap Fund
2016-05-04,118632,Nippon India Large Cap Fund - Direct Plan Growth Plan - Growth Option,22.2164,Nippon India Mutual Fund,Equity Scheme - Large Cap Fund
2016-05-05,118632,Nippon India Large Cap Fund - Direct Plan Growth Plan - Growth Option,22.3476,Nippon India Mutual Fund,Equity Scheme - Large Cap Fund
2016-05-06,118632,Nippon India Large Cap Fund - Direct Plan Growth Plan - Growth Option,22.3996,Nippon India Mutual Fund,Equity Scheme - Large Cap Fund
2016-05-09,118632,Nippon India Large Cap Fund - Direct Plan Growth Plan - Growth Option,22.757,Nippon India Mutual Fund,Equity Scheme - Large Cap Fund
2016-05-10,118632,Nippon India Large Cap Fund - Direct Plan Growth Plan - Growth Option,22.8087,Nippon India Mutual Fund,Equity Scheme - Large Cap Fund
2016-05-11,118632,Nippon India Large Cap Fund - Direct Plan Growth Plan - Growth Option,22.7257,Nippon India Mutual Fund,Equity Scheme - Large Cap Fund
2016-05-12,118632,Nippon India Large Cap Fund - Direct Plan Growth Plan - Growth Option,22.8837,Nippon India Mutual Fund,Equity Scheme - Large Cap Fund
2016-05-13,118632,Nippon India Large Cap Fund - Direct Plan Growth Plan - Growth Option,22.7227,Nippon India Mutual Fund,Equity Scheme - Large Cap Fund
2016-05-16,118632,Nippon India Large Cap Fund - Direct Plan Growth Plan - Growth Option,22.6867,Nippon India Mutual Fund,Equity Scheme - Large Cap Fund
2016-05-17,118632,Nippon India Large Cap Fund - Direct Plan Growth Plan - Growth Option,22.8349,Nippon India Mutual Fund,Equity Scheme - Large Cap Fund
2016-05-18,118632,Nippon India Large Cap Fund - Direct Plan Growth Plan - Growth Option,22.7496,Nippon India Mutual Fund,Equity Scheme - Large Cap Fund
2016-05-19,118632,Nippon India Large Cap Fund - Direct Plan Growth Plan - Growth Option,22.4418,Nippon India Mutual Fund,Equity Scheme - Large Cap Fund
2016-05-20,118632,Nippon India Large Cap Fund - Direct Plan Growth Plan - Growth Option,22.3326,Nippon India Mutual Fund,Equity Scheme - Large Cap Fund
2016-05-23,118632,Nippon India Large Cap Fund - Direct Plan Growth Plan - Growth Option,22.2697,Nippon India Mutual Fund,Equity Scheme - Large Cap Fund
2016-05-24,118632,Nippon India Large Cap Fund - Direct Plan Growth Plan - Growth Option,22.2477,Nippon India Mutual Fund,Equity Scheme - Large Cap Fund
2016-05-25,118632,Nippon India Large Cap Fund - Direct Plan Growth Plan - Growth Option,22.766,Nippon India Mutual Fund,Equity Scheme - Large Cap Fund
2016-05-26,118632,Nippon India Large Cap Fund - Direct Plan Growth Plan - Growth Option,23.2084,Nippon India Mutual Fund,Equity Scheme - Large Cap Fund
2016-05-27,118632,Nippon India Large Cap Fund - Direct Plan Growth Plan - Growth Option,23.413,Nippon India Mutual Fund,Equity Scheme - Large Cap Fund
2016-05-30,118632,Nippon India Large Cap Fund - Direct Plan Growth Plan - Growth Option,23.4529,Nippon India Mutual Fund,Equity Scheme - Large Cap Fund
2016-05-31,118632,Nippon India Large Cap Fund - Direct Plan Growth Plan - Growth Option,23.5294,Nippon India Mutual Fund,Equity Scheme - Large Cap Fund
2016-06-01,118632,Nippon India Large Cap Fund - Direct Plan Growth Plan - Growth Option,23.4935,Nippon India Mutual Fund,Equity Scheme - Large Cap Fund
2016-06-02,118632,Nippon India Large Cap Fund - Direct Plan Growth Plan - Growth Option,23.6277,Nippon India Mutual Fund,Equity Scheme - Large Cap Fund
2016-06-03,118632,Nippon India Large Cap Fund - Direct Plan Growth Plan - Growth Option,23.5755,Nippon India Mutual Fund,Equity Scheme - Large Cap Fund
2016-06-06,118632,Nippon India Large Cap Fund - Direct Plan Growth Plan - Growth Option,23.6339,Nippon India Mutual Fund,Equity Scheme - Large Cap Fund
2016-06-07,118632,Nippon India Large Cap Fund - Direct Plan Growth Plan - Growth Option,23.89,Nippon India Mutual Fund,Equity Scheme - Large Cap Fund
2016-06-08,118632,Nippon India Large Cap Fund - Direct Plan Growth Plan - Growth Option,24.0318,Nippon India Mutual Fund,Equity Scheme - Large Cap Fund
2016-06-09,118632,Nippon India Large Cap Fund - Direct Plan Growth Plan - Growth Option,23.9139,Nippon India Mutual Fund,Equity Scheme - Large Cap Fund
2016-06-10,118632,Nippon India Large Cap Fund - Direct Plan Growth Plan - Growth Option,23.7818,Nippon India Mutual Fund,Equity Scheme - Large Cap Fund
2016-06-13,118632,Nippon India Large Cap Fund - Direct Plan Growth Plan - Growth Option,23.6063,Nippon India Mutual Fund,Equity Scheme - Large Cap Fund
2016-06-14,118632,Nippon India Large Cap Fund - Direct Plan Growth Plan - Growth Option,23.6765,Nippon India Mutual Fund,Equity Scheme - Large Cap Fund
2016-06-15,118632,Nippon India Large Cap Fund - Direct Plan Growth Plan - Growth Option,23.9778,Nippon India Mutual Fund,Equity Scheme - Large Cap Fund
2016-06-16,118632,Nippon India Large Cap Fund - Direct Plan Growth Plan - Growth Option,23.8671,Nippon India Mutual Fund,Equity Scheme - Large Cap Fund
2016-06-17,118632,Nippon India Large Cap Fund - Direct Plan Growth Plan - Growth Option,23.9414,Nippon India Mutual Fund,Equity Scheme - Large Cap Fund
2016-06-20,118632,Nippon India Large Cap Fund - Direct Plan Growth Plan - Growth Option,24.0874,Nippon India Mutual Fund,Equity Scheme - Large Cap Fund
2016-06-21,118632,Nippon India Large Cap Fund - Direct Plan Growth Plan - Growth Option,24.0185,Nippon India Mutual Fund,Equity Scheme - Large Cap Fund
2016-06-22,118632,Nippon India Large Cap Fund - Direct Plan Growth Plan - Growth Option,23.9513,Nippon India Mutual Fund,Equity Scheme - Large Cap Fund
2016-06-23,118632,Nippon India Large Cap Fund - Direct Plan Growth Plan - Growth Option,24.1395,Nippon India Mutual Fund,Equity Scheme - Large Cap Fund
2016-06-24,118632,Nippon India Large Cap Fund - Direct Plan Growth Plan - Growth Option,23.5903,Nippon India Mutual Fund,Equity Scheme - Large Cap Fund
2016-06-27,118632,Nippon India Large Cap Fund - Direct Plan Growth Plan - Growth Option,23.6954,Nippon India Mutual Fund,Equity Scheme - Large Cap Fund
2016-06-28,118632,Nippon India Large Cap Fund - Direct Plan Growth Plan - Growth Option,23.713,Nippon India Mutual Fund,Equity Scheme - Large Cap Fund
2016-06-29,118632,Nippon India Large Cap Fund - Direct Plan Growth Plan - Growth Option,23.9857,Nippon India Mutual Fund,Equity Scheme - Large Cap Fund
2016-06-30,118632,Nippon India Large Cap Fund - Direct Plan Growth Plan - Growth Option,24.2262,Nippon India Mutual Fund,Equity Scheme - Large Cap Fund
2016-07-01,118632,Nippon India Large Cap Fund - Direct Plan Growth Plan - Growth Option,24.5517,Nippon India Mutual Fund,Equity Scheme - Large Cap Fund
2016-07-04,118632,Nippon India Large Cap Fund - Direct Plan Growth Plan - Growth Option,24.7625,Nippon India Mutual Fund,Equity Scheme - Large Cap Fund
2016-07-05,118632,Nippon India Large Cap Fund - Direct Plan Growth Plan - Growth Option,24.6453,Nippon India Mutual Fund,Equity Scheme - Large Cap Fund
2016-07-07,118632,Nippon India Large Cap Fund - Direct Plan Growth Plan - Growth Option,24.5086,Nippon India Mutual Fund,Equity Scheme - Large Cap Fund
2016-07-08,118632,Nippon India Large Cap Fund - Direct Plan Growth Plan - Growth Option,24.4277,Nippon India Mutual Fund,Equity Scheme - Large Cap Fund
2016-07-11,118632,Nippon India Large Cap Fund - Direct Plan Growth Plan - Growth Option,24.7714,Nippon India Mutual Fund,Equity Scheme - Large Cap Fund
2016-07-12,118632,Nippon India Large Cap Fund - Direct Plan Growth Plan - Growth Option,24.9903,Nippon India Mutual Fund,Equity Scheme - Large Cap Fund
2016-07-13,118632,Nippon India Large Cap Fund - Direct Plan Growth Plan - Growth Option,24.9425,Nippon India Mutual Fund,Equity Scheme - Large Cap Fund
2016-07-14,118632,Nippon India Large Cap Fund - Direct Plan Growth Plan - Growth Option,25.1244,Nippon India Mutual Fund,Equity Scheme - Large Cap Fund
2016-07-15,118632,Nippon India Large Cap Fund - Direct Plan Growth Plan - Growth Option,25.0888,Nippon India Mutual Fund,Equity Scheme - Large Cap Fund
2016-07-18,118632,Nippon India Large Cap Fund - Direct Plan Growth Plan - Growth Option,25.0025,Nippon India Mutual Fund,Equity Scheme - Large Cap Fund
2016-07-19,118632,Nippon India Large Cap Fund - Direct Plan Growth Plan - Growth Option,25.1137,Nippon India Mutual Fund,Equity Scheme - Large Cap Fund
2016-07-20,118632,Nippon India Large Cap Fund - Direct Plan Growth Plan - Growth Option,25.3408,Nippon India Mutual Fund,Equity Scheme - Large Cap Fund
2016-07-21,118632,Nippon India Large Cap Fund - Direct Plan Growth Plan - Growth Option,25.1093,Nippon India Mutual Fund,Equity Scheme - Large Cap Fund
2016-07-22,118632,Nippon India Large Cap Fund - Direct Plan Growth Plan - Growth Option,25.229,Nippon India Mutual Fund,Equity Scheme - Large Cap Fund
2016-07-25,118632,Nippon India Large Cap Fund - Direct Plan Growth Plan - Growth Option,25.5399,Nippon India Mutual Fund,Equity Scheme - Large Cap Fund
2016-07-26,118632,Nippon India Large Cap Fund - Direct Plan Growth Plan - Growth Option,25.4165,Nippon India Mutual Fund,Equity Scheme - Large Cap Fund
2016-07-27,118632,Nippon India Large Cap Fund - Direct Plan Growth Plan - Growth Option,25.5884,Nippon India Mutual Fund,Equity Scheme - Large Cap Fund
2016-07-28,118632,Nippon India Large Cap Fund - Direct Plan Growth Plan - Growth Option,25.7223,Nippon India Mutual Fund,Equity Scheme - Large Cap Fund
2016-07-29,118632,Nippon India Large Cap Fund - Direct Plan Growth Plan - Growth Option,25.5813,Nippon India Mutual Fund,Equity Scheme - Large Cap Fund
2016-08-01,118632,Nippon India Large Cap Fund - Direct Plan Growth Plan - Growth Option,25.4483,Nippon India Mutual Fund,Equity Scheme - Large Cap Fund
2016-08-02,118632,Nippon India Large Cap Fund - Direct Plan Growth Plan - Growth Option,25.4105,Nippon India Mutual Fund,Equity Scheme - Large Cap Fund
2016-08-03,118632,Nippon India Large Cap Fund - Direct Plan Growth Plan - Growth Option,25.1746,Nippon India Mutual Fund,Equity Scheme - Large Cap Fund
2016-08-04,118632,Nippon India Large Cap Fund - Direct Plan Growth Plan - Growth Option,25.1597,Nippon India Mutual Fund,Equity Scheme - Large Cap Fund
2016-08-05,118632,Nippon India Large Cap Fund - Direct Plan Growth Plan - Growth Option,25.6611,Nippon India Mutual Fund,Equity Scheme - Large Cap Fund
2016-08-08,118632,Nippon India Large Cap Fund - Direct Plan Growth Plan - Growth Option,25.7013,Nippon India Mutual Fund,Equity Scheme - Large Cap Fund
2016-08-09,118632,Nippon India Large Cap Fund - Direct Plan Growth Plan - Growth Option,25.6157,Nippon India Mutual Fund,Equity Scheme - Large Cap Fund
2016-08-10,118632,Nippon India Large Cap Fund - Direct Plan Growth Plan - Growth Option,25.2349,Nippon India Mutual Fund,Equity Scheme - Large Cap Fund
2016-08-11,118632,Nippon India Large Cap Fund - Direct Plan Growth Plan - Growth Option,25.2549,Nippon India Mutual Fund,Equity Scheme - Large Cap Fund
2016-08-12,118632,Nippon India Large Cap Fund - Direct Plan Growth Plan - Growth Option,25.544,Nippon India Mutual Fund,Equity Scheme - Large Cap Fund
2016-08-16,118632,Nippon India Large Cap Fund - Direct Plan Growth Plan - Growth Option,25.6503,Nippon India Mutual Fund,Equity Scheme - Large Cap Fund
2016-08-17,118632,Nippon India Large Cap Fund - Direct Plan Growth Plan - Growth Option,25.7367,Nippon India Mutual Fund,Equity Scheme - Large Cap Fund
2016-08-18,118632,Nippon India Large Cap Fund - Direct Plan Growth Plan - Growth Option,25.8291,Nippon India Mutual Fund,Equity Scheme - Large Cap Fund
2016-08-19,118632,Nippon India Large Cap Fund - Direct Plan Growth Plan - Growth Option,25.9854,Nippon India Mutual Fund,Equity Scheme - Large Cap Fund
2016-08-22,118632,Nippon India Large Cap Fund - Direct Plan Growth Plan - Growth Option,25.8428,Nippon India Mutual Fund,Equity Scheme - Large Cap Fund
2016-08-23,118632,Nippon India Large Cap Fund - Direct Plan Growth Plan - Growth Option,25.8432,Nippon India Mutual Fund,Equity Scheme - Large Cap Fund
2016-08-24,118632,Nippon India Large Cap Fund - Direct Plan Growth Plan - Growth Option,25.9841,Nippon India Mutual Fund,Equity Scheme - Large Cap Fund
2016-08-25,118632,Nippon India Large Cap Fund - Direct Plan Growth Plan - Growth Option,25.9146,Nippon India Mutual Fund,Equity Scheme - Large Cap Fund
2016-08-26,118632,Nippon India Large Cap Fund - Direct Plan Growth Plan - Growth Option,25.8572,Nippon India Mutual Fund,Equity Scheme - Large Cap Fund
2016-08-29,118632,Nippon India Large Cap Fund - Direct Plan Growth Plan - Growth Option,25.9582,Nippon India Mutual Fund,Equity Scheme - Large Cap Fund
2016-08-30,118632,Nippon India Large Cap Fund - Direct Plan Growth Plan - Growth Option,26.3124,Nippon India Mutual Fund,Equity Scheme - Large Cap Fund
2016-08-31,118632,Nippon India Large Cap Fund - Direct Plan Growth Plan - Growth Option,26.4558,Nippon India Mutual Fund,Equity Scheme - Large Cap Fund
2016-09-01,118632,Nippon India Large Cap Fund - Direct Plan Growth Plan - Growth Option,26.4371,Nippon India Mutual Fund,Equity Scheme - Large Cap Fund
2016-09-02,118632,Nippon India Large Cap Fund - Direct Plan Growth Plan - Growth Option,26.5166,Nippon India Mutual Fund,Equity Scheme - Large Cap Fund
2016-09-06,118632,Nippon India Large Cap Fund - Direct Plan Growth Plan - Growth Option,26.9959,Nippon India Mutual Fund,Equity Scheme - Large Cap Fund
2016-09-07,118632,Nippon India Large Cap Fund - Direct Plan Growth Plan - Growth Option,27.1298,Nippon India Mutual Fund,Equity Scheme - Large Cap Fund
2016-09-08,118632,Nippon India Large Cap Fund - Direct Plan Growth Plan - Growth Option,27.1191,Nippon India Mutual Fund,Equity Scheme - Large Cap Fund
2016-09-09,118632,Nippon India Large Cap Fund - Direct Plan Growth Plan - Growth Option,26.8397,Nippon India Mutual Fund,Equity Scheme - Large Cap Fund
2016-09-12,118632,Nippon India Large Cap Fund - Direct Plan Growth Plan - Growth Option,26.2624,Nippon India Mutual Fund,Equity Scheme - Large Cap Fund
2016-09-14,118632,Nippon India Large Cap Fund - Direct Plan Growth Plan - Growth Option,26.3941,Nippon India Mutual Fund,Equity Scheme - Large Cap Fund
2016-09-15,118632,Nippon India Large Cap Fund - Direct Plan Growth Plan - Growth Option,26.3838,Nippon India Mutual Fund,Equity Scheme - Large Cap Fund
2016-09-16,118632,Nippon India Large Cap Fund - Direct Plan Growth Plan - Growth Option,26.4984,Nippon India Mutual Fund,Equity Scheme - Large Cap Fund
2016-09-19,118632,Nippon India Large Cap Fund - Direct Plan Growth Plan - Growth Option,26.5552,Nippon India Mutual Fund,Equity Scheme - Large Cap Fund
2016-09-20,118632,Nippon India Large Cap Fund - Direct Plan Growth Plan - Growth Option,26.5521,Nippon India Mutual Fund,Equity Scheme - Large Cap Fund
2016-09-21,118632,Nippon India Large Cap Fund - Direct Plan Growth Plan - Growth Option,26.5013,Nippon India Mutual Fund,Equity Scheme - Large Cap Fund
2016-09-22,118632,Nippon India Large Cap Fund - Direct Plan Growth Plan - Growth Option,26.8705,Nippon India Mutual Fund,Equity Scheme - Large Cap Fund
2016-09-23,118632,Nippon India Large Cap Fund - Direct Plan Growth Plan - Growth Option,26.8241,Nippon India Mutual Fund,Equity Scheme - Large Cap Fund
2016-09-26,118632,Nippon India Large Cap Fund - Direct Plan Growth Plan - Growth Option,26.5369,Nippon India Mutual Fund,Equity Scheme - Large Cap Fund
2016-09-27,118632,Nippon India Large Cap Fund - Direct Plan Growth Plan - Growth Option,26.4832,Nippon India Mutual Fund,Equity Scheme - Large Cap Fund
2016-09-28,118632,Nippon India Large Cap Fund - Direct Plan Growth Plan - Growth Option,26.5987,Nippon India Mutual Fund,Equity Scheme - Large Cap Fund
2016-09-29,118632,Nippon India Large Cap Fund - Direct Plan Growth Plan - Growth Option,25.9673,Nippon India Mutual Fund,Equity Scheme - Large Cap Fund
2016-09-30,118632,Nippon India Large Cap Fund - Direct Plan Growth Plan - Growth Option,26.2954,Nippon India Mutual Fund,Equity Scheme - Large Cap Fund
2016-10-03,118632,Nippon India Large Cap Fund - Direct Plan Growth Plan - Growth Option,26.714,Nippon India Mutual Fund,Equity Scheme - Large Cap Fund
2016-10-04,118632,Nippon India Large Cap Fund - Direct Plan Growth Plan - Growth Option,26.8853,Nippon India Mutual Fund,Equity Scheme - Large Cap Fund
2016-10-05,118632,Nippon India Large Cap Fund - Direct Plan Growth Plan - Growth Option,26.8287,Nippon India Mutual Fund,Equity Scheme - Large Cap Fund
2016-10-06,118632,Nippon India Large Cap Fund - Direct Plan Growth Plan - Growth Option,26.7141,Nippon India Mutual Fund,Equity Scheme - Large Cap Fund
2016-10-07,118632,Nippon India Large Cap Fund - Direct Plan Growth Plan - Growth Option,26.7255,Nippon India Mutual Fund,Equity Scheme - Large Cap Fund
2016-10-10,118632,Nippon India Large Cap Fund - Direct Plan Growth Plan - Growth Option,26.6654,Nippon India Mutual Fund,Equity Scheme - Large Cap Fund
2016-10-13,118632,Nippon India Large Cap Fund - Direct Plan Growth Plan - Growth Option,26.2504,Nippon India Mutual Fund,Equity Scheme - Large Cap Fund
2016-10-14,118632,Nippon India Large Cap Fund - Direct Plan Growth Plan - Growth Option,26.4532,Nippon India Mutual Fund,Equity Scheme - Large Cap Fund
2016-10-17,118632,Nippon India Large Cap Fund - Direct Plan Growth Plan - Growth Option,26.3385,Nippon India Mutual Fund,Equity Scheme - Large Cap Fund
2016-10-18,118632,Nippon India Large Cap Fund - Direct Plan Growth Plan - Growth Option,26.8552,Nippon India Mutual Fund,Equity Scheme - Large Cap Fund
2016-10-19,118632,Nippon India Large Cap Fund - Direct Plan Growth Plan - Growth Option,26.8289,Nippon India Mutual Fund,Equity Scheme - Large Cap Fund
2016-10-20,118632,Nippon India Large Cap Fund - Direct Plan Growth Plan - Growth Option,26.9608,Nippon India Mutual Fund,Equity Scheme - Large Cap Fund
2016-10-21,118632,Nippon India Large Cap Fund - Direct Plan Growth Plan - Growth Option,26.9751,Nippon India Mutual Fund,Equity Scheme - Large Cap Fund
2016-10-24,118632,Nippon India Large Cap Fund - Direct Plan Growth Plan - Growth Option,26.9649,Nippon India Mutual Fund,Equity Scheme - Large Cap Fund
2016-10-25,118632,Nippon India Large Cap Fund - Direct Plan Growth Plan - Growth Option,26.9049,Nippon India Mutual Fund,Equity Scheme - Large Cap Fund
2016-10-26,118632,Nippon India Large Cap Fund - Direct Plan Growth Plan - Growth Option,26.5422,Nippon India Mutual Fund,Equity Scheme - Large Cap Fund
2016-10-27,118632,Nippon India Large Cap Fund - Direct Plan Growth Plan - Growth Option,26.4065,Nippon India Mutual Fund,Equity Scheme - Large Cap Fund
2016-10-28,118632,Nippon India Large Cap Fund - Direct Plan Growth Plan - Growth Option,26.5327,Nippon India Mutual Fund,Equity Scheme - Large Cap Fund
2016-11-01,118632,Nippon India Large Cap Fund - Direct Plan Growth Plan - Growth Option,26.4556,Nippon India Mutual Fund,Equity Scheme - Large Cap Fund
2016-11-02,118632,Nippon India Large Cap Fund - Direct Plan Growth Plan - Growth Option,25.9866,Nippon India Mutual Fund,Equity Scheme - Large Cap Fund
2016-11-03,118632,Nippon India Large Cap Fund - Direct Plan Growth Plan - Growth Option,25.8165,Nippon India Mutual Fund,Equity Scheme - Large Cap Fund
2016-11-04,118632,Nippon India Large Cap Fund - Direct Plan Growth Plan - Growth Option,25.7192,Nippon India Mutual Fund,Equity Scheme - Large Cap Fund
2016-11-07,118632,Nippon India Large Cap Fund - Direct Plan Growth Plan - Growth Option,26.0267,Nippon India Mutual Fund,Equity Scheme - Large Cap Fund
2016-11-08,118632,Nippon India Large Cap Fund - Direct Plan Growth Plan - Growth Option,26.1779,Nippon India Mutual Fund,Equity Scheme - Large Cap Fund
2016-11-09,118632,Nippon India Large Cap Fund - Direct Plan Growth Plan - Growth Option,25.9815,Nippon India Mutual Fund,Equity Scheme - Large Cap Fund
2016-11-10,118632,Nippon India Large Cap Fund - Direct Plan Growth Plan - Growth Option,26.4475,Nippon India Mutual Fund,Equity Scheme - Large Cap Fund
2016-11-11,118632,Nippon India Large Cap Fund - Direct Plan Growth Plan - Growth Option,25.6714,Nippon India Mutual Fund,Equity Scheme - Large Cap Fund
2016-11-15,118632,Nippon India Large Cap Fund - Direct Plan Growth Plan - Growth Option,25.1317,Nippon India Mutual Fund,Equity Scheme - Large Cap Fund
2016-11-16,118632,Nippon India Large Cap Fund - Direct Plan Growth Plan - Growth Option,25.0917,Nippon India Mutual Fund,Equity Scheme - Large Cap Fund
2016-11-17,118632,Nippon India Large Cap Fund - Direct Plan Growth Plan - Growth Option,25.0541,Nippon India Mutual Fund,Equity Scheme - Large Cap Fund
2016-11-18,118632,Nippon India Large Cap Fund - Direct Plan Growth Plan - Growth Option,25.007,Nippon India Mutual Fund,Equity Scheme - Large Cap Fund
2016-11-21,118632,Nippon India Large Cap Fund - Direct Plan Growth Plan - Growth Option,24.3842,Nippon India Mutual Fund,Equity Scheme - Large Cap Fund
2016-11-22,118632,Nippon India Large Cap Fund - Direct Plan Growth Plan - Growth Option,24.6061,Nippon India Mutual Fund,Equity Scheme - Large Cap Fund
2016-11-23,118632,Nippon India Large Cap Fund - Direct Plan Growth Plan - Growth Option,24.7436,Nippon India Mutual Fund,Equity Scheme - Large Cap Fund
2016-11-24,118632,Nippon India Large Cap Fund - Direct Plan Growth Plan - Growth Option,24.4925,Nippon India Mutual Fund,Equity Scheme - Large Cap Fund
2016-11-25,118632,Nippon India Large Cap Fund - Direct Plan Growth Plan - Growth Option,24.846,Nippon India Mutual Fund,Equity Scheme - Large Cap Fund
2016-11-28,118632,Nippon India Large Cap Fund - Direct Plan Growth Plan - Growth Option,24.8044,Nippon India Mutual Fund,Equity Scheme - Large Cap Fund
2016-11-29,118632,Nippon India Large Cap Fund - Direct Plan Growth Plan - Growth Option,24.9637,Nippon India Mutual Fund,Equity Scheme - Large Cap Fund
2016-11-30,118632,Nippon India Large Cap Fund - Direct Plan Growth Plan - Growth Option,25.2121,Nippon India Mutual Fund,Equity Scheme - Large Cap Fund
2016-12-01,118632,Nippon India Large Cap Fund - Direct Plan Growth Plan - Growth Option,25.0419,Nippon India Mutual Fund,Equity Scheme - Large Cap Fund
2016-12-02,118632,Nippon India Large Cap Fund - Direct Plan Growth Plan - Growth Option,24.711,Nippon India Mutual Fund,Equity Scheme - Large Cap Fund
2016-12-05,118632,Nippon India Large Cap Fund - Direct Plan Growth Plan - Growth Option,24.8573,Nippon India Mutual Fund,Equity Scheme - Large Cap Fund
2016-12-06,118632,Nippon India Large Cap Fund - Direct Plan Growth Plan - Growth Option,24.9297,Nippon India Mutual Fund,Equity Scheme - Large Cap Fund
2016-12-07,118632,Nippon India Large Cap Fund - Direct Plan Growth Plan - Growth Option,24.8628,Nippon India Mutual Fund,Equity Scheme - Large Cap Fund
2016-12-08,118632,Nippon India Large Cap Fund - Direct Plan Growth Plan - Growth Option,25.2738,Nippon India Mutual Fund,Equity Scheme - Large Cap Fund
2016-12-09,118632,Nippon India Large Cap Fund - Direct Plan Growth Plan - Growth Option,25.397,Nippon India Mutual Fund,Equity Scheme - Large Cap Fund
2016-12-12,118632,Nippon India Large Cap Fund - Direct Plan Growth Plan - Growth Option,25.1439,Nippon India Mutual Fund,Equity Scheme - Large Cap Fund
2016-12-13,118632,Nippon India Large Cap Fund - Direct Plan Growth Plan - Growth Option,25.305,Nippon India Mutual Fund,Equity Scheme - Large Cap Fund
2016-12-14,118632,Nippon India Large Cap Fund - Direct Plan Growth Plan - Growth Option,25.1636,Nippon India Mutual Fund,Equity Scheme - Large Cap Fund
2016-12-15,118632,Nippon India Large Cap Fund - Direct Plan Growth Plan - Growth Option,25.138,Nippon India Mutual Fund,Equity Scheme - Large Cap Fund
2016-12-16,118632,Nippon India Large Cap Fund - Direct Plan Growth Plan - Growth Option,25.0934,Nippon India Mutual Fund,Equity Scheme - Large Cap Fund
2016-12-19,118632,Nippon India Large Cap Fund - Direct Plan Growth Plan - Growth Option,25.0737,Nippon India Mutual Fund,Equity Scheme - Large Cap Fund
2016-12-20,118632,Nippon India Large Cap Fund - Direct Plan Growth Plan - Growth Option,24.8474,Nippon India Mutual Fund,Equity Scheme - Large Cap Fund
2016-12-21,118632,Nippon India Large Cap Fund - Direct Plan Growth Plan - Growth Option,24.7959,Nippon India Mutual Fund,Equity Scheme - Large Cap Fund
2016-12-22,118632,Nippon India Large Cap Fund - Direct Plan Growth Plan - Growth Option,24.5111,Nippon India Mutual Fund,Equity Scheme - Large Cap Fund
2016-12-23,118632,Nippon India Large Cap Fund - Direct Plan Growth Plan - Growth Option,24.3644,Nippon India Mutual Fund,Equity Scheme - Large Cap Fund
2016-12-26,118632,Nippon India Large Cap Fund - Direct Plan Growth Plan - Growth Option,24.0174,Nippon India Mutual Fund,Equity Scheme - Large Cap Fund
2016-12-27,118632,Nippon India Large Cap Fund - Direct Plan Growth Plan - Growth Option,24.3943,Nippon India Mutual Fund,Equity Scheme - Large Cap Fund
2016-12-28,118632,Nippon India Large Cap Fund - Direct Plan Growth Plan - Growth Option,24.4405,Nippon India Mutual Fund,Equity Scheme - Large Cap Fund
2016-12-29,118632,Nippon India Large Cap Fund - Direct Plan Growth Plan - Growth Option,24.609,Nippon India Mutual Fund,Equity Scheme - Large Cap Fund
2016-12-30,118632,Nippon India Large Cap Fund - Direct Plan Growth Plan - Growth Option,24.8722,Nippon India Mutual Fund,Equity Scheme - Large Cap Fund
2017-01-02,118632,Nippon India Large Cap Fund - Direct Plan Growth Plan - Growth Option,24.8896,Nippon India Mutual Fund,Equity Scheme - Large Cap Fund
2017-01-03,118632,Nippon India Large Cap Fund - Direct Plan Growth Plan - Growth Option,25.0489,Nippon India Mutual Fund,Equity Scheme - Large Cap Fund
2017-01-04,118632,Nippon India Large Cap Fund - Direct Plan Growth Plan - Growth Option,24.9821,Nippon India Mutual Fund,Equity Scheme - Large Cap Fund
2017-01-05,118632,Nippon India Large Cap Fund - Direct Plan Growth Plan - Growth Option,25.1755,Nippon India Mutual Fund,Equity Scheme - Large Cap Fund
2017-01-06,118632,Nippon India Large Cap Fund - Direct Plan Growth Plan - Growth Option,25.0766,Nippon India Mutual Fund,Equity Scheme - Large Cap Fund
2017-01-09,118632,Nippon India Large Cap Fund - Direct Plan Growth Plan - Growth Option,25.0859,Nippon India Mutual Fund,Equity Scheme - Large Cap Fund
2017-01-10,118632,Nippon India Large Cap Fund - Direct Plan Growth Plan - Growth Option,25.3305,Nippon India Mutual Fund,Equity Scheme - Large Cap Fund
2017-01-11,118632,Nippon India Large Cap Fund - Direct Plan Growth Plan - Growth Option,25.5653,Nippon India Mutual Fund,Equity Scheme - Large Cap Fund
2017-01-12,118632,Nippon India Large Cap Fund - Direct Plan Growth Plan - Growth Option,25.6686,Nippon India Mutual Fund,Equity Scheme - Large Cap Fund
2017-01-13,118632,Nippon India Large Cap Fund - Direct Plan Growth Plan - Growth Option,25.6832,Nippon India Mutual Fund,Equity Scheme - Large Cap Fund
2017-01-16,118632,Nippon India Large Cap Fund - Direct Plan Growth Plan - Growth Option,25.6849,Nippon India Mutual Fund,Equity Scheme - Large Cap Fund
2017-01-17,118632,Nippon India Large Cap Fund - Direct Plan Growth Plan - Growth Option,25.626,Nippon India Mutual Fund,Equity Scheme - Large Cap Fund
2017-01-18,118632,Nippon India Large Cap Fund - Direct Plan Growth Plan - Growth Option,25.7876,Nippon India Mutual Fund,Equity Scheme - Large Cap Fund
2017-01-19,118632,Nippon India Large Cap Fund - Direct Plan Growth Plan - Growth Option,25.9411,Nippon India Mutual Fund,Equity Scheme - Large Cap Fund
2017-01-20,118632,Nippon India Large Cap Fund - Direct Plan Growth Plan - Growth Option,25.5789,Nippon India Mutual Fund,Equity Scheme - Large Cap Fund
2017-01-23,118632,Nippon India Large Cap Fund - Direct Plan Growth Plan - Growth Option,25.6994,Nippon India Mutual Fund,Equity Scheme - Large Cap Fund
2017-01-24,118632,Nippon India Large Cap Fund - Direct Plan Growth Plan - Growth Option,25.8993,Nippon India Mutual Fund,Equity Scheme - Large Cap Fund
2017-01-25,118632,Nippon India Large Cap Fund - Direct Plan Growth Plan - Growth Option,26.1145,Nippon India Mutual Fund,Equity Scheme - Large Cap Fund
2017-01-27,118632,Nippon India Large Cap Fund - Direct Plan Growth Plan - Growth Option,26.371,Nippon India Mutual Fund,Equity Scheme - Large Cap Fund
2017-01-30,118632,Nippon India Large Cap Fund - Direct Plan Growth Plan - Growth Option,26.3299,Nippon India Mutual Fund,Equity Scheme - Large Cap Fund
2017-01-31,118632,Nippon India Large Cap Fund - Direct Plan Growth Plan - Growth Option,26.0445,Nippon India Mutual Fund,Equity Scheme - Large Cap Fund
2017-02-01,118632,Nippon India Large Cap Fund - Direct Plan Growth Plan - Growth Option,26.6348,Nippon India Mutual Fund,Equity Scheme - Large Cap Fund
2017-02-02,118632,Nippon India Large Cap Fund - Direct Plan Growth Plan - Growth Option,26.8202,Nippon India Mutual Fund,Equity Scheme - Large Cap Fund
2017-02-03,118632,Nippon India Large Cap Fund - Direct Plan Growth Plan - Growth Option,26.8479,Nippon India Mutual Fund,Equity Scheme - Large Cap Fund
2017-02-06,118632,Nippon India Large Cap Fund - Direct Plan Growth Plan - Growth Option,27.1466,Nippon India Mutual Fund,Equity Scheme - Large Cap Fund
2017-02-07,118632,Nippon India Large Cap Fund - Direct Plan Growth Plan - Growth Option,27.0582,Nippon India Mutual Fund,Equity Scheme - Large Cap Fund
2017-02-08,118632,Nippon India Large Cap Fund - Direct Plan Growth Plan - Growth Option,27.077,Nippon India Mutual Fund,Equity Scheme - Large Cap Fund
2017-02-09,118632,Nippon India Large Cap Fund - Direct Plan Growth Plan - Growth Option,27.1861,Nippon India Mutual Fund,Equity Scheme - Large Cap Fund
2017-02-10,118632,Nippon India Large Cap Fund - Direct Plan Growth Plan - Growth Option,27.1467,Nippon India Mutual Fund,Equity Scheme - Large Cap Fund
2017-02-13,118632,Nippon India Large Cap Fund - Direct Plan Growth Plan - Growth Option,27.141,Nippon India Mutual Fund,Equity Scheme - Large Cap Fund
2017-02-14,118632,Nippon India Large Cap Fund - Direct Plan Growth Plan - Growth Option,27.1432,Nippon India Mutual Fund,Equity Scheme - Large Cap Fund
2017-02-15,118632,Nippon India Large Cap Fund - Direct Plan Growth Plan - Growth Option,26.9386,Nippon India Mutual Fund,Equity Scheme - Large Cap Fund
2017-02-16,118632,Nippon India Large Cap Fund - Direct Plan Growth Plan - Growth Option,27.3213,Nippon India Mutual Fund,Equity Scheme - Large Cap Fund
2017-02-17,118632,Nippon India Large Cap Fund - Direct Plan Growth Plan - Growth Option,27.4476,Nippon India Mutual Fund,Equity Scheme - Large Cap Fund
2017-02-20,118632,Nippon India Large Cap Fund - Direct Plan Growth Plan - Growth Option,27.5539,Nippon India Mutual Fund,Equity Scheme - Large Cap Fund
2017-02-21,118632,Nippon India Large Cap Fund - Direct Plan Growth Plan - Growth Option,27.683,Nippon India Mutual Fund,Equity Scheme - Large Cap Fund
2017-02-22,118632,Nippon India Large Cap Fund - Direct Plan Growth Plan - Growth Option,27.6601,Nippon India Mutual Fund,Equity Scheme - Large Cap Fund
2017-02-23,118632,Nippon India Large Cap Fund - Direct Plan Growth Plan - Growth Option,27.6276,Nippon India Mutual Fund,Equity Scheme - Large Cap Fund
2017-02-27,118632,Nippon India Large Cap Fund - Direct Plan Growth Plan - Growth Option,27.5559,Nippon India Mutual Fund,Equity Scheme - Large Cap Fund
2017-02-28,118632,Nippon India Large Cap Fund - Direct Plan Growth Plan - Growth Option,27.5949,Nippon India Mutual Fund,Equity Scheme - Large Cap Fund
2017-03-01,118632,Nippon India Large Cap Fund - Direct Plan Growth Plan - Growth Option,27.7667,Nippon India Mutual Fund,Equity Scheme - Large Cap Fund
2017-03-02,118632,Nippon India Large Cap Fund - Direct Plan Growth Plan - Growth Option,27.4685,Nippon India Mutual Fund,Equity Scheme - Large Cap Fund
2017-03-03,118632,Nippon India Large Cap Fund - Direct Plan Growth Plan - Growth Option,27.4886,Nippon India Mutual Fund,Equity Scheme - Large Cap Fund
2017-03-06,118632,Nippon India Large Cap Fund - Direct Plan Growth Plan - Growth Option,27.673,Nippon India Mutual Fund,Equity Scheme - Large Cap Fund
2017-03-07,118632,Nippon India Large Cap Fund - Direct Plan Growth Plan - Growth Option,27.5637,Nippon India Mutual Fund,Equity Scheme - Large Cap Fund
2017-03-08,118632,Nippon India Large Cap Fund - Direct Plan Growth Plan - Growth Option,27.5182,Nippon India Mutual Fund,Equity Scheme - Large Cap Fund
2017-03-09,118632,Nippon India Large Cap Fund - Direct Plan Growth Plan - Growth Option,27.4788,Nippon India Mutual Fund,Equity Scheme - Large Cap Fund
2017-03-10,118632,Nippon India Large Cap Fund - Direct Plan Growth Plan - Growth Option,27.4825,Nippon India Mutual Fund,Equity Scheme - Large Cap Fund
2017-03-14,118632,Nippon India Large Cap Fund - Direct Plan Growth Plan - Growth Option,27.9109,Nippon India Mutual Fund,Equity Scheme - Large Cap Fund
2017-03-15,118632,Nippon India Large Cap Fund - Direct Plan Growth Plan - Growth Option,28.0499,Nippon India Mutual Fund,Equity Scheme - Large Cap Fund
2017-03-16,118632,Nippon India Large Cap Fund - Direct Plan Growth Plan - Growth Option,28.2994,Nippon India Mutual Fund,Equity Scheme - Large Cap Fund
2017-03-17,118632,Nippon India Large Cap Fund - Direct Plan Growth Plan - Growth Option,28.292,Nippon India Mutual Fund,Equity Scheme - Large Cap Fund
2017-03-20,118632,Nippon India Large Cap Fund - Direct Plan Growth Plan - Growth Option,28.2515,Nippon India Mutual Fund,Equity Scheme - Large Cap Fund
2017-03-21,118632,Nippon India Large Cap Fund - Direct Plan Growth Plan - Growth Option,28.1844,Nippon India Mutual Fund,Equity Scheme - Large Cap Fund
2017-03-22,118632,Nippon India Large Cap Fund - Direct Plan Growth Plan - Growth Option,27.8971,Nippon India Mutual Fund,Equity Scheme - Large Cap Fund
2017-03-23,118632,Nippon India Large Cap Fund - Direct Plan Growth Plan - Growth Option,28.1365,Nippon India Mutual Fund,Equity Scheme - Large Cap Fund
2017-03-24,118632,Nippon India Large Cap Fund - Direct Plan Growth Plan - Growth Option,28.2564,Nippon India Mutual Fund,Equity Scheme - Large Cap Fund
2017-03-27,118632,Nippon India Large Cap Fund - Direct Plan Growth Plan - Growth Option,28.1739,Nippon India Mutual Fund,Equity Scheme - Large Cap Fund
2017-03-28,118632,Nippon India Large Cap Fund - Direct Plan Growth Plan - Growth Option,28.3246,Nippon India Mutual Fund,Equity Scheme - Large Cap Fund
2017-03-29,118632,Nippon India Large Cap Fund - Direct Plan Growth Plan - Growth Option,28.4492,Nippon India Mutual Fund,Equity Scheme - Large Cap Fund
2017-03-30,118632,Nippon India Large Cap Fund - Direct Plan Growth Plan - Growth Option,28.5509,Nippon India Mutual Fund,Equity Scheme - Large Cap Fund
2017-03-31,118632,Nippon India Large Cap Fund - Direct Plan Growth Plan - Growth Option,28.6533,Nippon India Mutual Fund,Equity Scheme - Large Cap Fund
2017-04-03,118632,Nippon India Large Cap Fund - Direct Plan Growth Plan - Growth Option,28.911,Nippon India Mutual Fund,Equity Scheme - Large Cap Fund
2017-04-05,118632,Nippon India Large Cap Fund - Direct Plan Growth Plan - Growth Option,29.0429,Nippon India Mutual Fund,Equity Scheme - Large Cap Fund
2017-04-06,118632,Nippon India Large Cap Fund - Direct Plan Growth Plan - Growth Option,28.9812,Nippon India Mutual Fund,Equity Scheme - Large Cap Fund
2017-04-07,118632,Nippon India Large Cap Fund - Direct Plan Growth Plan - Growth Option,28.95,Nippon India Mutual Fund,Equity Scheme - Large Cap Fund
2017-04-10,118632,Nippon India Large Cap Fund - Direct Plan Growth Plan - Growth Option,29.0389,Nippon India Mutual Fund,Equity Scheme - Large Cap Fund
2017-04-11,118632,Nippon India Large Cap Fund - Direct Plan Growth Plan - Growth Option,29.3229,Nippon India Mutual Fund,Equity Scheme - Large Cap Fund
2017-04-12,118632,Nippon India Large Cap Fund - Direct Plan Growth Plan - Growth Option,29.2211,Nippon India Mutual Fund,Equity Scheme - Large Cap Fund
2017-04-13,118632,Nippon India Large Cap Fund - Direct Plan Growth Plan - Growth Option,29.0791,Nippon India Mutual Fund,Equity Scheme - Large Cap Fund
2017-04-17,118632,Nippon India Large Cap Fund - Direct Plan Growth Plan - Growth Option,28.9722,Nippon India Mutual Fund,Equity Scheme - Large Cap Fund
2017-04-18,118632,Nippon India Large Cap Fund - Direct Plan Growth Plan - Growth Option,28.7691,Nippon India Mutual Fund,Equity Scheme - Large Cap Fund
2017-04-19,118632,Nippon India Large Cap Fund - Direct Plan Growth Plan - Growth Option,28.7578,Nippon India Mutual Fund,Equity Scheme - Large Cap Fund
2017-04-20,118632,Nippon India Large Cap Fund - Direct Plan Growth Plan - Growth Option,28.863,Nippon India Mutual Fund,Equity Scheme - Large Cap Fund
2017-04-21,118632,Nippon India Large Cap Fund - Direct Plan Growth Plan - Growth Option,28.8038,Nippon India Mutual Fund,Equity Scheme - Large Cap Fund
2017-04-24,118632,Nippon India Large Cap Fund - Direct Plan Growth Plan - Growth Option,29.1286,Nippon India Mutual Fund,Equity Scheme - Large Cap Fund
2017-04-25,118632,Nippon India Large Cap Fund - Direct Plan Growth Plan - Growth Option,29.3921,Nippon India Mutual Fund,Equity Scheme - Large Cap Fund
2017-04-26,118632,Nippon India Large Cap Fund - Direct Plan Growth Plan - Growth Option,29.5173,Nippon India Mutual Fund,Equity Scheme - Large Cap Fund
2017-04-27,118632,Nippon India Large Cap Fund - Direct Plan Growth Plan - Growth Option,29.4387,Nippon India Mutual Fund,Equity Scheme - Large Cap Fund
2017-04-28,118632,Nippon India Large Cap Fund - Direct Plan Growth Plan - Growth Option,29.4278,Nippon India Mutual Fund,Equity Scheme - Large Cap Fund
2017-05-02,118632,Nippon India Large Cap Fund - Direct Plan Growth Plan - Growth Option,29.46,Nippon India Mutual Fund,Equity Scheme - Large Cap Fund
2017-05-03,118632,Nippon India Large Cap Fund - Direct Plan Growth Plan - Growth Option,29.4667,Nippon India Mutual Fund,Equity Scheme - Large Cap Fund
2017-05-04,118632,Nippon India Large Cap Fund - Direct Plan Growth Plan - Growth Option,29.6105,Nippon India Mutual Fund,Equity Scheme - Large Cap Fund
2017-05-05,118632,Nippon India Large Cap Fund - Direct Plan Growth Plan - Growth Option,29.4109,Nippon India Mutual Fund,Equity Scheme - Large Cap Fund
2017-05-08,118632,Nippon India Large Cap Fund - Direct Plan Growth Plan - Growth Option,29.5504,Nippon India Mutual Fund,Equity Scheme - Large Cap Fund
2017-05-09,118632,Nippon India Large Cap Fund - Direct Plan Growth Plan - Growth Option,29.6765,Nippon India Mutual Fund,Equity Scheme - Large Cap Fund
2017-05-10,118632,Nippon India Large Cap Fund - Direct Plan Growth Plan - Growth Option,29.9594,Nippon India Mutual Fund,Equity Scheme - Large Cap Fund
2017-05-11,118632,Nippon India Large Cap Fund - Direct Plan Growth Plan - Growth Option,30.031,Nippon India Mutual Fund,Equity Scheme - Large Cap Fund
2017-05-12,118632,Nippon India Large Cap Fund - Direct Plan Growth Plan - Growth Option,29.9322,Nippon India Mutual Fund,Equity Scheme - Large Cap Fund
2017-05-15,118632,Nippon India Large Cap Fund - Direct Plan Growth Plan - Growth Option,30.1935,Nippon India Mutual Fund,Equity Scheme - Large Cap Fund
2017-05-16,118632,Nippon India Large Cap Fund - Direct Plan Growth Plan - Growth Option,30.3329,Nippon India Mutual Fund,Equity Scheme - Large Cap Fund
2017-05-17,118632,Nippon India Large Cap Fund - Direct Plan Growth Plan - Growth Option,30.3774,Nippon India Mutual Fund,Equity Scheme - Large Cap Fund
2017-05-18,118632,Nippon India Large Cap Fund - Direct Plan Growth Plan - Growth Option,29.9507,Nippon India Mutual Fund,Equity Scheme - Large Cap Fund
2017-05-19,118632,Nippon India Large Cap Fund - Direct Plan Growth Plan - Growth Option,29.8971,Nippon India Mutual Fund,Equity Scheme - Large Cap Fund
2017-05-22,118632,Nippon India Large Cap Fund - Direct Plan Growth Plan - Growth Option,29.7612,Nippon India Mutual Fund,Equity Scheme - Large Cap Fund
2017-05-23,118632,Nippon India Large Cap Fund - Direct Plan Growth Plan - Growth Option,29.4538,Nippon India Mutual Fund,Equity Scheme - Large Cap Fund
2017-05-24,118632,Nippon India Large Cap Fund - Direct Plan Growth Plan - Growth Option,29.1671,Nippon India Mutual Fund,Equity Scheme - Large Cap Fund
2017-05-25,118632,Nippon India Large Cap Fund - Direct Plan Growth Plan - Growth Option,29.59,Nippon India Mutual Fund,Equity Scheme - Large Cap Fund
2017-05-26,118632,Nippon India Large Cap Fund - Direct Plan Growth Plan - Growth Option,29.9662,Nippon India Mutual Fund,Equity Scheme - Large Cap Fund
2017-05-29,118632,Nippon India Large Cap Fund - Direct Plan Growth Plan - Growth Option,29.8361,Nippon India Mutual Fund,Equity Scheme - Large Cap Fund
2017-05-30,118632,Nippon India Large Cap Fund - Direct Plan Growth Plan - Growth Option,29.9735,Nippon India Mutual Fund,Equity Scheme - Large Cap Fund
2017-05-31,118632,Nippon India Large Cap Fund - Direct Plan Growth Plan - Growth Option,30.1017,Nippon India Mutual Fund,Equity Scheme - Large Cap Fund
2017-06-01,118632,Nippon India Large Cap Fund - Direct Plan Growth Plan - Growth Option,30.1327,Nippon India Mutual Fund,Equity Scheme - Large Cap Fund
2017-06-02,118632,Nippon India Large Cap Fund - Direct Plan Growth Plan - Growth Option,30.3031,Nippon India Mutual Fund,Equity Scheme - Large Cap Fund
2017-06-05,118632,Nippon India Large Cap Fund - Direct Plan Growth Plan - Growth Option,30.3514,Nippon India Mutual Fund,Equity Scheme - Large Cap Fund
2017-06-06,118632,Nippon India Large Cap Fund - Direct Plan Growth Plan - Growth Option,30.229,Nippon India Mutual Fund,Equity Scheme - Large Cap Fund
2017-06-07,118632,Nippon India Large Cap Fund - Direct Plan Growth Plan - Growth Option,30.4099,Nippon India Mutual Fund,Equity Scheme - Large Cap Fund
2017-06-08,118632,Nippon India Large Cap Fund - Direct Plan Growth Plan - Growth Option,30.506,Nippon India Mutual Fund,Equity Scheme - Large Cap Fund
2017-06-09,118632,Nippon India Large Cap Fund - Direct Plan Growth Plan - Growth Option,30.5259,Nippon India Mutual Fund,Equity Scheme - Large Cap Fund
2017-06-12,118632,Nippon India Large Cap Fund - Direct Plan Growth Plan - Growth Option,30.3447,Nippon India Mutual Fund,Equity Scheme - Large Cap Fund
2017-06-13,118632,Nippon India Large Cap Fund - Direct Plan Growth Plan - Growth Option,30.4037,Nippon India Mutual Fund,Equity Scheme - Large Cap Fund
2017-06-14,118632,Nippon India Large Cap Fund - Direct Plan Growth Plan - Growth Option,30.3841,Nippon India Mutual Fund,Equity Scheme - Large Cap Fund
2017-06-15,118632,Nippon India Large Cap Fund - Direct Plan Growth Plan - Growth Option,30.4269,Nippon India Mutual Fund,Equity Scheme - Large Cap Fund
2017-06-16,118632,Nippon India Large Cap Fund - Direct Plan Growth Plan - Growth Option,30.488,Nippon India Mutual Fund,Equity Scheme - Large Cap Fund
2017-06-19,118632,Nippon India Large Cap Fund - Direct Plan Growth Plan - Growth Option,30.6373,Nippon India Mutual Fund,Equity Scheme - Large Cap Fund
2017-06-20,118632,Nippon India Large Cap Fund - Direct Plan Growth Plan - Growth Option,30.6466,Nippon India Mutual Fund,Equity Scheme - Large Cap Fund
2017-06-21,118632,Nippon India Large Cap Fund - Direct Plan Growth Plan - Growth Option,30.6339,Nippon India Mutual Fund,Equity Scheme - Large Cap Fund
2017-06-22,118632,Nippon India Large Cap Fund - Direct Plan Growth Plan - Growth Option,30.6326,Nippon India Mutual Fund,Equity Scheme - Large Cap Fund
2017-06-23,118632,Nippon India Large Cap Fund - Direct Plan Growth Plan - Growth Option,30.4523,Nippon India Mutual Fund,Equity Scheme - Large Cap Fund
2017-06-27,118632,Nippon India Large Cap Fund - Direct Plan Growth Plan - Growth Option,30.1895,Nippon India Mutual Fund,Equity Scheme - Large Cap Fund
2017-06-28,118632,Nippon India Large Cap Fund - Direct Plan Growth Plan - Growth Option,30.1719,Nippon India Mutual Fund,Equity Scheme - Large Cap Fund
2017-06-29,118632,Nippon India Large Cap Fund - Direct Plan Growth Plan - Growth Option,30.2774,Nippon India Mutual Fund,Equity Scheme - Large Cap Fund
2017-06-30,118632,Nippon India Large Cap Fund - Direct Plan Growth Plan - Growth Option,30.4672,Nippon India Mutual Fund,Equity Scheme - Large Cap Fund
2017-07-03,118632,Nippon India Large Cap Fund - Direct Plan Growth Plan - Growth Option,30.7076,Nippon India Mutual Fund,Equity Scheme - Large Cap Fund
2017-07-04,118632,Nippon India Large Cap Fund - Direct Plan Growth Plan - Growth Option,30.6469,Nippon India Mutual Fund,Equity Scheme - Large Cap Fund
2017-07-05,118632,Nippon India Large Cap Fund - Direct Plan Growth Plan - Growth Option,30.7453,Nippon India Mutual Fund,Equity Scheme - Large Cap Fund
2017-07-06,118632,Nippon India Large Cap Fund - Direct Plan Growth Plan - Growth Option,30.9183,Nippon India Mutual Fund,Equity Scheme - Large Cap Fund
2017-07-07,118632,Nippon India Large Cap Fund - Direct Plan Growth Plan - Growth Option,30.9141,Nippon India Mutual Fund,Equity Scheme - Large Cap Fund
2017-07-10,118632,Nippon India Large Cap Fund - Direct Plan Growth Plan - Growth Option,31.2073,Nippon India Mutual Fund,Equity Scheme - Large Cap Fund
2017-07-11,118632,Nippon India Large Cap Fund - Direct Plan Growth Plan - Growth Option,31.1432,Nippon India Mutual Fund,Equity Scheme - Large Cap Fund
2017-07-12,118632,Nippon India Large Cap Fund - Direct Plan Growth Plan - Growth Option,31.2596,Nippon India Mutual Fund,Equity Scheme - Large Cap Fund
2017-07-13,118632,Nippon India Large Cap Fund - Direct Plan Growth Plan - Growth Option,31.4959,Nippon India Mutual Fund,Equity Scheme - Large Cap Fund
2017-07-14,118632,Nippon India Large Cap Fund - Direct Plan Growth Plan - Growth Option,31.5794,Nippon India Mutual Fund,Equity Scheme - Large Cap Fund
2017-07-17,118632,Nippon India Large Cap Fund - Direct Plan Growth Plan - Growth Option,31.6883,Nippon India Mutual Fund,Equity Scheme - Large Cap Fund
2017-07-18,118632,Nippon India Large Cap Fund - Direct Plan Growth Plan - Growth Option,31.4552,Nippon India Mutual Fund,Equity Scheme - Large Cap Fund
2017-07-19,118632,Nippon India Large Cap Fund - Direct Plan Growth Plan - Growth Option,31.6947,Nippon India Mutual Fund,Equity Scheme - Large Cap Fund
2017-07-20,118632,Nippon India Large Cap Fund - Direct Plan Growth Plan - Growth Option,31.6109,Nippon India Mutual Fund,Equity Scheme - Large Cap Fund
2017-07-21,118632,Nippon India Large Cap Fund - Direct Plan Growth Plan - Growth Option,31.6364,Nippon India Mutual Fund,Equity Scheme - Large Cap Fund
2017-07-24,118632,Nippon India Large Cap Fund - Direct Plan Growth Plan - Growth Option,31.6634,Nippon India Mutual Fund,Equity Scheme - Large Cap Fund
2017-07-25,118632,Nippon India Large Cap Fund - Direct Plan Growth Plan - Growth Option,31.7053,Nippon India Mutual Fund,Equity Scheme - Large Cap Fund
2017-07-26,118632,Nippon India Large Cap Fund - Direct Plan Growth Plan - Growth Option,31.8441,Nippon India Mutual Fund,Equity Scheme - Large Cap Fund
2017-07-27,118632,Nippon India Large Cap Fund - Direct Plan Growth Plan - Growth Option,31.8026,Nippon India Mutual Fund,Equity Scheme - Large Cap Fund
2017-07-28,118632,Nippon India Large Cap Fund - Direct Plan Growth Plan - Growth Option,31.8224,Nippon India Mutual Fund,Equity Scheme - Large Cap Fund
2017-07-31,118632,Nippon India Large Cap Fund - Direct Plan Growth Plan - Growth Option,32.0535,Nippon India Mutual Fund,Equity Scheme - Large Cap Fund
2017-08-01,118632,Nippon India Large Cap Fund - Direct Plan Growth Plan - Growth Option,32.1063,Nippon India Mutual Fund,Equity Scheme - Large Cap Fund
2017-08-02,118632,Nippon India Large Cap Fund - Direct Plan Growth Plan - Growth Option,32.0117,Nippon India Mutual Fund,Equity Scheme - Large Cap Fund
2017-08-03,118632,Nippon India Large Cap Fund - Direct Plan Growth Plan - Growth Option,31.6737,Nippon India Mutual Fund,Equity Scheme - Large Cap Fund
2017-08-04,118632,Nippon India Large Cap Fund - Direct Plan Growth Plan - Growth Option,31.7571,Nippon India Mutual Fund,Equity Scheme - Large Cap Fund
2017-08-07,118632,Nippon India Large Cap Fund - Direct Plan Growth Plan - Growth Option,31.8846,Nippon India Mutual Fund,Equity Scheme - Large Cap Fund
2017-08-08,118632,Nippon India Large Cap Fund - Direct Plan Growth Plan - Growth Option,31.6179,Nippon India Mutual Fund,Equity Scheme - Large Cap Fund
2017-08-09,118632,Nippon India Large Cap Fund - Direct Plan Growth Plan - Growth Option,31.2446,Nippon India Mutual Fund,Equity Scheme - Large Cap Fund
2017-08-10,118632,Nippon India Large Cap Fund - Direct Plan Growth Plan - Growth Option,30.9067,Nippon India Mutual Fund,Equity Scheme - Large Cap Fund
2017-08-11,118632,Nippon India Large Cap Fund - Direct Plan Growth Plan - Growth Option,30.6617,Nippon India Mutual Fund,Equity Scheme - Large Cap Fund
2017-08-14,118632,Nippon India Large Cap Fund - Direct Plan Growth Plan - Growth Option,31.0202,Nippon India Mutual Fund,Equity Scheme - Large Cap Fund
2017-08-16,118632,Nippon India Large Cap Fund - Direct Plan Growth Plan - Growth Option,31.4207,Nippon India Mutual Fund,Equity Scheme - Large Cap Fund
2017-08-17,118632,Nippon India Large Cap Fund - Direct Plan Growth Plan - Growth Option,31.4255,Nippon India Mutual Fund,Equity Scheme - Large Cap Fund
2017-08-18,118632,Nippon India Large Cap Fund - Direct Plan Growth Plan - Growth Option,31.117,Nippon India Mutual Fund,Equity Scheme - Large Cap Fund
2017-08-21,118632,Nippon India Large Cap Fund - Direct Plan Growth Plan - Growth Option,30.7548,Nippon India Mutual Fund,Equity Scheme - Large Cap Fund
2017-08-22,118632,Nippon India Large Cap Fund - Direct Plan Growth Plan - Growth Option,30.7924,Nippon India Mutual Fund,Equity Scheme - Large Cap Fund
2017-08-23,118632,Nippon India Large Cap Fund - Direct Plan Growth Plan - Growth Option,31.1119,Nippon India Mutual Fund,Equity Scheme - Large Cap Fund
2017-08-24,118632,Nippon India Large Cap Fund - Direct Plan Growth Plan - Growth Option,31.2131,Nippon India Mutual Fund,Equity Scheme - Large Cap Fund
2017-08-28,118632,Nippon India Large Cap Fund - Direct Plan Growth Plan - Growth Option,31.4622,Nippon India Mutual Fund,Equity Scheme - Large Cap Fund
2017-08-29,118632,Nippon India Large Cap Fund - Direct Plan Growth Plan - Growth Option,31.1049,Nippon India Mutual Fund,Equity Scheme - Large Cap Fund
2017-08-30,118632,Nippon India Large Cap Fund - Direct Plan Growth Plan - Growth Option,31.4015,Nippon India Mutual Fund,Equity Scheme - Large Cap Fund
2017-08-31,118632,Nippon India Large Cap Fund - Direct Plan Growth Plan - Growth Option,31.4141,Nippon India Mutual Fund,Equity Scheme - Large Cap Fund
2017-09-01,118632,Nippon India Large Cap Fund - Direct Plan Growth Plan - Growth Option,31.6691,Nippon India Mutual Fund,Equity Scheme - Large Cap Fund
2017-09-04,118632,Nippon India Large Cap Fund - Direct Plan Growth Plan - Growth Option,31.4361,Nippon India Mutual Fund,Equity Scheme - Large Cap Fund
2017-09-05,118632,Nippon India Large Cap Fund - Direct Plan Growth Plan - Growth Option,31.5585,Nippon India Mutual Fund,Equity Scheme - Large Cap Fund
2017-09-06,118632,Nippon India Large Cap Fund - Direct Plan Growth Plan - Growth Option,31.3772,Nippon India Mutual Fund,Equity Scheme - Large Cap Fund
2017-09-07,118632,Nippon India Large Cap Fund - Direct Plan Growth Plan - Growth Option,31.4877,Nippon India Mutual Fund,Equity Scheme - Large Cap Fund
2017-09-08,118632,Nippon India Large Cap Fund - Direct Plan Growth Plan - Growth Option,31.4232,Nippon India Mutual Fund,Equity Scheme - Large Cap Fund
2017-09-11,118632,Nippon India Large Cap Fund - Direct Plan Growth Plan - Growth Option,31.6347,Nippon India Mutual Fund,Equity Scheme - Large Cap Fund
2017-09-12,118632,Nippon India Large Cap Fund - Direct Plan Growth Plan - Growth Option,32.094,Nippon India Mutual Fund,Equity Scheme - Large Cap Fund
2017-09-13,118632,Nippon India Large Cap Fund - Direct Plan Growth Plan - Growth Option,31.9919,Nippon India Mutual Fund,Equity Scheme - Large Cap Fund
2017-09-14,118632,Nippon India Large Cap Fund - Direct Plan Growth Plan - Growth Option,32.2205,Nippon India Mutual Fund,Equity Scheme - Large Cap Fund
2017-09-15,118632,Nippon India Large Cap Fund - Direct Plan Growth Plan - Growth Option,32.1804,Nippon India Mutual Fund,Equity Scheme - Large Cap Fund
2017-09-18,118632,Nippon India Large Cap Fund - Direct Plan Growth Plan - Growth Option,32.3021,Nippon India Mutual Fund,Equity Scheme - Large Cap Fund
2017-09-19,118632,Nippon India Large Cap Fund - Direct Plan Growth Plan - Growth Option,32.3193,Nippon India Mutual Fund,Equity Scheme - Large Cap Fund
2017-09-20,118632,Nippon India Large Cap Fund - Direct Plan Growth Plan - Growth Option,32.3893,Nippon India Mutual Fund,Equity Scheme - Large Cap Fund
2017-09-21,118632,Nippon India Large Cap Fund - Direct Plan Growth Plan - Growth Option,32.3494,Nippon India Mutual Fund,Equity Scheme - Large Cap Fund
2017-09-22,118632,Nippon India Large Cap Fund - Direct Plan Growth Plan - Growth Option,31.7583,Nippon India Mutual Fund,Equity Scheme - Large Cap Fund
2017-09-25,118632,Nippon India Large Cap Fund - Direct Plan Growth Plan - Growth Option,31.3525,Nippon India Mutual Fund,Equity Scheme - Large Cap Fund
2017-09-26,118632,Nippon India Large Cap Fund - Direct Plan Growth Plan - Growth Option,31.4674,Nippon India Mutual Fund,Equity Scheme - Large Cap Fund
2017-09-27,118632,Nippon India Large Cap Fund - Direct Plan Growth Plan - Growth Option,30.9123,Nippon India Mutual Fund,Equity Scheme - Large Cap Fund
2017-09-28,118632,Nippon India Large Cap Fund - Direct Plan Growth Plan - Growth Option,31.055,Nippon India Mutual Fund,Equity Scheme - Large Cap Fund
2017-09-29,118632,Nippon India Large Cap Fund - Direct Plan Growth Plan - Growth Option,31.1989,Nippon India Mutual Fund,Equity Scheme - Large Cap Fund
2017-10-03,118632,Nippon India Large Cap Fund - Direct Plan Growth Plan - Growth Option,31.4069,Nippon India Mutual Fund,Equity Scheme - Large Cap Fund
2017-10-04,118632,Nippon India Large Cap Fund - Direct Plan Growth Plan - Growth Option,31.5247,Nippon India Mutual Fund,Equity Scheme - Large Cap Fund
2017-10-05,118632,Nippon India Large Cap Fund - Direct Plan Growth Plan - Growth Option,31.483,Nippon India Mutual Fund,Equity Scheme - Large Cap Fund
2017-10-06,118632,Nippon India Large Cap Fund - Direct Plan Growth Plan - Growth Option,31.8248,Nippon India Mutual Fund,Equity Scheme - Large Cap Fund
2017-10-09,118632,Nippon India Large Cap Fund - Direct Plan Growth Plan - Growth Option,31.8386,Nippon India Mutual Fund,Equity Scheme - Large Cap Fund
2017-10-10,118632,Nippon India Large Cap Fund - Direct Plan Growth Plan - Growth Option,31.9242,Nippon India Mutual Fund,Equity Scheme - Large Cap Fund
2017-10-11,118632,Nippon India Large Cap Fund - Direct Plan Growth Plan - Growth Option,31.7567,Nippon India Mutual Fund,Equity Scheme - Large Cap Fund
2017-10-12,118632,Nippon India Large Cap Fund - Direct Plan Growth Plan - Growth Option,32.0301,Nippon India Mutual Fund,Equity Scheme - Large Cap Fund
2017-10-13,118632,Nippon India Large Cap Fund - Direct Plan Growth Plan - Growth Option,32.1021,Nippon India Mutual Fund,Equity Scheme - Large Cap Fund
2017-10-16,118632,Nippon India Large Cap Fund - Direct Plan Growth Plan - Growth Option,32.2992,Nippon India Mutual Fund,Equity Scheme - Large Cap Fund
2017-10-17,118632,Nippon India Large Cap Fund - Direct Plan Growth Plan - Growth Option,32.3031,Nippon India Mutual Fund,Equity Scheme - Large Cap Fund
2017-10-18,118632,Nippon India Large Cap Fund - Direct Plan Growth Plan - Growth Option,32.0621,Nippon India Mutual Fund,Equity Scheme - Large Cap Fund
2017-10-23,118632,Nippon India Large Cap Fund - Direct Plan Growth Plan - Growth Option,32.0093,Nippon India Mutual Fund,Equity Scheme - Large Cap Fund
2017-10-24,118632,Nippon India Large Cap Fund - Direct Plan Growth Plan - Growth Option,32.2031,Nippon India Mutual Fund,Equity Scheme - Large Cap Fund
2017-10-25,118632,Nippon India Large Cap Fund - Direct Plan Growth Plan - Growth Option,32.9617,Nippon India Mutual Fund,Equity Scheme - Large Cap Fund
2017-10-26,118632,Nippon India Large Cap Fund - Direct Plan Growth Plan - Growth Option,33.0916,Nippon India Mutual Fund,Equity Scheme - Large Cap Fund
2017-10-27,118632,Nippon India Large Cap Fund - Direct Plan Growth Plan - Growth Option,33.0506,Nippon India Mutual Fund,Equity Scheme - Large Cap Fund
2017-10-30,118632,Nippon India Large Cap Fund - Direct Plan Growth Plan - Growth Option,33.2462,Nippon India Mutual Fund,Equity Scheme - Large Cap Fund
2017-10-31,118632,Nippon India Large Cap Fund - Direct Plan Growth Plan - Growth Option,33.2403,Nippon India Mutual Fund,Equity Scheme - Large Cap Fund
2017-11-01,118632,Nippon India Large Cap Fund - Direct Plan Growth Plan - Growth Option,33.6633,Nippon India Mutual Fund,Equity Scheme - Large Cap Fund
2017-11-02,118632,Nippon India Large Cap Fund - Direct Plan Growth Plan - Growth Option,33.8467,Nippon India Mutual Fund,Equity Scheme - Large Cap Fund
2017-11-03,118632,Nippon India Large Cap Fund - Direct Plan Growth Plan - Growth Option,33.9577,Nippon India Mutual Fund,Equity Scheme - Large Cap Fund
2017-11-06,118632,Nippon India Large Cap Fund - Direct Plan Growth Plan - Growth Option,33.9914,Nippon India Mutual Fund,Equity Scheme - Large Cap Fund
2017-11-07,118632,Nippon India Large Cap Fund - Direct Plan Growth Plan - Growth Option,33.6005,Nippon India Mutual Fund,Equity Scheme - Large Cap Fund
2017-11-08,118632,Nippon India Large Cap Fund - Direct Plan Growth Plan - Growth Option,33.4258,Nippon India Mutual Fund,Equity Scheme - Large Cap Fund
2017-11-09,118632,Nippon India Large Cap Fund - Direct Plan Growth Plan - Growth Option,33.4535,Nippon India Mutual Fund,Equity Scheme - Large Cap Fund
2017-11-10,118632,Nippon India Large Cap Fund - Direct Plan Growth Plan - Growth Option,33.6443,Nippon India Mutual Fund,Equity Scheme - Large Cap Fund
2017-11-13,118632,Nippon India Large Cap Fund - Direct Plan Growth Plan - Growth Option,33.4465,Nippon India Mutual Fund,Equity Scheme - Large Cap Fund
2017-11-14,118632,Nippon India Large Cap Fund - Direct Plan Growth Plan - Growth Option,33.3065,Nippon India Mutual Fund,Equity Scheme - Large Cap Fund
2017-11-15,118632,Nippon India Large Cap Fund - Direct Plan Growth Plan - Growth Option,33.1299,Nippon India Mutual Fund,Equity Scheme - Large Cap Fund
2017-11-16,118632,Nippon India Large Cap Fund - Direct Plan Growth Plan - Growth Option,33.4248,Nippon India Mutual Fund,Equity Scheme - Large Cap Fund
2017-11-17,118632,Nippon India Large Cap Fund - Direct Plan Growth Plan - Growth Option,33.7037,Nippon India Mutual Fund,Equity Scheme - Large Cap Fund
2017-11-20,118632,Nippon India Large Cap Fund - Direct Plan Growth Plan - Growth Option,33.6442,Nippon India Mutual Fund,Equity Scheme - Large Cap Fund
2017-11-21,118632,Nippon India Large Cap Fund - Direct Plan Growth Plan - Growth Option,33.7963,Nippon India Mutual Fund,Equity Scheme - Large Cap Fund
2017-11-22,118632,Nippon India Large Cap Fund - Direct Plan Growth Plan - Growth Option,33.886,Nippon India Mutual Fund,Equity Scheme - Large Cap Fund
2017-11-23,118632,Nippon India Large Cap Fund - Direct Plan Growth Plan - Growth Option,33.9246,Nippon India Mutual Fund,Equity Scheme - Large Cap Fund
2017-11-24,118632,Nippon India Large Cap Fund - Direct Plan Growth Plan - Growth Option,34.029,Nippon India Mutual Fund,Equity Scheme - Large Cap Fund
2017-11-27,118632,Nippon India Large Cap Fund - Direct Plan Growth Plan - Growth Option,34.1131,Nippon India Mutual Fund,Equity Scheme - Large Cap Fund
2017-11-28,118632,Nippon India Large Cap Fund - Direct Plan Growth Plan - Growth Option,34.1058,Nippon India Mutual Fund,Equity Scheme - Large Cap Fund
2017-11-29,118632,Nippon India Large Cap Fund - Direct Plan Growth Plan - Growth Option,34.1414,Nippon India Mutual Fund,Equity Scheme - Large Cap Fund
2017-11-30,118632,Nippon India Large Cap Fund - Direct Plan Growth Plan - Growth Option,33.7852,Nippon India Mutual Fund,Equity Scheme - Large Cap Fund
2017-12-01,118632,Nippon India Large Cap Fund - Direct Plan Growth Plan - Growth Option,33.4223,Nippon India Mutual Fund,Equity Scheme - Large Cap Fund
2017-12-04,118632,Nippon India Large Cap Fund - Direct Plan Growth Plan - Growth Option,33.4572,Nippon India Mutual Fund,Equity Scheme - Large Cap Fund
2017-12-05,118632,Nippon India Large Cap Fund - Direct Plan Growth Plan - Growth Option,33.4891,Nippon India Mutual Fund,Equity Scheme - Large Cap Fund
2017-12-06,118632,Nippon India Large Cap Fund - Direct Plan Growth Plan - Growth Option,33.1637,Nippon India Mutual Fund,Equity Scheme - Large Cap Fund
2017-12-07,118632,Nippon India Large Cap Fund - Direct Plan Growth Plan - Growth Option,33.6118,Nippon India Mutual Fund,Equity Scheme - Large Cap Fund
2017-12-08,118632,Nippon India Large Cap Fund - Direct Plan Growth Plan - Growth Option,33.871,Nippon India Mutual Fund,Equity Scheme - Large Cap Fund
2017-12-11,118632,Nippon India Large Cap Fund - Direct Plan Growth Plan - Growth Option,34.0329,Nippon India Mutual Fund,Equity Scheme - Large Cap Fund
2017-12-12,118632,Nippon India Large Cap Fund - Direct Plan Growth Plan - Growth Option,33.885,Nippon India Mutual Fund,Equity Scheme - Large Cap Fund
2017-12-13,118632,Nippon India Large Cap Fund - Direct Plan Growth Plan - Growth Option,33.6733,Nippon India Mutual Fund,Equity Scheme - Large Cap Fund
2017-12-14,118632,Nippon India Large Cap Fund - Direct Plan Growth Plan - Growth Option,33.8275,Nippon India Mutual Fund,Equity Scheme - Large Cap Fund
2017-12-15,118632,Nippon India Large Cap Fund - Direct Plan Growth Plan - Growth Option,34.0192,Nippon India Mutual Fund,Equity Scheme - Large Cap Fund
2017-12-18,118632,Nippon India Large Cap Fund - Direct Plan Growth Plan - Growth Option,34.284,Nippon India Mutual Fund,Equity Scheme - Large Cap Fund
2017-12-19,118632,Nippon India Large Cap Fund - Direct Plan Growth Plan - Growth Option,34.5252,Nippon India Mutual Fund,Equity Scheme - Large Cap Fund
2017-12-20,118632,Nippon India Large Cap Fund - Direct Plan Growth Plan - Growth Option,34.5071,Nippon India Mutual Fund,Equity Scheme - Large Cap Fund
2017-12-21,118632,Nippon India Large Cap Fund - Direct Plan Growth Plan - Growth Option,34.6126,Nippon India Mutual Fund,Equity Scheme - Large Cap Fund
2017-12-22,118632,Nippon India Large Cap Fund - Direct Plan Growth Plan - Growth Option,34.7028,Nippon India Mutual Fund,Equity Scheme - Large Cap Fund
2017-12-26,118632,Nippon India Large Cap Fund - Direct Plan Growth Plan - Growth Option,34.851,Nippon India Mutual Fund,Equity Scheme - Large Cap Fund
2017-12-27,118632,Nippon India Large Cap Fund - Direct Plan Growth Plan - Growth Option,34.7596,Nippon India Mutual Fund,Equity Scheme - Large Cap Fund
2017-12-28,118632,Nippon India Large Cap Fund - Direct Plan Growth Plan - Growth Option,34.6846,Nippon India Mutual Fund,Equity Scheme - Large Cap Fund
2017-12-29,118632,Nippon India Large Cap Fund - Direct Plan Growth Plan - Growth Option,34.7983,Nippon India Mutual Fund,Equity Scheme - Large Cap Fund
2018-01-01,118632,Nippon India Large Cap Fund - Direct Plan Growth Plan - Growth Option,34.6262,Nippon India Mutual Fund,Equity Scheme - Large Cap Fund
2018-01-02,118632,Nippon India Large Cap Fund - Direct Plan Growth Plan - Growth Option,34.5302,Nippon India Mutual Fund,Equity Scheme - Large Cap Fund
2018-01-03,118632,Nippon India Large Cap Fund - Direct Plan Growth Plan - Growth Option,34.6333,Nippon India Mutual Fund,Equity Scheme - Large Cap Fund
2018-01-04,118632,Nippon India Large Cap Fund - Direct Plan Growth Plan - Growth Option,34.9609,Nippon India Mutual Fund,Equity Scheme - Large Cap Fund
2018-01-05,118632,Nippon India Large Cap Fund - Direct Plan Growth Plan - Growth Option,35.2026,Nippon India Mutual Fund,Equity Scheme - Large Cap Fund
2018-01-08,118632,Nippon India Large Cap Fund - Direct Plan Growth Plan - Growth Option,35.419,Nippon India Mutual Fund,Equity Scheme - Large Cap Fund
2018-01-09,118632,Nippon India Large Cap Fund - Direct Plan Growth Plan - Growth Option,35.3117,Nippon India Mutual Fund,Equity Scheme - Large Cap Fund
2018-01-10,118632,Nippon India Large Cap Fund - Direct Plan Growth Plan - Growth Option,35.1768,Nippon India Mutual Fund,Equity Scheme - Large Cap Fund
2018-01-11,118632,Nippon India Large Cap Fund - Direct Plan Growth Plan - Growth Option,35.2637,Nippon India Mutual Fund,Equity Scheme - Large Cap Fund
2018-01-12,118632,Nippon India Large Cap Fund - Direct Plan Growth Plan - Growth Option,35.3194,Nippon India Mutual Fund,Equity Scheme - Large Cap Fund
2018-01-15,118632,Nippon India Large Cap Fund - Direct Plan Growth Plan - Growth Option,35.4,Nippon India Mutual Fund,Equity Scheme - Large Cap Fund
2018-01-16,118632,Nippon India Large Cap Fund - Direct Plan Growth Plan - Growth Option,35.3059,Nippon India Mutual Fund,Equity Scheme - Large Cap Fund
2018-01-17,118632,Nippon India Large Cap Fund - Direct Plan Growth Plan - Growth Option,35.745,Nippon India Mutual Fund,Equity Scheme - Large Cap Fund
2018-01-18,118632,Nippon India Large Cap Fund - Direct Plan Growth Plan - Growth Option,35.5717,Nippon India Mutual Fund,Equity Scheme - Large Cap Fund
2018-01-19,118632,Nippon India Large Cap Fund - Direct Plan Growth Plan - Growth Option,35.8535,Nippon India Mutual Fund,Equity Scheme - Large Cap Fund
2018-01-22,118632,Nippon India Large Cap Fund - Direct Plan Growth Plan - Growth Option,35.9831,Nippon India Mutual Fund,Equity Scheme - Large Cap Fund
2018-01-23,118632,Nippon India Large Cap Fund - Direct Plan Growth Plan - Growth Option,36.4055,Nippon India Mutual Fund,Equity Scheme - Large Cap Fund
2018-01-24,118632,Nippon India Large Cap Fund - Direct Plan Growth Plan - Growth Option,36.4318,Nippon India Mutual Fund,Equity Scheme - Large Cap Fund
2018-01-25,118632,Nippon India Large Cap Fund - Direct Plan Growth Plan - Growth Option,36.2022,Nippon India Mutual Fund,Equity Scheme - Large Cap Fund
2018-01-29,118632,Nippon India Large Cap Fund - Direct Plan Growth Plan - Growth Option,36.0769,Nippon India Mutual Fund,Equity Scheme - Large Cap Fund
2018-01-30,118632,Nippon India Large Cap Fund - Direct Plan Growth Plan - Growth Option,35.8854,Nippon India Mutual Fund,Equity Scheme - Large Cap Fund
2018-01-31,118632,Nippon India Large Cap Fund - Direct Plan Growth Plan - Growth Option,35.6854,Nippon India Mutual Fund,Equity Scheme - Large Cap Fund
2018-02-01,118632,Nippon India Large Cap Fund - Direct Plan Growth Plan - Growth Option,35.7358,Nippon India Mutual Fund,Equity Scheme - Large Cap Fund
2018-02-02,118632,Nippon India Large Cap Fund - Direct Plan Growth Plan - Growth Option,34.7973,Nippon India Mutual Fund,Equity Scheme - Large Cap Fund
2018-02-05,118632,Nippon India Large Cap Fund - Direct Plan Growth Plan - Growth Option,34.6657,Nippon India Mutual Fund,Equity Scheme - Large Cap Fund
2018-02-06,118632,Nippon India Large Cap Fund - Direct Plan Growth Plan - Growth Option,34.1225,Nippon India Mutual Fund,Equity Scheme - Large Cap Fund
2018-02-07,118632,Nippon India Large Cap Fund - Direct Plan Growth Plan - Growth Option,34.131,Nippon India Mutual Fund,Equity Scheme - Large Cap Fund
2018-02-08,118632,Nippon India Large Cap Fund - Direct Plan Growth Plan - Growth Option,34.7053,Nippon India Mutual Fund,Equity Scheme - Large Cap Fund
2018-02-09,118632,Nippon India Large Cap Fund - Direct Plan Growth Plan - Growth Option,34.4287,Nippon India Mutual Fund,Equity Scheme - Large Cap Fund
2018-02-12,118632,Nippon India Large Cap Fund - Direct Plan Growth Plan - Growth Option,34.6196,Nippon India Mutual Fund,Equity Scheme - Large Cap Fund
2018-02-14,118632,Nippon India Large Cap Fund - Direct Plan Growth Plan - Growth Option,34.3877,Nippon India Mutual Fund,Equity Scheme - Large Cap Fund
2018-02-15,118632,Nippon India Large Cap Fund - Direct Plan Growth Plan - Growth Option,34.3508,Nippon India Mutual Fund,Equity Scheme - Large Cap Fund
2018-02-16,118632,Nippon India Large Cap Fund - Direct Plan Growth Plan - Growth Option,34.0648,Nippon India Mutual Fund,Equity Scheme - Large Cap Fund
2018-02-19,118632,Nippon India Large Cap Fund - Direct Plan Growth Plan - Growth Option,33.6931,Nippon India Mutual Fund,Equity Scheme - Large Cap Fund
2018-02-20,118632,Nippon India Large Cap Fund - Direct Plan Growth Plan - Growth Option,33.6253,Nippon India Mutual Fund,Equity Scheme - Large Cap Fund
2018-02-21,118632,Nippon India Large Cap Fund - Direct Plan Growth Plan - Growth Option,33.6898,Nippon India Mutual Fund,Equity Scheme - Large Cap Fund
2018-02-22,118632,Nippon India Large Cap Fund - Direct Plan Growth Plan - Growth Option,33.5514,Nippon India Mutual Fund,Equity Scheme - Large Cap Fund
2018-02-23,118632,Nippon India Large Cap Fund - Direct Plan Growth Plan - Growth Option,33.9973,Nippon India Mutual Fund,Equity Scheme - Large Cap Fund
2018-02-26,118632,Nippon India Large Cap Fund - Direct Plan Growth Plan - Growth Option,34.2737,Nippon India Mutual Fund,Equity Scheme - Large Cap Fund
2018-02-27,118632,Nippon India Large Cap Fund - Direct Plan Growth Plan - Growth Option,34.1761,Nippon India Mutual Fund,Equity Scheme - Large Cap Fund
2018-02-28,118632,Nippon India Large Cap Fund - Direct Plan Growth Plan - Growth Option,34.0453,Nippon India Mutual Fund,Equity Scheme - Large Cap Fund
2018-03-01,118632,Nippon India Large Cap Fund - Direct Plan Growth Plan - Growth Option,33.9327,Nippon India Mutual Fund,Equity Scheme - Large Cap Fund
2018-03-05,118632,Nippon India Large Cap Fund - Direct Plan Growth Plan - Growth Option,33.5489,Nippon India Mutual Fund,Equity Scheme - Large Cap Fund
2018-03-06,118632,Nippon India Large Cap Fund - Direct Plan Growth Plan - Growth Option,33.2481,Nippon India Mutual Fund,Equity Scheme - Large Cap Fund
2018-03-07,118632,Nippon India Large Cap Fund - Direct Plan Growth Plan - Growth Option,32.8094,Nippon India Mutual Fund,Equity Scheme - Large Cap Fund
2018-03-08,118632,Nippon India Large Cap Fund - Direct Plan Growth Plan - Growth Option,33.0565,Nippon India Mutual Fund,Equity Scheme - Large Cap Fund
2018-03-09,118632,Nippon India Large Cap Fund - Direct Plan Growth Plan - Growth Option,32.9489,Nippon India Mutual Fund,Equity Scheme - Large Cap Fund
2018-03-12,118632,Nippon India Large Cap Fund - Direct Plan Growth Plan - Growth Option,33.4068,Nippon India Mutual Fund,Equity Scheme - Large Cap Fund
2018-03-13,118632,Nippon India Large Cap Fund - Direct Plan Growth Plan - Growth Option,33.5543,Nippon India Mutual Fund,Equity Scheme - Large Cap Fund
2018-03-14,118632,Nippon India Large Cap Fund - Direct Plan Growth Plan - Growth Option,33.5449,Nippon India Mutual Fund,Equity Scheme - Large Cap Fund
2018-03-15,118632,Nippon India Large Cap Fund - Direct Plan Growth Plan - Growth Option,33.4466,Nippon India Mutual Fund,Equity Scheme - Large Cap Fund
2018-03-16,118632,Nippon India Large Cap Fund - Direct Plan Growth Plan - Growth Option,32.9216,Nippon India Mutual Fund,Equity Scheme - Large Cap Fund
2018-03-19,118632,Nippon India Large Cap Fund - Direct Plan Growth Plan - Growth Option,32.496,Nippon India Mutual Fund,Equity Scheme - Large Cap Fund
2018-03-20,118632,Nippon India Large Cap Fund - Direct Plan Growth Plan - Growth Option,32.5822,Nippon India Mutual Fund,Equity Scheme - Large Cap Fund
2018-03-21,118632,Nippon India Large Cap Fund - Direct Plan Growth Plan - Growth Option,32.623,Nippon India Mutual Fund,Equity Scheme - Large Cap Fund
2018-03-22,118632,Nippon India Large Cap Fund - Direct Plan Growth Plan - Growth Option,32.3204,Nippon India Mutual Fund,Equity Scheme - Large Cap Fund
2018-03-23,118632,Nippon India Large Cap Fund - Direct Plan Growth Plan - Growth Option,31.9377,Nippon India Mutual Fund,Equity Scheme - Large Cap Fund
2018-03-26,118632,Nippon India Large Cap Fund - Direct Plan Growth Plan - Growth Option,32.3705,Nippon India Mutual Fund,Equity Scheme - Large Cap Fund
2018-03-27,118632,Nippon India Large Cap Fund - Direct Plan Growth Plan - Growth Option,32.6602,Nippon India Mutual Fund,Equity Scheme - Large Cap Fund
2018-03-28,118632,Nippon India Large Cap Fund - Direct Plan Growth Plan - Growth Option,32.4779,Nippon India Mutual Fund,Equity Scheme - Large Cap Fund
2018-04-02,118632,Nippon India Large Cap Fund - Direct Plan Growth Plan - Growth Option,32.7923,Nippon India Mutual Fund,Equity Scheme - Large Cap Fund
2018-04-03,118632,Nippon India Large Cap Fund - Direct Plan Growth Plan - Growth Option,33.0696,Nippon India Mutual Fund,Equity Scheme - Large Cap Fund
2018-04-04,118632,Nippon India Large Cap Fund - Direct Plan Growth Plan - Growth Option,32.7241,Nippon India Mutual Fund,Equity Scheme - Large Cap Fund
2018-04-05,118632,Nippon India Large Cap Fund - Direct Plan Growth Plan - Growth Option,33.295,Nippon India Mutual Fund,Equity Scheme - Large Cap Fund
2018-04-06,118632,Nippon India Large Cap Fund - Direct Plan Growth Plan - Growth Option,33.3987,Nippon India Mutual Fund,Equity Scheme - Large Cap Fund
2018-04-09,118632,Nippon India Large Cap Fund - Direct Plan Growth Plan - Growth Option,33.4945,Nippon India Mutual Fund,Equity Scheme - Large Cap Fund
2018-04-10,118632,Nippon India Large Cap Fund - Direct Plan Growth Plan - Growth Option,33.6416,Nippon India Mutual Fund,Equity Scheme - Large Cap Fund
2018-04-11,118632,Nippon India Large Cap Fund - Direct Plan Growth Plan - Growth Option,33.4863,Nippon India Mutual Fund,Equity Scheme - Large Cap Fund
2018-04-12,118632,Nippon India Large Cap Fund - Direct Plan Growth Plan - Growth Option,33.5214,Nippon India Mutual Fund,Equity Scheme - Large Cap Fund
2018-04-13,118632,Nippon India Large Cap Fund - Direct Plan Growth Plan - Growth Option,33.4774,Nippon India Mutual Fund,Equity Scheme - Large Cap Fund
2018-04-16,118632,Nippon India Large Cap Fund - Direct Plan Growth Plan - Growth Option,33.5668,Nippon India Mutual Fund,Equity Scheme - Large Cap Fund
2018-04-17,118632,Nippon India Large Cap Fund - Direct Plan Growth Plan - Growth Option,33.6914,Nippon India Mutual Fund,Equity Scheme - Large Cap Fund
2018-04-18,118632,Nippon India Large Cap Fund - Direct Plan Growth Plan - Growth Option,33.6279,Nippon India Mutual Fund,Equity Scheme - Large Cap Fund
2018-04-19,118632,Nippon India Large Cap Fund - Direct Plan Growth Plan - Growth Option,33.7213,Nippon India Mutual Fund,Equity Scheme - Large Cap Fund
2018-04-20,118632,Nippon India Large Cap Fund - Direct Plan Growth Plan - Growth Option,33.7163,Nippon India Mutual Fund,Equity Scheme - Large Cap Fund
2018-04-23,118632,Nippon India Large Cap Fund - Direct Plan Growth Plan - Growth Option,33.8532,Nippon India Mutual Fund,Equity Scheme - Large Cap Fund
2018-04-24,118632,Nippon India Large Cap Fund - Direct Plan Growth Plan - Growth Option,33.9256,Nippon India Mutual Fund,Equity Scheme - Large Cap Fund
2018-04-25,118632,Nippon India Large Cap Fund - Direct Plan Growth Plan - Growth Option,33.7541,Nippon India Mutual Fund,Equity Scheme - Large Cap Fund
2018-04-26,118632,Nippon India Large Cap Fund - Direct Plan Growth Plan - Growth Option,33.7207,Nippon India Mutual Fund,Equity Scheme - Large Cap Fund
2018-04-27,118632,Nippon India Large Cap Fund - Direct Plan Growth Plan - Growth Option,34.139,Nippon India Mutual Fund,Equity Scheme - Large Cap Fund
2018-04-30,118632,Nippon India Large Cap Fund - Direct Plan Growth Plan - Growth Option,34.361,Nippon India Mutual Fund,Equity Scheme - Large Cap Fund
2018-05-02,118632,Nippon India Large Cap Fund - Direct Plan Growth Plan - Growth Option,34.2246,Nippon India Mutual Fund,Equity Scheme - Large Cap Fund
2018-05-03,118632,Nippon India Large Cap Fund - Direct Plan Growth Plan - Growth Option,34.0608,Nippon India Mutual Fund,Equity Scheme - Large Cap Fund
2018-05-04,118632,Nippon India Large Cap Fund - Direct Plan Growth Plan - Growth Option,33.8283,Nippon India Mutual Fund,Equity Scheme - Large Cap Fund
2018-05-07,118632,Nippon India Large Cap Fund - Direct Plan Growth Plan - Growth Option,34.1863,Nippon India Mutual Fund,Equity Scheme - Large Cap Fund
2018-05-08,118632,Nippon India Large Cap Fund - Direct Plan Growth Plan - Growth Option,34.1955,Nippon India Mutual Fund,Equity Scheme - Large Cap Fund
2018-05-09,118632,Nippon India Large Cap Fund - Direct Plan Growth Plan - Growth Option,34.1515,Nippon India Mutual Fund,Equity Scheme - Large Cap Fund
2018-05-10,118632,Nippon India Large Cap Fund - Direct Plan Growth Plan - Growth Option,33.9535,Nippon India Mutual Fund,Equity Scheme - Large Cap Fund
2018-05-11,118632,Nippon India Large Cap Fund - Direct Plan Growth Plan - Growth Option,34.1106,Nippon India Mutual Fund,Equity Scheme - Large Cap Fund
2018-05-14,118632,Nippon India Large Cap Fund - Direct Plan Growth Plan - Growth Option,33.9888,Nippon India Mutual Fund,Equity Scheme - Large Cap Fund
2018-05-15,118632,Nippon India Large Cap Fund - Direct Plan Growth Plan - Growth Option,33.7484,Nippon India Mutual Fund,Equity Scheme - Large Cap Fund
2018-05-16,118632,Nippon India Large Cap Fund - Direct Plan Growth Plan - Growth Option,33.5043,Nippon India Mutual Fund,Equity Scheme - Large Cap Fund
2018-05-17,118632,Nippon India Large Cap Fund - Direct Plan Growth Plan - Growth Option,33.483,Nippon India Mutual Fund,Equity Scheme - Large Cap Fund
2018-05-18,118632,Nippon India Large Cap Fund - Direct Plan Growth Plan - Growth Option,33.1041,Nippon India Mutual Fund,Equity Scheme - Large Cap Fund
2018-05-21,118632,Nippon India Large Cap Fund - Direct Plan Growth Plan - Growth Option,32.7378,Nippon India Mutual Fund,Equity Scheme - Large Cap Fund
2018-05-22,118632,Nippon India Large Cap Fund - Direct Plan Growth Plan - Growth Option,32.9824,Nippon India Mutual Fund,Equity Scheme - Large Cap Fund
2018-05-23,118632,Nippon India Large Cap Fund - Direct Plan Growth Plan - Growth Option,32.7218,Nippon India Mutual Fund,Equity Scheme - Large Cap Fund
2018-05-24,118632,Nippon India Large Cap Fund - Direct Plan Growth Plan - Growth Option,32.8756,Nippon India Mutual Fund,Equity Scheme - Large Cap Fund
2018-05-25,118632,Nippon India Large Cap Fund - Direct Plan Growth Plan - Growth Option,33.1979,Nippon India Mutual Fund,Equity Scheme - Large Cap Fund
2018-05-28,118632,Nippon India Large Cap Fund - Direct Plan Growth Plan - Growth Option,33.5888,Nippon India Mutual Fund,Equity Scheme - Large Cap Fund
2018-05-29,118632,Nippon India Large Cap Fund - Direct Plan Growth Plan - Growth Option,33.4931,Nippon India Mutual Fund,Equity Scheme - Large Cap Fund
2018-05-30,118632,Nippon India Large Cap Fund - Direct Plan Growth Plan - Growth Option,33.4538,Nippon India Mutual Fund,Equity Scheme - Large Cap Fund
2018-05-31,118632,Nippon India Large Cap Fund - Direct Plan Growth Plan - Growth Option,33.6207,Nippon India Mutual Fund,Equity Scheme - Large Cap Fund
2018-06-01,118632,Nippon India Large Cap Fund - Direct Plan Growth Plan - Growth Option,33.3544,Nippon India Mutual Fund,Equity Scheme - Large Cap Fund
2018-06-04,118632,Nippon India Large Cap Fund - Direct Plan Growth Plan - Growth Option,33.0834,Nippon India Mutual Fund,Equity Scheme - Large Cap Fund
2018-06-05,118632,Nippon India Large Cap Fund - Direct Plan Growth Plan - Growth Option,32.9146,Nippon India Mutual Fund,Equity Scheme - Large Cap Fund
2018-06-06,118632,Nippon India Large Cap Fund - Direct Plan Growth Plan - Growth Option,33.387,Nippon India Mutual Fund,Equity Scheme - Large Cap Fund
2018-06-07,118632,Nippon India Large Cap Fund - Direct Plan Growth Plan - Growth Option,33.7109,Nippon India Mutual Fund,Equity Scheme - Large Cap Fund
2018-06-08,118632,Nippon India Large Cap Fund - Direct Plan Growth Plan - Growth Option,33.8405,Nippon India Mutual Fund,Equity Scheme - Large Cap Fund
2018-06-11,118632,Nippon India Large Cap Fund - Direct Plan Growth Plan - Growth Option,33.8679,Nippon India Mutual Fund,Equity Scheme - Large Cap Fund
2018-06-12,118632,Nippon India Large Cap Fund - Direct Plan Growth Plan - Growth Option,34.1387,Nippon India Mutual Fund,Equity Scheme - Large Cap Fund
2018-06-13,118632,Nippon India Large Cap Fund - Direct Plan Growth Plan - Growth Option,34.1271,Nippon India Mutual Fund,Equity Scheme - Large Cap Fund
2018-06-14,118632,Nippon India Large Cap Fund - Direct Plan Growth Plan - Growth Option,34.0272,Nippon India Mutual Fund,Equity Scheme - Large Cap Fund
2018-06-15,118632,Nippon India Large Cap Fund - Direct Plan Growth Plan - Growth Option,33.9204,Nippon India Mutual Fund,Equity Scheme - Large Cap Fund
2018-06-18,118632,Nippon India Large Cap Fund - Direct Plan Growth Plan - Growth Option,33.8859,Nippon India Mutual Fund,Equity Scheme - Large Cap Fund
2018-06-19,118632,Nippon India Large Cap Fund - Direct Plan Growth Plan - Growth Option,33.6461,Nippon India Mutual Fund,Equity Scheme - Large Cap Fund
2018-06-20,118632,Nippon India Large Cap Fund - Direct Plan Growth Plan - Growth Option,33.6973,Nippon India Mutual Fund,Equity Scheme - Large Cap Fund
2018-06-21,118632,Nippon India Large Cap Fund - Direct Plan Growth Plan - Growth Option,33.5211,Nippon India Mutual Fund,Equity Scheme - Large Cap Fund
2018-06-22,118632,Nippon India Large Cap Fund - Direct Plan Growth Plan - Growth Option,33.8415,Nippon India Mutual Fund,Equity Scheme - Large Cap Fund
2018-06-25,118632,Nippon India Large Cap Fund - Direct Plan Growth Plan - Growth Option,33.4904,Nippon India Mutual Fund,Equity Scheme - Large Cap Fund
2018-06-26,118632,Nippon India Large Cap Fund - Direct Plan Growth Plan - Growth Option,33.4689,Nippon India Mutual Fund,Equity Scheme - Large Cap Fund
2018-06-27,118632,Nippon India Large Cap Fund - Direct Plan Growth Plan - Growth Option,32.9556,Nippon India Mutual Fund,Equity Scheme - Large Cap Fund
2018-06-28,118632,Nippon India Large Cap Fund - Direct Plan Growth Plan - Growth Option,32.5668,Nippon India Mutual Fund,Equity Scheme - Large Cap Fund
2018-06-29,118632,Nippon India Large Cap Fund - Direct Plan Growth Plan - Growth Option,33.0638,Nippon India Mutual Fund,Equity Scheme - Large Cap Fund
2018-07-02,118632,Nippon India Large Cap Fund - Direct Plan Growth Plan - Growth Option,32.9111,Nippon India Mutual Fund,Equity Scheme - Large Cap Fund
2018-07-03,118632,Nippon India Large Cap Fund - Direct Plan Growth Plan - Growth Option,33.0748,Nippon India Mutual Fund,Equity Scheme - Large Cap Fund
2018-07-04,118632,Nippon India Large Cap Fund - Direct Plan Growth Plan - Growth Option,33.2067,Nippon India Mutual Fund,Equity Scheme - Large Cap Fund
2018-07-05,118632,Nippon India Large Cap Fund - Direct Plan Growth Plan - Growth Option,33.1059,Nippon India Mutual Fund,Equity Scheme - Large Cap Fund
2018-07-06,118632,Nippon India Large Cap Fund - Direct Plan Growth Plan - Growth Option,33.1586,Nippon India Mutual Fund,Equity Scheme - Large Cap Fund
2018-07-09,118632,Nippon India Large Cap Fund - Direct Plan Growth Plan - Growth Option,33.4895,Nippon India Mutual Fund,Equity Scheme - Large Cap Fund
2018-07-10,118632,Nippon India Large Cap Fund - Direct Plan Growth Plan - Growth Option,33.7515,Nippon India Mutual Fund,Equity Scheme - Large Cap Fund
2018-07-11,118632,Nippon India Large Cap Fund - Direct Plan Growth Plan - Growth Option,33.6146,Nippon India Mutual Fund,Equity Scheme - Large Cap Fund
2018-07-12,118632,Nippon India Large Cap Fund - Direct Plan Growth Plan - Growth Option,33.7237,Nippon India Mutual Fund,Equity Scheme - Large Cap Fund
2018-07-13,118632,Nippon India Large Cap Fund - Direct Plan Growth Plan - Growth Option,33.5276,Nippon India Mutual Fund,Equity Scheme - Large Cap Fund
2018-07-16,118632,Nippon India Large Cap Fund - Direct Plan Growth Plan - Growth Option,32.8552,Nippon India Mutual Fund,Equity Scheme - Large Cap Fund
2018-07-17,118632,Nippon India Large Cap Fund - Direct Plan Growth Plan - Growth Option,33.292,Nippon India Mutual Fund,Equity Scheme - Large Cap Fund
2018-07-18,118632,Nippon India Large Cap Fund - Direct Plan Growth Plan - Growth Option,33.1707,Nippon India Mutual Fund,Equity Scheme - Large Cap Fund
2018-07-19,118632,Nippon India Large Cap Fund - Direct Plan Growth Plan - Growth Option,33.0304,Nippon India Mutual Fund,Equity Scheme - Large Cap Fund
2018-07-20,118632,Nippon India Large Cap Fund - Direct Plan Growth Plan - Growth Option,33.2484,Nippon India Mutual Fund,Equity Scheme - Large Cap Fund
2018-07-23,118632,Nippon India Large Cap Fund - Direct Plan Growth Plan - Growth Option,33.6369,Nippon India Mutual Fund,Equity Scheme - Large Cap Fund
2018-07-24,118632,Nippon India Large Cap Fund - Direct Plan Growth Plan - Growth Option,34.0694,Nippon India Mutual Fund,Equity Scheme - Large Cap Fund
2018-07-25,118632,Nippon India Large Cap Fund - Direct Plan Growth Plan - Growth Option,34.1491,Nippon India Mutual Fund,Equity Scheme - Large Cap Fund
2018-07-26,118632,Nippon India Large Cap Fund - Direct Plan Growth Plan - Growth Option,34.4358,Nippon India Mutual Fund,Equity Scheme - Large Cap Fund
2018-07-27,118632,Nippon India Large Cap Fund - Direct Plan Growth Plan - Growth Option,34.8745,Nippon India Mutual Fund,Equity Scheme - Large Cap Fund
2018-07-30,118632,Nippon India Large Cap Fund - Direct Plan Growth Plan - Growth Option,35.0847,Nippon India Mutual Fund,Equity Scheme - Large Cap Fund
2018-07-31,118632,Nippon India Large Cap Fund - Direct Plan Growth Plan - Growth Option,35.068,Nippon India Mutual Fund,Equity Scheme - Large Cap Fund
2018-08-01,118632,Nippon India Large Cap Fund - Direct Plan Growth Plan - Growth Option,35.1089,Nippon India Mutual Fund,Equity Scheme - Large Cap Fund
2018-08-02,118632,Nippon India Large Cap Fund - Direct Plan Growth Plan - Growth Option,34.989,Nippon India Mutual Fund,Equity Scheme - Large Cap Fund
2018-08-03,118632,Nippon India Large Cap Fund - Direct Plan Growth Plan - Growth Option,35.3753,Nippon India Mutual Fund,Equity Scheme - Large Cap Fund
2018-08-06,118632,Nippon India Large Cap Fund - Direct Plan Growth Plan - Growth Option,35.4678,Nippon India Mutual Fund,Equity Scheme - Large Cap Fund
2018-08-07,118632,Nippon India Large Cap Fund - Direct Plan Growth Plan - Growth Option,35.3674,Nippon India Mutual Fund,Equity Scheme - Large Cap Fund
2018-08-08,118632,Nippon India Large Cap Fund - Direct Plan Growth Plan - Growth Option,35.4928,Nippon India Mutual Fund,Equity Scheme - Large Cap Fund
2018-08-09,118632,Nippon India Large Cap Fund - Direct Plan Growth Plan - Growth Option,35.6865,Nippon India Mutual Fund,Equity Scheme - Large Cap Fund
2018-08-10,118632,Nippon India Large Cap Fund - Direct Plan Growth Plan - Growth Option,35.3667,Nippon India Mutual Fund,Equity Scheme - Large Cap Fund
2018-08-13,118632,Nippon India Large Cap Fund - Direct Plan Growth Plan - Growth Option,35.0787,Nippon India Mutual Fund,Equity Scheme - Large Cap Fund
2018-08-14,118632,Nippon India Large Cap Fund - Direct Plan Growth Plan - Growth Option,35.3932,Nippon India Mutual Fund,Equity Scheme - Large Cap Fund
2018-08-16,118632,Nippon India Large Cap Fund - Direct Plan Growth Plan - Growth Option,35.3442,Nippon India Mutual Fund,Equity Scheme - Large Cap Fund
2018-08-17,118632,Nippon India Large Cap Fund - Direct Plan Growth Plan - Growth Option,35.724,Nippon India Mutual Fund,Equity Scheme - Large Cap Fund
2018-08-20,118632,Nippon India Large Cap Fund - Direct Plan Growth Plan - Growth Option,36.178,Nippon India Mutual Fund,Equity Scheme - Large Cap Fund
2018-08-21,118632,Nippon India Large Cap Fund - Direct Plan Growth Plan - Growth Option,36.2978,Nippon India Mutual Fund,Equity Scheme - Large Cap Fund
2018-08-23,118632,Nippon India Large Cap Fund - Direct Plan Growth Plan - Growth Option,36.3233,Nippon India Mutual Fund,Equity Scheme - Large Cap Fund
2018-08-24,118632,Nippon India Large Cap Fund - Direct Plan Growth Plan - Growth Option,36.1827,Nippon India Mutual Fund,Equity Scheme - Large Cap Fund
2018-08-27,118632,Nippon India Large Cap Fund - Direct Plan Growth Plan - Growth Option,36.5961,Nippon India Mutual Fund,Equity Scheme - Large Cap Fund
2018-08-28,118632,Nippon India Large Cap Fund - Direct Plan Growth Plan - Growth Option,36.5015,Nippon India Mutual Fund,Equity Scheme - Large Cap Fund
2018-08-29,118632,Nippon India Large Cap Fund - Direct Plan Growth Plan - Growth Option,36.6525,Nippon India Mutual Fund,Equity Scheme - Large Cap Fund
2018-08-30,118632,Nippon India Large Cap Fund - Direct Plan Growth Plan - Growth Option,36.845,Nippon India Mutual Fund,Equity Scheme - Large Cap Fund
2018-08-31,118632,Nippon India Large Cap Fund - Direct Plan Growth Plan - Growth Option,37.0172,Nippon India Mutual Fund,Equity Scheme - Large Cap Fund
2018-09-03,118632,Nippon India Large Cap Fund - Direct Plan Growth Plan - Growth Option,36.7355,Nippon India Mutual Fund,Equity Scheme - Large Cap Fund
2018-09-04,118632,Nippon India Large Cap Fund - Direct Plan Growth Plan - Growth Option,36.2352,Nippon India Mutual Fund,Equity Scheme - Large Cap Fund
2018-09-05,118632,Nippon India Large Cap Fund - Direct Plan Growth Plan - Growth Option,36.2032,Nippon India Mutual Fund,Equity Scheme - Large Cap Fund
2018-09-06,118632,Nippon India Large Cap Fund - Direct Plan Growth Plan - Growth Option,36.5036,Nippon India Mutual Fund,Equity Scheme - Large Cap Fund
2018-09-07,118632,Nippon India Large Cap Fund - Direct Plan Growth Plan - Growth Option,36.8595,Nippon India Mutual Fund,Equity Scheme - Large Cap Fund
2018-09-10,118632,Nippon India Large Cap Fund - Direct Plan Growth Plan - Growth Option,36.4594,Nippon India Mutual Fund,Equity Scheme - Large Cap Fund
2018-09-11,118632,Nippon India Large Cap Fund - Direct Plan Growth Plan - Growth Option,35.9588,Nippon India Mutual Fund,Equity Scheme - Large Cap Fund
2018-09-12,118632,Nippon India Large Cap Fund - Direct Plan Growth Plan - Growth Option,36.1758,Nippon India Mutual Fund,Equity Scheme - Large Cap Fund
2018-09-14,118632,Nippon India Large Cap Fund - Direct Plan Growth Plan - Growth Option,36.6182,Nippon India Mutual Fund,Equity Scheme - Large Cap Fund
2018-09-17,118632,Nippon India Large Cap Fund - Direct Plan Growth Plan - Growth Option,36.2336,Nippon India Mutual Fund,Equity Scheme - Large Cap Fund
2018-09-18,118632,Nippon India Large Cap Fund - Direct Plan Growth Plan - Growth Option,35.6478,Nippon India Mutual Fund,Equity Scheme - Large Cap Fund
2018-09-19,118632,Nippon India Large Cap Fund - Direct Plan Growth Plan - Growth Option,35.6203,Nippon India Mutual Fund,Equity Scheme - Large Cap Fund
2018-09-21,118632,Nippon India Large Cap Fund - Direct Plan Growth Plan - Growth Option,35.3925,Nippon India Mutual Fund,Equity Scheme - Large Cap Fund
2018-09-24,118632,Nippon India Large Cap Fund - Direct Plan Growth Plan - Growth Option,34.6484,Nippon India Mutual Fund,Equity Scheme - Large Cap Fund
2018-09-25,118632,Nippon India Large Cap Fund - Direct Plan Growth Plan - Growth Option,34.9495,Nippon India Mutual Fund,Equity Scheme - Large Cap Fund
2018-09-26,118632,Nippon India Large Cap Fund - Direct Plan Growth Plan - Growth Option,34.9064,Nippon India Mutual Fund,Equity Scheme - Large Cap Fund
2018-09-27,118632,Nippon India Large Cap Fund - Direct Plan Growth Plan - Growth Option,34.5134,Nippon India Mutual Fund,Equity Scheme - Large Cap Fund
2018-09-28,118632,Nippon India Large Cap Fund - Direct Plan Growth Plan - Growth Option,34.2138,Nippon India Mutual Fund,Equity Scheme - Large Cap Fund
2018-10-01,118632,Nippon India Large Cap Fund - Direct Plan Growth Plan - Growth Option,34.388,Nippon India Mutual Fund,Equity Scheme - Large Cap Fund
2018-10-03,118632,Nippon India Large Cap Fund - Direct Plan Growth Plan - Growth Option,34.1188,Nippon India Mutual Fund,Equity Scheme - Large Cap Fund
2018-10-04,118632,Nippon India Large Cap Fund - Direct Plan Growth Plan - Growth Option,33.5729,Nippon India Mutual Fund,Equity Scheme - Large Cap Fund
2018-10-05,118632,Nippon India Large Cap Fund - Direct Plan Growth Plan - Growth Option,32.5654,Nippon India Mutual Fund,Equity Scheme - Large Cap Fund
2018-10-08,118632,Nippon India Large Cap Fund - Direct Plan Growth Plan - Growth Option,32.371,Nippon India Mutual Fund,Equity Scheme - Large Cap Fund
2018-10-09,118632,Nippon India Large Cap Fund - Direct Plan Growth Plan - Growth Option,32.2168,Nippon India Mutual Fund,Equity Scheme - Large Cap Fund
2018-10-10,118632,Nippon India Large Cap Fund - Direct Plan Growth Plan - Growth Option,33.0232,Nippon India Mutual Fund,Equity Scheme - Large Cap Fund
2018-10-11,118632,Nippon India Large Cap Fund - Direct Plan Growth Plan - Growth Option,32.2514,Nippon India Mutual Fund,Equity Scheme - Large Cap Fund
2018-10-12,118632,Nippon India Large Cap Fund - Direct Plan Growth Plan - Growth Option,32.8517,Nippon India Mutual Fund,Equity Scheme - Large Cap Fund
2018-10-15,118632,Nippon India Large Cap Fund - Direct Plan Growth Plan - Growth Option,32.9868,Nippon India Mutual Fund,Equity Scheme - Large Cap Fund
2018-10-16,118632,Nippon India Large Cap Fund - Direct Plan Growth Plan - Growth Option,33.2969,Nippon India Mutual Fund,Equity Scheme - Large Cap Fund
2018-10-17,118632,Nippon India Large Cap Fund - Direct Plan Growth Plan - Growth Option,32.7194,Nippon India Mutual Fund,Equity Scheme - Large Cap Fund
2018-10-19,118632,Nippon India Large Cap Fund - Direct Plan Growth Plan - Growth Option,32.5449,Nippon India Mutual Fund,Equity Scheme - Large Cap Fund
2018-10-22,118632,Nippon India Large Cap Fund - Direct Plan Growth Plan - Growth Option,32.3955,Nippon India Mutual Fund,Equity Scheme - Large Cap Fund
2018-10-23,118632,Nippon India Large Cap Fund - Direct Plan Growth Plan - Growth Option,32.0403,Nippon India Mutual Fund,Equity Scheme - Large Cap Fund
2018-10-24,118632,Nippon India Large Cap Fund - Direct Plan Growth Plan - Growth Option,32.3693,Nippon India Mutual Fund,Equity Scheme - Large Cap Fund
2018-10-25,118632,Nippon India Large Cap Fund - Direct Plan Growth Plan - Growth Option,32.141,Nippon India Mutual Fund,Equity Scheme - Large Cap Fund
2018-10-26,118632,Nippon India Large Cap Fund - Direct Plan Growth Plan - Growth Option,31.9937,Nippon India Mutual Fund,Equity Scheme - Large Cap Fund
2018-10-29,118632,Nippon India Large Cap Fund - Direct Plan Growth Plan - Growth Option,33.0937,Nippon India Mutual Fund,Equity Scheme - Large Cap Fund
2018-10-30,118632,Nippon India Large Cap Fund - Direct Plan Growth Plan - Growth Option,33.1305,Nippon India Mutual Fund,Equity Scheme - Large Cap Fund
2018-10-31,118632,Nippon India Large Cap Fund - Direct Plan Growth Plan - Growth Option,33.7681,Nippon India Mutual Fund,Equity Scheme - Large Cap Fund
2018-11-01,118632,Nippon India Large Cap Fund - Direct Plan Growth Plan - Growth Option,33.9584,Nippon India Mutual Fund,Equity Scheme - Large Cap Fund
2018-11-02,118632,Nippon India Large Cap Fund - Direct Plan Growth Plan - Growth Option,34.3998,Nippon India Mutual Fund,Equity Scheme - Large Cap Fund
2018-11-05,118632,Nippon India Large Cap Fund - Direct Plan Growth Plan - Growth Option,34.3161,Nippon India Mutual Fund,Equity Scheme - Large Cap Fund
2018-11-06,118632,Nippon India Large Cap Fund - Direct Plan Growth Plan - Growth Option,34.1348,Nippon India Mutual Fund,Equity Scheme - Large Cap Fund
2018-11-09,118632,Nippon India Large Cap Fund - Direct Plan Growth Plan - Growth Option,34.3811,Nippon India Mutual Fund,Equity Scheme - Large Cap Fund
2018-11-12,118632,Nippon India Large Cap Fund - Direct Plan Growth Plan - Growth Option,33.9351,Nippon India Mutual Fund,Equity Scheme - Large Cap Fund
2018-11-13,118632,Nippon India Large Cap Fund - Direct Plan Growth Plan - Growth Option,34.1687,Nippon India Mutual Fund,Equity Scheme - Large Cap Fund
2018-11-14,118632,Nippon India Large Cap Fund - Direct Plan Growth Plan - Growth Option,34.1979,Nippon India Mutual Fund,Equity Scheme - Large Cap Fund
2018-11-15,118632,Nippon India Large Cap Fund - Direct Plan Growth Plan - Growth Option,34.4793,Nippon India Mutual Fund,Equity Scheme - Large Cap Fund
2018-11-16,118632,Nippon India Large Cap Fund - Direct Plan Growth Plan - Growth Option,34.6407,Nippon India Mutual Fund,Equity Scheme - Large Cap Fund
2018-11-19,118632,Nippon India Large Cap Fund - Direct Plan Growth Plan - Growth Option,34.7194,Nippon India Mutual Fund,Equity Scheme - Large Cap Fund
2018-11-20,118632,Nippon India Large Cap Fund - Direct Plan Growth Plan - Growth Option,34.3544,Nippon India Mutual Fund,Equity Scheme - Large Cap Fund
2018-11-21,118632,Nippon India Large Cap Fund - Direct Plan Growth Plan - Growth Option,34.4915,Nippon India Mutual Fund,Equity Scheme - Large Cap Fund
2018-11-22,118632,Nippon India Large Cap Fund - Direct Plan Growth Plan - Growth Option,34.1882,Nippon India Mutual Fund,Equity Scheme - Large Cap Fund
2018-11-26,118632,Nippon India Large Cap Fund - Direct Plan Growth Plan - Growth Option,34.3768,Nippon India Mutual Fund,Equity Scheme - Large Cap Fund
2018-11-27,118632,Nippon India Large Cap Fund - Direct Plan Growth Plan - Growth Option,34.4933,Nippon India Mutual Fund,Equity Scheme - Large Cap Fund
2018-11-28,118632,Nippon India Large Cap Fund - Direct Plan Growth Plan - Growth Option,34.2506,Nippon India Mutual Fund,Equity Scheme - Large Cap Fund
2018-11-29,118632,Nippon India Large Cap Fund - Direct Plan Growth Plan - Growth Option,34.5976,Nippon India Mutual Fund,Equity Scheme - Large Cap Fund
2018-11-30,118632,Nippon India Large Cap Fund - Direct Plan Growth Plan - Growth Option,34.6195,Nippon India Mutual Fund,Equity Scheme - Large Cap Fund
2018-12-03,118632,Nippon India Large Cap Fund - Direct Plan Growth Plan - Growth Option,34.6368,Nippon India Mutual Fund,Equity Scheme - Large Cap Fund
2018-12-04,118632,Nippon India Large Cap Fund - Direct Plan Growth Plan - Growth Option,34.7341,Nippon India Mutual Fund,Equity Scheme - Large Cap Fund
2018-12-05,118632,Nippon India Large Cap Fund - Direct Plan Growth Plan - Growth Option,34.1841,Nippon India Mutual Fund,Equity Scheme - Large Cap Fund
2018-12-06,118632,Nippon India Large Cap Fund - Direct Plan Growth Plan - Growth Option,33.7422,Nippon India Mutual Fund,Equity Scheme - Large Cap Fund
2018-12-07,118632,Nippon India Large Cap Fund - Direct Plan Growth Plan - Growth Option,33.8079,Nippon India Mutual Fund,Equity Scheme - Large Cap Fund
2018-12-10,118632,Nippon India Large Cap Fund - Direct Plan Growth Plan - Growth Option,33.3958,Nippon India Mutual Fund,Equity Scheme - Large Cap Fund
2018-12-11,118632,Nippon India Large Cap Fund - Direct Plan Growth Plan - Growth Option,33.7144,Nippon India Mutual Fund,Equity Scheme - Large Cap Fund
2018-12-12,118632,Nippon India Large Cap Fund - Direct Plan Growth Plan - Growth Option,34.4292,Nippon India Mutual Fund,Equity Scheme - Large Cap Fund
2018-12-13,118632,Nippon India Large Cap Fund - Direct Plan Growth Plan - Growth Option,34.5441,Nippon India Mutual Fund,Equity Scheme - Large Cap Fund
2018-12-14,118632,Nippon India Large Cap Fund - Direct Plan Growth Plan - Growth Option,34.6099,Nippon India Mutual Fund,Equity Scheme - Large Cap Fund
2018-12-17,118632,Nippon India Large Cap Fund - Direct Plan Growth Plan - Growth Option,34.8087,Nippon India Mutual Fund,Equity Scheme - Large Cap Fund
2018-12-18,118632,Nippon India Large Cap Fund - Direct Plan Growth Plan - Growth Option,34.9366,Nippon India Mutual Fund,Equity Scheme - Large Cap Fund
2018-12-19,118632,Nippon India Large Cap Fund - Direct Plan Growth Plan - Growth Option,35.2629,Nippon India Mutual Fund,Equity Scheme - Large Cap Fund
2018-12-20,118632,Nippon India Large Cap Fund - Direct Plan Growth Plan - Growth Option,35.1521,Nippon India Mutual Fund,Equity Scheme - Large Cap Fund
2018-12-21,118632,Nippon India Large Cap Fund - Direct Plan Growth Plan - Growth Option,34.7041,Nippon India Mutual Fund,Equity Scheme - Large Cap Fund
2018-12-24,118632,Nippon India Large Cap Fund - Direct Plan Growth Plan - Growth Option,34.467,Nippon India Mutual Fund,Equity Scheme - Large Cap Fund
2018-12-26,118632,Nippon India Large Cap Fund - Direct Plan Growth Plan - Growth Option,34.6407,Nippon India Mutual Fund,Equity Scheme - Large Cap Fund
2018-12-27,118632,Nippon India Large Cap Fund - Direct Plan Growth Plan - Growth Option,34.6762,Nippon India Mutual Fund,Equity Scheme - Large Cap Fund
2018-12-28,118632,Nippon India Large Cap Fund - Direct Plan Growth Plan - Growth Option,35.0331,Nippon India Mutual Fund,Equity Scheme - Large Cap Fund
2018-12-31,118632,Nippon India Large Cap Fund - Direct Plan Growth Plan - Growth Option,35.0999,Nippon India Mutual Fund,Equity Scheme - Large Cap Fund
2019-01-01,118632,Nippon India Large Cap Fund - Direct Plan Growth Plan - Growth Option,35.3061,Nippon India Mutual Fund,Equity Scheme - Large Cap Fund
2019-01-02,118632,Nippon India Large Cap Fund - Direct Plan Growth Plan - Growth Option,34.8637,Nippon India Mutual Fund,Equity Scheme - Large Cap Fund
2019-01-03,118632,Nippon India Large Cap Fund - Direct Plan Growth Plan - Growth Option,34.5153,Nippon India Mutual Fund,Equity Scheme - Large Cap Fund
2019-01-04,118632,Nippon India Large Cap Fund - Direct Plan Growth Plan - Growth Option,34.7714,Nippon India Mutual Fund,Equity Scheme - Large Cap Fund
2019-01-07,118632,Nippon India Large Cap Fund - Direct Plan Growth Plan - Growth Option,34.8727,Nippon India Mutual Fund,Equity Scheme - Large Cap Fund
2019-01-08,118632,Nippon India Large Cap Fund - Direct Plan Growth Plan - Growth Option,35.1267,Nippon India Mutual Fund,Equity Scheme - Large Cap Fund
2019-01-09,118632,Nippon India Large Cap Fund - Direct Plan Growth Plan - Growth Option,35.2384,Nippon India Mutual Fund,Equity Scheme - Large Cap Fund
2019-01-10,118632,Nippon India Large Cap Fund - Direct Plan Growth Plan - Growth Option,35.3285,Nippon India Mutual Fund,Equity Scheme - Large Cap Fund
2019-01-11,118632,Nippon India Large Cap Fund - Direct Plan Growth Plan - Growth Option,35.2316,Nippon India Mutual Fund,Equity Scheme - Large Cap Fund
2019-01-14,118632,Nippon India Large Cap Fund - Direct Plan Growth Plan - Growth Option,35.0726,Nippon India Mutual Fund,Equity Scheme - Large Cap Fund
2019-01-15,118632,Nippon India Large Cap Fund - Direct Plan Growth Plan - Growth Option,35.3664,Nippon India Mutual Fund,Equity Scheme - Large Cap Fund
2019-01-16,118632,Nippon India Large Cap Fund - Direct Plan Growth Plan - Growth Option,35.374,Nippon India Mutual Fund,Equity Scheme - Large Cap Fund
2019-01-17,118632,Nippon India Large Cap Fund - Direct Plan Growth Plan - Growth Option,35.3235,Nippon India Mutual Fund,Equity Scheme - Large Cap Fund
2019-01-18,118632,Nippon India Large Cap Fund - Direct Plan Growth Plan - Growth Option,34.9364,Nippon India Mutual Fund,Equity Scheme - Large Cap Fund
2019-01-21,118632,Nippon India Large Cap Fund - Direct Plan Growth Plan - Growth Option,34.8657,Nippon India Mutual Fund,Equity Scheme - Large Cap Fund
2019-01-22,118632,Nippon India Large Cap Fund - Direct Plan Growth Plan - Growth Option,34.868,Nippon India Mutual Fund,Equity Scheme - Large Cap Fund
2019-01-23,118632,Nippon India Large Cap Fund - Direct Plan Growth Plan - Growth Option,34.6741,Nippon India Mutual Fund,Equity Scheme - Large Cap Fund
2019-01-24,118632,Nippon India Large Cap Fund - Direct Plan Growth Plan - Growth Option,34.5476,Nippon India Mutual Fund,Equity Scheme - Large Cap Fund
2019-01-25,118632,Nippon India Large Cap Fund - Direct Plan Growth Plan - Growth Option,34.3971,Nippon India Mutual Fund,Equity Scheme - Large Cap Fund
2019-01-28,118632,Nippon India Large Cap Fund - Direct Plan Growth Plan - Growth Option,33.8254,Nippon India Mutual Fund,Equity Scheme - Large Cap Fund
2019-01-29,118632,Nippon India Large Cap Fund - Direct Plan Growth Plan - Growth Option,34.0023,Nippon India Mutual Fund,Equity Scheme - Large Cap Fund
2019-01-30,118632,Nippon India Large Cap Fund - Direct Plan Growth Plan - Growth Option,34.3406,Nippon India Mutual Fund,Equity Scheme - Large Cap Fund
2019-01-31,118632,Nippon India Large Cap Fund - Direct Plan Growth Plan - Growth Option,34.8539,Nippon India Mutual Fund,Equity Scheme - Large Cap Fund
2019-02-01,118632,Nippon India Large Cap Fund - Direct Plan Growth Plan - Growth Option,34.7678,Nippon India Mutual Fund,Equity Scheme - Large Cap Fund
2019-02-04,118632,Nippon India Large Cap Fund - Direct Plan Growth Plan - Growth Option,34.5859,Nippon India Mutual Fund,Equity Scheme - Large Cap Fund
2019-02-05,118632,Nippon India Large Cap Fund - Direct Plan Growth Plan - Growth Option,34.4663,Nippon India Mutual Fund,Equity Scheme - Large Cap Fund
2019-02-06,118632,Nippon India Large Cap Fund - Direct Plan Growth Plan - Growth Option,34.8702,Nippon India Mutual Fund,Equity Scheme - Large Cap Fund
2019-02-07,118632,Nippon India Large Cap Fund - Direct Plan Growth Plan - Growth Option,35.0078,Nippon India Mutual Fund,Equity Scheme - Large Cap Fund
2019-02-08,118632,Nippon India Large Cap Fund - Direct Plan Growth Plan - Growth Option,34.4331,Nippon India Mutual Fund,Equity Scheme - Large Cap Fund
2019-02-11,118632,Nippon India Large Cap Fund - Direct Plan Growth Plan - Growth Option,34.1241,Nippon India Mutual Fund,Equity Scheme - Large Cap Fund
2019-02-12,118632,Nippon India Large Cap Fund - Direct Plan Growth Plan - Growth Option,34.0735,Nippon India Mutual Fund,Equity Scheme - Large Cap Fund
2019-02-13,118632,Nippon India Large Cap Fund - Direct Plan Growth Plan - Growth Option,33.8343,Nippon India Mutual Fund,Equity Scheme - Large Cap Fund
2019-02-14,118632,Nippon India Large Cap Fund - Direct Plan Growth Plan - Growth Option,33.7264,Nippon India Mutual Fund,Equity Scheme - Large Cap Fund
2019-02-15,118632,Nippon India Large Cap Fund - Direct Plan Growth Plan - Growth Option,33.4974,Nippon India Mutual Fund,Equity Scheme - Large Cap Fund
2019-02-18,118632,Nippon India Large Cap Fund - Direct Plan Growth Plan - Growth Option,33.22,Nippon India Mutual Fund,Equity Scheme - Large Cap Fund
2019-02-19,118632,Nippon India Large Cap Fund - Direct Plan Growth Plan - Growth Option,33.3508,Nippon India Mutual Fund,Equity Scheme - Large Cap Fund
2019-02-20,118632,Nippon India Large Cap Fund - Direct Plan Growth Plan - Growth Option,33.7654,Nippon India Mutual Fund,Equity Scheme - Large Cap Fund
2019-02-21,118632,Nippon India Large Cap Fund - Direct Plan Growth Plan - Growth Option,34.028,Nippon India Mutual Fund,Equity Scheme - Large Cap Fund
2019-02-22,118632,Nippon India Large Cap Fund - Direct Plan Growth Plan - Growth Option,34.2343,Nippon India Mutual Fund,Equity Scheme - Large Cap Fund
2019-02-25,118632,Nippon India Large Cap Fund - Direct Plan Growth Plan - Growth Option,34.3686,Nippon India Mutual Fund,Equity Scheme - Large Cap Fund
2019-02-26,118632,Nippon India Large Cap Fund - Direct Plan Growth Plan - Growth Option,34.2692,Nippon India Mutual Fund,Equity Scheme - Large Cap Fund
2019-02-27,118632,Nippon India Large Cap Fund - Direct Plan Growth Plan - Growth Option,34.2767,Nippon India Mutual Fund,Equity Scheme - Large Cap Fund
2019-02-28,118632,Nippon India Large Cap Fund - Direct Plan Growth Plan - Growth Option,34.3414,Nippon India Mutual Fund,Equity Scheme - Large Cap Fund
2019-03-01,118632,Nippon India Large Cap Fund - Direct Plan Growth Plan - Growth Option,34.7149,Nippon India Mutual Fund,Equity Scheme - Large Cap Fund
2019-03-05,118632,Nippon India Large Cap Fund - Direct Plan Growth Plan - Growth Option,35.4016,Nippon India Mutual Fund,Equity Scheme - Large Cap Fund
2019-03-06,118632,Nippon India Large Cap Fund - Direct Plan Growth Plan - Growth Option,35.5201,Nippon India Mutual Fund,Equity Scheme - Large Cap Fund
2019-03-07,118632,Nippon India Large Cap Fund - Direct Plan Growth Plan - Growth Option,35.5907,Nippon India Mutual Fund,Equity Scheme - Large Cap Fund
2019-03-08,118632,Nippon India Large Cap Fund - Direct Plan Growth Plan - Growth Option,35.4924,Nippon India Mutual Fund,Equity Scheme - Large Cap Fund
2019-03-11,118632,Nippon India Large Cap Fund - Direct Plan Growth Plan - Growth Option,36.0421,Nippon India Mutual Fund,Equity Scheme - Large Cap Fund
2019-03-12,118632,Nippon India Large Cap Fund - Direct Plan Growth Plan - Growth Option,36.4004,Nippon India Mutual Fund,Equity Scheme - Large Cap Fund
2019-03-13,118632,Nippon India Large Cap Fund - Direct Plan Growth Plan - Growth Option,36.4739,Nippon India Mutual Fund,Equity Scheme - Large Cap Fund
2019-03-14,118632,Nippon India Large Cap Fund - Direct Plan Growth Plan - Growth Option,36.4598,Nippon India Mutual Fund,Equity Scheme - Large Cap Fund
2019-03-15,118632,Nippon India Large Cap Fund - Direct Plan Growth Plan - Growth Option,36.7007,Nippon India Mutual Fund,Equity Scheme - Large Cap Fund
2019-03-18,118632,Nippon India Large Cap Fund - Direct Plan Growth Plan - Growth Option,36.842,Nippon India Mutual Fund,Equity Scheme - Large Cap Fund
2019-03-19,118632,Nippon India Large Cap Fund - Direct Plan Growth Plan - Growth Option,37.0419,Nippon India Mutual Fund,Equity Scheme - Large Cap Fund
2019-03-20,118632,Nippon India Large Cap Fund - Direct Plan Growth Plan - Growth Option,36.8944,Nippon India Mutual Fund,Equity Scheme - Large Cap Fund
2019-03-22,118632,Nippon India Large Cap Fund - Direct Plan Growth Plan - Growth Option,36.6517,Nippon India Mutual Fund,Equity Scheme - Large Cap Fund
2019-03-25,118632,Nippon India Large Cap Fund - Direct Plan Growth Plan - Growth Option,36.3979,Nippon India Mutual Fund,Equity Scheme - Large Cap Fund
2019-03-26,118632,Nippon India Large Cap Fund - Direct Plan Growth Plan - Growth Option,36.7706,Nippon India Mutual Fund,Equity Scheme - Large Cap Fund
2019-03-27,118632,Nippon India Large Cap Fund - Direct Plan Growth Plan - Growth Option,36.7212,Nippon India Mutual Fund,Equity Scheme - Large Cap Fund
2019-03-28,118632,Nippon India Large Cap Fund - Direct Plan Growth Plan - Growth Option,37.2335,Nippon India Mutual Fund,Equity Scheme - Large Cap Fund
2019-03-29,118632,Nippon India Large Cap Fund - Direct Plan Growth Plan - Growth Option,37.4949,Nippon India Mutual Fund,Equity Scheme - Large Cap Fund
2019-04-01,118632,Nippon India Large Cap Fund - Direct Plan Growth Plan - Growth Option,37.7396,Nippon India Mutual Fund,Equity Scheme - Large Cap Fund
2019-04-02,118632,Nippon India Large Cap Fund - Direct Plan Growth Plan - Growth Option,37.8738,Nippon India Mutual Fund,Equity Scheme - Large Cap Fund
2019-04-03,118632,Nippon India Large Cap Fund - Direct Plan Growth Plan - Growth Option,37.434,Nippon India Mutual Fund,Equity Scheme - Large Cap Fund
2019-04-04,118632,Nippon India Large Cap Fund - Direct Plan Growth Plan - Growth Option,37.3202,Nippon India Mutual Fund,Equity Scheme - Large Cap Fund
2019-04-05,118632,Nippon India Large Cap Fund - Direct Plan Growth Plan - Growth Option,37.5191,Nippon India Mutual Fund,Equity Scheme - Large Cap Fund
2019-04-08,118632,Nippon India Large Cap Fund - Direct Plan Growth Plan - Growth Option,37.2241,Nippon India Mutual Fund,Equity Scheme - Large Cap Fund
2019-04-09,118632,Nippon India Large Cap Fund - Direct Plan Growth Plan - Growth Option,37.5077,Nippon India Mutual Fund,Equity Scheme - Large Cap Fund
2019-04-10,118632,Nippon India Large Cap Fund - Direct Plan Growth Plan - Growth Option,37.378,Nippon India Mutual Fund,Equity Scheme - Large Cap Fund
2019-04-11,118632,Nippon India Large Cap Fund - Direct Plan Growth Plan - Growth Option,37.4361,Nippon India Mutual Fund,Equity Scheme - Large Cap Fund
2019-04-12,118632,Nippon India Large Cap Fund - Direct Plan Growth Plan - Growth Option,37.6532,Nippon India Mutual Fund,Equity Scheme - Large Cap Fund
2019-04-15,118632,Nippon India Large Cap Fund - Direct Plan Growth Plan - Growth Option,37.7808,Nippon India Mutual Fund,Equity Scheme - Large Cap Fund
2019-04-16,118632,Nippon India Large Cap Fund - Direct Plan Growth Plan - Growth Option,37.9269,Nippon India Mutual Fund,Equity Scheme - Large Cap Fund
2019-04-18,118632,Nippon India Large Cap Fund - Direct Plan Growth Plan - Growth Option,37.723,Nippon India Mutual Fund,Equity Scheme - Large Cap Fund
2019-04-22,118632,Nippon India Large Cap Fund - Direct Plan Growth Plan - Growth Option,37.1965,Nippon India Mutual Fund,Equity Scheme - Large Cap Fund
2019-04-23,118632,Nippon India Large Cap Fund - Direct Plan Growth Plan - Growth Option,37.1199,Nippon India Mutual Fund,Equity Scheme - Large Cap Fund
2019-04-24,118632,Nippon India Large Cap Fund - Direct Plan Growth Plan - Growth Option,37.4677,Nippon India Mutual Fund,Equity Scheme - Large Cap Fund
2019-04-25,118632,Nippon India Large Cap Fund - Direct Plan Growth Plan - Growth Option,37.2307,Nippon India Mutual Fund,Equity Scheme - Large Cap Fund
2019-04-26,118632,Nippon India Large Cap Fund - Direct Plan Growth Plan - Growth Option,37.6251,Nippon India Mutual Fund,Equity Scheme - Large Cap Fund
2019-04-30,118632,Nippon India Large Cap Fund - Direct Plan Growth Plan - Growth Option,37.5606,Nippon India Mutual Fund,Equity Scheme - Large Cap Fund
2019-05-02,118632,Nippon India Large Cap Fund - Direct Plan Growth Plan - Growth Option,37.2702,Nippon India Mutual Fund,Equity Scheme - Large Cap Fund
2019-05-03,118632,Nippon India Large Cap Fund - Direct Plan Growth Plan - Growth Option,37.396,Nippon India Mutual Fund,Equity Scheme - Large Cap Fund
2019-05-06,118632,Nippon India Large Cap Fund - Direct Plan Growth Plan - Growth Option,37.1291,Nippon India Mutual Fund,Equity Scheme - Large Cap Fund
2019-05-07,118632,Nippon India Large Cap Fund - Direct Plan Growth Plan - Growth Option,36.7143,Nippon India Mutual Fund,Equity Scheme - Large Cap Fund
2019-05-08,118632,Nippon India Large Cap Fund - Direct Plan Growth Plan - Growth Option,36.2878,Nippon India Mutual Fund,Equity Scheme - Large Cap Fund
2019-05-09,118632,Nippon India Large Cap Fund - Direct Plan Growth Plan - Growth Option,36.1098,Nippon India Mutual Fund,Equity Scheme - Large Cap Fund
2019-05-10,118632,Nippon India Large Cap Fund - Direct Plan Growth Plan - Growth Option,36.1112,Nippon India Mutual Fund,Equity Scheme - Large Cap Fund
2019-05-13,118632,Nippon India Large Cap Fund - Direct Plan Growth Plan - Growth Option,35.3901,Nippon India Mutual Fund,Equity Scheme - Large Cap Fund
2019-05-14,118632,Nippon India Large Cap Fund - Direct Plan Growth Plan - Growth Option,35.8303,Nippon India Mutual Fund,Equity Scheme - Large Cap Fund
2019-05-15,118632,Nippon India Large Cap Fund - Direct Plan Growth Plan - Growth Option,35.5507,Nippon India Mutual Fund,Equity Scheme - Large Cap Fund
2019-05-16,118632,Nippon India Large Cap Fund - Direct Plan Growth Plan - Growth Option,35.8849,Nippon India Mutual Fund,Equity Scheme - Large Cap Fund
2019-05-17,118632,Nippon India Large Cap Fund - Direct Plan Growth Plan - Growth Option,36.1511,Nippon India Mutual Fund,Equity Scheme - Large Cap Fund
2019-05-20,118632,Nippon India Large Cap Fund - Direct Plan Growth Plan - Growth Option,37.8009,Nippon India Mutual Fund,Equity Scheme - Large Cap Fund
2019-05-21,118632,Nippon India Large Cap Fund - Direct Plan Growth Plan - Growth Option,37.3059,Nippon India Mutual Fund,Equity Scheme - Large Cap Fund
2019-05-22,118632,Nippon India Large Cap Fund - Direct Plan Growth Plan - Growth Option,37.4346,Nippon India Mutual Fund,Equity Scheme - Large Cap Fund
2019-05-23,118632,Nippon India Large Cap Fund - Direct Plan Growth Plan - Growth Option,37.3326,Nippon India Mutual Fund,Equity Scheme - Large Cap Fund
2019-05-24,118632,Nippon India Large Cap Fund - Direct Plan Growth Plan - Growth Option,38.4286,Nippon India Mutual Fund,Equity Scheme - Large Cap Fund
2019-05-27,118632,Nippon India Large Cap Fund - Direct Plan Growth Plan - Growth Option,39.0866,Nippon India Mutual Fund,Equity Scheme - Large Cap Fund
2019-05-28,118632,Nippon India Large Cap Fund - Direct Plan Growth Plan - Growth Option,38.9715,Nippon India Mutual Fund,Equity Scheme - Large Cap Fund
2019-05-29,118632,Nippon India Large Cap Fund - Direct Plan Growth Plan - Growth Option,38.4652,Nippon India Mutual Fund,Equity Scheme - Large Cap Fund
2019-05-30,118632,Nippon India Large Cap Fund - Direct Plan Growth Plan - Growth Option,38.6557,Nippon India Mutual Fund,Equity Scheme - Large Cap Fund
2019-05-31,118632,Nippon India Large Cap Fund - Direct Plan Growth Plan - Growth Option,38.5553,Nippon India Mutual Fund,Equity Scheme - Large Cap Fund
2019-06-03,118632,Nippon India Large Cap Fund - Direct Plan Growth Plan - Growth Option,38.7646,Nippon India Mutual Fund,Equity Scheme - Large Cap Fund
2019-06-04,118632,Nippon India Large Cap Fund - Direct Plan Growth Plan - Growth Option,38.5849,Nippon India Mutual Fund,Equity Scheme - Large Cap Fund
2019-06-06,118632,Nippon India Large Cap Fund - Direct Plan Growth Plan - Growth Option,37.7242,Nippon India Mutual Fund,Equity Scheme - Large Cap Fund
2019-06-07,118632,Nippon India Large Cap Fund - Direct Plan Growth Plan - Growth Option,37.7513,Nippon India Mutual Fund,Equity Scheme - Large Cap Fund
2019-06-10,118632,Nippon India Large Cap Fund - Direct Plan Growth Plan - Growth Option,37.824,Nippon India Mutual Fund,Equity Scheme - Large Cap Fund
2019-06-11,118632,Nippon India Large Cap Fund - Direct Plan Growth Plan - Growth Option,37.9905,Nippon India Mutual Fund,Equity Scheme - Large Cap Fund
2019-06-12,118632,Nippon India Large Cap Fund - Direct Plan Growth Plan - Growth Option,37.7824,Nippon India Mutual Fund,Equity Scheme - Large Cap Fund
2019-06-13,118632,Nippon India Large Cap Fund - Direct Plan Growth Plan - Growth Option,37.8104,Nippon India Mutual Fund,Equity Scheme - Large Cap Fund
2019-06-14,118632,Nippon India Large Cap Fund - Direct Plan Growth Plan - Growth Option,37.518,Nippon India Mutual Fund,Equity Scheme - Large Cap Fund
2019-06-17,118632,Nippon India Large Cap Fund - Direct Plan Growth Plan - Growth Option,36.9296,Nippon India Mutual Fund,Equity Scheme - Large Cap Fund
2019-06-18,118632,Nippon India Large Cap Fund - Direct Plan Growth Plan - Growth Option,37.0431,Nippon India Mutual Fund,Equity Scheme - Large Cap Fund
2019-06-19,118632,Nippon India Large Cap Fund - Direct Plan Growth Plan - Growth Option,36.9091,Nippon India Mutual Fund,Equity Scheme - Large Cap Fund
2019-06-20,118632,Nippon India Large Cap Fund - Direct Plan Growth Plan - Growth Option,37.5214,Nippon India Mutual Fund,Equity Scheme - Large Cap Fund
2019-06-21,118632,Nippon India Large Cap Fund - Direct Plan Growth Plan - Growth Option,37.2956,Nippon India Mutual Fund,Equity Scheme - Large Cap Fund
2019-06-24,118632,Nippon India Large Cap Fund - Direct Plan Growth Plan - Growth Option,37.2818,Nippon India Mutual Fund,Equity Scheme - Large Cap Fund
2019-06-25,118632,Nippon India Large Cap Fund - Direct Plan Growth Plan - Growth Option,37.597,Nippon India Mutual Fund,Equity Scheme - Large Cap Fund
2019-06-26,118632,Nippon India Large Cap Fund - Direct Plan Growth Plan - Growth Option,37.8804,Nippon India Mutual Fund,Equity Scheme - Large Cap Fund
2019-06-27,118632,Nippon India Large Cap Fund - Direct Plan Growth Plan - Growth Option,38.0638,Nippon India Mutual Fund,Equity Scheme - Large Cap Fund
2019-06-28,118632,Nippon India Large Cap Fund - Direct Plan Growth Plan - Growth Option,38.0432,Nippon India Mutual Fund,Equity Scheme - Large Cap Fund
2019-07-01,118632,Nippon India Large Cap Fund - Direct Plan Growth Plan - Growth Option,38.1294,Nippon India Mutual Fund,Equity Scheme - Large Cap Fund
2019-07-02,118632,Nippon India Large Cap Fund - Direct Plan Growth Plan - Growth Option,38.1492,Nippon India Mutual Fund,Equity Scheme - Large Cap Fund
2019-07-03,118632,Nippon India Large Cap Fund - Direct Plan Growth Plan - Growth Option,38.2732,Nippon India Mutual Fund,Equity Scheme - Large Cap Fund
2019-07-04,118632,Nippon India Large Cap Fund - Direct Plan Growth Plan - Growth Option,38.4089,Nippon India Mutual Fund,Equity Scheme - Large Cap Fund
2019-07-05,118632,Nippon India Large Cap Fund - Direct Plan Growth Plan - Growth Option,37.8995,Nippon India Mutual Fund,Equity Scheme - Large Cap Fund
2019-07-08,118632,Nippon India Large Cap Fund - Direct Plan Growth Plan - Growth Option,36.9659,Nippon India Mutual Fund,Equity Scheme - Large Cap Fund
2019-07-09,118632,Nippon India Large Cap Fund - Direct Plan Growth Plan - Growth Option,37.2295,Nippon India Mutual Fund,Equity Scheme - Large Cap Fund
2019-07-10,118632,Nippon India Large Cap Fund - Direct Plan Growth Plan - Growth Option,36.8628,Nippon India Mutual Fund,Equity Scheme - Large Cap Fund
2019-07-11,118632,Nippon India Large Cap Fund - Direct Plan Growth Plan - Growth Option,37.21,Nippon India Mutual Fund,Equity Scheme - Large Cap Fund
2019-07-12,118632,Nippon India Large Cap Fund - Direct Plan Growth Plan - Growth Option,37.2259,Nippon India Mutual Fund,Equity Scheme - Large Cap Fund
2019-07-15,118632,Nippon India Large Cap Fund - Direct Plan Growth Plan - Growth Option,37.076,Nippon India Mutual Fund,Equity Scheme - Large Cap Fund
2019-07-16,118632,Nippon India Large Cap Fund - Direct Plan Growth Plan - Growth Option,37.4458,Nippon India Mutual Fund,Equity Scheme - Large Cap Fund
2019-07-17,118632,Nippon India Large Cap Fund - Direct Plan Growth Plan - Growth Option,37.5002,Nippon India Mutual Fund,Equity Scheme - Large Cap Fund
2019-07-18,118632,Nippon India Large Cap Fund - Direct Plan Growth Plan - Growth Option,36.9506,Nippon India Mutual Fund,Equity Scheme - Large Cap Fund
2019-07-19,118632,Nippon India Large Cap Fund - Direct Plan Growth Plan - Growth Option,36.3675,Nippon India Mutual Fund,Equity Scheme - Large Cap Fund
2019-07-22,118632,Nippon India Large Cap Fund - Direct Plan Growth Plan - Growth Option,36.3464,Nippon India Mutual Fund,Equity Scheme - Large Cap Fund
2019-07-23,118632,Nippon India Large Cap Fund - Direct Plan Growth Plan - Growth Option,36.2009,Nippon India Mutual Fund,Equity Scheme - Large Cap Fund
2019-07-24,118632,Nippon India Large Cap Fund - Direct Plan Growth Plan - Growth Option,35.8253,Nippon India Mutual Fund,Equity Scheme - Large Cap Fund
2019-07-25,118632,Nippon India Large Cap Fund - Direct Plan Growth Plan - Growth Option,35.8082,Nippon India Mutual Fund,Equity Scheme - Large Cap Fund
2019-07-26,118632,Nippon India Large Cap Fund - Direct Plan Growth Plan - Growth Option,35.9704,Nippon India Mutual Fund,Equity Scheme - Large Cap Fund
2019-07-29,118632,Nippon India Large Cap Fund - Direct Plan Growth Plan - Growth Option,35.585,Nippon India Mutual Fund,Equity Scheme - Large Cap Fund
2019-07-30,118632,Nippon India Large Cap Fund - Direct Plan Growth Plan - Growth Option,34.9848,Nippon India Mutual Fund,Equity Scheme - Large Cap Fund
2019-07-31,118632,Nippon India Large Cap Fund - Direct Plan Growth Plan - Growth Option,35.3053,Nippon India Mutual Fund,Equity Scheme - Large Cap Fund
2019-08-01,118632,Nippon India Large Cap Fund - Direct Plan Growth Plan - Growth Option,34.6488,Nippon India Mutual Fund,Equity Scheme - Large Cap Fund
2019-08-02,118632,Nippon India Large Cap Fund - Direct Plan Growth Plan - Growth Option,34.4649,Nippon India Mutual Fund,Equity Scheme - Large Cap Fund
2019-08-05,118632,Nippon India Large Cap Fund - Direct Plan Growth Plan - Growth Option,34.0276,Nippon India Mutual Fund,Equity Scheme - Large Cap Fund
2019-08-06,118632,Nippon India Large Cap Fund - Direct Plan Growth Plan - Growth Option,34.3933,Nippon India Mutual Fund,Equity Scheme - Large Cap Fund
2019-08-07,118632,Nippon India Large Cap Fund - Direct Plan Growth Plan - Growth Option,33.8466,Nippon India Mutual Fund,Equity Scheme - Large Cap Fund
2019-08-08,118632,Nippon India Large Cap Fund - Direct Plan Growth Plan - Growth Option,34.2803,Nippon India Mutual Fund,Equity Scheme - Large Cap Fund
2019-08-09,118632,Nippon India Large Cap Fund - Direct Plan Growth Plan - Growth Option,34.3629,Nippon India Mutual Fund,Equity Scheme - Large Cap Fund
2019-08-13,118632,Nippon India Large Cap Fund - Direct Plan Growth Plan - Growth Option,33.5822,Nippon India Mutual Fund,Equity Scheme - Large Cap Fund
2019-08-14,118632,Nippon India Large Cap Fund - Direct Plan Growth Plan - Growth Option,33.9639,Nippon India Mutual Fund,Equity Scheme - Large Cap Fund
2019-08-16,118632,Nippon India Large Cap Fund - Direct Plan Growth Plan - Growth Option,34.0542,Nippon India Mutual Fund,Equity Scheme - Large Cap Fund
2019-08-19,118632,Nippon India Large Cap Fund - Direct Plan Growth Plan - Growth Option,34.0837,Nippon India Mutual Fund,Equity Scheme - Large Cap Fund
2019-08-20,118632,Nippon India Large Cap Fund - Direct Plan Growth Plan - Growth Option,33.8628,Nippon India Mutual Fund,Equity Scheme - Large Cap Fund
2019-08-21,118632,Nippon India Large Cap Fund - Direct Plan Growth Plan - Growth Option,33.3619,Nippon India Mutual Fund,Equity Scheme - Large Cap Fund
2019-08-22,118632,Nippon India Large Cap Fund - Direct Plan Growth Plan - Growth Option,32.7704,Nippon India Mutual Fund,Equity Scheme - Large Cap Fund
2019-08-23,118632,Nippon India Large Cap Fund - Direct Plan Growth Plan - Growth Option,33.0437,Nippon India Mutual Fund,Equity Scheme - Large Cap Fund
2019-08-26,118632,Nippon India Large Cap Fund - Direct Plan Growth Plan - Growth Option,33.6593,Nippon India Mutual Fund,Equity Scheme - Large Cap Fund
2019-08-27,118632,Nippon India Large Cap Fund - Direct Plan Growth Plan - Growth Option,33.9802,Nippon India Mutual Fund,Equity Scheme - Large Cap Fund
2019-08-28,118632,Nippon India Large Cap Fund - Direct Plan Growth Plan - Growth Option,33.7103,Nippon India Mutual Fund,Equity Scheme - Large Cap Fund
2019-08-29,118632,Nippon India Large Cap Fund - Direct Plan Growth Plan - Growth Option,33.3824,Nippon India Mutual Fund,Equity Scheme - Large Cap Fund
2019-08-30,118632,Nippon India Large Cap Fund - Direct Plan Growth Plan - Growth Option,33.5968,Nippon India Mutual Fund,Equity Scheme - Large Cap Fund
2019-09-03,118632,Nippon India Large Cap Fund - Direct Plan Growth Plan - Growth Option,32.9684,Nippon India Mutual Fund,Equity Scheme - Large Cap Fund
2019-09-04,118632,Nippon India Large Cap Fund - Direct Plan Growth Plan - Growth Option,33.192,Nippon India Mutual Fund,Equity Scheme - Large Cap Fund
2019-09-05,118632,Nippon India Large Cap Fund - Direct Plan Growth Plan - Growth Option,33.3774,Nippon India Mutual Fund,Equity Scheme - Large Cap Fund
2019-09-06,118632,Nippon India Large Cap Fund - Direct Plan Growth Plan - Growth Option,33.6463,Nippon India Mutual Fund,Equity Scheme - Large Cap Fund
2019-09-09,118632,Nippon India Large Cap Fund - Direct Plan Growth Plan - Growth Option,33.9053,Nippon India Mutual Fund,Equity Scheme - Large Cap Fund
2019-09-11,118632,Nippon India Large Cap Fund - Direct Plan Growth Plan - Growth Option,34.1812,Nippon India Mutual Fund,Equity Scheme - Large Cap Fund
2019-09-12,118632,Nippon India Large Cap Fund - Direct Plan Growth Plan - Growth Option,34.1039,Nippon India Mutual Fund,Equity Scheme - Large Cap Fund
2019-09-13,118632,Nippon India Large Cap Fund - Direct Plan Growth Plan - Growth Option,34.4118,Nippon India Mutual Fund,Equity Scheme - Large Cap Fund
2019-09-16,118632,Nippon India Large Cap Fund - Direct Plan Growth Plan - Growth Option,34.1575,Nippon India Mutual Fund,Equity Scheme - Large Cap Fund
2019-09-17,118632,Nippon India Large Cap Fund - Direct Plan Growth Plan - Growth Option,33.3565,Nippon India Mutual Fund,Equity Scheme - Large Cap Fund
2019-09-18,118632,Nippon India Large Cap Fund - Direct Plan Growth Plan - Growth Option,33.5375,Nippon India Mutual Fund,Equity Scheme - Large Cap Fund
2019-09-19,118632,Nippon India Large Cap Fund - Direct Plan Growth Plan - Growth Option,33.0899,Nippon India Mutual Fund,Equity Scheme - Large Cap Fund
2019-09-20,118632,Nippon India Large Cap Fund - Direct Plan Growth Plan - Growth Option,35.105,Nippon India Mutual Fund,Equity Scheme - Large Cap Fund
2019-09-23,118632,Nippon India Large Cap Fund - Direct Plan Growth Plan - Growth Option,36.5689,Nippon India Mutual Fund,Equity Scheme - Large Cap Fund
2019-09-24,118632,Nippon India Large Cap Fund - Direct Plan Growth Plan - Growth Option,36.3133,Nippon India Mutual Fund,Equity Scheme - Large Cap Fund
2019-09-25,118632,Nippon India Large Cap Fund - Direct Plan Growth Plan - Growth Option,35.541,Nippon India Mutual Fund,Equity Scheme - Large Cap Fund
2019-09-26,118632,Nippon India Large Cap Fund - Direct Plan Growth Plan - Growth Option,36.0798,Nippon India Mutual Fund,Equity Scheme - Large Cap Fund
2019-09-27,118632,Nippon India Large Cap Fund - Direct Plan Growth Plan - Growth Option,35.8985,Nippon India Mutual Fund,Equity Scheme - Large Cap Fund
2019-09-30,118632,Nippon India Large Cap Fund - Direct Plan Growth Plan - Growth Option,35.6992,Nippon India Mutual Fund,Equity Scheme - Large Cap Fund
2019-10-01,118632,Nippon India Large Cap Fund - Direct Plan Growth Plan - Growth Option,35.232,Nippon India Mutual Fund,Equity Scheme - Large Cap Fund
2019-10-03,118632,Nippon India Large Cap Fund - Direct Plan Growth Plan - Growth Option,35.233,Nippon India Mutual Fund,Equity Scheme - Large Cap Fund
2019-10-04,118632,Nippon India Large Cap Fund - Direct Plan Growth Plan - Growth Option,34.7243,Nippon India Mutual Fund,Equity Scheme - Large Cap Fund
2019-10-07,118632,Nippon India Large Cap Fund - Direct Plan Growth Plan - Growth Option,34.4231,Nippon India Mutual Fund,Equity Scheme - Large Cap Fund
2019-10-09,118632,Nippon India Large Cap Fund - Direct Plan Growth Plan - Growth Option,35.0899,Nippon India Mutual Fund,Equity Scheme - Large Cap Fund
2019-10-10,118632,Nippon India Large Cap Fund - Direct Plan Growth Plan - Growth Option,34.6615,Nippon India Mutual Fund,Equity Scheme - Large Cap Fund
2019-10-11,118632,Nippon India Large Cap Fund - Direct Plan Growth Plan - Growth Option,34.8641,Nippon India Mutual Fund,Equity Scheme - Large Cap Fund
2019-10-14,118632,Nippon India Large Cap Fund - Direct Plan Growth Plan - Growth Option,34.9781,Nippon India Mutual Fund,Equity Scheme - Large Cap Fund
2019-10-15,118632,Nippon India Large Cap Fund - Direct Plan Growth Plan - Growth Option,35.1765,Nippon India Mutual Fund,Equity Scheme - Large Cap Fund
2019-10-16,118632,Nippon India Large Cap Fund - Direct Plan Growth Plan - Growth Option,35.2173,Nippon India Mutual Fund,Equity Scheme - Large Cap Fund
2019-10-17,118632,Nippon India Large Cap Fund - Direct Plan Growth Plan - Growth Option,35.6993,Nippon India Mutual Fund,Equity Scheme - Large Cap Fund
2019-10-18,118632,Nippon India Large Cap Fund - Direct Plan Growth Plan - Growth Option,35.9705,Nippon India Mutual Fund,Equity Scheme - Large Cap Fund
2019-10-22,118632,Nippon India Large Cap Fund - Direct Plan Growth Plan - Growth Option,35.8852,Nippon India Mutual Fund,Equity Scheme - Large Cap Fund
2019-10-23,118632,Nippon India Large Cap Fund - Direct Plan Growth Plan - Growth Option,35.9625,Nippon India Mutual Fund,Equity Scheme - Large Cap Fund
2019-10-24,118632,Nippon India Large Cap Fund - Direct Plan Growth Plan - Growth Option,35.625,Nippon India Mutual Fund,Equity Scheme - Large Cap Fund
2019-10-25,118632,Nippon India Large Cap Fund - Direct Plan Growth Plan - Growth Option,35.8285,Nippon India Mutual Fund,Equity Scheme - Large Cap Fund
2019-10-29,118632,Nippon India Large Cap Fund - Direct Plan Growth Plan - Growth Option,36.6798,Nippon India Mutual Fund,Equity Scheme - Large Cap Fund
2019-10-30,118632,Nippon India Large Cap Fund - Direct Plan Growth Plan - Growth Option,36.9824,Nippon India Mutual Fund,Equity Scheme - Large Cap Fund
2019-10-31,118632,Nippon India Large Cap Fund - Direct Plan Growth Plan - Growth Option,37.2339,Nippon India Mutual Fund,Equity Scheme - Large Cap Fund
2019-11-01,118632,Nippon India Large Cap Fund - Direct Plan Growth Plan - Growth Option,37.3083,Nippon India Mutual Fund,Equity Scheme - Large Cap Fund
2019-11-04,118632,Nippon India Large Cap Fund - Direct Plan Growth Plan - Growth Option,37.4373,Nippon India Mutual Fund,Equity Scheme - Large Cap Fund
2019-11-05,118632,Nippon India Large Cap Fund - Direct Plan Growth Plan - Growth Option,37.2677,Nippon India Mutual Fund,Equity Scheme - Large Cap Fund
2019-11-06,118632,Nippon India Large Cap Fund - Direct Plan Growth Plan - Growth Option,37.396,Nippon India Mutual Fund,Equity Scheme - Large Cap Fund
2019-11-07,118632,Nippon India Large Cap Fund - Direct Plan Growth Plan - Growth Option,37.3476,Nippon India Mutual Fund,Equity Scheme - Large Cap Fund
2019-11-08,118632,Nippon India Large Cap Fund - Direct Plan Growth Plan - Growth Option,36.8802,Nippon India Mutual Fund,Equity Scheme - Large Cap Fund
2019-11-11,118632,Nippon India Large Cap Fund - Direct Plan Growth Plan - Growth Option,37.0639,Nippon India Mutual Fund,Equity Scheme - Large Cap Fund
2019-11-13,118632,Nippon India Large Cap Fund - Direct Plan Growth Plan - Growth Option,36.6968,Nippon India Mutual Fund,Equity Scheme - Large Cap Fund
2019-11-14,118632,Nippon India Large Cap Fund - Direct Plan Growth Plan - Growth Option,36.6681,Nippon India Mutual Fund,Equity Scheme - Large Cap Fund
2019-11-15,118632,Nippon India Large Cap Fund - Direct Plan Growth Plan - Growth Option,36.9168,Nippon India Mutual Fund,Equity Scheme - Large Cap Fund
2019-11-18,118632,Nippon India Large Cap Fund - Direct Plan Growth Plan - Growth Option,37.1266,Nippon India Mutual Fund,Equity Scheme - Large Cap Fund
2019-11-19,118632,Nippon India Large Cap Fund - Direct Plan Growth Plan - Growth Option,37.4003,Nippon India Mutual Fund,Equity Scheme - Large Cap Fund
2019-11-20,118632,Nippon India Large Cap Fund - Direct Plan Growth Plan - Growth Option,37.5524,Nippon India Mutual Fund,Equity Scheme - Large Cap Fund
2019-11-21,118632,Nippon India Large Cap Fund - Direct Plan Growth Plan - Growth Option,37.3604,Nippon India Mutual Fund,Equity Scheme - Large Cap Fund
2019-11-22,118632,Nippon India Large Cap Fund - Direct Plan Growth Plan - Growth Option,37.2019,Nippon India Mutual Fund,Equity Scheme - Large Cap Fund
2019-11-25,118632,Nippon India Large Cap Fund - Direct Plan Growth Plan - Growth Option,37.7165,Nippon India Mutual Fund,Equity Scheme - Large Cap Fund
2019-11-26,118632,Nippon India Large Cap Fund - Direct Plan Growth Plan - Growth Option,37.5389,Nippon India Mutual Fund,Equity Scheme - Large Cap Fund
2019-11-27,118632,Nippon India Large Cap Fund - Direct Plan Growth Plan - Growth Option,37.7095,Nippon India Mutual Fund,Equity Scheme - Large Cap Fund
2019-11-28,118632,Nippon India Large Cap Fund - Direct Plan Growth Plan - Growth Option,37.8833,Nippon India Mutual Fund,Equity Scheme - Large Cap Fund
2019-11-29,118632,Nippon India Large Cap Fund - Direct Plan Growth Plan - Growth Option,37.6232,Nippon India Mutual Fund,Equity Scheme - Large Cap Fund
2019-12-02,118632,Nippon India Large Cap Fund - Direct Plan Growth Plan - Growth Option,37.5274,Nippon India Mutual Fund,Equity Scheme - Large Cap Fund
2019-12-03,118632,Nippon India Large Cap Fund - Direct Plan Growth Plan - Growth Option,37.2069,Nippon India Mutual Fund,Equity Scheme - Large Cap Fund
2019-12-04,118632,Nippon India Large Cap Fund - Direct Plan Growth Plan - Growth Option,37.4698,Nippon India Mutual Fund,Equity Scheme - Large Cap Fund
2019-12-05,118632,Nippon India Large Cap Fund - Direct Plan Growth Plan - Growth Option,37.2128,Nippon India Mutual Fund,Equity Scheme - Large Cap Fund
2019-12-06,118632,Nippon India Large Cap Fund - Direct Plan Growth Plan - Growth Option,36.7408,Nippon India Mutual Fund,Equity Scheme - Large Cap Fund
2019-12-09,118632,Nippon India Large Cap Fund - Direct Plan Growth Plan - Growth Option,36.7694,Nippon India Mutual Fund,Equity Scheme - Large Cap Fund
2019-12-10,118632,Nippon India Large Cap Fund - Direct Plan Growth Plan - Growth Option,36.4552,Nippon India Mutual Fund,Equity Scheme - Large Cap Fund
2019-12-11,118632,Nippon India Large Cap Fund - Direct Plan Growth Plan - Growth Option,36.5698,Nippon India Mutual Fund,Equity Scheme - Large Cap Fund
2019-12-12,118632,Nippon India Large Cap Fund - Direct Plan Growth Plan - Growth Option,36.954,Nippon India Mutual Fund,Equity Scheme - Large Cap Fund
2019-12-13,118632,Nippon India Large Cap Fund - Direct Plan Growth Plan - Growth Option,37.5064,Nippon India Mutual Fund,Equity Scheme - Large Cap Fund
2019-12-16,118632,Nippon India Large Cap Fund - Direct Plan Growth Plan - Growth Option,37.3559,Nippon India Mutual Fund,Equity Scheme - Large Cap Fund
2019-12-17,118632,Nippon India Large Cap Fund - Direct Plan Growth Plan - Growth Option,37.8179,Nippon India Mutual Fund,Equity Scheme - Large Cap Fund
2019-12-18,118632,Nippon India Large Cap Fund - Direct Plan Growth Plan - Growth Option,37.7713,Nippon India Mutual Fund,Equity Scheme - Large Cap Fund
2019-12-19,118632,Nippon India Large Cap Fund - Direct Plan Growth Plan - Growth Option,37.848,Nippon India Mutual Fund,Equity Scheme - Large Cap Fund
2019-12-20,118632,Nippon India Large Cap Fund - Direct Plan Growth Plan - Growth Option,37.9728,Nippon India Mutual Fund,Equity Scheme - Large Cap Fund
2019-12-23,118632,Nippon India Large Cap Fund - Direct Plan Growth Plan - Growth Option,37.8912,Nippon India Mutual Fund,Equity Scheme - Large Cap Fund
2019-12-24,118632,Nippon India Large Cap Fund - Direct Plan Growth Plan - Growth Option,37.7657,Nippon India Mutual Fund,Equity Scheme - Large Cap Fund
2019-12-26,118632,Nippon India Large Cap Fund - Direct Plan Growth Plan - Growth Option,37.5389,Nippon India Mutual Fund,Equity Scheme - Large Cap Fund
2019-12-27,118632,Nippon India Large Cap Fund - Direct Plan Growth Plan - Growth Option,38.0682,Nippon India Mutual Fund,Equity Scheme - Large Cap Fund
2019-12-30,118632,Nippon India Large Cap Fund - Direct Plan Growth Plan - Growth Option,38.1381,Nippon India Mutual Fund,Equity Scheme - Large Cap Fund
2019-12-31,118632,Nippon India Large Cap Fund - Direct Plan Growth Plan - Growth Option,37.9594,Nippon India Mutual Fund,Equity Scheme - Large Cap Fund
2020-01-01,118632,Nippon India Large Cap Fund - Direct Plan Growth Plan - Growth Option,37.9668,Nippon India Mutual Fund,Equity Scheme - Large Cap Fund
2020-01-02,118632,Nippon India Large Cap Fund - Direct Plan Growth Plan - Growth Option,38.4483,Nippon India Mutual Fund,Equity Scheme - Large Cap Fund
2020-01-03,118632,Nippon India Large Cap Fund - Direct Plan Growth Plan - Growth Option,38.2715,Nippon India Mutual Fund,Equity Scheme - Large Cap Fund
2020-01-06,118632,Nippon India Large Cap Fund - Direct Plan Growth Plan - Growth Option,37.4068,Nippon India Mutual Fund,Equity Scheme - Large Cap Fund
2020-01-07,118632,Nippon India Large Cap Fund - Direct Plan Growth Plan - Growth Option,37.5129,Nippon India Mutual Fund,Equity Scheme - Large Cap Fund
2020-01-08,118632,Nippon India Large Cap Fund - Direct Plan Growth Plan - Growth Option,37.3886,Nippon India Mutual Fund,Equity Scheme - Large Cap Fund
2020-01-09,118632,Nippon India Large Cap Fund - Direct Plan Growth Plan - Growth Option,38.064,Nippon India Mutual Fund,Equity Scheme - Large Cap Fund
2020-01-10,118632,Nippon India Large Cap Fund - Direct Plan Growth Plan - Growth Option,38.2168,Nippon India Mutual Fund,Equity Scheme - Large Cap Fund
2020-01-13,118632,Nippon India Large Cap Fund - Direct Plan Growth Plan - Growth Option,38.427,Nippon India Mutual Fund,Equity Scheme - Large Cap Fund
2020-01-14,118632,Nippon India Large Cap Fund - Direct Plan Growth Plan - Growth Option,38.5546,Nippon India Mutual Fund,Equity Scheme - Large Cap Fund
2020-01-15,118632,Nippon India Large Cap Fund - Direct Plan Growth Plan - Growth Option,38.5216,Nippon India Mutual Fund,Equity Scheme - Large Cap Fund
2020-01-16,118632,Nippon India Large Cap Fund - Direct Plan Growth Plan - Growth Option,38.5237,Nippon India Mutual Fund,Equity Scheme - Large Cap Fund
2020-01-17,118632,Nippon India Large Cap Fund - Direct Plan Growth Plan - Growth Option,38.5397,Nippon India Mutual Fund,Equity Scheme - Large Cap Fund
2020-01-20,118632,Nippon India Large Cap Fund - Direct Plan Growth Plan - Growth Option,38.2913,Nippon India Mutual Fund,Equity Scheme - Large Cap Fund
2020-01-21,118632,Nippon India Large Cap Fund - Direct Plan Growth Plan - Growth Option,38.0925,Nippon India Mutual Fund,Equity Scheme - Large Cap Fund
2020-01-22,118632,Nippon India Large Cap Fund - Direct Plan Growth Plan - Growth Option,37.9228,Nippon India Mutual Fund,Equity Scheme - Large Cap Fund
2020-01-23,118632,Nippon India Large Cap Fund - Direct Plan Growth Plan - Growth Option,38.3177,Nippon India Mutual Fund,Equity Scheme - Large Cap Fund
2020-01-24,118632,Nippon India Large Cap Fund - Direct Plan Growth Plan - Growth Option,38.5493,Nippon India Mutual Fund,Equity Scheme - Large Cap Fund
2020-01-27,118632,Nippon India Large Cap Fund - Direct Plan Growth Plan - Growth Option,38.1205,Nippon India Mutual Fund,Equity Scheme - Large Cap Fund
2020-01-28,118632,Nippon India Large Cap Fund - Direct Plan Growth Plan - Growth Option,37.9095,Nippon India Mutual Fund,Equity Scheme - Large Cap Fund
2020-01-29,118632,Nippon India Large Cap Fund - Direct Plan Growth Plan - Growth Option,38.1615,Nippon India Mutual Fund,Equity Scheme - Large Cap Fund
2020-01-30,118632,Nippon India Large Cap Fund - Direct Plan Growth Plan - Growth Option,37.8884,Nippon India Mutual Fund,Equity Scheme - Large Cap Fund
2020-01-31,118632,Nippon India Large Cap Fund - Direct Plan Growth Plan - Growth Option,37.6321,Nippon India Mutual Fund,Equity Scheme - Large Cap Fund
2020-02-03,118632,Nippon India Large Cap Fund - Direct Plan Growth Plan - Growth Option,36.3634,Nippon India Mutual Fund,Equity Scheme - Large Cap Fund
2020-02-04,118632,Nippon India Large Cap Fund - Direct Plan Growth Plan - Growth Option,37.2406,Nippon India Mutual Fund,Equity Scheme - Large Cap Fund
2020-02-05,118632,Nippon India Large Cap Fund - Direct Plan Growth Plan - Growth Option,37.8623,Nippon India Mutual Fund,Equity Scheme - Large Cap Fund
2020-02-06,118632,Nippon India Large Cap Fund - Direct Plan Growth Plan - Growth Option,38.2093,Nippon India Mutual Fund,Equity Scheme - Large Cap Fund
2020-02-07,118632,Nippon India Large Cap Fund - Direct Plan Growth Plan - Growth Option,38.2086,Nippon India Mutual Fund,Equity Scheme - Large Cap Fund
2020-02-10,118632,Nippon India Large Cap Fund - Direct Plan Growth Plan - Growth Option,37.8178,Nippon India Mutual Fund,Equity Scheme - Large Cap Fund
2020-02-11,118632,Nippon India Large Cap Fund - Direct Plan Growth Plan - Growth Option,38.1614,Nippon India Mutual Fund,Equity Scheme - Large Cap Fund
2020-02-12,118632,Nippon India Large Cap Fund - Direct Plan Growth Plan - Growth Option,38.1116,Nippon India Mutual Fund,Equity Scheme - Large Cap Fund
2020-02-13,118632,Nippon India Large Cap Fund - Direct Plan Growth Plan - Growth Option,38.0694,Nippon India Mutual Fund,Equity Scheme - Large Cap Fund
2020-02-14,118632,Nippon India Large Cap Fund - Direct Plan Growth Plan - Growth Option,37.8171,Nippon India Mutual Fund,Equity Scheme - Large Cap Fund
2020-02-17,118632,Nippon India Large Cap Fund - Direct Plan Growth Plan - Growth Option,37.4953,Nippon India Mutual Fund,Equity Scheme - Large Cap Fund
2020-02-18,118632,Nippon India Large Cap Fund - Direct Plan Growth Plan - Growth Option,37.3789,Nippon India Mutual Fund,Equity Scheme - Large Cap Fund
2020-02-19,118632,Nippon India Large Cap Fund - Direct Plan Growth Plan - Growth Option,37.7032,Nippon India Mutual Fund,Equity Scheme - Large Cap Fund
2020-02-20,118632,Nippon India Large Cap Fund - Direct Plan Growth Plan - Growth Option,37.8452,Nippon India Mutual Fund,Equity Scheme - Large Cap Fund
2020-02-24,118632,Nippon India Large Cap Fund - Direct Plan Growth Plan - Growth Option,37.031,Nippon India Mutual Fund,Equity Scheme - Large Cap Fund
2020-02-25,118632,Nippon India Large Cap Fund - Direct Plan Growth Plan - Growth Option,36.8522,Nippon India Mutual Fund,Equity Scheme - Large Cap Fund
2020-02-26,118632,Nippon India Large Cap Fund - Direct Plan Growth Plan - Growth Option,36.4536,Nippon India Mutual Fund,Equity Scheme - Large Cap Fund
2020-02-27,118632,Nippon India Large Cap Fund - Direct Plan Growth Plan - Growth Option,36.2362,Nippon India Mutual Fund,Equity Scheme - Large Cap Fund
2020-02-28,118632,Nippon India Large Cap Fund - Direct Plan Growth Plan - Growth Option,34.9635,Nippon India Mutual Fund,Equity Scheme - Large Cap Fund
2020-03-02,118632,Nippon India Large Cap Fund - Direct Plan Growth Plan - Growth Option,34.5233,Nippon India Mutual Fund,Equity Scheme - Large Cap Fund
2020-03-03,118632,Nippon India Large Cap Fund - Direct Plan Growth Plan - Growth Option,35.0947,Nippon India Mutual Fund,Equity Scheme - Large Cap Fund
2020-03-04,118632,Nippon India Large Cap Fund - Direct Plan Growth Plan - Growth Option,34.7438,Nippon India Mutual Fund,Equity Scheme - Large Cap Fund
2020-03-05,118632,Nippon India Large Cap Fund - Direct Plan Growth Plan - Growth Option,34.7965,Nippon India Mutual Fund,Equity Scheme - Large Cap Fund
2020-03-06,118632,Nippon India Large Cap Fund - Direct Plan Growth Plan - Growth Option,33.8975,Nippon India Mutual Fund,Equity Scheme - Large Cap Fund
2020-03-09,118632,Nippon India Large Cap Fund - Direct Plan Growth Plan - Growth Option,32.3964,Nippon India Mutual Fund,Equity Scheme - Large Cap Fund
2020-03-11,118632,Nippon India Large Cap Fund - Direct Plan Growth Plan - Growth Option,32.0067,Nippon India Mutual Fund,Equity Scheme - Large Cap Fund
2020-03-12,118632,Nippon India Large Cap Fund - Direct Plan Growth Plan - Growth Option,29.1242,Nippon India Mutual Fund,Equity Scheme - Large Cap Fund
2020-03-13,118632,Nippon India Large Cap Fund - Direct Plan Growth Plan - Growth Option,30.5589,Nippon India Mutual Fund,Equity Scheme - Large Cap Fund
2020-03-16,118632,Nippon India Large Cap Fund - Direct Plan Growth Plan - Growth Option,28.5456,Nippon India Mutual Fund,Equity Scheme - Large Cap Fund
2020-03-17,118632,Nippon India Large Cap Fund - Direct Plan Growth Plan - Growth Option,27.9135,Nippon India Mutual Fund,Equity Scheme - Large Cap Fund
2020-03-18,118632,Nippon India Large Cap Fund - Direct Plan Growth Plan - Growth Option,26.7113,Nippon India Mutual Fund,Equity Scheme - Large Cap Fund
2020-03-19,118632,Nippon India Large Cap Fund - Direct Plan Growth Plan - Growth Option,25.8841,Nippon India Mutual Fund,Equity Scheme - Large Cap Fund
2020-03-20,118632,Nippon India Large Cap Fund - Direct Plan Growth Plan - Growth Option,26.9588,Nippon India Mutual Fund,Equity Scheme - Large Cap Fund
2020-03-23,118632,Nippon India Large Cap Fund - Direct Plan Growth Plan - Growth Option,23.4673,Nippon India Mutual Fund,Equity Scheme - Large Cap Fund
2020-03-24,118632,Nippon India Large Cap Fund - Direct Plan Growth Plan - Growth Option,23.8439,Nippon India Mutual Fund,Equity Scheme - Large Cap Fund
2020-03-25,118632,Nippon India Large Cap Fund - Direct Plan Growth Plan - Growth Option,24.8444,Nippon India Mutual Fund,Equity Scheme - Large Cap Fund
2020-03-26,118632,Nippon India Large Cap Fund - Direct Plan Growth Plan - Growth Option,25.7611,Nippon India Mutual Fund,Equity Scheme - Large Cap Fund
2020-03-27,118632,Nippon India Large Cap Fund - Direct Plan Growth Plan - Growth Option,25.6579,Nippon India Mutual Fund,Equity Scheme - Large Cap Fund
2020-03-30,118632,Nippon India Large Cap Fund - Direct Plan Growth Plan - Growth Option,24.722,Nippon India Mutual Fund,Equity Scheme - Large Cap Fund
2020-03-31,118632,Nippon India Large Cap Fund - Direct Plan Growth Plan - Growth Option,25.7754,Nippon India Mutual Fund,Equity Scheme - Large Cap Fund
2020-04-01,118632,Nippon India Large Cap Fund - Direct Plan Growth Plan - Growth Option,24.836,Nippon India Mutual Fund,Equity Scheme - Large Cap Fund
2020-04-03,118632,Nippon India Large Cap Fund - Direct Plan Growth Plan - Growth Option,24.394,Nippon India Mutual Fund,Equity Scheme - Large Cap Fund
2020-04-07,118632,Nippon India Large Cap Fund - Direct Plan Growth Plan - Growth Option,26.1117,Nippon India Mutual Fund,Equity Scheme - Large Cap Fund
2020-04-08,118632,Nippon India Large Cap Fund - Direct Plan Growth Plan - Growth Option,26.2099,Nippon India Mutual Fund,Equity Scheme - Large Cap Fund
2020-04-09,118632,Nippon India Large Cap Fund - Direct Plan Growth Plan - Growth Option,27.2096,Nippon India Mutual Fund,Equity Scheme - Large Cap Fund
2020-04-13,118632,Nippon India Large Cap Fund - Direct Plan Growth Plan - Growth Option,27.1091,Nippon India Mutual Fund,Equity Scheme - Large Cap Fund
2020-04-15,118632,Nippon India Large Cap Fund - Direct Plan Growth Plan - Growth Option,27.1964,Nippon India Mutual Fund,Equity Scheme - Large Cap Fund
2020-04-16,118632,Nippon India Large Cap Fund - Direct Plan Growth Plan - Growth Option,27.5178,Nippon India Mutual Fund,Equity Scheme - Large Cap Fund
2020-04-17,118632,Nippon India Large Cap Fund - Direct Plan Growth Plan - Growth Option,28.2597,Nippon India Mutual Fund,Equity Scheme - Large Cap Fund
2020-04-20,118632,Nippon India Large Cap Fund - Direct Plan Growth Plan - Growth Option,28.2958,Nippon India Mutual Fund,Equity Scheme - Large Cap Fund
2020-04-21,118632,Nippon India Large Cap Fund - Direct Plan Growth Plan - Growth Option,27.3648,Nippon India Mutual Fund,Equity Scheme - Large Cap Fund
2020-04-22,118632,Nippon India Large Cap Fund - Direct Plan Growth Plan - Growth Option,27.6074,Nippon India Mutual Fund,Equity Scheme - Large Cap Fund
2020-04-23,118632,Nippon India Large Cap Fund - Direct Plan Growth Plan - Growth Option,27.7376,Nippon India Mutual Fund,Equity Scheme - Large Cap Fund
2020-04-24,118632,Nippon India Large Cap Fund - Direct Plan Growth Plan - Growth Option,27.2358,Nippon India Mutual Fund,Equity Scheme - Large Cap Fund
2020-04-27,118632,Nippon India Large Cap Fund - Direct Plan Growth Plan - Growth Option,27.4545,Nippon India Mutual Fund,Equity Scheme - Large Cap Fund
2020-04-28,118632,Nippon India Large Cap Fund - Direct Plan Growth Plan - Growth Option,27.5841,Nippon India Mutual Fund,Equity Scheme - Large Cap Fund
2020-04-29,118632,Nippon India Large Cap Fund - Direct Plan Growth Plan - Growth Option,28.1232,Nippon India Mutual Fund,Equity Scheme - Large Cap Fund
2020-04-30,118632,Nippon India Large Cap Fund - Direct Plan Growth Plan - Growth Option,29.0772,Nippon India Mutual Fund,Equity Scheme - Large Cap Fund
2020-05-04,118632,Nippon India Large Cap Fund - Direct Plan Growth Plan - Growth Option,27.499,Nippon India Mutual Fund,Equity Scheme - Large Cap Fund
2020-05-05,118632,Nippon India Large Cap Fund - Direct Plan Growth Plan - Growth Option,27.154,Nippon India Mutual Fund,Equity Scheme - Large Cap Fund
2020-05-06,118632,Nippon India Large Cap Fund - Direct Plan Growth Plan - Growth Option,27.1651,Nippon India Mutual Fund,Equity Scheme - Large Cap Fund
2020-05-07,118632,Nippon India Large Cap Fund - Direct Plan Growth Plan - Growth Option,26.8711,Nippon India Mutual Fund,Equity Scheme - Large Cap Fund
2020-05-08,118632,Nippon India Large Cap Fund - Direct Plan Growth Plan - Growth Option,26.7445,Nippon India Mutual Fund,Equity Scheme - Large Cap Fund
2020-05-11,118632,Nippon India Large Cap Fund - Direct Plan Growth Plan - Growth Option,26.7118,Nippon India Mutual Fund,Equity Scheme - Large Cap Fund
2020-05-12,118632,Nippon India Large Cap Fund - Direct Plan Growth Plan - Growth Option,26.7675,Nippon India Mutual Fund,Equity Scheme - Large Cap Fund
2020-05-13,118632,Nippon India Large Cap Fund - Direct Plan Growth Plan - Growth Option,27.3614,Nippon India Mutual Fund,Equity Scheme - Large Cap Fund
2020-05-14,118632,Nippon India Large Cap Fund - Direct Plan Growth Plan - Growth Option,26.8248,Nippon India Mutual Fund,Equity Scheme - Large Cap Fund
2020-05-15,118632,Nippon India Large Cap Fund - Direct Plan Growth Plan - Growth Option,26.757,Nippon India Mutual Fund,Equity Scheme - Large Cap Fund
2020-05-18,118632,Nippon India Large Cap Fund - Direct Plan Growth Plan - Growth Option,25.6605,Nippon India Mutual Fund,Equity Scheme - Large Cap Fund
2020-05-19,118632,Nippon India Large Cap Fund - Direct Plan Growth Plan - Growth Option,25.7962,Nippon India Mutual Fund,Equity Scheme - Large Cap Fund
2020-05-20,118632,Nippon India Large Cap Fund - Direct Plan Growth Plan - Growth Option,26.2835,Nippon India Mutual Fund,Equity Scheme - Large Cap Fund
2020-05-21,118632,Nippon India Large Cap Fund - Direct Plan Growth Plan - Growth Option,26.5825,Nippon India Mutual Fund,Equity Scheme - Large Cap Fund
2020-05-22,118632,Nippon India Large Cap Fund - Direct Plan Growth Plan - Growth Option,26.2503,Nippon India Mutual Fund,Equity Scheme - Large Cap Fund
2020-05-26,118632,Nippon India Large Cap Fund - Direct Plan Growth Plan - Growth Option,26.2028,Nippon India Mutual Fund,Equity Scheme - Large Cap Fund
2020-05-27,118632,Nippon India Large Cap Fund - Direct Plan Growth Plan - Growth Option,26.8846,Nippon India Mutual Fund,Equity Scheme - Large Cap Fund
2020-05-28,118632,Nippon India Large Cap Fund - Direct Plan Growth Plan - Growth Option,27.3793,Nippon India Mutual Fund,Equity Scheme - Large Cap Fund
2020-05-29,118632,Nippon India Large Cap Fund - Direct Plan Growth Plan - Growth Option,27.8111,Nippon India Mutual Fund,Equity Scheme - Large Cap Fund
2020-06-01,118632,Nippon India Large Cap Fund - Direct Plan Growth Plan - Growth Option,28.6179,Nippon India Mutual Fund,Equity Scheme - Large Cap Fund
2020-06-02,118632,Nippon India Large Cap Fund - Direct Plan Growth Plan - Growth Option,28.8451,Nippon India Mutual Fund,Equity Scheme - Large Cap Fund
2020-06-03,118632,Nippon India Large Cap Fund - Direct Plan Growth Plan - Growth Option,29.0246,Nippon India Mutual Fund,Equity Scheme - Large Cap Fund
2020-06-04,118632,Nippon India Large Cap Fund - Direct Plan Growth Plan - Growth Option,29.0746,Nippon India Mutual Fund,Equity Scheme - Large Cap Fund
2020-06-05,118632,Nippon India Large Cap Fund - Direct Plan Growth Plan - Growth Option,29.8914,Nippon India Mutual Fund,Equity Scheme - Large Cap Fund
2020-06-08,118632,Nippon India Large Cap Fund - Direct Plan Growth Plan - Growth Option,30.1996,Nippon India Mutual Fund,Equity Scheme - Large Cap Fund
2020-06-09,118632,Nippon India Large Cap Fund - Direct Plan Growth Plan - Growth Option,29.7598,Nippon India Mutual Fund,Equity Scheme - Large Cap Fund
2020-06-10,118632,Nippon India Large Cap Fund - Direct Plan Growth Plan - Growth Option,29.7963,Nippon India Mutual Fund,Equity Scheme - Large Cap Fund
2020-06-11,118632,Nippon India Large Cap Fund - Direct Plan Growth Plan - Growth Option,29.0615,Nippon India Mutual Fund,Equity Scheme - Large Cap Fund
2020-06-12,118632,Nippon India Large Cap Fund - Direct Plan Growth Plan - Growth Option,29.2344,Nippon India Mutual Fund,Equity Scheme - Large Cap Fund
2020-06-15,118632,Nippon India Large Cap Fund - Direct Plan Growth Plan - Growth Option,28.7242,Nippon India Mutual Fund,Equity Scheme - Large Cap Fund
2020-06-16,118632,Nippon India Large Cap Fund - Direct Plan Growth Plan - Growth Option,28.7353,Nippon India Mutual Fund,Equity Scheme - Large Cap Fund
2020-06-17,118632,Nippon India Large Cap Fund - Direct Plan Growth Plan - Growth Option,28.7239,Nippon India Mutual Fund,Equity Scheme - Large Cap Fund
2020-06-18,118632,Nippon India Large Cap Fund - Direct Plan Growth Plan - Growth Option,29.3334,Nippon India Mutual Fund,Equity Scheme - Large Cap Fund
2020-06-19,118632,Nippon India Large Cap Fund - Direct Plan Growth Plan - Growth Option,29.8342,Nippon India Mutual Fund,Equity Scheme - Large Cap Fund
2020-06-22,118632,Nippon India Large Cap Fund - Direct Plan Growth Plan - Growth Option,30.2699,Nippon India Mutual Fund,Equity Scheme - Large Cap Fund
2020-06-23,118632,Nippon India Large Cap Fund - Direct Plan Growth Plan - Growth Option,30.7012,Nippon India Mutual Fund,Equity Scheme - Large Cap Fund
2020-06-24,118632,Nippon India Large Cap Fund - Direct Plan Growth Plan - Growth Option,30.127,Nippon India Mutual Fund,Equity Scheme - Large Cap Fund
2020-06-25,118632,Nippon India Large Cap Fund - Direct Plan Growth Plan - Growth Option,30.1346,Nippon India Mutual Fund,Equity Scheme - Large Cap Fund
2020-06-26,118632,Nippon India Large Cap Fund - Direct Plan Growth Plan - Growth Option,30.3769,Nippon India Mutual Fund,Equity Scheme - Large Cap Fund
2020-06-29,118632,Nippon India Large Cap Fund - Direct Plan Growth Plan - Growth Option,29.8369,Nippon India Mutual Fund,Equity Scheme - Large Cap Fund
2020-06-30,118632,Nippon India Large Cap Fund - Direct Plan Growth Plan - Growth Option,29.7608,Nippon India Mutual Fund,Equity Scheme - Large Cap Fund
2020-07-01,118632,Nippon India Large Cap Fund - Direct Plan Growth Plan - Growth Option,30.1676,Nippon India Mutual Fund,Equity Scheme - Large Cap Fund
2020-07-02,118632,Nippon India Large Cap Fund - Direct Plan Growth Plan - Growth Option,30.4217,Nippon India Mutual Fund,Equity Scheme - Large Cap Fund
2020-07-03,118632,Nippon India Large Cap Fund - Direct Plan Growth Plan - Growth Option,30.6066,Nippon India Mutual Fund,Equity Scheme - Large Cap Fund
2020-07-06,118632,Nippon India Large Cap Fund - Direct Plan Growth Plan - Growth Option,31.0298,Nippon India Mutual Fund,Equity Scheme - Large Cap Fund
2020-07-07,118632,Nippon India Large Cap Fund - Direct Plan Growth Plan - Growth Option,31.0631,Nippon India Mutual Fund,Equity Scheme - Large Cap Fund
2020-07-08,118632,Nippon India Large Cap Fund - Direct Plan Growth Plan - Growth Option,30.9103,Nippon India Mutual Fund,Equity Scheme - Large Cap Fund
2020-07-09,118632,Nippon India Large Cap Fund - Direct Plan Growth Plan - Growth Option,31.1314,Nippon India Mutual Fund,Equity Scheme - Large Cap Fund
2020-07-10,118632,Nippon India Large Cap Fund - Direct Plan Growth Plan - Growth Option,30.9371,Nippon India Mutual Fund,Equity Scheme - Large Cap Fund
2020-07-13,118632,Nippon India Large Cap Fund - Direct Plan Growth Plan - Growth Option,31.0347,Nippon India Mutual Fund,Equity Scheme - Large Cap Fund
2020-07-14,118632,Nippon India Large Cap Fund - Direct Plan Growth Plan - Growth Option,30.5009,Nippon India Mutual Fund,Equity Scheme - Large Cap Fund
2020-07-15,118632,Nippon India Large Cap Fund - Direct Plan Growth Plan - Growth Option,30.3927,Nippon India Mutual Fund,Equity Scheme - Large Cap Fund
2020-07-16,118632,Nippon India Large Cap Fund - Direct Plan Growth Plan - Growth Option,30.7245,Nippon India Mutual Fund,Equity Scheme - Large Cap Fund
2020-07-17,118632,Nippon India Large Cap Fund - Direct Plan Growth Plan - Growth Option,31.2684,Nippon India Mutual Fund,Equity Scheme - Large Cap Fund
2020-07-20,118632,Nippon India Large Cap Fund - Direct Plan Growth Plan - Growth Option,31.5268,Nippon India Mutual Fund,Equity Scheme - Large Cap Fund
2020-07-21,118632,Nippon India Large Cap Fund - Direct Plan Growth Plan - Growth Option,31.9174,Nippon India Mutual Fund,Equity Scheme - Large Cap Fund
2020-07-22,118632,Nippon India Large Cap Fund - Direct Plan Growth Plan - Growth Option,31.9028,Nippon India Mutual Fund,Equity Scheme - Large Cap Fund
2020-07-23,118632,Nippon India Large Cap Fund - Direct Plan Growth Plan - Growth Option,32.2036,Nippon India Mutual Fund,Equity Scheme - Large Cap Fund
2020-07-24,118632,Nippon India Large Cap Fund - Direct Plan Growth Plan - Growth Option,31.9681,Nippon India Mutual Fund,Equity Scheme - Large Cap Fund
2020-07-27,118632,Nippon India Large Cap Fund - Direct Plan Growth Plan - Growth Option,31.6541,Nippon India Mutual Fund,Equity Scheme - Large Cap Fund
2020-07-28,118632,Nippon India Large Cap Fund - Direct Plan Growth Plan - Growth Option,31.8804,Nippon India Mutual Fund,Equity Scheme - Large Cap Fund
2020-07-29,118632,Nippon India Large Cap Fund - Direct Plan Growth Plan - Growth Option,31.7587,Nippon India Mutual Fund,Equity Scheme - Large Cap Fund
2020-07-30,118632,Nippon India Large Cap Fund - Direct Plan Growth Plan - Growth Option,31.3484,Nippon India Mutual Fund,Equity Scheme - Large Cap Fund
2020-07-31,118632,Nippon India Large Cap Fund - Direct Plan Growth Plan - Growth Option,31.3942,Nippon India Mutual Fund,Equity Scheme - Large Cap Fund
2020-08-03,118632,Nippon India Large Cap Fund - Direct Plan Growth Plan - Growth Option,31.1644,Nippon India Mutual Fund,Equity Scheme - Large Cap Fund
2020-08-04,118632,Nippon India Large Cap Fund - Direct Plan Growth Plan - Growth Option,31.5038,Nippon India Mutual Fund,Equity Scheme - Large Cap Fund
2020-08-05,118632,Nippon India Large Cap Fund - Direct Plan Growth Plan - Growth Option,31.6211,Nippon India Mutual Fund,Equity Scheme - Large Cap Fund
2020-08-06,118632,Nippon India Large Cap Fund - Direct Plan Growth Plan - Growth Option,31.8681,Nippon India Mutual Fund,Equity Scheme - Large Cap Fund
2020-08-07,118632,Nippon India Large Cap Fund - Direct Plan Growth Plan - Growth Option,31.9881,Nippon India Mutual Fund,Equity Scheme - Large Cap Fund
2020-08-10,118632,Nippon India Large Cap Fund - Direct Plan Growth Plan - Growth Option,32.4045,Nippon India Mutual Fund,Equity Scheme - Large Cap Fund
2020-08-11,118632,Nippon India Large Cap Fund - Direct Plan Growth Plan - Growth Option,32.6573,Nippon India Mutual Fund,Equity Scheme - Large Cap Fund
2020-08-12,118632,Nippon India Large Cap Fund - Direct Plan Growth Plan - Growth Option,32.8053,Nippon India Mutual Fund,Equity Scheme - Large Cap Fund
2020-08-13,118632,Nippon India Large Cap Fund - Direct Plan Growth Plan - Growth Option,33.1484,Nippon India Mutual Fund,Equity Scheme - Large Cap Fund
2020-08-14,118632,Nippon India Large Cap Fund - Direct Plan Growth Plan - Growth Option,32.7296,Nippon India Mutual Fund,Equity Scheme - Large Cap Fund
2020-08-17,118632,Nippon India Large Cap Fund - Direct Plan Growth Plan - Growth Option,32.8813,Nippon India Mutual Fund,Equity Scheme - Large Cap Fund
2020-08-18,118632,Nippon India Large Cap Fund - Direct Plan Growth Plan - Growth Option,33.2615,Nippon India Mutual Fund,Equity Scheme - Large Cap Fund
2020-08-19,118632,Nippon India Large Cap Fund - Direct Plan Growth Plan - Growth Option,33.4298,Nippon India Mutual Fund,Equity Scheme - Large Cap Fund
2020-08-20,118632,Nippon India Large Cap Fund - Direct Plan Growth Plan - Growth Option,33.4968,Nippon India Mutual Fund,Equity Scheme - Large Cap Fund
2020-08-21,118632,Nippon India Large Cap Fund - Direct Plan Growth Plan - Growth Option,33.7538,Nippon India Mutual Fund,Equity Scheme - Large Cap Fund
2020-08-24,118632,Nippon India Large Cap Fund - Direct Plan Growth Plan - Growth Option,33.9332,Nippon India Mutual Fund,Equity Scheme - Large Cap Fund
2020-08-25,118632,Nippon India Large Cap Fund - Direct Plan Growth Plan - Growth Option,34.0593,Nippon India Mutual Fund,Equity Scheme - Large Cap Fund
2020-08-26,118632,Nippon India Large Cap Fund - Direct Plan Growth Plan - Growth Option,34.2236,Nippon India Mutual Fund,Equity Scheme - Large Cap Fund
2020-08-27,118632,Nippon India Large Cap Fund - Direct Plan Growth Plan - Growth Option,34.3118,Nippon India Mutual Fund,Equity Scheme - Large Cap Fund
2020-08-28,118632,Nippon India Large Cap Fund - Direct Plan Growth Plan - Growth Option,34.6885,Nippon India Mutual Fund,Equity Scheme - Large Cap Fund
2020-08-31,118632,Nippon India Large Cap Fund - Direct Plan Growth Plan - Growth Option,33.6171,Nippon India Mutual Fund,Equity Scheme - Large Cap Fund
2020-09-01,118632,Nippon India Large Cap Fund - Direct Plan Growth Plan - Growth Option,33.8474,Nippon India Mutual Fund,Equity Scheme - Large Cap Fund
2020-09-02,118632,Nippon India Large Cap Fund - Direct Plan Growth Plan - Growth Option,34.0984,Nippon India Mutual Fund,Equity Scheme - Large Cap Fund
2020-09-03,118632,Nippon India Large Cap Fund - Direct Plan Growth Plan - Growth Option,33.9705,Nippon India Mutual Fund,Equity Scheme - Large Cap Fund
2020-09-04,118632,Nippon India Large Cap Fund - Direct Plan Growth Plan - Growth Option,33.208,Nippon India Mutual Fund,Equity Scheme - Large Cap Fund
2020-09-07,118632,Nippon India Large Cap Fund - Direct Plan Growth Plan - Growth Option,33.2136,Nippon India Mutual Fund,Equity Scheme - Large Cap Fund
2020-09-08,118632,Nippon India Large Cap Fund - Direct Plan Growth Plan - Growth Option,32.8204,Nippon India Mutual Fund,Equity Scheme - Large Cap Fund
2020-09-09,118632,Nippon India Large Cap Fund - Direct Plan Growth Plan - Growth Option,32.5343,Nippon India Mutual Fund,Equity Scheme - Large Cap Fund
2020-09-10,118632,Nippon India Large Cap Fund - Direct Plan Growth Plan - Growth Option,32.9323,Nippon India Mutual Fund,Equity Scheme - Large Cap Fund
2020-09-11,118632,Nippon India Large Cap Fund - Direct Plan Growth Plan - Growth Option,32.9639,Nippon India Mutual Fund,Equity Scheme - Large Cap Fund
2020-09-14,118632,Nippon India Large Cap Fund - Direct Plan Growth Plan - Growth Option,33.136,Nippon India Mutual Fund,Equity Scheme - Large Cap Fund
2020-09-15,118632,Nippon India Large Cap Fund - Direct Plan Growth Plan - Growth Option,33.4069,Nippon India Mutual Fund,Equity Scheme - Large Cap Fund
2020-09-16,118632,Nippon India Large Cap Fund - Direct Plan Growth Plan - Growth Option,33.4909,Nippon India Mutual Fund,Equity Scheme - Large Cap Fund
2020-09-17,118632,Nippon India Large Cap Fund - Direct Plan Growth Plan - Growth Option,33.2161,Nippon India Mutual Fund,Equity Scheme - Large Cap Fund
2020-09-18,118632,Nippon India Large Cap Fund - Direct Plan Growth Plan - Growth Option,33.1958,Nippon India Mutual Fund,Equity Scheme - Large Cap Fund
2020-09-21,118632,Nippon India Large Cap Fund - Direct Plan Growth Plan - Growth Option,32.2026,Nippon India Mutual Fund,Equity Scheme - Large Cap Fund
2020-09-22,118632,Nippon India Large Cap Fund - Direct Plan Growth Plan - Growth Option,31.9912,Nippon India Mutual Fund,Equity Scheme - Large Cap Fund
2020-09-23,118632,Nippon India Large Cap Fund - Direct Plan Growth Plan - Growth Option,31.6872,Nippon India Mutual Fund,Equity Scheme - Large Cap Fund
2020-09-24,118632,Nippon India Large Cap Fund - Direct Plan Growth Plan - Growth Option,30.6627,Nippon India Mutual Fund,Equity Scheme - Large Cap Fund
2020-09-25,118632,Nippon India Large Cap Fund - Direct Plan Growth Plan - Growth Option,31.5077,Nippon India Mutual Fund,Equity Scheme - Large Cap Fund
2020-09-28,118632,Nippon India Large Cap Fund - Direct Plan Growth Plan - Growth Option,32.1213,Nippon India Mutual Fund,Equity Scheme - Large Cap Fund
2020-09-29,118632,Nippon India Large Cap Fund - Direct Plan Growth Plan - Growth Option,31.8695,Nippon India Mutual Fund,Equity Scheme - Large Cap Fund
2020-09-30,118632,Nippon India Large Cap Fund - Direct Plan Growth Plan - Growth Option,31.7045,Nippon India Mutual Fund,Equity Scheme - Large Cap Fund
2020-10-01,118632,Nippon India Large Cap Fund - Direct Plan Growth Plan - Growth Option,32.1394,Nippon India Mutual Fund,Equity Scheme - Large Cap Fund
2020-10-05,118632,Nippon India Large Cap Fund - Direct Plan Growth Plan - Growth Option,32.3962,Nippon India Mutual Fund,Equity Scheme - Large Cap Fund
2020-10-06,118632,Nippon India Large Cap Fund - Direct Plan Growth Plan - Growth Option,32.6001,Nippon India Mutual Fund,Equity Scheme - Large Cap Fund
2020-10-07,118632,Nippon India Large Cap Fund - Direct Plan Growth Plan - Growth Option,32.5833,Nippon India Mutual Fund,Equity Scheme - Large Cap Fund
2020-10-08,118632,Nippon India Large Cap Fund - Direct Plan Growth Plan - Growth Option,32.7154,Nippon India Mutual Fund,Equity Scheme - Large Cap Fund
2020-10-09,118632,Nippon India Large Cap Fund - Direct Plan Growth Plan - Growth Option,33.0317,Nippon India Mutual Fund,Equity Scheme - Large Cap Fund
2020-10-12,118632,Nippon India Large Cap Fund - Direct Plan Growth Plan - Growth Option,32.9711,Nippon India Mutual Fund,Equity Scheme - Large Cap Fund
2020-10-13,118632,Nippon India Large Cap Fund - Direct Plan Growth Plan - Growth Option,32.9097,Nippon India Mutual Fund,Equity Scheme - Large Cap Fund
2020-10-14,118632,Nippon India Large Cap Fund - Direct Plan Growth Plan - Growth Option,32.938,Nippon India Mutual Fund,Equity Scheme - Large Cap Fund
2020-10-15,118632,Nippon India Large Cap Fund - Direct Plan Growth Plan - Growth Option,32.1632,Nippon India Mutual Fund,Equity Scheme - Large Cap Fund
2020-10-16,118632,Nippon India Large Cap Fund - Direct Plan Growth Plan - Growth Option,32.5203,Nippon India Mutual Fund,Equity Scheme - Large Cap Fund
2020-10-19,118632,Nippon India Large Cap Fund - Direct Plan Growth Plan - Growth Option,32.9438,Nippon India Mutual Fund,Equity Scheme - Large Cap Fund
2020-10-20,118632,Nippon India Large Cap Fund - Direct Plan Growth Plan - Growth Option,33.0023,Nippon India Mutual Fund,Equity Scheme - Large Cap Fund
2020-10-21,118632,Nippon India Large Cap Fund - Direct Plan Growth Plan - Growth Option,33.2768,Nippon India Mutual Fund,Equity Scheme - Large Cap Fund
2020-10-22,118632,Nippon India Large Cap Fund - Direct Plan Growth Plan - Growth Option,33.3529,Nippon India Mutual Fund,Equity Scheme - Large Cap Fund
2020-10-23,118632,Nippon India Large Cap Fund - Direct Plan Growth Plan - Growth Option,33.5848,Nippon India Mutual Fund,Equity Scheme - Large Cap Fund
2020-10-26,118632,Nippon India Large Cap Fund - Direct Plan Growth Plan - Growth Option,32.9727,Nippon India Mutual Fund,Equity Scheme - Large Cap Fund
2020-10-27,118632,Nippon India Large Cap Fund - Direct Plan Growth Plan - Growth Option,33.1139,Nippon India Mutual Fund,Equity Scheme - Large Cap Fund
2020-10-28,118632,Nippon India Large Cap Fund - Direct Plan Growth Plan - Growth Option,32.7227,Nippon India Mutual Fund,Equity Scheme - Large Cap Fund
2020-10-29,118632,Nippon India Large Cap Fund - Direct Plan Growth Plan - Growth Option,32.5079,Nippon India Mutual Fund,Equity Scheme - Large Cap Fund
2020-10-30,118632,Nippon India Large Cap Fund - Direct Plan Growth Plan - Growth Option,32.4778,Nippon India Mutual Fund,Equity Scheme - Large Cap Fund
2020-11-02,118632,Nippon India Large Cap Fund - Direct Plan Growth Plan - Growth Option,32.7807,Nippon India Mutual Fund,Equity Scheme - Large Cap Fund
2020-11-03,118632,Nippon India Large Cap Fund - Direct Plan Growth Plan - Growth Option,33.1525,Nippon India Mutual Fund,Equity Scheme - Large Cap Fund
2020-11-04,118632,Nippon India Large Cap Fund - Direct Plan Growth Plan - Growth Option,33.3429,Nippon India Mutual Fund,Equity Scheme - Large Cap Fund
2020-11-05,118632,Nippon India Large Cap Fund - Direct Plan Growth Plan - Growth Option,34.062,Nippon India Mutual Fund,Equity Scheme - Large Cap Fund
2020-11-06,118632,Nippon India Large Cap Fund - Direct Plan Growth Plan - Growth Option,34.3419,Nippon India Mutual Fund,Equity Scheme - Large Cap Fund
2020-11-09,118632,Nippon India Large Cap Fund - Direct Plan Growth Plan - Growth Option,34.9766,Nippon India Mutual Fund,Equity Scheme - Large Cap Fund
2020-11-10,118632,Nippon India Large Cap Fund - Direct Plan Growth Plan - Growth Option,35.5366,Nippon India Mutual Fund,Equity Scheme - Large Cap Fund
2020-11-11,118632,Nippon India Large Cap Fund - Direct Plan Growth Plan - Growth Option,35.9428,Nippon India Mutual Fund,Equity Scheme - Large Cap Fund
2020-11-12,118632,Nippon India Large Cap Fund - Direct Plan Growth Plan - Growth Option,35.7895,Nippon India Mutual Fund,Equity Scheme - Large Cap Fund
2020-11-13,118632,Nippon India Large Cap Fund - Direct Plan Growth Plan - Growth Option,35.9169,Nippon India Mutual Fund,Equity Scheme - Large Cap Fund
2020-11-17,118632,Nippon India Large Cap Fund - Direct Plan Growth Plan - Growth Option,36.5781,Nippon India Mutual Fund,Equity Scheme - Large Cap Fund
2020-11-18,118632,Nippon India Large Cap Fund - Direct Plan Growth Plan - Growth Option,36.8277,Nippon India Mutual Fund,Equity Scheme - Large Cap Fund
2020-11-19,118632,Nippon India Large Cap Fund - Direct Plan Growth Plan - Growth Option,36.3504,Nippon India Mutual Fund,Equity Scheme - Large Cap Fund
2020-11-20,118632,Nippon India Large Cap Fund - Direct Plan Growth Plan - Growth Option,36.5221,Nippon India Mutual Fund,Equity Scheme - Large Cap Fund
2020-11-23,118632,Nippon India Large Cap Fund - Direct Plan Growth Plan - Growth Option,36.5889,Nippon India Mutual Fund,Equity Scheme - Large Cap Fund
2020-11-24,118632,Nippon India Large Cap Fund - Direct Plan Growth Plan - Growth Option,36.9157,Nippon India Mutual Fund,Equity Scheme - Large Cap Fund
2020-11-25,118632,Nippon India Large Cap Fund - Direct Plan Growth Plan - Growth Option,36.3933,Nippon India Mutual Fund,Equity Scheme - Large Cap Fund
2020-11-26,118632,Nippon India Large Cap Fund - Direct Plan Growth Plan - Growth Option,36.8286,Nippon India Mutual Fund,Equity Scheme - Large Cap Fund
2020-11-27,118632,Nippon India Large Cap Fund - Direct Plan Growth Plan - Growth Option,36.7874,Nippon India Mutual Fund,Equity Scheme - Large Cap Fund
2020-12-01,118632,Nippon India Large Cap Fund - Direct Plan Growth Plan - Growth Option,37.3095,Nippon India Mutual Fund,Equity Scheme - Large Cap Fund
2020-12-02,118632,Nippon India Large Cap Fund - Direct Plan Growth Plan - Growth Option,37.5432,Nippon India Mutual Fund,Equity Scheme - Large Cap Fund
2020-12-03,118632,Nippon India Large Cap Fund - Direct Plan Growth Plan - Growth Option,37.821,Nippon India Mutual Fund,Equity Scheme - Large Cap Fund
2020-12-04,118632,Nippon India Large Cap Fund - Direct Plan Growth Plan - Growth Option,38.245,Nippon India Mutual Fund,Equity Scheme - Large Cap Fund
2020-12-07,118632,Nippon India Large Cap Fund - Direct Plan Growth Plan - Growth Option,38.7575,Nippon India Mutual Fund,Equity Scheme - Large Cap Fund
2020-12-08,118632,Nippon India Large Cap Fund - Direct Plan Growth Plan - Growth Option,38.7901,Nippon India Mutual Fund,Equity Scheme - Large Cap Fund
2020-12-09,118632,Nippon India Large Cap Fund - Direct Plan Growth Plan - Growth Option,39.0437,Nippon India Mutual Fund,Equity Scheme - Large Cap Fund
2020-12-10,118632,Nippon India Large Cap Fund - Direct Plan Growth Plan - Growth Option,38.8646,Nippon India Mutual Fund,Equity Scheme - Large Cap Fund
2020-12-11,118632,Nippon India Large Cap Fund - Direct Plan Growth Plan - Growth Option,39.0473,Nippon India Mutual Fund,Equity Scheme - Large Cap Fund
2020-12-14,118632,Nippon India Large Cap Fund - Direct Plan Growth Plan - Growth Option,39.3381,Nippon India Mutual Fund,Equity Scheme - Large Cap Fund
2020-12-15,118632,Nippon India Large Cap Fund - Direct Plan Growth Plan - Growth Option,39.2438,Nippon India Mutual Fund,Equity Scheme - Large Cap Fund
2020-12-16,118632,Nippon India Large Cap Fund - Direct Plan Growth Plan - Growth Option,39.5649,Nippon India Mutual Fund,Equity Scheme - Large Cap Fund
2020-12-17,118632,Nippon India Large Cap Fund - Direct Plan Growth Plan - Growth Option,39.6127,Nippon India Mutual Fund,Equity Scheme - Large Cap Fund
2020-12-18,118632,Nippon India Large Cap Fund - Direct Plan Growth Plan - Growth Option,39.6981,Nippon India Mutual Fund,Equity Scheme - Large Cap Fund
2020-12-21,118632,Nippon India Large Cap Fund - Direct Plan Growth Plan - Growth Option,38.0794,Nippon India Mutual Fund,Equity Scheme - Large Cap Fund
2020-12-22,118632,Nippon India Large Cap Fund - Direct Plan Growth Plan - Growth Option,38.529,Nippon India Mutual Fund,Equity Scheme - Large Cap Fund
2020-12-23,118632,Nippon India Large Cap Fund - Direct Plan Growth Plan - Growth Option,39.1941,Nippon India Mutual Fund,Equity Scheme - Large Cap Fund
2020-12-24,118632,Nippon India Large Cap Fund - Direct Plan Growth Plan - Growth Option,39.6489,Nippon India Mutual Fund,Equity Scheme - Large Cap Fund
2020-12-28,118632,Nippon India Large Cap Fund - Direct Plan Growth Plan - Growth Option,39.9554,Nippon India Mutual Fund,Equity Scheme - Large Cap Fund
2020-12-29,118632,Nippon India Large Cap Fund - Direct Plan Growth Plan - Growth Option,40.0964,Nippon India Mutual Fund,Equity Scheme - Large Cap Fund
2020-12-30,118632,Nippon India Large Cap Fund - Direct Plan Growth Plan - Growth Option,40.141,Nippon India Mutual Fund,Equity Scheme - Large Cap Fund
2020-12-31,118632,Nippon India Large Cap Fund - Direct Plan Growth Plan - Growth Option,40.1811,Nippon India Mutual Fund,Equity Scheme - Large Cap Fund
2021-01-01,118632,Nippon India Large Cap Fund - Direct Plan Growth Plan - Growth Option,40.4005,Nippon India Mutual Fund,Equity Scheme - Large Cap Fund
2021-01-04,118632,Nippon India Large Cap Fund - Direct Plan Growth Plan - Growth Option,40.9828,Nippon India Mutual Fund,Equity Scheme - Large Cap Fund
2021-01-05,118632,Nippon India Large Cap Fund - Direct Plan Growth Plan - Growth Option,41.091,Nippon India Mutual Fund,Equity Scheme - Large Cap Fund
2021-01-06,118632,Nippon India Large Cap Fund - Direct Plan Growth Plan - Growth Option,41.0522,Nippon India Mutual Fund,Equity Scheme - Large Cap Fund
2021-01-07,118632,Nippon India Large Cap Fund - Direct Plan Growth Plan - Growth Option,41.2561,Nippon India Mutual Fund,Equity Scheme - Large Cap Fund
2021-01-08,118632,Nippon India Large Cap Fund - Direct Plan Growth Plan - Growth Option,41.6488,Nippon India Mutual Fund,Equity Scheme - Large Cap Fund
2021-01-11,118632,Nippon India Large Cap Fund - Direct Plan Growth Plan - Growth Option,41.9657,Nippon India Mutual Fund,Equity Scheme - Large Cap Fund
2021-01-12,118632,Nippon India Large Cap Fund - Direct Plan Growth Plan - Growth Option,42.3527,Nippon India Mutual Fund,Equity Scheme - Large Cap Fund
2021-01-13,118632,Nippon India Large Cap Fund - Direct Plan Growth Plan - Growth Option,42.6892,Nippon India Mutual Fund,Equity Scheme - Large Cap Fund
2021-01-14,118632,Nippon India Large Cap Fund - Direct Plan Growth Plan - Growth Option,42.7469,Nippon India Mutual Fund,Equity Scheme - Large Cap Fund
2021-01-15,118632,Nippon India Large Cap Fund - Direct Plan Growth Plan - Growth Option,42.3289,Nippon India Mutual Fund,Equity Scheme - Large Cap Fund
2021-01-18,118632,Nippon India Large Cap Fund - Direct Plan Growth Plan - Growth Option,41.7673,Nippon India Mutual Fund,Equity Scheme - Large Cap Fund
2021-01-19,118632,Nippon India Large Cap Fund - Direct Plan Growth Plan - Growth Option,42.3529,Nippon India Mutual Fund,Equity Scheme - Large Cap Fund
2021-01-20,118632,Nippon India Large Cap Fund - Direct Plan Growth Plan - Growth Option,42.6989,Nippon India Mutual Fund,Equity Scheme - Large Cap Fund
2021-01-21,118632,Nippon India Large Cap Fund - Direct Plan Growth Plan - Growth Option,42.3683,Nippon India Mutual Fund,Equity Scheme - Large Cap Fund
2021-01-22,118632,Nippon India Large Cap Fund - Direct Plan Growth Plan - Growth Option,41.7735,Nippon India Mutual Fund,Equity Scheme - Large Cap Fund
2021-01-25,118632,Nippon India Large Cap Fund - Direct Plan Growth Plan - Growth Option,41.3069,Nippon India Mutual Fund,Equity Scheme - Large Cap Fund
2021-01-27,118632,Nippon India Large Cap Fund - Direct Plan Growth Plan - Growth Option,40.5252,Nippon India Mutual Fund,Equity Scheme - Large Cap Fund
2021-01-28,118632,Nippon India Large Cap Fund - Direct Plan Growth Plan - Growth Option,40.3096,Nippon India Mutual Fund,Equity Scheme - Large Cap Fund
2021-01-29,118632,Nippon India Large Cap Fund - Direct Plan Growth Plan - Growth Option,39.9285,Nippon India Mutual Fund,Equity Scheme - Large Cap Fund
2021-02-01,118632,Nippon India Large Cap Fund - Direct Plan Growth Plan - Growth Option,41.8157,Nippon India Mutual Fund,Equity Scheme - Large Cap Fund
2021-02-02,118632,Nippon India Large Cap Fund - Direct Plan Growth Plan - Growth Option,42.8596,Nippon India Mutual Fund,Equity Scheme - Large Cap Fund
2021-02-03,118632,Nippon India Large Cap Fund - Direct Plan Growth Plan - Growth Option,43.3242,Nippon India Mutual Fund,Equity Scheme - Large Cap Fund
2021-02-04,118632,Nippon India Large Cap Fund - Direct Plan Growth Plan - Growth Option,43.7496,Nippon India Mutual Fund,Equity Scheme - Large Cap Fund
2021-02-05,118632,Nippon India Large Cap Fund - Direct Plan Growth Plan - Growth Option,44.0117,Nippon India Mutual Fund,Equity Scheme - Large Cap Fund
2021-02-08,118632,Nippon India Large Cap Fund - Direct Plan Growth Plan - Growth Option,44.6087,Nippon India Mutual Fund,Equity Scheme - Large Cap Fund
2021-02-09,118632,Nippon India Large Cap Fund - Direct Plan Growth Plan - Growth Option,44.5908,Nippon India Mutual Fund,Equity Scheme - Large Cap Fund
2021-02-10,118632,Nippon India Large Cap Fund - Direct Plan Growth Plan - Growth Option,44.5049,Nippon India Mutual Fund,Equity Scheme - Large Cap Fund
2021-02-11,118632,Nippon India Large Cap Fund - Direct Plan Growth Plan - Growth Option,44.7129,Nippon India Mutual Fund,Equity Scheme - Large Cap Fund
2021-02-12,118632,Nippon India Large Cap Fund - Direct Plan Growth Plan - Growth Option,44.6208,Nippon India Mutual Fund,Equity Scheme - Large Cap Fund
2021-02-15,118632,Nippon India Large Cap Fund - Direct Plan Growth Plan - Growth Option,45.1394,Nippon India Mutual Fund,Equity Scheme - Large Cap Fund
2021-02-16,118632,Nippon India Large Cap Fund - Direct Plan Growth Plan - Growth Option,45.0736,Nippon India Mutual Fund,Equity Scheme - Large Cap Fund
2021-02-17,118632,Nippon India Large Cap Fund - Direct Plan Growth Plan - Growth Option,45.1552,Nippon India Mutual Fund,Equity Scheme - Large Cap Fund
2021-02-18,118632,Nippon India Large Cap Fund - Direct Plan Growth Plan - Growth Option,45.2545,Nippon India Mutual Fund,Equity Scheme - Large Cap Fund
2021-02-19,118632,Nippon India Large Cap Fund - Direct Plan Growth Plan - Growth Option,44.6158,Nippon India Mutual Fund,Equity Scheme - Large Cap Fund
2021-02-22,118632,Nippon India Large Cap Fund - Direct Plan Growth Plan - Growth Option,43.7422,Nippon India Mutual Fund,Equity Scheme - Large Cap Fund
2021-02-23,118632,Nippon India Large Cap Fund - Direct Plan Growth Plan - Growth Option,44.0671,Nippon India Mutual Fund,Equity Scheme - Large Cap Fund
2021-02-24,118632,Nippon India Large Cap Fund - Direct Plan Growth Plan - Growth Option,44.9125,Nippon India Mutual Fund,Equity Scheme - Large Cap Fund
2021-02-25,118632,Nippon India Large Cap Fund - Direct Plan Growth Plan - Growth Option,45.4713,Nippon India Mutual Fund,Equity Scheme - Large Cap Fund
2021-02-26,118632,Nippon India Large Cap Fund - Direct Plan Growth Plan - Growth Option,44.1192,Nippon India Mutual Fund,Equity Scheme - Large Cap Fund
2021-03-01,118632,Nippon India Large Cap Fund - Direct Plan Growth Plan - Growth Option,44.6362,Nippon India Mutual Fund,Equity Scheme - Large Cap Fund
2021-03-02,118632,Nippon India Large Cap Fund - Direct Plan Growth Plan - Growth Option,45.1308,Nippon India Mutual Fund,Equity Scheme - Large Cap Fund
2021-03-03,118632,Nippon India Large Cap Fund - Direct Plan Growth Plan - Growth Option,46.0063,Nippon India Mutual Fund,Equity Scheme - Large Cap Fund
2021-03-04,118632,Nippon India Large Cap Fund - Direct Plan Growth Plan - Growth Option,45.564,Nippon India Mutual Fund,Equity Scheme - Large Cap Fund
2021-03-05,118632,Nippon India Large Cap Fund - Direct Plan Growth Plan - Growth Option,44.8532,Nippon India Mutual Fund,Equity Scheme - Large Cap Fund
2021-03-08,118632,Nippon India Large Cap Fund - Direct Plan Growth Plan - Growth Option,45.2591,Nippon India Mutual Fund,Equity Scheme - Large Cap Fund
2021-03-09,118632,Nippon India Large Cap Fund - Direct Plan Growth Plan - Growth Option,45.1929,Nippon India Mutual Fund,Equity Scheme - Large Cap Fund
2021-03-10,118632,Nippon India Large Cap Fund - Direct Plan Growth Plan - Growth Option,45.4237,Nippon India Mutual Fund,Equity Scheme - Large Cap Fund
2021-03-12,118632,Nippon India Large Cap Fund - Direct Plan Growth Plan - Growth Option,44.9961,Nippon India Mutual Fund,Equity Scheme - Large Cap Fund
2021-03-15,118632,Nippon India Large Cap Fund - Direct Plan Growth Plan - Growth Option,44.7914,Nippon India Mutual Fund,Equity Scheme - Large Cap Fund
2021-03-16,118632,Nippon India Large Cap Fund - Direct Plan Growth Plan - Growth Option,44.6818,Nippon India Mutual Fund,Equity Scheme - Large Cap Fund
2021-03-17,118632,Nippon India Large Cap Fund - Direct Plan Growth Plan - Growth Option,43.876,Nippon India Mutual Fund,Equity Scheme - Large Cap Fund
2021-03-18,118632,Nippon India Large Cap Fund - Direct Plan Growth Plan - Growth Option,43.282,Nippon India Mutual Fund,Equity Scheme - Large Cap Fund
2021-03-19,118632,Nippon India Large Cap Fund - Direct Plan Growth Plan - Growth Option,43.7629,Nippon India Mutual Fund,Equity Scheme - Large Cap Fund
2021-03-22,118632,Nippon India Large Cap Fund - Direct Plan Growth Plan - Growth Option,43.7908,Nippon India Mutual Fund,Equity Scheme - Large Cap Fund
2021-03-23,118632,Nippon India Large Cap Fund - Direct Plan Growth Plan - Growth Option,43.9431,Nippon India Mutual Fund,Equity Scheme - Large Cap Fund
2021-03-24,118632,Nippon India Large Cap Fund - Direct Plan Growth Plan - Growth Option,43.0084,Nippon India Mutual Fund,Equity Scheme - Large Cap Fund
2021-03-25,118632,Nippon India Large Cap Fund - Direct Plan Growth Plan - Growth Option,42.3903,Nippon India Mutual Fund,Equity Scheme - Large Cap Fund
2021-03-26,118632,Nippon India Large Cap Fund - Direct Plan Growth Plan - Growth Option,42.9967,Nippon India Mutual Fund,Equity Scheme - Large Cap Fund
2021-03-30,118632,Nippon India Large Cap Fund - Direct Plan Growth Plan - Growth Option,43.7782,Nippon India Mutual Fund,Equity Scheme - Large Cap Fund
2021-03-31,118632,Nippon India Large Cap Fund - Direct Plan Growth Plan - Growth Option,43.5807,Nippon India Mutual Fund,Equity Scheme - Large Cap Fund
2021-04-01,118632,Nippon India Large Cap Fund - Direct Plan Growth Plan - Growth Option,44.237,Nippon India Mutual Fund,Equity Scheme - Large Cap Fund
2021-04-05,118632,Nippon India Large Cap Fund - Direct Plan Growth Plan - Growth Option,43.5112,Nippon India Mutual Fund,Equity Scheme - Large Cap Fund
2021-04-06,118632,Nippon India Large Cap Fund - Direct Plan Growth Plan - Growth Option,43.5747,Nippon India Mutual Fund,Equity Scheme - Large Cap Fund
2021-04-07,118632,Nippon India Large Cap Fund - Direct Plan Growth Plan - Growth Option,43.9786,Nippon India Mutual Fund,Equity Scheme - Large Cap Fund
2021-04-08,118632,Nippon India Large Cap Fund - Direct Plan Growth Plan - Growth Option,44.0046,Nippon India Mutual Fund,Equity Scheme - Large Cap Fund
2021-04-09,118632,Nippon India Large Cap Fund - Direct Plan Growth Plan - Growth Option,43.8531,Nippon India Mutual Fund,Equity Scheme - Large Cap Fund
2021-04-12,118632,Nippon India Large Cap Fund - Direct Plan Growth Plan - Growth Option,41.9881,Nippon India Mutual Fund,Equity Scheme - Large Cap Fund
2021-04-13,118632,Nippon India Large Cap Fund - Direct Plan Growth Plan - Growth Option,42.5952,Nippon India Mutual Fund,Equity Scheme - Large Cap Fund
2021-04-15,118632,Nippon India Large Cap Fund - Direct Plan Growth Plan - Growth Option,42.7598,Nippon India Mutual Fund,Equity Scheme - Large Cap Fund
2021-04-16,118632,Nippon India Large Cap Fund - Direct Plan Growth Plan - Growth Option,42.8801,Nippon India Mutual Fund,Equity Scheme - Large Cap Fund
2021-04-19,118632,Nippon India Large Cap Fund - Direct Plan Growth Plan - Growth Option,42.0838,Nippon India Mutual Fund,Equity Scheme - Large Cap Fund
2021-04-20,118632,Nippon India Large Cap Fund - Direct Plan Growth Plan - Growth Option,42.0253,Nippon India Mutual Fund,Equity Scheme - Large Cap Fund
2021-04-22,118632,Nippon India Large Cap Fund - Direct Plan Growth Plan - Growth Option,42.4038,Nippon India Mutual Fund,Equity Scheme - Large Cap Fund
2021-04-23,118632,Nippon India Large Cap Fund - Direct Plan Growth Plan - Growth Option,42.3659,Nippon India Mutual Fund,Equity Scheme - Large Cap Fund
2021-04-26,118632,Nippon India Large Cap Fund - Direct Plan Growth Plan - Growth Option,42.7973,Nippon India Mutual Fund,Equity Scheme - Large Cap Fund
2021-04-27,118632,Nippon India Large Cap Fund - Direct Plan Growth Plan - Growth Option,43.3506,Nippon India Mutual Fund,Equity Scheme - Large Cap Fund
2021-04-28,118632,Nippon India Large Cap Fund - Direct Plan Growth Plan - Growth Option,43.9291,Nippon India Mutual Fund,Equity Scheme - Large Cap Fund
2021-04-29,118632,Nippon India Large Cap Fund - Direct Plan Growth Plan - Growth Option,43.8801,Nippon India Mutual Fund,Equity Scheme - Large Cap Fund
2021-04-30,118632,Nippon India Large Cap Fund - Direct Plan Growth Plan - Growth Option,43.37,Nippon India Mutual Fund,Equity Scheme - Large Cap Fund
2021-05-03,118632,Nippon India Large Cap Fund - Direct Plan Growth Plan - Growth Option,43.5025,Nippon India Mutual Fund,Equity Scheme - Large Cap Fund
2021-05-04,118632,Nippon India Large Cap Fund - Direct Plan Growth Plan - Growth Option,43.1654,Nippon India Mutual Fund,Equity Scheme - Large Cap Fund
2021-05-05,118632,Nippon India Large Cap Fund - Direct Plan Growth Plan - Growth Option,43.5666,Nippon India Mutual Fund,Equity Scheme - Large Cap Fund
2021-05-06,118632,Nippon India Large Cap Fund - Direct Plan Growth Plan - Growth Option,43.8458,Nippon India Mutual Fund,Equity Scheme - Large Cap Fund
2021-05-07,118632,Nippon India Large Cap Fund - Direct Plan Growth Plan - Growth Option,44.2139,Nippon India Mutual Fund,Equity Scheme - Large Cap Fund
2021-05-10,118632,Nippon India Large Cap Fund - Direct Plan Growth Plan - Growth Option,44.6395,Nippon India Mutual Fund,Equity Scheme - Large Cap Fund
2021-05-11,118632,Nippon India Large Cap Fund - Direct Plan Growth Plan - Growth Option,44.6715,Nippon India Mutual Fund,Equity Scheme - Large Cap Fund
2021-05-12,118632,Nippon India Large Cap Fund - Direct Plan Growth Plan - Growth Option,44.3089,Nippon India Mutual Fund,Equity Scheme - Large Cap Fund
2021-05-14,118632,Nippon India Large Cap Fund - Direct Plan Growth Plan - Growth Option,44.0648,Nippon India Mutual Fund,Equity Scheme - Large Cap Fund
2021-05-17,118632,Nippon India Large Cap Fund - Direct Plan Growth Plan - Growth Option,44.7797,Nippon India Mutual Fund,Equity Scheme - Large Cap Fund
2021-05-18,118632,Nippon India Large Cap Fund - Direct Plan Growth Plan - Growth Option,45.1787,Nippon India Mutual Fund,Equity Scheme - Large Cap Fund
2021-05-19,118632,Nippon India Large Cap Fund - Direct Plan Growth Plan - Growth Option,45.0959,Nippon India Mutual Fund,Equity Scheme - Large Cap Fund
2021-05-20,118632,Nippon India Large Cap Fund - Direct Plan Growth Plan - Growth Option,44.7848,Nippon India Mutual Fund,Equity Scheme - Large Cap Fund
2021-05-21,118632,Nippon India Large Cap Fund - Direct Plan Growth Plan - Growth Option,45.6285,Nippon India Mutual Fund,Equity Scheme - Large Cap Fund
2021-05-24,118632,Nippon India Large Cap Fund - Direct Plan Growth Plan - Growth Option,45.8781,Nippon India Mutual Fund,Equity Scheme - Large Cap Fund
2021-05-25,118632,Nippon India Large Cap Fund - Direct Plan Growth Plan - Growth Option,45.9345,Nippon India Mutual Fund,Equity Scheme - Large Cap Fund
2021-05-26,118632,Nippon India Large Cap Fund - Direct Plan Growth Plan - Growth Option,46.1005,Nippon India Mutual Fund,Equity Scheme - Large Cap Fund
2021-05-27,118632,Nippon India Large Cap Fund - Direct Plan Growth Plan - Growth Option,46.2878,Nippon India Mutual Fund,Equity Scheme - Large Cap Fund
2021-05-28,118632,Nippon India Large Cap Fund - Direct Plan Growth Plan - Growth Option,46.3905,Nippon India Mutual Fund,Equity Scheme - Large Cap Fund
2021-05-31,118632,Nippon India Large Cap Fund - Direct Plan Growth Plan - Growth Option,46.904,Nippon India Mutual Fund,Equity Scheme - Large Cap Fund
2021-06-01,118632,Nippon India Large Cap Fund - Direct Plan Growth Plan - Growth Option,46.8615,Nippon India Mutual Fund,Equity Scheme - Large Cap Fund
2021-06-02,118632,Nippon India Large Cap Fund - Direct Plan Growth Plan - Growth Option,47.0119,Nippon India Mutual Fund,Equity Scheme - Large Cap Fund
2021-06-03,118632,Nippon India Large Cap Fund - Direct Plan Growth Plan - Growth Option,47.2687,Nippon India Mutual Fund,Equity Scheme - Large Cap Fund
2021-06-04,118632,Nippon India Large Cap Fund - Direct Plan Growth Plan - Growth Option,47.254,Nippon India Mutual Fund,Equity Scheme - Large Cap Fund
2021-06-07,118632,Nippon India Large Cap Fund - Direct Plan Growth Plan - Growth Option,47.5131,Nippon India Mutual Fund,Equity Scheme - Large Cap Fund
2021-06-08,118632,Nippon India Large Cap Fund - Direct Plan Growth Plan - Growth Option,47.4981,Nippon India Mutual Fund,Equity Scheme - Large Cap Fund
2021-06-09,118632,Nippon India Large Cap Fund - Direct Plan Growth Plan - Growth Option,47.2611,Nippon India Mutual Fund,Equity Scheme - Large Cap Fund
2021-06-10,118632,Nippon India Large Cap Fund - Direct Plan Growth Plan - Growth Option,47.6711,Nippon India Mutual Fund,Equity Scheme - Large Cap Fund
2021-06-11,118632,Nippon India Large Cap Fund - Direct Plan Growth Plan - Growth Option,47.7655,Nippon India Mutual Fund,Equity Scheme - Large Cap Fund
2021-06-14,118632,Nippon India Large Cap Fund - Direct Plan Growth Plan - Growth Option,47.8037,Nippon India Mutual Fund,Equity Scheme - Large Cap Fund
2021-06-15,118632,Nippon India Large Cap Fund - Direct Plan Growth Plan - Growth Option,47.9897,Nippon India Mutual Fund,Equity Scheme - Large Cap Fund
2021-06-16,118632,Nippon India Large Cap Fund - Direct Plan Growth Plan - Growth Option,47.7256,Nippon India Mutual Fund,Equity Scheme - Large Cap Fund
2021-06-17,118632,Nippon India Large Cap Fund - Direct Plan Growth Plan - Growth Option,47.3949,Nippon India Mutual Fund,Equity Scheme - Large Cap Fund
2021-06-18,118632,Nippon India Large Cap Fund - Direct Plan Growth Plan - Growth Option,47.1973,Nippon India Mutual Fund,Equity Scheme - Large Cap Fund
2021-06-21,118632,Nippon India Large Cap Fund - Direct Plan Growth Plan - Growth Option,47.4709,Nippon India Mutual Fund,Equity Scheme - Large Cap Fund
2021-06-22,118632,Nippon India Large Cap Fund - Direct Plan Growth Plan - Growth Option,47.559,Nippon India Mutual Fund,Equity Scheme - Large Cap Fund
2021-06-23,118632,Nippon India Large Cap Fund - Direct Plan Growth Plan - Growth Option,47.2607,Nippon India Mutual Fund,Equity Scheme - Large Cap Fund
2021-06-24,118632,Nippon India Large Cap Fund - Direct Plan Growth Plan - Growth Option,47.5491,Nippon India Mutual Fund,Equity Scheme - Large Cap Fund
2021-06-25,118632,Nippon India Large Cap Fund - Direct Plan Growth Plan - Growth Option,47.9971,Nippon India Mutual Fund,Equity Scheme - Large Cap Fund
2021-06-28,118632,Nippon India Large Cap Fund - Direct Plan Growth Plan - Growth Option,47.8369,Nippon India Mutual Fund,Equity Scheme - Large Cap Fund
2021-06-29,118632,Nippon India Large Cap Fund - Direct Plan Growth Plan - Growth Option,47.7099,Nippon India Mutual Fund,Equity Scheme - Large Cap Fund
2021-06-30,118632,Nippon India Large Cap Fund - Direct Plan Growth Plan - Growth Option,47.6383,Nippon India Mutual Fund,Equity Scheme - Large Cap Fund
2021-07-01,118632,Nippon India Large Cap Fund - Direct Plan Growth Plan - Growth Option,47.5235,Nippon India Mutual Fund,Equity Scheme - Large Cap Fund
2021-07-02,118632,Nippon India Large Cap Fund - Direct Plan Growth Plan - Growth Option,47.6878,Nippon India Mutual Fund,Equity Scheme - Large Cap Fund
2021-07-05,118632,Nippon India Large Cap Fund - Direct Plan Growth Plan - Growth Option,48.087,Nippon India Mutual Fund,Equity Scheme - Large Cap Fund
2021-07-06,118632,Nippon India Large Cap Fund - Direct Plan Growth Plan - Growth Option,47.9985,Nippon India Mutual Fund,Equity Scheme - Large Cap Fund
2021-07-07,118632,Nippon India Large Cap Fund - Direct Plan Growth Plan - Growth Option,48.2858,Nippon India Mutual Fund,Equity Scheme - Large Cap Fund
2021-07-08,118632,Nippon India Large Cap Fund - Direct Plan Growth Plan - Growth Option,47.8442,Nippon India Mutual Fund,Equity Scheme - Large Cap Fund
2021-07-09,118632,Nippon India Large Cap Fund - Direct Plan Growth Plan - Growth Option,47.7858,Nippon India Mutual Fund,Equity Scheme - Large Cap Fund
2021-07-12,118632,Nippon India Large Cap Fund - Direct Plan Growth Plan - Growth Option,47.7575,Nippon India Mutual Fund,Equity Scheme - Large Cap Fund
2021-07-13,118632,Nippon India Large Cap Fund - Direct Plan Growth Plan - Growth Option,48.1585,Nippon India Mutual Fund,Equity Scheme - Large Cap Fund
2021-07-14,118632,Nippon India Large Cap Fund - Direct Plan Growth Plan - Growth Option,48.3071,Nippon India Mutual Fund,Equity Scheme - Large Cap Fund
2021-07-15,118632,Nippon India Large Cap Fund - Direct Plan Growth Plan - Growth Option,48.5473,Nippon India Mutual Fund,Equity Scheme - Large Cap Fund
2021-07-16,118632,Nippon India Large Cap Fund - Direct Plan Growth Plan - Growth Option,48.5607,Nippon India Mutual Fund,Equity Scheme - Large Cap Fund
2021-07-19,118632,Nippon India Large Cap Fund - Direct Plan Growth Plan - Growth Option,48.1744,Nippon India Mutual Fund,Equity Scheme - Large Cap Fund
2021-07-20,118632,Nippon India Large Cap Fund - Direct Plan Growth Plan - Growth Option,47.511,Nippon India Mutual Fund,Equity Scheme - Large Cap Fund
2021-07-22,118632,Nippon India Large Cap Fund - Direct Plan Growth Plan - Growth Option,48.0885,Nippon India Mutual Fund,Equity Scheme - Large Cap Fund
2021-07-23,118632,Nippon India Large Cap Fund - Direct Plan Growth Plan - Growth Option,48.2621,Nippon India Mutual Fund,Equity Scheme - Large Cap Fund
2021-07-26,118632,Nippon India Large Cap Fund - Direct Plan Growth Plan - Growth Option,48.3377,Nippon India Mutual Fund,Equity Scheme - Large Cap Fund
2021-07-27,118632,Nippon India Large Cap Fund - Direct Plan Growth Plan - Growth Option,48.2348,Nippon India Mutual Fund,Equity Scheme - Large Cap Fund
2021-07-28,118632,Nippon India Large Cap Fund - Direct Plan Growth Plan - Growth Option,48.2816,Nippon India Mutual Fund,Equity Scheme - Large Cap Fund
2021-07-29,118632,Nippon India Large Cap Fund - Direct Plan Growth Plan - Growth Option,48.6844,Nippon India Mutual Fund,Equity Scheme - Large Cap Fund
2021-07-30,118632,Nippon India Large Cap Fund - Direct Plan Growth Plan - Growth Option,48.6392,Nippon India Mutual Fund,Equity Scheme - Large Cap Fund
2021-08-02,118632,Nippon India Large Cap Fund - Direct Plan Growth Plan - Growth Option,48.8843,Nippon India Mutual Fund,Equity Scheme - Large Cap Fund
2021-08-03,118632,Nippon India Large Cap Fund - Direct Plan Growth Plan - Growth Option,49.5836,Nippon India Mutual Fund,Equity Scheme - Large Cap Fund
2021-08-04,118632,Nippon India Large Cap Fund - Direct Plan Growth Plan - Growth Option,49.7887,Nippon India Mutual Fund,Equity Scheme - Large Cap Fund
2021-08-05,118632,Nippon India Large Cap Fund - Direct Plan Growth Plan - Growth Option,49.8586,Nippon India Mutual Fund,Equity Scheme - Large Cap Fund
2021-08-06,118632,Nippon India Large Cap Fund - Direct Plan Growth Plan - Growth Option,49.6375,Nippon India Mutual Fund,Equity Scheme - Large Cap Fund
2021-08-09,118632,Nippon India Large Cap Fund - Direct Plan Growth Plan - Growth Option,49.5266,Nippon India Mutual Fund,Equity Scheme - Large Cap Fund
2021-08-10,118632,Nippon India Large Cap Fund - Direct Plan Growth Plan - Growth Option,49.4644,Nippon India Mutual Fund,Equity Scheme - Large Cap Fund
2021-08-11,118632,Nippon India Large Cap Fund - Direct Plan Growth Plan - Growth Option,49.6093,Nippon India Mutual Fund,Equity Scheme - Large Cap Fund
2021-08-12,118632,Nippon India Large Cap Fund - Direct Plan Growth Plan - Growth Option,49.9821,Nippon India Mutual Fund,Equity Scheme - Large Cap Fund
2021-08-13,118632,Nippon India Large Cap Fund - Direct Plan Growth Plan - Growth Option,50.4598,Nippon India Mutual Fund,Equity Scheme - Large Cap Fund
2021-08-16,118632,Nippon India Large Cap Fund - Direct Plan Growth Plan - Growth Option,50.5176,Nippon India Mutual Fund,Equity Scheme - Large Cap Fund
2021-08-17,118632,Nippon India Large Cap Fund - Direct Plan Growth Plan - Growth Option,50.5074,Nippon India Mutual Fund,Equity Scheme - Large Cap Fund
2021-08-18,118632,Nippon India Large Cap Fund - Direct Plan Growth Plan - Growth Option,50.3397,Nippon India Mutual Fund,Equity Scheme - Large Cap Fund
2021-08-20,118632,Nippon India Large Cap Fund - Direct Plan Growth Plan - Growth Option,49.6961,Nippon India Mutual Fund,Equity Scheme - Large Cap Fund
2021-08-23,118632,Nippon India Large Cap Fund - Direct Plan Growth Plan - Growth Option,49.833,Nippon India Mutual Fund,Equity Scheme - Large Cap Fund
2021-08-24,118632,Nippon India Large Cap Fund - Direct Plan Growth Plan - Growth Option,50.2808,Nippon India Mutual Fund,Equity Scheme - Large Cap Fund
2021-08-25,118632,Nippon India Large Cap Fund - Direct Plan Growth Plan - Growth Option,50.3978,Nippon India Mutual Fund,Equity Scheme - Large Cap Fund
2021-08-26,118632,Nippon India Large Cap Fund - Direct Plan Growth Plan - Growth Option,50.3502,Nippon India Mutual Fund,Equity Scheme - Large Cap Fund
2021-08-27,118632,Nippon India Large Cap Fund - Direct Plan Growth Plan - Growth Option,50.6595,Nippon India Mutual Fund,Equity Scheme - Large Cap Fund
2021-08-30,118632,Nippon India Large Cap Fund - Direct Plan Growth Plan - Growth Option,51.4278,Nippon India Mutual Fund,Equity Scheme - Large Cap Fund
2021-08-31,118632,Nippon India Large Cap Fund - Direct Plan Growth Plan - Growth Option,52.0816,Nippon India Mutual Fund,Equity Scheme - Large Cap Fund
2021-09-01,118632,Nippon India Large Cap Fund - Direct Plan Growth Plan - Growth Option,52.0683,Nippon India Mutual Fund,Equity Scheme - Large Cap Fund
2021-09-02,118632,Nippon India Large Cap Fund - Direct Plan Growth Plan - Growth Option,52.4957,Nippon India Mutual Fund,Equity Scheme - Large Cap Fund
2021-09-03,118632,Nippon India Large Cap Fund - Direct Plan Growth Plan - Growth Option,52.6263,Nippon India Mutual Fund,Equity Scheme - Large Cap Fund
2021-09-06,118632,Nippon India Large Cap Fund - Direct Plan Growth Plan - Growth Option,52.6746,Nippon India Mutual Fund,Equity Scheme - Large Cap Fund
2021-09-07,118632,Nippon India Large Cap Fund - Direct Plan Growth Plan - Growth Option,52.6217,Nippon India Mutual Fund,Equity Scheme - Large Cap Fund
2021-09-08,118632,Nippon India Large Cap Fund - Direct Plan Growth Plan - Growth Option,52.6958,Nippon India Mutual Fund,Equity Scheme - Large Cap Fund
2021-09-09,118632,Nippon India Large Cap Fund - Direct Plan Growth Plan - Growth Option,52.9306,Nippon India Mutual Fund,Equity Scheme - Large Cap Fund
2021-09-13,118632,Nippon India Large Cap Fund - Direct Plan Growth Plan - Growth Option,52.8952,Nippon India Mutual Fund,Equity Scheme - Large Cap Fund
2021-09-14,118632,Nippon India Large Cap Fund - Direct Plan Growth Plan - Growth Option,53.0232,Nippon India Mutual Fund,Equity Scheme - Large Cap Fund
2021-09-15,118632,Nippon India Large Cap Fund - Direct Plan Growth Plan - Growth Option,53.7101,Nippon India Mutual Fund,Equity Scheme - Large Cap Fund
2021-09-16,118632,Nippon India Large Cap Fund - Direct Plan Growth Plan - Growth Option,54.0656,Nippon India Mutual Fund,Equity Scheme - Large Cap Fund
2021-09-17,118632,Nippon India Large Cap Fund - Direct Plan Growth Plan - Growth Option,53.7179,Nippon India Mutual Fund,Equity Scheme - Large Cap Fund
2021-09-20,118632,Nippon India Large Cap Fund - Direct Plan Growth Plan - Growth Option,53.1463,Nippon India Mutual Fund,Equity Scheme - Large Cap Fund
2021-09-21,118632,Nippon India Large Cap Fund - Direct Plan Growth Plan - Growth Option,53.5857,Nippon India Mutual Fund,Equity Scheme - Large Cap Fund
2021-09-22,118632,Nippon India Large Cap Fund - Direct Plan Growth Plan - Growth Option,53.8415,Nippon India Mutual Fund,Equity Scheme - Large Cap Fund
2021-09-23,118632,Nippon India Large Cap Fund - Direct Plan Growth Plan - Growth Option,54.5914,Nippon India Mutual Fund,Equity Scheme - Large Cap Fund
2021-09-24,118632,Nippon India Large Cap Fund - Direct Plan Growth Plan - Growth Option,54.4681,Nippon India Mutual Fund,Equity Scheme - Large Cap Fund
2021-09-27,118632,Nippon India Large Cap Fund - Direct Plan Growth Plan - Growth Option,54.5839,Nippon India Mutual Fund,Equity Scheme - Large Cap Fund
2021-09-28,118632,Nippon India Large Cap Fund - Direct Plan Growth Plan - Growth Option,54.1376,Nippon India Mutual Fund,Equity Scheme - Large Cap Fund
2021-09-29,118632,Nippon India Large Cap Fund - Direct Plan Growth Plan - Growth Option,54.349,Nippon India Mutual Fund,Equity Scheme - Large Cap Fund
2021-09-30,118632,Nippon India Large Cap Fund - Direct Plan Growth Plan - Growth Option,54.23,Nippon India Mutual Fund,Equity Scheme - Large Cap Fund
2021-10-01,118632,Nippon India Large Cap Fund - Direct Plan Growth Plan - Growth Option,53.9989,Nippon India Mutual Fund,Equity Scheme - Large Cap Fund
2021-10-04,118632,Nippon India Large Cap Fund - Direct Plan Growth Plan - Growth Option,54.7566,Nippon India Mutual Fund,Equity Scheme - Large Cap Fund
2021-10-05,118632,Nippon India Large Cap Fund - Direct Plan Growth Plan - Growth Option,55.2462,Nippon India Mutual Fund,Equity Scheme - Large Cap Fund
2021-10-06,118632,Nippon India Large Cap Fund - Direct Plan Growth Plan - Growth Option,54.5693,Nippon India Mutual Fund,Equity Scheme - Large Cap Fund
2021-10-07,118632,Nippon India Large Cap Fund - Direct Plan Growth Plan - Growth Option,55.1058,Nippon India Mutual Fund,Equity Scheme - Large Cap Fund
2021-10-08,118632,Nippon India Large Cap Fund - Direct Plan Growth Plan - Growth Option,55.3313,Nippon India Mutual Fund,Equity Scheme - Large Cap Fund
2021-10-11,118632,Nippon India Large Cap Fund - Direct Plan Growth Plan - Growth Option,55.6508,Nippon India Mutual Fund,Equity Scheme - Large Cap Fund
2021-10-12,118632,Nippon India Large Cap Fund - Direct Plan Growth Plan - Growth Option,55.7014,Nippon India Mutual Fund,Equity Scheme - Large Cap Fund
2021-10-13,118632,Nippon India Large Cap Fund - Direct Plan Growth Plan - Growth Option,56.2755,Nippon India Mutual Fund,Equity Scheme - Large Cap Fund
2021-10-14,118632,Nippon India Large Cap Fund - Direct Plan Growth Plan - Growth Option,56.8622,Nippon India Mutual Fund,Equity Scheme - Large Cap Fund
2021-10-18,118632,Nippon India Large Cap Fund - Direct Plan Growth Plan - Growth Option,57.047,Nippon India Mutual Fund,Equity Scheme - Large Cap Fund
2021-10-19,118632,Nippon India Large Cap Fund - Direct Plan Growth Plan - Growth Option,56.4937,Nippon India Mutual Fund,Equity Scheme - Large Cap Fund
2021-10-20,118632,Nippon India Large Cap Fund - Direct Plan Growth Plan - Growth Option,56.3476,Nippon India Mutual Fund,Equity Scheme - Large Cap Fund
2021-10-21,118632,Nippon India Large Cap Fund - Direct Plan Growth Plan - Growth Option,56.2027,Nippon India Mutual Fund,Equity Scheme - Large Cap Fund
2021-10-22,118632,Nippon India Large Cap Fund - Direct Plan Growth Plan - Growth Option,55.9366,Nippon India Mutual Fund,Equity Scheme - Large Cap Fund
2021-10-25,118632,Nippon India Large Cap Fund - Direct Plan Growth Plan - Growth Option,55.9012,Nippon India Mutual Fund,Equity Scheme - Large Cap Fund
2021-10-26,118632,Nippon India Large Cap Fund - Direct Plan Growth Plan - Growth Option,56.315,Nippon India Mutual Fund,Equity Scheme - Large Cap Fund
2021-10-27,118632,Nippon India Large Cap Fund - Direct Plan Growth Plan - Growth Option,56.1918,Nippon India Mutual Fund,Equity Scheme - Large Cap Fund
2021-10-28,118632,Nippon India Large Cap Fund - Direct Plan Growth Plan - Growth Option,55.0676,Nippon India Mutual Fund,Equity Scheme - Large Cap Fund
2021-10-29,118632,Nippon India Large Cap Fund - Direct Plan Growth Plan - Growth Option,54.5479,Nippon India Mutual Fund,Equity Scheme - Large Cap Fund
2021-11-01,118632,Nippon India Large Cap Fund - Direct Plan Growth Plan - Growth Option,55.6464,Nippon India Mutual Fund,Equity Scheme - Large Cap Fund
2021-11-02,118632,Nippon India Large Cap Fund - Direct Plan Growth Plan - Growth Option,55.7095,Nippon India Mutual Fund,Equity Scheme - Large Cap Fund
2021-11-03,118632,Nippon India Large Cap Fund - Direct Plan Growth Plan - Growth Option,55.5728,Nippon India Mutual Fund,Equity Scheme - Large Cap Fund
2021-11-08,118632,Nippon India Large Cap Fund - Direct Plan Growth Plan - Growth Option,56.3817,Nippon India Mutual Fund,Equity Scheme - Large Cap Fund
2021-11-09,118632,Nippon India Large Cap Fund - Direct Plan Growth Plan - Growth Option,56.5542,Nippon India Mutual Fund,Equity Scheme - Large Cap Fund
2021-11-10,118632,Nippon India Large Cap Fund - Direct Plan Growth Plan - Growth Option,56.4731,Nippon India Mutual Fund,Equity Scheme - Large Cap Fund
2021-11-11,118632,Nippon India Large Cap Fund - Direct Plan Growth Plan - Growth Option,56.0398,Nippon India Mutual Fund,Equity Scheme - Large Cap Fund
2021-11-12,118632,Nippon India Large Cap Fund - Direct Plan Growth Plan - Growth Option,56.6546,Nippon India Mutual Fund,Equity Scheme - Large Cap Fund
2021-11-15,118632,Nippon India Large Cap Fund - Direct Plan Growth Plan - Growth Option,56.5221,Nippon India Mutual Fund,Equity Scheme - Large Cap Fund
2021-11-16,118632,Nippon India Large Cap Fund - Direct Plan Growth Plan - Growth Option,56.0445,Nippon India Mutual Fund,Equity Scheme - Large Cap Fund
2021-11-17,118632,Nippon India Large Cap Fund - Direct Plan Growth Plan - Growth Option,55.7898,Nippon India Mutual Fund,Equity Scheme - Large Cap Fund
2021-11-18,118632,Nippon India Large Cap Fund - Direct Plan Growth Plan - Growth Option,55.1957,Nippon India Mutual Fund,Equity Scheme - Large Cap Fund
2021-11-22,118632,Nippon India Large Cap Fund - Direct Plan Growth Plan - Growth Option,54.0495,Nippon India Mutual Fund,Equity Scheme - Large Cap Fund
2021-11-23,118632,Nippon India Large Cap Fund - Direct Plan Growth Plan - Growth Option,54.7064,Nippon India Mutual Fund,Equity Scheme - Large Cap Fund
2021-11-24,118632,Nippon India Large Cap Fund - Direct Plan Growth Plan - Growth Option,54.5854,Nippon India Mutual Fund,Equity Scheme - Large Cap Fund
2021-11-25,118632,Nippon India Large Cap Fund - Direct Plan Growth Plan - Growth Option,54.8638,Nippon India Mutual Fund,Equity Scheme - Large Cap Fund
2021-11-26,118632,Nippon India Large Cap Fund - Direct Plan Growth Plan - Growth Option,52.9581,Nippon India Mutual Fund,Equity Scheme - Large Cap Fund
2021-11-29,118632,Nippon India Large Cap Fund - Direct Plan Growth Plan - Growth Option,52.7408,Nippon India Mutual Fund,Equity Scheme - Large Cap Fund
2021-11-30,118632,Nippon India Large Cap Fund - Direct Plan Growth Plan - Growth Option,52.6169,Nippon India Mutual Fund,Equity Scheme - Large Cap Fund
2021-12-01,118632,Nippon India Large Cap Fund - Direct Plan Growth Plan - Growth Option,53.2262,Nippon India Mutual Fund,Equity Scheme - Large Cap Fund
2021-12-02,118632,Nippon India Large Cap Fund - Direct Plan Growth Plan - Growth Option,53.7638,Nippon India Mutual Fund,Equity Scheme - Large Cap Fund
2021-12-03,118632,Nippon India Large Cap Fund - Direct Plan Growth Plan - Growth Option,53.399,Nippon India Mutual Fund,Equity Scheme - Large Cap Fund
2021-12-06,118632,Nippon India Large Cap Fund - Direct Plan Growth Plan - Growth Option,52.5657,Nippon India Mutual Fund,Equity Scheme - Large Cap Fund
2021-12-07,118632,Nippon India Large Cap Fund - Direct Plan Growth Plan - Growth Option,53.4281,Nippon India Mutual Fund,Equity Scheme - Large Cap Fund
2021-12-08,118632,Nippon India Large Cap Fund - Direct Plan Growth Plan - Growth Option,54.3811,Nippon India Mutual Fund,Equity Scheme - Large Cap Fund
2021-12-09,118632,Nippon India Large Cap Fund - Direct Plan Growth Plan - Growth Option,54.5585,Nippon India Mutual Fund,Equity Scheme - Large Cap Fund
2021-12-10,118632,Nippon India Large Cap Fund - Direct Plan Growth Plan - Growth Option,54.5616,Nippon India Mutual Fund,Equity Scheme - Large Cap Fund
2021-12-13,118632,Nippon India Large Cap Fund - Direct Plan Growth Plan - Growth Option,54.2816,Nippon India Mutual Fund,Equity Scheme - Large Cap Fund
2021-12-14,118632,Nippon India Large Cap Fund - Direct Plan Growth Plan - Growth Option,54.1071,Nippon India Mutual Fund,Equity Scheme - Large Cap Fund
2021-12-15,118632,Nippon India Large Cap Fund - Direct Plan Growth Plan - Growth Option,53.8186,Nippon India Mutual Fund,Equity Scheme - Large Cap Fund
2021-12-16,118632,Nippon India Large Cap Fund - Direct Plan Growth Plan - Growth Option,53.6826,Nippon India Mutual Fund,Equity Scheme - Large Cap Fund
2021-12-17,118632,Nippon India Large Cap Fund - Direct Plan Growth Plan - Growth Option,52.7535,Nippon India Mutual Fund,Equity Scheme - Large Cap Fund
2021-12-20,118632,Nippon India Large Cap Fund - Direct Plan Growth Plan - Growth Option,51.4184,Nippon India Mutual Fund,Equity Scheme - Large Cap Fund
2021-12-21,118632,Nippon India Large Cap Fund - Direct Plan Growth Plan - Growth Option,51.9621,Nippon India Mutual Fund,Equity Scheme - Large Cap Fund
2021-12-22,118632,Nippon India Large Cap Fund - Direct Plan Growth Plan - Growth Option,52.5914,Nippon India Mutual Fund,Equity Scheme - Large Cap Fund
2021-12-23,118632,Nippon India Large Cap Fund - Direct Plan Growth Plan - Growth Option,52.8344,Nippon India Mutual Fund,Equity Scheme - Large Cap Fund
2021-12-24,118632,Nippon India Large Cap Fund - Direct Plan Growth Plan - Growth Option,52.588,Nippon India Mutual Fund,Equity Scheme - Large Cap Fund
2021-12-27,118632,Nippon India Large Cap Fund - Direct Plan Growth Plan - Growth Option,52.7089,Nippon India Mutual Fund,Equity Scheme - Large Cap Fund
2021-12-28,118632,Nippon India Large Cap Fund - Direct Plan Growth Plan - Growth Option,53.2426,Nippon India Mutual Fund,Equity Scheme - Large Cap Fund
2021-12-29,118632,Nippon India Large Cap Fund - Direct Plan Growth Plan - Growth Option,53.1347,Nippon India Mutual Fund,Equity Scheme - Large Cap Fund
2021-12-30,118632,Nippon India Large Cap Fund - Direct Plan Growth Plan - Growth Option,53.1015,Nippon India Mutual Fund,Equity Scheme - Large Cap Fund
2021-12-31,118632,Nippon India Large Cap Fund - Direct Plan Growth Plan - Growth Option,53.6105,Nippon India Mutual Fund,Equity Scheme - Large Cap Fund
2022-01-03,118632,Nippon India Large Cap Fund - Direct Plan Growth Plan - Growth Option,54.3991,Nippon India Mutual Fund,Equity Scheme - Large Cap Fund
2022-01-04,118632,Nippon India Large Cap Fund - Direct Plan Growth Plan - Growth Option,54.9154,Nippon India Mutual Fund,Equity Scheme - Large Cap Fund
2022-01-05,118632,Nippon India Large Cap Fund - Direct Plan Growth Plan - Growth Option,55.148,Nippon India Mutual Fund,Equity Scheme - Large Cap Fund
2022-01-06,118632,Nippon India Large Cap Fund - Direct Plan Growth Plan - Growth Option,54.8331,Nippon India Mutual Fund,Equity Scheme - Large Cap Fund
2022-01-07,118632,Nippon India Large Cap Fund - Direct Plan Growth Plan - Growth Option,54.8875,Nippon India Mutual Fund,Equity Scheme - Large Cap Fund
2022-01-10,118632,Nippon India Large Cap Fund - Direct Plan Growth Plan - Growth Option,55.5418,Nippon India Mutual Fund,Equity Scheme - Large Cap Fund
2022-01-11,118632,Nippon India Large Cap Fund - Direct Plan Growth Plan - Growth Option,55.7781,Nippon India Mutual Fund,Equity Scheme - Large Cap Fund
2022-01-12,118632,Nippon India Large Cap Fund - Direct Plan Growth Plan - Growth Option,56.42,Nippon India Mutual Fund,Equity Scheme - Large Cap Fund
2022-01-13,118632,Nippon India Large Cap Fund - Direct Plan Growth Plan - Growth Option,56.5521,Nippon India Mutual Fund,Equity Scheme - Large Cap Fund
2022-01-14,118632,Nippon India Large Cap Fund - Direct Plan Growth Plan - Growth Option,56.628,Nippon India Mutual Fund,Equity Scheme - Large Cap Fund
2022-01-17,118632,Nippon India Large Cap Fund - Direct Plan Growth Plan - Growth Option,56.5581,Nippon India Mutual Fund,Equity Scheme - Large Cap Fund
2022-01-18,118632,Nippon India Large Cap Fund - Direct Plan Growth Plan - Growth Option,55.9155,Nippon India Mutual Fund,Equity Scheme - Large Cap Fund
2022-01-19,118632,Nippon India Large Cap Fund - Direct Plan Growth Plan - Growth Option,55.6133,Nippon India Mutual Fund,Equity Scheme - Large Cap Fund
2022-01-20,118632,Nippon India Large Cap Fund - Direct Plan Growth Plan - Growth Option,55.2412,Nippon India Mutual Fund,Equity Scheme - Large Cap Fund
2022-01-21,118632,Nippon India Large Cap Fund - Direct Plan Growth Plan - Growth Option,54.656,Nippon India Mutual Fund,Equity Scheme - Large Cap Fund
2022-01-24,118632,Nippon India Large Cap Fund - Direct Plan Growth Plan - Growth Option,53.1466,Nippon India Mutual Fund,Equity Scheme - Large Cap Fund
2022-01-25,118632,Nippon India Large Cap Fund - Direct Plan Growth Plan - Growth Option,54.0577,Nippon India Mutual Fund,Equity Scheme - Large Cap Fund
2022-01-27,118632,Nippon India Large Cap Fund - Direct Plan Growth Plan - Growth Option,53.7011,Nippon India Mutual Fund,Equity Scheme - Large Cap Fund
2022-01-28,118632,Nippon India Large Cap Fund - Direct Plan Growth Plan - Growth Option,53.7749,Nippon India Mutual Fund,Equity Scheme - Large Cap Fund
2022-01-31,118632,Nippon India Large Cap Fund - Direct Plan Growth Plan - Growth Option,54.7458,Nippon India Mutual Fund,Equity Scheme - Large Cap Fund
2022-02-01,118632,Nippon India Large Cap Fund - Direct Plan Growth Plan - Growth Option,55.3735,Nippon India Mutual Fund,Equity Scheme - Large Cap Fund
2022-02-02,118632,Nippon India Large Cap Fund - Direct Plan Growth Plan - Growth Option,56.0001,Nippon India Mutual Fund,Equity Scheme - Large Cap Fund
2022-02-03,118632,Nippon India Large Cap Fund - Direct Plan Growth Plan - Growth Option,55.544,Nippon India Mutual Fund,Equity Scheme - Large Cap Fund
2022-02-04,118632,Nippon India Large Cap Fund - Direct Plan Growth Plan - Growth Option,55.2995,Nippon India Mutual Fund,Equity Scheme - Large Cap Fund
2022-02-07,118632,Nippon India Large Cap Fund - Direct Plan Growth Plan - Growth Option,54.5047,Nippon India Mutual Fund,Equity Scheme - Large Cap Fund
2022-02-08,118632,Nippon India Large Cap Fund - Direct Plan Growth Plan - Growth Option,54.5086,Nippon India Mutual Fund,Equity Scheme - Large Cap Fund
2022-02-09,118632,Nippon India Large Cap Fund - Direct Plan Growth Plan - Growth Option,55.0412,Nippon India Mutual Fund,Equity Scheme - Large Cap Fund
2022-02-10,118632,Nippon India Large Cap Fund - Direct Plan Growth Plan - Growth Option,55.4149,Nippon India Mutual Fund,Equity Scheme - Large Cap Fund
2022-02-11,118632,Nippon India Large Cap Fund - Direct Plan Growth Plan - Growth Option,54.5917,Nippon India Mutual Fund,Equity Scheme - Large Cap Fund
2022-02-14,118632,Nippon India Large Cap Fund - Direct Plan Growth Plan - Growth Option,52.6686,Nippon India Mutual Fund,Equity Scheme - Large Cap Fund
2022-02-15,118632,Nippon India Large Cap Fund - Direct Plan Growth Plan - Growth Option,54.2458,Nippon India Mutual Fund,Equity Scheme - Large Cap Fund
2022-02-16,118632,Nippon India Large Cap Fund - Direct Plan Growth Plan - Growth Option,54.128,Nippon India Mutual Fund,Equity Scheme - Large Cap Fund
2022-02-17,118632,Nippon India Large Cap Fund - Direct Plan Growth Plan - Growth Option,54.0568,Nippon India Mutual Fund,Equity Scheme - Large Cap Fund
2022-02-18,118632,Nippon India Large Cap Fund - Direct Plan Growth Plan - Growth Option,53.9536,Nippon India Mutual Fund,Equity Scheme - Large Cap Fund
2022-02-21,118632,Nippon India Large Cap Fund - Direct Plan Growth Plan - Growth Option,53.7433,Nippon India Mutual Fund,Equity Scheme - Large Cap Fund
2022-02-22,118632,Nippon India Large Cap Fund - Direct Plan Growth Plan - Growth Option,53.1845,Nippon India Mutual Fund,Equity Scheme - Large Cap Fund
2022-02-23,118632,Nippon India Large Cap Fund - Direct Plan Growth Plan - Growth Option,53.1129,Nippon India Mutual Fund,Equity Scheme - Large Cap Fund
2022-02-24,118632,Nippon India Large Cap Fund - Direct Plan Growth Plan - Growth Option,50.5103,Nippon India Mutual Fund,Equity Scheme - Large Cap Fund
2022-02-25,118632,Nippon India Large Cap Fund - Direct Plan Growth Plan - Growth Option,51.9245,Nippon India Mutual Fund,Equity Scheme - Large Cap Fund
2022-02-28,118632,Nippon India Large Cap Fund - Direct Plan Growth Plan - Growth Option,52.1261,Nippon India Mutual Fund,Equity Scheme - Large Cap Fund
2022-03-02,118632,Nippon India Large Cap Fund - Direct Plan Growth Plan - Growth Option,51.4979,Nippon India Mutual Fund,Equity Scheme - Large Cap Fund
2022-03-03,118632,Nippon India Large Cap Fund - Direct Plan Growth Plan - Growth Option,51.257,Nippon India Mutual Fund,Equity Scheme - Large Cap Fund
2022-03-04,118632,Nippon India Large Cap Fund - Direct Plan Growth Plan - Growth Option,50.5231,Nippon India Mutual Fund,Equity Scheme - Large Cap Fund
2022-03-07,118632,Nippon India Large Cap Fund - Direct Plan Growth Plan - Growth Option,49.4198,Nippon India Mutual Fund,Equity Scheme - Large Cap Fund
2022-03-08,118632,Nippon India Large Cap Fund - Direct Plan Growth Plan - Growth Option,50.1075,Nippon India Mutual Fund,Equity Scheme - Large Cap Fund
2022-03-09,118632,Nippon India Large Cap Fund - Direct Plan Growth Plan - Growth Option,51.1626,Nippon India Mutual Fund,Equity Scheme - Large Cap Fund
2022-03-10,118632,Nippon India Large Cap Fund - Direct Plan Growth Plan - Growth Option,51.7675,Nippon India Mutual Fund,Equity Scheme - Large Cap Fund
2022-03-11,118632,Nippon India Large Cap Fund - Direct Plan Growth Plan - Growth Option,51.9161,Nippon India Mutual Fund,Equity Scheme - Large Cap Fund
2022-03-14,118632,Nippon India Large Cap Fund - Direct Plan Growth Plan - Growth Option,52.6659,Nippon India Mutual Fund,Equity Scheme - Large Cap Fund
2022-03-15,118632,Nippon India Large Cap Fund - Direct Plan Growth Plan - Growth Option,52.1763,Nippon India Mutual Fund,Equity Scheme - Large Cap Fund
2022-03-16,118632,Nippon India Large Cap Fund - Direct Plan Growth Plan - Growth Option,53.1544,Nippon India Mutual Fund,Equity Scheme - Large Cap Fund
2022-03-17,118632,Nippon India Large Cap Fund - Direct Plan Growth Plan - Growth Option,53.9074,Nippon India Mutual Fund,Equity Scheme - Large Cap Fund
2022-03-21,118632,Nippon India Large Cap Fund - Direct Plan Growth Plan - Growth Option,53.3653,Nippon India Mutual Fund,Equity Scheme - Large Cap Fund
2022-03-22,118632,Nippon India Large Cap Fund - Direct Plan Growth Plan - Growth Option,53.9773,Nippon India Mutual Fund,Equity Scheme - Large Cap Fund
2022-03-23,118632,Nippon India Large Cap Fund - Direct Plan Growth Plan - Growth Option,53.9523,Nippon India Mutual Fund,Equity Scheme - Large Cap Fund
2022-03-24,118632,Nippon India Large Cap Fund - Direct Plan Growth Plan - Growth Option,53.9304,Nippon India Mutual Fund,Equity Scheme - Large Cap Fund
2022-03-25,118632,Nippon India Large Cap Fund - Direct Plan Growth Plan - Growth Option,53.8267,Nippon India Mutual Fund,Equity Scheme - Large Cap Fund
2022-03-28,118632,Nippon India Large Cap Fund - Direct Plan Growth Plan - Growth Option,54.1012,Nippon India Mutual Fund,Equity Scheme - Large Cap Fund
2022-03-29,118632,Nippon India Large Cap Fund - Direct Plan Growth Plan - Growth Option,54.5227,Nippon India Mutual Fund,Equity Scheme - Large Cap Fund
2022-03-30,118632,Nippon India Large Cap Fund - Direct Plan Growth Plan - Growth Option,55.0212,Nippon India Mutual Fund,Equity Scheme - Large Cap Fund
2022-03-31,118632,Nippon India Large Cap Fund - Direct Plan Growth Plan - Growth Option,54.959,Nippon India Mutual Fund,Equity Scheme - Large Cap Fund
2022-04-01,118632,Nippon India Large Cap Fund - Direct Plan Growth Plan - Growth Option,55.7151,Nippon India Mutual Fund,Equity Scheme - Large Cap Fund
2022-04-04,118632,Nippon India Large Cap Fund - Direct Plan Growth Plan - Growth Option,56.8326,Nippon India Mutual Fund,Equity Scheme - Large Cap Fund
2022-04-05,118632,Nippon India Large Cap Fund - Direct Plan Growth Plan - Growth Option,56.5848,Nippon India Mutual Fund,Equity Scheme - Large Cap Fund
2022-04-06,118632,Nippon India Large Cap Fund - Direct Plan Growth Plan - Growth Option,56.4694,Nippon India Mutual Fund,Equity Scheme - Large Cap Fund
2022-04-07,118632,Nippon India Large Cap Fund - Direct Plan Growth Plan - Growth Option,56.1015,Nippon India Mutual Fund,Equity Scheme - Large Cap Fund
2022-04-08,118632,Nippon India Large Cap Fund - Direct Plan Growth Plan - Growth Option,56.5618,Nippon India Mutual Fund,Equity Scheme - Large Cap Fund
2022-04-11,118632,Nippon India Large Cap Fund - Direct Plan Growth Plan - Growth Option,56.2116,Nippon India Mutual Fund,Equity Scheme - Large Cap Fund
2022-04-12,118632,Nippon India Large Cap Fund - Direct Plan Growth Plan - Growth Option,55.6751,Nippon India Mutual Fund,Equity Scheme - Large Cap Fund
2022-04-13,118632,Nippon India Large Cap Fund - Direct Plan Growth Plan - Growth Option,55.633,Nippon India Mutual Fund,Equity Scheme - Large Cap Fund
2022-04-18,118632,Nippon India Large Cap Fund - Direct Plan Growth Plan - Growth Option,54.7058,Nippon India Mutual Fund,Equity Scheme - Large Cap Fund
2022-04-19,118632,Nippon India Large Cap Fund - Direct Plan Growth Plan - Growth Option,53.9044,Nippon India Mutual Fund,Equity Scheme - Large Cap Fund
2022-04-20,118632,Nippon India Large Cap Fund - Direct Plan Growth Plan - Growth Option,54.1133,Nippon India Mutual Fund,Equity Scheme - Large Cap Fund
2022-04-21,118632,Nippon India Large Cap Fund - Direct Plan Growth Plan - Growth Option,54.8144,Nippon India Mutual Fund,Equity Scheme - Large Cap Fund
2022-04-22,118632,Nippon India Large Cap Fund - Direct Plan Growth Plan - Growth Option,54.2467,Nippon India Mutual Fund,Equity Scheme - Large Cap Fund
2022-04-25,118632,Nippon India Large Cap Fund - Direct Plan Growth Plan - Growth Option,53.4328,Nippon India Mutual Fund,Equity Scheme - Large Cap Fund
2022-04-26,118632,Nippon India Large Cap Fund - Direct Plan Growth Plan - Growth Option,54.1408,Nippon India Mutual Fund,Equity Scheme - Large Cap Fund
2022-04-27,118632,Nippon India Large Cap Fund - Direct Plan Growth Plan - Growth Option,53.7566,Nippon India Mutual Fund,Equity Scheme - Large Cap Fund
2022-04-28,118632,Nippon India Large Cap Fund - Direct Plan Growth Plan - Growth Option,54.449,Nippon India Mutual Fund,Equity Scheme - Large Cap Fund
2022-04-29,118632,Nippon India Large Cap Fund - Direct Plan Growth Plan - Growth Option,54.0345,Nippon India Mutual Fund,Equity Scheme - Large Cap Fund
2022-05-02,118632,Nippon India Large Cap Fund - Direct Plan Growth Plan - Growth Option,53.9804,Nippon India Mutual Fund,Equity Scheme - Large Cap Fund
2022-05-04,118632,Nippon India Large Cap Fund - Direct Plan Growth Plan - Growth Option,52.716,Nippon India Mutual Fund,Equity Scheme - Large Cap Fund
2022-05-05,118632,Nippon India Large Cap Fund - Direct Plan Growth Plan - Growth Option,52.8648,Nippon India Mutual Fund,Equity Scheme - Large Cap Fund
2022-05-06,118632,Nippon India Large Cap Fund - Direct Plan Growth Plan - Growth Option,52.1522,Nippon India Mutual Fund,Equity Scheme - Large Cap Fund
2022-05-09,118632,Nippon India Large Cap Fund - Direct Plan Growth Plan - Growth Option,51.7456,Nippon India Mutual Fund,Equity Scheme - Large Cap Fund
2022-05-10,118632,Nippon India Large Cap Fund - Direct Plan Growth Plan - Growth Option,51.4411,Nippon India Mutual Fund,Equity Scheme - Large Cap Fund
2022-05-11,118632,Nippon India Large Cap Fund - Direct Plan Growth Plan - Growth Option,51.1851,Nippon India Mutual Fund,Equity Scheme - Large Cap Fund
2022-05-12,118632,Nippon India Large Cap Fund - Direct Plan Growth Plan - Growth Option,50.2057,Nippon India Mutual Fund,Equity Scheme - Large Cap Fund
2022-05-13,118632,Nippon India Large Cap Fund - Direct Plan Growth Plan - Growth Option,50.0751,Nippon India Mutual Fund,Equity Scheme - Large Cap Fund
2022-05-16,118632,Nippon India Large Cap Fund - Direct Plan Growth Plan - Growth Option,50.3452,Nippon India Mutual Fund,Equity Scheme - Large Cap Fund
2022-05-17,118632,Nippon India Large Cap Fund - Direct Plan Growth Plan - Growth Option,51.6228,Nippon India Mutual Fund,Equity Scheme - Large Cap Fund
2022-05-18,118632,Nippon India Large Cap Fund - Direct Plan Growth Plan - Growth Option,51.348,Nippon India Mutual Fund,Equity Scheme - Large Cap Fund
2022-05-19,118632,Nippon India Large Cap Fund - Direct Plan Growth Plan - Growth Option,50.0608,Nippon India Mutual Fund,Equity Scheme - Large Cap Fund
2022-05-20,118632,Nippon India Large Cap Fund - Direct Plan Growth Plan - Growth Option,51.3877,Nippon India Mutual Fund,Equity Scheme - Large Cap Fund
2022-05-23,118632,Nippon India Large Cap Fund - Direct Plan Growth Plan - Growth Option,51.2103,Nippon India Mutual Fund,Equity Scheme - Large Cap Fund
2022-05-24,118632,Nippon India Large Cap Fund - Direct Plan Growth Plan - Growth Option,51.0128,Nippon India Mutual Fund,Equity Scheme - Large Cap Fund
2022-05-25,118632,Nippon India Large Cap Fund - Direct Plan Growth Plan - Growth Option,50.6071,Nippon India Mutual Fund,Equity Scheme - Large Cap Fund
2022-05-26,118632,Nippon India Large Cap Fund - Direct Plan Growth Plan - Growth Option,51.1683,Nippon India Mutual Fund,Equity Scheme - Large Cap Fund
2022-05-27,118632,Nippon India Large Cap Fund - Direct Plan Growth Plan - Growth Option,51.8461,Nippon India Mutual Fund,Equity Scheme - Large Cap Fund
2022-05-30,118632,Nippon India Large Cap Fund - Direct Plan Growth Plan - Growth Option,52.9636,Nippon India Mutual Fund,Equity Scheme - Large Cap Fund
2022-05-31,118632,Nippon India Large Cap Fund - Direct Plan Growth Plan - Growth Option,52.9128,Nippon India Mutual Fund,Equity Scheme - Large Cap Fund
2022-06-01,118632,Nippon India Large Cap Fund - Direct Plan Growth Plan - Growth Option,52.8958,Nippon India Mutual Fund,Equity Scheme - Large Cap Fund
2022-06-02,118632,Nippon India Large Cap Fund - Direct Plan Growth Plan - Growth Option,53.0168,Nippon India Mutual Fund,Equity Scheme - Large Cap Fund
2022-06-03,118632,Nippon India Large Cap Fund - Direct Plan Growth Plan - Growth Option,52.7132,Nippon India Mutual Fund,Equity Scheme - Large Cap Fund
2022-06-06,118632,Nippon India Large Cap Fund - Direct Plan Growth Plan - Growth Option,52.5736,Nippon India Mutual Fund,Equity Scheme - Large Cap Fund
2022-06-07,118632,Nippon India Large Cap Fund - Direct Plan Growth Plan - Growth Option,52.1924,Nippon India Mutual Fund,Equity Scheme - Large Cap Fund
2022-06-08,118632,Nippon India Large Cap Fund - Direct Plan Growth Plan - Growth Option,52.1342,Nippon India Mutual Fund,Equity Scheme - Large Cap Fund
2022-06-09,118632,Nippon India Large Cap Fund - Direct Plan Growth Plan - Growth Option,52.3177,Nippon India Mutual Fund,Equity Scheme - Large Cap Fund
2022-06-10,118632,Nippon India Large Cap Fund - Direct Plan Growth Plan - Growth Option,51.6231,Nippon India Mutual Fund,Equity Scheme - Large Cap Fund
2022-06-13,118632,Nippon India Large Cap Fund - Direct Plan Growth Plan - Growth Option,50.2444,Nippon India Mutual Fund,Equity Scheme - Large Cap Fund
2022-06-14,118632,Nippon India Large Cap Fund - Direct Plan Growth Plan - Growth Option,50.1911,Nippon India Mutual Fund,Equity Scheme - Large Cap Fund
2022-06-15,118632,Nippon India Large Cap Fund - Direct Plan Growth Plan - Growth Option,50.1985,Nippon India Mutual Fund,Equity Scheme - Large Cap Fund
2022-06-16,118632,Nippon India Large Cap Fund - Direct Plan Growth Plan - Growth Option,49.0656,Nippon India Mutual Fund,Equity Scheme - Large Cap Fund
2022-06-17,118632,Nippon India Large Cap Fund - Direct Plan Growth Plan - Growth Option,48.8704,Nippon India Mutual Fund,Equity Scheme - Large Cap Fund
2022-06-20,118632,Nippon India Large Cap Fund - Direct Plan Growth Plan - Growth Option,48.831,Nippon India Mutual Fund,Equity Scheme - Large Cap Fund
2022-06-21,118632,Nippon India Large Cap Fund - Direct Plan Growth Plan - Growth Option,50.0441,Nippon India Mutual Fund,Equity Scheme - Large Cap Fund
2022-06-22,118632,Nippon India Large Cap Fund - Direct Plan Growth Plan - Growth Option,49.3373,Nippon India Mutual Fund,Equity Scheme - Large Cap Fund
2022-06-23,118632,Nippon India Large Cap Fund - Direct Plan Growth Plan - Growth Option,49.9249,Nippon India Mutual Fund,Equity Scheme - Large Cap Fund
2022-06-24,118632,Nippon India Large Cap Fund - Direct Plan Growth Plan - Growth Option,50.3956,Nippon India Mutual Fund,Equity Scheme - Large Cap Fund
2022-06-27,118632,Nippon India Large Cap Fund - Direct Plan Growth Plan - Growth Option,50.894,Nippon India Mutual Fund,Equity Scheme - Large Cap Fund
2022-06-28,118632,Nippon India Large Cap Fund - Direct Plan Growth Plan - Growth Option,51.1004,Nippon India Mutual Fund,Equity Scheme - Large Cap Fund
2022-06-29,118632,Nippon India Large Cap Fund - Direct Plan Growth Plan - Growth Option,50.9696,Nippon India Mutual Fund,Equity Scheme - Large Cap Fund
2022-06-30,118632,Nippon India Large Cap Fund - Direct Plan Growth Plan - Growth Option,50.8161,Nippon India Mutual Fund,Equity Scheme - Large Cap Fund
2022-07-01,118632,Nippon India Large Cap Fund - Direct Plan Growth Plan - Growth Option,51.062,Nippon India Mutual Fund,Equity Scheme - Large Cap Fund
2022-07-04,118632,Nippon India Large Cap Fund - Direct Plan Growth Plan - Growth Option,51.5891,Nippon India Mutual Fund,Equity Scheme - Large Cap Fund
2022-07-05,118632,Nippon India Large Cap Fund - Direct Plan Growth Plan - Growth Option,51.558,Nippon India Mutual Fund,Equity Scheme - Large Cap Fund
2022-07-06,118632,Nippon India Large Cap Fund - Direct Plan Growth Plan - Growth Option,52.1807,Nippon India Mutual Fund,Equity Scheme - Large Cap Fund
2022-07-07,118632,Nippon India Large Cap Fund - Direct Plan Growth Plan - Growth Option,52.812,Nippon India Mutual Fund,Equity Scheme - Large Cap Fund
2022-07-08,118632,Nippon India Large Cap Fund - Direct Plan Growth Plan - Growth Option,53.0855,Nippon India Mutual Fund,Equity Scheme - Large Cap Fund
2022-07-11,118632,Nippon India Large Cap Fund - Direct Plan Growth Plan - Growth Option,53.1047,Nippon India Mutual Fund,Equity Scheme - Large Cap Fund
2022-07-12,118632,Nippon India Large Cap Fund - Direct Plan Growth Plan - Growth Option,52.5995,Nippon India Mutual Fund,Equity Scheme - Large Cap Fund
2022-07-13,118632,Nippon India Large Cap Fund - Direct Plan Growth Plan - Growth Option,52.3834,Nippon India Mutual Fund,Equity Scheme - Large Cap Fund
2022-07-14,118632,Nippon India Large Cap Fund - Direct Plan Growth Plan - Growth Option,52.1586,Nippon India Mutual Fund,Equity Scheme - Large Cap Fund
2022-07-15,118632,Nippon India Large Cap Fund - Direct Plan Growth Plan - Growth Option,52.456,Nippon India Mutual Fund,Equity Scheme - Large Cap Fund
2022-07-18,118632,Nippon India Large Cap Fund - Direct Plan Growth Plan - Growth Option,53.1627,Nippon India Mutual Fund,Equity Scheme - Large Cap Fund
2022-07-19,118632,Nippon India Large Cap Fund - Direct Plan Growth Plan - Growth Option,53.3869,Nippon India Mutual Fund,Equity Scheme - Large Cap Fund
2022-07-20,118632,Nippon India Large Cap Fund - Direct Plan Growth Plan - Growth Option,53.9525,Nippon India Mutual Fund,Equity Scheme - Large Cap Fund
2022-07-21,118632,Nippon India Large Cap Fund - Direct Plan Growth Plan - Growth Option,54.4328,Nippon India Mutual Fund,Equity Scheme - Large Cap Fund
2022-07-22,118632,Nippon India Large Cap Fund - Direct Plan Growth Plan - Growth Option,54.701,Nippon India Mutual Fund,Equity Scheme - Large Cap Fund
2022-07-25,118632,Nippon India Large Cap Fund - Direct Plan Growth Plan - Growth Option,54.6553,Nippon India Mutual Fund,Equity Scheme - Large Cap Fund
2022-07-26,118632,Nippon India Large Cap Fund - Direct Plan Growth Plan - Growth Option,54.1738,Nippon India Mutual Fund,Equity Scheme - Large Cap Fund
2022-07-27,118632,Nippon India Large Cap Fund - Direct Plan Growth Plan - Growth Option,54.7223,Nippon India Mutual Fund,Equity Scheme - Large Cap Fund
2022-07-28,118632,Nippon India Large Cap Fund - Direct Plan Growth Plan - Growth Option,55.5448,Nippon India Mutual Fund,Equity Scheme - Large Cap Fund
2022-07-29,118632,Nippon India Large Cap Fund - Direct Plan Growth Plan - Growth Option,56.0689,Nippon India Mutual Fund,Equity Scheme - Large Cap Fund
2022-08-01,118632,Nippon India Large Cap Fund - Direct Plan Growth Plan - Growth Option,56.694,Nippon India Mutual Fund,Equity Scheme - Large Cap Fund
2022-08-02,118632,Nippon India Large Cap Fund - Direct Plan Growth Plan - Growth Option,56.7489,Nippon India Mutual Fund,Equity Scheme - Large Cap Fund
2022-08-03,118632,Nippon India Large Cap Fund - Direct Plan Growth Plan - Growth Option,56.7417,Nippon India Mutual Fund,Equity Scheme - Large Cap Fund
2022-08-04,118632,Nippon India Large Cap Fund - Direct Plan Growth Plan - Growth Option,56.6734,Nippon India Mutual Fund,Equity Scheme - Large Cap Fund
2022-08-05,118632,Nippon India Large Cap Fund - Direct Plan Growth Plan - Growth Option,56.6969,Nippon India Mutual Fund,Equity Scheme - Large Cap Fund
2022-08-08,118632,Nippon India Large Cap Fund - Direct Plan Growth Plan - Growth Option,57.1191,Nippon India Mutual Fund,Equity Scheme - Large Cap Fund
2022-08-10,118632,Nippon India Large Cap Fund - Direct Plan Growth Plan - Growth Option,57.141,Nippon India Mutual Fund,Equity Scheme - Large Cap Fund
2022-08-11,118632,Nippon India Large Cap Fund - Direct Plan Growth Plan - Growth Option,57.7547,Nippon India Mutual Fund,Equity Scheme - Large Cap Fund
2022-08-12,118632,Nippon India Large Cap Fund - Direct Plan Growth Plan - Growth Option,57.8835,Nippon India Mutual Fund,Equity Scheme - Large Cap Fund
2022-08-16,118632,Nippon India Large Cap Fund - Direct Plan Growth Plan - Growth Option,58.4553,Nippon India Mutual Fund,Equity Scheme - Large Cap Fund
2022-08-17,118632,Nippon India Large Cap Fund - Direct Plan Growth Plan - Growth Option,58.8383,Nippon India Mutual Fund,Equity Scheme - Large Cap Fund
2022-08-18,118632,Nippon India Large Cap Fund - Direct Plan Growth Plan - Growth Option,58.8693,Nippon India Mutual Fund,Equity Scheme - Large Cap Fund
2022-08-19,118632,Nippon India Large Cap Fund - Direct Plan Growth Plan - Growth Option,58.113,Nippon India Mutual Fund,Equity Scheme - Large Cap Fund
2022-08-22,118632,Nippon India Large Cap Fund - Direct Plan Growth Plan - Growth Option,57.305,Nippon India Mutual Fund,Equity Scheme - Large Cap Fund
2022-08-23,118632,Nippon India Large Cap Fund - Direct Plan Growth Plan - Growth Option,57.6726,Nippon India Mutual Fund,Equity Scheme - Large Cap Fund
2022-08-24,118632,Nippon India Large Cap Fund - Direct Plan Growth Plan - Growth Option,57.8701,Nippon India Mutual Fund,Equity Scheme - Large Cap Fund
2022-08-25,118632,Nippon India Large Cap Fund - Direct Plan Growth Plan - Growth Option,57.6711,Nippon India Mutual Fund,Equity Scheme - Large Cap Fund
2022-08-26,118632,Nippon India Large Cap Fund - Direct Plan Growth Plan - Growth Option,57.835,Nippon India Mutual Fund,Equity Scheme - Large Cap Fund
2022-08-29,118632,Nippon India Large Cap Fund - Direct Plan Growth Plan - Growth Option,57.0299,Nippon India Mutual Fund,Equity Scheme - Large Cap Fund
2022-08-30,118632,Nippon India Large Cap Fund - Direct Plan Growth Plan - Growth Option,58.3873,Nippon India Mutual Fund,Equity Scheme - Large Cap Fund
2022-09-01,118632,Nippon India Large Cap Fund - Direct Plan Growth Plan - Growth Option,58.1166,Nippon India Mutual Fund,Equity Scheme - Large Cap Fund
2022-09-02,118632,Nippon India Large Cap Fund - Direct Plan Growth Plan - Growth Option,58.3472,Nippon India Mutual Fund,Equity Scheme - Large Cap Fund
2022-09-05,118632,Nippon India Large Cap Fund - Direct Plan Growth Plan - Growth Option,58.8258,Nippon India Mutual Fund,Equity Scheme - Large Cap Fund
2022-09-06,118632,Nippon India Large Cap Fund - Direct Plan Growth Plan - Growth Option,58.7072,Nippon India Mutual Fund,Equity Scheme - Large Cap Fund
2022-09-07,118632,Nippon India Large Cap Fund - Direct Plan Growth Plan - Growth Option,58.716,Nippon India Mutual Fund,Equity Scheme - Large Cap Fund
2022-09-08,118632,Nippon India Large Cap Fund - Direct Plan Growth Plan - Growth Option,59.143,Nippon India Mutual Fund,Equity Scheme - Large Cap Fund
2022-09-09,118632,Nippon India Large Cap Fund - Direct Plan Growth Plan - Growth Option,59.2261,Nippon India Mutual Fund,Equity Scheme - Large Cap Fund
2022-09-12,118632,Nippon India Large Cap Fund - Direct Plan Growth Plan - Growth Option,59.5275,Nippon India Mutual Fund,Equity Scheme - Large Cap Fund
2022-09-13,118632,Nippon India Large Cap Fund - Direct Plan Growth Plan - Growth Option,60.0168,Nippon India Mutual Fund,Equity Scheme - Large Cap Fund
2022-09-14,118632,Nippon India Large Cap Fund - Direct Plan Growth Plan - Growth Option,59.9678,Nippon India Mutual Fund,Equity Scheme - Large Cap Fund
2022-09-15,118632,Nippon India Large Cap Fund - Direct Plan Growth Plan - Growth Option,59.8214,Nippon India Mutual Fund,Equity Scheme - Large Cap Fund
2022-09-16,118632,Nippon India Large Cap Fund - Direct Plan Growth Plan - Growth Option,58.5408,Nippon India Mutual Fund,Equity Scheme - Large Cap Fund
2022-09-19,118632,Nippon India Large Cap Fund - Direct Plan Growth Plan - Growth Option,58.8468,Nippon India Mutual Fund,Equity Scheme - Large Cap Fund
2022-09-20,118632,Nippon India Large Cap Fund - Direct Plan Growth Plan - Growth Option,59.4954,Nippon India Mutual Fund,Equity Scheme - Large Cap Fund
2022-09-21,118632,Nippon India Large Cap Fund - Direct Plan Growth Plan - Growth Option,59.3053,Nippon India Mutual Fund,Equity Scheme - Large Cap Fund
2022-09-22,118632,Nippon India Large Cap Fund - Direct Plan Growth Plan - Growth Option,59.0847,Nippon India Mutual Fund,Equity Scheme - Large Cap Fund
2022-09-23,118632,Nippon India Large Cap Fund - Direct Plan Growth Plan - Growth Option,58.0424,Nippon India Mutual Fund,Equity Scheme - Large Cap Fund
2022-09-26,118632,Nippon India Large Cap Fund - Direct Plan Growth Plan - Growth Option,56.7917,Nippon India Mutual Fund,Equity Scheme - Large Cap Fund
2022-09-27,118632,Nippon India Large Cap Fund - Direct Plan Growth Plan - Growth Option,56.8673,Nippon India Mutual Fund,Equity Scheme - Large Cap Fund
2022-09-28,118632,Nippon India Large Cap Fund - Direct Plan Growth Plan - Growth Option,56.3003,Nippon India Mutual Fund,Equity Scheme - Large Cap Fund
2022-09-29,118632,Nippon India Large Cap Fund - Direct Plan Growth Plan - Growth Option,56.3687,Nippon India Mutual Fund,Equity Scheme - Large Cap Fund
2022-09-30,118632,Nippon India Large Cap Fund - Direct Plan Growth Plan - Growth Option,57.2955,Nippon India Mutual Fund,Equity Scheme - Large Cap Fund
2022-10-03,118632,Nippon India Large Cap Fund - Direct Plan Growth Plan - Growth Option,56.8006,Nippon India Mutual Fund,Equity Scheme - Large Cap Fund
2022-10-04,118632,Nippon India Large Cap Fund - Direct Plan Growth Plan - Growth Option,58.0773,Nippon India Mutual Fund,Equity Scheme - Large Cap Fund
2022-10-06,118632,Nippon India Large Cap Fund - Direct Plan Growth Plan - Growth Option,58.4078,Nippon India Mutual Fund,Equity Scheme - Large Cap Fund
2022-10-07,118632,Nippon India Large Cap Fund - Direct Plan Growth Plan - Growth Option,58.3747,Nippon India Mutual Fund,Equity Scheme - Large Cap Fund
2022-10-10,118632,Nippon India Large Cap Fund - Direct Plan Growth Plan - Growth Option,58.0159,Nippon India Mutual Fund,Equity Scheme - Large Cap Fund
2022-10-11,118632,Nippon India Large Cap Fund - Direct Plan Growth Plan - Growth Option,57.2407,Nippon India Mutual Fund,Equity Scheme - Large Cap Fund
2022-10-12,118632,Nippon India Large Cap Fund - Direct Plan Growth Plan - Growth Option,57.76,Nippon India Mutual Fund,Equity Scheme - Large Cap Fund
2022-10-13,118632,Nippon India Large Cap Fund - Direct Plan Growth Plan - Growth Option,57.3017,Nippon India Mutual Fund,Equity Scheme - Large Cap Fund
2022-10-14,118632,Nippon India Large Cap Fund - Direct Plan Growth Plan - Growth Option,57.6903,Nippon India Mutual Fund,Equity Scheme - Large Cap Fund
2022-10-17,118632,Nippon India Large Cap Fund - Direct Plan Growth Plan - Growth Option,58.0779,Nippon India Mutual Fund,Equity Scheme - Large Cap Fund
2022-10-18,118632,Nippon India Large Cap Fund - Direct Plan Growth Plan - Growth Option,58.7943,Nippon India Mutual Fund,Equity Scheme - Large Cap Fund
2022-10-19,118632,Nippon India Large Cap Fund - Direct Plan Growth Plan - Growth Option,58.8804,Nippon India Mutual Fund,Equity Scheme - Large Cap Fund
2022-10-20,118632,Nippon India Large Cap Fund - Direct Plan Growth Plan - Growth Option,58.9149,Nippon India Mutual Fund,Equity Scheme - Large Cap Fund
2022-10-21,118632,Nippon India Large Cap Fund - Direct Plan Growth Plan - Growth Option,58.7779,Nippon India Mutual Fund,Equity Scheme - Large Cap Fund
2022-10-25,118632,Nippon India Large Cap Fund - Direct Plan Growth Plan - Growth Option,59.1957,Nippon India Mutual Fund,Equity Scheme - Large Cap Fund
2022-10-27,118632,Nippon India Large Cap Fund - Direct Plan Growth Plan - Growth Option,59.4758,Nippon India Mutual Fund,Equity Scheme - Large Cap Fund
2022-10-28,118632,Nippon India Large Cap Fund - Direct Plan Growth Plan - Growth Option,59.3351,Nippon India Mutual Fund,Equity Scheme - Large Cap Fund
2022-10-31,118632,Nippon India Large Cap Fund - Direct Plan Growth Plan - Growth Option,60.0929,Nippon India Mutual Fund,Equity Scheme - Large Cap Fund
2022-11-01,118632,Nippon India Large Cap Fund - Direct Plan Growth Plan - Growth Option,60.4832,Nippon India Mutual Fund,Equity Scheme - Large Cap Fund
2022-11-02,118632,Nippon India Large Cap Fund - Direct Plan Growth Plan - Growth Option,60.4681,Nippon India Mutual Fund,Equity Scheme - Large Cap Fund
2022-11-03,118632,Nippon India Large Cap Fund - Direct Plan Growth Plan - Growth Option,60.3416,Nippon India Mutual Fund,Equity Scheme - Large Cap Fund
2022-11-04,118632,Nippon India Large Cap Fund - Direct Plan Growth Plan - Growth Option,60.3565,Nippon India Mutual Fund,Equity Scheme - Large Cap Fund
2022-11-07,118632,Nippon India Large Cap Fund - Direct Plan Growth Plan - Growth Option,60.7799,Nippon India Mutual Fund,Equity Scheme - Large Cap Fund
2022-11-09,118632,Nippon India Large Cap Fund - Direct Plan Growth Plan - Growth Option,60.6581,Nippon India Mutual Fund,Equity Scheme - Large Cap Fund
2022-11-10,118632,Nippon India Large Cap Fund - Direct Plan Growth Plan - Growth Option,60.1695,Nippon India Mutual Fund,Equity Scheme - Large Cap Fund
2022-11-11,118632,Nippon India Large Cap Fund - Direct Plan Growth Plan - Growth Option,61.031,Nippon India Mutual Fund,Equity Scheme - Large Cap Fund
2022-11-14,118632,Nippon India Large Cap Fund - Direct Plan Growth Plan - Growth Option,60.8177,Nippon India Mutual Fund,Equity Scheme - Large Cap Fund
2022-11-15,118632,Nippon India Large Cap Fund - Direct Plan Growth Plan - Growth Option,60.9913,Nippon India Mutual Fund,Equity Scheme - Large Cap Fund
2022-11-16,118632,Nippon India Large Cap Fund - Direct Plan Growth Plan - Growth Option,60.9049,Nippon India Mutual Fund,Equity Scheme - Large Cap Fund
2022-11-17,118632,Nippon India Large Cap Fund - Direct Plan Growth Plan - Growth Option,60.6965,Nippon India Mutual Fund,Equity Scheme - Large Cap Fund
2022-11-18,118632,Nippon India Large Cap Fund - Direct Plan Growth Plan - Growth Option,60.4063,Nippon India Mutual Fund,Equity Scheme - Large Cap Fund
2022-11-21,118632,Nippon India Large Cap Fund - Direct Plan Growth Plan - Growth Option,60.0089,Nippon India Mutual Fund,Equity Scheme - Large Cap Fund
2022-11-22,118632,Nippon India Large Cap Fund - Direct Plan Growth Plan - Growth Option,60.2946,Nippon India Mutual Fund,Equity Scheme - Large Cap Fund
2022-11-23,118632,Nippon India Large Cap Fund - Direct Plan Growth Plan - Growth Option,60.3964,Nippon India Mutual Fund,Equity Scheme - Large Cap Fund
2022-11-24,118632,Nippon India Large Cap Fund - Direct Plan Growth Plan - Growth Option,61.0913,Nippon India Mutual Fund,Equity Scheme - Large Cap Fund
2022-11-25,118632,Nippon India Large Cap Fund - Direct Plan Growth Plan - Growth Option,61.3614,Nippon India Mutual Fund,Equity Scheme - Large Cap Fund
2022-11-28,118632,Nippon India Large Cap Fund - Direct Plan Growth Plan - Growth Option,61.4737,Nippon India Mutual Fund,Equity Scheme - Large Cap Fund
2022-11-29,118632,Nippon India Large Cap Fund - Direct Plan Growth Plan - Growth Option,61.5472,Nippon India Mutual Fund,Equity Scheme - Large Cap Fund
2022-11-30,118632,Nippon India Large Cap Fund - Direct Plan Growth Plan - Growth Option,62.0074,Nippon India Mutual Fund,Equity Scheme - Large Cap Fund
2022-12-01,118632,Nippon India Large Cap Fund - Direct Plan Growth Plan - Growth Option,62.1939,Nippon India Mutual Fund,Equity Scheme - Large Cap Fund
2022-12-02,118632,Nippon India Large Cap Fund - Direct Plan Growth Plan - Growth Option,61.9567,Nippon India Mutual Fund,Equity Scheme - Large Cap Fund
2022-12-05,118632,Nippon India Large Cap Fund - Direct Plan Growth Plan - Growth Option,61.9412,Nippon India Mutual Fund,Equity Scheme - Large Cap Fund
2022-12-06,118632,Nippon India Large Cap Fund - Direct Plan Growth Plan - Growth Option,61.7369,Nippon India Mutual Fund,Equity Scheme - Large Cap Fund
2022-12-07,118632,Nippon India Large Cap Fund - Direct Plan Growth Plan - Growth Option,61.6493,Nippon India Mutual Fund,Equity Scheme - Large Cap Fund
2022-12-08,118632,Nippon India Large Cap Fund - Direct Plan Growth Plan - Growth Option,61.965,Nippon India Mutual Fund,Equity Scheme - Large Cap Fund
2022-12-09,118632,Nippon India Large Cap Fund - Direct Plan Growth Plan - Growth Option,61.5993,Nippon India Mutual Fund,Equity Scheme - Large Cap Fund
2022-12-12,118632,Nippon India Large Cap Fund - Direct Plan Growth Plan - Growth Option,61.7656,Nippon India Mutual Fund,Equity Scheme - Large Cap Fund
2022-12-13,118632,Nippon India Large Cap Fund - Direct Plan Growth Plan - Growth Option,61.9566,Nippon India Mutual Fund,Equity Scheme - Large Cap Fund
2022-12-14,118632,Nippon India Large Cap Fund - Direct Plan Growth Plan - Growth Option,62.2139,Nippon India Mutual Fund,Equity Scheme - Large Cap Fund
2022-12-15,118632,Nippon India Large Cap Fund - Direct Plan Growth Plan - Growth Option,61.5309,Nippon India Mutual Fund,Equity Scheme - Large Cap Fund
2022-12-16,118632,Nippon India Large Cap Fund - Direct Plan Growth Plan - Growth Option,60.9743,Nippon India Mutual Fund,Equity Scheme - Large Cap Fund
2022-12-19,118632,Nippon India Large Cap Fund - Direct Plan Growth Plan - Growth Option,61.3839,Nippon India Mutual Fund,Equity Scheme - Large Cap Fund
2022-12-20,118632,Nippon India Large Cap Fund - Direct Plan Growth Plan - Growth Option,61.1708,Nippon India Mutual Fund,Equity Scheme - Large Cap Fund
2022-12-21,118632,Nippon India Large Cap Fund - Direct Plan Growth Plan - Growth Option,60.3715,Nippon India Mutual Fund,Equity Scheme - Large Cap Fund
2022-12-22,118632,Nippon India Large Cap Fund - Direct Plan Growth Plan - Growth Option,59.9458,Nippon India Mutual Fund,Equity Scheme - Large Cap Fund
2022-12-23,118632,Nippon India Large Cap Fund - Direct Plan Growth Plan - Growth Option,58.7086,Nippon India Mutual Fund,Equity Scheme - Large Cap Fund
2022-12-26,118632,Nippon India Large Cap Fund - Direct Plan Growth Plan - Growth Option,59.7394,Nippon India Mutual Fund,Equity Scheme - Large Cap Fund
2022-12-27,118632,Nippon India Large Cap Fund - Direct Plan Growth Plan - Growth Option,60.1591,Nippon India Mutual Fund,Equity Scheme - Large Cap Fund
2022-12-28,118632,Nippon India Large Cap Fund - Direct Plan Growth Plan - Growth Option,60.2411,Nippon India Mutual Fund,Equity Scheme - Large Cap Fund
2022-12-29,118632,Nippon India Large Cap Fund - Direct Plan Growth Plan - Growth Option,60.3423,Nippon India Mutual Fund,Equity Scheme - Large Cap Fund
2022-12-30,118632,Nippon India Large Cap Fund - Direct Plan Growth Plan - Growth Option,60.2066,Nippon India Mutual Fund,Equity Scheme - Large Cap Fund
2023-01-02,118632,Nippon India Large Cap Fund - Direct Plan Growth Plan - Growth Option,60.5329,Nippon India Mutual Fund,Equity Scheme - Large Cap Fund
2023-01-03,118632,Nippon India Large Cap Fund - Direct Plan Growth Plan - Growth Option,60.6308,Nippon India Mutual Fund,Equity Scheme - Large Cap Fund
2023-01-04,118632,Nippon India Large Cap Fund - Direct Plan Growth Plan - Growth Option,59.942,Nippon India Mutual Fund,Equity Scheme - Large Cap Fund
2023-01-05,118632,Nippon India Large Cap Fund - Direct Plan Growth Plan - Growth Option,59.9027,Nippon India Mutual Fund,Equity Scheme - Large Cap Fund
2023-01-06,118632,Nippon India Large Cap Fund - Direct Plan Growth Plan - Growth Option,59.6299,Nippon India Mutual Fund,Equity Scheme - Large Cap Fund
2023-01-09,118632,Nippon India Large Cap Fund - Direct Plan Growth Plan - Growth Option,60.3555,Nippon India Mutual Fund,Equity Scheme - Large Cap Fund
2023-01-10,118632,Nippon India Large Cap Fund - Direct Plan Growth Plan - Growth Option,59.9286,Nippon India Mutual Fund,Equity Scheme - Large Cap Fund
2023-01-11,118632,Nippon India Large Cap Fund - Direct Plan Growth Plan - Growth Option,59.9785,Nippon India Mutual Fund,Equity Scheme - Large Cap Fund
2023-01-12,118632,Nippon India Large Cap Fund - Direct Plan Growth Plan - Growth Option,59.9049,Nippon India Mutual Fund,Equity Scheme - Large Cap Fund
2023-01-13,118632,Nippon India Large Cap Fund - Direct Plan Growth Plan - Growth Option,60.0927,Nippon India Mutual Fund,Equity Scheme - Large Cap Fund
2023-01-16,118632,Nippon India Large Cap Fund - Direct Plan Growth Plan - Growth Option,59.8648,Nippon India Mutual Fund,Equity Scheme - Large Cap Fund
2023-01-17,118632,Nippon India Large Cap Fund - Direct Plan Growth Plan - Growth Option,60.2145,Nippon India Mutual Fund,Equity Scheme - Large Cap Fund
2023-01-18,118632,Nippon India Large Cap Fund - Direct Plan Growth Plan - Growth Option,60.5831,Nippon India Mutual Fund,Equity Scheme - Large Cap Fund
2023-01-19,118632,Nippon India Large Cap Fund - Direct Plan Growth Plan - Growth Option,60.5459,Nippon India Mutual Fund,Equity Scheme - Large Cap Fund
2023-01-20,118632,Nippon India Large Cap Fund - Direct Plan Growth Plan - Growth Option,60.3714,Nippon India Mutual Fund,Equity Scheme - Large Cap Fund
2023-01-23,118632,Nippon India Large Cap Fund - Direct Plan Growth Plan - Growth Option,60.6805,Nippon India Mutual Fund,Equity Scheme - Large Cap Fund
2023-01-24,118632,Nippon India Large Cap Fund - Direct Plan Growth Plan - Growth Option,60.6472,Nippon India Mutual Fund,Equity Scheme - Large Cap Fund
2023-01-25,118632,Nippon India Large Cap Fund - Direct Plan Growth Plan - Growth Option,59.7049,Nippon India Mutual Fund,Equity Scheme - Large Cap Fund
2023-01-27,118632,Nippon India Large Cap Fund - Direct Plan Growth Plan - Growth Option,58.8704,Nippon India Mutual Fund,Equity Scheme - Large Cap Fund
2023-01-30,118632,Nippon India Large Cap Fund - Direct Plan Growth Plan - Growth Option,58.9542,Nippon India Mutual Fund,Equity Scheme - Large Cap Fund
2023-01-31,118632,Nippon India Large Cap Fund - Direct Plan Growth Plan - Growth Option,59.33,Nippon India Mutual Fund,Equity Scheme - Large Cap Fund
2023-02-01,118632,Nippon India Large Cap Fund - Direct Plan Growth Plan - Growth Option,59.4179,Nippon India Mutual Fund,Equity Scheme - Large Cap Fund
2023-02-02,118632,Nippon India Large Cap Fund - Direct Plan Growth Plan - Growth Option,59.4591,Nippon India Mutual Fund,Equity Scheme - Large Cap Fund
2023-02-03,118632,Nippon India Large Cap Fund - Direct Plan Growth Plan - Growth Option,60.0787,Nippon India Mutual Fund,Equity Scheme - Large Cap Fund
2023-02-06,118632,Nippon India Large Cap Fund - Direct Plan Growth Plan - Growth Option,59.9718,Nippon India Mutual Fund,Equity Scheme - Large Cap Fund
2023-02-07,118632,Nippon India Large Cap Fund - Direct Plan Growth Plan - Growth Option,59.7885,Nippon India Mutual Fund,Equity Scheme - Large Cap Fund
2023-02-08,118632,Nippon India Large Cap Fund - Direct Plan Growth Plan - Growth Option,60.1886,Nippon India Mutual Fund,Equity Scheme - Large Cap Fund
2023-02-09,118632,Nippon India Large Cap Fund - Direct Plan Growth Plan - Growth Option,60.2739,Nippon India Mutual Fund,Equity Scheme - Large Cap Fund
2023-02-10,118632,Nippon India Large Cap Fund - Direct Plan Growth Plan - Growth Option,60.2259,Nippon India Mutual Fund,Equity Scheme - Large Cap Fund
2023-02-13,118632,Nippon India Large Cap Fund - Direct Plan Growth Plan - Growth Option,59.9403,Nippon India Mutual Fund,Equity Scheme - Large Cap Fund
2023-02-14,118632,Nippon India Large Cap Fund - Direct Plan Growth Plan - Growth Option,60.3002,Nippon India Mutual Fund,Equity Scheme - Large Cap Fund
2023-02-15,118632,Nippon India Large Cap Fund - Direct Plan Growth Plan - Growth Option,60.5621,Nippon India Mutual Fund,Equity Scheme - Large Cap Fund
2023-02-16,118632,Nippon India Large Cap Fund - Direct Plan Growth Plan - Growth Option,60.6047,Nippon India Mutual Fund,Equity Scheme - Large Cap Fund
2023-02-17,118632,Nippon India Large Cap Fund - Direct Plan Growth Plan - Growth Option,60.3654,Nippon India Mutual Fund,Equity Scheme - Large Cap Fund
2023-02-20,118632,Nippon India Large Cap Fund - Direct Plan Growth Plan - Growth Option,60.1557,Nippon India Mutual Fund,Equity Scheme - Large Cap Fund
2023-02-21,118632,Nippon India Large Cap Fund - Direct Plan Growth Plan - Growth Option,60.1318,Nippon India Mutual Fund,Equity Scheme - Large Cap Fund
2023-02-22,118632,Nippon India Large Cap Fund - Direct Plan Growth Plan - Growth Option,59.2641,Nippon India Mutual Fund,Equity Scheme - Large Cap Fund
2023-02-23,118632,Nippon India Large Cap Fund - Direct Plan Growth Plan - Growth Option,59.3036,Nippon India Mutual Fund,Equity Scheme - Large Cap Fund
2023-02-24,118632,Nippon India Large Cap Fund - Direct Plan Growth Plan - Growth Option,59.1105,Nippon India Mutual Fund,Equity Scheme - Large Cap Fund
2023-02-27,118632,Nippon India Large Cap Fund - Direct Plan Growth Plan - Growth Option,58.8267,Nippon India Mutual Fund,Equity Scheme - Large Cap Fund
2023-02-28,118632,Nippon India Large Cap Fund - Direct Plan Growth Plan - Growth Option,58.6303,Nippon India Mutual Fund,Equity Scheme - Large Cap Fund
2023-03-01,118632,Nippon India Large Cap Fund - Direct Plan Growth Plan - Growth Option,59.1352,Nippon India Mutual Fund,Equity Scheme - Large Cap Fund
2023-03-02,118632,Nippon India Large Cap Fund - Direct Plan Growth Plan - Growth Option,58.8032,Nippon India Mutual Fund,Equity Scheme - Large Cap Fund
2023-03-03,118632,Nippon India Large Cap Fund - Direct Plan Growth Plan - Growth Option,59.6132,Nippon India Mutual Fund,Equity Scheme - Large Cap Fund
2023-03-06,118632,Nippon India Large Cap Fund - Direct Plan Growth Plan - Growth Option,59.9573,Nippon India Mutual Fund,Equity Scheme - Large Cap Fund
2023-03-08,118632,Nippon India Large Cap Fund - Direct Plan Growth Plan - Growth Option,60.262,Nippon India Mutual Fund,Equity Scheme - Large Cap Fund
2023-03-09,118632,Nippon India Large Cap Fund - Direct Plan Growth Plan - Growth Option,59.8804,Nippon India Mutual Fund,Equity Scheme - Large Cap Fund
2023-03-10,118632,Nippon India Large Cap Fund - Direct Plan Growth Plan - Growth Option,59.342,Nippon India Mutual Fund,Equity Scheme - Large Cap Fund
2023-03-13,118632,Nippon India Large Cap Fund - Direct Plan Growth Plan - Growth Option,58.4031,Nippon India Mutual Fund,Equity Scheme - Large Cap Fund
2023-03-14,118632,Nippon India Large Cap Fund - Direct Plan Growth Plan - Growth Option,58.1564,Nippon India Mutual Fund,Equity Scheme - Large Cap Fund
2023-03-15,118632,Nippon India Large Cap Fund - Direct Plan Growth Plan - Growth Option,57.9036,Nippon India Mutual Fund,Equity Scheme - Large Cap Fund
2023-03-16,118632,Nippon India Large Cap Fund - Direct Plan Growth Plan - Growth Option,58.0008,Nippon India Mutual Fund,Equity Scheme - Large Cap Fund
2023-03-17,118632,Nippon India Large Cap Fund - Direct Plan Growth Plan - Growth Option,58.3714,Nippon India Mutual Fund,Equity Scheme - Large Cap Fund
2023-03-20,118632,Nippon India Large Cap Fund - Direct Plan Growth Plan - Growth Option,57.9134,Nippon India Mutual Fund,Equity Scheme - Large Cap Fund
2023-03-21,118632,Nippon India Large Cap Fund - Direct Plan Growth Plan - Growth Option,58.3986,Nippon India Mutual Fund,Equity Scheme - Large Cap Fund
2023-03-22,118632,Nippon India Large Cap Fund - Direct Plan Growth Plan - Growth Option,58.5299,Nippon India Mutual Fund,Equity Scheme - Large Cap Fund
2023-03-23,118632,Nippon India Large Cap Fund - Direct Plan Growth Plan - Growth Option,58.2979,Nippon India Mutual Fund,Equity Scheme - Large Cap Fund
2023-03-24,118632,Nippon India Large Cap Fund - Direct Plan Growth Plan - Growth Option,57.7885,Nippon India Mutual Fund,Equity Scheme - Large Cap Fund
2023-03-27,118632,Nippon India Large Cap Fund - Direct Plan Growth Plan - Growth Option,57.7058,Nippon India Mutual Fund,Equity Scheme - Large Cap Fund
2023-03-28,118632,Nippon India Large Cap Fund - Direct Plan Growth Plan - Growth Option,57.6287,Nippon India Mutual Fund,Equity Scheme - Large Cap Fund
2023-03-29,118632,Nippon India Large Cap Fund - Direct Plan Growth Plan - Growth Option,58.1541,Nippon India Mutual Fund,Equity Scheme - Large Cap Fund
2023-03-31,118632,Nippon India Large Cap Fund - Direct Plan Growth Plan - Growth Option,59.0553,Nippon India Mutual Fund,Equity Scheme - Large Cap Fund
2023-04-03,118632,Nippon India Large Cap Fund - Direct Plan Growth Plan - Growth Option,59.1936,Nippon India Mutual Fund,Equity Scheme - Large Cap Fund
2023-04-05,118632,Nippon India Large Cap Fund - Direct Plan Growth Plan - Growth Option,59.6706,Nippon India Mutual Fund,Equity Scheme - Large Cap Fund
2023-04-06,118632,Nippon India Large Cap Fund - Direct Plan Growth Plan - Growth Option,59.8319,Nippon India Mutual Fund,Equity Scheme - Large Cap Fund
2023-04-10,118632,Nippon India Large Cap Fund - Direct Plan Growth Plan - Growth Option,59.9027,Nippon India Mutual Fund,Equity Scheme - Large Cap Fund
2023-04-11,118632,Nippon India Large Cap Fund - Direct Plan Growth Plan - Growth Option,60.0753,Nippon India Mutual Fund,Equity Scheme - Large Cap Fund
2023-04-12,118632,Nippon India Large Cap Fund - Direct Plan Growth Plan - Growth Option,60.3205,Nippon India Mutual Fund,Equity Scheme - Large Cap Fund
2023-04-13,118632,Nippon India Large Cap Fund - Direct Plan Growth Plan - Growth Option,60.3609,Nippon India Mutual Fund,Equity Scheme - Large Cap Fund
2023-04-17,118632,Nippon India Large Cap Fund - Direct Plan Growth Plan - Growth Option,60.1619,Nippon India Mutual Fund,Equity Scheme - Large Cap Fund
2023-04-18,118632,Nippon India Large Cap Fund - Direct Plan Growth Plan - Growth Option,60.0999,Nippon India Mutual Fund,Equity Scheme - Large Cap Fund
2023-04-19,118632,Nippon India Large Cap Fund - Direct Plan Growth Plan - Growth Option,59.9873,Nippon India Mutual Fund,Equity Scheme - Large Cap Fund
2023-04-20,118632,Nippon India Large Cap Fund - Direct Plan Growth Plan - Growth Option,60.0665,Nippon India Mutual Fund,Equity Scheme - Large Cap Fund
2023-04-21,118632,Nippon India Large Cap Fund - Direct Plan Growth Plan - Growth Option,60.0348,Nippon India Mutual Fund,Equity Scheme - Large Cap Fund
2023-04-24,118632,Nippon India Large Cap Fund - Direct Plan Growth Plan - Growth Option,60.4513,Nippon India Mutual Fund,Equity Scheme - Large Cap Fund
2023-04-25,118632,Nippon India Large Cap Fund - Direct Plan Growth Plan - Growth Option,60.5932,Nippon India Mutual Fund,Equity Scheme - Large Cap Fund
2023-04-26,118632,Nippon India Large Cap Fund - Direct Plan Growth Plan - Growth Option,60.8636,Nippon India Mutual Fund,Equity Scheme - Large Cap Fund
2023-04-27,118632,Nippon India Large Cap Fund - Direct Plan Growth Plan - Growth Option,61.2076,Nippon India Mutual Fund,Equity Scheme - Large Cap Fund
2023-04-28,118632,Nippon India Large Cap Fund - Direct Plan Growth Plan - Growth Option,61.8378,Nippon India Mutual Fund,Equity Scheme - Large Cap Fund
2023-05-02,118632,Nippon India Large Cap Fund - Direct Plan Growth Plan - Growth Option,62.2082,Nippon India Mutual Fund,Equity Scheme - Large Cap Fund
2023-05-03,118632,Nippon India Large Cap Fund - Direct Plan Growth Plan - Growth Option,62.1695,Nippon India Mutual Fund,Equity Scheme - Large Cap Fund
2023-05-04,118632,Nippon India Large Cap Fund - Direct Plan Growth Plan - Growth Option,62.6908,Nippon India Mutual Fund,Equity Scheme - Large Cap Fund
2023-05-05,118632,Nippon India Large Cap Fund - Direct Plan Growth Plan - Growth Option,62.233,Nippon India Mutual Fund,Equity Scheme - Large Cap Fund
2023-05-08,118632,Nippon India Large Cap Fund - Direct Plan Growth Plan - Growth Option,63.0419,Nippon India Mutual Fund,Equity Scheme - Large Cap Fund
2023-05-09,118632,Nippon India Large Cap Fund - Direct Plan Growth Plan - Growth Option,62.9979,Nippon India Mutual Fund,Equity Scheme - Large Cap Fund
2023-05-10,118632,Nippon India Large Cap Fund - Direct Plan Growth Plan - Growth Option,63.1904,Nippon India Mutual Fund,Equity Scheme - Large Cap Fund
2023-05-11,118632,Nippon India Large Cap Fund - Direct Plan Growth Plan - Growth Option,63.2204,Nippon India Mutual Fund,Equity Scheme - Large Cap Fund
2023-05-12,118632,Nippon India Large Cap Fund - Direct Plan Growth Plan - Growth Option,63.281,Nippon India Mutual Fund,Equity Scheme - Large Cap Fund
2023-05-15,118632,Nippon India Large Cap Fund - Direct Plan Growth Plan - Growth Option,63.6571,Nippon India Mutual Fund,Equity Scheme - Large Cap Fund
2023-05-16,118632,Nippon India Large Cap Fund - Direct Plan Growth Plan - Growth Option,63.5284,Nippon India Mutual Fund,Equity Scheme - Large Cap Fund
2023-05-17,118632,Nippon India Large Cap Fund - Direct Plan Growth Plan - Growth Option,63.3543,Nippon India Mutual Fund,Equity Scheme - Large Cap Fund
2023-05-18,118632,Nippon India Large Cap Fund - Direct Plan Growth Plan - Growth Option,63.3171,Nippon India Mutual Fund,Equity Scheme - Large Cap Fund
2023-05-19,118632,Nippon India Large Cap Fund - Direct Plan Growth Plan - Growth Option,63.419,Nippon India Mutual Fund,Equity Scheme - Large Cap Fund
2023-05-22,118632,Nippon India Large Cap Fund - Direct Plan Growth Plan - Growth Option,63.4405,Nippon India Mutual Fund,Equity Scheme - Large Cap Fund
2023-05-23,118632,Nippon India Large Cap Fund - Direct Plan Growth Plan - Growth Option,63.4799,Nippon India Mutual Fund,Equity Scheme - Large Cap Fund
2023-05-24,118632,Nippon India Large Cap Fund - Direct Plan Growth Plan - Growth Option,63.3853,Nippon India Mutual Fund,Equity Scheme - Large Cap Fund
2023-05-25,118632,Nippon India Large Cap Fund - Direct Plan Growth Plan - Growth Option,63.5885,Nippon India Mutual Fund,Equity Scheme - Large Cap Fund
2023-05-26,118632,Nippon India Large Cap Fund - Direct Plan Growth Plan - Growth Option,64.2631,Nippon India Mutual Fund,Equity Scheme - Large Cap Fund
2023-05-29,118632,Nippon India Large Cap Fund - Direct Plan Growth Plan - Growth Option,64.536,Nippon India Mutual Fund,Equity Scheme - Large Cap Fund
2023-05-30,118632,Nippon India Large Cap Fund - Direct Plan Growth Plan - Growth Option,64.7799,Nippon India Mutual Fund,Equity Scheme - Large Cap Fund
2023-05-31,118632,Nippon India Large Cap Fund - Direct Plan Growth Plan - Growth Option,64.6705,Nippon India Mutual Fund,Equity Scheme - Large Cap Fund
2023-06-01,118632,Nippon India Large Cap Fund - Direct Plan Growth Plan - Growth Option,64.62,Nippon India Mutual Fund,Equity Scheme - Large Cap Fund
2023-06-02,118632,Nippon India Large Cap Fund - Direct Plan Growth Plan - Growth Option,64.8709,Nippon India Mutual Fund,Equity Scheme - Large Cap Fund
2023-06-05,118632,Nippon India Large Cap Fund - Direct Plan Growth Plan - Growth Option,65.1536,Nippon India Mutual Fund,Equity Scheme - Large Cap Fund
2023-06-06,118632,Nippon India Large Cap Fund - Direct Plan Growth Plan - Growth Option,65.2544,Nippon India Mutual Fund,Equity Scheme - Large Cap Fund
2023-06-07,118632,Nippon India Large Cap Fund - Direct Plan Growth Plan - Growth Option,65.8209,Nippon India Mutual Fund,Equity Scheme - Large Cap Fund
2023-06-08,118632,Nippon India Large Cap Fund - Direct Plan Growth Plan - Growth Option,65.5102,Nippon India Mutual Fund,Equity Scheme - Large Cap Fund
2023-06-09,118632,Nippon India Large Cap Fund - Direct Plan Growth Plan - Growth Option,65.3566,Nippon India Mutual Fund,Equity Scheme - Large Cap Fund
2023-06-12,118632,Nippon India Large Cap Fund - Direct Plan Growth Plan - Growth Option,65.5378,Nippon India Mutual Fund,Equity Scheme - Large Cap Fund
2023-06-13,118632,Nippon India Large Cap Fund - Direct Plan Growth Plan - Growth Option,66.0458,Nippon India Mutual Fund,Equity Scheme - Large Cap Fund
2023-06-14,118632,Nippon India Large Cap Fund - Direct Plan Growth Plan - Growth Option,66.1179,Nippon India Mutual Fund,Equity Scheme - Large Cap Fund
2023-06-15,118632,Nippon India Large Cap Fund - Direct Plan Growth Plan - Growth Option,65.8556,Nippon India Mutual Fund,Equity Scheme - Large Cap Fund
2023-06-16,118632,Nippon India Large Cap Fund - Direct Plan Growth Plan - Growth Option,66.4095,Nippon India Mutual Fund,Equity Scheme - Large Cap Fund
2023-06-19,118632,Nippon India Large Cap Fund - Direct Plan Growth Plan - Growth Option,66.2177,Nippon India Mutual Fund,Equity Scheme - Large Cap Fund
2023-06-20,118632,Nippon India Large Cap Fund - Direct Plan Growth Plan - Growth Option,66.528,Nippon India Mutual Fund,Equity Scheme - Large Cap Fund
2023-06-21,118632,Nippon India Large Cap Fund - Direct Plan Growth Plan - Growth Option,66.5774,Nippon India Mutual Fund,Equity Scheme - Large Cap Fund
2023-06-22,118632,Nippon India Large Cap Fund - Direct Plan Growth Plan - Growth Option,66.0767,Nippon India Mutual Fund,Equity Scheme - Large Cap Fund
2023-06-23,118632,Nippon India Large Cap Fund - Direct Plan Growth Plan - Growth Option,65.6157,Nippon India Mutual Fund,Equity Scheme - Large Cap Fund
2023-06-26,118632,Nippon India Large Cap Fund - Direct Plan Growth Plan - Growth Option,65.7673,Nippon India Mutual Fund,Equity Scheme - Large Cap Fund
2023-06-27,118632,Nippon India Large Cap Fund - Direct Plan Growth Plan - Growth Option,66.2575,Nippon India Mutual Fund,Equity Scheme - Large Cap Fund
2023-06-28,118632,Nippon India Large Cap Fund - Direct Plan Growth Plan - Growth Option,66.822,Nippon India Mutual Fund,Equity Scheme - Large Cap Fund
2023-06-30,118632,Nippon India Large Cap Fund - Direct Plan Growth Plan - Growth Option,67.5552,Nippon India Mutual Fund,Equity Scheme - Large Cap Fund
2023-07-03,118632,Nippon India Large Cap Fund - Direct Plan Growth Plan - Growth Option,68.0211,Nippon India Mutual Fund,Equity Scheme - Large Cap Fund
2023-07-04,118632,Nippon India Large Cap Fund - Direct Plan Growth Plan - Growth Option,68.092,Nippon India Mutual Fund,Equity Scheme - Large Cap Fund
2023-07-05,118632,Nippon India Large Cap Fund - Direct Plan Growth Plan - Growth Option,68.231,Nippon India Mutual Fund,Equity Scheme - Large Cap Fund
2023-07-06,118632,Nippon India Large Cap Fund - Direct Plan Growth Plan - Growth Option,68.5885,Nippon India Mutual Fund,Equity Scheme - Large Cap Fund
2023-07-07,118632,Nippon India Large Cap Fund - Direct Plan Growth Plan - Growth Option,68.2028,Nippon India Mutual Fund,Equity Scheme - Large Cap Fund
2023-07-10,118632,Nippon India Large Cap Fund - Direct Plan Growth Plan - Growth Option,68.2229,Nippon India Mutual Fund,Equity Scheme - Large Cap Fund
2023-07-11,118632,Nippon India Large Cap Fund - Direct Plan Growth Plan - Growth Option,68.6673,Nippon India Mutual Fund,Equity Scheme - Large Cap Fund
2023-07-12,118632,Nippon India Large Cap Fund - Direct Plan Growth Plan - Growth Option,68.7079,Nippon India Mutual Fund,Equity Scheme - Large Cap Fund
2023-07-13,118632,Nippon India Large Cap Fund - Direct Plan Growth Plan - Growth Option,68.6128,Nippon India Mutual Fund,Equity Scheme - Large Cap Fund
2023-07-14,118632,Nippon India Large Cap Fund - Direct Plan Growth Plan - Growth Option,69.1092,Nippon India Mutual Fund,Equity Scheme - Large Cap Fund
2023-07-17,118632,Nippon India Large Cap Fund - Direct Plan Growth Plan - Growth Option,69.6452,Nippon India Mutual Fund,Equity Scheme - Large Cap Fund
2023-07-18,118632,Nippon India Large Cap Fund - Direct Plan Growth Plan - Growth Option,69.622,Nippon India Mutual Fund,Equity Scheme - Large Cap Fund
2023-07-19,118632,Nippon India Large Cap Fund - Direct Plan Growth Plan - Growth Option,70.0835,Nippon India Mutual Fund,Equity Scheme - Large Cap Fund
2023-07-20,118632,Nippon India Large Cap Fund - Direct Plan Growth Plan - Growth Option,70.5303,Nippon India Mutual Fund,Equity Scheme - Large Cap Fund
2023-07-21,118632,Nippon India Large Cap Fund - Direct Plan Growth Plan - Growth Option,70.0801,Nippon India Mutual Fund,Equity Scheme - Large Cap Fund
2023-07-24,118632,Nippon India Large Cap Fund - Direct Plan Growth Plan - Growth Option,70.0057,Nippon India Mutual Fund,Equity Scheme - Large Cap Fund
2023-07-25,118632,Nippon India Large Cap Fund - Direct Plan Growth Plan - Growth Option,70.1493,Nippon India Mutual Fund,Equity Scheme - Large Cap Fund
2023-07-26,118632,Nippon India Large Cap Fund - Direct Plan Growth Plan - Growth Option,70.4141,Nippon India Mutual Fund,Equity Scheme - Large Cap Fund
2023-07-27,118632,Nippon India Large Cap Fund - Direct Plan Growth Plan - Growth Option,70.1686,Nippon India Mutual Fund,Equity Scheme - Large Cap Fund
2023-07-28,118632,Nippon India Large Cap Fund - Direct Plan Growth Plan - Growth Option,70.3768,Nippon India Mutual Fund,Equity Scheme - Large Cap Fund
2023-07-31,118632,Nippon India Large Cap Fund - Direct Plan Growth Plan - Growth Option,70.8107,Nippon India Mutual Fund,Equity Scheme - Large Cap Fund
2023-08-01,118632,Nippon India Large Cap Fund - Direct Plan Growth Plan - Growth Option,70.8398,Nippon India Mutual Fund,Equity Scheme - Large Cap Fund
2023-08-02,118632,Nippon India Large Cap Fund - Direct Plan Growth Plan - Growth Option,69.9106,Nippon India Mutual Fund,Equity Scheme - Large Cap Fund
2023-08-03,118632,Nippon India Large Cap Fund - Direct Plan Growth Plan - Growth Option,69.5471,Nippon India Mutual Fund,Equity Scheme - Large Cap Fund
2023-08-04,118632,Nippon India Large Cap Fund - Direct Plan Growth Plan - Growth Option,70.0645,Nippon India Mutual Fund,Equity Scheme - Large Cap Fund
2023-08-07,118632,Nippon India Large Cap Fund - Direct Plan Growth Plan - Growth Option,70.2492,Nippon India Mutual Fund,Equity Scheme - Large Cap Fund
2023-08-08,118632,Nippon India Large Cap Fund - Direct Plan Growth Plan - Growth Option,70.2574,Nippon India Mutual Fund,Equity Scheme - Large Cap Fund
2023-08-09,118632,Nippon India Large Cap Fund - Direct Plan Growth Plan - Growth Option,70.6852,Nippon India Mutual Fund,Equity Scheme - Large Cap Fund
2023-08-10,118632,Nippon India Large Cap Fund - Direct Plan Growth Plan - Growth Option,70.5498,Nippon India Mutual Fund,Equity Scheme - Large Cap Fund
2023-08-11,118632,Nippon India Large Cap Fund - Direct Plan Growth Plan - Growth Option,70.33,Nippon India Mutual Fund,Equity Scheme - Large Cap Fund
2023-08-14,118632,Nippon India Large Cap Fund - Direct Plan Growth Plan - Growth Option,70.11,Nippon India Mutual Fund,Equity Scheme - Large Cap Fund
2023-08-16,118632,Nippon India Large Cap Fund - Direct Plan Growth Plan - Growth Option,70.2973,Nippon India Mutual Fund,Equity Scheme - Large Cap Fund
2023-08-17,118632,Nippon India Large Cap Fund - Direct Plan Growth Plan - Growth Option,70.0785,Nippon India Mutual Fund,Equity Scheme - Large Cap Fund
2023-08-18,118632,Nippon India Large Cap Fund - Direct Plan Growth Plan - Growth Option,69.9331,Nippon India Mutual Fund,Equity Scheme - Large Cap Fund
2023-08-21,118632,Nippon India Large Cap Fund - Direct Plan Growth Plan - Growth Option,70.284,Nippon India Mutual Fund,Equity Scheme - Large Cap Fund
2023-08-22,118632,Nippon India Large Cap Fund - Direct Plan Growth Plan - Growth Option,70.5786,Nippon India Mutual Fund,Equity Scheme - Large Cap Fund
2023-08-23,118632,Nippon India Large Cap Fund - Direct Plan Growth Plan - Growth Option,70.942,Nippon India Mutual Fund,Equity Scheme - Large Cap Fund
2023-08-24,118632,Nippon India Large Cap Fund - Direct Plan Growth Plan - Growth Option,70.8594,Nippon India Mutual Fund,Equity Scheme - Large Cap Fund
2023-08-25,118632,Nippon India Large Cap Fund - Direct Plan Growth Plan - Growth Option,70.2294,Nippon India Mutual Fund,Equity Scheme - Large Cap Fund
2023-08-28,118632,Nippon India Large Cap Fund - Direct Plan Growth Plan - Growth Option,70.4455,Nippon India Mutual Fund,Equity Scheme - Large Cap Fund
2023-08-29,118632,Nippon India Large Cap Fund - Direct Plan Growth Plan - Growth Option,70.6185,Nippon India Mutual Fund,Equity Scheme - Large Cap Fund
2023-08-30,118632,Nippon India Large Cap Fund - Direct Plan Growth Plan - Growth Option,70.9019,Nippon India Mutual Fund,Equity Scheme - Large Cap Fund
2023-08-31,118632,Nippon India Large Cap Fund - Direct Plan Growth Plan - Growth Option,70.7276,Nippon India Mutual Fund,Equity Scheme - Large Cap Fund
2023-09-01,118632,Nippon India Large Cap Fund - Direct Plan Growth Plan - Growth Option,71.3664,Nippon India Mutual Fund,Equity Scheme - Large Cap Fund
2023-09-04,118632,Nippon India Large Cap Fund - Direct Plan Growth Plan - Growth Option,71.717,Nippon India Mutual Fund,Equity Scheme - Large Cap Fund
2023-09-05,118632,Nippon India Large Cap Fund - Direct Plan Growth Plan - Growth Option,71.8802,Nippon India Mutual Fund,Equity Scheme - Large Cap Fund
2023-09-06,118632,Nippon India Large Cap Fund - Direct Plan Growth Plan - Growth Option,72.046,Nippon India Mutual Fund,Equity Scheme - Large Cap Fund
2023-09-07,118632,Nippon India Large Cap Fund - Direct Plan Growth Plan - Growth Option,72.6174,Nippon India Mutual Fund,Equity Scheme - Large Cap Fund
2023-09-08,118632,Nippon India Large Cap Fund - Direct Plan Growth Plan - Growth Option,73.1125,Nippon India Mutual Fund,Equity Scheme - Large Cap Fund
2023-09-11,118632,Nippon India Large Cap Fund - Direct Plan Growth Plan - Growth Option,73.7256,Nippon India Mutual Fund,Equity Scheme - Large Cap Fund
2023-09-12,118632,Nippon India Large Cap Fund - Direct Plan Growth Plan - Growth Option,73.0049,Nippon India Mutual Fund,Equity Scheme - Large Cap Fund
2023-09-13,118632,Nippon India Large Cap Fund - Direct Plan Growth Plan - Growth Option,73.1441,Nippon India Mutual Fund,Equity Scheme - Large Cap Fund
2023-09-14,118632,Nippon India Large Cap Fund - Direct Plan Growth Plan - Growth Option,73.3808,Nippon India Mutual Fund,Equity Scheme - Large Cap Fund
2023-09-15,118632,Nippon India Large Cap Fund - Direct Plan Growth Plan - Growth Option,73.6158,Nippon India Mutual Fund,Equity Scheme - Large Cap Fund
2023-09-18,118632,Nippon India Large Cap Fund - Direct Plan Growth Plan - Growth Option,73.4681,Nippon India Mutual Fund,Equity Scheme - Large Cap Fund
2023-09-20,118632,Nippon India Large Cap Fund - Direct Plan Growth Plan - Growth Option,72.7731,Nippon India Mutual Fund,Equity Scheme - Large Cap Fund
2023-09-21,118632,Nippon India Large Cap Fund - Direct Plan Growth Plan - Growth Option,72.0463,Nippon India Mutual Fund,Equity Scheme - Large Cap Fund
2023-09-22,118632,Nippon India Large Cap Fund - Direct Plan Growth Plan - Growth Option,72.0196,Nippon India Mutual Fund,Equity Scheme - Large Cap Fund
2023-09-25,118632,Nippon India Large Cap Fund - Direct Plan Growth Plan - Growth Option,71.8946,Nippon India Mutual Fund,Equity Scheme - Large Cap Fund
2023-09-26,118632,Nippon India Large Cap Fund - Direct Plan Growth Plan - Growth Option,71.9923,Nippon India Mutual Fund,Equity Scheme - Large Cap Fund
2023-09-27,118632,Nippon India Large Cap Fund - Direct Plan Growth Plan - Growth Option,72.2487,Nippon India Mutual Fund,Equity Scheme - Large Cap Fund
2023-09-29,118632,Nippon India Large Cap Fund - Direct Plan Growth Plan - Growth Option,72.2725,Nippon India Mutual Fund,Equity Scheme - Large Cap Fund
2023-10-03,118632,Nippon India Large Cap Fund - Direct Plan Growth Plan - Growth Option,72.158,Nippon India Mutual Fund,Equity Scheme - Large Cap Fund
2023-10-04,118632,Nippon India Large Cap Fund - Direct Plan Growth Plan - Growth Option,71.4828,Nippon India Mutual Fund,Equity Scheme - Large Cap Fund
2023-10-05,118632,Nippon India Large Cap Fund - Direct Plan Growth Plan - Growth Option,71.8691,Nippon India Mutual Fund,Equity Scheme - Large Cap Fund
2023-10-06,118632,Nippon India Large Cap Fund - Direct Plan Growth Plan - Growth Option,72.2666,Nippon India Mutual Fund,Equity Scheme - Large Cap Fund
2023-10-09,118632,Nippon India Large Cap Fund - Direct Plan Growth Plan - Growth Option,71.523,Nippon India Mutual Fund,Equity Scheme - Large Cap Fund
2023-10-10,118632,Nippon India Large Cap Fund - Direct Plan Growth Plan - Growth Option,72.2501,Nippon India Mutual Fund,Equity Scheme - Large Cap Fund
2023-10-11,118632,Nippon India Large Cap Fund - Direct Plan Growth Plan - Growth Option,72.6358,Nippon India Mutual Fund,Equity Scheme - Large Cap Fund
2023-10-12,118632,Nippon India Large Cap Fund - Direct Plan Growth Plan - Growth Option,72.8206,Nippon India Mutual Fund,Equity Scheme - Large Cap Fund
2023-10-13,118632,Nippon India Large Cap Fund - Direct Plan Growth Plan - Growth Option,72.6009,Nippon India Mutual Fund,Equity Scheme - Large Cap Fund
2023-10-16,118632,Nippon India Large Cap Fund - Direct Plan Growth Plan - Growth Option,72.7253,Nippon India Mutual Fund,Equity Scheme - Large Cap Fund
2023-10-17,118632,Nippon India Large Cap Fund - Direct Plan Growth Plan - Growth Option,73.0238,Nippon India Mutual Fund,Equity Scheme - Large Cap Fund
2023-10-18,118632,Nippon India Large Cap Fund - Direct Plan Growth Plan - Growth Option,72.3949,Nippon India Mutual Fund,Equity Scheme - Large Cap Fund
2023-10-19,118632,Nippon India Large Cap Fund - Direct Plan Growth Plan - Growth Option,72.2182,Nippon India Mutual Fund,Equity Scheme - Large Cap Fund
2023-10-20,118632,Nippon India Large Cap Fund - Direct Plan Growth Plan - Growth Option,71.7026,Nippon India Mutual Fund,Equity Scheme - Large Cap Fund
2023-10-23,118632,Nippon India Large Cap Fund - Direct Plan Growth Plan - Growth Option,70.5159,Nippon India Mutual Fund,Equity Scheme - Large Cap Fund
2023-10-25,118632,Nippon India Large Cap Fund - Direct Plan Growth Plan - Growth Option,70.0111,Nippon India Mutual Fund,Equity Scheme - Large Cap Fund
2023-10-26,118632,Nippon India Large Cap Fund - Direct Plan Growth Plan - Growth Option,69.2151,Nippon India Mutual Fund,Equity Scheme - Large Cap Fund
2023-10-27,118632,Nippon India Large Cap Fund - Direct Plan Growth Plan - Growth Option,70.0343,Nippon India Mutual Fund,Equity Scheme - Large Cap Fund
2023-10-30,118632,Nippon India Large Cap Fund - Direct Plan Growth Plan - Growth Option,70.2094,Nippon India Mutual Fund,Equity Scheme - Large Cap Fund
2023-10-31,118632,Nippon India Large Cap Fund - Direct Plan Growth Plan - Growth Option,70.1022,Nippon India Mutual Fund,Equity Scheme - Large Cap Fund
2023-11-01,118632,Nippon India Large Cap Fund - Direct Plan Growth Plan - Growth Option,69.8843,Nippon India Mutual Fund,Equity Scheme - Large Cap Fund
2023-11-02,118632,Nippon India Large Cap Fund - Direct Plan Growth Plan - Growth Option,70.5127,Nippon India Mutual Fund,Equity Scheme - Large Cap Fund
2023-11-03,118632,Nippon India Large Cap Fund - Direct Plan Growth Plan - Growth Option,70.9984,Nippon India Mutual Fund,Equity Scheme - Large Cap Fund
2023-11-06,118632,Nippon India Large Cap Fund - Direct Plan Growth Plan - Growth Option,71.6717,Nippon India Mutual Fund,Equity Scheme - Large Cap Fund
2023-11-07,118632,Nippon India Large Cap Fund - Direct Plan Growth Plan - Growth Option,71.692,Nippon India Mutual Fund,Equity Scheme - Large Cap Fund
2023-11-08,118632,Nippon India Large Cap Fund - Direct Plan Growth Plan - Growth Option,71.8582,Nippon India Mutual Fund,Equity Scheme - Large Cap Fund
2023-11-09,118632,Nippon India Large Cap Fund - Direct Plan Growth Plan - Growth Option,71.6223,Nippon India Mutual Fund,Equity Scheme - Large Cap Fund
2023-11-10,118632,Nippon India Large Cap Fund - Direct Plan Growth Plan - Growth Option,71.6976,Nippon India Mutual Fund,Equity Scheme - Large Cap Fund
2023-11-13,118632,Nippon India Large Cap Fund - Direct Plan Growth Plan - Growth Option,71.9087,Nippon India Mutual Fund,Equity Scheme - Large Cap Fund
2023-11-15,118632,Nippon India Large Cap Fund - Direct Plan Growth Plan - Growth Option,72.4739,Nippon India Mutual Fund,Equity Scheme - Large Cap Fund
2023-11-16,118632,Nippon India Large Cap Fund - Direct Plan Growth Plan - Growth Option,72.7496,Nippon India Mutual Fund,Equity Scheme - Large Cap Fund
2023-11-17,118632,Nippon India Large Cap Fund - Direct Plan Growth Plan - Growth Option,72.556,Nippon India Mutual Fund,Equity Scheme - Large Cap Fund
2023-11-20,118632,Nippon India Large Cap Fund - Direct Plan Growth Plan - Growth Option,72.4675,Nippon India Mutual Fund,Equity Scheme - Large Cap Fund
2023-11-21,118632,Nippon India Large Cap Fund - Direct Plan Growth Plan - Growth Option,72.7049,Nippon India Mutual Fund,Equity Scheme - Large Cap Fund
2023-11-22,118632,Nippon India Large Cap Fund - Direct Plan Growth Plan - Growth Option,72.6229,Nippon India Mutual Fund,Equity Scheme - Large Cap Fund
2023-11-23,118632,Nippon India Large Cap Fund - Direct Plan Growth Plan - Growth Option,72.6659,Nippon India Mutual Fund,Equity Scheme - Large Cap Fund
2023-11-24,118632,Nippon India Large Cap Fund - Direct Plan Growth Plan - Growth Option,72.6677,Nippon India Mutual Fund,Equity Scheme - Large Cap Fund
2023-11-28,118632,Nippon India Large Cap Fund - Direct Plan Growth Plan - Growth Option,73.0792,Nippon India Mutual Fund,Equity Scheme - Large Cap Fund
2023-11-29,118632,Nippon India Large Cap Fund - Direct Plan Growth Plan - Growth Option,73.7259,Nippon India Mutual Fund,Equity Scheme - Large Cap Fund
2023-11-30,118632,Nippon India Large Cap Fund - Direct Plan Growth Plan - Growth Option,73.9678,Nippon India Mutual Fund,Equity Scheme - Large Cap Fund
2023-12-01,118632,Nippon India Large Cap Fund - Direct Plan Growth Plan - Growth Option,74.703,Nippon India Mutual Fund,Equity Scheme - Large Cap Fund
2023-12-04,118632,Nippon India Large Cap Fund - Direct Plan Growth Plan - Growth Option,76.0297,Nippon India Mutual Fund,Equity Scheme - Large Cap Fund
2023-12-05,118632,Nippon India Large Cap Fund - Direct Plan Growth Plan - Growth Option,76.3652,Nippon India Mutual Fund,Equity Scheme - Large Cap Fund
2023-12-06,118632,Nippon India Large Cap Fund - Direct Plan Growth Plan - Growth Option,76.7791,Nippon India Mutual Fund,Equity Scheme - Large Cap Fund
2023-12-07,118632,Nippon India Large Cap Fund - Direct Plan Growth Plan - Growth Option,77.1094,Nippon India Mutual Fund,Equity Scheme - Large Cap Fund
2023-12-08,118632,Nippon India Large Cap Fund - Direct Plan Growth Plan - Growth Option,77.2576,Nippon India Mutual Fund,Equity Scheme - Large Cap Fund
2023-12-11,118632,Nippon India Large Cap Fund - Direct Plan Growth Plan - Growth Option,77.584,Nippon India Mutual Fund,Equity Scheme - Large Cap Fund
2023-12-12,118632,Nippon India Large Cap Fund - Direct Plan Growth Plan - Growth Option,77.3349,Nippon India Mutual Fund,Equity Scheme - Large Cap Fund
2023-12-13,118632,Nippon India Large Cap Fund - Direct Plan Growth Plan - Growth Option,77.7474,Nippon India Mutual Fund,Equity Scheme - Large Cap Fund
2023-12-14,118632,Nippon India Large Cap Fund - Direct Plan Growth Plan - Growth Option,78.5552,Nippon India Mutual Fund,Equity Scheme - Large Cap Fund
2023-12-15,118632,Nippon India Large Cap Fund - Direct Plan Growth Plan - Growth Option,79.423,Nippon India Mutual Fund,Equity Scheme - Large Cap Fund
2023-12-18,118632,Nippon India Large Cap Fund - Direct Plan Growth Plan - Growth Option,79.4904,Nippon India Mutual Fund,Equity Scheme - Large Cap Fund
2023-12-19,118632,Nippon India Large Cap Fund - Direct Plan Growth Plan - Growth Option,79.6031,Nippon India Mutual Fund,Equity Scheme - Large Cap Fund
2023-12-20,118632,Nippon India Large Cap Fund - Direct Plan Growth Plan - Growth Option,77.874,Nippon India Mutual Fund,Equity Scheme - Large Cap Fund
2023-12-21,118632,Nippon India Large Cap Fund - Direct Plan Growth Plan - Growth Option,78.4313,Nippon India Mutual Fund,Equity Scheme - Large Cap Fund
2023-12-22,118632,Nippon India Large Cap Fund - Direct Plan Growth Plan - Growth Option,78.7363,Nippon India Mutual Fund,Equity Scheme - Large Cap Fund
2023-12-26,118632,Nippon India Large Cap Fund - Direct Plan Growth Plan - Growth Option,78.9312,Nippon India Mutual Fund,Equity Scheme - Large Cap Fund
2023-12-27,118632,Nippon India Large Cap Fund - Direct Plan Growth Plan - Growth Option,79.6145,Nippon India Mutual Fund,Equity Scheme - Large Cap Fund
2023-12-28,118632,Nippon India Large Cap Fund - Direct Plan Growth Plan - Growth Option,80.057,Nippon India Mutual Fund,Equity Scheme - Large Cap Fund
2023-12-29,118632,Nippon India Large Cap Fund - Direct Plan Growth Plan - Growth Option,80.2143,Nippon India Mutual Fund,Equity Scheme - Large Cap Fund
2024-01-01,118632,Nippon India Large Cap Fund - Direct Plan Growth Plan - Growth Option,80.3877,Nippon India Mutual Fund,Equity Scheme - Large Cap Fund
2024-01-02,118632,Nippon India Large Cap Fund - Direct Plan Growth Plan - Growth Option,80.3585,Nippon India Mutual Fund,Equity Scheme - Large Cap Fund
2024-01-03,118632,Nippon India Large Cap Fund - Direct Plan Growth Plan - Growth Option,80.1318,Nippon India Mutual Fund,Equity Scheme - Large Cap Fund
2024-01-04,118632,Nippon India Large Cap Fund - Direct Plan Growth Plan - Growth Option,80.9262,Nippon India Mutual Fund,Equity Scheme - Large Cap Fund
2024-01-05,118632,Nippon India Large Cap Fund - Direct Plan Growth Plan - Growth Option,81.059,Nippon India Mutual Fund,Equity Scheme - Large Cap Fund
2024-01-08,118632,Nippon India Large Cap Fund - Direct Plan Growth Plan - Growth Option,80.3728,Nippon India Mutual Fund,Equity Scheme - Large Cap Fund
2024-01-09,118632,Nippon India Large Cap Fund - Direct Plan Growth Plan - Growth Option,80.6145,Nippon India Mutual Fund,Equity Scheme - Large Cap Fund
2024-01-10,118632,Nippon India Large Cap Fund - Direct Plan Growth Plan - Growth Option,80.8502,Nippon India Mutual Fund,Equity Scheme - Large Cap Fund
2024-01-11,118632,Nippon India Large Cap Fund - Direct Plan Growth Plan - Growth Option,81.1364,Nippon India Mutual Fund,Equity Scheme - Large Cap Fund
2024-01-12,118632,Nippon India Large Cap Fund - Direct Plan Growth Plan - Growth Option,81.7745,Nippon India Mutual Fund,Equity Scheme - Large Cap Fund
2024-01-15,118632,Nippon India Large Cap Fund - Direct Plan Growth Plan - Growth Option,82.2457,Nippon India Mutual Fund,Equity Scheme - Large Cap Fund
2024-01-16,118632,Nippon India Large Cap Fund - Direct Plan Growth Plan - Growth Option,82.0535,Nippon India Mutual Fund,Equity Scheme - Large Cap Fund
2024-01-17,118632,Nippon India Large Cap Fund - Direct Plan Growth Plan - Growth Option,80.4761,Nippon India Mutual Fund,Equity Scheme - Large Cap Fund
2024-01-18,118632,Nippon India Large Cap Fund - Direct Plan Growth Plan - Growth Option,80.2485,Nippon India Mutual Fund,Equity Scheme - Large Cap Fund
2024-01-19,118632,Nippon India Large Cap Fund - Direct Plan Growth Plan - Growth Option,81.0521,Nippon India Mutual Fund,Equity Scheme - Large Cap Fund
2024-01-23,118632,Nippon India Large Cap Fund - Direct Plan Growth Plan - Growth Option,79.3097,Nippon India Mutual Fund,Equity Scheme - Large Cap Fund
2024-01-24,118632,Nippon India Large Cap Fund - Direct Plan Growth Plan - Growth Option,80.3079,Nippon India Mutual Fund,Equity Scheme - Large Cap Fund
2024-01-25,118632,Nippon India Large Cap Fund - Direct Plan Growth Plan - Growth Option,80.1233,Nippon India Mutual Fund,Equity Scheme - Large Cap Fund
2024-01-29,118632,Nippon India Large Cap Fund - Direct Plan Growth Plan - Growth Option,81.478,Nippon India Mutual Fund,Equity Scheme - Large Cap Fund
2024-01-30,118632,Nippon India Large Cap Fund - Direct Plan Growth Plan - Growth Option,80.7813,Nippon India Mutual Fund,Equity Scheme - Large Cap Fund
2024-01-31,118632,Nippon India Large Cap Fund - Direct Plan Growth Plan - Growth Option,81.5148,Nippon India Mutual Fund,Equity Scheme - Large Cap Fund
2024-02-01,118632,Nippon India Large Cap Fund - Direct Plan Growth Plan - Growth Option,81.3917,Nippon India Mutual Fund,Equity Scheme - Large Cap Fund
2024-02-02,118632,Nippon India Large Cap Fund - Direct Plan Growth Plan - Growth Option,81.7841,Nippon India Mutual Fund,Equity Scheme - Large Cap Fund
2024-02-05,118632,Nippon India Large Cap Fund - Direct Plan Growth Plan - Growth Option,81.5416,Nippon India Mutual Fund,Equity Scheme - Large Cap Fund
2024-02-06,118632,Nippon India Large Cap Fund - Direct Plan Growth Plan - Growth Option,82.272,Nippon India Mutual Fund,Equity Scheme - Large Cap Fund
2024-02-07,118632,Nippon India Large Cap Fund - Direct Plan Growth Plan - Growth Option,83.0313,Nippon India Mutual Fund,Equity Scheme - Large Cap Fund
2024-02-08,118632,Nippon India Large Cap Fund - Direct Plan Growth Plan - Growth Option,82.5897,Nippon India Mutual Fund,Equity Scheme - Large Cap Fund
2024-02-09,118632,Nippon India Large Cap Fund - Direct Plan Growth Plan - Growth Option,82.8752,Nippon India Mutual Fund,Equity Scheme - Large Cap Fund
2024-02-12,118632,Nippon India Large Cap Fund - Direct Plan Growth Plan - Growth Option,81.6287,Nippon India Mutual Fund,Equity Scheme - Large Cap Fund
2024-02-13,118632,Nippon India Large Cap Fund - Direct Plan Growth Plan - Growth Option,82.1878,Nippon India Mutual Fund,Equity Scheme - Large Cap Fund
2024-02-14,118632,Nippon India Large Cap Fund - Direct Plan Growth Plan - Growth Option,82.8433,Nippon India Mutual Fund,Equity Scheme - Large Cap Fund
2024-02-15,118632,Nippon India Large Cap Fund - Direct Plan Growth Plan - Growth Option,83.1557,Nippon India Mutual Fund,Equity Scheme - Large Cap Fund
2024-02-16,118632,Nippon India Large Cap Fund - Direct Plan Growth Plan - Growth Option,83.5478,Nippon India Mutual Fund,Equity Scheme - Large Cap Fund
2024-02-19,118632,Nippon India Large Cap Fund - Direct Plan Growth Plan - Growth Option,83.7003,Nippon India Mutual Fund,Equity Scheme - Large Cap Fund
2024-02-20,118632,Nippon India Large Cap Fund - Direct Plan Growth Plan - Growth Option,84.0611,Nippon India Mutual Fund,Equity Scheme - Large Cap Fund
2024-02-21,118632,Nippon India Large Cap Fund - Direct Plan Growth Plan - Growth Option,83.7597,Nippon India Mutual Fund,Equity Scheme - Large Cap Fund
2024-02-22,118632,Nippon India Large Cap Fund - Direct Plan Growth Plan - Growth Option,84.4739,Nippon India Mutual Fund,Equity Scheme - Large Cap Fund
2024-02-23,118632,Nippon India Large Cap Fund - Direct Plan Growth Plan - Growth Option,84.6745,Nippon India Mutual Fund,Equity Scheme - Large Cap Fund
2024-02-26,118632,Nippon India Large Cap Fund - Direct Plan Growth Plan - Growth Option,84.4802,Nippon India Mutual Fund,Equity Scheme - Large Cap Fund
2024-02-27,118632,Nippon India Large Cap Fund - Direct Plan Growth Plan - Growth Option,84.5543,Nippon India Mutual Fund,Equity Scheme - Large Cap Fund
2024-02-28,118632,Nippon India Large Cap Fund - Direct Plan Growth Plan - Growth Option,83.6231,Nippon India Mutual Fund,Equity Scheme - Large Cap Fund
2024-02-29,118632,Nippon India Large Cap Fund - Direct Plan Growth Plan - Growth Option,84.0569,Nippon India Mutual Fund,Equity Scheme - Large Cap Fund
2024-03-01,118632,Nippon India Large Cap Fund - Direct Plan Growth Plan - Growth Option,85.3718,Nippon India Mutual Fund,Equity Scheme - Large Cap Fund
2024-03-04,118632,Nippon India Large Cap Fund - Direct Plan Growth Plan - Growth Option,85.8389,Nippon India Mutual Fund,Equity Scheme - Large Cap Fund
2024-03-05,118632,Nippon India Large Cap Fund - Direct Plan Growth Plan - Growth Option,85.8536,Nippon India Mutual Fund,Equity Scheme - Large Cap Fund
2024-03-06,118632,Nippon India Large Cap Fund - Direct Plan Growth Plan - Growth Option,85.81,Nippon India Mutual Fund,Equity Scheme - Large Cap Fund
2024-03-07,118632,Nippon India Large Cap Fund - Direct Plan Growth Plan - Growth Option,86.2429,Nippon India Mutual Fund,Equity Scheme - Large Cap Fund
2024-03-11,118632,Nippon India Large Cap Fund - Direct Plan Growth Plan - Growth Option,85.4384,Nippon India Mutual Fund,Equity Scheme - Large Cap Fund
2024-03-12,118632,Nippon India Large Cap Fund - Direct Plan Growth Plan - Growth Option,85.1058,Nippon India Mutual Fund,Equity Scheme - Large Cap Fund
2024-03-13,118632,Nippon India Large Cap Fund - Direct Plan Growth Plan - Growth Option,83.42,Nippon India Mutual Fund,Equity Scheme - Large Cap Fund
2024-03-14,118632,Nippon India Large Cap Fund - Direct Plan Growth Plan - Growth Option,84.0568,Nippon India Mutual Fund,Equity Scheme - Large Cap Fund
2024-03-15,118632,Nippon India Large Cap Fund - Direct Plan Growth Plan - Growth Option,83.6902,Nippon India Mutual Fund,Equity Scheme - Large Cap Fund
2024-03-18,118632,Nippon India Large Cap Fund - Direct Plan Growth Plan - Growth Option,83.9851,Nippon India Mutual Fund,Equity Scheme - Large Cap Fund
2024-03-19,118632,Nippon India Large Cap Fund - Direct Plan Growth Plan - Growth Option,83.1639,Nippon India Mutual Fund,Equity Scheme - Large Cap Fund
2024-03-20,118632,Nippon India Large Cap Fund - Direct Plan Growth Plan - Growth Option,83.3538,Nippon India Mutual Fund,Equity Scheme - Large Cap Fund
2024-03-21,118632,Nippon India Large Cap Fund - Direct Plan Growth Plan - Growth Option,84.4561,Nippon India Mutual Fund,Equity Scheme - Large Cap Fund
2024-03-22,118632,Nippon India Large Cap Fund - Direct Plan Growth Plan - Growth Option,84.8535,Nippon India Mutual Fund,Equity Scheme - Large Cap Fund
2024-03-26,118632,Nippon India Large Cap Fund - Direct Plan Growth Plan - Growth Option,85.0202,Nippon India Mutual Fund,Equity Scheme - Large Cap Fund
2024-03-27,118632,Nippon India Large Cap Fund - Direct Plan Growth Plan - Growth Option,85.4068,Nippon India Mutual Fund,Equity Scheme - Large Cap Fund
2024-03-28,118632,Nippon India Large Cap Fund - Direct Plan Growth Plan - Growth Option,86.2356,Nippon India Mutual Fund,Equity Scheme - Large Cap Fund
2024-03-31,118632,Nippon India Large Cap Fund - Direct Plan Growth Plan - Growth Option,86.2324,Nippon India Mutual Fund,Equity Scheme - Large Cap Fund
2024-04-01,118632,Nippon India Large Cap Fund - Direct Plan Growth Plan - Growth Option,87.1447,Nippon India Mutual Fund,Equity Scheme - Large Cap Fund
2024-04-02,118632,Nippon India Large Cap Fund - Direct Plan Growth Plan - Growth Option,87.1671,Nippon India Mutual Fund,Equity Scheme - Large Cap Fund
2024-04-03,118632,Nippon India Large Cap Fund - Direct Plan Growth Plan - Growth Option,87.3591,Nippon India Mutual Fund,Equity Scheme - Large Cap Fund
2024-04-04,118632,Nippon India Large Cap Fund - Direct Plan Growth Plan - Growth Option,87.5846,Nippon India Mutual Fund,Equity Scheme - Large Cap Fund
2024-04-05,118632,Nippon India Large Cap Fund - Direct Plan Growth Plan - Growth Option,87.8656,Nippon India Mutual Fund,Equity Scheme - Large Cap Fund
2024-04-08,118632,Nippon India Large Cap Fund - Direct Plan Growth Plan - Growth Option,88.4212,Nippon India Mutual Fund,Equity Scheme - Large Cap Fund
2024-04-09,118632,Nippon India Large Cap Fund - Direct Plan Growth Plan - Growth Option,88.3609,Nippon India Mutual Fund,Equity Scheme - Large Cap Fund
2024-04-10,118632,Nippon India Large Cap Fund - Direct Plan Growth Plan - Growth Option,88.6487,Nippon India Mutual Fund,Equity Scheme - Large Cap Fund
2024-04-12,118632,Nippon India Large Cap Fund - Direct Plan Growth Plan - Growth Option,87.8748,Nippon India Mutual Fund,Equity Scheme - Large Cap Fund
2024-04-15,118632,Nippon India Large Cap Fund - Direct Plan Growth Plan - Growth Option,86.7351,Nippon India Mutual Fund,Equity Scheme - Large Cap Fund
2024-04-16,118632,Nippon India Large Cap Fund - Direct Plan Growth Plan - Growth Option,86.4844,Nippon India Mutual Fund,Equity Scheme - Large Cap Fund
2024-04-18,118632,Nippon India Large Cap Fund - Direct Plan Growth Plan - Growth Option,85.9544,Nippon India Mutual Fund,Equity Scheme - Large Cap Fund
2024-04-19,118632,Nippon India Large Cap Fund - Direct Plan Growth Plan - Growth Option,86.5741,Nippon India Mutual Fund,Equity Scheme - Large Cap Fund
2024-04-22,118632,Nippon India Large Cap Fund - Direct Plan Growth Plan - Growth Option,87.4154,Nippon India Mutual Fund,Equity Scheme - Large Cap Fund
2024-04-23,118632,Nippon India Large Cap Fund - Direct Plan Growth Plan - Growth Option,87.5655,Nippon India Mutual Fund,Equity Scheme - Large Cap Fund
2024-04-24,118632,Nippon India Large Cap Fund - Direct Plan Growth Plan - Growth Option,87.7308,Nippon India Mutual Fund,Equity Scheme - Large Cap Fund
2024-04-25,118632,Nippon India Large Cap Fund - Direct Plan Growth Plan - Growth Option,88.6125,Nippon India Mutual Fund,Equity Scheme - Large Cap Fund
2024-04-26,118632,Nippon India Large Cap Fund - Direct Plan Growth Plan - Growth Option,88.1658,Nippon India Mutual Fund,Equity Scheme - Large Cap Fund
2024-04-29,118632,Nippon India Large Cap Fund - Direct Plan Growth Plan - Growth Option,89.083,Nippon India Mutual Fund,Equity Scheme - Large Cap Fund
2024-04-30,118632,Nippon India Large Cap Fund - Direct Plan Growth Plan - Growth Option,89.0926,Nippon India Mutual Fund,Equity Scheme - Large Cap Fund
2024-05-02,118632,Nippon India Large Cap Fund - Direct Plan Growth Plan - Growth Option,89.3246,Nippon India Mutual Fund,Equity Scheme - Large Cap Fund
2024-05-03,118632,Nippon India Large Cap Fund - Direct Plan Growth Plan - Growth Option,88.739,Nippon India Mutual Fund,Equity Scheme - Large Cap Fund
2024-05-06,118632,Nippon India Large Cap Fund - Direct Plan Growth Plan - Growth Option,88.3316,Nippon India Mutual Fund,Equity Scheme - Large Cap Fund
2024-05-07,118632,Nippon India Large Cap Fund - Direct Plan Growth Plan - Growth Option,87.7561,Nippon India Mutual Fund,Equity Scheme - Large Cap Fund
2024-05-08,118632,Nippon India Large Cap Fund - Direct Plan Growth Plan - Growth Option,87.904,Nippon India Mutual Fund,Equity Scheme - Large Cap Fund
2024-05-09,118632,Nippon India Large Cap Fund - Direct Plan Growth Plan - Growth Option,86.3547,Nippon India Mutual Fund,Equity Scheme - Large Cap Fund
2024-05-10,118632,Nippon India Large Cap Fund - Direct Plan Growth Plan - Growth Option,86.9891,Nippon India Mutual Fund,Equity Scheme - Large Cap Fund
2024-05-13,118632,Nippon India Large Cap Fund - Direct Plan Growth Plan - Growth Option,87.174,Nippon India Mutual Fund,Equity Scheme - Large Cap Fund
2024-05-14,118632,Nippon India Large Cap Fund - Direct Plan Growth Plan - Growth Option,87.6274,Nippon India Mutual Fund,Equity Scheme - Large Cap Fund
2024-05-15,118632,Nippon India Large Cap Fund - Direct Plan Growth Plan - Growth Option,87.8377,Nippon India Mutual Fund,Equity Scheme - Large Cap Fund
2024-05-16,118632,Nippon India Large Cap Fund - Direct Plan Growth Plan - Growth Option,88.7259,Nippon India Mutual Fund,Equity Scheme - Large Cap Fund
2024-05-17,118632,Nippon India Large Cap Fund - Direct Plan Growth Plan - Growth Option,89.1256,Nippon India Mutual Fund,Equity Scheme - Large Cap Fund
2024-05-21,118632,Nippon India Large Cap Fund - Direct Plan Growth Plan - Growth Option,89.5067,Nippon India Mutual Fund,Equity Scheme - Large Cap Fund
2024-05-22,118632,Nippon India Large Cap Fund - Direct Plan Growth Plan - Growth Option,89.864,Nippon India Mutual Fund,Equity Scheme - Large Cap Fund
2024-05-23,118632,Nippon India Large Cap Fund - Direct Plan Growth Plan - Growth Option,90.9572,Nippon India Mutual Fund,Equity Scheme - Large Cap Fund
2024-05-24,118632,Nippon India Large Cap Fund - Direct Plan Growth Plan - Growth Option,90.914,Nippon India Mutual Fund,Equity Scheme - Large Cap Fund
2024-05-27,118632,Nippon India Large Cap Fund - Direct Plan Growth Plan - Growth Option,90.7877,Nippon India Mutual Fund,Equity Scheme - Large Cap Fund
2024-05-28,118632,Nippon India Large Cap Fund - Direct Plan Growth Plan - Growth Option,90.4202,Nippon India Mutual Fund,Equity Scheme - Large Cap Fund
2024-05-29,118632,Nippon India Large Cap Fund - Direct Plan Growth Plan - Growth Option,89.6503,Nippon India Mutual Fund,Equity Scheme - Large Cap Fund
2024-05-30,118632,Nippon India Large Cap Fund - Direct Plan Growth Plan - Growth Option,88.9933,Nippon India Mutual Fund,Equity Scheme - Large Cap Fund
2024-05-31,118632,Nippon India Large Cap Fund - Direct Plan Growth Plan - Growth Option,89.4481,Nippon India Mutual Fund,Equity Scheme - Large Cap Fund
2024-06-03,118632,Nippon India Large Cap Fund - Direct Plan Growth Plan - Growth Option,92.4271,Nippon India Mutual Fund,Equity Scheme - Large Cap Fund
2024-06-04,118632,Nippon India Large Cap Fund - Direct Plan Growth Plan - Growth Option,86.3042,Nippon India Mutual Fund,Equity Scheme - Large Cap Fund
2024-06-05,118632,Nippon India Large Cap Fund - Direct Plan Growth Plan - Growth Option,89.1172,Nippon India Mutual Fund,Equity Scheme - Large Cap Fund
2024-06-06,118632,Nippon India Large Cap Fund - Direct Plan Growth Plan - Growth Option,90.1267,Nippon India Mutual Fund,Equity Scheme - Large Cap Fund
2024-06-07,118632,Nippon India Large Cap Fund - Direct Plan Growth Plan - Growth Option,91.8562,Nippon India Mutual Fund,Equity Scheme - Large Cap Fund
2024-06-10,118632,Nippon India Large Cap Fund - Direct Plan Growth Plan - Growth Option,92.0097,Nippon India Mutual Fund,Equity Scheme - Large Cap Fund
2024-06-11,118632,Nippon India Large Cap Fund - Direct Plan Growth Plan - Growth Option,92.1206,Nippon India Mutual Fund,Equity Scheme - Large Cap Fund
2024-06-12,118632,Nippon India Large Cap Fund - Direct Plan Growth Plan - Growth Option,92.5612,Nippon India Mutual Fund,Equity Scheme - Large Cap Fund
2024-06-13,118632,Nippon India Large Cap Fund - Direct Plan Growth Plan - Growth Option,93.04,Nippon India Mutual Fund,Equity Scheme - Large Cap Fund
2024-06-14,118632,Nippon India Large Cap Fund - Direct Plan Growth Plan - Growth Option,93.6567,Nippon India Mutual Fund,Equity Scheme - Large Cap Fund
2024-06-18,118632,Nippon India Large Cap Fund - Direct Plan Growth Plan - Growth Option,93.803,Nippon India Mutual Fund,Equity Scheme - Large Cap Fund
2024-06-19,118632,Nippon India Large Cap Fund - Direct Plan Growth Plan - Growth Option,93.5849,Nippon India Mutual Fund,Equity Scheme - Large Cap Fund
2024-06-20,118632,Nippon India Large Cap Fund - Direct Plan Growth Plan - Growth Option,93.8753,Nippon India Mutual Fund,Equity Scheme - Large Cap Fund
2024-06-21,118632,Nippon India Large Cap Fund - Direct Plan Growth Plan - Growth Option,93.5537,Nippon India Mutual Fund,Equity Scheme - Large Cap Fund
2024-06-24,118632,Nippon India Large Cap Fund - Direct Plan Growth Plan - Growth Option,93.7392,Nippon India Mutual Fund,Equity Scheme - Large Cap Fund
2024-06-25,118632,Nippon India Large Cap Fund - Direct Plan Growth Plan - Growth Option,94.3814,Nippon India Mutual Fund,Equity Scheme - Large Cap Fund
2024-06-26,118632,Nippon India Large Cap Fund - Direct Plan Growth Plan - Growth Option,94.643,Nippon India Mutual Fund,Equity Scheme - Large Cap Fund
2024-06-27,118632,Nippon India Large Cap Fund - Direct Plan Growth Plan - Growth Option,95.1237,Nippon India Mutual Fund,Equity Scheme - Large Cap Fund
2024-06-28,118632,Nippon India Large Cap Fund - Direct Plan Growth Plan - Growth Option,94.9416,Nippon India Mutual Fund,Equity Scheme - Large Cap Fund
2024-07-01,118632,Nippon India Large Cap Fund - Direct Plan Growth Plan - Growth Option,95.6996,Nippon India Mutual Fund,Equity Scheme - Large Cap Fund
2024-07-02,118632,Nippon India Large Cap Fund - Direct Plan Growth Plan - Growth Option,95.5824,Nippon India Mutual Fund,Equity Scheme - Large Cap Fund
2024-07-03,118632,Nippon India Large Cap Fund - Direct Plan Growth Plan - Growth Option,96.3988,Nippon India Mutual Fund,Equity Scheme - Large Cap Fund
2024-07-04,118632,Nippon India Large Cap Fund - Direct Plan Growth Plan - Growth Option,96.6688,Nippon India Mutual Fund,Equity Scheme - Large Cap Fund
2024-07-05,118632,Nippon India Large Cap Fund - Direct Plan Growth Plan - Growth Option,96.8297,Nippon India Mutual Fund,Equity Scheme - Large Cap Fund
2024-07-08,118632,Nippon India Large Cap Fund - Direct Plan Growth Plan - Growth Option,96.8647,Nippon India Mutual Fund,Equity Scheme - Large Cap Fund
2024-07-09,118632,Nippon India Large Cap Fund - Direct Plan Growth Plan - Growth Option,97.3311,Nippon India Mutual Fund,Equity Scheme - Large Cap Fund
2024-07-10,118632,Nippon India Large Cap Fund - Direct Plan Growth Plan - Growth Option,96.9845,Nippon India Mutual Fund,Equity Scheme - Large Cap Fund
2024-07-11,118632,Nippon India Large Cap Fund - Direct Plan Growth Plan - Growth Option,97.096,Nippon India Mutual Fund,Equity Scheme - Large Cap Fund
2024-07-12,118632,Nippon India Large Cap Fund - Direct Plan Growth Plan - Growth Option,97.3785,Nippon India Mutual Fund,Equity Scheme - Large Cap Fund
2024-07-15,118632,Nippon India Large Cap Fund - Direct Plan Growth Plan - Growth Option,97.7671,Nippon India Mutual Fund,Equity Scheme - Large Cap Fund
2024-07-16,118632,Nippon India Large Cap Fund - Direct Plan Growth Plan - Growth Option,97.4713,Nippon India Mutual Fund,Equity Scheme - Large Cap Fund
2024-07-18,118632,Nippon India Large Cap Fund - Direct Plan Growth Plan - Growth Option,97.7055,Nippon India Mutual Fund,Equity Scheme - Large Cap Fund
2024-07-19,118632,Nippon India Large Cap Fund - Direct Plan Growth Plan - Growth Option,96.409,Nippon India Mutual Fund,Equity Scheme - Large Cap Fund
2024-07-22,118632,Nippon India Large Cap Fund - Direct Plan Growth Plan - Growth Option,96.7013,Nippon India Mutual Fund,Equity Scheme - Large Cap Fund
2024-07-23,118632,Nippon India Large Cap Fund - Direct Plan Growth Plan - Growth Option,96.5445,Nippon India Mutual Fund,Equity Scheme - Large Cap Fund
2024-07-24,118632,Nippon India Large Cap Fund - Direct Plan Growth Plan - Growth Option,96.7617,Nippon India Mutual Fund,Equity Scheme - Large Cap Fund
2024-07-25,118632,Nippon India Large Cap Fund - Direct Plan Growth Plan - Growth Option,96.7323,Nippon India Mutual Fund,Equity Scheme - Large Cap Fund
2024-07-26,118632,Nippon India Large Cap Fund - Direct Plan Growth Plan - Growth Option,98.3111,Nippon India Mutual Fund,Equity Scheme - Large Cap Fund
2024-07-29,118632,Nippon India Large Cap Fund - Direct Plan Growth Plan - Growth Option,98.4839,Nippon India Mutual Fund,Equity Scheme - Large Cap Fund
2024-07-30,118632,Nippon India Large Cap Fund - Direct Plan Growth Plan - Growth Option,98.6802,Nippon India Mutual Fund,Equity Scheme - Large Cap Fund
2024-07-31,118632,Nippon India Large Cap Fund - Direct Plan Growth Plan - Growth Option,99.038,Nippon India Mutual Fund,Equity Scheme - Large Cap Fund
2024-08-01,118632,Nippon India Large Cap Fund - Direct Plan Growth Plan - Growth Option,99.1905,Nippon India Mutual Fund,Equity Scheme - Large Cap Fund
2024-08-02,118632,Nippon India Large Cap Fund - Direct Plan Growth Plan - Growth Option,98.3992,Nippon India Mutual Fund,Equity Scheme - Large Cap Fund
2024-08-05,118632,Nippon India Large Cap Fund - Direct Plan Growth Plan - Growth Option,95.6995,Nippon India Mutual Fund,Equity Scheme - Large Cap Fund
2024-08-06,118632,Nippon India Large Cap Fund - Direct Plan Growth Plan - Growth Option,95.1642,Nippon India Mutual Fund,Equity Scheme - Large Cap Fund
2024-08-07,118632,Nippon India Large Cap Fund - Direct Plan Growth Plan - Growth Option,96.5617,Nippon India Mutual Fund,Equity Scheme - Large Cap Fund
2024-08-08,118632,Nippon India Large Cap Fund - Direct Plan Growth Plan - Growth Option,95.9036,Nippon India Mutual Fund,Equity Scheme - Large Cap Fund
2024-08-09,118632,Nippon India Large Cap Fund - Direct Plan Growth Plan - Growth Option,96.6915,Nippon India Mutual Fund,Equity Scheme - Large Cap Fund
2024-08-12,118632,Nippon India Large Cap Fund - Direct Plan Growth Plan - Growth Option,96.4431,Nippon India Mutual Fund,Equity Scheme - Large Cap Fund
2024-08-13,118632,Nippon India Large Cap Fund - Direct Plan Growth Plan - Growth Option,95.363,Nippon India Mutual Fund,Equity Scheme - Large Cap Fund
2024-08-14,118632,Nippon India Large Cap Fund - Direct Plan Growth Plan - Growth Option,95.3783,Nippon India Mutual Fund,Equity Scheme - Large Cap Fund
2024-08-16,118632,Nippon India Large Cap Fund - Direct Plan Growth Plan - Growth Option,96.8796,Nippon India Mutual Fund,Equity Scheme - Large Cap Fund
2024-08-19,118632,Nippon India Large Cap Fund - Direct Plan Growth Plan - Growth Option,97.0611,Nippon India Mutual Fund,Equity Scheme - Large Cap Fund
2024-08-20,118632,Nippon India Large Cap Fund - Direct Plan Growth Plan - Growth Option,97.6125,Nippon India Mutual Fund,Equity Scheme - Large Cap Fund
2024-08-21,118632,Nippon India Large Cap Fund - Direct Plan Growth Plan - Growth Option,97.8326,Nippon India Mutual Fund,Equity Scheme - Large Cap Fund
2024-08-22,118632,Nippon India Large Cap Fund - Direct Plan Growth Plan - Growth Option,97.9738,Nippon India Mutual Fund,Equity Scheme - Large Cap Fund
2024-08-23,118632,Nippon India Large Cap Fund - Direct Plan Growth Plan - Growth Option,97.9385,Nippon India Mutual Fund,Equity Scheme - Large Cap Fund
2024-08-26,118632,Nippon India Large Cap Fund - Direct Plan Growth Plan - Growth Option,98.6268,Nippon India Mutual Fund,Equity Scheme - Large Cap Fund
2024-08-27,118632,Nippon India Large Cap Fund - Direct Plan Growth Plan - Growth Option,98.8747,Nippon India Mutual Fund,Equity Scheme - Large Cap Fund
2024-08-28,118632,Nippon India Large Cap Fund - Direct Plan Growth Plan - Growth Option,98.7789,Nippon India Mutual Fund,Equity Scheme - Large Cap Fund
2024-08-29,118632,Nippon India Large Cap Fund - Direct Plan Growth Plan - Growth Option,98.9127,Nippon India Mutual Fund,Equity Scheme - Large Cap Fund
2024-08-30,118632,Nippon India Large Cap Fund - Direct Plan Growth Plan - Growth Option,99.3996,Nippon India Mutual Fund,Equity Scheme - Large Cap Fund
2024-09-02,118632,Nippon India Large Cap Fund - Direct Plan Growth Plan - Growth Option,99.5227,Nippon India Mutual Fund,Equity Scheme - Large Cap Fund
2024-09-03,118632,Nippon India Large Cap Fund - Direct Plan Growth Plan - Growth Option,99.6805,Nippon India Mutual Fund,Equity Scheme - Large Cap Fund
2024-09-04,118632,Nippon India Large Cap Fund - Direct Plan Growth Plan - Growth Option,99.2067,Nippon India Mutual Fund,Equity Scheme - Large Cap Fund
2024-09-05,118632,Nippon India Large Cap Fund - Direct Plan Growth Plan - Growth Option,99.3569,Nippon India Mutual Fund,Equity Scheme - Large Cap Fund
2024-09-06,118632,Nippon India Large Cap Fund - Direct Plan Growth Plan - Growth Option,98.076,Nippon India Mutual Fund,Equity Scheme - Large Cap Fund
2024-09-09,118632,Nippon India Large Cap Fund - Direct Plan Growth Plan - Growth Option,98.4675,Nippon India Mutual Fund,Equity Scheme - Large Cap Fund
2024-09-10,118632,Nippon India Large Cap Fund - Direct Plan Growth Plan - Growth Option,99.2319,Nippon India Mutual Fund,Equity Scheme - Large Cap Fund
2024-09-11,118632,Nippon India Large Cap Fund - Direct Plan Growth Plan - Growth Option,98.7724,Nippon India Mutual Fund,Equity Scheme - Large Cap Fund
2024-09-12,118632,Nippon India Large Cap Fund - Direct Plan Growth Plan - Growth Option,100.2373,Nippon India Mutual Fund,Equity Scheme - Large Cap Fund
2024-09-13,118632,Nippon India Large Cap Fund - Direct Plan Growth Plan - Growth Option,100.089,Nippon India Mutual Fund,Equity Scheme - Large Cap Fund
2024-09-16,118632,Nippon India Large Cap Fund - Direct Plan Growth Plan - Growth Option,100.114,Nippon India Mutual Fund,Equity Scheme - Large Cap Fund
2024-09-17,118632,Nippon India Large Cap Fund - Direct Plan Growth Plan - Growth Option,100.0653,Nippon India Mutual Fund,Equity Scheme - Large Cap Fund
2024-09-18,118632,Nippon India Large Cap Fund - Direct Plan Growth Plan - Growth Option,99.968,Nippon India Mutual Fund,Equity Scheme - Large Cap Fund
2024-09-19,118632,Nippon India Large Cap Fund - Direct Plan Growth Plan - Growth Option,99.8842,Nippon India Mutual Fund,Equity Scheme - Large Cap Fund
2024-09-20,118632,Nippon India Large Cap Fund - Direct Plan Growth Plan - Growth Option,100.9598,Nippon India Mutual Fund,Equity Scheme - Large Cap Fund
2024-09-23,118632,Nippon India Large Cap Fund - Direct Plan Growth Plan - Growth Option,101.6433,Nippon India Mutual Fund,Equity Scheme - Large Cap Fund
2024-09-24,118632,Nippon India Large Cap Fund - Direct Plan Growth Plan - Growth Option,101.7456,Nippon India Mutual Fund,Equity Scheme - Large Cap Fund
2024-09-25,118632,Nippon India Large Cap Fund - Direct Plan Growth Plan - Growth Option,102.0413,Nippon India Mutual Fund,Equity Scheme - Large Cap Fund
2024-09-26,118632,Nippon India Large Cap Fund - Direct Plan Growth Plan - Growth Option,102.6658,Nippon India Mutual Fund,Equity Scheme - Large Cap Fund
2024-09-27,118632,Nippon India Large Cap Fund - Direct Plan Growth Plan - Growth Option,102.7061,Nippon India Mutual Fund,Equity Scheme - Large Cap Fund
2024-09-30,118632,Nippon India Large Cap Fund - Direct Plan Growth Plan - Growth Option,101.4475,Nippon India Mutual Fund,Equity Scheme - Large Cap Fund
2024-10-01,118632,Nippon India Large Cap Fund - Direct Plan Growth Plan - Growth Option,101.4323,Nippon India Mutual Fund,Equity Scheme - Large Cap Fund
2024-10-03,118632,Nippon India Large Cap Fund - Direct Plan Growth Plan - Growth Option,99.4889,Nippon India Mutual Fund,Equity Scheme - Large Cap Fund
2024-10-04,118632,Nippon India Large Cap Fund - Direct Plan Growth Plan - Growth Option,98.7098,Nippon India Mutual Fund,Equity Scheme - Large Cap Fund
2024-10-07,118632,Nippon India Large Cap Fund - Direct Plan Growth Plan - Growth Option,97.3987,Nippon India Mutual Fund,Equity Scheme - Large Cap Fund
2024-10-08,118632,Nippon India Large Cap Fund - Direct Plan Growth Plan - Growth Option,98.6381,Nippon India Mutual Fund,Equity Scheme - Large Cap Fund
2024-10-09,118632,Nippon India Large Cap Fund - Direct Plan Growth Plan - Growth Option,98.9923,Nippon India Mutual Fund,Equity Scheme - Large Cap Fund
2024-10-10,118632,Nippon India Large Cap Fund - Direct Plan Growth Plan - Growth Option,99.2685,Nippon India Mutual Fund,Equity Scheme - Large Cap Fund
2024-10-11,118632,Nippon India Large Cap Fund - Direct Plan Growth Plan - Growth Option,99.139,Nippon India Mutual Fund,Equity Scheme - Large Cap Fund
2024-10-14,118632,Nippon India Large Cap Fund - Direct Plan Growth Plan - Growth Option,99.6839,Nippon India Mutual Fund,Equity Scheme - Large Cap Fund
2024-10-15,118632,Nippon India Large Cap Fund - Direct Plan Growth Plan - Growth Option,99.6355,Nippon India Mutual Fund,Equity Scheme - Large Cap Fund
2024-10-16,118632,Nippon India Large Cap Fund - Direct Plan Growth Plan - Growth Option,99.5525,Nippon India Mutual Fund,Equity Scheme - Large Cap Fund
2024-10-17,118632,Nippon India Large Cap Fund - Direct Plan Growth Plan - Growth Option,98.6003,Nippon India Mutual Fund,Equity Scheme - Large Cap Fund
2024-10-18,118632,Nippon India Large Cap Fund - Direct Plan Growth Plan - Growth Option,98.9248,Nippon India Mutual Fund,Equity Scheme - Large Cap Fund
2024-10-21,118632,Nippon India Large Cap Fund - Direct Plan Growth Plan - Growth Option,98.4247,Nippon India Mutual Fund,Equity Scheme - Large Cap Fund
2024-10-22,118632,Nippon India Large Cap Fund - Direct Plan Growth Plan - Growth Option,96.8263,Nippon India Mutual Fund,Equity Scheme - Large Cap Fund
2024-10-23,118632,Nippon India Large Cap Fund - Direct Plan Growth Plan - Growth Option,96.7928,Nippon India Mutual Fund,Equity Scheme - Large Cap Fund
2024-10-24,118632,Nippon India Large Cap Fund - Direct Plan Growth Plan - Growth Option,96.5901,Nippon India Mutual Fund,Equity Scheme - Large Cap Fund
2024-10-25,118632,Nippon India Large Cap Fund - Direct Plan Growth Plan - Growth Option,95.6705,Nippon India Mutual Fund,Equity Scheme - Large Cap Fund
2024-10-28,118632,Nippon India Large Cap Fund - Direct Plan Growth Plan - Growth Option,96.0172,Nippon India Mutual Fund,Equity Scheme - Large Cap Fund
2024-10-29,118632,Nippon India Large Cap Fund - Direct Plan Growth Plan - Growth Option,96.8881,Nippon India Mutual Fund,Equity Scheme - Large Cap Fund
2024-10-30,118632,Nippon India Large Cap Fund - Direct Plan Growth Plan - Growth Option,96.533,Nippon India Mutual Fund,Equity Scheme - Large Cap Fund
2024-10-31,118632,Nippon India Large Cap Fund - Direct Plan Growth Plan - Growth Option,96.3789,Nippon India Mutual Fund,Equity Scheme - Large Cap Fund
2024-11-04,118632,Nippon India Large Cap Fund - Direct Plan Growth Plan - Growth Option,95.6366,Nippon India Mutual Fund,Equity Scheme - Large Cap Fund
2024-11-05,118632,Nippon India Large Cap Fund - Direct Plan Growth Plan - Growth Option,96.3891,Nippon India Mutual Fund,Equity Scheme - Large Cap Fund
2024-11-06,118632,Nippon India Large Cap Fund - Direct Plan Growth Plan - Growth Option,97.5614,Nippon India Mutual Fund,Equity Scheme - Large Cap Fund
2024-11-07,118632,Nippon India Large Cap Fund - Direct Plan Growth Plan - Growth Option,96.8112,Nippon India Mutual Fund,Equity Scheme - Large Cap Fund
2024-11-08,118632,Nippon India Large Cap Fund - Direct Plan Growth Plan - Growth Option,96.4406,Nippon India Mutual Fund,Equity Scheme - Large Cap Fund
2024-11-11,118632,Nippon India Large Cap Fund - Direct Plan Growth Plan - Growth Option,96.5738,Nippon India Mutual Fund,Equity Scheme - Large Cap Fund
2024-11-12,118632,Nippon India Large Cap Fund - Direct Plan Growth Plan - Growth Option,95.3799,Nippon India Mutual Fund,Equity Scheme - Large Cap Fund
2024-11-13,118632,Nippon India Large Cap Fund - Direct Plan Growth Plan - Growth Option,93.9405,Nippon India Mutual Fund,Equity Scheme - Large Cap Fund
2024-11-14,118632,Nippon India Large Cap Fund - Direct Plan Growth Plan - Growth Option,93.9927,Nippon India Mutual Fund,Equity Scheme - Large Cap Fund
2024-11-18,118632,Nippon India Large Cap Fund - Direct Plan Growth Plan - Growth Option,93.7894,Nippon India Mutual Fund,Equity Scheme - Large Cap Fund
2024-11-19,118632,Nippon India Large Cap Fund - Direct Plan Growth Plan - Growth Option,94.0998,Nippon India Mutual Fund,Equity Scheme - Large Cap Fund
2024-11-21,118632,Nippon India Large Cap Fund - Direct Plan Growth Plan - Growth Option,93.5182,Nippon India Mutual Fund,Equity Scheme - Large Cap Fund
2024-11-22,118632,Nippon India Large Cap Fund - Direct Plan Growth Plan - Growth Option,95.4297,Nippon India Mutual Fund,Equity Scheme - Large Cap Fund
2024-11-25,118632,Nippon India Large Cap Fund - Direct Plan Growth Plan - Growth Option,96.8798,Nippon India Mutual Fund,Equity Scheme - Large Cap Fund
2024-11-26,118632,Nippon India Large Cap Fund - Direct Plan Growth Plan - Growth Option,96.7895,Nippon India Mutual Fund,Equity Scheme - Large Cap Fund
2024-11-27,118632,Nippon India Large Cap Fund - Direct Plan Growth Plan - Growth Option,97.2127,Nippon India Mutual Fund,Equity Scheme - Large Cap Fund
2024-11-28,118632,Nippon India Large Cap Fund - Direct Plan Growth Plan - Growth Option,96.1824,Nippon India Mutual Fund,Equity Scheme - Large Cap Fund
2024-11-29,118632,Nippon India Large Cap Fund - Direct Plan Growth Plan - Growth Option,96.7197,Nippon India Mutual Fund,Equity Scheme - Large Cap Fund
2024-12-02,118632,Nippon India Large Cap Fund - Direct Plan Growth Plan - Growth Option,97.1205,Nippon India Mutual Fund,Equity Scheme - Large Cap Fund
2024-12-03,118632,Nippon India Large Cap Fund - Direct Plan Growth Plan - Growth Option,98.2022,Nippon India Mutual Fund,Equity Scheme - Large Cap Fund
2024-12-04,118632,Nippon India Large Cap Fund - Direct Plan Growth Plan - Growth Option,98.6536,Nippon India Mutual Fund,Equity Scheme - Large Cap Fund
2024-12-05,118632,Nippon India Large Cap Fund - Direct Plan Growth Plan - Growth Option,99.4147,Nippon India Mutual Fund,Equity Scheme - Large Cap Fund
2024-12-06,118632,Nippon India Large Cap Fund - Direct Plan Growth Plan - Growth Option,99.6509,Nippon India Mutual Fund,Equity Scheme - Large Cap Fund
2024-12-09,118632,Nippon India Large Cap Fund - Direct Plan Growth Plan - Growth Option,99.5074,Nippon India Mutual Fund,Equity Scheme - Large Cap Fund
2024-12-10,118632,Nippon India Large Cap Fund - Direct Plan Growth Plan - Growth Option,99.546,Nippon India Mutual Fund,Equity Scheme - Large Cap Fund
2024-12-11,118632,Nippon India Large Cap Fund - Direct Plan Growth Plan - Growth Option,99.6289,Nippon India Mutual Fund,Equity Scheme - Large Cap Fund
2024-12-12,118632,Nippon India Large Cap Fund - Direct Plan Growth Plan - Growth Option,99.2226,Nippon India Mutual Fund,Equity Scheme - Large Cap Fund
2024-12-13,118632,Nippon India Large Cap Fund - Direct Plan Growth Plan - Growth Option,99.7847,Nippon India Mutual Fund,Equity Scheme - Large Cap Fund
2024-12-16,118632,Nippon India Large Cap Fund - Direct Plan Growth Plan - Growth Option,99.805,Nippon India Mutual Fund,Equity Scheme - Large Cap Fund
2024-12-17,118632,Nippon India Large Cap Fund - Direct Plan Growth Plan - Growth Option,98.876,Nippon India Mutual Fund,Equity Scheme - Large Cap Fund
2024-12-18,118632,Nippon India Large Cap Fund - Direct Plan Growth Plan - Growth Option,98.1827,Nippon India Mutual Fund,Equity Scheme - Large Cap Fund
2024-12-19,118632,Nippon India Large Cap Fund - Direct Plan Growth Plan - Growth Option,97.4275,Nippon India Mutual Fund,Equity Scheme - Large Cap Fund
2024-12-20,118632,Nippon India Large Cap Fund - Direct Plan Growth Plan - Growth Option,95.8415,Nippon India Mutual Fund,Equity Scheme - Large Cap Fund
2024-12-23,118632,Nippon India Large Cap Fund - Direct Plan Growth Plan - Growth Option,96.1694,Nippon India Mutual Fund,Equity Scheme - Large Cap Fund
2024-12-24,118632,Nippon India Large Cap Fund - Direct Plan Growth Plan - Growth Option,96.1467,Nippon India Mutual Fund,Equity Scheme - Large Cap Fund
2024-12-26,118632,Nippon India Large Cap Fund - Direct Plan Growth Plan - Growth Option,96.1901,Nippon India Mutual Fund,Equity Scheme - Large Cap Fund
2024-12-27,118632,Nippon India Large Cap Fund - Direct Plan Growth Plan - Growth Option,96.1819,Nippon India Mutual Fund,Equity Scheme - Large Cap Fund
2024-12-30,118632,Nippon India Large Cap Fund - Direct Plan Growth Plan - Growth Option,95.6777,Nippon India Mutual Fund,Equity Scheme - Large Cap Fund
2024-12-31,118632,Nippon India Large Cap Fund - Direct Plan Growth Plan - Growth Option,95.6932,Nippon India Mutual Fund,Equity Scheme - Large Cap Fund
2025-01-01,118632,Nippon India Large Cap Fund - Direct Plan Growth Plan - Growth Option,96.1113,Nippon India Mutual Fund,Equity Scheme - Large Cap Fund
2025-01-02,118632,Nippon India Large Cap Fund - Direct Plan Growth Plan - Growth Option,97.5681,Nippon India Mutual Fund,Equity Scheme - Large Cap Fund
2025-01-03,118632,Nippon India Large Cap Fund - Direct Plan Growth Plan - Growth Option,97.1671,Nippon India Mutual Fund,Equity Scheme - Large Cap Fund
2025-01-06,118632,Nippon India Large Cap Fund - Direct Plan Growth Plan - Growth Option,95.3266,Nippon India Mutual Fund,Equity Scheme - Large Cap Fund
2025-01-07,118632,Nippon India Large Cap Fund - Direct Plan Growth Plan - Growth Option,95.7436,Nippon India Mutual Fund,Equity Scheme - Large Cap Fund
2025-01-08,118632,Nippon India Large Cap Fund - Direct Plan Growth Plan - Growth Option,95.4138,Nippon India Mutual Fund,Equity Scheme - Large Cap Fund
2025-01-09,118632,Nippon India Large Cap Fund - Direct Plan Growth Plan - Growth Option,94.581,Nippon India Mutual Fund,Equity Scheme - Large Cap Fund
2025-01-10,118632,Nippon India Large Cap Fund - Direct Plan Growth Plan - Growth Option,93.7271,Nippon India Mutual Fund,Equity Scheme - Large Cap Fund
2025-01-13,118632,Nippon India Large Cap Fund - Direct Plan Growth Plan - Growth Option,91.922,Nippon India Mutual Fund,Equity Scheme - Large Cap Fund
2025-01-14,118632,Nippon India Large Cap Fund - Direct Plan Growth Plan - Growth Option,92.5951,Nippon India Mutual Fund,Equity Scheme - Large Cap Fund
2025-01-15,118632,Nippon India Large Cap Fund - Direct Plan Growth Plan - Growth Option,92.9463,Nippon India Mutual Fund,Equity Scheme - Large Cap Fund
2025-01-16,118632,Nippon India Large Cap Fund - Direct Plan Growth Plan - Growth Option,93.5764,Nippon India Mutual Fund,Equity Scheme - Large Cap Fund
2025-01-17,118632,Nippon India Large Cap Fund - Direct Plan Growth Plan - Growth Option,93.4158,Nippon India Mutual Fund,Equity Scheme - Large Cap Fund
2025-01-20,118632,Nippon India Large Cap Fund - Direct Plan Growth Plan - Growth Option,93.6339,Nippon India Mutual Fund,Equity Scheme - Large Cap Fund
2025-01-21,118632,Nippon India Large Cap Fund - Direct Plan Growth Plan - Growth Option,91.9008,Nippon India Mutual Fund,Equity Scheme - Large Cap Fund
2025-01-22,118632,Nippon India Large Cap Fund - Direct Plan Growth Plan - Growth Option,91.9229,Nippon India Mutual Fund,Equity Scheme - Large Cap Fund
2025-01-23,118632,Nippon India Large Cap Fund - Direct Plan Growth Plan - Growth Option,92.2667,Nippon India Mutual Fund,Equity Scheme - Large Cap Fund
2025-01-24,118632,Nippon India Large Cap Fund - Direct Plan Growth Plan - Growth Option,91.4588,Nippon India Mutual Fund,Equity Scheme - Large Cap Fund
2025-01-27,118632,Nippon India Large Cap Fund - Direct Plan Growth Plan - Growth Option,89.9694,Nippon India Mutual Fund,Equity Scheme - Large Cap Fund
2025-01-28,118632,Nippon India Large Cap Fund - Direct Plan Growth Plan - Growth Option,90.2227,Nippon India Mutual Fund,Equity Scheme - Large Cap Fund
2025-01-29,118632,Nippon India Large Cap Fund - Direct Plan Growth Plan - Growth Option,91.4688,Nippon India Mutual Fund,Equity Scheme - Large Cap Fund
2025-01-30,118632,Nippon India Large Cap Fund - Direct Plan Growth Plan - Growth Option,91.7379,Nippon India Mutual Fund,Equity Scheme - Large Cap Fund
2025-01-31,118632,Nippon India Large Cap Fund - Direct Plan Growth Plan - Growth Option,92.8772,Nippon India Mutual Fund,Equity Scheme - Large Cap Fund
2025-02-03,118632,Nippon India Large Cap Fund - Direct Plan Growth Plan - Growth Option,92.4237,Nippon India Mutual Fund,Equity Scheme - Large Cap Fund
2025-02-04,118632,Nippon India Large Cap Fund - Direct Plan Growth Plan - Growth Option,93.9231,Nippon India Mutual Fund,Equity Scheme - Large Cap Fund
2025-02-05,118632,Nippon India Large Cap Fund - Direct Plan Growth Plan - Growth Option,93.8883,Nippon India Mutual Fund,Equity Scheme - Large Cap Fund
2025-02-06,118632,Nippon India Large Cap Fund - Direct Plan Growth Plan - Growth Option,93.4896,Nippon India Mutual Fund,Equity Scheme - Large Cap Fund
2025-02-07,118632,Nippon India Large Cap Fund - Direct Plan Growth Plan - Growth Option,93.319,Nippon India Mutual Fund,Equity Scheme - Large Cap Fund
2025-02-10,118632,Nippon India Large Cap Fund - Direct Plan Growth Plan - Growth Option,92.1773,Nippon India Mutual Fund,Equity Scheme - Large Cap Fund
2025-02-11,118632,Nippon India Large Cap Fund - Direct Plan Growth Plan - Growth Option,90.5443,Nippon India Mutual Fund,Equity Scheme - Large Cap Fund
2025-02-12,118632,Nippon India Large Cap Fund - Direct Plan Growth Plan - Growth Option,90.3408,Nippon India Mutual Fund,Equity Scheme - Large Cap Fund
2025-02-13,118632,Nippon India Large Cap Fund - Direct Plan Growth Plan - Growth Option,90.3684,Nippon India Mutual Fund,Equity Scheme - Large Cap Fund
2025-02-14,118632,Nippon India Large Cap Fund - Direct Plan Growth Plan - Growth Option,89.5741,Nippon India Mutual Fund,Equity Scheme - Large Cap Fund
2025-02-17,118632,Nippon India Large Cap Fund - Direct Plan Growth Plan - Growth Option,89.5693,Nippon India Mutual Fund,Equity Scheme - Large Cap Fund
2025-02-18,118632,Nippon India Large Cap Fund - Direct Plan Growth Plan - Growth Option,89.5354,Nippon India Mutual Fund,Equity Scheme - Large Cap Fund
2025-02-19,118632,Nippon India Large Cap Fund - Direct Plan Growth Plan - Growth Option,90.0404,Nippon India Mutual Fund,Equity Scheme - Large Cap Fund
2025-02-20,118632,Nippon India Large Cap Fund - Direct Plan Growth Plan - Growth Option,90.3489,Nippon India Mutual Fund,Equity Scheme - Large Cap Fund
2025-02-21,118632,Nippon India Large Cap Fund - Direct Plan Growth Plan - Growth Option,89.8495,Nippon India Mutual Fund,Equity Scheme - Large Cap Fund
2025-02-24,118632,Nippon India Large Cap Fund - Direct Plan Growth Plan - Growth Option,88.9334,Nippon India Mutual Fund,Equity Scheme - Large Cap Fund
2025-02-25,118632,Nippon India Large Cap Fund - Direct Plan Growth Plan - Growth Option,88.7605,Nippon India Mutual Fund,Equity Scheme - Large Cap Fund
2025-02-27,118632,Nippon India Large Cap Fund - Direct Plan Growth Plan - Growth Option,88.4321,Nippon India Mutual Fund,Equity Scheme - Large Cap Fund
2025-02-28,118632,Nippon India Large Cap Fund - Direct Plan Growth Plan - Growth Option,86.9222,Nippon India Mutual Fund,Equity Scheme - Large Cap Fund
2025-03-03,118632,Nippon India Large Cap Fund - Direct Plan Growth Plan - Growth Option,86.983,Nippon India Mutual Fund,Equity Scheme - Large Cap Fund
2025-03-04,118632,Nippon India Large Cap Fund - Direct Plan Growth Plan - Growth Option,87.1643,Nippon India Mutual Fund,Equity Scheme - Large Cap Fund
2025-03-05,118632,Nippon India Large Cap Fund - Direct Plan Growth Plan - Growth Option,88.2535,Nippon India Mutual Fund,Equity Scheme - Large Cap Fund
2025-03-06,118632,Nippon India Large Cap Fund - Direct Plan Growth Plan - Growth Option,89.174,Nippon India Mutual Fund,Equity Scheme - Large Cap Fund
2025-03-07,118632,Nippon India Large Cap Fund - Direct Plan Growth Plan - Growth Option,89.1195,Nippon India Mutual Fund,Equity Scheme - Large Cap Fund
2025-03-10,118632,Nippon India Large Cap Fund - Direct Plan Growth Plan - Growth Option,88.5879,Nippon India Mutual Fund,Equity Scheme - Large Cap Fund
2025-03-11,118632,Nippon India Large Cap Fund - Direct Plan Growth Plan - Growth Option,88.5042,Nippon India Mutual Fund,Equity Scheme - Large Cap Fund
2025-03-12,118632,Nippon India Large Cap Fund - Direct Plan Growth Plan - Growth Option,88.3738,Nippon India Mutual Fund,Equity Scheme - Large Cap Fund
2025-03-13,118632,Nippon India Large Cap Fund - Direct Plan Growth Plan - Growth Option,88.0656,Nippon India Mutual Fund,Equity Scheme - Large Cap Fund
2025-03-17,118632,Nippon India Large Cap Fund - Direct Plan Growth Plan - Growth Option,88.6746,Nippon India Mutual Fund,Equity Scheme - Large Cap Fund
2025-03-18,118632,Nippon India Large Cap Fund - Direct Plan Growth Plan - Growth Option,90.2544,Nippon India Mutual Fund,Equity Scheme - Large Cap Fund
2025-03-19,118632,Nippon India Large Cap Fund - Direct Plan Growth Plan - Growth Option,90.9711,Nippon India Mutual Fund,Equity Scheme - Large Cap Fund
2025-03-20,118632,Nippon India Large Cap Fund - Direct Plan Growth Plan - Growth Option,91.6767,Nippon India Mutual Fund,Equity Scheme - Large Cap Fund
2025-03-21,118632,Nippon India Large Cap Fund - Direct Plan Growth Plan - Growth Option,92.543,Nippon India Mutual Fund,Equity Scheme - Large Cap Fund
2025-03-24,118632,Nippon India Large Cap Fund - Direct Plan Growth Plan - Growth Option,93.8123,Nippon India Mutual Fund,Equity Scheme - Large Cap Fund
2025-03-25,118632,Nippon India Large Cap Fund - Direct Plan Growth Plan - Growth Option,93.5158,Nippon India Mutual Fund,Equity Scheme - Large Cap Fund
2025-03-26,118632,Nippon India Large Cap Fund - Direct Plan Growth Plan - Growth Option,92.657,Nippon India Mutual Fund,Equity Scheme - Large Cap Fund
2025-03-27,118632,Nippon India Large Cap Fund - Direct Plan Growth Plan - Growth Option,93.3884,Nippon India Mutual Fund,Equity Scheme - Large Cap Fund
2025-03-28,118632,Nippon India Large Cap Fund - Direct Plan Growth Plan - Growth Option,92.8735,Nippon India Mutual Fund,Equity Scheme - Large Cap Fund
2025-03-31,118632,Nippon India Large Cap Fund - Direct Plan Growth Plan - Growth Option,92.8702,Nippon India Mutual Fund,Equity Scheme - Large Cap Fund
2025-04-01,118632,Nippon India Large Cap Fund - Direct Plan Growth Plan - Growth Option,91.6629,Nippon India Mutual Fund,Equity Scheme - Large Cap Fund
2025-04-02,118632,Nippon India Large Cap Fund - Direct Plan Growth Plan - Growth Option,92.4165,Nippon India Mutual Fund,Equity Scheme - Large Cap Fund
2025-04-03,118632,Nippon India Large Cap Fund - Direct Plan Growth Plan - Growth Option,92.2243,Nippon India Mutual Fund,Equity Scheme - Large Cap Fund
2025-04-04,118632,Nippon India Large Cap Fund - Direct Plan Growth Plan - Growth Option,90.4333,Nippon India Mutual Fund,Equity Scheme - Large Cap Fund
2025-04-07,118632,Nippon India Large Cap Fund - Direct Plan Growth Plan - Growth Option,87.7802,Nippon India Mutual Fund,Equity Scheme - Large Cap Fund
2025-04-08,118632,Nippon India Large Cap Fund - Direct Plan Growth Plan - Growth Option,89.2409,Nippon India Mutual Fund,Equity Scheme - Large Cap Fund
2025-04-09,118632,Nippon India Large Cap Fund - Direct Plan Growth Plan - Growth Option,88.641,Nippon India Mutual Fund,Equity Scheme - Large Cap Fund
2025-04-11,118632,Nippon India Large Cap Fund - Direct Plan Growth Plan - Growth Option,90.0693,Nippon India Mutual Fund,Equity Scheme - Large Cap Fund
2025-04-15,118632,Nippon India Large Cap Fund - Direct Plan Growth Plan - Growth Option,92.3268,Nippon India Mutual Fund,Equity Scheme - Large Cap Fund
2025-04-16,118632,Nippon India Large Cap Fund - Direct Plan Growth Plan - Growth Option,92.8983,Nippon India Mutual Fund,Equity Scheme - Large Cap Fund
2025-04-17,118632,Nippon India Large Cap Fund - Direct Plan Growth Plan - Growth Option,94.1055,Nippon India Mutual Fund,Equity Scheme - Large Cap Fund
2025-04-21,118632,Nippon India Large Cap Fund - Direct Plan Growth Plan - Growth Option,95.3869,Nippon India Mutual Fund,Equity Scheme - Large Cap Fund
2025-04-22,118632,Nippon India Large Cap Fund - Direct Plan Growth Plan - Growth Option,95.6204,Nippon India Mutual Fund,Equity Scheme - Large Cap Fund
2025-04-23,118632,Nippon India Large Cap Fund - Direct Plan Growth Plan - Growth Option,96.1708,Nippon India Mutual Fund,Equity Scheme - Large Cap Fund
2025-04-24,118632,Nippon India Large Cap Fund - Direct Plan Growth Plan - Growth Option,96.0597,Nippon India Mutual Fund,Equity Scheme - Large Cap Fund
2025-04-25,118632,Nippon India Large Cap Fund - Direct Plan Growth Plan - Growth Option,94.8844,Nippon India Mutual Fund,Equity Scheme - Large Cap Fund
2025-04-28,118632,Nippon India Large Cap Fund - Direct Plan Growth Plan - Growth Option,96.0282,Nippon India Mutual Fund,Equity Scheme - Large Cap Fund
2025-04-29,118632,Nippon India Large Cap Fund - Direct Plan Growth Plan - Growth Option,96.0929,Nippon India Mutual Fund,Equity Scheme - Large Cap Fund
2025-04-30,118632,Nippon India Large Cap Fund - Direct Plan Growth Plan - Growth Option,95.8147,Nippon India Mutual Fund,Equity Scheme - Large Cap Fund
2025-05-02,118632,Nippon India Large Cap Fund - Direct Plan Growth Plan - Growth Option,95.9389,Nippon India Mutual Fund,Equity Scheme - Large Cap Fund
2025-05-05,118632,Nippon India Large Cap Fund - Direct Plan Growth Plan - Growth Option,96.5552,Nippon India Mutual Fund,Equity Scheme - Large Cap Fund
2025-05-06,118632,Nippon India Large Cap Fund - Direct Plan Growth Plan - Growth Option,95.5648,Nippon India Mutual Fund,Equity Scheme - Large Cap Fund
2025-05-07,118632,Nippon India Large Cap Fund - Direct Plan Growth Plan - Growth Option,96.0208,Nippon India Mutual Fund,Equity Scheme - Large Cap Fund
2025-05-08,118632,Nippon India Large Cap Fund - Direct Plan Growth Plan - Growth Option,95.1487,Nippon India Mutual Fund,Equity Scheme - Large Cap Fund
2025-05-09,118632,Nippon India Large Cap Fund - Direct Plan Growth Plan - Growth Option,94.3482,Nippon India Mutual Fund,Equity Scheme - Large Cap Fund
2025-05-12,118632,Nippon India Large Cap Fund - Direct Plan Growth Plan - Growth Option,97.9099,Nippon India Mutual Fund,Equity Scheme - Large Cap Fund
2025-05-13,118632,Nippon India Large Cap Fund - Direct Plan Growth Plan - Growth Option,97.054,Nippon India Mutual Fund,Equity Scheme - Large Cap Fund
2025-05-14,118632,Nippon India Large Cap Fund - Direct Plan Growth Plan - Growth Option,97.6473,Nippon India Mutual Fund,Equity Scheme - Large Cap Fund
2025-05-15,118632,Nippon India Large Cap Fund - Direct Plan Growth Plan - Growth Option,98.9453,Nippon India Mutual Fund,Equity Scheme - Large Cap Fund
2025-05-16,118632,Nippon India Large Cap Fund - Direct Plan Growth Plan - Growth Option,99.2225,Nippon India Mutual Fund,Equity Scheme - Large Cap Fund
2025-05-19,118632,Nippon India Large Cap Fund - Direct Plan Growth Plan - Growth Option,99.1325,Nippon India Mutual Fund,Equity Scheme - Large Cap Fund
2025-05-20,118632,Nippon India Large Cap Fund - Direct Plan Growth Plan - Growth Option,97.9113,Nippon India Mutual Fund,Equity Scheme - Large Cap Fund
2025-05-21,118632,Nippon India Large Cap Fund - Direct Plan Growth Plan - Growth Option,98.6038,Nippon India Mutual Fund,Equity Scheme - Large Cap Fund
2025-05-22,118632,Nippon India Large Cap Fund - Direct Plan Growth Plan - Growth Option,97.9101,Nippon India Mutual Fund,Equity Scheme - Large Cap Fund
2025-05-23,118632,Nippon India Large Cap Fund - Direct Plan Growth Plan - Growth Option,98.8611,Nippon India Mutual Fund,Equity Scheme - Large Cap Fund
2025-05-26,118632,Nippon India Large Cap Fund - Direct Plan Growth Plan - Growth Option,99.6536,Nippon India Mutual Fund,Equity Scheme - Large Cap Fund
2025-05-27,118632,Nippon India Large Cap Fund - Direct Plan Growth Plan - Growth Option,99.2431,Nippon India Mutual Fund,Equity Scheme - Large Cap Fund
2025-05-28,118632,Nippon India Large Cap Fund - Direct Plan Growth Plan - Growth Option,99.1118,Nippon India Mutual Fund,Equity Scheme - Large Cap Fund
2025-05-29,118632,Nippon India Large Cap Fund - Direct Plan Growth Plan - Growth Option,99.4341,Nippon India Mutual Fund,Equity Scheme - Large Cap Fund
2025-05-30,118632,Nippon India Large Cap Fund - Direct Plan Growth Plan - Growth Option,99.1611,Nippon India Mutual Fund,Equity Scheme - Large Cap Fund
2025-06-02,118632,Nippon India Large Cap Fund - Direct Plan Growth Plan - Growth Option,99.2736,Nippon India Mutual Fund,Equity Scheme - Large Cap Fund
2025-06-03,118632,Nippon India Large Cap Fund - Direct Plan Growth Plan - Growth Option,98.7161,Nippon India Mutual Fund,Equity Scheme - Large Cap Fund
2025-06-04,118632,Nippon India Large Cap Fund - Direct Plan Growth Plan - Growth Option,99.1551,Nippon India Mutual Fund,Equity Scheme - Large Cap Fund
2025-06-05,118632,Nippon India Large Cap Fund - Direct Plan Growth Plan - Growth Option,99.6617,Nippon India Mutual Fund,Equity Scheme - Large Cap Fund
2025-06-06,118632,Nippon India Large Cap Fund - Direct Plan Growth Plan - Growth Option,100.6269,Nippon India Mutual Fund,Equity Scheme - Large Cap Fund
2025-06-09,118632,Nippon India Large Cap Fund - Direct Plan Growth Plan - Growth Option,101.3481,Nippon India Mutual Fund,Equity Scheme - Large Cap Fund
2025-06-10,118632,Nippon India Large Cap Fund - Direct Plan Growth Plan - Growth Option,101.2256,Nippon India Mutual Fund,Equity Scheme - Large Cap Fund
2025-06-11,118632,Nippon India Large Cap Fund - Direct Plan Growth Plan - Growth Option,101.3151,Nippon India Mutual Fund,Equity Scheme - Large Cap Fund
2025-06-12,118632,Nippon India Large Cap Fund - Direct Plan Growth Plan - Growth Option,100.0453,Nippon India Mutual Fund,Equity Scheme - Large Cap Fund
2025-06-13,118632,Nippon India Large Cap Fund - Direct Plan Growth Plan - Growth Option,99.3528,Nippon India Mutual Fund,Equity Scheme - Large Cap Fund
2025-06-16,118632,Nippon India Large Cap Fund - Direct Plan Growth Plan - Growth Option,100.0818,Nippon India Mutual Fund,Equity Scheme - Large Cap Fund
2025-06-17,118632,Nippon India Large Cap Fund - Direct Plan Growth Plan - Growth Option,99.7999,Nippon India Mutual Fund,Equity Scheme - Large Cap Fund
2025-06-18,118632,Nippon India Large Cap Fund - Direct Plan Growth Plan - Growth Option,99.7448,Nippon India Mutual Fund,Equity Scheme - Large Cap Fund
2025-06-19,118632,Nippon India Large Cap Fund - Direct Plan Growth Plan - Growth Option,99.3123,Nippon India Mutual Fund,Equity Scheme - Large Cap Fund
2025-06-20,118632,Nippon India Large Cap Fund - Direct Plan Growth Plan - Growth Option,100.4075,Nippon India Mutual Fund,Equity Scheme - Large Cap Fund
2025-06-23,118632,Nippon India Large Cap Fund - Direct Plan Growth Plan - Growth Option,99.9129,Nippon India Mutual Fund,Equity Scheme - Large Cap Fund
2025-06-24,118632,Nippon India Large Cap Fund - Direct Plan Growth Plan - Growth Option,100.5325,Nippon India Mutual Fund,Equity Scheme - Large Cap Fund
2025-06-25,118632,Nippon India Large Cap Fund - Direct Plan Growth Plan - Growth Option,101.2439,Nippon India Mutual Fund,Equity Scheme - Large Cap Fund
2025-06-26,118632,Nippon India Large Cap Fund - Direct Plan Growth Plan - Growth Option,102.1458,Nippon India Mutual Fund,Equity Scheme - Large Cap Fund
2025-06-27,118632,Nippon India Large Cap Fund - Direct Plan Growth Plan - Growth Option,102.6148,Nippon India Mutual Fund,Equity Scheme - Large Cap Fund
2025-06-30,118632,Nippon India Large Cap Fund - Direct Plan Growth Plan - Growth Option,102.3501,Nippon India Mutual Fund,Equity Scheme - Large Cap Fund
2025-07-01,118632,Nippon India Large Cap Fund - Direct Plan Growth Plan - Growth Option,102.2738,Nippon India Mutual Fund,Equity Scheme - Large Cap Fund
2025-07-02,118632,Nippon India Large Cap Fund - Direct Plan Growth Plan - Growth Option,101.8391,Nippon India Mutual Fund,Equity Scheme - Large Cap Fund
2025-07-03,118632,Nippon India Large Cap Fund - Direct Plan Growth Plan - Growth Option,101.5231,Nippon India Mutual Fund,Equity Scheme - Large Cap Fund
2025-07-04,118632,Nippon India Large Cap Fund - Direct Plan Growth Plan - Growth Option,101.7883,Nippon India Mutual Fund,Equity Scheme - Large Cap Fund
2025-07-07,118632,Nippon India Large Cap Fund - Direct Plan Growth Plan - Growth Option,101.754,Nippon India Mutual Fund,Equity Scheme - Large Cap Fund
2025-07-08,118632,Nippon India Large Cap Fund - Direct Plan Growth Plan - Growth Option,102.0364,Nippon India Mutual Fund,Equity Scheme - Large Cap Fund
2025-07-09,118632,Nippon India Large Cap Fund - Direct Plan Growth Plan - Growth Option,102.039,Nippon India Mutual Fund,Equity Scheme - Large Cap Fund
2025-07-10,118632,Nippon India Large Cap Fund - Direct Plan Growth Plan - Growth Option,101.799,Nippon India Mutual Fund,Equity Scheme - Large Cap Fund
2025-07-11,118632,Nippon India Large Cap Fund - Direct Plan Growth Plan - Growth Option,101.2686,Nippon India Mutual Fund,Equity Scheme - Large Cap Fund
2025-07-14,118632,Nippon India Large Cap Fund - Direct Plan Growth Plan - Growth Option,101.0587,Nippon India Mutual Fund,Equity Scheme - Large Cap Fund
2025-07-15,118632,Nippon India Large Cap Fund - Direct Plan Growth Plan - Growth Option,101.4168,Nippon India Mutual Fund,Equity Scheme - Large Cap Fund
2025-07-16,118632,Nippon India Large Cap Fund - Direct Plan Growth Plan - Growth Option,101.623,Nippon India Mutual Fund,Equity Scheme - Large Cap Fund
2025-07-17,118632,Nippon India Large Cap Fund - Direct Plan Growth Plan - Growth Option,101.4318,Nippon India Mutual Fund,Equity Scheme - Large Cap Fund
2025-07-18,118632,Nippon India Large Cap Fund - Direct Plan Growth Plan - Growth Option,100.9286,Nippon India Mutual Fund,Equity Scheme - Large Cap Fund
2025-07-21,118632,Nippon India Large Cap Fund - Direct Plan Growth Plan - Growth Option,101.3735,Nippon India Mutual Fund,Equity Scheme - Large Cap Fund
2025-07-22,118632,Nippon India Large Cap Fund - Direct Plan Growth Plan - Growth Option,101.3272,Nippon India Mutual Fund,Equity Scheme - Large Cap Fund
2025-07-23,118632,Nippon India Large Cap Fund - Direct Plan Growth Plan - Growth Option,101.7894,Nippon India Mutual Fund,Equity Scheme - Large Cap Fund
2025-07-24,118632,Nippon India Large Cap Fund - Direct Plan Growth Plan - Growth Option,101.3281,Nippon India Mutual Fund,Equity Scheme - Large Cap Fund
2025-07-25,118632,Nippon India Large Cap Fund - Direct Plan Growth Plan - Growth Option,100.2598,Nippon India Mutual Fund,Equity Scheme - Large Cap Fund
2025-07-28,118632,Nippon India Large Cap Fund - Direct Plan Growth Plan - Growth Option,99.6981,Nippon India Mutual Fund,Equity Scheme - Large Cap Fund
2025-07-29,118632,Nippon India Large Cap Fund - Direct Plan Growth Plan - Growth Option,100.2101,Nippon India Mutual Fund,Equity Scheme - Large Cap Fund
2025-07-30,118632,Nippon India Large Cap Fund - Direct Plan Growth Plan - Growth Option,100.6886,Nippon India Mutual Fund,Equity Scheme - Large Cap Fund
2025-07-31,118632,Nippon India Large Cap Fund - Direct Plan Growth Plan - Growth Option,100.5941,Nippon India Mutual Fund,Equity Scheme - Large Cap Fund
2025-08-01,118632,Nippon India Large Cap Fund - Direct Plan Growth Plan - Growth Option,99.9113,Nippon India Mutual Fund,Equity Scheme - Large Cap Fund
2025-08-04,118632,Nippon India Large Cap Fund - Direct Plan Growth Plan - Growth Option,100.2779,Nippon India Mutual Fund,Equity Scheme - Large Cap Fund
2025-08-05,118632,Nippon India Large Cap Fund - Direct Plan Growth Plan - Growth Option,100.1112,Nippon India Mutual Fund,Equity Scheme - Large Cap Fund
2025-08-06,118632,Nippon India Large Cap Fund - Direct Plan Growth Plan - Growth Option,99.7886,Nippon India Mutual Fund,Equity Scheme - Large Cap Fund
2025-08-07,118632,Nippon India Large Cap Fund - Direct Plan Growth Plan - Growth Option,99.9091,Nippon India Mutual Fund,Equity Scheme - Large Cap Fund
2025-08-08,118632,Nippon India Large Cap Fund - Direct Plan Growth Plan - Growth Option,98.9884,Nippon India Mutual Fund,Equity Scheme - Large Cap Fund
2025-08-11,118632,Nippon India Large Cap Fund - Direct Plan Growth Plan - Growth Option,99.916,Nippon India Mutual Fund,Equity Scheme - Large Cap Fund
2025-08-12,118632,Nippon India Large Cap Fund - Direct Plan Growth Plan - Growth Option,99.7536,Nippon India Mutual Fund,Equity Scheme - Large Cap Fund
2025-08-13,118632,Nippon India Large Cap Fund - Direct Plan Growth Plan - Growth Option,100.5914,Nippon India Mutual Fund,Equity Scheme - Large Cap Fund
2025-08-14,118632,Nippon India Large Cap Fund - Direct Plan Growth Plan - Growth Option,100.5741,Nippon India Mutual Fund,Equity Scheme - Large Cap Fund
2025-08-18,118632,Nippon India Large Cap Fund - Direct Plan Growth Plan - Growth Option,101.6867,Nippon India Mutual Fund,Equity Scheme - Large Cap Fund
2025-08-19,118632,Nippon India Large Cap Fund - Direct Plan Growth Plan - Growth Option,102.2421,Nippon India Mutual Fund,Equity Scheme - Large Cap Fund
2025-08-20,118632,Nippon India Large Cap Fund - Direct Plan Growth Plan - Growth Option,102.6558,Nippon India Mutual Fund,Equity Scheme - Large Cap Fund
2025-08-21,118632,Nippon India Large Cap Fund - Direct Plan Growth Plan - Growth Option,102.728,Nippon India Mutual Fund,Equity Scheme - Large Cap Fund
2025-08-22,118632,Nippon India Large Cap Fund - Direct Plan Growth Plan - Growth Option,102.052,Nippon India Mutual Fund,Equity Scheme - Large Cap Fund
2025-08-25,118632,Nippon India Large Cap Fund - Direct Plan Growth Plan - Growth Option,102.3387,Nippon India Mutual Fund,Equity Scheme - Large Cap Fund
2025-08-26,118632,Nippon India Large Cap Fund - Direct Plan Growth Plan - Growth Option,101.34,Nippon India Mutual Fund,Equity Scheme - Large Cap Fund
2025-08-28,118632,Nippon India Large Cap Fund - Direct Plan Growth Plan - Growth Option,100.5523,Nippon India Mutual Fund,Equity Scheme - Large Cap Fund
2025-08-29,118632,Nippon India Large Cap Fund - Direct Plan Growth Plan - Growth Option,100.3496,Nippon India Mutual Fund,Equity Scheme - Large Cap Fund
2025-09-01,118632,Nippon India Large Cap Fund - Direct Plan Growth Plan - Growth Option,101.1664,Nippon India Mutual Fund,Equity Scheme - Large Cap Fund
2025-09-02,118632,Nippon India Large Cap Fund - Direct Plan Growth Plan - Growth Option,100.9907,Nippon India Mutual Fund,Equity Scheme - Large Cap Fund
2025-09-03,118632,Nippon India Large Cap Fund - Direct Plan Growth Plan - Growth Option,101.5909,Nippon India Mutual Fund,Equity Scheme - Large Cap Fund
2025-09-04,118632,Nippon India Large Cap Fund - Direct Plan Growth Plan - Growth Option,101.4965,Nippon India Mutual Fund,Equity Scheme - Large Cap Fund
2025-09-05,118632,Nippon India Large Cap Fund - Direct Plan Growth Plan - Growth Option,101.5517,Nippon India Mutual Fund,Equity Scheme - Large Cap Fund
2025-09-08,118632,Nippon India Large Cap Fund - Direct Plan Growth Plan - Growth Option,101.6765,Nippon India Mutual Fund,Equity Scheme - Large Cap Fund
2025-09-09,118632,Nippon India Large Cap Fund - Direct Plan Growth Plan - Growth Option,101.9677,Nippon India Mutual Fund,Equity Scheme - Large Cap Fund
2025-09-10,118632,Nippon India Large Cap Fund - Direct Plan Growth Plan - Growth Option,102.3512,Nippon India Mutual Fund,Equity Scheme - Large Cap Fund
2025-09-11,118632,Nippon India Large Cap Fund - Direct Plan Growth Plan - Growth Option,102.4033,Nippon India Mutual Fund,Equity Scheme - Large Cap Fund
2025-09-12,118632,Nippon India Large Cap Fund - Direct Plan Growth Plan - Growth Option,102.9764,Nippon India Mutual Fund,Equity Scheme - Large Cap Fund
2025-09-15,118632,Nippon India Large Cap Fund - Direct Plan Growth Plan - Growth Option,103.15,Nippon India Mutual Fund,Equity Scheme - Large Cap Fund
2025-09-16,118632,Nippon India Large Cap Fund - Direct Plan Growth Plan - Growth Option,103.9014,Nippon India Mutual Fund,Equity Scheme - Large Cap Fund
2025-09-17,118632,Nippon India Large Cap Fund - Direct Plan Growth Plan - Growth Option,104.2438,Nippon India Mutual Fund,Equity Scheme - Large Cap Fund
2025-09-18,118632,Nippon India Large Cap Fund - Direct Plan Growth Plan - Growth Option,104.5531,Nippon India Mutual Fund,Equity Scheme - Large Cap Fund
2025-09-19,118632,Nippon India Large Cap Fund - Direct Plan Growth Plan - Growth Option,104.3509,Nippon India Mutual Fund,Equity Scheme - Large Cap Fund
2025-09-22,118632,Nippon India Large Cap Fund - Direct Plan Growth Plan - Growth Option,103.8105,Nippon India Mutual Fund,Equity Scheme - Large Cap Fund
2025-09-23,118632,Nippon India Large Cap Fund - Direct Plan Growth Plan - Growth Option,103.8134,Nippon India Mutual Fund,Equity Scheme - Large Cap Fund
2025-09-24,118632,Nippon India Large Cap Fund - Direct Plan Growth Plan - Growth Option,103.3338,Nippon India Mutual Fund,Equity Scheme - Large Cap Fund
2025-09-25,118632,Nippon India Large Cap Fund - Direct Plan Growth Plan - Growth Option,102.4742,Nippon India Mutual Fund,Equity Scheme - Large Cap Fund
2025-09-26,118632,Nippon India Large Cap Fund - Direct Plan Growth Plan - Growth Option,101.3125,Nippon India Mutual Fund,Equity Scheme - Large Cap Fund
2025-09-30,118632,Nippon India Large Cap Fund - Direct Plan Growth Plan - Growth Option,101.3,Nippon India Mutual Fund,Equity Scheme - Large Cap Fund
2025-10-01,118632,Nippon India Large Cap Fund - Direct Plan Growth Plan - Growth Option,102.0581,Nippon India Mutual Fund,Equity Scheme - Large Cap Fund
2025-10-03,118632,Nippon India Large Cap Fund - Direct Plan Growth Plan - Growth Option,102.3835,Nippon India Mutual Fund,Equity Scheme - Large Cap Fund
2025-10-06,118632,Nippon India Large Cap Fund - Direct Plan Growth Plan - Growth Option,102.8296,Nippon India Mutual Fund,Equity Scheme - Large Cap Fund
2025-10-07,118632,Nippon India Large Cap Fund - Direct Plan Growth Plan - Growth Option,102.7883,Nippon India Mutual Fund,Equity Scheme - Large Cap Fund
2025-10-08,118632,Nippon India Large Cap Fund - Direct Plan Growth Plan - Growth Option,102.3564,Nippon India Mutual Fund,Equity Scheme - Large Cap Fund
2025-10-09,118632,Nippon India Large Cap Fund - Direct Plan Growth Plan - Growth Option,102.7968,Nippon India Mutual Fund,Equity Scheme - Large Cap Fund
2025-10-10,118632,Nippon India Large Cap Fund - Direct Plan Growth Plan - Growth Option,103.236,Nippon India Mutual Fund,Equity Scheme - Large Cap Fund
2025-10-13,118632,Nippon India Large Cap Fund - Direct Plan Growth Plan - Growth Option,102.968,Nippon India Mutual Fund,Equity Scheme - Large Cap Fund
2025-10-14,118632,Nippon India Large Cap Fund - Direct Plan Growth Plan - Growth Option,102.5439,Nippon India Mutual Fund,Equity Scheme - Large Cap Fund
2025-10-15,118632,Nippon India Large Cap Fund - Direct Plan Growth Plan - Growth Option,103.2825,Nippon India Mutual Fund,Equity Scheme - Large Cap Fund
2025-10-16,118632,Nippon India Large Cap Fund - Direct Plan Growth Plan - Growth Option,104.1594,Nippon India Mutual Fund,Equity Scheme - Large Cap Fund
2025-10-17,118632,Nippon India Large Cap Fund - Direct Plan Growth Plan - Growth Option,104.4673,Nippon India Mutual Fund,Equity Scheme - Large Cap Fund
2025-10-20,118632,Nippon India Large Cap Fund - Direct Plan Growth Plan - Growth Option,104.88,Nippon India Mutual Fund,Equity Scheme - Large Cap Fund
2025-10-23,118632,Nippon India Large Cap Fund - Direct Plan Growth Plan - Growth Option,105.0429,Nippon India Mutual Fund,Equity Scheme - Large Cap Fund
2025-10-24,118632,Nippon India Large Cap Fund - Direct Plan Growth Plan - Growth Option,104.6441,Nippon India Mutual Fund,Equity Scheme - Large Cap Fund
2025-10-27,118632,Nippon India Large Cap Fund - Direct Plan Growth Plan - Growth Option,105.1974,Nippon India Mutual Fund,Equity Scheme - Large Cap Fund
2025-10-28,118632,Nippon India Large Cap Fund - Direct Plan Growth Plan - Growth Option,105.143,Nippon India Mutual Fund,Equity Scheme - Large Cap Fund
2025-10-29,118632,Nippon India Large Cap Fund - Direct Plan Growth Plan - Growth Option,105.7985,Nippon India Mutual Fund,Equity Scheme - Large Cap Fund
2025-10-30,118632,Nippon India Large Cap Fund - Direct Plan Growth Plan - Growth Option,105.2376,Nippon India Mutual Fund,Equity Scheme - Large Cap Fund
2025-10-31,118632,Nippon India Large Cap Fund - Direct Plan Growth Plan - Growth Option,104.5102,Nippon India Mutual Fund,Equity Scheme - Large Cap Fund
2025-11-03,118632,Nippon India Large Cap Fund - Direct Plan Growth Plan - Growth Option,104.8494,Nippon India Mutual Fund,Equity Scheme - Large Cap Fund
2025-11-04,118632,Nippon India Large Cap Fund - Direct Plan Growth Plan - Growth Option,104.296,Nippon India Mutual Fund,Equity Scheme - Large Cap Fund
2025-11-06,118632,Nippon India Large Cap Fund - Direct Plan Growth Plan - Growth Option,103.6683,Nippon India Mutual Fund,Equity Scheme - Large Cap Fund
2025-11-07,118632,Nippon India Large Cap Fund - Direct Plan Growth Plan - Growth Option,103.6712,Nippon India Mutual Fund,Equity Scheme - Large Cap Fund
2025-11-10,118632,Nippon India Large Cap Fund - Direct Plan Growth Plan - Growth Option,103.8912,Nippon India Mutual Fund,Equity Scheme - Large Cap Fund
2025-11-11,118632,Nippon India Large Cap Fund - Direct Plan Growth Plan - Growth Option,104.1242,Nippon India Mutual Fund,Equity Scheme - Large Cap Fund
2025-11-12,118632,Nippon India Large Cap Fund - Direct Plan Growth Plan - Growth Option,104.6829,Nippon India Mutual Fund,Equity Scheme - Large Cap Fund
2025-11-13,118632,Nippon India Large Cap Fund - Direct Plan Growth Plan - Growth Option,104.6624,Nippon India Mutual Fund,Equity Scheme - Large Cap Fund
2025-11-14,118632,Nippon India Large Cap Fund - Direct Plan Growth Plan - Growth Option,104.6864,Nippon India Mutual Fund,Equity Scheme - Large Cap Fund
2025-11-17,118632,Nippon India Large Cap Fund - Direct Plan Growth Plan - Growth Option,105.1203,Nippon India Mutual Fund,Equity Scheme - Large Cap Fund
2025-11-18,118632,Nippon India Large Cap Fund - Direct Plan Growth Plan - Growth Option,104.6087,Nippon India Mutual Fund,Equity Scheme - Large Cap Fund
2025-11-19,118632,Nippon India Large Cap Fund - Direct Plan Growth Plan - Growth Option,105.1392,Nippon India Mutual Fund,Equity Scheme - Large Cap Fund
2025-11-20,118632,Nippon India Large Cap Fund - Direct Plan Growth Plan - Growth Option,105.6047,Nippon India Mutual Fund,Equity Scheme - Large Cap Fund
2025-11-21,118632,Nippon India Large Cap Fund - Direct Plan Growth Plan - Growth Option,104.8664,Nippon India Mutual Fund,Equity Scheme - Large Cap Fund
2025-11-24,118632,Nippon India Large Cap Fund - Direct Plan Growth Plan - Growth Option,104.323,Nippon India Mutual Fund,Equity Scheme - Large Cap Fund
2025-11-25,118632,Nippon India Large Cap Fund - Direct Plan Growth Plan - Growth Option,104.1712,Nippon India Mutual Fund,Equity Scheme - Large Cap Fund
2025-11-26,118632,Nippon India Large Cap Fund - Direct Plan Growth Plan - Growth Option,105.5755,Nippon India Mutual Fund,Equity Scheme - Large Cap Fund
2025-11-27,118632,Nippon India Large Cap Fund - Direct Plan Growth Plan - Growth Option,105.684,Nippon India Mutual Fund,Equity Scheme - Large Cap Fund
2025-11-28,118632,Nippon India Large Cap Fund - Direct Plan Growth Plan - Growth Option,105.6844,Nippon India Mutual Fund,Equity Scheme - Large Cap Fund
2025-12-01,118632,Nippon India Large Cap Fund - Direct Plan Growth Plan - Growth Option,105.5389,Nippon India Mutual Fund,Equity Scheme - Large Cap Fund
2025-12-02,118632,Nippon India Large Cap Fund - Direct Plan Growth Plan - Growth Option,105.2367,Nippon India Mutual Fund,Equity Scheme - Large Cap Fund
2025-12-03,118632,Nippon India Large Cap Fund - Direct Plan Growth Plan - Growth Option,105.0214,Nippon India Mutual Fund,Equity Scheme - Large Cap Fund
2025-12-04,118632,Nippon India Large Cap Fund - Direct Plan Growth Plan - Growth Option,105.0426,Nippon India Mutual Fund,Equity Scheme - Large Cap Fund
2025-12-05,118632,Nippon India Large Cap Fund - Direct Plan Growth Plan - Growth Option,105.4142,Nippon India Mutual Fund,Equity Scheme - Large Cap Fund
2025-12-08,118632,Nippon India Large Cap Fund - Direct Plan Growth Plan - Growth Option,104.3721,Nippon India Mutual Fund,Equity Scheme - Large Cap Fund
2025-12-09,118632,Nippon India Large Cap Fund - Direct Plan Growth Plan - Growth Option,104.2635,Nippon India Mutual Fund,Equity Scheme - Large Cap Fund
2025-12-10,118632,Nippon India Large Cap Fund - Direct Plan Growth Plan - Growth Option,104.014,Nippon India Mutual Fund,Equity Scheme - Large Cap Fund
2025-12-11,118632,Nippon India Large Cap Fund - Direct Plan Growth Plan - Growth Option,104.659,Nippon India Mutual Fund,Equity Scheme - Large Cap Fund
2025-12-12,118632,Nippon India Large Cap Fund - Direct Plan Growth Plan - Growth Option,105.2738,Nippon India Mutual Fund,Equity Scheme - Large Cap Fund
2025-12-15,118632,Nippon India Large Cap Fund - Direct Plan Growth Plan - Growth Option,105.1821,Nippon India Mutual Fund,Equity Scheme - Large Cap Fund
2025-12-16,118632,Nippon India Large Cap Fund - Direct Plan Growth Plan - Growth Option,104.4782,Nippon India Mutual Fund,Equity Scheme - Large Cap Fund
2025-12-17,118632,Nippon India Large Cap Fund - Direct Plan Growth Plan - Growth Option,104.1918,Nippon India Mutual Fund,Equity Scheme - Large Cap Fund
2025-12-18,118632,Nippon India Large Cap Fund - Direct Plan Growth Plan - Growth Option,104.0678,Nippon India Mutual Fund,Equity Scheme - Large Cap Fund
2025-12-19,118632,Nippon India Large Cap Fund - Direct Plan Growth Plan - Growth Option,104.7495,Nippon India Mutual Fund,Equity Scheme - Large Cap Fund
2025-12-22,118632,Nippon India Large Cap Fund - Direct Plan Growth Plan - Growth Option,105.338,Nippon India Mutual Fund,Equity Scheme - Large Cap Fund
2025-12-23,118632,Nippon India Large Cap Fund - Direct Plan Growth Plan - Growth Option,105.5381,Nippon India Mutual Fund,Equity Scheme - Large Cap Fund
2025-12-24,118632,Nippon India Large Cap Fund - Direct Plan Growth Plan - Growth Option,105.3548,Nippon India Mutual Fund,Equity Scheme - Large Cap Fund
2025-12-26,118632,Nippon India Large Cap Fund - Direct Plan Growth Plan - Growth Option,104.9912,Nippon India Mutual Fund,Equity Scheme - Large Cap Fund
2025-12-29,118632,Nippon India Large Cap Fund - Direct Plan Growth Plan - Growth Option,104.7188,Nippon India Mutual Fund,Equity Scheme - Large Cap Fund
2025-12-30,118632,Nippon India Large Cap Fund - Direct Plan Growth Plan - Growth Option,104.5935,Nippon India Mutual Fund,Equity Scheme - Large Cap Fund
2025-12-31,118632,Nippon India Large Cap Fund - Direct Plan Growth Plan - Growth Option,105.3421,Nippon India Mutual Fund,Equity Scheme - Large Cap Fund
2026-01-01,118632,Nippon India Large Cap Fund - Direct Plan Growth Plan - Growth Option,105.4001,Nippon India Mutual Fund,Equity Scheme - Large Cap Fund
2026-01-02,118632,Nippon India Large Cap Fund - Direct Plan Growth Plan - Growth Option,106.1272,Nippon India Mutual Fund,Equity Scheme - Large Cap Fund
2026-01-05,118632,Nippon India Large Cap Fund - Direct Plan Growth Plan - Growth Option,105.7109,Nippon India Mutual Fund,Equity Scheme - Large Cap Fund
2026-01-06,118632,Nippon India Large Cap Fund - Direct Plan Growth Plan - Growth Option,105.7006,Nippon India Mutual Fund,Equity Scheme - Large Cap Fund
2026-01-07,118632,Nippon India Large Cap Fund - Direct Plan Growth Plan - Growth Option,105.6078,Nippon India Mutual Fund,Equity Scheme - Large Cap Fund
2026-01-08,118632,Nippon India Large Cap Fund - Direct Plan Growth Plan - Growth Option,104.3327,Nippon India Mutual Fund,Equity Scheme - Large Cap Fund
2026-01-09,118632,Nippon India Large Cap Fund - Direct Plan Growth Plan - Growth Option,103.4654,Nippon India Mutual Fund,Equity Scheme - Large Cap Fund
2026-01-12,118632,Nippon India Large Cap Fund - Direct Plan Growth Plan - Growth Option,103.6218,Nippon India Mutual Fund,Equity Scheme - Large Cap Fund
2026-01-13,118632,Nippon India Large Cap Fund - Direct Plan Growth Plan - Growth Option,103.3735,Nippon India Mutual Fund,Equity Scheme - Large Cap Fund
2026-01-14,118632,Nippon India Large Cap Fund - Direct Plan Growth Plan - Growth Option,103.3177,Nippon India Mutual Fund,Equity Scheme - Large Cap Fund
2026-01-16,118632,Nippon India Large Cap Fund - Direct Plan Growth Plan - Growth Option,103.2136,Nippon India Mutual Fund,Equity Scheme - Large Cap Fund
2026-01-19,118632,Nippon India Large Cap Fund - Direct Plan Growth Plan - Growth Option,102.9226,Nippon India Mutual Fund,Equity Scheme - Large Cap Fund
2026-01-20,118632,Nippon India Large Cap Fund - Direct Plan Growth Plan - Growth Option,101.2908,Nippon India Mutual Fund,Equity Scheme - Large Cap Fund
2026-01-21,118632,Nippon India Large Cap Fund - Direct Plan Growth Plan - Growth Option,100.8963,Nippon India Mutual Fund,Equity Scheme - Large Cap Fund
2026-01-22,118632,Nippon India Large Cap Fund - Direct Plan Growth Plan - Growth Option,101.5393,Nippon India Mutual Fund,Equity Scheme - Large Cap Fund
2026-01-23,118632,Nippon India Large Cap Fund - Direct Plan Growth Plan - Growth Option,100.5127,Nippon India Mutual Fund,Equity Scheme - Large Cap Fund
2026-01-27,118632,Nippon India Large Cap Fund - Direct Plan Growth Plan - Growth Option,100.8952,Nippon India Mutual Fund,Equity Scheme - Large Cap Fund
2026-01-28,118632,Nippon India Large Cap Fund - Direct Plan Growth Plan - Growth Option,101.8416,Nippon India Mutual Fund,Equity Scheme - Large Cap Fund
2026-01-29,118632,Nippon India Large Cap Fund - Direct Plan Growth Plan - Growth Option,102.3949,Nippon India Mutual Fund,Equity Scheme - Large Cap Fund
2026-01-30,118632,Nippon India Large Cap Fund - Direct Plan Growth Plan - Growth Option,102.2355,Nippon India Mutual Fund,Equity Scheme - Large Cap Fund
2026-02-02,118632,Nippon India Large Cap Fund - Direct Plan Growth Plan - Growth Option,101.2456,Nippon India Mutual Fund,Equity Scheme - Large Cap Fund
2026-02-03,118632,Nippon India Large Cap Fund - Direct Plan Growth Plan - Growth Option,103.8538,Nippon India Mutual Fund,Equity Scheme - Large Cap Fund
2026-02-04,118632,Nippon India Large Cap Fund - Direct Plan Growth Plan - Growth Option,104.0764,Nippon India Mutual Fund,Equity Scheme - Large Cap Fund
2026-02-05,118632,Nippon India Large Cap Fund - Direct Plan Growth Plan - Growth Option,103.759,Nippon India Mutual Fund,Equity Scheme - Large Cap Fund
2026-02-06,118632,Nippon India Large Cap Fund - Direct Plan Growth Plan - Growth Option,103.9204,Nippon India Mutual Fund,Equity Scheme - Large Cap Fund
2026-02-09,118632,Nippon India Large Cap Fund - Direct Plan Growth Plan - Growth Option,104.8998,Nippon India Mutual Fund,Equity Scheme - Large Cap Fund
2026-02-10,118632,Nippon India Large Cap Fund - Direct Plan Growth Plan - Growth Option,105.3572,Nippon India Mutual Fund,Equity Scheme - Large Cap Fund
2026-02-11,118632,Nippon India Large Cap Fund - Direct Plan Growth Plan - Growth Option,105.5426,Nippon India Mutual Fund,Equity Scheme - Large Cap Fund
2026-02-12,118632,Nippon India Large Cap Fund - Direct Plan Growth Plan - Growth Option,104.9922,Nippon India Mutual Fund,Equity Scheme - Large Cap Fund
2026-02-13,118632,Nippon India Large Cap Fund - Direct Plan Growth Plan - Growth Option,103.8148,Nippon India Mutual Fund,Equity Scheme - Large Cap Fund
2026-02-16,118632,Nippon India Large Cap Fund - Direct Plan Growth Plan - Growth Option,104.5361,Nippon India Mutual Fund,Equity Scheme - Large Cap Fund
2026-02-17,118632,Nippon India Large Cap Fund - Direct Plan Growth Plan - Growth Option,104.7084,Nippon India Mutual Fund,Equity Scheme - Large Cap Fund
2026-02-18,118632,Nippon India Large Cap Fund - Direct Plan Growth Plan - Growth Option,105.2559,Nippon India Mutual Fund,Equity Scheme - Large Cap Fund
2026-02-19,118632,Nippon India Large Cap Fund - Direct Plan Growth Plan - Growth Option,103.5918,Nippon India Mutual Fund,Equity Scheme - Large Cap Fund
2026-02-20,118632,Nippon India Large Cap Fund - Direct Plan Growth Plan - Growth Option,104.2351,Nippon India Mutual Fund,Equity Scheme - Large Cap Fund
2026-02-23,118632,Nippon India Large Cap Fund - Direct Plan Growth Plan - Growth Option,104.8203,Nippon India Mutual Fund,Equity Scheme - Large Cap Fund
2026-02-24,118632,Nippon India Large Cap Fund - Direct Plan Growth Plan - Growth Option,103.9564,Nippon India Mutual Fund,Equity Scheme - Large Cap Fund
2026-02-25,118632,Nippon India Large Cap Fund - Direct Plan Growth Plan - Growth Option,104.4641,Nippon India Mutual Fund,Equity Scheme - Large Cap Fund
2026-02-26,118632,Nippon India Large Cap Fund - Direct Plan Growth Plan - Growth Option,104.5075,Nippon India Mutual Fund,Equity Scheme - Large Cap Fund
2026-02-27,118632,Nippon India Large Cap Fund - Direct Plan Growth Plan - Growth Option,103.3052,Nippon India Mutual Fund,Equity Scheme - Large Cap Fund
2026-03-02,118632,Nippon India Large Cap Fund - Direct Plan Growth Plan - Growth Option,101.8541,Nippon India Mutual Fund,Equity Scheme - Large Cap Fund
2026-03-04,118632,Nippon India Large Cap Fund - Direct Plan Growth Plan - Growth Option,99.951,Nippon India Mutual Fund,Equity Scheme - Large Cap Fund
2026-03-05,118632,Nippon India Large Cap Fund - Direct Plan Growth Plan - Growth Option,101.1422,Nippon India Mutual Fund,Equity Scheme - Large Cap Fund
2026-03-06,118632,Nippon India Large Cap Fund - Direct Plan Growth Plan - Growth Option,100.0829,Nippon India Mutual Fund,Equity Scheme - Large Cap Fund
2026-03-09,118632,Nippon India Large Cap Fund - Direct Plan Growth Plan - Growth Option,98.2895,Nippon India Mutual Fund,Equity Scheme - Large Cap Fund
2026-03-10,118632,Nippon India Large Cap Fund - Direct Plan Growth Plan - Growth Option,99.4725,Nippon India Mutual Fund,Equity Scheme - Large Cap Fund
2026-03-11,118632,Nippon India Large Cap Fund - Direct Plan Growth Plan - Growth Option,98.1139,Nippon India Mutual Fund,Equity Scheme - Large Cap Fund
2026-03-12,118632,Nippon India Large Cap Fund - Direct Plan Growth Plan - Growth Option,97.31,Nippon India Mutual Fund,Equity Scheme - Large Cap Fund
2026-03-13,118632,Nippon India Large Cap Fund - Direct Plan Growth Plan - Growth Option,95.1844,Nippon India Mutual Fund,Equity Scheme - Large Cap Fund
2026-03-16,118632,Nippon India Large Cap Fund - Direct Plan Growth Plan - Growth Option,95.9441,Nippon India Mutual Fund,Equity Scheme - Large Cap Fund
2026-03-17,118632,Nippon India Large Cap Fund - Direct Plan Growth Plan - Growth Option,96.6146,Nippon India Mutual Fund,Equity Scheme - Large Cap Fund
2026-03-18,118632,Nippon India Large Cap Fund - Direct Plan Growth Plan - Growth Option,97.5488,Nippon India Mutual Fund,Equity Scheme - Large Cap Fund
2026-03-19,118632,Nippon India Large Cap Fund - Direct Plan Growth Plan - Growth Option,94.5458,Nippon India Mutual Fund,Equity Scheme - Large Cap Fund
2026-03-20,118632,Nippon India Large Cap Fund - Direct Plan Growth Plan - Growth Option,94.8276,Nippon India Mutual Fund,Equity Scheme - Large Cap Fund
2026-03-23,118632,Nippon India Large Cap Fund - Direct Plan Growth Plan - Growth Option,92.1523,Nippon India Mutual Fund,Equity Scheme - Large Cap Fund
2026-03-24,118632,Nippon India Large Cap Fund - Direct Plan Growth Plan - Growth Option,93.8354,Nippon India Mutual Fund,Equity Scheme - Large Cap Fund
2026-03-25,118632,Nippon India Large Cap Fund - Direct Plan Growth Plan - Growth Option,95.6217,Nippon India Mutual Fund,Equity Scheme - Large Cap Fund
2026-03-27,118632,Nippon India Large Cap Fund - Direct Plan Growth Plan - Growth Option,93.579,Nippon India Mutual Fund,Equity Scheme - Large Cap Fund
2026-03-30,118632,Nippon India Large Cap Fund - Direct Plan Growth Plan - Growth Option,91.455,Nippon India Mutual Fund,Equity Scheme - Large Cap Fund
2026-03-31,118632,Nippon India Large Cap Fund - Direct Plan Growth Plan - Growth Option,91.4539,Nippon India Mutual Fund,Equity Scheme - Large Cap Fund
2026-04-01,118632,Nippon India Large Cap Fund - Direct Plan Growth Plan - Growth Option,92.9211,Nippon India Mutual Fund,Equity Scheme - Large Cap Fund
2026-04-02,118632,Nippon India Large Cap Fund - Direct Plan Growth Plan - Growth Option,93.2361,Nippon India Mutual Fund,Equity Scheme - Large Cap Fund
2026-04-06,118632,Nippon India Large Cap Fund - Direct Plan Growth Plan - Growth Option,94.353,Nippon India Mutual Fund,Equity Scheme - Large Cap Fund
2026-04-07,118632,Nippon India Large Cap Fund - Direct Plan Growth Plan - Growth Option,94.7584,Nippon India Mutual Fund,Equity Scheme - Large Cap Fund
2026-04-08,118632,Nippon India Large Cap Fund - Direct Plan Growth Plan - Growth Option,98.1861,Nippon India Mutual Fund,Equity Scheme - Large Cap Fund
2026-04-09,118632,Nippon India Large Cap Fund - Direct Plan Growth Plan - Growth Option,97.4948,Nippon India Mutual Fund,Equity Scheme - Large Cap Fund
2026-04-10,118632,Nippon India Large Cap Fund - Direct Plan Growth Plan - Growth Option,98.8886,Nippon India Mutual Fund,Equity Scheme - Large Cap Fund
2026-04-13,118632,Nippon India Large Cap Fund - Direct Plan Growth Plan - Growth Option,98.1851,Nippon India Mutual Fund,Equity Scheme - Large Cap Fund
2026-04-15,118632,Nippon India Large Cap Fund - Direct Plan Growth Plan - Growth Option,99.8843,Nippon India Mutual Fund,Equity Scheme - Large Cap Fund
2026-04-16,118632,Nippon India Large Cap Fund - Direct Plan Growth Plan - Growth Option,99.9263,Nippon India Mutual Fund,Equity Scheme - Large Cap Fund
2026-04-17,118632,Nippon India Large Cap Fund - Direct Plan Growth Plan - Growth Option,100.7903,Nippon India Mutual Fund,Equity Scheme - Large Cap Fund
2026-04-20,118632,Nippon India Large Cap Fund - Direct Plan Growth Plan - Growth Option,100.9566,Nippon India Mutual Fund,Equity Scheme - Large Cap Fund
2026-04-21,118632,Nippon India Large Cap Fund - Direct Plan Growth Plan - Growth Option,101.9645,Nippon India Mutual Fund,Equity Scheme - Large Cap Fund
2026-04-22,118632,Nippon India Large Cap Fund - Direct Plan Growth Plan - Growth Option,101.5803,Nippon India Mutual Fund,Equity Scheme - Large Cap Fund
2026-04-23,118632,Nippon India Large Cap Fund - Direct Plan Growth Plan - Growth Option,100.8016,Nippon India Mutual Fund,Equity Scheme - Large Cap Fund
2026-04-24,118632,Nippon India Large Cap Fund - Direct Plan Growth Plan - Growth Option,99.76,Nippon India Mutual Fund,Equity Scheme - Large Cap Fund
2026-04-27,118632,Nippon India Large Cap Fund - Direct Plan Growth Plan - Growth Option,100.6093,Nippon India Mutual Fund,Equity Scheme - Large Cap Fund
2026-04-28,118632,Nippon India Large Cap Fund - Direct Plan Growth Plan - Growth Option,99.9782,Nippon India Mutual Fund,Equity Scheme - Large Cap Fund
2026-04-29,118632,Nippon India Large Cap Fund - Direct Plan Growth Plan - Growth Option,100.3928,Nippon India Mutual Fund,Equity Scheme - Large Cap Fund
2026-04-30,118632,Nippon India Large Cap Fund - Direct Plan Growth Plan - Growth Option,99.5502,Nippon India Mutual Fund,Equity Scheme - Large Cap Fund
2026-05-04,118632,Nippon India Large Cap Fund - Direct Plan Growth Plan - Growth Option,100.0932,Nippon India Mutual Fund,Equity Scheme - Large Cap Fund
2026-05-05,118632,Nippon India Large Cap Fund - Direct Plan Growth Plan - Growth Option,99.9072,Nippon India Mutual Fund,Equity Scheme - Large Cap Fund
2026-05-06,118632,Nippon India Large Cap Fund - Direct Plan Growth Plan - Growth Option,101.1725,Nippon India Mutual Fund,Equity Scheme - Large Cap Fund
2026-05-07,118632,Nippon India Large Cap Fund - Direct Plan Growth Plan - Growth Option,101.2917,Nippon India Mutual Fund,Equity Scheme - Large Cap Fund
2026-05-08,118632,Nippon India Large Cap Fund - Direct Plan Growth Plan - Growth Option,100.4981,Nippon India Mutual Fund,Equity Scheme - Large Cap Fund
2026-05-11,118632,Nippon India Large Cap Fund - Direct Plan Growth Plan - Growth Option,99.2007,Nippon India Mutual Fund,Equity Scheme - Large Cap Fund
2026-05-12,118632,Nippon India Large Cap Fund - Direct Plan Growth Plan - Growth Option,97.1846,Nippon India Mutual Fund,Equity Scheme - Large Cap Fund
2026-05-13,118632,Nippon India Large Cap Fund - Direct Plan Growth Plan - Growth Option,97.169,Nippon India Mutual Fund,Equity Scheme - Large Cap Fund
2026-05-14,118632,Nippon India Large Cap Fund - Direct Plan Growth Plan - Growth Option,98.0606,Nippon India Mutual Fund,Equity Scheme - Large Cap Fund
2026-05-15,118632,Nippon India Large Cap Fund - Direct Plan Growth Plan - Growth Option,98.0059,Nippon India Mutual Fund,Equity Scheme - Large Cap Fund
2026-05-18,118632,Nippon India Large Cap Fund - Direct Plan Growth Plan - Growth Option,97.9372,Nippon India Mutual Fund,Equity Scheme - Large Cap Fund
2026-05-19,118632,Nippon India Large Cap Fund - Direct Plan Growth Plan - Growth Option,98.1289,Nippon India Mutual Fund,Equity Scheme - Large Cap Fund
2026-05-20,118632,Nippon India Large Cap Fund - Direct Plan Growth Plan - Growth Option,98.3933,Nippon India Mutual Fund,Equity Scheme - Large Cap Fund
2026-05-21,118632,Nippon India Large Cap Fund - Direct Plan Growth Plan - Growth Option,98.3781,Nippon India Mutual Fund,Equity Scheme - Large Cap Fund
2026-05-22,118632,Nippon India Large Cap Fund - Direct Plan Growth Plan - Growth Option,98.7497,Nippon India Mutual Fund,Equity Scheme - Large Cap Fund
2026-05-25,118632,Nippon India Large Cap Fund - Direct Plan Growth Plan - Growth Option,99.8047,Nippon India Mutual Fund,Equity Scheme - Large Cap Fund
2026-05-26,118632,Nippon India Large Cap Fund - Direct Plan Growth Plan - Growth Option,99.4356,Nippon India Mutual Fund,Equity Scheme - Large Cap Fund
2026-05-27,118632,Nippon India Large Cap Fund - Direct Plan Growth Plan - Growth Option,99.8092,Nippon India Mutual Fund,Equity Scheme - Large Cap Fund
2026-05-29,118632,Nippon India Large Cap Fund - Direct Plan Growth Plan - Growth Option,98.4656,Nippon India Mutual Fund,Equity Scheme - Large Cap Fund
2026-06-01,118632,Nippon India Large Cap Fund - Direct Plan Growth Plan - Growth Option,97.1944,Nippon India Mutual Fund,Equity Scheme - Large Cap Fund
2026-06-02,118632,Nippon India Large Cap Fund - Direct Plan Growth Plan - Growth Option,97.4783,Nippon India Mutual Fund,Equity Scheme - Large Cap Fund
2026-06-03,118632,Nippon India Large Cap Fund - Direct Plan Growth Plan - Growth Option,97.2167,Nippon India Mutual Fund,Equity Scheme - Large Cap Fund
2026-06-04,118632,Nippon India Large Cap Fund - Direct Plan Growth Plan - Growth Option,97.2621,Nippon India Mutual Fund,Equity Scheme - Large Cap Fund
2026-06-05,118632,Nippon India Large Cap Fund - Direct Plan Growth Plan - Growth Option,97.2456,Nippon India Mutual Fund,Equity Scheme - Large Cap Fund
2026-06-08,118632,Nippon India Large Cap Fund - Direct Plan Growth Plan - Growth Option,95.8952,Nippon India Mutual Fund,Equity Scheme - Large Cap Fund
2026-06-09,118632,Nippon India Large Cap Fund - Direct Plan Growth Plan - Growth Option,96.6849,Nippon India Mutual Fund,Equity Scheme - Large Cap Fund
2026-06-10,118632,Nippon India Large Cap Fund - Direct Plan Growth Plan - Growth Option,96.5862,Nippon India Mutual Fund,Equity Scheme - Large Cap Fund
2026-06-11,118632,Nippon India Large Cap Fund - Direct Plan Growth Plan - Growth Option,96.1712,Nippon India Mutual Fund,Equity Scheme - Large Cap Fund
2026-06-12,118632,Nippon India Large Cap Fund - Direct Plan Growth Plan - Growth Option,98.1776,Nippon India Mutual Fund,Equity Scheme - Large Cap Fund
2026-06-15,118632,Nippon India Large Cap Fund - Direct Plan Growth Plan - Growth Option,99.3506,Nippon India Mutual Fund,Equity Scheme - Large Cap Fund
2026-06-16,118632,Nippon India Large Cap Fund - Direct Plan Growth Plan - Growth Option,100.0048,Nippon India Mutual Fund,Equity Scheme - Large Cap Fund
2026-06-17,118632,Nippon India Large Cap Fund - Direct Plan Growth Plan - Growth Option,100.604,Nippon India Mutual Fund,Equity Scheme - Large Cap Fund
2026-06-18,118632,Nippon India Large Cap Fund - Direct Plan Growth Plan - Growth Option,100.9901,Nippon India Mutual Fund,Equity Scheme - Large Cap Fund
2026-06-19,118632,Nippon India Large Cap Fund - Direct Plan Growth Plan - Growth Option,100.7824,Nippon India Mutual Fund,Equity Scheme - Large Cap Fund
2026-06-22,118632,Nippon India Large Cap Fund - Direct Plan Growth Plan - Growth Option,101.3654,Nippon India Mutual Fund,Equity Scheme - Large Cap Fund
2026-06-23,118632,Nippon India Large Cap Fund - Direct Plan Growth Plan - Growth Option,100.4605,Nippon India Mutual Fund,Equity Scheme - Large Cap Fund
2026-06-24,118632,Nippon India Large Cap Fund - Direct Plan Growth Plan - Growth Option,101.0387,Nippon India Mutual Fund,Equity Scheme - Large Cap Fund
2026-06-25,118632,Nippon India Large Cap Fund - Direct Plan Growth Plan - Growth Option,101.1917,Nippon India Mutual Fund,Equity Scheme - Large Cap Fund
2026-06-29,118632,Nippon India Large Cap Fund - Direct Plan Growth Plan - Growth Option,100.7184,Nippon India Mutual Fund,Equity Scheme - Large Cap Fund
2026-06-30,118632,Nippon India Large Cap Fund - Direct Plan Growth Plan - Growth Option,100.4828,Nippon India Mutual Fund,Equity Scheme - Large Cap Fund
2026-07-01,118632,Nippon India Large Cap Fund - Direct Plan Growth Plan - Growth Option,100.8965,Nippon India Mutual Fund,Equity Scheme - Large Cap Fund
2026-07-02,118632,Nippon India Large Cap Fund - Direct Plan Growth Plan - Growth Option,101.4442,Nippon India Mutual Fund,Equity Scheme - Large Cap Fund
2026-07-03,118632,Nippon India Large Cap Fund - Direct Plan Growth Plan - Growth Option,101.3599,Nippon India Mutual Fund,Equity Scheme - Large Cap Fund
2026-07-06,118632,Nippon India Large Cap Fund - Direct Plan Growth Plan - Growth Option,102.1267,Nippon India Mutual Fund,Equity Scheme - Large Cap Fund
2026-07-07,118632,Nippon India Large Cap Fund - Direct Plan Growth Plan - Growth Option,101.9321,Nippon India Mutual Fund,Equity Scheme - Large Cap Fund
2026-07-08,118632,Nippon India Large Cap Fund - Direct Plan Growth Plan - Growth Option,99.81,Nippon India Mutual Fund,Equity Scheme - Large Cap Fund
2026-07-09,118632,Nippon India Large Cap Fund - Direct Plan Growth Plan - Growth Option,100.3086,Nippon India Mutual Fund,Equity Scheme - Large Cap Fund
2026-07-10,118632,Nippon India Large Cap Fund - Direct Plan Growth Plan - Growth Option,101.3203,Nippon India Mutual Fund,Equity Scheme - Large Cap Fund
2026-07-13,118632,Nippon India Large Cap Fund - Direct Plan Growth Plan - Growth Option,101.2495,Nippon India Mutual Fund,Equity Scheme - Large Cap Fund
2026-07-14,118632,Nippon India Large Cap Fund - Direct Plan Growth Plan - Growth Option,100.5326,Nippon India Mutual Fund,Equity Scheme - Large Cap Fund
2026-07-15,118632,Nippon India Large Cap Fund - Direct Plan Growth Plan - Growth Option,101.0231,Nippon India Mutual Fund,Equity Scheme - Large Cap Fund
2026-07-16,118632,Nippon India Large Cap Fund - Direct Plan Growth Plan - Growth Option,101.0586,Nippon India Mutual Fund,Equity Scheme - Large Cap Fund
2026-07-17,118632,Nippon India Large Cap Fund - Direct Plan Growth Plan - Growth Option,101.802,Nippon India Mutual Fund,Equity Scheme - Large Cap Fund
2026-07-20,118632,Nippon India Large Cap Fund - Direct Plan Growth Plan - Growth Option,101.3229,Nippon India Mutual Fund,Equity Scheme - Large Cap Fund
2026-07-21,118632,Nippon India Large Cap Fund - Direct Plan Growth Plan - Growth Option,101.0669,Nippon India Mutual Fund,Equity Scheme - Large Cap Fund
2026-07-22,118632,Nippon India Large Cap Fund - Direct Plan Growth Plan - Growth Option,100.0997,Nippon India Mutual Fund,Equity Scheme - Large Cap Fund
2026-07-23,118632,Nippon India Large Cap Fund - Direct Plan Growth Plan - Growth Option,99.7294,Nippon India Mutual Fund,Equity Scheme - Large Cap Fund
2026-07-24,118632,Nippon India Large Cap Fund - Direct Plan Growth Plan - Growth Option,99.3273,Nippon India Mutual Fund,Equity Scheme - Large Cap Fund
2026-07-27,118632,Nippon India Large Cap Fund - Direct Plan Growth Plan - Growth Option,100.4498,Nippon India Mutual Fund,Equity Scheme - Large Cap Fund
2026-07-28,118632,Nippon India Large Cap Fund - Direct Plan Growth Plan - Growth Option,100.2374,Nippon India Mutual Fund,Equity Scheme - Large Cap Fund
