Date,Scheme_Code,Scheme_Name,NAV,Fund_House,Scheme_Category
2013-01-02,118663,Nippon India Gold Savings Fund - Direct Plan Growth Plan - Growth Option,14.3806,Nippon India Mutual Fund,Other Scheme - FoF Domestic
2013-01-03,118663,Nippon India Gold Savings Fund - Direct Plan Growth Plan - Growth Option,14.5633,Nippon India Mutual Fund,Other Scheme - FoF Domestic
2013-01-04,118663,Nippon India Gold Savings Fund - Direct Plan Growth Plan - Growth Option,14.3232,Nippon India Mutual Fund,Other Scheme - FoF Domestic
2013-01-07,118663,Nippon India Gold Savings Fund - Direct Plan Growth Plan - Growth Option,14.3559,Nippon India Mutual Fund,Other Scheme - FoF Domestic
2013-01-08,118663,Nippon India Gold Savings Fund - Direct Plan Growth Plan - Growth Option,14.3307,Nippon India Mutual Fund,Other Scheme - FoF Domestic
2013-01-09,118663,Nippon India Gold Savings Fund - Direct Plan Growth Plan - Growth Option,14.3552,Nippon India Mutual Fund,Other Scheme - FoF Domestic
2013-01-10,118663,Nippon India Gold Savings Fund - Direct Plan Growth Plan - Growth Option,14.2598,Nippon India Mutual Fund,Other Scheme - FoF Domestic
2013-01-11,118663,Nippon India Gold Savings Fund - Direct Plan Growth Plan - Growth Option,14.2784,Nippon India Mutual Fund,Other Scheme - FoF Domestic
2013-01-14,118663,Nippon India Gold Savings Fund - Direct Plan Growth Plan - Growth Option,14.193,Nippon India Mutual Fund,Other Scheme - FoF Domestic
2013-01-15,118663,Nippon India Gold Savings Fund - Direct Plan Growth Plan - Growth Option,14.2095,Nippon India Mutual Fund,Other Scheme - FoF Domestic
2013-01-16,118663,Nippon India Gold Savings Fund - Direct Plan Growth Plan - Growth Option,14.2443,Nippon India Mutual Fund,Other Scheme - FoF Domestic
2013-01-17,118663,Nippon India Gold Savings Fund - Direct Plan Growth Plan - Growth Option,14.1735,Nippon India Mutual Fund,Other Scheme - FoF Domestic
2013-01-18,118663,Nippon India Gold Savings Fund - Direct Plan Growth Plan - Growth Option,14.1561,Nippon India Mutual Fund,Other Scheme - FoF Domestic
2013-01-21,118663,Nippon India Gold Savings Fund - Direct Plan Growth Plan - Growth Option,14.1493,Nippon India Mutual Fund,Other Scheme - FoF Domestic
2013-01-22,118663,Nippon India Gold Savings Fund - Direct Plan Growth Plan - Growth Option,14.2431,Nippon India Mutual Fund,Other Scheme - FoF Domestic
2013-01-23,118663,Nippon India Gold Savings Fund - Direct Plan Growth Plan - Growth Option,14.2687,Nippon India Mutual Fund,Other Scheme - FoF Domestic
2013-01-24,118663,Nippon India Gold Savings Fund - Direct Plan Growth Plan - Growth Option,14.1755,Nippon India Mutual Fund,Other Scheme - FoF Domestic
2013-01-25,118663,Nippon India Gold Savings Fund - Direct Plan Growth Plan - Growth Option,14.1416,Nippon India Mutual Fund,Other Scheme - FoF Domestic
2013-01-28,118663,Nippon India Gold Savings Fund - Direct Plan Growth Plan - Growth Option,14.1134,Nippon India Mutual Fund,Other Scheme - FoF Domestic
2013-01-29,118663,Nippon India Gold Savings Fund - Direct Plan Growth Plan - Growth Option,14.0829,Nippon India Mutual Fund,Other Scheme - FoF Domestic
2013-01-30,118663,Nippon India Gold Savings Fund - Direct Plan Growth Plan - Growth Option,14.0488,Nippon India Mutual Fund,Other Scheme - FoF Domestic
2013-01-31,118663,Nippon India Gold Savings Fund - Direct Plan Growth Plan - Growth Option,14.1032,Nippon India Mutual Fund,Other Scheme - FoF Domestic
2013-02-01,118663,Nippon India Gold Savings Fund - Direct Plan Growth Plan - Growth Option,14.1084,Nippon India Mutual Fund,Other Scheme - FoF Domestic
2013-02-04,118663,Nippon India Gold Savings Fund - Direct Plan Growth Plan - Growth Option,14.1311,Nippon India Mutual Fund,Other Scheme - FoF Domestic
2013-02-05,118663,Nippon India Gold Savings Fund - Direct Plan Growth Plan - Growth Option,14.268,Nippon India Mutual Fund,Other Scheme - FoF Domestic
2013-02-06,118663,Nippon India Gold Savings Fund - Direct Plan Growth Plan - Growth Option,14.1707,Nippon India Mutual Fund,Other Scheme - FoF Domestic
2013-02-07,118663,Nippon India Gold Savings Fund - Direct Plan Growth Plan - Growth Option,14.1726,Nippon India Mutual Fund,Other Scheme - FoF Domestic
2013-02-08,118663,Nippon India Gold Savings Fund - Direct Plan Growth Plan - Growth Option,14.1731,Nippon India Mutual Fund,Other Scheme - FoF Domestic
2013-02-11,118663,Nippon India Gold Savings Fund - Direct Plan Growth Plan - Growth Option,14.1418,Nippon India Mutual Fund,Other Scheme - FoF Domestic
2013-02-12,118663,Nippon India Gold Savings Fund - Direct Plan Growth Plan - Growth Option,14.0761,Nippon India Mutual Fund,Other Scheme - FoF Domestic
2013-02-13,118663,Nippon India Gold Savings Fund - Direct Plan Growth Plan - Growth Option,14.0948,Nippon India Mutual Fund,Other Scheme - FoF Domestic
2013-02-14,118663,Nippon India Gold Savings Fund - Direct Plan Growth Plan - Growth Option,14.1057,Nippon India Mutual Fund,Other Scheme - FoF Domestic
2013-02-15,118663,Nippon India Gold Savings Fund - Direct Plan Growth Plan - Growth Option,14.1049,Nippon India Mutual Fund,Other Scheme - FoF Domestic
2013-02-18,118663,Nippon India Gold Savings Fund - Direct Plan Growth Plan - Growth Option,14.0284,Nippon India Mutual Fund,Other Scheme - FoF Domestic
2013-02-19,118663,Nippon India Gold Savings Fund - Direct Plan Growth Plan - Growth Option,13.9749,Nippon India Mutual Fund,Other Scheme - FoF Domestic
2013-02-20,118663,Nippon India Gold Savings Fund - Direct Plan Growth Plan - Growth Option,13.9034,Nippon India Mutual Fund,Other Scheme - FoF Domestic
2013-02-21,118663,Nippon India Gold Savings Fund - Direct Plan Growth Plan - Growth Option,13.5231,Nippon India Mutual Fund,Other Scheme - FoF Domestic
2013-02-22,118663,Nippon India Gold Savings Fund - Direct Plan Growth Plan - Growth Option,13.6193,Nippon India Mutual Fund,Other Scheme - FoF Domestic
2013-02-25,118663,Nippon India Gold Savings Fund - Direct Plan Growth Plan - Growth Option,13.601,Nippon India Mutual Fund,Other Scheme - FoF Domestic
2013-02-26,118663,Nippon India Gold Savings Fund - Direct Plan Growth Plan - Growth Option,13.6548,Nippon India Mutual Fund,Other Scheme - FoF Domestic
2013-02-27,118663,Nippon India Gold Savings Fund - Direct Plan Growth Plan - Growth Option,13.6998,Nippon India Mutual Fund,Other Scheme - FoF Domestic
2013-02-28,118663,Nippon India Gold Savings Fund - Direct Plan Growth Plan - Growth Option,13.6816,Nippon India Mutual Fund,Other Scheme - FoF Domestic
2013-03-01,118663,Nippon India Gold Savings Fund - Direct Plan Growth Plan - Growth Option,13.5875,Nippon India Mutual Fund,Other Scheme - FoF Domestic
2013-03-04,118663,Nippon India Gold Savings Fund - Direct Plan Growth Plan - Growth Option,13.7154,Nippon India Mutual Fund,Other Scheme - FoF Domestic
2013-03-05,118663,Nippon India Gold Savings Fund - Direct Plan Growth Plan - Growth Option,13.6224,Nippon India Mutual Fund,Other Scheme - FoF Domestic
2013-03-06,118663,Nippon India Gold Savings Fund - Direct Plan Growth Plan - Growth Option,13.6163,Nippon India Mutual Fund,Other Scheme - FoF Domestic
2013-03-07,118663,Nippon India Gold Savings Fund - Direct Plan Growth Plan - Growth Option,13.6304,Nippon India Mutual Fund,Other Scheme - FoF Domestic
2013-03-08,118663,Nippon India Gold Savings Fund - Direct Plan Growth Plan - Growth Option,13.5621,Nippon India Mutual Fund,Other Scheme - FoF Domestic
2013-03-11,118663,Nippon India Gold Savings Fund - Direct Plan Growth Plan - Growth Option,13.5815,Nippon India Mutual Fund,Other Scheme - FoF Domestic
2013-03-12,118663,Nippon India Gold Savings Fund - Direct Plan Growth Plan - Growth Option,13.5617,Nippon India Mutual Fund,Other Scheme - FoF Domestic
2013-03-13,118663,Nippon India Gold Savings Fund - Direct Plan Growth Plan - Growth Option,13.6075,Nippon India Mutual Fund,Other Scheme - FoF Domestic
2013-03-14,118663,Nippon India Gold Savings Fund - Direct Plan Growth Plan - Growth Option,13.5319,Nippon India Mutual Fund,Other Scheme - FoF Domestic
2013-03-15,118663,Nippon India Gold Savings Fund - Direct Plan Growth Plan - Growth Option,13.598,Nippon India Mutual Fund,Other Scheme - FoF Domestic
2013-03-18,118663,Nippon India Gold Savings Fund - Direct Plan Growth Plan - Growth Option,13.7088,Nippon India Mutual Fund,Other Scheme - FoF Domestic
2013-03-19,118663,Nippon India Gold Savings Fund - Direct Plan Growth Plan - Growth Option,13.7409,Nippon India Mutual Fund,Other Scheme - FoF Domestic
2013-03-20,118663,Nippon India Gold Savings Fund - Direct Plan Growth Plan - Growth Option,13.784,Nippon India Mutual Fund,Other Scheme - FoF Domestic
2013-03-21,118663,Nippon India Gold Savings Fund - Direct Plan Growth Plan - Growth Option,13.7051,Nippon India Mutual Fund,Other Scheme - FoF Domestic
2013-03-22,118663,Nippon India Gold Savings Fund - Direct Plan Growth Plan - Growth Option,13.7291,Nippon India Mutual Fund,Other Scheme - FoF Domestic
2013-03-25,118663,Nippon India Gold Savings Fund - Direct Plan Growth Plan - Growth Option,13.6214,Nippon India Mutual Fund,Other Scheme - FoF Domestic
2013-03-26,118663,Nippon India Gold Savings Fund - Direct Plan Growth Plan - Growth Option,13.6298,Nippon India Mutual Fund,Other Scheme - FoF Domestic
2013-03-28,118663,Nippon India Gold Savings Fund - Direct Plan Growth Plan - Growth Option,13.6771,Nippon India Mutual Fund,Other Scheme - FoF Domestic
2013-04-01,118663,Nippon India Gold Savings Fund - Direct Plan Growth Plan - Growth Option,13.6717,Nippon India Mutual Fund,Other Scheme - FoF Domestic
2013-04-02,118663,Nippon India Gold Savings Fund - Direct Plan Growth Plan - Growth Option,13.6633,Nippon India Mutual Fund,Other Scheme - FoF Domestic
2013-04-03,118663,Nippon India Gold Savings Fund - Direct Plan Growth Plan - Growth Option,13.4753,Nippon India Mutual Fund,Other Scheme - FoF Domestic
2013-04-04,118663,Nippon India Gold Savings Fund - Direct Plan Growth Plan - Growth Option,13.3617,Nippon India Mutual Fund,Other Scheme - FoF Domestic
2013-04-05,118663,Nippon India Gold Savings Fund - Direct Plan Growth Plan - Growth Option,13.4379,Nippon India Mutual Fund,Other Scheme - FoF Domestic
2013-04-08,118663,Nippon India Gold Savings Fund - Direct Plan Growth Plan - Growth Option,13.5727,Nippon India Mutual Fund,Other Scheme - FoF Domestic
2013-04-09,118663,Nippon India Gold Savings Fund - Direct Plan Growth Plan - Growth Option,13.5057,Nippon India Mutual Fund,Other Scheme - FoF Domestic
2013-04-10,118663,Nippon India Gold Savings Fund - Direct Plan Growth Plan - Growth Option,13.5683,Nippon India Mutual Fund,Other Scheme - FoF Domestic
2013-04-11,118663,Nippon India Gold Savings Fund - Direct Plan Growth Plan - Growth Option,13.4765,Nippon India Mutual Fund,Other Scheme - FoF Domestic
2013-04-12,118663,Nippon India Gold Savings Fund - Direct Plan Growth Plan - Growth Option,13.3926,Nippon India Mutual Fund,Other Scheme - FoF Domestic
2013-04-15,118663,Nippon India Gold Savings Fund - Direct Plan Growth Plan - Growth Option,12.1945,Nippon India Mutual Fund,Other Scheme - FoF Domestic
2013-04-16,118663,Nippon India Gold Savings Fund - Direct Plan Growth Plan - Growth Option,11.8818,Nippon India Mutual Fund,Other Scheme - FoF Domestic
2013-04-17,118663,Nippon India Gold Savings Fund - Direct Plan Growth Plan - Growth Option,11.9411,Nippon India Mutual Fund,Other Scheme - FoF Domestic
2013-04-18,118663,Nippon India Gold Savings Fund - Direct Plan Growth Plan - Growth Option,11.9174,Nippon India Mutual Fund,Other Scheme - FoF Domestic
2013-04-22,118663,Nippon India Gold Savings Fund - Direct Plan Growth Plan - Growth Option,12.2234,Nippon India Mutual Fund,Other Scheme - FoF Domestic
2013-04-23,118663,Nippon India Gold Savings Fund - Direct Plan Growth Plan - Growth Option,12.2481,Nippon India Mutual Fund,Other Scheme - FoF Domestic
2013-04-25,118663,Nippon India Gold Savings Fund - Direct Plan Growth Plan - Growth Option,12.3917,Nippon India Mutual Fund,Other Scheme - FoF Domestic
2013-04-26,118663,Nippon India Gold Savings Fund - Direct Plan Growth Plan - Growth Option,12.5895,Nippon India Mutual Fund,Other Scheme - FoF Domestic
2013-04-29,118663,Nippon India Gold Savings Fund - Direct Plan Growth Plan - Growth Option,12.7215,Nippon India Mutual Fund,Other Scheme - FoF Domestic
2013-04-30,118663,Nippon India Gold Savings Fund - Direct Plan Growth Plan - Growth Option,12.6253,Nippon India Mutual Fund,Other Scheme - FoF Domestic
2013-05-02,118663,Nippon India Gold Savings Fund - Direct Plan Growth Plan - Growth Option,12.6597,Nippon India Mutual Fund,Other Scheme - FoF Domestic
2013-05-03,118663,Nippon India Gold Savings Fund - Direct Plan Growth Plan - Growth Option,12.6824,Nippon India Mutual Fund,Other Scheme - FoF Domestic
2013-05-06,118663,Nippon India Gold Savings Fund - Direct Plan Growth Plan - Growth Option,12.7737,Nippon India Mutual Fund,Other Scheme - FoF Domestic
2013-05-07,118663,Nippon India Gold Savings Fund - Direct Plan Growth Plan - Growth Option,12.6779,Nippon India Mutual Fund,Other Scheme - FoF Domestic
2013-05-08,118663,Nippon India Gold Savings Fund - Direct Plan Growth Plan - Growth Option,12.6446,Nippon India Mutual Fund,Other Scheme - FoF Domestic
2013-05-09,118663,Nippon India Gold Savings Fund - Direct Plan Growth Plan - Growth Option,12.6843,Nippon India Mutual Fund,Other Scheme - FoF Domestic
2013-05-10,118663,Nippon India Gold Savings Fund - Direct Plan Growth Plan - Growth Option,12.6422,Nippon India Mutual Fund,Other Scheme - FoF Domestic
2013-05-13,118663,Nippon India Gold Savings Fund - Direct Plan Growth Plan - Growth Option,12.6607,Nippon India Mutual Fund,Other Scheme - FoF Domestic
2013-05-14,118663,Nippon India Gold Savings Fund - Direct Plan Growth Plan - Growth Option,12.6103,Nippon India Mutual Fund,Other Scheme - FoF Domestic
2013-05-15,118663,Nippon India Gold Savings Fund - Direct Plan Growth Plan - Growth Option,12.5496,Nippon India Mutual Fund,Other Scheme - FoF Domestic
2013-05-16,118663,Nippon India Gold Savings Fund - Direct Plan Growth Plan - Growth Option,12.2451,Nippon India Mutual Fund,Other Scheme - FoF Domestic
2013-05-17,118663,Nippon India Gold Savings Fund - Direct Plan Growth Plan - Growth Option,12.2827,Nippon India Mutual Fund,Other Scheme - FoF Domestic
2013-05-20,118663,Nippon India Gold Savings Fund - Direct Plan Growth Plan - Growth Option,12.0674,Nippon India Mutual Fund,Other Scheme - FoF Domestic
2013-05-21,118663,Nippon India Gold Savings Fund - Direct Plan Growth Plan - Growth Option,12.2292,Nippon India Mutual Fund,Other Scheme - FoF Domestic
2013-05-22,118663,Nippon India Gold Savings Fund - Direct Plan Growth Plan - Growth Option,12.222,Nippon India Mutual Fund,Other Scheme - FoF Domestic
2013-05-23,118663,Nippon India Gold Savings Fund - Direct Plan Growth Plan - Growth Option,12.17,Nippon India Mutual Fund,Other Scheme - FoF Domestic
2013-05-24,118663,Nippon India Gold Savings Fund - Direct Plan Growth Plan - Growth Option,12.1225,Nippon India Mutual Fund,Other Scheme - FoF Domestic
2013-05-27,118663,Nippon India Gold Savings Fund - Direct Plan Growth Plan - Growth Option,12.1613,Nippon India Mutual Fund,Other Scheme - FoF Domestic
2013-05-28,118663,Nippon India Gold Savings Fund - Direct Plan Growth Plan - Growth Option,12.1224,Nippon India Mutual Fund,Other Scheme - FoF Domestic
2013-05-29,118663,Nippon India Gold Savings Fund - Direct Plan Growth Plan - Growth Option,12.2146,Nippon India Mutual Fund,Other Scheme - FoF Domestic
2013-05-30,118663,Nippon India Gold Savings Fund - Direct Plan Growth Plan - Growth Option,12.4054,Nippon India Mutual Fund,Other Scheme - FoF Domestic
2013-05-31,118663,Nippon India Gold Savings Fund - Direct Plan Growth Plan - Growth Option,12.5358,Nippon India Mutual Fund,Other Scheme - FoF Domestic
2013-06-03,118663,Nippon India Gold Savings Fund - Direct Plan Growth Plan - Growth Option,12.4516,Nippon India Mutual Fund,Other Scheme - FoF Domestic
2013-06-04,118663,Nippon India Gold Savings Fund - Direct Plan Growth Plan - Growth Option,12.4758,Nippon India Mutual Fund,Other Scheme - FoF Domestic
2013-06-05,118663,Nippon India Gold Savings Fund - Direct Plan Growth Plan - Growth Option,12.4453,Nippon India Mutual Fund,Other Scheme - FoF Domestic
2013-06-06,118663,Nippon India Gold Savings Fund - Direct Plan Growth Plan - Growth Option,12.6255,Nippon India Mutual Fund,Other Scheme - FoF Domestic
2013-06-07,118663,Nippon India Gold Savings Fund - Direct Plan Growth Plan - Growth Option,12.7433,Nippon India Mutual Fund,Other Scheme - FoF Domestic
2013-06-10,118663,Nippon India Gold Savings Fund - Direct Plan Growth Plan - Growth Option,12.6648,Nippon India Mutual Fund,Other Scheme - FoF Domestic
2013-06-11,118663,Nippon India Gold Savings Fund - Direct Plan Growth Plan - Growth Option,12.668,Nippon India Mutual Fund,Other Scheme - FoF Domestic
2013-06-12,118663,Nippon India Gold Savings Fund - Direct Plan Growth Plan - Growth Option,12.6476,Nippon India Mutual Fund,Other Scheme - FoF Domestic
2013-06-13,118663,Nippon India Gold Savings Fund - Direct Plan Growth Plan - Growth Option,12.786,Nippon India Mutual Fund,Other Scheme - FoF Domestic
2013-06-14,118663,Nippon India Gold Savings Fund - Direct Plan Growth Plan - Growth Option,12.7156,Nippon India Mutual Fund,Other Scheme - FoF Domestic
2013-06-17,118663,Nippon India Gold Savings Fund - Direct Plan Growth Plan - Growth Option,12.8238,Nippon India Mutual Fund,Other Scheme - FoF Domestic
2013-06-18,118663,Nippon India Gold Savings Fund - Direct Plan Growth Plan - Growth Option,12.9013,Nippon India Mutual Fund,Other Scheme - FoF Domestic
2013-06-19,118663,Nippon India Gold Savings Fund - Direct Plan Growth Plan - Growth Option,12.8455,Nippon India Mutual Fund,Other Scheme - FoF Domestic
2013-06-20,118663,Nippon India Gold Savings Fund - Direct Plan Growth Plan - Growth Option,12.39,Nippon India Mutual Fund,Other Scheme - FoF Domestic
2013-06-21,118663,Nippon India Gold Savings Fund - Direct Plan Growth Plan - Growth Option,12.2967,Nippon India Mutual Fund,Other Scheme - FoF Domestic
2013-06-24,118663,Nippon India Gold Savings Fund - Direct Plan Growth Plan - Growth Option,12.3061,Nippon India Mutual Fund,Other Scheme - FoF Domestic
2013-06-25,118663,Nippon India Gold Savings Fund - Direct Plan Growth Plan - Growth Option,12.2596,Nippon India Mutual Fund,Other Scheme - FoF Domestic
2013-06-26,118663,Nippon India Gold Savings Fund - Direct Plan Growth Plan - Growth Option,11.8624,Nippon India Mutual Fund,Other Scheme - FoF Domestic
2013-06-27,118663,Nippon India Gold Savings Fund - Direct Plan Growth Plan - Growth Option,11.9503,Nippon India Mutual Fund,Other Scheme - FoF Domestic
2013-06-28,118663,Nippon India Gold Savings Fund - Direct Plan Growth Plan - Growth Option,11.586,Nippon India Mutual Fund,Other Scheme - FoF Domestic
2013-07-01,118663,Nippon India Gold Savings Fund - Direct Plan Growth Plan - Growth Option,11.855,Nippon India Mutual Fund,Other Scheme - FoF Domestic
2013-07-02,118663,Nippon India Gold Savings Fund - Direct Plan Growth Plan - Growth Option,12.0687,Nippon India Mutual Fund,Other Scheme - FoF Domestic
2013-07-03,118663,Nippon India Gold Savings Fund - Direct Plan Growth Plan - Growth Option,12.0362,Nippon India Mutual Fund,Other Scheme - FoF Domestic
2013-07-04,118663,Nippon India Gold Savings Fund - Direct Plan Growth Plan - Growth Option,12.0648,Nippon India Mutual Fund,Other Scheme - FoF Domestic
2013-07-05,118663,Nippon India Gold Savings Fund - Direct Plan Growth Plan - Growth Option,12.0301,Nippon India Mutual Fund,Other Scheme - FoF Domestic
2013-07-08,118663,Nippon India Gold Savings Fund - Direct Plan Growth Plan - Growth Option,12.0571,Nippon India Mutual Fund,Other Scheme - FoF Domestic
2013-07-09,118663,Nippon India Gold Savings Fund - Direct Plan Growth Plan - Growth Option,12.0643,Nippon India Mutual Fund,Other Scheme - FoF Domestic
2013-07-10,118663,Nippon India Gold Savings Fund - Direct Plan Growth Plan - Growth Option,12.04,Nippon India Mutual Fund,Other Scheme - FoF Domestic
2013-07-11,118663,Nippon India Gold Savings Fund - Direct Plan Growth Plan - Growth Option,12.2838,Nippon India Mutual Fund,Other Scheme - FoF Domestic
2013-07-12,118663,Nippon India Gold Savings Fund - Direct Plan Growth Plan - Growth Option,12.2254,Nippon India Mutual Fund,Other Scheme - FoF Domestic
2013-07-15,118663,Nippon India Gold Savings Fund - Direct Plan Growth Plan - Growth Option,12.3396,Nippon India Mutual Fund,Other Scheme - FoF Domestic
2013-07-16,118663,Nippon India Gold Savings Fund - Direct Plan Growth Plan - Growth Option,12.1891,Nippon India Mutual Fund,Other Scheme - FoF Domestic
2013-07-17,118663,Nippon India Gold Savings Fund - Direct Plan Growth Plan - Growth Option,12.2428,Nippon India Mutual Fund,Other Scheme - FoF Domestic
2013-07-18,118663,Nippon India Gold Savings Fund - Direct Plan Growth Plan - Growth Option,12.2176,Nippon India Mutual Fund,Other Scheme - FoF Domestic
2013-07-19,118663,Nippon India Gold Savings Fund - Direct Plan Growth Plan - Growth Option,12.2971,Nippon India Mutual Fund,Other Scheme - FoF Domestic
2013-07-22,118663,Nippon India Gold Savings Fund - Direct Plan Growth Plan - Growth Option,12.5154,Nippon India Mutual Fund,Other Scheme - FoF Domestic
2013-07-23,118663,Nippon India Gold Savings Fund - Direct Plan Growth Plan - Growth Option,12.7428,Nippon India Mutual Fund,Other Scheme - FoF Domestic
2013-07-24,118663,Nippon India Gold Savings Fund - Direct Plan Growth Plan - Growth Option,12.7024,Nippon India Mutual Fund,Other Scheme - FoF Domestic
2013-07-25,118663,Nippon India Gold Savings Fund - Direct Plan Growth Plan - Growth Option,12.5468,Nippon India Mutual Fund,Other Scheme - FoF Domestic
2013-07-26,118663,Nippon India Gold Savings Fund - Direct Plan Growth Plan - Growth Option,12.6695,Nippon India Mutual Fund,Other Scheme - FoF Domestic
2013-07-29,118663,Nippon India Gold Savings Fund - Direct Plan Growth Plan - Growth Option,12.8898,Nippon India Mutual Fund,Other Scheme - FoF Domestic
2013-07-30,118663,Nippon India Gold Savings Fund - Direct Plan Growth Plan - Growth Option,13.0081,Nippon India Mutual Fund,Other Scheme - FoF Domestic
2013-07-31,118663,Nippon India Gold Savings Fund - Direct Plan Growth Plan - Growth Option,13.1222,Nippon India Mutual Fund,Other Scheme - FoF Domestic
2013-08-01,118663,Nippon India Gold Savings Fund - Direct Plan Growth Plan - Growth Option,12.9612,Nippon India Mutual Fund,Other Scheme - FoF Domestic
2013-08-02,118663,Nippon India Gold Savings Fund - Direct Plan Growth Plan - Growth Option,12.7591,Nippon India Mutual Fund,Other Scheme - FoF Domestic
2013-08-05,118663,Nippon India Gold Savings Fund - Direct Plan Growth Plan - Growth Option,13.1326,Nippon India Mutual Fund,Other Scheme - FoF Domestic
2013-08-06,118663,Nippon India Gold Savings Fund - Direct Plan Growth Plan - Growth Option,13.0198,Nippon India Mutual Fund,Other Scheme - FoF Domestic
2013-08-07,118663,Nippon India Gold Savings Fund - Direct Plan Growth Plan - Growth Option,12.8602,Nippon India Mutual Fund,Other Scheme - FoF Domestic
2013-08-08,118663,Nippon India Gold Savings Fund - Direct Plan Growth Plan - Growth Option,12.9492,Nippon India Mutual Fund,Other Scheme - FoF Domestic
2013-08-12,118663,Nippon India Gold Savings Fund - Direct Plan Growth Plan - Growth Option,13.3283,Nippon India Mutual Fund,Other Scheme - FoF Domestic
2013-08-13,118663,Nippon India Gold Savings Fund - Direct Plan Growth Plan - Growth Option,13.5777,Nippon India Mutual Fund,Other Scheme - FoF Domestic
2013-08-14,118663,Nippon India Gold Savings Fund - Direct Plan Growth Plan - Growth Option,13.5078,Nippon India Mutual Fund,Other Scheme - FoF Domestic
2013-08-16,118663,Nippon India Gold Savings Fund - Direct Plan Growth Plan - Growth Option,14.0764,Nippon India Mutual Fund,Other Scheme - FoF Domestic
2013-08-19,118663,Nippon India Gold Savings Fund - Direct Plan Growth Plan - Growth Option,14.2903,Nippon India Mutual Fund,Other Scheme - FoF Domestic
2013-08-20,118663,Nippon India Gold Savings Fund - Direct Plan Growth Plan - Growth Option,14.2747,Nippon India Mutual Fund,Other Scheme - FoF Domestic
2013-08-21,118663,Nippon India Gold Savings Fund - Direct Plan Growth Plan - Growth Option,14.3291,Nippon India Mutual Fund,Other Scheme - FoF Domestic
2013-08-22,118663,Nippon India Gold Savings Fund - Direct Plan Growth Plan - Growth Option,14.3658,Nippon India Mutual Fund,Other Scheme - FoF Domestic
2013-08-23,118663,Nippon India Gold Savings Fund - Direct Plan Growth Plan - Growth Option,14.2937,Nippon India Mutual Fund,Other Scheme - FoF Domestic
2013-08-26,118663,Nippon India Gold Savings Fund - Direct Plan Growth Plan - Growth Option,14.4572,Nippon India Mutual Fund,Other Scheme - FoF Domestic
2013-08-27,118663,Nippon India Gold Savings Fund - Direct Plan Growth Plan - Growth Option,14.6541,Nippon India Mutual Fund,Other Scheme - FoF Domestic
2013-08-28,118663,Nippon India Gold Savings Fund - Direct Plan Growth Plan - Growth Option,14.7192,Nippon India Mutual Fund,Other Scheme - FoF Domestic
2013-08-29,118663,Nippon India Gold Savings Fund - Direct Plan Growth Plan - Growth Option,14.6178,Nippon India Mutual Fund,Other Scheme - FoF Domestic
2013-08-30,118663,Nippon India Gold Savings Fund - Direct Plan Growth Plan - Growth Option,14.4004,Nippon India Mutual Fund,Other Scheme - FoF Domestic
2013-09-02,118663,Nippon India Gold Savings Fund - Direct Plan Growth Plan - Growth Option,14.4582,Nippon India Mutual Fund,Other Scheme - FoF Domestic
2013-09-03,118663,Nippon India Gold Savings Fund - Direct Plan Growth Plan - Growth Option,14.6858,Nippon India Mutual Fund,Other Scheme - FoF Domestic
2013-09-04,118663,Nippon India Gold Savings Fund - Direct Plan Growth Plan - Growth Option,14.7622,Nippon India Mutual Fund,Other Scheme - FoF Domestic
2013-09-05,118663,Nippon India Gold Savings Fund - Direct Plan Growth Plan - Growth Option,14.5762,Nippon India Mutual Fund,Other Scheme - FoF Domestic
2013-09-06,118663,Nippon India Gold Savings Fund - Direct Plan Growth Plan - Growth Option,14.1718,Nippon India Mutual Fund,Other Scheme - FoF Domestic
2013-09-10,118663,Nippon India Gold Savings Fund - Direct Plan Growth Plan - Growth Option,14.0447,Nippon India Mutual Fund,Other Scheme - FoF Domestic
2013-09-11,118663,Nippon India Gold Savings Fund - Direct Plan Growth Plan - Growth Option,13.8799,Nippon India Mutual Fund,Other Scheme - FoF Domestic
2013-09-12,118663,Nippon India Gold Savings Fund - Direct Plan Growth Plan - Growth Option,13.7926,Nippon India Mutual Fund,Other Scheme - FoF Domestic
2013-09-13,118663,Nippon India Gold Savings Fund - Direct Plan Growth Plan - Growth Option,13.5673,Nippon India Mutual Fund,Other Scheme - FoF Domestic
2013-09-16,118663,Nippon India Gold Savings Fund - Direct Plan Growth Plan - Growth Option,13.4853,Nippon India Mutual Fund,Other Scheme - FoF Domestic
2013-09-17,118663,Nippon India Gold Savings Fund - Direct Plan Growth Plan - Growth Option,13.6495,Nippon India Mutual Fund,Other Scheme - FoF Domestic
2013-09-18,118663,Nippon India Gold Savings Fund - Direct Plan Growth Plan - Growth Option,13.5359,Nippon India Mutual Fund,Other Scheme - FoF Domestic
2013-09-19,118663,Nippon India Gold Savings Fund - Direct Plan Growth Plan - Growth Option,13.8873,Nippon India Mutual Fund,Other Scheme - FoF Domestic
2013-09-20,118663,Nippon India Gold Savings Fund - Direct Plan Growth Plan - Growth Option,13.8355,Nippon India Mutual Fund,Other Scheme - FoF Domestic
2013-09-23,118663,Nippon India Gold Savings Fund - Direct Plan Growth Plan - Growth Option,13.6733,Nippon India Mutual Fund,Other Scheme - FoF Domestic
2013-09-24,118663,Nippon India Gold Savings Fund - Direct Plan Growth Plan - Growth Option,13.6635,Nippon India Mutual Fund,Other Scheme - FoF Domestic
2013-09-25,118663,Nippon India Gold Savings Fund - Direct Plan Growth Plan - Growth Option,13.7414,Nippon India Mutual Fund,Other Scheme - FoF Domestic
2013-09-26,118663,Nippon India Gold Savings Fund - Direct Plan Growth Plan - Growth Option,13.8537,Nippon India Mutual Fund,Other Scheme - FoF Domestic
2013-09-27,118663,Nippon India Gold Savings Fund - Direct Plan Growth Plan - Growth Option,13.7466,Nippon India Mutual Fund,Other Scheme - FoF Domestic
2013-09-30,118663,Nippon India Gold Savings Fund - Direct Plan Growth Plan - Growth Option,14.1544,Nippon India Mutual Fund,Other Scheme - FoF Domestic
2013-10-01,118663,Nippon India Gold Savings Fund - Direct Plan Growth Plan - Growth Option,13.9916,Nippon India Mutual Fund,Other Scheme - FoF Domestic
2013-10-03,118663,Nippon India Gold Savings Fund - Direct Plan Growth Plan - Growth Option,13.9833,Nippon India Mutual Fund,Other Scheme - FoF Domestic
2013-10-04,118663,Nippon India Gold Savings Fund - Direct Plan Growth Plan - Growth Option,13.9328,Nippon India Mutual Fund,Other Scheme - FoF Domestic
2013-10-07,118663,Nippon India Gold Savings Fund - Direct Plan Growth Plan - Growth Option,13.8508,Nippon India Mutual Fund,Other Scheme - FoF Domestic
2013-10-08,118663,Nippon India Gold Savings Fund - Direct Plan Growth Plan - Growth Option,14.0297,Nippon India Mutual Fund,Other Scheme - FoF Domestic
2013-10-09,118663,Nippon India Gold Savings Fund - Direct Plan Growth Plan - Growth Option,13.9329,Nippon India Mutual Fund,Other Scheme - FoF Domestic
2013-10-10,118663,Nippon India Gold Savings Fund - Direct Plan Growth Plan - Growth Option,13.9208,Nippon India Mutual Fund,Other Scheme - FoF Domestic
2013-10-11,118663,Nippon India Gold Savings Fund - Direct Plan Growth Plan - Growth Option,13.7076,Nippon India Mutual Fund,Other Scheme - FoF Domestic
2013-10-14,118663,Nippon India Gold Savings Fund - Direct Plan Growth Plan - Growth Option,13.8239,Nippon India Mutual Fund,Other Scheme - FoF Domestic
2013-10-15,118663,Nippon India Gold Savings Fund - Direct Plan Growth Plan - Growth Option,13.7599,Nippon India Mutual Fund,Other Scheme - FoF Domestic
2013-10-17,118663,Nippon India Gold Savings Fund - Direct Plan Growth Plan - Growth Option,14.0275,Nippon India Mutual Fund,Other Scheme - FoF Domestic
2013-10-18,118663,Nippon India Gold Savings Fund - Direct Plan Growth Plan - Growth Option,14.1529,Nippon India Mutual Fund,Other Scheme - FoF Domestic
2013-10-21,118663,Nippon India Gold Savings Fund - Direct Plan Growth Plan - Growth Option,14.3226,Nippon India Mutual Fund,Other Scheme - FoF Domestic
2013-10-22,118663,Nippon India Gold Savings Fund - Direct Plan Growth Plan - Growth Option,14.3683,Nippon India Mutual Fund,Other Scheme - FoF Domestic
2013-10-23,118663,Nippon India Gold Savings Fund - Direct Plan Growth Plan - Growth Option,14.5204,Nippon India Mutual Fund,Other Scheme - FoF Domestic
2013-10-24,118663,Nippon India Gold Savings Fund - Direct Plan Growth Plan - Growth Option,14.6762,Nippon India Mutual Fund,Other Scheme - FoF Domestic
2013-10-25,118663,Nippon India Gold Savings Fund - Direct Plan Growth Plan - Growth Option,14.6366,Nippon India Mutual Fund,Other Scheme - FoF Domestic
2013-10-28,118663,Nippon India Gold Savings Fund - Direct Plan Growth Plan - Growth Option,14.692,Nippon India Mutual Fund,Other Scheme - FoF Domestic
2013-10-29,118663,Nippon India Gold Savings Fund - Direct Plan Growth Plan - Growth Option,14.3456,Nippon India Mutual Fund,Other Scheme - FoF Domestic
2013-10-30,118663,Nippon India Gold Savings Fund - Direct Plan Growth Plan - Growth Option,14.3148,Nippon India Mutual Fund,Other Scheme - FoF Domestic
2013-10-31,118663,Nippon India Gold Savings Fund - Direct Plan Growth Plan - Growth Option,14.2069,Nippon India Mutual Fund,Other Scheme - FoF Domestic
2013-11-01,118663,Nippon India Gold Savings Fund - Direct Plan Growth Plan - Growth Option,14.2726,Nippon India Mutual Fund,Other Scheme - FoF Domestic
2013-11-05,118663,Nippon India Gold Savings Fund - Direct Plan Growth Plan - Growth Option,14.1122,Nippon India Mutual Fund,Other Scheme - FoF Domestic
2013-11-06,118663,Nippon India Gold Savings Fund - Direct Plan Growth Plan - Growth Option,14.0674,Nippon India Mutual Fund,Other Scheme - FoF Domestic
2013-11-07,118663,Nippon India Gold Savings Fund - Direct Plan Growth Plan - Growth Option,14.0269,Nippon India Mutual Fund,Other Scheme - FoF Domestic
2013-11-08,118663,Nippon India Gold Savings Fund - Direct Plan Growth Plan - Growth Option,13.988,Nippon India Mutual Fund,Other Scheme - FoF Domestic
2013-11-11,118663,Nippon India Gold Savings Fund - Direct Plan Growth Plan - Growth Option,13.9632,Nippon India Mutual Fund,Other Scheme - FoF Domestic
2013-11-12,118663,Nippon India Gold Savings Fund - Direct Plan Growth Plan - Growth Option,14.1421,Nippon India Mutual Fund,Other Scheme - FoF Domestic
2013-11-13,118663,Nippon India Gold Savings Fund - Direct Plan Growth Plan - Growth Option,14.119,Nippon India Mutual Fund,Other Scheme - FoF Domestic
2013-11-14,118663,Nippon India Gold Savings Fund - Direct Plan Growth Plan - Growth Option,14.1636,Nippon India Mutual Fund,Other Scheme - FoF Domestic
2013-11-18,118663,Nippon India Gold Savings Fund - Direct Plan Growth Plan - Growth Option,14.1896,Nippon India Mutual Fund,Other Scheme - FoF Domestic
2013-11-19,118663,Nippon India Gold Savings Fund - Direct Plan Growth Plan - Growth Option,14.1298,Nippon India Mutual Fund,Other Scheme - FoF Domestic
2013-11-20,118663,Nippon India Gold Savings Fund - Direct Plan Growth Plan - Growth Option,14.1263,Nippon India Mutual Fund,Other Scheme - FoF Domestic
2013-11-21,118663,Nippon India Gold Savings Fund - Direct Plan Growth Plan - Growth Option,14.0696,Nippon India Mutual Fund,Other Scheme - FoF Domestic
2013-11-22,118663,Nippon India Gold Savings Fund - Direct Plan Growth Plan - Growth Option,14.1117,Nippon India Mutual Fund,Other Scheme - FoF Domestic
2013-11-25,118663,Nippon India Gold Savings Fund - Direct Plan Growth Plan - Growth Option,13.9345,Nippon India Mutual Fund,Other Scheme - FoF Domestic
2013-11-26,118663,Nippon India Gold Savings Fund - Direct Plan Growth Plan - Growth Option,14.1343,Nippon India Mutual Fund,Other Scheme - FoF Domestic
2013-11-27,118663,Nippon India Gold Savings Fund - Direct Plan Growth Plan - Growth Option,14.0107,Nippon India Mutual Fund,Other Scheme - FoF Domestic
2013-11-28,118663,Nippon India Gold Savings Fund - Direct Plan Growth Plan - Growth Option,13.9649,Nippon India Mutual Fund,Other Scheme - FoF Domestic
2013-11-29,118663,Nippon India Gold Savings Fund - Direct Plan Growth Plan - Growth Option,14.0837,Nippon India Mutual Fund,Other Scheme - FoF Domestic
2013-12-02,118663,Nippon India Gold Savings Fund - Direct Plan Growth Plan - Growth Option,14.0356,Nippon India Mutual Fund,Other Scheme - FoF Domestic
2013-12-03,118663,Nippon India Gold Savings Fund - Direct Plan Growth Plan - Growth Option,13.9861,Nippon India Mutual Fund,Other Scheme - FoF Domestic
2013-12-04,118663,Nippon India Gold Savings Fund - Direct Plan Growth Plan - Growth Option,14.0315,Nippon India Mutual Fund,Other Scheme - FoF Domestic
2013-12-05,118663,Nippon India Gold Savings Fund - Direct Plan Growth Plan - Growth Option,14.0706,Nippon India Mutual Fund,Other Scheme - FoF Domestic
2013-12-06,118663,Nippon India Gold Savings Fund - Direct Plan Growth Plan - Growth Option,13.9486,Nippon India Mutual Fund,Other Scheme - FoF Domestic
2013-12-09,118663,Nippon India Gold Savings Fund - Direct Plan Growth Plan - Growth Option,13.8207,Nippon India Mutual Fund,Other Scheme - FoF Domestic
2013-12-10,118663,Nippon India Gold Savings Fund - Direct Plan Growth Plan - Growth Option,13.8851,Nippon India Mutual Fund,Other Scheme - FoF Domestic
2013-12-11,118663,Nippon India Gold Savings Fund - Direct Plan Growth Plan - Growth Option,13.9534,Nippon India Mutual Fund,Other Scheme - FoF Domestic
2013-12-12,118663,Nippon India Gold Savings Fund - Direct Plan Growth Plan - Growth Option,13.8938,Nippon India Mutual Fund,Other Scheme - FoF Domestic
2013-12-13,118663,Nippon India Gold Savings Fund - Direct Plan Growth Plan - Growth Option,13.8467,Nippon India Mutual Fund,Other Scheme - FoF Domestic
2013-12-16,118663,Nippon India Gold Savings Fund - Direct Plan Growth Plan - Growth Option,13.7846,Nippon India Mutual Fund,Other Scheme - FoF Domestic
2013-12-17,118663,Nippon India Gold Savings Fund - Direct Plan Growth Plan - Growth Option,13.714,Nippon India Mutual Fund,Other Scheme - FoF Domestic
2013-12-18,118663,Nippon India Gold Savings Fund - Direct Plan Growth Plan - Growth Option,13.7237,Nippon India Mutual Fund,Other Scheme - FoF Domestic
2013-12-19,118663,Nippon India Gold Savings Fund - Direct Plan Growth Plan - Growth Option,13.6594,Nippon India Mutual Fund,Other Scheme - FoF Domestic
2013-12-20,118663,Nippon India Gold Savings Fund - Direct Plan Growth Plan - Growth Option,13.5928,Nippon India Mutual Fund,Other Scheme - FoF Domestic
2013-12-23,118663,Nippon India Gold Savings Fund - Direct Plan Growth Plan - Growth Option,13.5877,Nippon India Mutual Fund,Other Scheme - FoF Domestic
2013-12-24,118663,Nippon India Gold Savings Fund - Direct Plan Growth Plan - Growth Option,13.496,Nippon India Mutual Fund,Other Scheme - FoF Domestic
2013-12-26,118663,Nippon India Gold Savings Fund - Direct Plan Growth Plan - Growth Option,13.5438,Nippon India Mutual Fund,Other Scheme - FoF Domestic
2013-12-27,118663,Nippon India Gold Savings Fund - Direct Plan Growth Plan - Growth Option,13.4556,Nippon India Mutual Fund,Other Scheme - FoF Domestic
2013-12-30,118663,Nippon India Gold Savings Fund - Direct Plan Growth Plan - Growth Option,13.3899,Nippon India Mutual Fund,Other Scheme - FoF Domestic
2013-12-31,118663,Nippon India Gold Savings Fund - Direct Plan Growth Plan - Growth Option,13.3165,Nippon India Mutual Fund,Other Scheme - FoF Domestic
2014-01-01,118663,Nippon India Gold Savings Fund - Direct Plan Growth Plan - Growth Option,13.3299,Nippon India Mutual Fund,Other Scheme - FoF Domestic
2014-01-02,118663,Nippon India Gold Savings Fund - Direct Plan Growth Plan - Growth Option,13.4456,Nippon India Mutual Fund,Other Scheme - FoF Domestic
2014-01-03,118663,Nippon India Gold Savings Fund - Direct Plan Growth Plan - Growth Option,13.6141,Nippon India Mutual Fund,Other Scheme - FoF Domestic
2014-01-06,118663,Nippon India Gold Savings Fund - Direct Plan Growth Plan - Growth Option,13.5959,Nippon India Mutual Fund,Other Scheme - FoF Domestic
2014-01-07,118663,Nippon India Gold Savings Fund - Direct Plan Growth Plan - Growth Option,13.5563,Nippon India Mutual Fund,Other Scheme - FoF Domestic
2014-01-08,118663,Nippon India Gold Savings Fund - Direct Plan Growth Plan - Growth Option,13.4628,Nippon India Mutual Fund,Other Scheme - FoF Domestic
2014-01-09,118663,Nippon India Gold Savings Fund - Direct Plan Growth Plan - Growth Option,13.4936,Nippon India Mutual Fund,Other Scheme - FoF Domestic
2014-01-10,118663,Nippon India Gold Savings Fund - Direct Plan Growth Plan - Growth Option,13.5134,Nippon India Mutual Fund,Other Scheme - FoF Domestic
2014-01-13,118663,Nippon India Gold Savings Fund - Direct Plan Growth Plan - Growth Option,13.5902,Nippon India Mutual Fund,Other Scheme - FoF Domestic
2014-01-14,118663,Nippon India Gold Savings Fund - Direct Plan Growth Plan - Growth Option,13.5621,Nippon India Mutual Fund,Other Scheme - FoF Domestic
2014-01-15,118663,Nippon India Gold Savings Fund - Direct Plan Growth Plan - Growth Option,13.5018,Nippon India Mutual Fund,Other Scheme - FoF Domestic
2014-01-16,118663,Nippon India Gold Savings Fund - Direct Plan Growth Plan - Growth Option,13.5395,Nippon India Mutual Fund,Other Scheme - FoF Domestic
2014-01-17,118663,Nippon India Gold Savings Fund - Direct Plan Growth Plan - Growth Option,13.5827,Nippon India Mutual Fund,Other Scheme - FoF Domestic
2014-01-20,118663,Nippon India Gold Savings Fund - Direct Plan Growth Plan - Growth Option,13.6516,Nippon India Mutual Fund,Other Scheme - FoF Domestic
2014-01-21,118663,Nippon India Gold Savings Fund - Direct Plan Growth Plan - Growth Option,13.5809,Nippon India Mutual Fund,Other Scheme - FoF Domestic
2014-01-22,118663,Nippon India Gold Savings Fund - Direct Plan Growth Plan - Growth Option,13.5424,Nippon India Mutual Fund,Other Scheme - FoF Domestic
2014-01-23,118663,Nippon India Gold Savings Fund - Direct Plan Growth Plan - Growth Option,13.515,Nippon India Mutual Fund,Other Scheme - FoF Domestic
2014-01-24,118663,Nippon India Gold Savings Fund - Direct Plan Growth Plan - Growth Option,13.6055,Nippon India Mutual Fund,Other Scheme - FoF Domestic
2014-01-27,118663,Nippon India Gold Savings Fund - Direct Plan Growth Plan - Growth Option,13.6681,Nippon India Mutual Fund,Other Scheme - FoF Domestic
2014-01-28,118663,Nippon India Gold Savings Fund - Direct Plan Growth Plan - Growth Option,13.5614,Nippon India Mutual Fund,Other Scheme - FoF Domestic
2014-01-29,118663,Nippon India Gold Savings Fund - Direct Plan Growth Plan - Growth Option,13.6242,Nippon India Mutual Fund,Other Scheme - FoF Domestic
2014-01-30,118663,Nippon India Gold Savings Fund - Direct Plan Growth Plan - Growth Option,13.6602,Nippon India Mutual Fund,Other Scheme - FoF Domestic
2014-01-31,118663,Nippon India Gold Savings Fund - Direct Plan Growth Plan - Growth Option,13.5287,Nippon India Mutual Fund,Other Scheme - FoF Domestic
2014-02-03,118663,Nippon India Gold Savings Fund - Direct Plan Growth Plan - Growth Option,13.575,Nippon India Mutual Fund,Other Scheme - FoF Domestic
2014-02-04,118663,Nippon India Gold Savings Fund - Direct Plan Growth Plan - Growth Option,13.6029,Nippon India Mutual Fund,Other Scheme - FoF Domestic
2014-02-05,118663,Nippon India Gold Savings Fund - Direct Plan Growth Plan - Growth Option,13.6156,Nippon India Mutual Fund,Other Scheme - FoF Domestic
2014-02-06,118663,Nippon India Gold Savings Fund - Direct Plan Growth Plan - Growth Option,13.5837,Nippon India Mutual Fund,Other Scheme - FoF Domestic
2014-02-07,118663,Nippon India Gold Savings Fund - Direct Plan Growth Plan - Growth Option,13.6277,Nippon India Mutual Fund,Other Scheme - FoF Domestic
2014-02-10,118663,Nippon India Gold Savings Fund - Direct Plan Growth Plan - Growth Option,13.7123,Nippon India Mutual Fund,Other Scheme - FoF Domestic
2014-02-11,118663,Nippon India Gold Savings Fund - Direct Plan Growth Plan - Growth Option,13.7887,Nippon India Mutual Fund,Other Scheme - FoF Domestic
2014-02-12,118663,Nippon India Gold Savings Fund - Direct Plan Growth Plan - Growth Option,13.7633,Nippon India Mutual Fund,Other Scheme - FoF Domestic
2014-02-13,118663,Nippon India Gold Savings Fund - Direct Plan Growth Plan - Growth Option,13.7302,Nippon India Mutual Fund,Other Scheme - FoF Domestic
2014-02-14,118663,Nippon India Gold Savings Fund - Direct Plan Growth Plan - Growth Option,13.7949,Nippon India Mutual Fund,Other Scheme - FoF Domestic
2014-02-17,118663,Nippon India Gold Savings Fund - Direct Plan Growth Plan - Growth Option,13.9833,Nippon India Mutual Fund,Other Scheme - FoF Domestic
2014-02-18,118663,Nippon India Gold Savings Fund - Direct Plan Growth Plan - Growth Option,14.0414,Nippon India Mutual Fund,Other Scheme - FoF Domestic
2014-02-19,118663,Nippon India Gold Savings Fund - Direct Plan Growth Plan - Growth Option,14.0332,Nippon India Mutual Fund,Other Scheme - FoF Domestic
2014-02-20,118663,Nippon India Gold Savings Fund - Direct Plan Growth Plan - Growth Option,14.0098,Nippon India Mutual Fund,Other Scheme - FoF Domestic
2014-02-21,118663,Nippon India Gold Savings Fund - Direct Plan Growth Plan - Growth Option,13.9685,Nippon India Mutual Fund,Other Scheme - FoF Domestic
2014-02-24,118663,Nippon India Gold Savings Fund - Direct Plan Growth Plan - Growth Option,14.029,Nippon India Mutual Fund,Other Scheme - FoF Domestic
2014-02-25,118663,Nippon India Gold Savings Fund - Direct Plan Growth Plan - Growth Option,14.0246,Nippon India Mutual Fund,Other Scheme - FoF Domestic
2014-02-26,118663,Nippon India Gold Savings Fund - Direct Plan Growth Plan - Growth Option,14.0174,Nippon India Mutual Fund,Other Scheme - FoF Domestic
2014-02-28,118663,Nippon India Gold Savings Fund - Direct Plan Growth Plan - Growth Option,14.007,Nippon India Mutual Fund,Other Scheme - FoF Domestic
2014-03-03,118663,Nippon India Gold Savings Fund - Direct Plan Growth Plan - Growth Option,14.0885,Nippon India Mutual Fund,Other Scheme - FoF Domestic
2014-03-04,118663,Nippon India Gold Savings Fund - Direct Plan Growth Plan - Growth Option,14.0061,Nippon India Mutual Fund,Other Scheme - FoF Domestic
2014-03-05,118663,Nippon India Gold Savings Fund - Direct Plan Growth Plan - Growth Option,13.922,Nippon India Mutual Fund,Other Scheme - FoF Domestic
2014-03-06,118663,Nippon India Gold Savings Fund - Direct Plan Growth Plan - Growth Option,13.8173,Nippon India Mutual Fund,Other Scheme - FoF Domestic
2014-03-07,118663,Nippon India Gold Savings Fund - Direct Plan Growth Plan - Growth Option,13.8726,Nippon India Mutual Fund,Other Scheme - FoF Domestic
2014-03-10,118663,Nippon India Gold Savings Fund - Direct Plan Growth Plan - Growth Option,13.7549,Nippon India Mutual Fund,Other Scheme - FoF Domestic
2014-03-11,118663,Nippon India Gold Savings Fund - Direct Plan Growth Plan - Growth Option,13.8254,Nippon India Mutual Fund,Other Scheme - FoF Domestic
2014-03-12,118663,Nippon India Gold Savings Fund - Direct Plan Growth Plan - Growth Option,13.886,Nippon India Mutual Fund,Other Scheme - FoF Domestic
2014-03-13,118663,Nippon India Gold Savings Fund - Direct Plan Growth Plan - Growth Option,13.8333,Nippon India Mutual Fund,Other Scheme - FoF Domestic
2014-03-14,118663,Nippon India Gold Savings Fund - Direct Plan Growth Plan - Growth Option,13.7644,Nippon India Mutual Fund,Other Scheme - FoF Domestic
2014-03-18,118663,Nippon India Gold Savings Fund - Direct Plan Growth Plan - Growth Option,13.7191,Nippon India Mutual Fund,Other Scheme - FoF Domestic
2014-03-19,118663,Nippon India Gold Savings Fund - Direct Plan Growth Plan - Growth Option,13.6918,Nippon India Mutual Fund,Other Scheme - FoF Domestic
2014-03-20,118663,Nippon India Gold Savings Fund - Direct Plan Growth Plan - Growth Option,13.5617,Nippon India Mutual Fund,Other Scheme - FoF Domestic
2014-03-21,118663,Nippon India Gold Savings Fund - Direct Plan Growth Plan - Growth Option,13.5016,Nippon India Mutual Fund,Other Scheme - FoF Domestic
2014-03-24,118663,Nippon India Gold Savings Fund - Direct Plan Growth Plan - Growth Option,13.3828,Nippon India Mutual Fund,Other Scheme - FoF Domestic
2014-03-25,118663,Nippon India Gold Savings Fund - Direct Plan Growth Plan - Growth Option,13.2782,Nippon India Mutual Fund,Other Scheme - FoF Domestic
2014-03-26,118663,Nippon India Gold Savings Fund - Direct Plan Growth Plan - Growth Option,13.2358,Nippon India Mutual Fund,Other Scheme - FoF Domestic
2014-03-27,118663,Nippon India Gold Savings Fund - Direct Plan Growth Plan - Growth Option,13.1602,Nippon India Mutual Fund,Other Scheme - FoF Domestic
2014-03-28,118663,Nippon India Gold Savings Fund - Direct Plan Growth Plan - Growth Option,13.1713,Nippon India Mutual Fund,Other Scheme - FoF Domestic
2014-03-31,118663,Nippon India Gold Savings Fund - Direct Plan Growth Plan - Growth Option,13.2051,Nippon India Mutual Fund,Other Scheme - FoF Domestic
2014-04-01,118663,Nippon India Gold Savings Fund - Direct Plan Growth Plan - Growth Option,13.0646,Nippon India Mutual Fund,Other Scheme - FoF Domestic
2014-04-02,118663,Nippon India Gold Savings Fund - Direct Plan Growth Plan - Growth Option,12.946,Nippon India Mutual Fund,Other Scheme - FoF Domestic
2014-04-03,118663,Nippon India Gold Savings Fund - Direct Plan Growth Plan - Growth Option,12.9636,Nippon India Mutual Fund,Other Scheme - FoF Domestic
2014-04-04,118663,Nippon India Gold Savings Fund - Direct Plan Growth Plan - Growth Option,12.9961,Nippon India Mutual Fund,Other Scheme - FoF Domestic
2014-04-07,118663,Nippon India Gold Savings Fund - Direct Plan Growth Plan - Growth Option,13.0352,Nippon India Mutual Fund,Other Scheme - FoF Domestic
2014-04-09,118663,Nippon India Gold Savings Fund - Direct Plan Growth Plan - Growth Option,13.1797,Nippon India Mutual Fund,Other Scheme - FoF Domestic
2014-04-10,118663,Nippon India Gold Savings Fund - Direct Plan Growth Plan - Growth Option,13.2926,Nippon India Mutual Fund,Other Scheme - FoF Domestic
2014-04-11,118663,Nippon India Gold Savings Fund - Direct Plan Growth Plan - Growth Option,13.239,Nippon India Mutual Fund,Other Scheme - FoF Domestic
2014-04-15,118663,Nippon India Gold Savings Fund - Direct Plan Growth Plan - Growth Option,13.3903,Nippon India Mutual Fund,Other Scheme - FoF Domestic
2014-04-16,118663,Nippon India Gold Savings Fund - Direct Plan Growth Plan - Growth Option,13.4337,Nippon India Mutual Fund,Other Scheme - FoF Domestic
2014-04-17,118663,Nippon India Gold Savings Fund - Direct Plan Growth Plan - Growth Option,13.4809,Nippon India Mutual Fund,Other Scheme - FoF Domestic
2014-04-21,118663,Nippon India Gold Savings Fund - Direct Plan Growth Plan - Growth Option,13.4947,Nippon India Mutual Fund,Other Scheme - FoF Domestic
2014-04-22,118663,Nippon India Gold Savings Fund - Direct Plan Growth Plan - Growth Option,13.5512,Nippon India Mutual Fund,Other Scheme - FoF Domestic
2014-04-23,118663,Nippon India Gold Savings Fund - Direct Plan Growth Plan - Growth Option,13.6671,Nippon India Mutual Fund,Other Scheme - FoF Domestic
2014-04-25,118663,Nippon India Gold Savings Fund - Direct Plan Growth Plan - Growth Option,13.7208,Nippon India Mutual Fund,Other Scheme - FoF Domestic
2014-04-28,118663,Nippon India Gold Savings Fund - Direct Plan Growth Plan - Growth Option,13.7448,Nippon India Mutual Fund,Other Scheme - FoF Domestic
2014-04-29,118663,Nippon India Gold Savings Fund - Direct Plan Growth Plan - Growth Option,13.6414,Nippon India Mutual Fund,Other Scheme - FoF Domestic
2014-04-30,118663,Nippon India Gold Savings Fund - Direct Plan Growth Plan - Growth Option,13.6992,Nippon India Mutual Fund,Other Scheme - FoF Domestic
2014-05-02,118663,Nippon India Gold Savings Fund - Direct Plan Growth Plan - Growth Option,13.9634,Nippon India Mutual Fund,Other Scheme - FoF Domestic
2014-05-05,118663,Nippon India Gold Savings Fund - Direct Plan Growth Plan - Growth Option,13.6802,Nippon India Mutual Fund,Other Scheme - FoF Domestic
2014-05-06,118663,Nippon India Gold Savings Fund - Direct Plan Growth Plan - Growth Option,13.6427,Nippon India Mutual Fund,Other Scheme - FoF Domestic
2014-05-07,118663,Nippon India Gold Savings Fund - Direct Plan Growth Plan - Growth Option,13.6496,Nippon India Mutual Fund,Other Scheme - FoF Domestic
2014-05-08,118663,Nippon India Gold Savings Fund - Direct Plan Growth Plan - Growth Option,13.483,Nippon India Mutual Fund,Other Scheme - FoF Domestic
2014-05-09,118663,Nippon India Gold Savings Fund - Direct Plan Growth Plan - Growth Option,13.4788,Nippon India Mutual Fund,Other Scheme - FoF Domestic
2014-05-12,118663,Nippon India Gold Savings Fund - Direct Plan Growth Plan - Growth Option,13.4284,Nippon India Mutual Fund,Other Scheme - FoF Domestic
2014-05-13,118663,Nippon India Gold Savings Fund - Direct Plan Growth Plan - Growth Option,13.3934,Nippon India Mutual Fund,Other Scheme - FoF Domestic
2014-05-14,118663,Nippon India Gold Savings Fund - Direct Plan Growth Plan - Growth Option,13.3846,Nippon India Mutual Fund,Other Scheme - FoF Domestic
2014-05-15,118663,Nippon India Gold Savings Fund - Direct Plan Growth Plan - Growth Option,13.386,Nippon India Mutual Fund,Other Scheme - FoF Domestic
2014-05-16,118663,Nippon India Gold Savings Fund - Direct Plan Growth Plan - Growth Option,13.1496,Nippon India Mutual Fund,Other Scheme - FoF Domestic
2014-05-19,118663,Nippon India Gold Savings Fund - Direct Plan Growth Plan - Growth Option,13.065,Nippon India Mutual Fund,Other Scheme - FoF Domestic
2014-05-20,118663,Nippon India Gold Savings Fund - Direct Plan Growth Plan - Growth Option,12.9698,Nippon India Mutual Fund,Other Scheme - FoF Domestic
2014-05-21,118663,Nippon India Gold Savings Fund - Direct Plan Growth Plan - Growth Option,12.8883,Nippon India Mutual Fund,Other Scheme - FoF Domestic
2014-05-22,118663,Nippon India Gold Savings Fund - Direct Plan Growth Plan - Growth Option,12.5048,Nippon India Mutual Fund,Other Scheme - FoF Domestic
2014-05-23,118663,Nippon India Gold Savings Fund - Direct Plan Growth Plan - Growth Option,12.5041,Nippon India Mutual Fund,Other Scheme - FoF Domestic
2014-05-26,118663,Nippon India Gold Savings Fund - Direct Plan Growth Plan - Growth Option,12.5037,Nippon India Mutual Fund,Other Scheme - FoF Domestic
2014-05-27,118663,Nippon India Gold Savings Fund - Direct Plan Growth Plan - Growth Option,12.4396,Nippon India Mutual Fund,Other Scheme - FoF Domestic
2014-05-28,118663,Nippon India Gold Savings Fund - Direct Plan Growth Plan - Growth Option,12.3942,Nippon India Mutual Fund,Other Scheme - FoF Domestic
2014-05-29,118663,Nippon India Gold Savings Fund - Direct Plan Growth Plan - Growth Option,12.2016,Nippon India Mutual Fund,Other Scheme - FoF Domestic
2014-05-30,118663,Nippon India Gold Savings Fund - Direct Plan Growth Plan - Growth Option,12.3634,Nippon India Mutual Fund,Other Scheme - FoF Domestic
2014-06-02,118663,Nippon India Gold Savings Fund - Direct Plan Growth Plan - Growth Option,12.3571,Nippon India Mutual Fund,Other Scheme - FoF Domestic
2014-06-03,118663,Nippon India Gold Savings Fund - Direct Plan Growth Plan - Growth Option,12.2377,Nippon India Mutual Fund,Other Scheme - FoF Domestic
2014-06-04,118663,Nippon India Gold Savings Fund - Direct Plan Growth Plan - Growth Option,12.1357,Nippon India Mutual Fund,Other Scheme - FoF Domestic
2014-06-05,118663,Nippon India Gold Savings Fund - Direct Plan Growth Plan - Growth Option,12.1401,Nippon India Mutual Fund,Other Scheme - FoF Domestic
2014-06-06,118663,Nippon India Gold Savings Fund - Direct Plan Growth Plan - Growth Option,12.141,Nippon India Mutual Fund,Other Scheme - FoF Domestic
2014-06-09,118663,Nippon India Gold Savings Fund - Direct Plan Growth Plan - Growth Option,12.1003,Nippon India Mutual Fund,Other Scheme - FoF Domestic
2014-06-10,118663,Nippon India Gold Savings Fund - Direct Plan Growth Plan - Growth Option,12.1308,Nippon India Mutual Fund,Other Scheme - FoF Domestic
2014-06-11,118663,Nippon India Gold Savings Fund - Direct Plan Growth Plan - Growth Option,12.1617,Nippon India Mutual Fund,Other Scheme - FoF Domestic
2014-06-12,118663,Nippon India Gold Savings Fund - Direct Plan Growth Plan - Growth Option,12.1471,Nippon India Mutual Fund,Other Scheme - FoF Domestic
2014-06-13,118663,Nippon India Gold Savings Fund - Direct Plan Growth Plan - Growth Option,12.3186,Nippon India Mutual Fund,Other Scheme - FoF Domestic
2014-06-16,118663,Nippon India Gold Savings Fund - Direct Plan Growth Plan - Growth Option,12.5819,Nippon India Mutual Fund,Other Scheme - FoF Domestic
2014-06-17,118663,Nippon India Gold Savings Fund - Direct Plan Growth Plan - Growth Option,12.4293,Nippon India Mutual Fund,Other Scheme - FoF Domestic
2014-06-18,118663,Nippon India Gold Savings Fund - Direct Plan Growth Plan - Growth Option,12.5345,Nippon India Mutual Fund,Other Scheme - FoF Domestic
2014-06-19,118663,Nippon India Gold Savings Fund - Direct Plan Growth Plan - Growth Option,12.5716,Nippon India Mutual Fund,Other Scheme - FoF Domestic
2014-06-20,118663,Nippon India Gold Savings Fund - Direct Plan Growth Plan - Growth Option,12.8397,Nippon India Mutual Fund,Other Scheme - FoF Domestic
2014-06-23,118663,Nippon India Gold Savings Fund - Direct Plan Growth Plan - Growth Option,12.8372,Nippon India Mutual Fund,Other Scheme - FoF Domestic
2014-06-24,118663,Nippon India Gold Savings Fund - Direct Plan Growth Plan - Growth Option,12.846,Nippon India Mutual Fund,Other Scheme - FoF Domestic
2014-06-25,118663,Nippon India Gold Savings Fund - Direct Plan Growth Plan - Growth Option,12.8031,Nippon India Mutual Fund,Other Scheme - FoF Domestic
2014-06-26,118663,Nippon India Gold Savings Fund - Direct Plan Growth Plan - Growth Option,12.8366,Nippon India Mutual Fund,Other Scheme - FoF Domestic
2014-06-27,118663,Nippon India Gold Savings Fund - Direct Plan Growth Plan - Growth Option,12.7962,Nippon India Mutual Fund,Other Scheme - FoF Domestic
2014-06-30,118663,Nippon India Gold Savings Fund - Direct Plan Growth Plan - Growth Option,12.7506,Nippon India Mutual Fund,Other Scheme - FoF Domestic
2014-07-01,118663,Nippon India Gold Savings Fund - Direct Plan Growth Plan - Growth Option,12.8304,Nippon India Mutual Fund,Other Scheme - FoF Domestic
2014-07-02,118663,Nippon India Gold Savings Fund - Direct Plan Growth Plan - Growth Option,12.7512,Nippon India Mutual Fund,Other Scheme - FoF Domestic
2014-07-03,118663,Nippon India Gold Savings Fund - Direct Plan Growth Plan - Growth Option,12.6998,Nippon India Mutual Fund,Other Scheme - FoF Domestic
2014-07-04,118663,Nippon India Gold Savings Fund - Direct Plan Growth Plan - Growth Option,12.6993,Nippon India Mutual Fund,Other Scheme - FoF Domestic
2014-07-07,118663,Nippon India Gold Savings Fund - Direct Plan Growth Plan - Growth Option,12.5756,Nippon India Mutual Fund,Other Scheme - FoF Domestic
2014-07-08,118663,Nippon India Gold Savings Fund - Direct Plan Growth Plan - Growth Option,12.6002,Nippon India Mutual Fund,Other Scheme - FoF Domestic
2014-07-09,118663,Nippon India Gold Savings Fund - Direct Plan Growth Plan - Growth Option,12.615,Nippon India Mutual Fund,Other Scheme - FoF Domestic
2014-07-10,118663,Nippon India Gold Savings Fund - Direct Plan Growth Plan - Growth Option,13.1038,Nippon India Mutual Fund,Other Scheme - FoF Domestic
2014-07-11,118663,Nippon India Gold Savings Fund - Direct Plan Growth Plan - Growth Option,12.8799,Nippon India Mutual Fund,Other Scheme - FoF Domestic
2014-07-14,118663,Nippon India Gold Savings Fund - Direct Plan Growth Plan - Growth Option,12.8206,Nippon India Mutual Fund,Other Scheme - FoF Domestic
2014-07-15,118663,Nippon India Gold Savings Fund - Direct Plan Growth Plan - Growth Option,12.7364,Nippon India Mutual Fund,Other Scheme - FoF Domestic
2014-07-16,118663,Nippon India Gold Savings Fund - Direct Plan Growth Plan - Growth Option,12.6712,Nippon India Mutual Fund,Other Scheme - FoF Domestic
2014-07-17,118663,Nippon India Gold Savings Fund - Direct Plan Growth Plan - Growth Option,12.7019,Nippon India Mutual Fund,Other Scheme - FoF Domestic
2014-07-18,118663,Nippon India Gold Savings Fund - Direct Plan Growth Plan - Growth Option,12.7506,Nippon India Mutual Fund,Other Scheme - FoF Domestic
2014-07-21,118663,Nippon India Gold Savings Fund - Direct Plan Growth Plan - Growth Option,12.8189,Nippon India Mutual Fund,Other Scheme - FoF Domestic
2014-07-22,118663,Nippon India Gold Savings Fund - Direct Plan Growth Plan - Growth Option,12.7329,Nippon India Mutual Fund,Other Scheme - FoF Domestic
2014-07-23,118663,Nippon India Gold Savings Fund - Direct Plan Growth Plan - Growth Option,12.7922,Nippon India Mutual Fund,Other Scheme - FoF Domestic
2014-07-24,118663,Nippon India Gold Savings Fund - Direct Plan Growth Plan - Growth Option,12.6554,Nippon India Mutual Fund,Other Scheme - FoF Domestic
2014-07-25,118663,Nippon India Gold Savings Fund - Direct Plan Growth Plan - Growth Option,12.5588,Nippon India Mutual Fund,Other Scheme - FoF Domestic
2014-07-28,118663,Nippon India Gold Savings Fund - Direct Plan Growth Plan - Growth Option,12.6571,Nippon India Mutual Fund,Other Scheme - FoF Domestic
2014-07-30,118663,Nippon India Gold Savings Fund - Direct Plan Growth Plan - Growth Option,12.6318,Nippon India Mutual Fund,Other Scheme - FoF Domestic
2014-07-31,118663,Nippon India Gold Savings Fund - Direct Plan Growth Plan - Growth Option,12.635,Nippon India Mutual Fund,Other Scheme - FoF Domestic
2014-08-01,118663,Nippon India Gold Savings Fund - Direct Plan Growth Plan - Growth Option,12.6761,Nippon India Mutual Fund,Other Scheme - FoF Domestic
2014-08-04,118663,Nippon India Gold Savings Fund - Direct Plan Growth Plan - Growth Option,12.7378,Nippon India Mutual Fund,Other Scheme - FoF Domestic
2014-08-05,118663,Nippon India Gold Savings Fund - Direct Plan Growth Plan - Growth Option,12.6956,Nippon India Mutual Fund,Other Scheme - FoF Domestic
2014-08-06,118663,Nippon India Gold Savings Fund - Direct Plan Growth Plan - Growth Option,12.7732,Nippon India Mutual Fund,Other Scheme - FoF Domestic
2014-08-07,118663,Nippon India Gold Savings Fund - Direct Plan Growth Plan - Growth Option,12.8763,Nippon India Mutual Fund,Other Scheme - FoF Domestic
2014-08-08,118663,Nippon India Gold Savings Fund - Direct Plan Growth Plan - Growth Option,13.0927,Nippon India Mutual Fund,Other Scheme - FoF Domestic
2014-08-11,118663,Nippon India Gold Savings Fund - Direct Plan Growth Plan - Growth Option,12.8901,Nippon India Mutual Fund,Other Scheme - FoF Domestic
2014-08-12,118663,Nippon India Gold Savings Fund - Direct Plan Growth Plan - Growth Option,12.8987,Nippon India Mutual Fund,Other Scheme - FoF Domestic
2014-08-13,118663,Nippon India Gold Savings Fund - Direct Plan Growth Plan - Growth Option,12.88,Nippon India Mutual Fund,Other Scheme - FoF Domestic
2014-08-14,118663,Nippon India Gold Savings Fund - Direct Plan Growth Plan - Growth Option,12.9289,Nippon India Mutual Fund,Other Scheme - FoF Domestic
2014-08-18,118663,Nippon India Gold Savings Fund - Direct Plan Growth Plan - Growth Option,12.7876,Nippon India Mutual Fund,Other Scheme - FoF Domestic
2014-08-19,118663,Nippon India Gold Savings Fund - Direct Plan Growth Plan - Growth Option,12.8149,Nippon India Mutual Fund,Other Scheme - FoF Domestic
2014-08-20,118663,Nippon India Gold Savings Fund - Direct Plan Growth Plan - Growth Option,12.7692,Nippon India Mutual Fund,Other Scheme - FoF Domestic
2014-08-21,118663,Nippon India Gold Savings Fund - Direct Plan Growth Plan - Growth Option,12.6623,Nippon India Mutual Fund,Other Scheme - FoF Domestic
2014-08-22,118663,Nippon India Gold Savings Fund - Direct Plan Growth Plan - Growth Option,12.5802,Nippon India Mutual Fund,Other Scheme - FoF Domestic
2014-08-25,118663,Nippon India Gold Savings Fund - Direct Plan Growth Plan - Growth Option,12.5815,Nippon India Mutual Fund,Other Scheme - FoF Domestic
2014-08-26,118663,Nippon India Gold Savings Fund - Direct Plan Growth Plan - Growth Option,12.6599,Nippon India Mutual Fund,Other Scheme - FoF Domestic
2014-08-27,118663,Nippon India Gold Savings Fund - Direct Plan Growth Plan - Growth Option,12.5919,Nippon India Mutual Fund,Other Scheme - FoF Domestic
2014-08-28,118663,Nippon India Gold Savings Fund - Direct Plan Growth Plan - Growth Option,12.6392,Nippon India Mutual Fund,Other Scheme - FoF Domestic
2014-09-01,118663,Nippon India Gold Savings Fund - Direct Plan Growth Plan - Growth Option,12.6248,Nippon India Mutual Fund,Other Scheme - FoF Domestic
2014-09-02,118663,Nippon India Gold Savings Fund - Direct Plan Growth Plan - Growth Option,12.5776,Nippon India Mutual Fund,Other Scheme - FoF Domestic
2014-09-03,118663,Nippon India Gold Savings Fund - Direct Plan Growth Plan - Growth Option,12.4801,Nippon India Mutual Fund,Other Scheme - FoF Domestic
2014-09-04,118663,Nippon India Gold Savings Fund - Direct Plan Growth Plan - Growth Option,12.4502,Nippon India Mutual Fund,Other Scheme - FoF Domestic
2014-09-05,118663,Nippon India Gold Savings Fund - Direct Plan Growth Plan - Growth Option,12.4032,Nippon India Mutual Fund,Other Scheme - FoF Domestic
2014-09-08,118663,Nippon India Gold Savings Fund - Direct Plan Growth Plan - Growth Option,12.3745,Nippon India Mutual Fund,Other Scheme - FoF Domestic
2014-09-09,118663,Nippon India Gold Savings Fund - Direct Plan Growth Plan - Growth Option,12.3141,Nippon India Mutual Fund,Other Scheme - FoF Domestic
2014-09-10,118663,Nippon India Gold Savings Fund - Direct Plan Growth Plan - Growth Option,12.3973,Nippon India Mutual Fund,Other Scheme - FoF Domestic
2014-09-11,118663,Nippon India Gold Savings Fund - Direct Plan Growth Plan - Growth Option,12.3631,Nippon India Mutual Fund,Other Scheme - FoF Domestic
2014-09-12,118663,Nippon India Gold Savings Fund - Direct Plan Growth Plan - Growth Option,12.507,Nippon India Mutual Fund,Other Scheme - FoF Domestic
2014-09-15,118663,Nippon India Gold Savings Fund - Direct Plan Growth Plan - Growth Option,12.4357,Nippon India Mutual Fund,Other Scheme - FoF Domestic
2014-09-16,118663,Nippon India Gold Savings Fund - Direct Plan Growth Plan - Growth Option,12.3893,Nippon India Mutual Fund,Other Scheme - FoF Domestic
2014-09-17,118663,Nippon India Gold Savings Fund - Direct Plan Growth Plan - Growth Option,12.3158,Nippon India Mutual Fund,Other Scheme - FoF Domestic
2014-09-18,118663,Nippon India Gold Savings Fund - Direct Plan Growth Plan - Growth Option,12.252,Nippon India Mutual Fund,Other Scheme - FoF Domestic
2014-09-19,118663,Nippon India Gold Savings Fund - Direct Plan Growth Plan - Growth Option,12.2321,Nippon India Mutual Fund,Other Scheme - FoF Domestic
2014-09-22,118663,Nippon India Gold Savings Fund - Direct Plan Growth Plan - Growth Option,12.1975,Nippon India Mutual Fund,Other Scheme - FoF Domestic
2014-09-23,118663,Nippon India Gold Savings Fund - Direct Plan Growth Plan - Growth Option,12.2408,Nippon India Mutual Fund,Other Scheme - FoF Domestic
2014-09-24,118663,Nippon India Gold Savings Fund - Direct Plan Growth Plan - Growth Option,12.2255,Nippon India Mutual Fund,Other Scheme - FoF Domestic
2014-09-25,118663,Nippon India Gold Savings Fund - Direct Plan Growth Plan - Growth Option,12.1622,Nippon India Mutual Fund,Other Scheme - FoF Domestic
2014-09-26,118663,Nippon India Gold Savings Fund - Direct Plan Growth Plan - Growth Option,12.198,Nippon India Mutual Fund,Other Scheme - FoF Domestic
2014-09-29,118663,Nippon India Gold Savings Fund - Direct Plan Growth Plan - Growth Option,12.169,Nippon India Mutual Fund,Other Scheme - FoF Domestic
2014-09-30,118663,Nippon India Gold Savings Fund - Direct Plan Growth Plan - Growth Option,12.1277,Nippon India Mutual Fund,Other Scheme - FoF Domestic
2014-10-01,118663,Nippon India Gold Savings Fund - Direct Plan Growth Plan - Growth Option,12.2363,Nippon India Mutual Fund,Other Scheme - FoF Domestic
2014-10-07,118663,Nippon India Gold Savings Fund - Direct Plan Growth Plan - Growth Option,12.1801,Nippon India Mutual Fund,Other Scheme - FoF Domestic
2014-10-08,118663,Nippon India Gold Savings Fund - Direct Plan Growth Plan - Growth Option,12.2297,Nippon India Mutual Fund,Other Scheme - FoF Domestic
2014-10-09,118663,Nippon India Gold Savings Fund - Direct Plan Growth Plan - Growth Option,12.2052,Nippon India Mutual Fund,Other Scheme - FoF Domestic
2014-10-10,118663,Nippon India Gold Savings Fund - Direct Plan Growth Plan - Growth Option,12.2383,Nippon India Mutual Fund,Other Scheme - FoF Domestic
2014-10-13,118663,Nippon India Gold Savings Fund - Direct Plan Growth Plan - Growth Option,12.3003,Nippon India Mutual Fund,Other Scheme - FoF Domestic
2014-10-14,118663,Nippon India Gold Savings Fund - Direct Plan Growth Plan - Growth Option,12.2865,Nippon India Mutual Fund,Other Scheme - FoF Domestic
2014-10-16,118663,Nippon India Gold Savings Fund - Direct Plan Growth Plan - Growth Option,12.4239,Nippon India Mutual Fund,Other Scheme - FoF Domestic
2014-10-17,118663,Nippon India Gold Savings Fund - Direct Plan Growth Plan - Growth Option,12.3429,Nippon India Mutual Fund,Other Scheme - FoF Domestic
2014-10-20,118663,Nippon India Gold Savings Fund - Direct Plan Growth Plan - Growth Option,12.3661,Nippon India Mutual Fund,Other Scheme - FoF Domestic
2014-10-21,118663,Nippon India Gold Savings Fund - Direct Plan Growth Plan - Growth Option,12.8101,Nippon India Mutual Fund,Other Scheme - FoF Domestic
2014-10-22,118663,Nippon India Gold Savings Fund - Direct Plan Growth Plan - Growth Option,12.4829,Nippon India Mutual Fund,Other Scheme - FoF Domestic
2014-10-27,118663,Nippon India Gold Savings Fund - Direct Plan Growth Plan - Growth Option,12.3305,Nippon India Mutual Fund,Other Scheme - FoF Domestic
2014-10-28,118663,Nippon India Gold Savings Fund - Direct Plan Growth Plan - Growth Option,12.2631,Nippon India Mutual Fund,Other Scheme - FoF Domestic
2014-10-29,118663,Nippon India Gold Savings Fund - Direct Plan Growth Plan - Growth Option,12.2308,Nippon India Mutual Fund,Other Scheme - FoF Domestic
2014-10-30,118663,Nippon India Gold Savings Fund - Direct Plan Growth Plan - Growth Option,12.174,Nippon India Mutual Fund,Other Scheme - FoF Domestic
2014-10-31,118663,Nippon India Gold Savings Fund - Direct Plan Growth Plan - Growth Option,11.9837,Nippon India Mutual Fund,Other Scheme - FoF Domestic
2014-11-03,118663,Nippon India Gold Savings Fund - Direct Plan Growth Plan - Growth Option,11.956,Nippon India Mutual Fund,Other Scheme - FoF Domestic
2014-11-05,118663,Nippon India Gold Savings Fund - Direct Plan Growth Plan - Growth Option,11.9007,Nippon India Mutual Fund,Other Scheme - FoF Domestic
2014-11-07,118663,Nippon India Gold Savings Fund - Direct Plan Growth Plan - Growth Option,11.7888,Nippon India Mutual Fund,Other Scheme - FoF Domestic
2014-11-10,118663,Nippon India Gold Savings Fund - Direct Plan Growth Plan - Growth Option,11.8793,Nippon India Mutual Fund,Other Scheme - FoF Domestic
2014-11-11,118663,Nippon India Gold Savings Fund - Direct Plan Growth Plan - Growth Option,11.7243,Nippon India Mutual Fund,Other Scheme - FoF Domestic
2014-11-12,118663,Nippon India Gold Savings Fund - Direct Plan Growth Plan - Growth Option,11.6777,Nippon India Mutual Fund,Other Scheme - FoF Domestic
2014-11-13,118663,Nippon India Gold Savings Fund - Direct Plan Growth Plan - Growth Option,11.7035,Nippon India Mutual Fund,Other Scheme - FoF Domestic
2014-11-14,118663,Nippon India Gold Savings Fund - Direct Plan Growth Plan - Growth Option,11.6462,Nippon India Mutual Fund,Other Scheme - FoF Domestic
2014-11-17,118663,Nippon India Gold Savings Fund - Direct Plan Growth Plan - Growth Option,11.9644,Nippon India Mutual Fund,Other Scheme - FoF Domestic
2014-11-18,118663,Nippon India Gold Savings Fund - Direct Plan Growth Plan - Growth Option,11.9585,Nippon India Mutual Fund,Other Scheme - FoF Domestic
2014-11-19,118663,Nippon India Gold Savings Fund - Direct Plan Growth Plan - Growth Option,11.9746,Nippon India Mutual Fund,Other Scheme - FoF Domestic
2014-11-20,118663,Nippon India Gold Savings Fund - Direct Plan Growth Plan - Growth Option,12.0033,Nippon India Mutual Fund,Other Scheme - FoF Domestic
2014-11-21,118663,Nippon India Gold Savings Fund - Direct Plan Growth Plan - Growth Option,11.907,Nippon India Mutual Fund,Other Scheme - FoF Domestic
2014-11-24,118663,Nippon India Gold Savings Fund - Direct Plan Growth Plan - Growth Option,11.9119,Nippon India Mutual Fund,Other Scheme - FoF Domestic
2014-11-25,118663,Nippon India Gold Savings Fund - Direct Plan Growth Plan - Growth Option,11.9281,Nippon India Mutual Fund,Other Scheme - FoF Domestic
2014-11-26,118663,Nippon India Gold Savings Fund - Direct Plan Growth Plan - Growth Option,11.8882,Nippon India Mutual Fund,Other Scheme - FoF Domestic
2014-11-27,118663,Nippon India Gold Savings Fund - Direct Plan Growth Plan - Growth Option,11.9026,Nippon India Mutual Fund,Other Scheme - FoF Domestic
2014-11-28,118663,Nippon India Gold Savings Fund - Direct Plan Growth Plan - Growth Option,11.8641,Nippon India Mutual Fund,Other Scheme - FoF Domestic
2014-12-01,118663,Nippon India Gold Savings Fund - Direct Plan Growth Plan - Growth Option,11.727,Nippon India Mutual Fund,Other Scheme - FoF Domestic
2014-12-02,118663,Nippon India Gold Savings Fund - Direct Plan Growth Plan - Growth Option,11.8969,Nippon India Mutual Fund,Other Scheme - FoF Domestic
2014-12-03,118663,Nippon India Gold Savings Fund - Direct Plan Growth Plan - Growth Option,11.9197,Nippon India Mutual Fund,Other Scheme - FoF Domestic
2014-12-04,118663,Nippon India Gold Savings Fund - Direct Plan Growth Plan - Growth Option,11.8891,Nippon India Mutual Fund,Other Scheme - FoF Domestic
2014-12-05,118663,Nippon India Gold Savings Fund - Direct Plan Growth Plan - Growth Option,11.8883,Nippon India Mutual Fund,Other Scheme - FoF Domestic
2014-12-08,118663,Nippon India Gold Savings Fund - Direct Plan Growth Plan - Growth Option,11.8618,Nippon India Mutual Fund,Other Scheme - FoF Domestic
2014-12-09,118663,Nippon India Gold Savings Fund - Direct Plan Growth Plan - Growth Option,11.9383,Nippon India Mutual Fund,Other Scheme - FoF Domestic
2014-12-10,118663,Nippon India Gold Savings Fund - Direct Plan Growth Plan - Growth Option,12.2174,Nippon India Mutual Fund,Other Scheme - FoF Domestic
2014-12-11,118663,Nippon India Gold Savings Fund - Direct Plan Growth Plan - Growth Option,12.1158,Nippon India Mutual Fund,Other Scheme - FoF Domestic
2014-12-12,118663,Nippon India Gold Savings Fund - Direct Plan Growth Plan - Growth Option,12.1591,Nippon India Mutual Fund,Other Scheme - FoF Domestic
2014-12-15,118663,Nippon India Gold Savings Fund - Direct Plan Growth Plan - Growth Option,12.1013,Nippon India Mutual Fund,Other Scheme - FoF Domestic
2014-12-16,118663,Nippon India Gold Savings Fund - Direct Plan Growth Plan - Growth Option,12.1506,Nippon India Mutual Fund,Other Scheme - FoF Domestic
2014-12-17,118663,Nippon India Gold Savings Fund - Direct Plan Growth Plan - Growth Option,12.1513,Nippon India Mutual Fund,Other Scheme - FoF Domestic
2014-12-18,118663,Nippon India Gold Savings Fund - Direct Plan Growth Plan - Growth Option,12.1127,Nippon India Mutual Fund,Other Scheme - FoF Domestic
2014-12-19,118663,Nippon India Gold Savings Fund - Direct Plan Growth Plan - Growth Option,12.0853,Nippon India Mutual Fund,Other Scheme - FoF Domestic
2014-12-22,118663,Nippon India Gold Savings Fund - Direct Plan Growth Plan - Growth Option,12.1171,Nippon India Mutual Fund,Other Scheme - FoF Domestic
2014-12-23,118663,Nippon India Gold Savings Fund - Direct Plan Growth Plan - Growth Option,11.9683,Nippon India Mutual Fund,Other Scheme - FoF Domestic
2014-12-24,118663,Nippon India Gold Savings Fund - Direct Plan Growth Plan - Growth Option,11.9751,Nippon India Mutual Fund,Other Scheme - FoF Domestic
2014-12-26,118663,Nippon India Gold Savings Fund - Direct Plan Growth Plan - Growth Option,12.0802,Nippon India Mutual Fund,Other Scheme - FoF Domestic
2014-12-29,118663,Nippon India Gold Savings Fund - Direct Plan Growth Plan - Growth Option,12.1446,Nippon India Mutual Fund,Other Scheme - FoF Domestic
2014-12-30,118663,Nippon India Gold Savings Fund - Direct Plan Growth Plan - Growth Option,12.073,Nippon India Mutual Fund,Other Scheme - FoF Domestic
2014-12-31,118663,Nippon India Gold Savings Fund - Direct Plan Growth Plan - Growth Option,12.0659,Nippon India Mutual Fund,Other Scheme - FoF Domestic
2015-01-01,118663,Nippon India Gold Savings Fund - Direct Plan Growth Plan - Growth Option,12.0204,Nippon India Mutual Fund,Other Scheme - FoF Domestic
2015-01-02,118663,Nippon India Gold Savings Fund - Direct Plan Growth Plan - Growth Option,12.0403,Nippon India Mutual Fund,Other Scheme - FoF Domestic
2015-01-05,118663,Nippon India Gold Savings Fund - Direct Plan Growth Plan - Growth Option,12.1113,Nippon India Mutual Fund,Other Scheme - FoF Domestic
2015-01-06,118663,Nippon India Gold Savings Fund - Direct Plan Growth Plan - Growth Option,12.2787,Nippon India Mutual Fund,Other Scheme - FoF Domestic
2015-01-07,118663,Nippon India Gold Savings Fund - Direct Plan Growth Plan - Growth Option,12.278,Nippon India Mutual Fund,Other Scheme - FoF Domestic
2015-01-08,118663,Nippon India Gold Savings Fund - Direct Plan Growth Plan - Growth Option,12.0924,Nippon India Mutual Fund,Other Scheme - FoF Domestic
2015-01-09,118663,Nippon India Gold Savings Fund - Direct Plan Growth Plan - Growth Option,12.113,Nippon India Mutual Fund,Other Scheme - FoF Domestic
2015-01-12,118663,Nippon India Gold Savings Fund - Direct Plan Growth Plan - Growth Option,12.1899,Nippon India Mutual Fund,Other Scheme - FoF Domestic
2015-01-13,118663,Nippon India Gold Savings Fund - Direct Plan Growth Plan - Growth Option,12.2922,Nippon India Mutual Fund,Other Scheme - FoF Domestic
2015-01-14,118663,Nippon India Gold Savings Fund - Direct Plan Growth Plan - Growth Option,12.1945,Nippon India Mutual Fund,Other Scheme - FoF Domestic
2015-01-15,118663,Nippon India Gold Savings Fund - Direct Plan Growth Plan - Growth Option,12.1664,Nippon India Mutual Fund,Other Scheme - FoF Domestic
2015-01-16,118663,Nippon India Gold Savings Fund - Direct Plan Growth Plan - Growth Option,12.4727,Nippon India Mutual Fund,Other Scheme - FoF Domestic
2015-01-19,118663,Nippon India Gold Savings Fund - Direct Plan Growth Plan - Growth Option,12.5646,Nippon India Mutual Fund,Other Scheme - FoF Domestic
2015-01-20,118663,Nippon India Gold Savings Fund - Direct Plan Growth Plan - Growth Option,12.6726,Nippon India Mutual Fund,Other Scheme - FoF Domestic
2015-01-21,118663,Nippon India Gold Savings Fund - Direct Plan Growth Plan - Growth Option,12.7491,Nippon India Mutual Fund,Other Scheme - FoF Domestic
2015-01-22,118663,Nippon India Gold Savings Fund - Direct Plan Growth Plan - Growth Option,12.628,Nippon India Mutual Fund,Other Scheme - FoF Domestic
2015-01-23,118663,Nippon India Gold Savings Fund - Direct Plan Growth Plan - Growth Option,12.6882,Nippon India Mutual Fund,Other Scheme - FoF Domestic
2015-01-27,118663,Nippon India Gold Savings Fund - Direct Plan Growth Plan - Growth Option,12.6023,Nippon India Mutual Fund,Other Scheme - FoF Domestic
2015-01-28,118663,Nippon India Gold Savings Fund - Direct Plan Growth Plan - Growth Option,12.6451,Nippon India Mutual Fund,Other Scheme - FoF Domestic
2015-01-29,118663,Nippon India Gold Savings Fund - Direct Plan Growth Plan - Growth Option,12.5547,Nippon India Mutual Fund,Other Scheme - FoF Domestic
2015-01-30,118663,Nippon India Gold Savings Fund - Direct Plan Growth Plan - Growth Option,12.503,Nippon India Mutual Fund,Other Scheme - FoF Domestic
2015-02-02,118663,Nippon India Gold Savings Fund - Direct Plan Growth Plan - Growth Option,12.582,Nippon India Mutual Fund,Other Scheme - FoF Domestic
2015-02-03,118663,Nippon India Gold Savings Fund - Direct Plan Growth Plan - Growth Option,12.6233,Nippon India Mutual Fund,Other Scheme - FoF Domestic
2015-02-04,118663,Nippon India Gold Savings Fund - Direct Plan Growth Plan - Growth Option,12.4717,Nippon India Mutual Fund,Other Scheme - FoF Domestic
2015-02-05,118663,Nippon India Gold Savings Fund - Direct Plan Growth Plan - Growth Option,12.5494,Nippon India Mutual Fund,Other Scheme - FoF Domestic
2015-02-06,118663,Nippon India Gold Savings Fund - Direct Plan Growth Plan - Growth Option,12.5466,Nippon India Mutual Fund,Other Scheme - FoF Domestic
2015-02-09,118663,Nippon India Gold Savings Fund - Direct Plan Growth Plan - Growth Option,12.3437,Nippon India Mutual Fund,Other Scheme - FoF Domestic
2015-02-10,118663,Nippon India Gold Savings Fund - Direct Plan Growth Plan - Growth Option,12.326,Nippon India Mutual Fund,Other Scheme - FoF Domestic
2015-02-11,118663,Nippon India Gold Savings Fund - Direct Plan Growth Plan - Growth Option,12.3535,Nippon India Mutual Fund,Other Scheme - FoF Domestic
2015-02-12,118663,Nippon India Gold Savings Fund - Direct Plan Growth Plan - Growth Option,12.2322,Nippon India Mutual Fund,Other Scheme - FoF Domestic
2015-02-13,118663,Nippon India Gold Savings Fund - Direct Plan Growth Plan - Growth Option,12.2739,Nippon India Mutual Fund,Other Scheme - FoF Domestic
2015-02-16,118663,Nippon India Gold Savings Fund - Direct Plan Growth Plan - Growth Option,12.2971,Nippon India Mutual Fund,Other Scheme - FoF Domestic
2015-02-18,118663,Nippon India Gold Savings Fund - Direct Plan Growth Plan - Growth Option,12.1205,Nippon India Mutual Fund,Other Scheme - FoF Domestic
2015-02-19,118663,Nippon India Gold Savings Fund - Direct Plan Growth Plan - Growth Option,12.1077,Nippon India Mutual Fund,Other Scheme - FoF Domestic
2015-02-20,118663,Nippon India Gold Savings Fund - Direct Plan Growth Plan - Growth Option,12.0826,Nippon India Mutual Fund,Other Scheme - FoF Domestic
2015-02-23,118663,Nippon India Gold Savings Fund - Direct Plan Growth Plan - Growth Option,12.0428,Nippon India Mutual Fund,Other Scheme - FoF Domestic
2015-02-24,118663,Nippon India Gold Savings Fund - Direct Plan Growth Plan - Growth Option,11.9732,Nippon India Mutual Fund,Other Scheme - FoF Domestic
2015-02-25,118663,Nippon India Gold Savings Fund - Direct Plan Growth Plan - Growth Option,12.0222,Nippon India Mutual Fund,Other Scheme - FoF Domestic
2015-02-26,118663,Nippon India Gold Savings Fund - Direct Plan Growth Plan - Growth Option,11.9719,Nippon India Mutual Fund,Other Scheme - FoF Domestic
2015-02-27,118663,Nippon India Gold Savings Fund - Direct Plan Growth Plan - Growth Option,11.9206,Nippon India Mutual Fund,Other Scheme - FoF Domestic
2015-03-02,118663,Nippon India Gold Savings Fund - Direct Plan Growth Plan - Growth Option,12.0893,Nippon India Mutual Fund,Other Scheme - FoF Domestic
2015-03-03,118663,Nippon India Gold Savings Fund - Direct Plan Growth Plan - Growth Option,12.0063,Nippon India Mutual Fund,Other Scheme - FoF Domestic
2015-03-04,118663,Nippon India Gold Savings Fund - Direct Plan Growth Plan - Growth Option,11.9644,Nippon India Mutual Fund,Other Scheme - FoF Domestic
2015-03-05,118663,Nippon India Gold Savings Fund - Direct Plan Growth Plan - Growth Option,11.9912,Nippon India Mutual Fund,Other Scheme - FoF Domestic
2015-03-09,118663,Nippon India Gold Savings Fund - Direct Plan Growth Plan - Growth Option,11.9504,Nippon India Mutual Fund,Other Scheme - FoF Domestic
2015-03-10,118663,Nippon India Gold Savings Fund - Direct Plan Growth Plan - Growth Option,11.8558,Nippon India Mutual Fund,Other Scheme - FoF Domestic
2015-03-11,118663,Nippon India Gold Savings Fund - Direct Plan Growth Plan - Growth Option,11.8105,Nippon India Mutual Fund,Other Scheme - FoF Domestic
2015-03-12,118663,Nippon India Gold Savings Fund - Direct Plan Growth Plan - Growth Option,11.809,Nippon India Mutual Fund,Other Scheme - FoF Domestic
2015-03-13,118663,Nippon India Gold Savings Fund - Direct Plan Growth Plan - Growth Option,11.8045,Nippon India Mutual Fund,Other Scheme - FoF Domestic
2015-03-16,118663,Nippon India Gold Savings Fund - Direct Plan Growth Plan - Growth Option,11.7633,Nippon India Mutual Fund,Other Scheme - FoF Domestic
2015-03-17,118663,Nippon India Gold Savings Fund - Direct Plan Growth Plan - Growth Option,11.6954,Nippon India Mutual Fund,Other Scheme - FoF Domestic
2015-03-18,118663,Nippon India Gold Savings Fund - Direct Plan Growth Plan - Growth Option,11.662,Nippon India Mutual Fund,Other Scheme - FoF Domestic
2015-03-19,118663,Nippon India Gold Savings Fund - Direct Plan Growth Plan - Growth Option,11.6782,Nippon India Mutual Fund,Other Scheme - FoF Domestic
2015-03-20,118663,Nippon India Gold Savings Fund - Direct Plan Growth Plan - Growth Option,11.6744,Nippon India Mutual Fund,Other Scheme - FoF Domestic
2015-03-23,118663,Nippon India Gold Savings Fund - Direct Plan Growth Plan - Growth Option,11.7723,Nippon India Mutual Fund,Other Scheme - FoF Domestic
2015-03-24,118663,Nippon India Gold Savings Fund - Direct Plan Growth Plan - Growth Option,11.7893,Nippon India Mutual Fund,Other Scheme - FoF Domestic
2015-03-25,118663,Nippon India Gold Savings Fund - Direct Plan Growth Plan - Growth Option,11.8242,Nippon India Mutual Fund,Other Scheme - FoF Domestic
2015-03-26,118663,Nippon India Gold Savings Fund - Direct Plan Growth Plan - Growth Option,12.0787,Nippon India Mutual Fund,Other Scheme - FoF Domestic
2015-03-27,118663,Nippon India Gold Savings Fund - Direct Plan Growth Plan - Growth Option,11.9107,Nippon India Mutual Fund,Other Scheme - FoF Domestic
2015-03-30,118663,Nippon India Gold Savings Fund - Direct Plan Growth Plan - Growth Option,11.8466,Nippon India Mutual Fund,Other Scheme - FoF Domestic
2015-03-31,118663,Nippon India Gold Savings Fund - Direct Plan Growth Plan - Growth Option,11.8106,Nippon India Mutual Fund,Other Scheme - FoF Domestic
2015-04-01,118663,Nippon India Gold Savings Fund - Direct Plan Growth Plan - Growth Option,11.809,Nippon India Mutual Fund,Other Scheme - FoF Domestic
2015-04-06,118663,Nippon India Gold Savings Fund - Direct Plan Growth Plan - Growth Option,12.1543,Nippon India Mutual Fund,Other Scheme - FoF Domestic
2015-04-07,118663,Nippon India Gold Savings Fund - Direct Plan Growth Plan - Growth Option,12.0397,Nippon India Mutual Fund,Other Scheme - FoF Domestic
2015-04-08,118663,Nippon India Gold Savings Fund - Direct Plan Growth Plan - Growth Option,12.0365,Nippon India Mutual Fund,Other Scheme - FoF Domestic
2015-04-09,118663,Nippon India Gold Savings Fund - Direct Plan Growth Plan - Growth Option,11.863,Nippon India Mutual Fund,Other Scheme - FoF Domestic
2015-04-10,118663,Nippon India Gold Savings Fund - Direct Plan Growth Plan - Growth Option,11.9516,Nippon India Mutual Fund,Other Scheme - FoF Domestic
2015-04-13,118663,Nippon India Gold Savings Fund - Direct Plan Growth Plan - Growth Option,11.9932,Nippon India Mutual Fund,Other Scheme - FoF Domestic
2015-04-15,118663,Nippon India Gold Savings Fund - Direct Plan Growth Plan - Growth Option,11.9104,Nippon India Mutual Fund,Other Scheme - FoF Domestic
2015-04-16,118663,Nippon India Gold Savings Fund - Direct Plan Growth Plan - Growth Option,12.0164,Nippon India Mutual Fund,Other Scheme - FoF Domestic
2015-04-17,118663,Nippon India Gold Savings Fund - Direct Plan Growth Plan - Growth Option,12.0497,Nippon India Mutual Fund,Other Scheme - FoF Domestic
2015-04-20,118663,Nippon India Gold Savings Fund - Direct Plan Growth Plan - Growth Option,12.0642,Nippon India Mutual Fund,Other Scheme - FoF Domestic
2015-04-21,118663,Nippon India Gold Savings Fund - Direct Plan Growth Plan - Growth Option,12.2971,Nippon India Mutual Fund,Other Scheme - FoF Domestic
2015-04-22,118663,Nippon India Gold Savings Fund - Direct Plan Growth Plan - Growth Option,12.1328,Nippon India Mutual Fund,Other Scheme - FoF Domestic
2015-04-23,118663,Nippon India Gold Savings Fund - Direct Plan Growth Plan - Growth Option,12.1128,Nippon India Mutual Fund,Other Scheme - FoF Domestic
2015-04-24,118663,Nippon India Gold Savings Fund - Direct Plan Growth Plan - Growth Option,12.0744,Nippon India Mutual Fund,Other Scheme - FoF Domestic
2015-04-27,118663,Nippon India Gold Savings Fund - Direct Plan Growth Plan - Growth Option,12.0292,Nippon India Mutual Fund,Other Scheme - FoF Domestic
2015-04-28,118663,Nippon India Gold Savings Fund - Direct Plan Growth Plan - Growth Option,12.1111,Nippon India Mutual Fund,Other Scheme - FoF Domestic
2015-04-29,118663,Nippon India Gold Savings Fund - Direct Plan Growth Plan - Growth Option,12.1171,Nippon India Mutual Fund,Other Scheme - FoF Domestic
2015-04-30,118663,Nippon India Gold Savings Fund - Direct Plan Growth Plan - Growth Option,12.2193,Nippon India Mutual Fund,Other Scheme - FoF Domestic
2015-05-04,118663,Nippon India Gold Savings Fund - Direct Plan Growth Plan - Growth Option,12.0816,Nippon India Mutual Fund,Other Scheme - FoF Domestic
2015-05-05,118663,Nippon India Gold Savings Fund - Direct Plan Growth Plan - Growth Option,12.028,Nippon India Mutual Fund,Other Scheme - FoF Domestic
2015-05-06,118663,Nippon India Gold Savings Fund - Direct Plan Growth Plan - Growth Option,12.1054,Nippon India Mutual Fund,Other Scheme - FoF Domestic
2015-05-07,118663,Nippon India Gold Savings Fund - Direct Plan Growth Plan - Growth Option,12.1191,Nippon India Mutual Fund,Other Scheme - FoF Domestic
2015-05-08,118663,Nippon India Gold Savings Fund - Direct Plan Growth Plan - Growth Option,12.1106,Nippon India Mutual Fund,Other Scheme - FoF Domestic
2015-05-11,118663,Nippon India Gold Savings Fund - Direct Plan Growth Plan - Growth Option,12.1065,Nippon India Mutual Fund,Other Scheme - FoF Domestic
2015-05-12,118663,Nippon India Gold Savings Fund - Direct Plan Growth Plan - Growth Option,12.1547,Nippon India Mutual Fund,Other Scheme - FoF Domestic
2015-05-13,118663,Nippon India Gold Savings Fund - Direct Plan Growth Plan - Growth Option,12.202,Nippon India Mutual Fund,Other Scheme - FoF Domestic
2015-05-14,118663,Nippon India Gold Savings Fund - Direct Plan Growth Plan - Growth Option,12.3637,Nippon India Mutual Fund,Other Scheme - FoF Domestic
2015-05-15,118663,Nippon India Gold Savings Fund - Direct Plan Growth Plan - Growth Option,12.3283,Nippon India Mutual Fund,Other Scheme - FoF Domestic
2015-05-18,118663,Nippon India Gold Savings Fund - Direct Plan Growth Plan - Growth Option,12.4405,Nippon India Mutual Fund,Other Scheme - FoF Domestic
2015-05-19,118663,Nippon India Gold Savings Fund - Direct Plan Growth Plan - Growth Option,12.3447,Nippon India Mutual Fund,Other Scheme - FoF Domestic
2015-05-20,118663,Nippon India Gold Savings Fund - Direct Plan Growth Plan - Growth Option,12.231,Nippon India Mutual Fund,Other Scheme - FoF Domestic
2015-05-21,118663,Nippon India Gold Savings Fund - Direct Plan Growth Plan - Growth Option,12.2382,Nippon India Mutual Fund,Other Scheme - FoF Domestic
2015-05-22,118663,Nippon India Gold Savings Fund - Direct Plan Growth Plan - Growth Option,12.2228,Nippon India Mutual Fund,Other Scheme - FoF Domestic
2015-05-25,118663,Nippon India Gold Savings Fund - Direct Plan Growth Plan - Growth Option,12.1788,Nippon India Mutual Fund,Other Scheme - FoF Domestic
2015-05-26,118663,Nippon India Gold Savings Fund - Direct Plan Growth Plan - Growth Option,12.187,Nippon India Mutual Fund,Other Scheme - FoF Domestic
2015-05-27,118663,Nippon India Gold Savings Fund - Direct Plan Growth Plan - Growth Option,12.093,Nippon India Mutual Fund,Other Scheme - FoF Domestic
2015-05-28,118663,Nippon India Gold Savings Fund - Direct Plan Growth Plan - Growth Option,12.1248,Nippon India Mutual Fund,Other Scheme - FoF Domestic
2015-05-29,118663,Nippon India Gold Savings Fund - Direct Plan Growth Plan - Growth Option,12.1114,Nippon India Mutual Fund,Other Scheme - FoF Domestic
2015-06-01,118663,Nippon India Gold Savings Fund - Direct Plan Growth Plan - Growth Option,12.0615,Nippon India Mutual Fund,Other Scheme - FoF Domestic
2015-06-02,118663,Nippon India Gold Savings Fund - Direct Plan Growth Plan - Growth Option,12.1117,Nippon India Mutual Fund,Other Scheme - FoF Domestic
2015-06-03,118663,Nippon India Gold Savings Fund - Direct Plan Growth Plan - Growth Option,12.122,Nippon India Mutual Fund,Other Scheme - FoF Domestic
2015-06-04,118663,Nippon India Gold Savings Fund - Direct Plan Growth Plan - Growth Option,12.1131,Nippon India Mutual Fund,Other Scheme - FoF Domestic
2015-06-05,118663,Nippon India Gold Savings Fund - Direct Plan Growth Plan - Growth Option,11.9995,Nippon India Mutual Fund,Other Scheme - FoF Domestic
2015-06-08,118663,Nippon India Gold Savings Fund - Direct Plan Growth Plan - Growth Option,12.0298,Nippon India Mutual Fund,Other Scheme - FoF Domestic
2015-06-09,118663,Nippon India Gold Savings Fund - Direct Plan Growth Plan - Growth Option,12.0361,Nippon India Mutual Fund,Other Scheme - FoF Domestic
2015-06-10,118663,Nippon India Gold Savings Fund - Direct Plan Growth Plan - Growth Option,12.0375,Nippon India Mutual Fund,Other Scheme - FoF Domestic
2015-06-11,118663,Nippon India Gold Savings Fund - Direct Plan Growth Plan - Growth Option,11.9563,Nippon India Mutual Fund,Other Scheme - FoF Domestic
2015-06-12,118663,Nippon India Gold Savings Fund - Direct Plan Growth Plan - Growth Option,11.9959,Nippon India Mutual Fund,Other Scheme - FoF Domestic
2015-06-15,118663,Nippon India Gold Savings Fund - Direct Plan Growth Plan - Growth Option,12.0093,Nippon India Mutual Fund,Other Scheme - FoF Domestic
2015-06-16,118663,Nippon India Gold Savings Fund - Direct Plan Growth Plan - Growth Option,12.0008,Nippon India Mutual Fund,Other Scheme - FoF Domestic
2015-06-17,118663,Nippon India Gold Savings Fund - Direct Plan Growth Plan - Growth Option,11.9792,Nippon India Mutual Fund,Other Scheme - FoF Domestic
2015-06-18,118663,Nippon India Gold Savings Fund - Direct Plan Growth Plan - Growth Option,12.0309,Nippon India Mutual Fund,Other Scheme - FoF Domestic
2015-06-19,118663,Nippon India Gold Savings Fund - Direct Plan Growth Plan - Growth Option,12.053,Nippon India Mutual Fund,Other Scheme - FoF Domestic
2015-06-22,118663,Nippon India Gold Savings Fund - Direct Plan Growth Plan - Growth Option,11.9846,Nippon India Mutual Fund,Other Scheme - FoF Domestic
2015-06-23,118663,Nippon India Gold Savings Fund - Direct Plan Growth Plan - Growth Option,11.9102,Nippon India Mutual Fund,Other Scheme - FoF Domestic
2015-06-24,118663,Nippon India Gold Savings Fund - Direct Plan Growth Plan - Growth Option,11.8892,Nippon India Mutual Fund,Other Scheme - FoF Domestic
2015-06-25,118663,Nippon India Gold Savings Fund - Direct Plan Growth Plan - Growth Option,11.8459,Nippon India Mutual Fund,Other Scheme - FoF Domestic
2015-06-26,118663,Nippon India Gold Savings Fund - Direct Plan Growth Plan - Growth Option,11.8937,Nippon India Mutual Fund,Other Scheme - FoF Domestic
2015-06-29,118663,Nippon India Gold Savings Fund - Direct Plan Growth Plan - Growth Option,11.9346,Nippon India Mutual Fund,Other Scheme - FoF Domestic
2015-06-30,118663,Nippon India Gold Savings Fund - Direct Plan Growth Plan - Growth Option,11.9056,Nippon India Mutual Fund,Other Scheme - FoF Domestic
2015-07-01,118663,Nippon India Gold Savings Fund - Direct Plan Growth Plan - Growth Option,11.8228,Nippon India Mutual Fund,Other Scheme - FoF Domestic
2015-07-02,118663,Nippon India Gold Savings Fund - Direct Plan Growth Plan - Growth Option,11.7805,Nippon India Mutual Fund,Other Scheme - FoF Domestic
2015-07-03,118663,Nippon India Gold Savings Fund - Direct Plan Growth Plan - Growth Option,11.7804,Nippon India Mutual Fund,Other Scheme - FoF Domestic
2015-07-06,118663,Nippon India Gold Savings Fund - Direct Plan Growth Plan - Growth Option,11.7583,Nippon India Mutual Fund,Other Scheme - FoF Domestic
2015-07-07,118663,Nippon India Gold Savings Fund - Direct Plan Growth Plan - Growth Option,11.765,Nippon India Mutual Fund,Other Scheme - FoF Domestic
2015-07-08,118663,Nippon India Gold Savings Fund - Direct Plan Growth Plan - Growth Option,11.6574,Nippon India Mutual Fund,Other Scheme - FoF Domestic
2015-07-09,118663,Nippon India Gold Savings Fund - Direct Plan Growth Plan - Growth Option,11.8016,Nippon India Mutual Fund,Other Scheme - FoF Domestic
2015-07-10,118663,Nippon India Gold Savings Fund - Direct Plan Growth Plan - Growth Option,11.7561,Nippon India Mutual Fund,Other Scheme - FoF Domestic
2015-07-13,118663,Nippon India Gold Savings Fund - Direct Plan Growth Plan - Growth Option,11.667,Nippon India Mutual Fund,Other Scheme - FoF Domestic
2015-07-14,118663,Nippon India Gold Savings Fund - Direct Plan Growth Plan - Growth Option,11.6619,Nippon India Mutual Fund,Other Scheme - FoF Domestic
2015-07-15,118663,Nippon India Gold Savings Fund - Direct Plan Growth Plan - Growth Option,11.6573,Nippon India Mutual Fund,Other Scheme - FoF Domestic
2015-07-16,118663,Nippon India Gold Savings Fund - Direct Plan Growth Plan - Growth Option,11.6145,Nippon India Mutual Fund,Other Scheme - FoF Domestic
2015-07-17,118663,Nippon India Gold Savings Fund - Direct Plan Growth Plan - Growth Option,11.6156,Nippon India Mutual Fund,Other Scheme - FoF Domestic
2015-07-20,118663,Nippon India Gold Savings Fund - Direct Plan Growth Plan - Growth Option,11.5224,Nippon India Mutual Fund,Other Scheme - FoF Domestic
2015-07-21,118663,Nippon India Gold Savings Fund - Direct Plan Growth Plan - Growth Option,11.5795,Nippon India Mutual Fund,Other Scheme - FoF Domestic
2015-07-22,118663,Nippon India Gold Savings Fund - Direct Plan Growth Plan - Growth Option,11.3642,Nippon India Mutual Fund,Other Scheme - FoF Domestic
2015-07-23,118663,Nippon India Gold Savings Fund - Direct Plan Growth Plan - Growth Option,11.4667,Nippon India Mutual Fund,Other Scheme - FoF Domestic
2015-07-24,118663,Nippon India Gold Savings Fund - Direct Plan Growth Plan - Growth Option,11.3395,Nippon India Mutual Fund,Other Scheme - FoF Domestic
2015-07-27,118663,Nippon India Gold Savings Fund - Direct Plan Growth Plan - Growth Option,11.3339,Nippon India Mutual Fund,Other Scheme - FoF Domestic
2015-07-28,118663,Nippon India Gold Savings Fund - Direct Plan Growth Plan - Growth Option,11.3342,Nippon India Mutual Fund,Other Scheme - FoF Domestic
2015-07-29,118663,Nippon India Gold Savings Fund - Direct Plan Growth Plan - Growth Option,11.3045,Nippon India Mutual Fund,Other Scheme - FoF Domestic
2015-07-30,118663,Nippon India Gold Savings Fund - Direct Plan Growth Plan - Growth Option,11.2649,Nippon India Mutual Fund,Other Scheme - FoF Domestic
2015-07-31,118663,Nippon India Gold Savings Fund - Direct Plan Growth Plan - Growth Option,11.2028,Nippon India Mutual Fund,Other Scheme - FoF Domestic
2015-08-03,118663,Nippon India Gold Savings Fund - Direct Plan Growth Plan - Growth Option,11.2255,Nippon India Mutual Fund,Other Scheme - FoF Domestic
2015-08-04,118663,Nippon India Gold Savings Fund - Direct Plan Growth Plan - Growth Option,11.2775,Nippon India Mutual Fund,Other Scheme - FoF Domestic
2015-08-05,118663,Nippon India Gold Savings Fund - Direct Plan Growth Plan - Growth Option,11.2004,Nippon India Mutual Fund,Other Scheme - FoF Domestic
2015-08-06,118663,Nippon India Gold Savings Fund - Direct Plan Growth Plan - Growth Option,11.1225,Nippon India Mutual Fund,Other Scheme - FoF Domestic
2015-08-07,118663,Nippon India Gold Savings Fund - Direct Plan Growth Plan - Growth Option,11.1533,Nippon India Mutual Fund,Other Scheme - FoF Domestic
2015-08-10,118663,Nippon India Gold Savings Fund - Direct Plan Growth Plan - Growth Option,11.1976,Nippon India Mutual Fund,Other Scheme - FoF Domestic
2015-08-11,118663,Nippon India Gold Savings Fund - Direct Plan Growth Plan - Growth Option,11.3763,Nippon India Mutual Fund,Other Scheme - FoF Domestic
2015-08-12,118663,Nippon India Gold Savings Fund - Direct Plan Growth Plan - Growth Option,11.5286,Nippon India Mutual Fund,Other Scheme - FoF Domestic
2015-08-13,118663,Nippon India Gold Savings Fund - Direct Plan Growth Plan - Growth Option,11.5705,Nippon India Mutual Fund,Other Scheme - FoF Domestic
2015-08-14,118663,Nippon India Gold Savings Fund - Direct Plan Growth Plan - Growth Option,11.5629,Nippon India Mutual Fund,Other Scheme - FoF Domestic
2015-08-17,118663,Nippon India Gold Savings Fund - Direct Plan Growth Plan - Growth Option,11.6127,Nippon India Mutual Fund,Other Scheme - FoF Domestic
2015-08-18,118663,Nippon India Gold Savings Fund - Direct Plan Growth Plan - Growth Option,11.6632,Nippon India Mutual Fund,Other Scheme - FoF Domestic
2015-08-19,118663,Nippon India Gold Savings Fund - Direct Plan Growth Plan - Growth Option,11.6322,Nippon India Mutual Fund,Other Scheme - FoF Domestic
2015-08-20,118663,Nippon India Gold Savings Fund - Direct Plan Growth Plan - Growth Option,11.8455,Nippon India Mutual Fund,Other Scheme - FoF Domestic
2015-08-21,118663,Nippon India Gold Savings Fund - Direct Plan Growth Plan - Growth Option,12.0653,Nippon India Mutual Fund,Other Scheme - FoF Domestic
2015-08-24,118663,Nippon India Gold Savings Fund - Direct Plan Growth Plan - Growth Option,12.0146,Nippon India Mutual Fund,Other Scheme - FoF Domestic
2015-08-25,118663,Nippon India Gold Savings Fund - Direct Plan Growth Plan - Growth Option,11.9351,Nippon India Mutual Fund,Other Scheme - FoF Domestic
2015-08-26,118663,Nippon India Gold Savings Fund - Direct Plan Growth Plan - Growth Option,11.7946,Nippon India Mutual Fund,Other Scheme - FoF Domestic
2015-08-27,118663,Nippon India Gold Savings Fund - Direct Plan Growth Plan - Growth Option,11.6583,Nippon India Mutual Fund,Other Scheme - FoF Domestic
2015-08-28,118663,Nippon India Gold Savings Fund - Direct Plan Growth Plan - Growth Option,11.8034,Nippon India Mutual Fund,Other Scheme - FoF Domestic
2015-08-31,118663,Nippon India Gold Savings Fund - Direct Plan Growth Plan - Growth Option,11.8863,Nippon India Mutual Fund,Other Scheme - FoF Domestic
2015-09-01,118663,Nippon India Gold Savings Fund - Direct Plan Growth Plan - Growth Option,11.9554,Nippon India Mutual Fund,Other Scheme - FoF Domestic
2015-09-02,118663,Nippon India Gold Savings Fund - Direct Plan Growth Plan - Growth Option,11.8789,Nippon India Mutual Fund,Other Scheme - FoF Domestic
2015-09-03,118663,Nippon India Gold Savings Fund - Direct Plan Growth Plan - Growth Option,11.7929,Nippon India Mutual Fund,Other Scheme - FoF Domestic
2015-09-04,118663,Nippon India Gold Savings Fund - Direct Plan Growth Plan - Growth Option,11.7629,Nippon India Mutual Fund,Other Scheme - FoF Domestic
2015-09-07,118663,Nippon India Gold Savings Fund - Direct Plan Growth Plan - Growth Option,11.7974,Nippon India Mutual Fund,Other Scheme - FoF Domestic
2015-09-08,118663,Nippon India Gold Savings Fund - Direct Plan Growth Plan - Growth Option,11.7774,Nippon India Mutual Fund,Other Scheme - FoF Domestic
2015-09-09,118663,Nippon India Gold Savings Fund - Direct Plan Growth Plan - Growth Option,11.6975,Nippon India Mutual Fund,Other Scheme - FoF Domestic
2015-09-10,118663,Nippon India Gold Savings Fund - Direct Plan Growth Plan - Growth Option,11.4857,Nippon India Mutual Fund,Other Scheme - FoF Domestic
2015-09-11,118663,Nippon India Gold Savings Fund - Direct Plan Growth Plan - Growth Option,11.5847,Nippon India Mutual Fund,Other Scheme - FoF Domestic
2015-09-14,118663,Nippon India Gold Savings Fund - Direct Plan Growth Plan - Growth Option,11.5329,Nippon India Mutual Fund,Other Scheme - FoF Domestic
2015-09-15,118663,Nippon India Gold Savings Fund - Direct Plan Growth Plan - Growth Option,11.6262,Nippon India Mutual Fund,Other Scheme - FoF Domestic
2015-09-16,118663,Nippon India Gold Savings Fund - Direct Plan Growth Plan - Growth Option,11.5829,Nippon India Mutual Fund,Other Scheme - FoF Domestic
2015-09-18,118663,Nippon India Gold Savings Fund - Direct Plan Growth Plan - Growth Option,11.7931,Nippon India Mutual Fund,Other Scheme - FoF Domestic
2015-09-21,118663,Nippon India Gold Savings Fund - Direct Plan Growth Plan - Growth Option,11.6843,Nippon India Mutual Fund,Other Scheme - FoF Domestic
2015-09-22,118663,Nippon India Gold Savings Fund - Direct Plan Growth Plan - Growth Option,11.6892,Nippon India Mutual Fund,Other Scheme - FoF Domestic
2015-09-23,118663,Nippon India Gold Savings Fund - Direct Plan Growth Plan - Growth Option,11.6362,Nippon India Mutual Fund,Other Scheme - FoF Domestic
2015-09-24,118663,Nippon India Gold Savings Fund - Direct Plan Growth Plan - Growth Option,11.8017,Nippon India Mutual Fund,Other Scheme - FoF Domestic
2015-09-28,118663,Nippon India Gold Savings Fund - Direct Plan Growth Plan - Growth Option,11.7603,Nippon India Mutual Fund,Other Scheme - FoF Domestic
2015-09-29,118663,Nippon India Gold Savings Fund - Direct Plan Growth Plan - Growth Option,11.6336,Nippon India Mutual Fund,Other Scheme - FoF Domestic
2015-09-30,118663,Nippon India Gold Savings Fund - Direct Plan Growth Plan - Growth Option,11.6451,Nippon India Mutual Fund,Other Scheme - FoF Domestic
2015-10-01,118663,Nippon India Gold Savings Fund - Direct Plan Growth Plan - Growth Option,11.551,Nippon India Mutual Fund,Other Scheme - FoF Domestic
2015-10-05,118663,Nippon India Gold Savings Fund - Direct Plan Growth Plan - Growth Option,11.6297,Nippon India Mutual Fund,Other Scheme - FoF Domestic
2015-10-06,118663,Nippon India Gold Savings Fund - Direct Plan Growth Plan - Growth Option,11.6817,Nippon India Mutual Fund,Other Scheme - FoF Domestic
2015-10-07,118663,Nippon India Gold Savings Fund - Direct Plan Growth Plan - Growth Option,11.7708,Nippon India Mutual Fund,Other Scheme - FoF Domestic
2015-10-08,118663,Nippon India Gold Savings Fund - Direct Plan Growth Plan - Growth Option,11.6928,Nippon India Mutual Fund,Other Scheme - FoF Domestic
2015-10-09,118663,Nippon India Gold Savings Fund - Direct Plan Growth Plan - Growth Option,11.744,Nippon India Mutual Fund,Other Scheme - FoF Domestic
2015-10-12,118663,Nippon India Gold Savings Fund - Direct Plan Growth Plan - Growth Option,11.8471,Nippon India Mutual Fund,Other Scheme - FoF Domestic
2015-10-13,118663,Nippon India Gold Savings Fund - Direct Plan Growth Plan - Growth Option,11.7714,Nippon India Mutual Fund,Other Scheme - FoF Domestic
2015-10-14,118663,Nippon India Gold Savings Fund - Direct Plan Growth Plan - Growth Option,11.9753,Nippon India Mutual Fund,Other Scheme - FoF Domestic
2015-10-15,118663,Nippon India Gold Savings Fund - Direct Plan Growth Plan - Growth Option,12.0819,Nippon India Mutual Fund,Other Scheme - FoF Domestic
2015-10-16,118663,Nippon India Gold Savings Fund - Direct Plan Growth Plan - Growth Option,12.0082,Nippon India Mutual Fund,Other Scheme - FoF Domestic
2015-10-19,118663,Nippon India Gold Savings Fund - Direct Plan Growth Plan - Growth Option,11.9559,Nippon India Mutual Fund,Other Scheme - FoF Domestic
2015-10-20,118663,Nippon India Gold Savings Fund - Direct Plan Growth Plan - Growth Option,11.9883,Nippon India Mutual Fund,Other Scheme - FoF Domestic
2015-10-21,118663,Nippon India Gold Savings Fund - Direct Plan Growth Plan - Growth Option,12.0074,Nippon India Mutual Fund,Other Scheme - FoF Domestic
2015-10-23,118663,Nippon India Gold Savings Fund - Direct Plan Growth Plan - Growth Option,11.9082,Nippon India Mutual Fund,Other Scheme - FoF Domestic
2015-10-26,118663,Nippon India Gold Savings Fund - Direct Plan Growth Plan - Growth Option,11.9223,Nippon India Mutual Fund,Other Scheme - FoF Domestic
2015-10-27,118663,Nippon India Gold Savings Fund - Direct Plan Growth Plan - Growth Option,11.9576,Nippon India Mutual Fund,Other Scheme - FoF Domestic
2015-10-28,118663,Nippon India Gold Savings Fund - Direct Plan Growth Plan - Growth Option,11.9743,Nippon India Mutual Fund,Other Scheme - FoF Domestic
2015-10-29,118663,Nippon India Gold Savings Fund - Direct Plan Growth Plan - Growth Option,12.0852,Nippon India Mutual Fund,Other Scheme - FoF Domestic
2015-10-30,118663,Nippon India Gold Savings Fund - Direct Plan Growth Plan - Growth Option,11.9443,Nippon India Mutual Fund,Other Scheme - FoF Domestic
2015-11-02,118663,Nippon India Gold Savings Fund - Direct Plan Growth Plan - Growth Option,11.8422,Nippon India Mutual Fund,Other Scheme - FoF Domestic
2015-11-03,118663,Nippon India Gold Savings Fund - Direct Plan Growth Plan - Growth Option,11.768,Nippon India Mutual Fund,Other Scheme - FoF Domestic
2015-11-04,118663,Nippon India Gold Savings Fund - Direct Plan Growth Plan - Growth Option,11.6852,Nippon India Mutual Fund,Other Scheme - FoF Domestic
2015-11-05,118663,Nippon India Gold Savings Fund - Direct Plan Growth Plan - Growth Option,11.6463,Nippon India Mutual Fund,Other Scheme - FoF Domestic
2015-11-06,118663,Nippon India Gold Savings Fund - Direct Plan Growth Plan - Growth Option,11.6119,Nippon India Mutual Fund,Other Scheme - FoF Domestic
2015-11-09,118663,Nippon India Gold Savings Fund - Direct Plan Growth Plan - Growth Option,11.742,Nippon India Mutual Fund,Other Scheme - FoF Domestic
2015-11-10,118663,Nippon India Gold Savings Fund - Direct Plan Growth Plan - Growth Option,11.5043,Nippon India Mutual Fund,Other Scheme - FoF Domestic
2015-11-13,118663,Nippon India Gold Savings Fund - Direct Plan Growth Plan - Growth Option,11.4097,Nippon India Mutual Fund,Other Scheme - FoF Domestic
2015-11-16,118663,Nippon India Gold Savings Fund - Direct Plan Growth Plan - Growth Option,11.4042,Nippon India Mutual Fund,Other Scheme - FoF Domestic
2015-11-17,118663,Nippon India Gold Savings Fund - Direct Plan Growth Plan - Growth Option,11.2765,Nippon India Mutual Fund,Other Scheme - FoF Domestic
2015-11-18,118663,Nippon India Gold Savings Fund - Direct Plan Growth Plan - Growth Option,11.2631,Nippon India Mutual Fund,Other Scheme - FoF Domestic
2015-11-19,118663,Nippon India Gold Savings Fund - Direct Plan Growth Plan - Growth Option,11.2473,Nippon India Mutual Fund,Other Scheme - FoF Domestic
2015-11-20,118663,Nippon India Gold Savings Fund - Direct Plan Growth Plan - Growth Option,11.3378,Nippon India Mutual Fund,Other Scheme - FoF Domestic
2015-11-23,118663,Nippon India Gold Savings Fund - Direct Plan Growth Plan - Growth Option,11.222,Nippon India Mutual Fund,Other Scheme - FoF Domestic
2015-11-24,118663,Nippon India Gold Savings Fund - Direct Plan Growth Plan - Growth Option,11.3085,Nippon India Mutual Fund,Other Scheme - FoF Domestic
2015-11-26,118663,Nippon India Gold Savings Fund - Direct Plan Growth Plan - Growth Option,11.2607,Nippon India Mutual Fund,Other Scheme - FoF Domestic
2015-11-27,118663,Nippon India Gold Savings Fund - Direct Plan Growth Plan - Growth Option,11.2306,Nippon India Mutual Fund,Other Scheme - FoF Domestic
2015-11-30,118663,Nippon India Gold Savings Fund - Direct Plan Growth Plan - Growth Option,11.1617,Nippon India Mutual Fund,Other Scheme - FoF Domestic
2015-12-01,118663,Nippon India Gold Savings Fund - Direct Plan Growth Plan - Growth Option,11.2633,Nippon India Mutual Fund,Other Scheme - FoF Domestic
2015-12-02,118663,Nippon India Gold Savings Fund - Direct Plan Growth Plan - Growth Option,11.2022,Nippon India Mutual Fund,Other Scheme - FoF Domestic
2015-12-03,118663,Nippon India Gold Savings Fund - Direct Plan Growth Plan - Growth Option,11.1262,Nippon India Mutual Fund,Other Scheme - FoF Domestic
2015-12-04,118663,Nippon India Gold Savings Fund - Direct Plan Growth Plan - Growth Option,11.2367,Nippon India Mutual Fund,Other Scheme - FoF Domestic
2015-12-07,118663,Nippon India Gold Savings Fund - Direct Plan Growth Plan - Growth Option,11.4485,Nippon India Mutual Fund,Other Scheme - FoF Domestic
2015-12-08,118663,Nippon India Gold Savings Fund - Direct Plan Growth Plan - Growth Option,11.2775,Nippon India Mutual Fund,Other Scheme - FoF Domestic
2015-12-09,118663,Nippon India Gold Savings Fund - Direct Plan Growth Plan - Growth Option,11.3089,Nippon India Mutual Fund,Other Scheme - FoF Domestic
2015-12-10,118663,Nippon India Gold Savings Fund - Direct Plan Growth Plan - Growth Option,11.248,Nippon India Mutual Fund,Other Scheme - FoF Domestic
2015-12-11,118663,Nippon India Gold Savings Fund - Direct Plan Growth Plan - Growth Option,11.3114,Nippon India Mutual Fund,Other Scheme - FoF Domestic
2015-12-14,118663,Nippon India Gold Savings Fund - Direct Plan Growth Plan - Growth Option,11.2389,Nippon India Mutual Fund,Other Scheme - FoF Domestic
2015-12-15,118663,Nippon India Gold Savings Fund - Direct Plan Growth Plan - Growth Option,11.2205,Nippon India Mutual Fund,Other Scheme - FoF Domestic
2015-12-16,118663,Nippon India Gold Savings Fund - Direct Plan Growth Plan - Growth Option,11.3621,Nippon India Mutual Fund,Other Scheme - FoF Domestic
2015-12-17,118663,Nippon India Gold Savings Fund - Direct Plan Growth Plan - Growth Option,11.2237,Nippon India Mutual Fund,Other Scheme - FoF Domestic
2015-12-18,118663,Nippon India Gold Savings Fund - Direct Plan Growth Plan - Growth Option,11.1735,Nippon India Mutual Fund,Other Scheme - FoF Domestic
2015-12-21,118663,Nippon India Gold Savings Fund - Direct Plan Growth Plan - Growth Option,11.2126,Nippon India Mutual Fund,Other Scheme - FoF Domestic
2015-12-22,118663,Nippon India Gold Savings Fund - Direct Plan Growth Plan - Growth Option,11.2478,Nippon India Mutual Fund,Other Scheme - FoF Domestic
2015-12-23,118663,Nippon India Gold Savings Fund - Direct Plan Growth Plan - Growth Option,11.2581,Nippon India Mutual Fund,Other Scheme - FoF Domestic
2015-12-24,118663,Nippon India Gold Savings Fund - Direct Plan Growth Plan - Growth Option,11.2265,Nippon India Mutual Fund,Other Scheme - FoF Domestic
2015-12-28,118663,Nippon India Gold Savings Fund - Direct Plan Growth Plan - Growth Option,11.1981,Nippon India Mutual Fund,Other Scheme - FoF Domestic
2015-12-29,118663,Nippon India Gold Savings Fund - Direct Plan Growth Plan - Growth Option,11.222,Nippon India Mutual Fund,Other Scheme - FoF Domestic
2015-12-30,118663,Nippon India Gold Savings Fund - Direct Plan Growth Plan - Growth Option,11.1907,Nippon India Mutual Fund,Other Scheme - FoF Domestic
2015-12-31,118663,Nippon India Gold Savings Fund - Direct Plan Growth Plan - Growth Option,11.1283,Nippon India Mutual Fund,Other Scheme - FoF Domestic
2016-01-01,118663,Nippon India Gold Savings Fund - Direct Plan Growth Plan - Growth Option,11.1343,Nippon India Mutual Fund,Other Scheme - FoF Domestic
2016-01-04,118663,Nippon India Gold Savings Fund - Direct Plan Growth Plan - Growth Option,11.219,Nippon India Mutual Fund,Other Scheme - FoF Domestic
2016-01-05,118663,Nippon India Gold Savings Fund - Direct Plan Growth Plan - Growth Option,11.36,Nippon India Mutual Fund,Other Scheme - FoF Domestic
2016-01-06,118663,Nippon India Gold Savings Fund - Direct Plan Growth Plan - Growth Option,11.4301,Nippon India Mutual Fund,Other Scheme - FoF Domestic
2016-01-07,118663,Nippon India Gold Savings Fund - Direct Plan Growth Plan - Growth Option,11.5039,Nippon India Mutual Fund,Other Scheme - FoF Domestic
2016-01-08,118663,Nippon India Gold Savings Fund - Direct Plan Growth Plan - Growth Option,11.4683,Nippon India Mutual Fund,Other Scheme - FoF Domestic
2016-01-11,118663,Nippon India Gold Savings Fund - Direct Plan Growth Plan - Growth Option,11.5556,Nippon India Mutual Fund,Other Scheme - FoF Domestic
2016-01-12,118663,Nippon India Gold Savings Fund - Direct Plan Growth Plan - Growth Option,11.526,Nippon India Mutual Fund,Other Scheme - FoF Domestic
2016-01-13,118663,Nippon India Gold Savings Fund - Direct Plan Growth Plan - Growth Option,11.355,Nippon India Mutual Fund,Other Scheme - FoF Domestic
2016-01-14,118663,Nippon India Gold Savings Fund - Direct Plan Growth Plan - Growth Option,11.5196,Nippon India Mutual Fund,Other Scheme - FoF Domestic
2016-01-15,118663,Nippon India Gold Savings Fund - Direct Plan Growth Plan - Growth Option,11.5223,Nippon India Mutual Fund,Other Scheme - FoF Domestic
2016-01-18,118663,Nippon India Gold Savings Fund - Direct Plan Growth Plan - Growth Option,11.5984,Nippon India Mutual Fund,Other Scheme - FoF Domestic
2016-01-19,118663,Nippon India Gold Savings Fund - Direct Plan Growth Plan - Growth Option,11.5486,Nippon India Mutual Fund,Other Scheme - FoF Domestic
2016-01-20,118663,Nippon India Gold Savings Fund - Direct Plan Growth Plan - Growth Option,11.6352,Nippon India Mutual Fund,Other Scheme - FoF Domestic
2016-01-21,118663,Nippon India Gold Savings Fund - Direct Plan Growth Plan - Growth Option,11.6365,Nippon India Mutual Fund,Other Scheme - FoF Domestic
2016-01-22,118663,Nippon India Gold Savings Fund - Direct Plan Growth Plan - Growth Option,11.6285,Nippon India Mutual Fund,Other Scheme - FoF Domestic
2016-01-25,118663,Nippon India Gold Savings Fund - Direct Plan Growth Plan - Growth Option,11.6805,Nippon India Mutual Fund,Other Scheme - FoF Domestic
2016-01-27,118663,Nippon India Gold Savings Fund - Direct Plan Growth Plan - Growth Option,11.828,Nippon India Mutual Fund,Other Scheme - FoF Domestic
2016-01-28,118663,Nippon India Gold Savings Fund - Direct Plan Growth Plan - Growth Option,11.9319,Nippon India Mutual Fund,Other Scheme - FoF Domestic
2016-01-29,118663,Nippon India Gold Savings Fund - Direct Plan Growth Plan - Growth Option,11.8276,Nippon India Mutual Fund,Other Scheme - FoF Domestic
2016-02-01,118663,Nippon India Gold Savings Fund - Direct Plan Growth Plan - Growth Option,11.9327,Nippon India Mutual Fund,Other Scheme - FoF Domestic
2016-02-02,118663,Nippon India Gold Savings Fund - Direct Plan Growth Plan - Growth Option,11.9564,Nippon India Mutual Fund,Other Scheme - FoF Domestic
2016-02-03,118663,Nippon India Gold Savings Fund - Direct Plan Growth Plan - Growth Option,12.0527,Nippon India Mutual Fund,Other Scheme - FoF Domestic
2016-02-04,118663,Nippon India Gold Savings Fund - Direct Plan Growth Plan - Growth Option,12.1121,Nippon India Mutual Fund,Other Scheme - FoF Domestic
2016-02-05,118663,Nippon India Gold Savings Fund - Direct Plan Growth Plan - Growth Option,12.1678,Nippon India Mutual Fund,Other Scheme - FoF Domestic
2016-02-08,118663,Nippon India Gold Savings Fund - Direct Plan Growth Plan - Growth Option,12.2936,Nippon India Mutual Fund,Other Scheme - FoF Domestic
2016-02-09,118663,Nippon India Gold Savings Fund - Direct Plan Growth Plan - Growth Option,12.533,Nippon India Mutual Fund,Other Scheme - FoF Domestic
2016-02-10,118663,Nippon India Gold Savings Fund - Direct Plan Growth Plan - Growth Option,12.345,Nippon India Mutual Fund,Other Scheme - FoF Domestic
2016-02-11,118663,Nippon India Gold Savings Fund - Direct Plan Growth Plan - Growth Option,12.6188,Nippon India Mutual Fund,Other Scheme - FoF Domestic
2016-02-12,118663,Nippon India Gold Savings Fund - Direct Plan Growth Plan - Growth Option,12.7705,Nippon India Mutual Fund,Other Scheme - FoF Domestic
2016-02-15,118663,Nippon India Gold Savings Fund - Direct Plan Growth Plan - Growth Option,12.4736,Nippon India Mutual Fund,Other Scheme - FoF Domestic
2016-02-16,118663,Nippon India Gold Savings Fund - Direct Plan Growth Plan - Growth Option,12.5723,Nippon India Mutual Fund,Other Scheme - FoF Domestic
2016-02-17,118663,Nippon India Gold Savings Fund - Direct Plan Growth Plan - Growth Option,12.6164,Nippon India Mutual Fund,Other Scheme - FoF Domestic
2016-02-18,118663,Nippon India Gold Savings Fund - Direct Plan Growth Plan - Growth Option,12.5657,Nippon India Mutual Fund,Other Scheme - FoF Domestic
2016-02-19,118663,Nippon India Gold Savings Fund - Direct Plan Growth Plan - Growth Option,12.7674,Nippon India Mutual Fund,Other Scheme - FoF Domestic
2016-02-22,118663,Nippon India Gold Savings Fund - Direct Plan Growth Plan - Growth Option,12.5526,Nippon India Mutual Fund,Other Scheme - FoF Domestic
2016-02-23,118663,Nippon India Gold Savings Fund - Direct Plan Growth Plan - Growth Option,12.6594,Nippon India Mutual Fund,Other Scheme - FoF Domestic
2016-02-24,118663,Nippon India Gold Savings Fund - Direct Plan Growth Plan - Growth Option,12.8165,Nippon India Mutual Fund,Other Scheme - FoF Domestic
2016-02-25,118663,Nippon India Gold Savings Fund - Direct Plan Growth Plan - Growth Option,12.9063,Nippon India Mutual Fund,Other Scheme - FoF Domestic
2016-02-26,118663,Nippon India Gold Savings Fund - Direct Plan Growth Plan - Growth Option,12.8738,Nippon India Mutual Fund,Other Scheme - FoF Domestic
2016-02-29,118663,Nippon India Gold Savings Fund - Direct Plan Growth Plan - Growth Option,12.9205,Nippon India Mutual Fund,Other Scheme - FoF Domestic
2016-03-01,118663,Nippon India Gold Savings Fund - Direct Plan Growth Plan - Growth Option,12.9343,Nippon India Mutual Fund,Other Scheme - FoF Domestic
2016-03-02,118663,Nippon India Gold Savings Fund - Direct Plan Growth Plan - Growth Option,12.8928,Nippon India Mutual Fund,Other Scheme - FoF Domestic
2016-03-03,118663,Nippon India Gold Savings Fund - Direct Plan Growth Plan - Growth Option,12.8817,Nippon India Mutual Fund,Other Scheme - FoF Domestic
2016-03-04,118663,Nippon India Gold Savings Fund - Direct Plan Growth Plan - Growth Option,12.9887,Nippon India Mutual Fund,Other Scheme - FoF Domestic
2016-03-08,118663,Nippon India Gold Savings Fund - Direct Plan Growth Plan - Growth Option,13.0352,Nippon India Mutual Fund,Other Scheme - FoF Domestic
2016-03-09,118663,Nippon India Gold Savings Fund - Direct Plan Growth Plan - Growth Option,12.9604,Nippon India Mutual Fund,Other Scheme - FoF Domestic
2016-03-10,118663,Nippon India Gold Savings Fund - Direct Plan Growth Plan - Growth Option,12.9144,Nippon India Mutual Fund,Other Scheme - FoF Domestic
2016-03-11,118663,Nippon India Gold Savings Fund - Direct Plan Growth Plan - Growth Option,12.9784,Nippon India Mutual Fund,Other Scheme - FoF Domestic
2016-03-14,118663,Nippon India Gold Savings Fund - Direct Plan Growth Plan - Growth Option,12.9716,Nippon India Mutual Fund,Other Scheme - FoF Domestic
2016-03-15,118663,Nippon India Gold Savings Fund - Direct Plan Growth Plan - Growth Option,13.0279,Nippon India Mutual Fund,Other Scheme - FoF Domestic
2016-03-16,118663,Nippon India Gold Savings Fund - Direct Plan Growth Plan - Growth Option,12.9091,Nippon India Mutual Fund,Other Scheme - FoF Domestic
2016-03-17,118663,Nippon India Gold Savings Fund - Direct Plan Growth Plan - Growth Option,12.9597,Nippon India Mutual Fund,Other Scheme - FoF Domestic
2016-03-18,118663,Nippon India Gold Savings Fund - Direct Plan Growth Plan - Growth Option,12.9647,Nippon India Mutual Fund,Other Scheme - FoF Domestic
2016-03-21,118663,Nippon India Gold Savings Fund - Direct Plan Growth Plan - Growth Option,12.9403,Nippon India Mutual Fund,Other Scheme - FoF Domestic
2016-03-22,118663,Nippon India Gold Savings Fund - Direct Plan Growth Plan - Growth Option,12.9048,Nippon India Mutual Fund,Other Scheme - FoF Domestic
2016-03-23,118663,Nippon India Gold Savings Fund - Direct Plan Growth Plan - Growth Option,12.8732,Nippon India Mutual Fund,Other Scheme - FoF Domestic
2016-03-28,118663,Nippon India Gold Savings Fund - Direct Plan Growth Plan - Growth Option,12.6555,Nippon India Mutual Fund,Other Scheme - FoF Domestic
2016-03-29,118663,Nippon India Gold Savings Fund - Direct Plan Growth Plan - Growth Option,12.5405,Nippon India Mutual Fund,Other Scheme - FoF Domestic
2016-03-30,118663,Nippon India Gold Savings Fund - Direct Plan Growth Plan - Growth Option,12.6249,Nippon India Mutual Fund,Other Scheme - FoF Domestic
2016-03-31,118663,Nippon India Gold Savings Fund - Direct Plan Growth Plan - Growth Option,12.589,Nippon India Mutual Fund,Other Scheme - FoF Domestic
2016-04-01,118663,Nippon India Gold Savings Fund - Direct Plan Growth Plan - Growth Option,12.6969,Nippon India Mutual Fund,Other Scheme - FoF Domestic
2016-04-04,118663,Nippon India Gold Savings Fund - Direct Plan Growth Plan - Growth Option,12.7016,Nippon India Mutual Fund,Other Scheme - FoF Domestic
2016-04-05,118663,Nippon India Gold Savings Fund - Direct Plan Growth Plan - Growth Option,12.7345,Nippon India Mutual Fund,Other Scheme - FoF Domestic
2016-04-06,118663,Nippon India Gold Savings Fund - Direct Plan Growth Plan - Growth Option,12.7457,Nippon India Mutual Fund,Other Scheme - FoF Domestic
2016-04-07,118663,Nippon India Gold Savings Fund - Direct Plan Growth Plan - Growth Option,12.8399,Nippon India Mutual Fund,Other Scheme - FoF Domestic
2016-04-08,118663,Nippon India Gold Savings Fund - Direct Plan Growth Plan - Growth Option,12.9191,Nippon India Mutual Fund,Other Scheme - FoF Domestic
2016-04-11,118663,Nippon India Gold Savings Fund - Direct Plan Growth Plan - Growth Option,12.935,Nippon India Mutual Fund,Other Scheme - FoF Domestic
2016-04-12,118663,Nippon India Gold Savings Fund - Direct Plan Growth Plan - Growth Option,13.0069,Nippon India Mutual Fund,Other Scheme - FoF Domestic
2016-04-13,118663,Nippon India Gold Savings Fund - Direct Plan Growth Plan - Growth Option,12.9267,Nippon India Mutual Fund,Other Scheme - FoF Domestic
2016-04-18,118663,Nippon India Gold Savings Fund - Direct Plan Growth Plan - Growth Option,12.9162,Nippon India Mutual Fund,Other Scheme - FoF Domestic
2016-04-20,118663,Nippon India Gold Savings Fund - Direct Plan Growth Plan - Growth Option,12.9616,Nippon India Mutual Fund,Other Scheme - FoF Domestic
2016-04-21,118663,Nippon India Gold Savings Fund - Direct Plan Growth Plan - Growth Option,13.025,Nippon India Mutual Fund,Other Scheme - FoF Domestic
2016-04-22,118663,Nippon India Gold Savings Fund - Direct Plan Growth Plan - Growth Option,12.9568,Nippon India Mutual Fund,Other Scheme - FoF Domestic
2016-04-25,118663,Nippon India Gold Savings Fund - Direct Plan Growth Plan - Growth Option,12.9092,Nippon India Mutual Fund,Other Scheme - FoF Domestic
2016-04-26,118663,Nippon India Gold Savings Fund - Direct Plan Growth Plan - Growth Option,12.8889,Nippon India Mutual Fund,Other Scheme - FoF Domestic
2016-04-27,118663,Nippon India Gold Savings Fund - Direct Plan Growth Plan - Growth Option,12.9557,Nippon India Mutual Fund,Other Scheme - FoF Domestic
2016-04-28,118663,Nippon India Gold Savings Fund - Direct Plan Growth Plan - Growth Option,13.0511,Nippon India Mutual Fund,Other Scheme - FoF Domestic
2016-04-29,118663,Nippon India Gold Savings Fund - Direct Plan Growth Plan - Growth Option,13.2029,Nippon India Mutual Fund,Other Scheme - FoF Domestic
2016-05-02,118663,Nippon India Gold Savings Fund - Direct Plan Growth Plan - Growth Option,13.3602,Nippon India Mutual Fund,Other Scheme - FoF Domestic
2016-05-03,118663,Nippon India Gold Savings Fund - Direct Plan Growth Plan - Growth Option,13.3316,Nippon India Mutual Fund,Other Scheme - FoF Domestic
2016-05-04,118663,Nippon India Gold Savings Fund - Direct Plan Growth Plan - Growth Option,13.2125,Nippon India Mutual Fund,Other Scheme - FoF Domestic
2016-05-05,118663,Nippon India Gold Savings Fund - Direct Plan Growth Plan - Growth Option,13.1694,Nippon India Mutual Fund,Other Scheme - FoF Domestic
2016-05-06,118663,Nippon India Gold Savings Fund - Direct Plan Growth Plan - Growth Option,13.3163,Nippon India Mutual Fund,Other Scheme - FoF Domestic
2016-05-09,118663,Nippon India Gold Savings Fund - Direct Plan Growth Plan - Growth Option,13.4612,Nippon India Mutual Fund,Other Scheme - FoF Domestic
2016-05-10,118663,Nippon India Gold Savings Fund - Direct Plan Growth Plan - Growth Option,13.3933,Nippon India Mutual Fund,Other Scheme - FoF Domestic
2016-05-11,118663,Nippon India Gold Savings Fund - Direct Plan Growth Plan - Growth Option,13.3345,Nippon India Mutual Fund,Other Scheme - FoF Domestic
2016-05-12,118663,Nippon India Gold Savings Fund - Direct Plan Growth Plan - Growth Option,13.2433,Nippon India Mutual Fund,Other Scheme - FoF Domestic
2016-05-13,118663,Nippon India Gold Savings Fund - Direct Plan Growth Plan - Growth Option,13.2637,Nippon India Mutual Fund,Other Scheme - FoF Domestic
2016-05-16,118663,Nippon India Gold Savings Fund - Direct Plan Growth Plan - Growth Option,13.3068,Nippon India Mutual Fund,Other Scheme - FoF Domestic
2016-05-17,118663,Nippon India Gold Savings Fund - Direct Plan Growth Plan - Growth Option,13.3677,Nippon India Mutual Fund,Other Scheme - FoF Domestic
2016-05-18,118663,Nippon India Gold Savings Fund - Direct Plan Growth Plan - Growth Option,13.2727,Nippon India Mutual Fund,Other Scheme - FoF Domestic
2016-05-19,118663,Nippon India Gold Savings Fund - Direct Plan Growth Plan - Growth Option,13.1593,Nippon India Mutual Fund,Other Scheme - FoF Domestic
2016-05-20,118663,Nippon India Gold Savings Fund - Direct Plan Growth Plan - Growth Option,13.1908,Nippon India Mutual Fund,Other Scheme - FoF Domestic
2016-05-23,118663,Nippon India Gold Savings Fund - Direct Plan Growth Plan - Growth Option,13.0998,Nippon India Mutual Fund,Other Scheme - FoF Domestic
2016-05-24,118663,Nippon India Gold Savings Fund - Direct Plan Growth Plan - Growth Option,13.0153,Nippon India Mutual Fund,Other Scheme - FoF Domestic
2016-05-25,118663,Nippon India Gold Savings Fund - Direct Plan Growth Plan - Growth Option,12.7675,Nippon India Mutual Fund,Other Scheme - FoF Domestic
2016-05-26,118663,Nippon India Gold Savings Fund - Direct Plan Growth Plan - Growth Option,12.7369,Nippon India Mutual Fund,Other Scheme - FoF Domestic
2016-05-27,118663,Nippon India Gold Savings Fund - Direct Plan Growth Plan - Growth Option,12.7079,Nippon India Mutual Fund,Other Scheme - FoF Domestic
2016-05-30,118663,Nippon India Gold Savings Fund - Direct Plan Growth Plan - Growth Option,12.6435,Nippon India Mutual Fund,Other Scheme - FoF Domestic
2016-05-31,118663,Nippon India Gold Savings Fund - Direct Plan Growth Plan - Growth Option,12.6846,Nippon India Mutual Fund,Other Scheme - FoF Domestic
2016-06-01,118663,Nippon India Gold Savings Fund - Direct Plan Growth Plan - Growth Option,12.7423,Nippon India Mutual Fund,Other Scheme - FoF Domestic
2016-06-02,118663,Nippon India Gold Savings Fund - Direct Plan Growth Plan - Growth Option,12.7387,Nippon India Mutual Fund,Other Scheme - FoF Domestic
2016-06-03,118663,Nippon India Gold Savings Fund - Direct Plan Growth Plan - Growth Option,12.7705,Nippon India Mutual Fund,Other Scheme - FoF Domestic
2016-06-06,118663,Nippon India Gold Savings Fund - Direct Plan Growth Plan - Growth Option,12.9154,Nippon India Mutual Fund,Other Scheme - FoF Domestic
2016-06-07,118663,Nippon India Gold Savings Fund - Direct Plan Growth Plan - Growth Option,12.8866,Nippon India Mutual Fund,Other Scheme - FoF Domestic
2016-06-08,118663,Nippon India Gold Savings Fund - Direct Plan Growth Plan - Growth Option,12.8938,Nippon India Mutual Fund,Other Scheme - FoF Domestic
2016-06-09,118663,Nippon India Gold Savings Fund - Direct Plan Growth Plan - Growth Option,12.8849,Nippon India Mutual Fund,Other Scheme - FoF Domestic
2016-06-10,118663,Nippon India Gold Savings Fund - Direct Plan Growth Plan - Growth Option,13.0061,Nippon India Mutual Fund,Other Scheme - FoF Domestic
2016-06-13,118663,Nippon India Gold Savings Fund - Direct Plan Growth Plan - Growth Option,13.0981,Nippon India Mutual Fund,Other Scheme - FoF Domestic
2016-06-14,118663,Nippon India Gold Savings Fund - Direct Plan Growth Plan - Growth Option,13.1185,Nippon India Mutual Fund,Other Scheme - FoF Domestic
2016-06-15,118663,Nippon India Gold Savings Fund - Direct Plan Growth Plan - Growth Option,13.0837,Nippon India Mutual Fund,Other Scheme - FoF Domestic
2016-06-16,118663,Nippon India Gold Savings Fund - Direct Plan Growth Plan - Growth Option,13.2705,Nippon India Mutual Fund,Other Scheme - FoF Domestic
2016-06-17,118663,Nippon India Gold Savings Fund - Direct Plan Growth Plan - Growth Option,13.0877,Nippon India Mutual Fund,Other Scheme - FoF Domestic
2016-06-20,118663,Nippon India Gold Savings Fund - Direct Plan Growth Plan - Growth Option,13.1569,Nippon India Mutual Fund,Other Scheme - FoF Domestic
2016-06-21,118663,Nippon India Gold Savings Fund - Direct Plan Growth Plan - Growth Option,13.1106,Nippon India Mutual Fund,Other Scheme - FoF Domestic
2016-06-22,118663,Nippon India Gold Savings Fund - Direct Plan Growth Plan - Growth Option,12.9943,Nippon India Mutual Fund,Other Scheme - FoF Domestic
2016-06-23,118663,Nippon India Gold Savings Fund - Direct Plan Growth Plan - Growth Option,13.0484,Nippon India Mutual Fund,Other Scheme - FoF Domestic
2016-06-24,118663,Nippon India Gold Savings Fund - Direct Plan Growth Plan - Growth Option,13.4439,Nippon India Mutual Fund,Other Scheme - FoF Domestic
2016-06-27,118663,Nippon India Gold Savings Fund - Direct Plan Growth Plan - Growth Option,13.5535,Nippon India Mutual Fund,Other Scheme - FoF Domestic
2016-06-28,118663,Nippon India Gold Savings Fund - Direct Plan Growth Plan - Growth Option,13.4442,Nippon India Mutual Fund,Other Scheme - FoF Domestic
2016-06-29,118663,Nippon India Gold Savings Fund - Direct Plan Growth Plan - Growth Option,13.4149,Nippon India Mutual Fund,Other Scheme - FoF Domestic
2016-06-30,118663,Nippon India Gold Savings Fund - Direct Plan Growth Plan - Growth Option,13.4622,Nippon India Mutual Fund,Other Scheme - FoF Domestic
2016-07-01,118663,Nippon India Gold Savings Fund - Direct Plan Growth Plan - Growth Option,13.5871,Nippon India Mutual Fund,Other Scheme - FoF Domestic
2016-07-04,118663,Nippon India Gold Savings Fund - Direct Plan Growth Plan - Growth Option,13.6553,Nippon India Mutual Fund,Other Scheme - FoF Domestic
2016-07-05,118663,Nippon India Gold Savings Fund - Direct Plan Growth Plan - Growth Option,13.6044,Nippon India Mutual Fund,Other Scheme - FoF Domestic
2016-07-07,118663,Nippon India Gold Savings Fund - Direct Plan Growth Plan - Growth Option,13.8462,Nippon India Mutual Fund,Other Scheme - FoF Domestic
2016-07-08,118663,Nippon India Gold Savings Fund - Direct Plan Growth Plan - Growth Option,13.8146,Nippon India Mutual Fund,Other Scheme - FoF Domestic
2016-07-11,118663,Nippon India Gold Savings Fund - Direct Plan Growth Plan - Growth Option,13.8163,Nippon India Mutual Fund,Other Scheme - FoF Domestic
2016-07-12,118663,Nippon India Gold Savings Fund - Direct Plan Growth Plan - Growth Option,13.8336,Nippon India Mutual Fund,Other Scheme - FoF Domestic
2016-07-13,118663,Nippon India Gold Savings Fund - Direct Plan Growth Plan - Growth Option,13.7322,Nippon India Mutual Fund,Other Scheme - FoF Domestic
2016-07-14,118663,Nippon India Gold Savings Fund - Direct Plan Growth Plan - Growth Option,13.6634,Nippon India Mutual Fund,Other Scheme - FoF Domestic
2016-07-15,118663,Nippon India Gold Savings Fund - Direct Plan Growth Plan - Growth Option,13.6354,Nippon India Mutual Fund,Other Scheme - FoF Domestic
2016-07-18,118663,Nippon India Gold Savings Fund - Direct Plan Growth Plan - Growth Option,13.7133,Nippon India Mutual Fund,Other Scheme - FoF Domestic
2016-07-19,118663,Nippon India Gold Savings Fund - Direct Plan Growth Plan - Growth Option,13.6299,Nippon India Mutual Fund,Other Scheme - FoF Domestic
2016-07-20,118663,Nippon India Gold Savings Fund - Direct Plan Growth Plan - Growth Option,13.6325,Nippon India Mutual Fund,Other Scheme - FoF Domestic
2016-07-21,118663,Nippon India Gold Savings Fund - Direct Plan Growth Plan - Growth Option,13.5921,Nippon India Mutual Fund,Other Scheme - FoF Domestic
2016-07-22,118663,Nippon India Gold Savings Fund - Direct Plan Growth Plan - Growth Option,13.6254,Nippon India Mutual Fund,Other Scheme - FoF Domestic
2016-07-25,118663,Nippon India Gold Savings Fund - Direct Plan Growth Plan - Growth Option,13.6237,Nippon India Mutual Fund,Other Scheme - FoF Domestic
2016-07-26,118663,Nippon India Gold Savings Fund - Direct Plan Growth Plan - Growth Option,13.6585,Nippon India Mutual Fund,Other Scheme - FoF Domestic
2016-07-27,118663,Nippon India Gold Savings Fund - Direct Plan Growth Plan - Growth Option,13.6601,Nippon India Mutual Fund,Other Scheme - FoF Domestic
2016-07-28,118663,Nippon India Gold Savings Fund - Direct Plan Growth Plan - Growth Option,13.7392,Nippon India Mutual Fund,Other Scheme - FoF Domestic
2016-07-29,118663,Nippon India Gold Savings Fund - Direct Plan Growth Plan - Growth Option,13.736,Nippon India Mutual Fund,Other Scheme - FoF Domestic
2016-08-01,118663,Nippon India Gold Savings Fund - Direct Plan Growth Plan - Growth Option,13.8655,Nippon India Mutual Fund,Other Scheme - FoF Domestic
2016-08-02,118663,Nippon India Gold Savings Fund - Direct Plan Growth Plan - Growth Option,13.8803,Nippon India Mutual Fund,Other Scheme - FoF Domestic
2016-08-03,118663,Nippon India Gold Savings Fund - Direct Plan Growth Plan - Growth Option,13.8863,Nippon India Mutual Fund,Other Scheme - FoF Domestic
2016-08-04,118663,Nippon India Gold Savings Fund - Direct Plan Growth Plan - Growth Option,13.7609,Nippon India Mutual Fund,Other Scheme - FoF Domestic
2016-08-05,118663,Nippon India Gold Savings Fund - Direct Plan Growth Plan - Growth Option,13.8148,Nippon India Mutual Fund,Other Scheme - FoF Domestic
2016-08-08,118663,Nippon India Gold Savings Fund - Direct Plan Growth Plan - Growth Option,13.5451,Nippon India Mutual Fund,Other Scheme - FoF Domestic
2016-08-09,118663,Nippon India Gold Savings Fund - Direct Plan Growth Plan - Growth Option,13.627,Nippon India Mutual Fund,Other Scheme - FoF Domestic
2016-08-10,118663,Nippon India Gold Savings Fund - Direct Plan Growth Plan - Growth Option,13.765,Nippon India Mutual Fund,Other Scheme - FoF Domestic
2016-08-11,118663,Nippon India Gold Savings Fund - Direct Plan Growth Plan - Growth Option,13.7511,Nippon India Mutual Fund,Other Scheme - FoF Domestic
2016-08-12,118663,Nippon India Gold Savings Fund - Direct Plan Growth Plan - Growth Option,13.7558,Nippon India Mutual Fund,Other Scheme - FoF Domestic
2016-08-16,118663,Nippon India Gold Savings Fund - Direct Plan Growth Plan - Growth Option,13.8227,Nippon India Mutual Fund,Other Scheme - FoF Domestic
2016-08-17,118663,Nippon India Gold Savings Fund - Direct Plan Growth Plan - Growth Option,13.8177,Nippon India Mutual Fund,Other Scheme - FoF Domestic
2016-08-18,118663,Nippon India Gold Savings Fund - Direct Plan Growth Plan - Growth Option,13.8335,Nippon India Mutual Fund,Other Scheme - FoF Domestic
2016-08-19,118663,Nippon India Gold Savings Fund - Direct Plan Growth Plan - Growth Option,13.8696,Nippon India Mutual Fund,Other Scheme - FoF Domestic
2016-08-22,118663,Nippon India Gold Savings Fund - Direct Plan Growth Plan - Growth Option,13.9186,Nippon India Mutual Fund,Other Scheme - FoF Domestic
2016-08-23,118663,Nippon India Gold Savings Fund - Direct Plan Growth Plan - Growth Option,13.8667,Nippon India Mutual Fund,Other Scheme - FoF Domestic
2016-08-24,118663,Nippon India Gold Savings Fund - Direct Plan Growth Plan - Growth Option,13.8541,Nippon India Mutual Fund,Other Scheme - FoF Domestic
2016-08-25,118663,Nippon India Gold Savings Fund - Direct Plan Growth Plan - Growth Option,13.7184,Nippon India Mutual Fund,Other Scheme - FoF Domestic
2016-08-26,118663,Nippon India Gold Savings Fund - Direct Plan Growth Plan - Growth Option,13.6965,Nippon India Mutual Fund,Other Scheme - FoF Domestic
2016-08-29,118663,Nippon India Gold Savings Fund - Direct Plan Growth Plan - Growth Option,13.6248,Nippon India Mutual Fund,Other Scheme - FoF Domestic
2016-08-30,118663,Nippon India Gold Savings Fund - Direct Plan Growth Plan - Growth Option,13.6773,Nippon India Mutual Fund,Other Scheme - FoF Domestic
2016-08-31,118663,Nippon India Gold Savings Fund - Direct Plan Growth Plan - Growth Option,13.63,Nippon India Mutual Fund,Other Scheme - FoF Domestic
2016-09-01,118663,Nippon India Gold Savings Fund - Direct Plan Growth Plan - Growth Option,13.5896,Nippon India Mutual Fund,Other Scheme - FoF Domestic
2016-09-02,118663,Nippon India Gold Savings Fund - Direct Plan Growth Plan - Growth Option,13.6145,Nippon India Mutual Fund,Other Scheme - FoF Domestic
2016-09-06,118663,Nippon India Gold Savings Fund - Direct Plan Growth Plan - Growth Option,13.6675,Nippon India Mutual Fund,Other Scheme - FoF Domestic
2016-09-07,118663,Nippon India Gold Savings Fund - Direct Plan Growth Plan - Growth Option,13.7964,Nippon India Mutual Fund,Other Scheme - FoF Domestic
2016-09-08,118663,Nippon India Gold Savings Fund - Direct Plan Growth Plan - Growth Option,13.7944,Nippon India Mutual Fund,Other Scheme - FoF Domestic
2016-09-09,118663,Nippon India Gold Savings Fund - Direct Plan Growth Plan - Growth Option,13.7281,Nippon India Mutual Fund,Other Scheme - FoF Domestic
2016-09-12,118663,Nippon India Gold Savings Fund - Direct Plan Growth Plan - Growth Option,13.7852,Nippon India Mutual Fund,Other Scheme - FoF Domestic
2016-09-14,118663,Nippon India Gold Savings Fund - Direct Plan Growth Plan - Growth Option,13.7809,Nippon India Mutual Fund,Other Scheme - FoF Domestic
2016-09-15,118663,Nippon India Gold Savings Fund - Direct Plan Growth Plan - Growth Option,13.7154,Nippon India Mutual Fund,Other Scheme - FoF Domestic
2016-09-16,118663,Nippon India Gold Savings Fund - Direct Plan Growth Plan - Growth Option,13.7601,Nippon India Mutual Fund,Other Scheme - FoF Domestic
2016-09-19,118663,Nippon India Gold Savings Fund - Direct Plan Growth Plan - Growth Option,13.7538,Nippon India Mutual Fund,Other Scheme - FoF Domestic
2016-09-20,118663,Nippon India Gold Savings Fund - Direct Plan Growth Plan - Growth Option,13.7402,Nippon India Mutual Fund,Other Scheme - FoF Domestic
2016-09-21,118663,Nippon India Gold Savings Fund - Direct Plan Growth Plan - Growth Option,13.8287,Nippon India Mutual Fund,Other Scheme - FoF Domestic
2016-09-22,118663,Nippon India Gold Savings Fund - Direct Plan Growth Plan - Growth Option,13.8909,Nippon India Mutual Fund,Other Scheme - FoF Domestic
2016-09-23,118663,Nippon India Gold Savings Fund - Direct Plan Growth Plan - Growth Option,13.9231,Nippon India Mutual Fund,Other Scheme - FoF Domestic
2016-09-26,118663,Nippon India Gold Savings Fund - Direct Plan Growth Plan - Growth Option,13.8269,Nippon India Mutual Fund,Other Scheme - FoF Domestic
2016-09-27,118663,Nippon India Gold Savings Fund - Direct Plan Growth Plan - Growth Option,13.8113,Nippon India Mutual Fund,Other Scheme - FoF Domestic
2016-09-28,118663,Nippon India Gold Savings Fund - Direct Plan Growth Plan - Growth Option,13.7532,Nippon India Mutual Fund,Other Scheme - FoF Domestic
2016-09-29,118663,Nippon India Gold Savings Fund - Direct Plan Growth Plan - Growth Option,13.8415,Nippon India Mutual Fund,Other Scheme - FoF Domestic
2016-09-30,118663,Nippon India Gold Savings Fund - Direct Plan Growth Plan - Growth Option,13.9598,Nippon India Mutual Fund,Other Scheme - FoF Domestic
2016-10-03,118663,Nippon India Gold Savings Fund - Direct Plan Growth Plan - Growth Option,13.839,Nippon India Mutual Fund,Other Scheme - FoF Domestic
2016-10-04,118663,Nippon India Gold Savings Fund - Direct Plan Growth Plan - Growth Option,13.7967,Nippon India Mutual Fund,Other Scheme - FoF Domestic
2016-10-05,118663,Nippon India Gold Savings Fund - Direct Plan Growth Plan - Growth Option,13.8157,Nippon India Mutual Fund,Other Scheme - FoF Domestic
2016-10-06,118663,Nippon India Gold Savings Fund - Direct Plan Growth Plan - Growth Option,13.6983,Nippon India Mutual Fund,Other Scheme - FoF Domestic
2016-10-07,118663,Nippon India Gold Savings Fund - Direct Plan Growth Plan - Growth Option,13.4631,Nippon India Mutual Fund,Other Scheme - FoF Domestic
2016-10-10,118663,Nippon India Gold Savings Fund - Direct Plan Growth Plan - Growth Option,13.6309,Nippon India Mutual Fund,Other Scheme - FoF Domestic
2016-10-13,118663,Nippon India Gold Savings Fund - Direct Plan Growth Plan - Growth Option,13.5641,Nippon India Mutual Fund,Other Scheme - FoF Domestic
2016-10-14,118663,Nippon India Gold Savings Fund - Direct Plan Growth Plan - Growth Option,13.5899,Nippon India Mutual Fund,Other Scheme - FoF Domestic
2016-10-17,118663,Nippon India Gold Savings Fund - Direct Plan Growth Plan - Growth Option,13.3844,Nippon India Mutual Fund,Other Scheme - FoF Domestic
2016-10-18,118663,Nippon India Gold Savings Fund - Direct Plan Growth Plan - Growth Option,13.3944,Nippon India Mutual Fund,Other Scheme - FoF Domestic
2016-10-19,118663,Nippon India Gold Savings Fund - Direct Plan Growth Plan - Growth Option,13.4365,Nippon India Mutual Fund,Other Scheme - FoF Domestic
2016-10-20,118663,Nippon India Gold Savings Fund - Direct Plan Growth Plan - Growth Option,13.4144,Nippon India Mutual Fund,Other Scheme - FoF Domestic
2016-10-21,118663,Nippon India Gold Savings Fund - Direct Plan Growth Plan - Growth Option,13.3838,Nippon India Mutual Fund,Other Scheme - FoF Domestic
2016-10-24,118663,Nippon India Gold Savings Fund - Direct Plan Growth Plan - Growth Option,13.3109,Nippon India Mutual Fund,Other Scheme - FoF Domestic
2016-10-25,118663,Nippon India Gold Savings Fund - Direct Plan Growth Plan - Growth Option,13.4789,Nippon India Mutual Fund,Other Scheme - FoF Domestic
2016-10-26,118663,Nippon India Gold Savings Fund - Direct Plan Growth Plan - Growth Option,13.6724,Nippon India Mutual Fund,Other Scheme - FoF Domestic
2016-10-27,118663,Nippon India Gold Savings Fund - Direct Plan Growth Plan - Growth Option,13.6587,Nippon India Mutual Fund,Other Scheme - FoF Domestic
2016-10-28,118663,Nippon India Gold Savings Fund - Direct Plan Growth Plan - Growth Option,13.5484,Nippon India Mutual Fund,Other Scheme - FoF Domestic
2016-11-01,118663,Nippon India Gold Savings Fund - Direct Plan Growth Plan - Growth Option,13.7557,Nippon India Mutual Fund,Other Scheme - FoF Domestic
2016-11-02,118663,Nippon India Gold Savings Fund - Direct Plan Growth Plan - Growth Option,13.6628,Nippon India Mutual Fund,Other Scheme - FoF Domestic
2016-11-03,118663,Nippon India Gold Savings Fund - Direct Plan Growth Plan - Growth Option,13.7082,Nippon India Mutual Fund,Other Scheme - FoF Domestic
2016-11-04,118663,Nippon India Gold Savings Fund - Direct Plan Growth Plan - Growth Option,13.781,Nippon India Mutual Fund,Other Scheme - FoF Domestic
2016-11-07,118663,Nippon India Gold Savings Fund - Direct Plan Growth Plan - Growth Option,13.449,Nippon India Mutual Fund,Other Scheme - FoF Domestic
2016-11-08,118663,Nippon India Gold Savings Fund - Direct Plan Growth Plan - Growth Option,13.4874,Nippon India Mutual Fund,Other Scheme - FoF Domestic
2016-11-09,118663,Nippon India Gold Savings Fund - Direct Plan Growth Plan - Growth Option,13.6979,Nippon India Mutual Fund,Other Scheme - FoF Domestic
2016-11-10,118663,Nippon India Gold Savings Fund - Direct Plan Growth Plan - Growth Option,13.6358,Nippon India Mutual Fund,Other Scheme - FoF Domestic
2016-11-11,118663,Nippon India Gold Savings Fund - Direct Plan Growth Plan - Growth Option,13.4071,Nippon India Mutual Fund,Other Scheme - FoF Domestic
2016-11-15,118663,Nippon India Gold Savings Fund - Direct Plan Growth Plan - Growth Option,13.3433,Nippon India Mutual Fund,Other Scheme - FoF Domestic
2016-11-16,118663,Nippon India Gold Savings Fund - Direct Plan Growth Plan - Growth Option,13.3258,Nippon India Mutual Fund,Other Scheme - FoF Domestic
2016-11-17,118663,Nippon India Gold Savings Fund - Direct Plan Growth Plan - Growth Option,13.167,Nippon India Mutual Fund,Other Scheme - FoF Domestic
2016-11-18,118663,Nippon India Gold Savings Fund - Direct Plan Growth Plan - Growth Option,12.8908,Nippon India Mutual Fund,Other Scheme - FoF Domestic
2016-11-21,118663,Nippon India Gold Savings Fund - Direct Plan Growth Plan - Growth Option,12.9495,Nippon India Mutual Fund,Other Scheme - FoF Domestic
2016-11-22,118663,Nippon India Gold Savings Fund - Direct Plan Growth Plan - Growth Option,13.0009,Nippon India Mutual Fund,Other Scheme - FoF Domestic
2016-11-23,118663,Nippon India Gold Savings Fund - Direct Plan Growth Plan - Growth Option,13.0154,Nippon India Mutual Fund,Other Scheme - FoF Domestic
2016-11-24,118663,Nippon India Gold Savings Fund - Direct Plan Growth Plan - Growth Option,12.9746,Nippon India Mutual Fund,Other Scheme - FoF Domestic
2016-11-25,118663,Nippon India Gold Savings Fund - Direct Plan Growth Plan - Growth Option,12.8227,Nippon India Mutual Fund,Other Scheme - FoF Domestic
2016-11-28,118663,Nippon India Gold Savings Fund - Direct Plan Growth Plan - Growth Option,12.9277,Nippon India Mutual Fund,Other Scheme - FoF Domestic
2016-11-29,118663,Nippon India Gold Savings Fund - Direct Plan Growth Plan - Growth Option,12.92,Nippon India Mutual Fund,Other Scheme - FoF Domestic
2016-11-30,118663,Nippon India Gold Savings Fund - Direct Plan Growth Plan - Growth Option,12.8778,Nippon India Mutual Fund,Other Scheme - FoF Domestic
2016-12-01,118663,Nippon India Gold Savings Fund - Direct Plan Growth Plan - Growth Option,12.7351,Nippon India Mutual Fund,Other Scheme - FoF Domestic
2016-12-02,118663,Nippon India Gold Savings Fund - Direct Plan Growth Plan - Growth Option,12.6273,Nippon India Mutual Fund,Other Scheme - FoF Domestic
2016-12-05,118663,Nippon India Gold Savings Fund - Direct Plan Growth Plan - Growth Option,12.5757,Nippon India Mutual Fund,Other Scheme - FoF Domestic
2016-12-06,118663,Nippon India Gold Savings Fund - Direct Plan Growth Plan - Growth Option,12.6151,Nippon India Mutual Fund,Other Scheme - FoF Domestic
2016-12-07,118663,Nippon India Gold Savings Fund - Direct Plan Growth Plan - Growth Option,12.5694,Nippon India Mutual Fund,Other Scheme - FoF Domestic
2016-12-08,118663,Nippon India Gold Savings Fund - Direct Plan Growth Plan - Growth Option,12.6102,Nippon India Mutual Fund,Other Scheme - FoF Domestic
2016-12-09,118663,Nippon India Gold Savings Fund - Direct Plan Growth Plan - Growth Option,12.5266,Nippon India Mutual Fund,Other Scheme - FoF Domestic
2016-12-12,118663,Nippon India Gold Savings Fund - Direct Plan Growth Plan - Growth Option,12.4908,Nippon India Mutual Fund,Other Scheme - FoF Domestic
2016-12-13,118663,Nippon India Gold Savings Fund - Direct Plan Growth Plan - Growth Option,12.4509,Nippon India Mutual Fund,Other Scheme - FoF Domestic
2016-12-14,118663,Nippon India Gold Savings Fund - Direct Plan Growth Plan - Growth Option,12.4249,Nippon India Mutual Fund,Other Scheme - FoF Domestic
2016-12-15,118663,Nippon India Gold Savings Fund - Direct Plan Growth Plan - Growth Option,12.3132,Nippon India Mutual Fund,Other Scheme - FoF Domestic
2016-12-16,118663,Nippon India Gold Savings Fund - Direct Plan Growth Plan - Growth Option,12.174,Nippon India Mutual Fund,Other Scheme - FoF Domestic
2016-12-19,118663,Nippon India Gold Savings Fund - Direct Plan Growth Plan - Growth Option,12.212,Nippon India Mutual Fund,Other Scheme - FoF Domestic
2016-12-20,118663,Nippon India Gold Savings Fund - Direct Plan Growth Plan - Growth Option,12.1829,Nippon India Mutual Fund,Other Scheme - FoF Domestic
2016-12-21,118663,Nippon India Gold Savings Fund - Direct Plan Growth Plan - Growth Option,12.1773,Nippon India Mutual Fund,Other Scheme - FoF Domestic
2016-12-22,118663,Nippon India Gold Savings Fund - Direct Plan Growth Plan - Growth Option,12.1099,Nippon India Mutual Fund,Other Scheme - FoF Domestic
2016-12-23,118663,Nippon India Gold Savings Fund - Direct Plan Growth Plan - Growth Option,12.1031,Nippon India Mutual Fund,Other Scheme - FoF Domestic
2016-12-26,118663,Nippon India Gold Savings Fund - Direct Plan Growth Plan - Growth Option,12.1692,Nippon India Mutual Fund,Other Scheme - FoF Domestic
2016-12-27,118663,Nippon India Gold Savings Fund - Direct Plan Growth Plan - Growth Option,12.2907,Nippon India Mutual Fund,Other Scheme - FoF Domestic
2016-12-28,118663,Nippon India Gold Savings Fund - Direct Plan Growth Plan - Growth Option,12.3961,Nippon India Mutual Fund,Other Scheme - FoF Domestic
2016-12-29,118663,Nippon India Gold Savings Fund - Direct Plan Growth Plan - Growth Option,12.3949,Nippon India Mutual Fund,Other Scheme - FoF Domestic
2016-12-30,118663,Nippon India Gold Savings Fund - Direct Plan Growth Plan - Growth Option,12.4816,Nippon India Mutual Fund,Other Scheme - FoF Domestic
2017-01-02,118663,Nippon India Gold Savings Fund - Direct Plan Growth Plan - Growth Option,12.4513,Nippon India Mutual Fund,Other Scheme - FoF Domestic
2017-01-03,118663,Nippon India Gold Savings Fund - Direct Plan Growth Plan - Growth Option,12.3923,Nippon India Mutual Fund,Other Scheme - FoF Domestic
2017-01-04,118663,Nippon India Gold Savings Fund - Direct Plan Growth Plan - Growth Option,12.5716,Nippon India Mutual Fund,Other Scheme - FoF Domestic
2017-01-05,118663,Nippon India Gold Savings Fund - Direct Plan Growth Plan - Growth Option,12.6443,Nippon India Mutual Fund,Other Scheme - FoF Domestic
2017-01-06,118663,Nippon India Gold Savings Fund - Direct Plan Growth Plan - Growth Option,12.6451,Nippon India Mutual Fund,Other Scheme - FoF Domestic
2017-01-09,118663,Nippon India Gold Savings Fund - Direct Plan Growth Plan - Growth Option,12.6745,Nippon India Mutual Fund,Other Scheme - FoF Domestic
2017-01-10,118663,Nippon India Gold Savings Fund - Direct Plan Growth Plan - Growth Option,12.7245,Nippon India Mutual Fund,Other Scheme - FoF Domestic
2017-01-11,118663,Nippon India Gold Savings Fund - Direct Plan Growth Plan - Growth Option,12.8159,Nippon India Mutual Fund,Other Scheme - FoF Domestic
2017-01-12,118663,Nippon India Gold Savings Fund - Direct Plan Growth Plan - Growth Option,12.9014,Nippon India Mutual Fund,Other Scheme - FoF Domestic
2017-01-13,118663,Nippon India Gold Savings Fund - Direct Plan Growth Plan - Growth Option,12.8708,Nippon India Mutual Fund,Other Scheme - FoF Domestic
2017-01-16,118663,Nippon India Gold Savings Fund - Direct Plan Growth Plan - Growth Option,12.9393,Nippon India Mutual Fund,Other Scheme - FoF Domestic
2017-01-17,118663,Nippon India Gold Savings Fund - Direct Plan Growth Plan - Growth Option,13.0398,Nippon India Mutual Fund,Other Scheme - FoF Domestic
2017-01-18,118663,Nippon India Gold Savings Fund - Direct Plan Growth Plan - Growth Option,13.068,Nippon India Mutual Fund,Other Scheme - FoF Domestic
2017-01-19,118663,Nippon India Gold Savings Fund - Direct Plan Growth Plan - Growth Option,12.9743,Nippon India Mutual Fund,Other Scheme - FoF Domestic
2017-01-20,118663,Nippon India Gold Savings Fund - Direct Plan Growth Plan - Growth Option,12.9863,Nippon India Mutual Fund,Other Scheme - FoF Domestic
2017-01-23,118663,Nippon India Gold Savings Fund - Direct Plan Growth Plan - Growth Option,12.9749,Nippon India Mutual Fund,Other Scheme - FoF Domestic
2017-01-24,118663,Nippon India Gold Savings Fund - Direct Plan Growth Plan - Growth Option,12.9739,Nippon India Mutual Fund,Other Scheme - FoF Domestic
2017-01-25,118663,Nippon India Gold Savings Fund - Direct Plan Growth Plan - Growth Option,12.9051,Nippon India Mutual Fund,Other Scheme - FoF Domestic
2017-01-27,118663,Nippon India Gold Savings Fund - Direct Plan Growth Plan - Growth Option,12.7561,Nippon India Mutual Fund,Other Scheme - FoF Domestic
2017-01-30,118663,Nippon India Gold Savings Fund - Direct Plan Growth Plan - Growth Option,12.6854,Nippon India Mutual Fund,Other Scheme - FoF Domestic
2017-01-31,118663,Nippon India Gold Savings Fund - Direct Plan Growth Plan - Growth Option,12.8005,Nippon India Mutual Fund,Other Scheme - FoF Domestic
2017-02-01,118663,Nippon India Gold Savings Fund - Direct Plan Growth Plan - Growth Option,12.8618,Nippon India Mutual Fund,Other Scheme - FoF Domestic
2017-02-02,118663,Nippon India Gold Savings Fund - Direct Plan Growth Plan - Growth Option,12.9159,Nippon India Mutual Fund,Other Scheme - FoF Domestic
2017-02-03,118663,Nippon India Gold Savings Fund - Direct Plan Growth Plan - Growth Option,12.8669,Nippon India Mutual Fund,Other Scheme - FoF Domestic
2017-02-06,118663,Nippon India Gold Savings Fund - Direct Plan Growth Plan - Growth Option,12.912,Nippon India Mutual Fund,Other Scheme - FoF Domestic
2017-02-07,118663,Nippon India Gold Savings Fund - Direct Plan Growth Plan - Growth Option,13.0796,Nippon India Mutual Fund,Other Scheme - FoF Domestic
2017-02-08,118663,Nippon India Gold Savings Fund - Direct Plan Growth Plan - Growth Option,13.109,Nippon India Mutual Fund,Other Scheme - FoF Domestic
2017-02-09,118663,Nippon India Gold Savings Fund - Direct Plan Growth Plan - Growth Option,13.0577,Nippon India Mutual Fund,Other Scheme - FoF Domestic
2017-02-10,118663,Nippon India Gold Savings Fund - Direct Plan Growth Plan - Growth Option,12.9087,Nippon India Mutual Fund,Other Scheme - FoF Domestic
2017-02-13,118663,Nippon India Gold Savings Fund - Direct Plan Growth Plan - Growth Option,12.8724,Nippon India Mutual Fund,Other Scheme - FoF Domestic
2017-02-14,118663,Nippon India Gold Savings Fund - Direct Plan Growth Plan - Growth Option,12.9344,Nippon India Mutual Fund,Other Scheme - FoF Domestic
2017-02-15,118663,Nippon India Gold Savings Fund - Direct Plan Growth Plan - Growth Option,12.8858,Nippon India Mutual Fund,Other Scheme - FoF Domestic
2017-02-16,118663,Nippon India Gold Savings Fund - Direct Plan Growth Plan - Growth Option,12.9828,Nippon India Mutual Fund,Other Scheme - FoF Domestic
2017-02-17,118663,Nippon India Gold Savings Fund - Direct Plan Growth Plan - Growth Option,13.0706,Nippon India Mutual Fund,Other Scheme - FoF Domestic
2017-02-20,118663,Nippon India Gold Savings Fund - Direct Plan Growth Plan - Growth Option,13.0269,Nippon India Mutual Fund,Other Scheme - FoF Domestic
2017-02-21,118663,Nippon India Gold Savings Fund - Direct Plan Growth Plan - Growth Option,12.9376,Nippon India Mutual Fund,Other Scheme - FoF Domestic
2017-02-22,118663,Nippon India Gold Savings Fund - Direct Plan Growth Plan - Growth Option,13.0764,Nippon India Mutual Fund,Other Scheme - FoF Domestic
2017-02-23,118663,Nippon India Gold Savings Fund - Direct Plan Growth Plan - Growth Option,13.0713,Nippon India Mutual Fund,Other Scheme - FoF Domestic
2017-02-27,118663,Nippon India Gold Savings Fund - Direct Plan Growth Plan - Growth Option,13.174,Nippon India Mutual Fund,Other Scheme - FoF Domestic
2017-02-28,118663,Nippon India Gold Savings Fund - Direct Plan Growth Plan - Growth Option,13.1466,Nippon India Mutual Fund,Other Scheme - FoF Domestic
2017-03-01,118663,Nippon India Gold Savings Fund - Direct Plan Growth Plan - Growth Option,13.1031,Nippon India Mutual Fund,Other Scheme - FoF Domestic
2017-03-02,118663,Nippon India Gold Savings Fund - Direct Plan Growth Plan - Growth Option,13.0714,Nippon India Mutual Fund,Other Scheme - FoF Domestic
2017-03-03,118663,Nippon India Gold Savings Fund - Direct Plan Growth Plan - Growth Option,12.9507,Nippon India Mutual Fund,Other Scheme - FoF Domestic
2017-03-06,118663,Nippon India Gold Savings Fund - Direct Plan Growth Plan - Growth Option,13.008,Nippon India Mutual Fund,Other Scheme - FoF Domestic
2017-03-07,118663,Nippon India Gold Savings Fund - Direct Plan Growth Plan - Growth Option,12.9228,Nippon India Mutual Fund,Other Scheme - FoF Domestic
2017-03-08,118663,Nippon India Gold Savings Fund - Direct Plan Growth Plan - Growth Option,12.7915,Nippon India Mutual Fund,Other Scheme - FoF Domestic
2017-03-09,118663,Nippon India Gold Savings Fund - Direct Plan Growth Plan - Growth Option,12.7688,Nippon India Mutual Fund,Other Scheme - FoF Domestic
2017-03-10,118663,Nippon India Gold Savings Fund - Direct Plan Growth Plan - Growth Option,12.7039,Nippon India Mutual Fund,Other Scheme - FoF Domestic
2017-03-14,118663,Nippon India Gold Savings Fund - Direct Plan Growth Plan - Growth Option,12.6286,Nippon India Mutual Fund,Other Scheme - FoF Domestic
2017-03-15,118663,Nippon India Gold Savings Fund - Direct Plan Growth Plan - Growth Option,12.4677,Nippon India Mutual Fund,Other Scheme - FoF Domestic
2017-03-16,118663,Nippon India Gold Savings Fund - Direct Plan Growth Plan - Growth Option,12.6303,Nippon India Mutual Fund,Other Scheme - FoF Domestic
2017-03-17,118663,Nippon India Gold Savings Fund - Direct Plan Growth Plan - Growth Option,12.6435,Nippon India Mutual Fund,Other Scheme - FoF Domestic
2017-03-20,118663,Nippon India Gold Savings Fund - Direct Plan Growth Plan - Growth Option,12.6727,Nippon India Mutual Fund,Other Scheme - FoF Domestic
2017-03-21,118663,Nippon India Gold Savings Fund - Direct Plan Growth Plan - Growth Option,12.6782,Nippon India Mutual Fund,Other Scheme - FoF Domestic
2017-03-22,118663,Nippon India Gold Savings Fund - Direct Plan Growth Plan - Growth Option,12.8179,Nippon India Mutual Fund,Other Scheme - FoF Domestic
2017-03-23,118663,Nippon India Gold Savings Fund - Direct Plan Growth Plan - Growth Option,12.8349,Nippon India Mutual Fund,Other Scheme - FoF Domestic
2017-03-24,118663,Nippon India Gold Savings Fund - Direct Plan Growth Plan - Growth Option,12.8118,Nippon India Mutual Fund,Other Scheme - FoF Domestic
2017-03-27,118663,Nippon India Gold Savings Fund - Direct Plan Growth Plan - Growth Option,12.856,Nippon India Mutual Fund,Other Scheme - FoF Domestic
2017-03-28,118663,Nippon India Gold Savings Fund - Direct Plan Growth Plan - Growth Option,12.8097,Nippon India Mutual Fund,Other Scheme - FoF Domestic
2017-03-29,118663,Nippon India Gold Savings Fund - Direct Plan Growth Plan - Growth Option,12.7882,Nippon India Mutual Fund,Other Scheme - FoF Domestic
2017-03-30,118663,Nippon India Gold Savings Fund - Direct Plan Growth Plan - Growth Option,12.779,Nippon India Mutual Fund,Other Scheme - FoF Domestic
2017-03-31,118663,Nippon India Gold Savings Fund - Direct Plan Growth Plan - Growth Option,12.7098,Nippon India Mutual Fund,Other Scheme - FoF Domestic
2017-04-03,118663,Nippon India Gold Savings Fund - Direct Plan Growth Plan - Growth Option,12.6873,Nippon India Mutual Fund,Other Scheme - FoF Domestic
2017-04-05,118663,Nippon India Gold Savings Fund - Direct Plan Growth Plan - Growth Option,12.8277,Nippon India Mutual Fund,Other Scheme - FoF Domestic
2017-04-06,118663,Nippon India Gold Savings Fund - Direct Plan Growth Plan - Growth Option,12.838,Nippon India Mutual Fund,Other Scheme - FoF Domestic
2017-04-07,118663,Nippon India Gold Savings Fund - Direct Plan Growth Plan - Growth Option,12.8971,Nippon India Mutual Fund,Other Scheme - FoF Domestic
2017-04-10,118663,Nippon India Gold Savings Fund - Direct Plan Growth Plan - Growth Option,12.7491,Nippon India Mutual Fund,Other Scheme - FoF Domestic
2017-04-11,118663,Nippon India Gold Savings Fund - Direct Plan Growth Plan - Growth Option,12.7733,Nippon India Mutual Fund,Other Scheme - FoF Domestic
2017-04-12,118663,Nippon India Gold Savings Fund - Direct Plan Growth Plan - Growth Option,12.9384,Nippon India Mutual Fund,Other Scheme - FoF Domestic
2017-04-13,118663,Nippon India Gold Savings Fund - Direct Plan Growth Plan - Growth Option,13.0252,Nippon India Mutual Fund,Other Scheme - FoF Domestic
2017-04-17,118663,Nippon India Gold Savings Fund - Direct Plan Growth Plan - Growth Option,13.0374,Nippon India Mutual Fund,Other Scheme - FoF Domestic
2017-04-18,118663,Nippon India Gold Savings Fund - Direct Plan Growth Plan - Growth Option,13.0325,Nippon India Mutual Fund,Other Scheme - FoF Domestic
2017-04-19,118663,Nippon India Gold Savings Fund - Direct Plan Growth Plan - Growth Option,12.9776,Nippon India Mutual Fund,Other Scheme - FoF Domestic
2017-04-20,118663,Nippon India Gold Savings Fund - Direct Plan Growth Plan - Growth Option,12.979,Nippon India Mutual Fund,Other Scheme - FoF Domestic
2017-04-21,118663,Nippon India Gold Savings Fund - Direct Plan Growth Plan - Growth Option,13.02,Nippon India Mutual Fund,Other Scheme - FoF Domestic
2017-04-24,118663,Nippon India Gold Savings Fund - Direct Plan Growth Plan - Growth Option,12.9131,Nippon India Mutual Fund,Other Scheme - FoF Domestic
2017-04-25,118663,Nippon India Gold Savings Fund - Direct Plan Growth Plan - Growth Option,12.8855,Nippon India Mutual Fund,Other Scheme - FoF Domestic
2017-04-26,118663,Nippon India Gold Savings Fund - Direct Plan Growth Plan - Growth Option,12.811,Nippon India Mutual Fund,Other Scheme - FoF Domestic
2017-04-27,118663,Nippon India Gold Savings Fund - Direct Plan Growth Plan - Growth Option,12.8078,Nippon India Mutual Fund,Other Scheme - FoF Domestic
2017-04-28,118663,Nippon India Gold Savings Fund - Direct Plan Growth Plan - Growth Option,12.8431,Nippon India Mutual Fund,Other Scheme - FoF Domestic
2017-05-02,118663,Nippon India Gold Savings Fund - Direct Plan Growth Plan - Growth Option,12.7325,Nippon India Mutual Fund,Other Scheme - FoF Domestic
2017-05-03,118663,Nippon India Gold Savings Fund - Direct Plan Growth Plan - Growth Option,12.6994,Nippon India Mutual Fund,Other Scheme - FoF Domestic
2017-05-04,118663,Nippon India Gold Savings Fund - Direct Plan Growth Plan - Growth Option,12.5505,Nippon India Mutual Fund,Other Scheme - FoF Domestic
2017-05-05,118663,Nippon India Gold Savings Fund - Direct Plan Growth Plan - Growth Option,12.6086,Nippon India Mutual Fund,Other Scheme - FoF Domestic
2017-05-08,118663,Nippon India Gold Savings Fund - Direct Plan Growth Plan - Growth Option,12.5092,Nippon India Mutual Fund,Other Scheme - FoF Domestic
2017-05-09,118663,Nippon India Gold Savings Fund - Direct Plan Growth Plan - Growth Option,12.5019,Nippon India Mutual Fund,Other Scheme - FoF Domestic
2017-05-10,118663,Nippon India Gold Savings Fund - Direct Plan Growth Plan - Growth Option,12.4867,Nippon India Mutual Fund,Other Scheme - FoF Domestic
2017-05-11,118663,Nippon India Gold Savings Fund - Direct Plan Growth Plan - Growth Option,12.4111,Nippon India Mutual Fund,Other Scheme - FoF Domestic
2017-05-12,118663,Nippon India Gold Savings Fund - Direct Plan Growth Plan - Growth Option,12.4288,Nippon India Mutual Fund,Other Scheme - FoF Domestic
2017-05-15,118663,Nippon India Gold Savings Fund - Direct Plan Growth Plan - Growth Option,12.4432,Nippon India Mutual Fund,Other Scheme - FoF Domestic
2017-05-16,118663,Nippon India Gold Savings Fund - Direct Plan Growth Plan - Growth Option,12.4585,Nippon India Mutual Fund,Other Scheme - FoF Domestic
2017-05-17,118663,Nippon India Gold Savings Fund - Direct Plan Growth Plan - Growth Option,12.5463,Nippon India Mutual Fund,Other Scheme - FoF Domestic
2017-05-18,118663,Nippon India Gold Savings Fund - Direct Plan Growth Plan - Growth Option,12.8027,Nippon India Mutual Fund,Other Scheme - FoF Domestic
2017-05-19,118663,Nippon India Gold Savings Fund - Direct Plan Growth Plan - Growth Option,12.7555,Nippon India Mutual Fund,Other Scheme - FoF Domestic
2017-05-22,118663,Nippon India Gold Savings Fund - Direct Plan Growth Plan - Growth Option,12.7355,Nippon India Mutual Fund,Other Scheme - FoF Domestic
2017-05-23,118663,Nippon India Gold Savings Fund - Direct Plan Growth Plan - Growth Option,12.8328,Nippon India Mutual Fund,Other Scheme - FoF Domestic
2017-05-24,118663,Nippon India Gold Savings Fund - Direct Plan Growth Plan - Growth Option,12.7614,Nippon India Mutual Fund,Other Scheme - FoF Domestic
2017-05-25,118663,Nippon India Gold Savings Fund - Direct Plan Growth Plan - Growth Option,12.7009,Nippon India Mutual Fund,Other Scheme - FoF Domestic
2017-05-26,118663,Nippon India Gold Savings Fund - Direct Plan Growth Plan - Growth Option,12.7943,Nippon India Mutual Fund,Other Scheme - FoF Domestic
2017-05-29,118663,Nippon India Gold Savings Fund - Direct Plan Growth Plan - Growth Option,12.7881,Nippon India Mutual Fund,Other Scheme - FoF Domestic
2017-05-30,118663,Nippon India Gold Savings Fund - Direct Plan Growth Plan - Growth Option,12.7868,Nippon India Mutual Fund,Other Scheme - FoF Domestic
2017-05-31,118663,Nippon India Gold Savings Fund - Direct Plan Growth Plan - Growth Option,12.7338,Nippon India Mutual Fund,Other Scheme - FoF Domestic
2017-06-01,118663,Nippon India Gold Savings Fund - Direct Plan Growth Plan - Growth Option,12.7859,Nippon India Mutual Fund,Other Scheme - FoF Domestic
2017-06-02,118663,Nippon India Gold Savings Fund - Direct Plan Growth Plan - Growth Option,12.7315,Nippon India Mutual Fund,Other Scheme - FoF Domestic
2017-06-05,118663,Nippon India Gold Savings Fund - Direct Plan Growth Plan - Growth Option,12.9047,Nippon India Mutual Fund,Other Scheme - FoF Domestic
2017-06-06,118663,Nippon India Gold Savings Fund - Direct Plan Growth Plan - Growth Option,12.9711,Nippon India Mutual Fund,Other Scheme - FoF Domestic
2017-06-07,118663,Nippon India Gold Savings Fund - Direct Plan Growth Plan - Growth Option,12.9504,Nippon India Mutual Fund,Other Scheme - FoF Domestic
2017-06-08,118663,Nippon India Gold Savings Fund - Direct Plan Growth Plan - Growth Option,12.9163,Nippon India Mutual Fund,Other Scheme - FoF Domestic
2017-06-09,118663,Nippon India Gold Savings Fund - Direct Plan Growth Plan - Growth Option,12.8172,Nippon India Mutual Fund,Other Scheme - FoF Domestic
2017-06-12,118663,Nippon India Gold Savings Fund - Direct Plan Growth Plan - Growth Option,12.7951,Nippon India Mutual Fund,Other Scheme - FoF Domestic
2017-06-13,118663,Nippon India Gold Savings Fund - Direct Plan Growth Plan - Growth Option,12.7528,Nippon India Mutual Fund,Other Scheme - FoF Domestic
2017-06-14,118663,Nippon India Gold Savings Fund - Direct Plan Growth Plan - Growth Option,12.747,Nippon India Mutual Fund,Other Scheme - FoF Domestic
2017-06-15,118663,Nippon India Gold Savings Fund - Direct Plan Growth Plan - Growth Option,12.7248,Nippon India Mutual Fund,Other Scheme - FoF Domestic
2017-06-16,118663,Nippon India Gold Savings Fund - Direct Plan Growth Plan - Growth Option,12.6953,Nippon India Mutual Fund,Other Scheme - FoF Domestic
2017-06-19,118663,Nippon India Gold Savings Fund - Direct Plan Growth Plan - Growth Option,12.6513,Nippon India Mutual Fund,Other Scheme - FoF Domestic
2017-06-20,118663,Nippon India Gold Savings Fund - Direct Plan Growth Plan - Growth Option,12.6343,Nippon India Mutual Fund,Other Scheme - FoF Domestic
2017-06-21,118663,Nippon India Gold Savings Fund - Direct Plan Growth Plan - Growth Option,12.6763,Nippon India Mutual Fund,Other Scheme - FoF Domestic
2017-06-22,118663,Nippon India Gold Savings Fund - Direct Plan Growth Plan - Growth Option,12.694,Nippon India Mutual Fund,Other Scheme - FoF Domestic
2017-06-23,118663,Nippon India Gold Savings Fund - Direct Plan Growth Plan - Growth Option,12.7029,Nippon India Mutual Fund,Other Scheme - FoF Domestic
2017-06-27,118663,Nippon India Gold Savings Fund - Direct Plan Growth Plan - Growth Option,12.6795,Nippon India Mutual Fund,Other Scheme - FoF Domestic
2017-06-28,118663,Nippon India Gold Savings Fund - Direct Plan Growth Plan - Growth Option,12.6389,Nippon India Mutual Fund,Other Scheme - FoF Domestic
2017-06-29,118663,Nippon India Gold Savings Fund - Direct Plan Growth Plan - Growth Option,12.5632,Nippon India Mutual Fund,Other Scheme - FoF Domestic
2017-06-30,118663,Nippon India Gold Savings Fund - Direct Plan Growth Plan - Growth Option,12.5306,Nippon India Mutual Fund,Other Scheme - FoF Domestic
2017-07-03,118663,Nippon India Gold Savings Fund - Direct Plan Growth Plan - Growth Option,12.4867,Nippon India Mutual Fund,Other Scheme - FoF Domestic
2017-07-04,118663,Nippon India Gold Savings Fund - Direct Plan Growth Plan - Growth Option,12.3703,Nippon India Mutual Fund,Other Scheme - FoF Domestic
2017-07-05,118663,Nippon India Gold Savings Fund - Direct Plan Growth Plan - Growth Option,12.3581,Nippon India Mutual Fund,Other Scheme - FoF Domestic
2017-07-06,118663,Nippon India Gold Savings Fund - Direct Plan Growth Plan - Growth Option,12.3882,Nippon India Mutual Fund,Other Scheme - FoF Domestic
2017-07-07,118663,Nippon India Gold Savings Fund - Direct Plan Growth Plan - Growth Option,12.3456,Nippon India Mutual Fund,Other Scheme - FoF Domestic
2017-07-10,118663,Nippon India Gold Savings Fund - Direct Plan Growth Plan - Growth Option,12.2042,Nippon India Mutual Fund,Other Scheme - FoF Domestic
2017-07-11,118663,Nippon India Gold Savings Fund - Direct Plan Growth Plan - Growth Option,12.2312,Nippon India Mutual Fund,Other Scheme - FoF Domestic
2017-07-12,118663,Nippon India Gold Savings Fund - Direct Plan Growth Plan - Growth Option,12.2576,Nippon India Mutual Fund,Other Scheme - FoF Domestic
2017-07-13,118663,Nippon India Gold Savings Fund - Direct Plan Growth Plan - Growth Option,12.2635,Nippon India Mutual Fund,Other Scheme - FoF Domestic
2017-07-14,118663,Nippon India Gold Savings Fund - Direct Plan Growth Plan - Growth Option,12.2433,Nippon India Mutual Fund,Other Scheme - FoF Domestic
2017-07-17,118663,Nippon India Gold Savings Fund - Direct Plan Growth Plan - Growth Option,12.3369,Nippon India Mutual Fund,Other Scheme - FoF Domestic
2017-07-18,118663,Nippon India Gold Savings Fund - Direct Plan Growth Plan - Growth Option,12.3764,Nippon India Mutual Fund,Other Scheme - FoF Domestic
2017-07-19,118663,Nippon India Gold Savings Fund - Direct Plan Growth Plan - Growth Option,12.4004,Nippon India Mutual Fund,Other Scheme - FoF Domestic
2017-07-20,118663,Nippon India Gold Savings Fund - Direct Plan Growth Plan - Growth Option,12.3856,Nippon India Mutual Fund,Other Scheme - FoF Domestic
2017-07-21,118663,Nippon India Gold Savings Fund - Direct Plan Growth Plan - Growth Option,12.4534,Nippon India Mutual Fund,Other Scheme - FoF Domestic
2017-07-24,118663,Nippon India Gold Savings Fund - Direct Plan Growth Plan - Growth Option,12.5357,Nippon India Mutual Fund,Other Scheme - FoF Domestic
2017-07-25,118663,Nippon India Gold Savings Fund - Direct Plan Growth Plan - Growth Option,12.4846,Nippon India Mutual Fund,Other Scheme - FoF Domestic
2017-07-26,118663,Nippon India Gold Savings Fund - Direct Plan Growth Plan - Growth Option,12.4302,Nippon India Mutual Fund,Other Scheme - FoF Domestic
2017-07-27,118663,Nippon India Gold Savings Fund - Direct Plan Growth Plan - Growth Option,12.5313,Nippon India Mutual Fund,Other Scheme - FoF Domestic
2017-07-28,118663,Nippon India Gold Savings Fund - Direct Plan Growth Plan - Growth Option,12.4736,Nippon India Mutual Fund,Other Scheme - FoF Domestic
2017-07-31,118663,Nippon India Gold Savings Fund - Direct Plan Growth Plan - Growth Option,12.5004,Nippon India Mutual Fund,Other Scheme - FoF Domestic
2017-08-01,118663,Nippon India Gold Savings Fund - Direct Plan Growth Plan - Growth Option,12.4746,Nippon India Mutual Fund,Other Scheme - FoF Domestic
2017-08-02,118663,Nippon India Gold Savings Fund - Direct Plan Growth Plan - Growth Option,12.4515,Nippon India Mutual Fund,Other Scheme - FoF Domestic
2017-08-03,118663,Nippon India Gold Savings Fund - Direct Plan Growth Plan - Growth Option,12.4205,Nippon India Mutual Fund,Other Scheme - FoF Domestic
2017-08-04,118663,Nippon India Gold Savings Fund - Direct Plan Growth Plan - Growth Option,12.5489,Nippon India Mutual Fund,Other Scheme - FoF Domestic
2017-08-07,118663,Nippon India Gold Savings Fund - Direct Plan Growth Plan - Growth Option,12.4241,Nippon India Mutual Fund,Other Scheme - FoF Domestic
2017-08-08,118663,Nippon India Gold Savings Fund - Direct Plan Growth Plan - Growth Option,12.4406,Nippon India Mutual Fund,Other Scheme - FoF Domestic
2017-08-09,118663,Nippon India Gold Savings Fund - Direct Plan Growth Plan - Growth Option,12.53,Nippon India Mutual Fund,Other Scheme - FoF Domestic
2017-08-10,118663,Nippon India Gold Savings Fund - Direct Plan Growth Plan - Growth Option,12.6235,Nippon India Mutual Fund,Other Scheme - FoF Domestic
2017-08-11,118663,Nippon India Gold Savings Fund - Direct Plan Growth Plan - Growth Option,12.7474,Nippon India Mutual Fund,Other Scheme - FoF Domestic
2017-08-14,118663,Nippon India Gold Savings Fund - Direct Plan Growth Plan - Growth Option,12.6571,Nippon India Mutual Fund,Other Scheme - FoF Domestic
2017-08-16,118663,Nippon India Gold Savings Fund - Direct Plan Growth Plan - Growth Option,12.5349,Nippon India Mutual Fund,Other Scheme - FoF Domestic
2017-08-17,118663,Nippon India Gold Savings Fund - Direct Plan Growth Plan - Growth Option,12.7116,Nippon India Mutual Fund,Other Scheme - FoF Domestic
2017-08-18,118663,Nippon India Gold Savings Fund - Direct Plan Growth Plan - Growth Option,12.754,Nippon India Mutual Fund,Other Scheme - FoF Domestic
2017-08-21,118663,Nippon India Gold Savings Fund - Direct Plan Growth Plan - Growth Option,12.6474,Nippon India Mutual Fund,Other Scheme - FoF Domestic
2017-08-22,118663,Nippon India Gold Savings Fund - Direct Plan Growth Plan - Growth Option,12.6243,Nippon India Mutual Fund,Other Scheme - FoF Domestic
2017-08-23,118663,Nippon India Gold Savings Fund - Direct Plan Growth Plan - Growth Option,12.6373,Nippon India Mutual Fund,Other Scheme - FoF Domestic
2017-08-24,118663,Nippon India Gold Savings Fund - Direct Plan Growth Plan - Growth Option,12.6446,Nippon India Mutual Fund,Other Scheme - FoF Domestic
2017-08-28,118663,Nippon India Gold Savings Fund - Direct Plan Growth Plan - Growth Option,12.7834,Nippon India Mutual Fund,Other Scheme - FoF Domestic
2017-08-29,118663,Nippon India Gold Savings Fund - Direct Plan Growth Plan - Growth Option,13.0437,Nippon India Mutual Fund,Other Scheme - FoF Domestic
2017-08-30,118663,Nippon India Gold Savings Fund - Direct Plan Growth Plan - Growth Option,12.9453,Nippon India Mutual Fund,Other Scheme - FoF Domestic
2017-08-31,118663,Nippon India Gold Savings Fund - Direct Plan Growth Plan - Growth Option,12.897,Nippon India Mutual Fund,Other Scheme - FoF Domestic
2017-09-01,118663,Nippon India Gold Savings Fund - Direct Plan Growth Plan - Growth Option,13.0392,Nippon India Mutual Fund,Other Scheme - FoF Domestic
2017-09-04,118663,Nippon India Gold Savings Fund - Direct Plan Growth Plan - Growth Option,13.1897,Nippon India Mutual Fund,Other Scheme - FoF Domestic
2017-09-05,118663,Nippon India Gold Savings Fund - Direct Plan Growth Plan - Growth Option,13.1505,Nippon India Mutual Fund,Other Scheme - FoF Domestic
2017-09-06,118663,Nippon India Gold Savings Fund - Direct Plan Growth Plan - Growth Option,13.2642,Nippon India Mutual Fund,Other Scheme - FoF Domestic
2017-09-07,118663,Nippon India Gold Savings Fund - Direct Plan Growth Plan - Growth Option,13.2097,Nippon India Mutual Fund,Other Scheme - FoF Domestic
2017-09-08,118663,Nippon India Gold Savings Fund - Direct Plan Growth Plan - Growth Option,13.2811,Nippon India Mutual Fund,Other Scheme - FoF Domestic
2017-09-11,118663,Nippon India Gold Savings Fund - Direct Plan Growth Plan - Growth Option,13.1692,Nippon India Mutual Fund,Other Scheme - FoF Domestic
2017-09-12,118663,Nippon India Gold Savings Fund - Direct Plan Growth Plan - Growth Option,13.1018,Nippon India Mutual Fund,Other Scheme - FoF Domestic
2017-09-13,118663,Nippon India Gold Savings Fund - Direct Plan Growth Plan - Growth Option,13.1616,Nippon India Mutual Fund,Other Scheme - FoF Domestic
2017-09-14,118663,Nippon India Gold Savings Fund - Direct Plan Growth Plan - Growth Option,13.079,Nippon India Mutual Fund,Other Scheme - FoF Domestic
2017-09-15,118663,Nippon India Gold Savings Fund - Direct Plan Growth Plan - Growth Option,13.1193,Nippon India Mutual Fund,Other Scheme - FoF Domestic
2017-09-18,118663,Nippon India Gold Savings Fund - Direct Plan Growth Plan - Growth Option,13.0099,Nippon India Mutual Fund,Other Scheme - FoF Domestic
2017-09-19,118663,Nippon India Gold Savings Fund - Direct Plan Growth Plan - Growth Option,12.9985,Nippon India Mutual Fund,Other Scheme - FoF Domestic
2017-09-20,118663,Nippon India Gold Savings Fund - Direct Plan Growth Plan - Growth Option,13.0539,Nippon India Mutual Fund,Other Scheme - FoF Domestic
2017-09-21,118663,Nippon India Gold Savings Fund - Direct Plan Growth Plan - Growth Option,12.9834,Nippon India Mutual Fund,Other Scheme - FoF Domestic
2017-09-22,118663,Nippon India Gold Savings Fund - Direct Plan Growth Plan - Growth Option,12.9914,Nippon India Mutual Fund,Other Scheme - FoF Domestic
2017-09-25,118663,Nippon India Gold Savings Fund - Direct Plan Growth Plan - Growth Option,13.0097,Nippon India Mutual Fund,Other Scheme - FoF Domestic
2017-09-26,118663,Nippon India Gold Savings Fund - Direct Plan Growth Plan - Growth Option,13.155,Nippon India Mutual Fund,Other Scheme - FoF Domestic
2017-09-27,118663,Nippon India Gold Savings Fund - Direct Plan Growth Plan - Growth Option,13.0633,Nippon India Mutual Fund,Other Scheme - FoF Domestic
2017-09-28,118663,Nippon India Gold Savings Fund - Direct Plan Growth Plan - Growth Option,12.9906,Nippon India Mutual Fund,Other Scheme - FoF Domestic
2017-09-29,118663,Nippon India Gold Savings Fund - Direct Plan Growth Plan - Growth Option,12.963,Nippon India Mutual Fund,Other Scheme - FoF Domestic
2017-10-03,118663,Nippon India Gold Savings Fund - Direct Plan Growth Plan - Growth Option,12.9245,Nippon India Mutual Fund,Other Scheme - FoF Domestic
2017-10-04,118663,Nippon India Gold Savings Fund - Direct Plan Growth Plan - Growth Option,12.8995,Nippon India Mutual Fund,Other Scheme - FoF Domestic
2017-10-05,118663,Nippon India Gold Savings Fund - Direct Plan Growth Plan - Growth Option,12.8727,Nippon India Mutual Fund,Other Scheme - FoF Domestic
2017-10-06,118663,Nippon India Gold Savings Fund - Direct Plan Growth Plan - Growth Option,12.8395,Nippon India Mutual Fund,Other Scheme - FoF Domestic
2017-10-09,118663,Nippon India Gold Savings Fund - Direct Plan Growth Plan - Growth Option,12.9776,Nippon India Mutual Fund,Other Scheme - FoF Domestic
2017-10-10,118663,Nippon India Gold Savings Fund - Direct Plan Growth Plan - Growth Option,13.0118,Nippon India Mutual Fund,Other Scheme - FoF Domestic
2017-10-11,118663,Nippon India Gold Savings Fund - Direct Plan Growth Plan - Growth Option,13.0499,Nippon India Mutual Fund,Other Scheme - FoF Domestic
2017-10-12,118663,Nippon India Gold Savings Fund - Direct Plan Growth Plan - Growth Option,13.1028,Nippon India Mutual Fund,Other Scheme - FoF Domestic
2017-10-13,118663,Nippon India Gold Savings Fund - Direct Plan Growth Plan - Growth Option,13.1101,Nippon India Mutual Fund,Other Scheme - FoF Domestic
2017-10-16,118663,Nippon India Gold Savings Fund - Direct Plan Growth Plan - Growth Option,13.0749,Nippon India Mutual Fund,Other Scheme - FoF Domestic
2017-10-17,118663,Nippon India Gold Savings Fund - Direct Plan Growth Plan - Growth Option,13.0247,Nippon India Mutual Fund,Other Scheme - FoF Domestic
2017-10-18,118663,Nippon India Gold Savings Fund - Direct Plan Growth Plan - Growth Option,12.9337,Nippon India Mutual Fund,Other Scheme - FoF Domestic
2017-10-23,118663,Nippon India Gold Savings Fund - Direct Plan Growth Plan - Growth Option,12.9097,Nippon India Mutual Fund,Other Scheme - FoF Domestic
2017-10-24,118663,Nippon India Gold Savings Fund - Direct Plan Growth Plan - Growth Option,12.8913,Nippon India Mutual Fund,Other Scheme - FoF Domestic
2017-10-25,118663,Nippon India Gold Savings Fund - Direct Plan Growth Plan - Growth Option,12.8674,Nippon India Mutual Fund,Other Scheme - FoF Domestic
2017-10-26,118663,Nippon India Gold Savings Fund - Direct Plan Growth Plan - Growth Option,12.8498,Nippon India Mutual Fund,Other Scheme - FoF Domestic
2017-10-27,118663,Nippon India Gold Savings Fund - Direct Plan Growth Plan - Growth Option,12.7743,Nippon India Mutual Fund,Other Scheme - FoF Domestic
2017-10-30,118663,Nippon India Gold Savings Fund - Direct Plan Growth Plan - Growth Option,12.7754,Nippon India Mutual Fund,Other Scheme - FoF Domestic
2017-10-31,118663,Nippon India Gold Savings Fund - Direct Plan Growth Plan - Growth Option,12.8202,Nippon India Mutual Fund,Other Scheme - FoF Domestic
2017-11-01,118663,Nippon India Gold Savings Fund - Direct Plan Growth Plan - Growth Option,12.8027,Nippon India Mutual Fund,Other Scheme - FoF Domestic
2017-11-02,118663,Nippon India Gold Savings Fund - Direct Plan Growth Plan - Growth Option,12.7754,Nippon India Mutual Fund,Other Scheme - FoF Domestic
2017-11-03,118663,Nippon India Gold Savings Fund - Direct Plan Growth Plan - Growth Option,12.7713,Nippon India Mutual Fund,Other Scheme - FoF Domestic
2017-11-06,118663,Nippon India Gold Savings Fund - Direct Plan Growth Plan - Growth Option,12.7125,Nippon India Mutual Fund,Other Scheme - FoF Domestic
2017-11-07,118663,Nippon India Gold Savings Fund - Direct Plan Growth Plan - Growth Option,12.8293,Nippon India Mutual Fund,Other Scheme - FoF Domestic
2017-11-08,118663,Nippon India Gold Savings Fund - Direct Plan Growth Plan - Growth Option,12.8419,Nippon India Mutual Fund,Other Scheme - FoF Domestic
2017-11-09,118663,Nippon India Gold Savings Fund - Direct Plan Growth Plan - Growth Option,12.8518,Nippon India Mutual Fund,Other Scheme - FoF Domestic
2017-11-10,118663,Nippon India Gold Savings Fund - Direct Plan Growth Plan - Growth Option,12.8968,Nippon India Mutual Fund,Other Scheme - FoF Domestic
2017-11-13,118663,Nippon India Gold Savings Fund - Direct Plan Growth Plan - Growth Option,12.8861,Nippon India Mutual Fund,Other Scheme - FoF Domestic
2017-11-14,118663,Nippon India Gold Savings Fund - Direct Plan Growth Plan - Growth Option,12.8491,Nippon India Mutual Fund,Other Scheme - FoF Domestic
2017-11-15,118663,Nippon India Gold Savings Fund - Direct Plan Growth Plan - Growth Option,12.9195,Nippon India Mutual Fund,Other Scheme - FoF Domestic
2017-11-16,118663,Nippon India Gold Savings Fund - Direct Plan Growth Plan - Growth Option,12.8399,Nippon India Mutual Fund,Other Scheme - FoF Domestic
2017-11-17,118663,Nippon India Gold Savings Fund - Direct Plan Growth Plan - Growth Option,12.8652,Nippon India Mutual Fund,Other Scheme - FoF Domestic
2017-11-20,118663,Nippon India Gold Savings Fund - Direct Plan Growth Plan - Growth Option,12.9681,Nippon India Mutual Fund,Other Scheme - FoF Domestic
2017-11-21,118663,Nippon India Gold Savings Fund - Direct Plan Growth Plan - Growth Option,12.856,Nippon India Mutual Fund,Other Scheme - FoF Domestic
2017-11-22,118663,Nippon India Gold Savings Fund - Direct Plan Growth Plan - Growth Option,12.8631,Nippon India Mutual Fund,Other Scheme - FoF Domestic
2017-11-23,118663,Nippon India Gold Savings Fund - Direct Plan Growth Plan - Growth Option,12.8823,Nippon India Mutual Fund,Other Scheme - FoF Domestic
2017-11-24,118663,Nippon India Gold Savings Fund - Direct Plan Growth Plan - Growth Option,12.8993,Nippon India Mutual Fund,Other Scheme - FoF Domestic
2017-11-27,118663,Nippon India Gold Savings Fund - Direct Plan Growth Plan - Growth Option,12.8795,Nippon India Mutual Fund,Other Scheme - FoF Domestic
2017-11-28,118663,Nippon India Gold Savings Fund - Direct Plan Growth Plan - Growth Option,12.8741,Nippon India Mutual Fund,Other Scheme - FoF Domestic
2017-11-29,118663,Nippon India Gold Savings Fund - Direct Plan Growth Plan - Growth Option,12.8826,Nippon India Mutual Fund,Other Scheme - FoF Domestic
2017-11-30,118663,Nippon India Gold Savings Fund - Direct Plan Growth Plan - Growth Option,12.7855,Nippon India Mutual Fund,Other Scheme - FoF Domestic
2017-12-01,118663,Nippon India Gold Savings Fund - Direct Plan Growth Plan - Growth Option,12.7592,Nippon India Mutual Fund,Other Scheme - FoF Domestic
2017-12-04,118663,Nippon India Gold Savings Fund - Direct Plan Growth Plan - Growth Option,12.6968,Nippon India Mutual Fund,Other Scheme - FoF Domestic
2017-12-05,118663,Nippon India Gold Savings Fund - Direct Plan Growth Plan - Growth Option,12.7238,Nippon India Mutual Fund,Other Scheme - FoF Domestic
2017-12-06,118663,Nippon India Gold Savings Fund - Direct Plan Growth Plan - Growth Option,12.6666,Nippon India Mutual Fund,Other Scheme - FoF Domestic
2017-12-07,118663,Nippon India Gold Savings Fund - Direct Plan Growth Plan - Growth Option,12.5853,Nippon India Mutual Fund,Other Scheme - FoF Domestic
2017-12-08,118663,Nippon India Gold Savings Fund - Direct Plan Growth Plan - Growth Option,12.4598,Nippon India Mutual Fund,Other Scheme - FoF Domestic
2017-12-11,118663,Nippon India Gold Savings Fund - Direct Plan Growth Plan - Growth Option,12.4663,Nippon India Mutual Fund,Other Scheme - FoF Domestic
2017-12-12,118663,Nippon India Gold Savings Fund - Direct Plan Growth Plan - Growth Option,12.4626,Nippon India Mutual Fund,Other Scheme - FoF Domestic
2017-12-13,118663,Nippon India Gold Savings Fund - Direct Plan Growth Plan - Growth Option,12.4125,Nippon India Mutual Fund,Other Scheme - FoF Domestic
2017-12-14,118663,Nippon India Gold Savings Fund - Direct Plan Growth Plan - Growth Option,12.5151,Nippon India Mutual Fund,Other Scheme - FoF Domestic
2017-12-15,118663,Nippon India Gold Savings Fund - Direct Plan Growth Plan - Growth Option,12.4657,Nippon India Mutual Fund,Other Scheme - FoF Domestic
2017-12-18,118663,Nippon India Gold Savings Fund - Direct Plan Growth Plan - Growth Option,12.46,Nippon India Mutual Fund,Other Scheme - FoF Domestic
2017-12-19,118663,Nippon India Gold Savings Fund - Direct Plan Growth Plan - Growth Option,12.5032,Nippon India Mutual Fund,Other Scheme - FoF Domestic
2017-12-20,118663,Nippon India Gold Savings Fund - Direct Plan Growth Plan - Growth Option,12.5122,Nippon India Mutual Fund,Other Scheme - FoF Domestic
2017-12-21,118663,Nippon India Gold Savings Fund - Direct Plan Growth Plan - Growth Option,12.5192,Nippon India Mutual Fund,Other Scheme - FoF Domestic
2017-12-22,118663,Nippon India Gold Savings Fund - Direct Plan Growth Plan - Growth Option,12.5386,Nippon India Mutual Fund,Other Scheme - FoF Domestic
2017-12-26,118663,Nippon India Gold Savings Fund - Direct Plan Growth Plan - Growth Option,12.6398,Nippon India Mutual Fund,Other Scheme - FoF Domestic
2017-12-27,118663,Nippon India Gold Savings Fund - Direct Plan Growth Plan - Growth Option,12.7189,Nippon India Mutual Fund,Other Scheme - FoF Domestic
2017-12-28,118663,Nippon India Gold Savings Fund - Direct Plan Growth Plan - Growth Option,12.8195,Nippon India Mutual Fund,Other Scheme - FoF Domestic
2017-12-29,118663,Nippon India Gold Savings Fund - Direct Plan Growth Plan - Growth Option,12.7688,Nippon India Mutual Fund,Other Scheme - FoF Domestic
2018-01-01,118663,Nippon India Gold Savings Fund - Direct Plan Growth Plan - Growth Option,12.8504,Nippon India Mutual Fund,Other Scheme - FoF Domestic
2018-01-02,118663,Nippon India Gold Savings Fund - Direct Plan Growth Plan - Growth Option,12.8628,Nippon India Mutual Fund,Other Scheme - FoF Domestic
2018-01-03,118663,Nippon India Gold Savings Fund - Direct Plan Growth Plan - Growth Option,12.8635,Nippon India Mutual Fund,Other Scheme - FoF Domestic
2018-01-04,118663,Nippon India Gold Savings Fund - Direct Plan Growth Plan - Growth Option,12.8316,Nippon India Mutual Fund,Other Scheme - FoF Domestic
2018-01-05,118663,Nippon India Gold Savings Fund - Direct Plan Growth Plan - Growth Option,12.8523,Nippon India Mutual Fund,Other Scheme - FoF Domestic
2018-01-08,118663,Nippon India Gold Savings Fund - Direct Plan Growth Plan - Growth Option,12.8673,Nippon India Mutual Fund,Other Scheme - FoF Domestic
2018-01-09,118663,Nippon India Gold Savings Fund - Direct Plan Growth Plan - Growth Option,12.9006,Nippon India Mutual Fund,Other Scheme - FoF Domestic
2018-01-10,118663,Nippon India Gold Savings Fund - Direct Plan Growth Plan - Growth Option,12.8913,Nippon India Mutual Fund,Other Scheme - FoF Domestic
2018-01-11,118663,Nippon India Gold Savings Fund - Direct Plan Growth Plan - Growth Option,12.9391,Nippon India Mutual Fund,Other Scheme - FoF Domestic
2018-01-12,118663,Nippon India Gold Savings Fund - Direct Plan Growth Plan - Growth Option,13.019,Nippon India Mutual Fund,Other Scheme - FoF Domestic
2018-01-15,118663,Nippon India Gold Savings Fund - Direct Plan Growth Plan - Growth Option,13.1,Nippon India Mutual Fund,Other Scheme - FoF Domestic
2018-01-16,118663,Nippon India Gold Savings Fund - Direct Plan Growth Plan - Growth Option,13.15,Nippon India Mutual Fund,Other Scheme - FoF Domestic
2018-01-17,118663,Nippon India Gold Savings Fund - Direct Plan Growth Plan - Growth Option,13.1319,Nippon India Mutual Fund,Other Scheme - FoF Domestic
2018-01-18,118663,Nippon India Gold Savings Fund - Direct Plan Growth Plan - Growth Option,13.0416,Nippon India Mutual Fund,Other Scheme - FoF Domestic
2018-01-19,118663,Nippon India Gold Savings Fund - Direct Plan Growth Plan - Growth Option,13.0989,Nippon India Mutual Fund,Other Scheme - FoF Domestic
2018-01-22,118663,Nippon India Gold Savings Fund - Direct Plan Growth Plan - Growth Option,13.0765,Nippon India Mutual Fund,Other Scheme - FoF Domestic
2018-01-23,118663,Nippon India Gold Savings Fund - Direct Plan Growth Plan - Growth Option,13.1226,Nippon India Mutual Fund,Other Scheme - FoF Domestic
2018-01-24,118663,Nippon India Gold Savings Fund - Direct Plan Growth Plan - Growth Option,13.19,Nippon India Mutual Fund,Other Scheme - FoF Domestic
2018-01-25,118663,Nippon India Gold Savings Fund - Direct Plan Growth Plan - Growth Option,13.2867,Nippon India Mutual Fund,Other Scheme - FoF Domestic
2018-01-29,118663,Nippon India Gold Savings Fund - Direct Plan Growth Plan - Growth Option,13.1955,Nippon India Mutual Fund,Other Scheme - FoF Domestic
2018-01-30,118663,Nippon India Gold Savings Fund - Direct Plan Growth Plan - Growth Option,13.1965,Nippon India Mutual Fund,Other Scheme - FoF Domestic
2018-01-31,118663,Nippon India Gold Savings Fund - Direct Plan Growth Plan - Growth Option,13.168,Nippon India Mutual Fund,Other Scheme - FoF Domestic
2018-02-01,118663,Nippon India Gold Savings Fund - Direct Plan Growth Plan - Growth Option,13.194,Nippon India Mutual Fund,Other Scheme - FoF Domestic
2018-02-02,118663,Nippon India Gold Savings Fund - Direct Plan Growth Plan - Growth Option,13.2974,Nippon India Mutual Fund,Other Scheme - FoF Domestic
2018-02-05,118663,Nippon India Gold Savings Fund - Direct Plan Growth Plan - Growth Option,13.2143,Nippon India Mutual Fund,Other Scheme - FoF Domestic
2018-02-06,118663,Nippon India Gold Savings Fund - Direct Plan Growth Plan - Growth Option,13.3025,Nippon India Mutual Fund,Other Scheme - FoF Domestic
2018-02-07,118663,Nippon India Gold Savings Fund - Direct Plan Growth Plan - Growth Option,13.1735,Nippon India Mutual Fund,Other Scheme - FoF Domestic
2018-02-08,118663,Nippon India Gold Savings Fund - Direct Plan Growth Plan - Growth Option,13.0194,Nippon India Mutual Fund,Other Scheme - FoF Domestic
2018-02-09,118663,Nippon India Gold Savings Fund - Direct Plan Growth Plan - Growth Option,13.0962,Nippon India Mutual Fund,Other Scheme - FoF Domestic
2018-02-12,118663,Nippon India Gold Savings Fund - Direct Plan Growth Plan - Growth Option,13.1246,Nippon India Mutual Fund,Other Scheme - FoF Domestic
2018-02-14,118663,Nippon India Gold Savings Fund - Direct Plan Growth Plan - Growth Option,13.1881,Nippon India Mutual Fund,Other Scheme - FoF Domestic
2018-02-15,118663,Nippon India Gold Savings Fund - Direct Plan Growth Plan - Growth Option,13.354,Nippon India Mutual Fund,Other Scheme - FoF Domestic
2018-02-16,118663,Nippon India Gold Savings Fund - Direct Plan Growth Plan - Growth Option,13.4325,Nippon India Mutual Fund,Other Scheme - FoF Domestic
2018-02-19,118663,Nippon India Gold Savings Fund - Direct Plan Growth Plan - Growth Option,13.4006,Nippon India Mutual Fund,Other Scheme - FoF Domestic
2018-02-20,118663,Nippon India Gold Savings Fund - Direct Plan Growth Plan - Growth Option,13.3688,Nippon India Mutual Fund,Other Scheme - FoF Domestic
2018-02-21,118663,Nippon India Gold Savings Fund - Direct Plan Growth Plan - Growth Option,13.2773,Nippon India Mutual Fund,Other Scheme - FoF Domestic
2018-02-22,118663,Nippon India Gold Savings Fund - Direct Plan Growth Plan - Growth Option,13.2665,Nippon India Mutual Fund,Other Scheme - FoF Domestic
2018-02-23,118663,Nippon India Gold Savings Fund - Direct Plan Growth Plan - Growth Option,13.2774,Nippon India Mutual Fund,Other Scheme - FoF Domestic
2018-02-26,118663,Nippon India Gold Savings Fund - Direct Plan Growth Plan - Growth Option,13.3486,Nippon India Mutual Fund,Other Scheme - FoF Domestic
2018-02-27,118663,Nippon India Gold Savings Fund - Direct Plan Growth Plan - Growth Option,13.3349,Nippon India Mutual Fund,Other Scheme - FoF Domestic
2018-02-28,118663,Nippon India Gold Savings Fund - Direct Plan Growth Plan - Growth Option,13.2711,Nippon India Mutual Fund,Other Scheme - FoF Domestic
2018-03-01,118663,Nippon India Gold Savings Fund - Direct Plan Growth Plan - Growth Option,13.214,Nippon India Mutual Fund,Other Scheme - FoF Domestic
2018-03-05,118663,Nippon India Gold Savings Fund - Direct Plan Growth Plan - Growth Option,13.3184,Nippon India Mutual Fund,Other Scheme - FoF Domestic
2018-03-06,118663,Nippon India Gold Savings Fund - Direct Plan Growth Plan - Growth Option,13.2693,Nippon India Mutual Fund,Other Scheme - FoF Domestic
2018-03-07,118663,Nippon India Gold Savings Fund - Direct Plan Growth Plan - Growth Option,13.3381,Nippon India Mutual Fund,Other Scheme - FoF Domestic
2018-03-08,118663,Nippon India Gold Savings Fund - Direct Plan Growth Plan - Growth Option,13.2929,Nippon India Mutual Fund,Other Scheme - FoF Domestic
2018-03-09,118663,Nippon India Gold Savings Fund - Direct Plan Growth Plan - Growth Option,13.2463,Nippon India Mutual Fund,Other Scheme - FoF Domestic
2018-03-12,118663,Nippon India Gold Savings Fund - Direct Plan Growth Plan - Growth Option,13.2221,Nippon India Mutual Fund,Other Scheme - FoF Domestic
2018-03-13,118663,Nippon India Gold Savings Fund - Direct Plan Growth Plan - Growth Option,13.1995,Nippon India Mutual Fund,Other Scheme - FoF Domestic
2018-03-14,118663,Nippon India Gold Savings Fund - Direct Plan Growth Plan - Growth Option,13.25,Nippon India Mutual Fund,Other Scheme - FoF Domestic
2018-03-15,118663,Nippon India Gold Savings Fund - Direct Plan Growth Plan - Growth Option,13.2227,Nippon India Mutual Fund,Other Scheme - FoF Domestic
2018-03-16,118663,Nippon India Gold Savings Fund - Direct Plan Growth Plan - Growth Option,13.2039,Nippon India Mutual Fund,Other Scheme - FoF Domestic
2018-03-19,118663,Nippon India Gold Savings Fund - Direct Plan Growth Plan - Growth Option,13.1407,Nippon India Mutual Fund,Other Scheme - FoF Domestic
2018-03-20,118663,Nippon India Gold Savings Fund - Direct Plan Growth Plan - Growth Option,13.2001,Nippon India Mutual Fund,Other Scheme - FoF Domestic
2018-03-21,118663,Nippon India Gold Savings Fund - Direct Plan Growth Plan - Growth Option,13.2078,Nippon India Mutual Fund,Other Scheme - FoF Domestic
2018-03-22,118663,Nippon India Gold Savings Fund - Direct Plan Growth Plan - Growth Option,13.2939,Nippon India Mutual Fund,Other Scheme - FoF Domestic
2018-03-23,118663,Nippon India Gold Savings Fund - Direct Plan Growth Plan - Growth Option,13.3785,Nippon India Mutual Fund,Other Scheme - FoF Domestic
2018-03-26,118663,Nippon India Gold Savings Fund - Direct Plan Growth Plan - Growth Option,13.3876,Nippon India Mutual Fund,Other Scheme - FoF Domestic
2018-03-27,118663,Nippon India Gold Savings Fund - Direct Plan Growth Plan - Growth Option,13.4102,Nippon India Mutual Fund,Other Scheme - FoF Domestic
2018-03-28,118663,Nippon India Gold Savings Fund - Direct Plan Growth Plan - Growth Option,13.3457,Nippon India Mutual Fund,Other Scheme - FoF Domestic
2018-04-02,118663,Nippon India Gold Savings Fund - Direct Plan Growth Plan - Growth Option,13.3427,Nippon India Mutual Fund,Other Scheme - FoF Domestic
2018-04-03,118663,Nippon India Gold Savings Fund - Direct Plan Growth Plan - Growth Option,13.3729,Nippon India Mutual Fund,Other Scheme - FoF Domestic
2018-04-04,118663,Nippon India Gold Savings Fund - Direct Plan Growth Plan - Growth Option,13.4738,Nippon India Mutual Fund,Other Scheme - FoF Domestic
2018-04-05,118663,Nippon India Gold Savings Fund - Direct Plan Growth Plan - Growth Option,13.284,Nippon India Mutual Fund,Other Scheme - FoF Domestic
2018-04-06,118663,Nippon India Gold Savings Fund - Direct Plan Growth Plan - Growth Option,13.2351,Nippon India Mutual Fund,Other Scheme - FoF Domestic
2018-04-09,118663,Nippon India Gold Savings Fund - Direct Plan Growth Plan - Growth Option,13.3049,Nippon India Mutual Fund,Other Scheme - FoF Domestic
2018-04-10,118663,Nippon India Gold Savings Fund - Direct Plan Growth Plan - Growth Option,13.3791,Nippon India Mutual Fund,Other Scheme - FoF Domestic
2018-04-11,118663,Nippon India Gold Savings Fund - Direct Plan Growth Plan - Growth Option,13.4944,Nippon India Mutual Fund,Other Scheme - FoF Domestic
2018-04-12,118663,Nippon India Gold Savings Fund - Direct Plan Growth Plan - Growth Option,13.5398,Nippon India Mutual Fund,Other Scheme - FoF Domestic
2018-04-13,118663,Nippon India Gold Savings Fund - Direct Plan Growth Plan - Growth Option,13.4627,Nippon India Mutual Fund,Other Scheme - FoF Domestic
2018-04-16,118663,Nippon India Gold Savings Fund - Direct Plan Growth Plan - Growth Option,13.5973,Nippon India Mutual Fund,Other Scheme - FoF Domestic
2018-04-17,118663,Nippon India Gold Savings Fund - Direct Plan Growth Plan - Growth Option,13.6161,Nippon India Mutual Fund,Other Scheme - FoF Domestic
2018-04-18,118663,Nippon India Gold Savings Fund - Direct Plan Growth Plan - Growth Option,13.6912,Nippon India Mutual Fund,Other Scheme - FoF Domestic
2018-04-19,118663,Nippon India Gold Savings Fund - Direct Plan Growth Plan - Growth Option,13.6599,Nippon India Mutual Fund,Other Scheme - FoF Domestic
2018-04-20,118663,Nippon India Gold Savings Fund - Direct Plan Growth Plan - Growth Option,13.6312,Nippon India Mutual Fund,Other Scheme - FoF Domestic
2018-04-23,118663,Nippon India Gold Savings Fund - Direct Plan Growth Plan - Growth Option,13.6145,Nippon India Mutual Fund,Other Scheme - FoF Domestic
2018-04-24,118663,Nippon India Gold Savings Fund - Direct Plan Growth Plan - Growth Option,13.5629,Nippon India Mutual Fund,Other Scheme - FoF Domestic
2018-04-25,118663,Nippon India Gold Savings Fund - Direct Plan Growth Plan - Growth Option,13.6225,Nippon India Mutual Fund,Other Scheme - FoF Domestic
2018-04-26,118663,Nippon India Gold Savings Fund - Direct Plan Growth Plan - Growth Option,13.5865,Nippon India Mutual Fund,Other Scheme - FoF Domestic
2018-04-27,118663,Nippon India Gold Savings Fund - Direct Plan Growth Plan - Growth Option,13.56,Nippon India Mutual Fund,Other Scheme - FoF Domestic
2018-04-30,118663,Nippon India Gold Savings Fund - Direct Plan Growth Plan - Growth Option,13.4859,Nippon India Mutual Fund,Other Scheme - FoF Domestic
2018-05-02,118663,Nippon India Gold Savings Fund - Direct Plan Growth Plan - Growth Option,13.4642,Nippon India Mutual Fund,Other Scheme - FoF Domestic
2018-05-03,118663,Nippon India Gold Savings Fund - Direct Plan Growth Plan - Growth Option,13.4462,Nippon India Mutual Fund,Other Scheme - FoF Domestic
2018-05-04,118663,Nippon India Gold Savings Fund - Direct Plan Growth Plan - Growth Option,13.486,Nippon India Mutual Fund,Other Scheme - FoF Domestic
2018-05-07,118663,Nippon India Gold Savings Fund - Direct Plan Growth Plan - Growth Option,13.5648,Nippon India Mutual Fund,Other Scheme - FoF Domestic
2018-05-08,118663,Nippon India Gold Savings Fund - Direct Plan Growth Plan - Growth Option,13.5048,Nippon India Mutual Fund,Other Scheme - FoF Domestic
2018-05-09,118663,Nippon India Gold Savings Fund - Direct Plan Growth Plan - Growth Option,13.5322,Nippon India Mutual Fund,Other Scheme - FoF Domestic
2018-05-10,118663,Nippon India Gold Savings Fund - Direct Plan Growth Plan - Growth Option,13.6736,Nippon India Mutual Fund,Other Scheme - FoF Domestic
2018-05-11,118663,Nippon India Gold Savings Fund - Direct Plan Growth Plan - Growth Option,13.6898,Nippon India Mutual Fund,Other Scheme - FoF Domestic
2018-05-14,118663,Nippon India Gold Savings Fund - Direct Plan Growth Plan - Growth Option,13.6913,Nippon India Mutual Fund,Other Scheme - FoF Domestic
2018-05-15,118663,Nippon India Gold Savings Fund - Direct Plan Growth Plan - Growth Option,13.6414,Nippon India Mutual Fund,Other Scheme - FoF Domestic
2018-05-16,118663,Nippon India Gold Savings Fund - Direct Plan Growth Plan - Growth Option,13.4463,Nippon India Mutual Fund,Other Scheme - FoF Domestic
2018-05-17,118663,Nippon India Gold Savings Fund - Direct Plan Growth Plan - Growth Option,13.3937,Nippon India Mutual Fund,Other Scheme - FoF Domestic
2018-05-18,118663,Nippon India Gold Savings Fund - Direct Plan Growth Plan - Growth Option,13.4631,Nippon India Mutual Fund,Other Scheme - FoF Domestic
2018-05-21,118663,Nippon India Gold Savings Fund - Direct Plan Growth Plan - Growth Option,13.4183,Nippon India Mutual Fund,Other Scheme - FoF Domestic
2018-05-22,118663,Nippon India Gold Savings Fund - Direct Plan Growth Plan - Growth Option,13.4969,Nippon India Mutual Fund,Other Scheme - FoF Domestic
2018-05-23,118663,Nippon India Gold Savings Fund - Direct Plan Growth Plan - Growth Option,13.5498,Nippon India Mutual Fund,Other Scheme - FoF Domestic
2018-05-24,118663,Nippon India Gold Savings Fund - Direct Plan Growth Plan - Growth Option,13.562,Nippon India Mutual Fund,Other Scheme - FoF Domestic
2018-05-25,118663,Nippon India Gold Savings Fund - Direct Plan Growth Plan - Growth Option,13.5138,Nippon India Mutual Fund,Other Scheme - FoF Domestic
2018-05-28,118663,Nippon India Gold Savings Fund - Direct Plan Growth Plan - Growth Option,13.4223,Nippon India Mutual Fund,Other Scheme - FoF Domestic
2018-05-29,118663,Nippon India Gold Savings Fund - Direct Plan Growth Plan - Growth Option,13.5623,Nippon India Mutual Fund,Other Scheme - FoF Domestic
2018-05-30,118663,Nippon India Gold Savings Fund - Direct Plan Growth Plan - Growth Option,13.4816,Nippon India Mutual Fund,Other Scheme - FoF Domestic
2018-05-31,118663,Nippon India Gold Savings Fund - Direct Plan Growth Plan - Growth Option,13.5002,Nippon India Mutual Fund,Other Scheme - FoF Domestic
2018-06-01,118663,Nippon India Gold Savings Fund - Direct Plan Growth Plan - Growth Option,13.4339,Nippon India Mutual Fund,Other Scheme - FoF Domestic
2018-06-04,118663,Nippon India Gold Savings Fund - Direct Plan Growth Plan - Growth Option,13.3766,Nippon India Mutual Fund,Other Scheme - FoF Domestic
2018-06-05,118663,Nippon India Gold Savings Fund - Direct Plan Growth Plan - Growth Option,13.3285,Nippon India Mutual Fund,Other Scheme - FoF Domestic
2018-06-06,118663,Nippon India Gold Savings Fund - Direct Plan Growth Plan - Growth Option,13.3326,Nippon India Mutual Fund,Other Scheme - FoF Domestic
2018-06-07,118663,Nippon India Gold Savings Fund - Direct Plan Growth Plan - Growth Option,13.3832,Nippon India Mutual Fund,Other Scheme - FoF Domestic
2018-06-08,118663,Nippon India Gold Savings Fund - Direct Plan Growth Plan - Growth Option,13.47,Nippon India Mutual Fund,Other Scheme - FoF Domestic
2018-06-11,118663,Nippon India Gold Savings Fund - Direct Plan Growth Plan - Growth Option,13.3973,Nippon India Mutual Fund,Other Scheme - FoF Domestic
2018-06-12,118663,Nippon India Gold Savings Fund - Direct Plan Growth Plan - Growth Option,13.3815,Nippon India Mutual Fund,Other Scheme - FoF Domestic
2018-06-13,118663,Nippon India Gold Savings Fund - Direct Plan Growth Plan - Growth Option,13.4036,Nippon India Mutual Fund,Other Scheme - FoF Domestic
2018-06-14,118663,Nippon India Gold Savings Fund - Direct Plan Growth Plan - Growth Option,13.473,Nippon India Mutual Fund,Other Scheme - FoF Domestic
2018-06-15,118663,Nippon India Gold Savings Fund - Direct Plan Growth Plan - Growth Option,13.4844,Nippon India Mutual Fund,Other Scheme - FoF Domestic
2018-06-18,118663,Nippon India Gold Savings Fund - Direct Plan Growth Plan - Growth Option,13.3396,Nippon India Mutual Fund,Other Scheme - FoF Domestic
2018-06-19,118663,Nippon India Gold Savings Fund - Direct Plan Growth Plan - Growth Option,13.3873,Nippon India Mutual Fund,Other Scheme - FoF Domestic
2018-06-20,118663,Nippon India Gold Savings Fund - Direct Plan Growth Plan - Growth Option,13.3154,Nippon India Mutual Fund,Other Scheme - FoF Domestic
2018-06-21,118663,Nippon India Gold Savings Fund - Direct Plan Growth Plan - Growth Option,13.2291,Nippon India Mutual Fund,Other Scheme - FoF Domestic
2018-06-22,118663,Nippon India Gold Savings Fund - Direct Plan Growth Plan - Growth Option,13.2314,Nippon India Mutual Fund,Other Scheme - FoF Domestic
2018-06-25,118663,Nippon India Gold Savings Fund - Direct Plan Growth Plan - Growth Option,13.2842,Nippon India Mutual Fund,Other Scheme - FoF Domestic
2018-06-26,118663,Nippon India Gold Savings Fund - Direct Plan Growth Plan - Growth Option,13.1948,Nippon India Mutual Fund,Other Scheme - FoF Domestic
2018-06-27,118663,Nippon India Gold Savings Fund - Direct Plan Growth Plan - Growth Option,13.2722,Nippon India Mutual Fund,Other Scheme - FoF Domestic
2018-06-28,118663,Nippon India Gold Savings Fund - Direct Plan Growth Plan - Growth Option,13.2447,Nippon India Mutual Fund,Other Scheme - FoF Domestic
2018-06-29,118663,Nippon India Gold Savings Fund - Direct Plan Growth Plan - Growth Option,13.1829,Nippon India Mutual Fund,Other Scheme - FoF Domestic
2018-07-02,118663,Nippon India Gold Savings Fund - Direct Plan Growth Plan - Growth Option,13.1895,Nippon India Mutual Fund,Other Scheme - FoF Domestic
2018-07-03,118663,Nippon India Gold Savings Fund - Direct Plan Growth Plan - Growth Option,13.2169,Nippon India Mutual Fund,Other Scheme - FoF Domestic
2018-07-04,118663,Nippon India Gold Savings Fund - Direct Plan Growth Plan - Growth Option,13.2416,Nippon India Mutual Fund,Other Scheme - FoF Domestic
2018-07-05,118663,Nippon India Gold Savings Fund - Direct Plan Growth Plan - Growth Option,13.2436,Nippon India Mutual Fund,Other Scheme - FoF Domestic
2018-07-06,118663,Nippon India Gold Savings Fund - Direct Plan Growth Plan - Growth Option,13.2778,Nippon India Mutual Fund,Other Scheme - FoF Domestic
2018-07-09,118663,Nippon India Gold Savings Fund - Direct Plan Growth Plan - Growth Option,13.2922,Nippon India Mutual Fund,Other Scheme - FoF Domestic
2018-07-10,118663,Nippon India Gold Savings Fund - Direct Plan Growth Plan - Growth Option,13.2341,Nippon India Mutual Fund,Other Scheme - FoF Domestic
2018-07-11,118663,Nippon India Gold Savings Fund - Direct Plan Growth Plan - Growth Option,13.2219,Nippon India Mutual Fund,Other Scheme - FoF Domestic
2018-07-12,118663,Nippon India Gold Savings Fund - Direct Plan Growth Plan - Growth Option,13.0983,Nippon India Mutual Fund,Other Scheme - FoF Domestic
2018-07-13,118663,Nippon India Gold Savings Fund - Direct Plan Growth Plan - Growth Option,13.0525,Nippon India Mutual Fund,Other Scheme - FoF Domestic
2018-07-16,118663,Nippon India Gold Savings Fund - Direct Plan Growth Plan - Growth Option,13.1193,Nippon India Mutual Fund,Other Scheme - FoF Domestic
2018-07-17,118663,Nippon India Gold Savings Fund - Direct Plan Growth Plan - Growth Option,13.0535,Nippon India Mutual Fund,Other Scheme - FoF Domestic
2018-07-18,118663,Nippon India Gold Savings Fund - Direct Plan Growth Plan - Growth Option,12.9086,Nippon India Mutual Fund,Other Scheme - FoF Domestic
2018-07-19,118663,Nippon India Gold Savings Fund - Direct Plan Growth Plan - Growth Option,12.9252,Nippon India Mutual Fund,Other Scheme - FoF Domestic
2018-07-20,118663,Nippon India Gold Savings Fund - Direct Plan Growth Plan - Growth Option,12.9443,Nippon India Mutual Fund,Other Scheme - FoF Domestic
2018-07-23,118663,Nippon India Gold Savings Fund - Direct Plan Growth Plan - Growth Option,13.0345,Nippon India Mutual Fund,Other Scheme - FoF Domestic
2018-07-24,118663,Nippon India Gold Savings Fund - Direct Plan Growth Plan - Growth Option,12.9875,Nippon India Mutual Fund,Other Scheme - FoF Domestic
2018-07-25,118663,Nippon India Gold Savings Fund - Direct Plan Growth Plan - Growth Option,12.9969,Nippon India Mutual Fund,Other Scheme - FoF Domestic
2018-07-26,118663,Nippon India Gold Savings Fund - Direct Plan Growth Plan - Growth Option,12.9556,Nippon India Mutual Fund,Other Scheme - FoF Domestic
2018-07-27,118663,Nippon India Gold Savings Fund - Direct Plan Growth Plan - Growth Option,12.8946,Nippon India Mutual Fund,Other Scheme - FoF Domestic
2018-07-30,118663,Nippon India Gold Savings Fund - Direct Plan Growth Plan - Growth Option,12.9251,Nippon India Mutual Fund,Other Scheme - FoF Domestic
2018-07-31,118663,Nippon India Gold Savings Fund - Direct Plan Growth Plan - Growth Option,12.8767,Nippon India Mutual Fund,Other Scheme - FoF Domestic
2018-08-01,118663,Nippon India Gold Savings Fund - Direct Plan Growth Plan - Growth Option,12.8849,Nippon India Mutual Fund,Other Scheme - FoF Domestic
2018-08-02,118663,Nippon India Gold Savings Fund - Direct Plan Growth Plan - Growth Option,12.8497,Nippon India Mutual Fund,Other Scheme - FoF Domestic
2018-08-03,118663,Nippon India Gold Savings Fund - Direct Plan Growth Plan - Growth Option,12.7974,Nippon India Mutual Fund,Other Scheme - FoF Domestic
2018-08-06,118663,Nippon India Gold Savings Fund - Direct Plan Growth Plan - Growth Option,12.8062,Nippon India Mutual Fund,Other Scheme - FoF Domestic
2018-08-07,118663,Nippon India Gold Savings Fund - Direct Plan Growth Plan - Growth Option,12.8182,Nippon India Mutual Fund,Other Scheme - FoF Domestic
2018-08-08,118663,Nippon India Gold Savings Fund - Direct Plan Growth Plan - Growth Option,12.7988,Nippon India Mutual Fund,Other Scheme - FoF Domestic
2018-08-09,118663,Nippon India Gold Savings Fund - Direct Plan Growth Plan - Growth Option,12.7924,Nippon India Mutual Fund,Other Scheme - FoF Domestic
2018-08-10,118663,Nippon India Gold Savings Fund - Direct Plan Growth Plan - Growth Option,12.8125,Nippon India Mutual Fund,Other Scheme - FoF Domestic
2018-08-13,118663,Nippon India Gold Savings Fund - Direct Plan Growth Plan - Growth Option,12.905,Nippon India Mutual Fund,Other Scheme - FoF Domestic
2018-08-14,118663,Nippon India Gold Savings Fund - Direct Plan Growth Plan - Growth Option,12.8447,Nippon India Mutual Fund,Other Scheme - FoF Domestic
2018-08-16,118663,Nippon India Gold Savings Fund - Direct Plan Growth Plan - Growth Option,12.7712,Nippon India Mutual Fund,Other Scheme - FoF Domestic
2018-08-17,118663,Nippon India Gold Savings Fund - Direct Plan Growth Plan - Growth Option,12.7336,Nippon India Mutual Fund,Other Scheme - FoF Domestic
2018-08-20,118663,Nippon India Gold Savings Fund - Direct Plan Growth Plan - Growth Option,12.7358,Nippon India Mutual Fund,Other Scheme - FoF Domestic
2018-08-21,118663,Nippon India Gold Savings Fund - Direct Plan Growth Plan - Growth Option,12.8163,Nippon India Mutual Fund,Other Scheme - FoF Domestic
2018-08-23,118663,Nippon India Gold Savings Fund - Direct Plan Growth Plan - Growth Option,12.8009,Nippon India Mutual Fund,Other Scheme - FoF Domestic
2018-08-24,118663,Nippon India Gold Savings Fund - Direct Plan Growth Plan - Growth Option,12.8345,Nippon India Mutual Fund,Other Scheme - FoF Domestic
2018-08-27,118663,Nippon India Gold Savings Fund - Direct Plan Growth Plan - Growth Option,12.9646,Nippon India Mutual Fund,Other Scheme - FoF Domestic
2018-08-28,118663,Nippon India Gold Savings Fund - Direct Plan Growth Plan - Growth Option,13.087,Nippon India Mutual Fund,Other Scheme - FoF Domestic
2018-08-29,118663,Nippon India Gold Savings Fund - Direct Plan Growth Plan - Growth Option,13.0691,Nippon India Mutual Fund,Other Scheme - FoF Domestic
2018-08-30,118663,Nippon India Gold Savings Fund - Direct Plan Growth Plan - Growth Option,13.1083,Nippon India Mutual Fund,Other Scheme - FoF Domestic
2018-08-31,118663,Nippon India Gold Savings Fund - Direct Plan Growth Plan - Growth Option,13.1392,Nippon India Mutual Fund,Other Scheme - FoF Domestic
2018-09-03,118663,Nippon India Gold Savings Fund - Direct Plan Growth Plan - Growth Option,13.059,Nippon India Mutual Fund,Other Scheme - FoF Domestic
2018-09-04,118663,Nippon India Gold Savings Fund - Direct Plan Growth Plan - Growth Option,13.0841,Nippon India Mutual Fund,Other Scheme - FoF Domestic
2018-09-05,118663,Nippon India Gold Savings Fund - Direct Plan Growth Plan - Growth Option,13.1106,Nippon India Mutual Fund,Other Scheme - FoF Domestic
2018-09-06,118663,Nippon India Gold Savings Fund - Direct Plan Growth Plan - Growth Option,13.2351,Nippon India Mutual Fund,Other Scheme - FoF Domestic
2018-09-07,118663,Nippon India Gold Savings Fund - Direct Plan Growth Plan - Growth Option,13.1608,Nippon India Mutual Fund,Other Scheme - FoF Domestic
2018-09-10,118663,Nippon India Gold Savings Fund - Direct Plan Growth Plan - Growth Option,13.2053,Nippon India Mutual Fund,Other Scheme - FoF Domestic
2018-09-11,118663,Nippon India Gold Savings Fund - Direct Plan Growth Plan - Growth Option,13.2608,Nippon India Mutual Fund,Other Scheme - FoF Domestic
2018-09-12,118663,Nippon India Gold Savings Fund - Direct Plan Growth Plan - Growth Option,13.2528,Nippon India Mutual Fund,Other Scheme - FoF Domestic
2018-09-14,118663,Nippon India Gold Savings Fund - Direct Plan Growth Plan - Growth Option,13.2065,Nippon India Mutual Fund,Other Scheme - FoF Domestic
2018-09-17,118663,Nippon India Gold Savings Fund - Direct Plan Growth Plan - Growth Option,13.2701,Nippon India Mutual Fund,Other Scheme - FoF Domestic
2018-09-18,118663,Nippon India Gold Savings Fund - Direct Plan Growth Plan - Growth Option,13.3418,Nippon India Mutual Fund,Other Scheme - FoF Domestic
2018-09-19,118663,Nippon India Gold Savings Fund - Direct Plan Growth Plan - Growth Option,13.3585,Nippon India Mutual Fund,Other Scheme - FoF Domestic
2018-09-21,118663,Nippon India Gold Savings Fund - Direct Plan Growth Plan - Growth Option,13.3098,Nippon India Mutual Fund,Other Scheme - FoF Domestic
2018-09-24,118663,Nippon India Gold Savings Fund - Direct Plan Growth Plan - Growth Option,13.2835,Nippon India Mutual Fund,Other Scheme - FoF Domestic
2018-09-25,118663,Nippon India Gold Savings Fund - Direct Plan Growth Plan - Growth Option,13.2855,Nippon India Mutual Fund,Other Scheme - FoF Domestic
2018-09-26,118663,Nippon India Gold Savings Fund - Direct Plan Growth Plan - Growth Option,13.2605,Nippon India Mutual Fund,Other Scheme - FoF Domestic
2018-09-27,118663,Nippon India Gold Savings Fund - Direct Plan Growth Plan - Growth Option,13.2371,Nippon India Mutual Fund,Other Scheme - FoF Domestic
2018-09-28,118663,Nippon India Gold Savings Fund - Direct Plan Growth Plan - Growth Option,13.1301,Nippon India Mutual Fund,Other Scheme - FoF Domestic
2018-10-01,118663,Nippon India Gold Savings Fund - Direct Plan Growth Plan - Growth Option,13.1963,Nippon India Mutual Fund,Other Scheme - FoF Domestic
2018-10-03,118663,Nippon India Gold Savings Fund - Direct Plan Growth Plan - Growth Option,13.591,Nippon India Mutual Fund,Other Scheme - FoF Domestic
2018-10-04,118663,Nippon India Gold Savings Fund - Direct Plan Growth Plan - Growth Option,13.4916,Nippon India Mutual Fund,Other Scheme - FoF Domestic
2018-10-05,118663,Nippon India Gold Savings Fund - Direct Plan Growth Plan - Growth Option,13.5371,Nippon India Mutual Fund,Other Scheme - FoF Domestic
2018-10-08,118663,Nippon India Gold Savings Fund - Direct Plan Growth Plan - Growth Option,13.4667,Nippon India Mutual Fund,Other Scheme - FoF Domestic
2018-10-09,118663,Nippon India Gold Savings Fund - Direct Plan Growth Plan - Growth Option,13.4306,Nippon India Mutual Fund,Other Scheme - FoF Domestic
2018-10-10,118663,Nippon India Gold Savings Fund - Direct Plan Growth Plan - Growth Option,13.4612,Nippon India Mutual Fund,Other Scheme - FoF Domestic
2018-10-11,118663,Nippon India Gold Savings Fund - Direct Plan Growth Plan - Growth Option,13.5791,Nippon India Mutual Fund,Other Scheme - FoF Domestic
2018-10-12,118663,Nippon India Gold Savings Fund - Direct Plan Growth Plan - Growth Option,13.6635,Nippon India Mutual Fund,Other Scheme - FoF Domestic
2018-10-15,118663,Nippon India Gold Savings Fund - Direct Plan Growth Plan - Growth Option,13.8378,Nippon India Mutual Fund,Other Scheme - FoF Domestic
2018-10-16,118663,Nippon India Gold Savings Fund - Direct Plan Growth Plan - Growth Option,13.7374,Nippon India Mutual Fund,Other Scheme - FoF Domestic
2018-10-17,118663,Nippon India Gold Savings Fund - Direct Plan Growth Plan - Growth Option,13.7649,Nippon India Mutual Fund,Other Scheme - FoF Domestic
2018-10-19,118663,Nippon India Gold Savings Fund - Direct Plan Growth Plan - Growth Option,13.8681,Nippon India Mutual Fund,Other Scheme - FoF Domestic
2018-10-22,118663,Nippon India Gold Savings Fund - Direct Plan Growth Plan - Growth Option,13.768,Nippon India Mutual Fund,Other Scheme - FoF Domestic
2018-10-23,118663,Nippon India Gold Savings Fund - Direct Plan Growth Plan - Growth Option,13.8326,Nippon India Mutual Fund,Other Scheme - FoF Domestic
2018-10-24,118663,Nippon India Gold Savings Fund - Direct Plan Growth Plan - Growth Option,13.7645,Nippon India Mutual Fund,Other Scheme - FoF Domestic
2018-10-25,118663,Nippon India Gold Savings Fund - Direct Plan Growth Plan - Growth Option,13.7735,Nippon India Mutual Fund,Other Scheme - FoF Domestic
2018-10-26,118663,Nippon India Gold Savings Fund - Direct Plan Growth Plan - Growth Option,13.8379,Nippon India Mutual Fund,Other Scheme - FoF Domestic
2018-10-29,118663,Nippon India Gold Savings Fund - Direct Plan Growth Plan - Growth Option,13.7645,Nippon India Mutual Fund,Other Scheme - FoF Domestic
2018-10-30,118663,Nippon India Gold Savings Fund - Direct Plan Growth Plan - Growth Option,13.7116,Nippon India Mutual Fund,Other Scheme - FoF Domestic
2018-10-31,118663,Nippon India Gold Savings Fund - Direct Plan Growth Plan - Growth Option,13.7743,Nippon India Mutual Fund,Other Scheme - FoF Domestic
2018-11-01,118663,Nippon India Gold Savings Fund - Direct Plan Growth Plan - Growth Option,13.8038,Nippon India Mutual Fund,Other Scheme - FoF Domestic
2018-11-02,118663,Nippon India Gold Savings Fund - Direct Plan Growth Plan - Growth Option,13.6941,Nippon India Mutual Fund,Other Scheme - FoF Domestic
2018-11-05,118663,Nippon India Gold Savings Fund - Direct Plan Growth Plan - Growth Option,13.8085,Nippon India Mutual Fund,Other Scheme - FoF Domestic
2018-11-06,118663,Nippon India Gold Savings Fund - Direct Plan Growth Plan - Growth Option,13.7486,Nippon India Mutual Fund,Other Scheme - FoF Domestic
2018-11-09,118663,Nippon India Gold Savings Fund - Direct Plan Growth Plan - Growth Option,13.5982,Nippon India Mutual Fund,Other Scheme - FoF Domestic
2018-11-12,118663,Nippon India Gold Savings Fund - Direct Plan Growth Plan - Growth Option,13.4509,Nippon India Mutual Fund,Other Scheme - FoF Domestic
2018-11-13,118663,Nippon India Gold Savings Fund - Direct Plan Growth Plan - Growth Option,13.4441,Nippon India Mutual Fund,Other Scheme - FoF Domestic
2018-11-14,118663,Nippon India Gold Savings Fund - Direct Plan Growth Plan - Growth Option,13.4489,Nippon India Mutual Fund,Other Scheme - FoF Domestic
2018-11-15,118663,Nippon India Gold Savings Fund - Direct Plan Growth Plan - Growth Option,13.4076,Nippon India Mutual Fund,Other Scheme - FoF Domestic
2018-11-16,118663,Nippon India Gold Savings Fund - Direct Plan Growth Plan - Growth Option,13.3574,Nippon India Mutual Fund,Other Scheme - FoF Domestic
2018-11-19,118663,Nippon India Gold Savings Fund - Direct Plan Growth Plan - Growth Option,13.3678,Nippon India Mutual Fund,Other Scheme - FoF Domestic
2018-11-20,118663,Nippon India Gold Savings Fund - Direct Plan Growth Plan - Growth Option,13.3668,Nippon India Mutual Fund,Other Scheme - FoF Domestic
2018-11-21,118663,Nippon India Gold Savings Fund - Direct Plan Growth Plan - Growth Option,13.3583,Nippon India Mutual Fund,Other Scheme - FoF Domestic
2018-11-22,118663,Nippon India Gold Savings Fund - Direct Plan Growth Plan - Growth Option,13.3527,Nippon India Mutual Fund,Other Scheme - FoF Domestic
2018-11-26,118663,Nippon India Gold Savings Fund - Direct Plan Growth Plan - Growth Option,13.2511,Nippon India Mutual Fund,Other Scheme - FoF Domestic
2018-11-27,118663,Nippon India Gold Savings Fund - Direct Plan Growth Plan - Growth Option,13.2293,Nippon India Mutual Fund,Other Scheme - FoF Domestic
2018-11-28,118663,Nippon India Gold Savings Fund - Direct Plan Growth Plan - Growth Option,13.1138,Nippon India Mutual Fund,Other Scheme - FoF Domestic
2018-11-29,118663,Nippon India Gold Savings Fund - Direct Plan Growth Plan - Growth Option,13.1625,Nippon India Mutual Fund,Other Scheme - FoF Domestic
2018-11-30,118663,Nippon India Gold Savings Fund - Direct Plan Growth Plan - Growth Option,13.1016,Nippon India Mutual Fund,Other Scheme - FoF Domestic
2018-12-03,118663,Nippon India Gold Savings Fund - Direct Plan Growth Plan - Growth Option,13.2364,Nippon India Mutual Fund,Other Scheme - FoF Domestic
2018-12-04,118663,Nippon India Gold Savings Fund - Direct Plan Growth Plan - Growth Option,13.3733,Nippon India Mutual Fund,Other Scheme - FoF Domestic
2018-12-05,118663,Nippon India Gold Savings Fund - Direct Plan Growth Plan - Growth Option,13.2967,Nippon India Mutual Fund,Other Scheme - FoF Domestic
2018-12-06,118663,Nippon India Gold Savings Fund - Direct Plan Growth Plan - Growth Option,13.4154,Nippon India Mutual Fund,Other Scheme - FoF Domestic
2018-12-07,118663,Nippon India Gold Savings Fund - Direct Plan Growth Plan - Growth Option,13.3642,Nippon India Mutual Fund,Other Scheme - FoF Domestic
2018-12-10,118663,Nippon India Gold Savings Fund - Direct Plan Growth Plan - Growth Option,13.6432,Nippon India Mutual Fund,Other Scheme - FoF Domestic
2018-12-11,118663,Nippon India Gold Savings Fund - Direct Plan Growth Plan - Growth Option,13.6825,Nippon India Mutual Fund,Other Scheme - FoF Domestic
2018-12-12,118663,Nippon India Gold Savings Fund - Direct Plan Growth Plan - Growth Option,13.6163,Nippon India Mutual Fund,Other Scheme - FoF Domestic
2018-12-13,118663,Nippon India Gold Savings Fund - Direct Plan Growth Plan - Growth Option,13.5617,Nippon India Mutual Fund,Other Scheme - FoF Domestic
2018-12-14,118663,Nippon India Gold Savings Fund - Direct Plan Growth Plan - Growth Option,13.5291,Nippon India Mutual Fund,Other Scheme - FoF Domestic
2018-12-17,118663,Nippon India Gold Savings Fund - Direct Plan Growth Plan - Growth Option,13.5077,Nippon India Mutual Fund,Other Scheme - FoF Domestic
2018-12-18,118663,Nippon India Gold Savings Fund - Direct Plan Growth Plan - Growth Option,13.4567,Nippon India Mutual Fund,Other Scheme - FoF Domestic
2018-12-19,118663,Nippon India Gold Savings Fund - Direct Plan Growth Plan - Growth Option,13.3871,Nippon India Mutual Fund,Other Scheme - FoF Domestic
2018-12-20,118663,Nippon India Gold Savings Fund - Direct Plan Growth Plan - Growth Option,13.3925,Nippon India Mutual Fund,Other Scheme - FoF Domestic
2018-12-21,118663,Nippon India Gold Savings Fund - Direct Plan Growth Plan - Growth Option,13.4634,Nippon India Mutual Fund,Other Scheme - FoF Domestic
2018-12-24,118663,Nippon India Gold Savings Fund - Direct Plan Growth Plan - Growth Option,13.5327,Nippon India Mutual Fund,Other Scheme - FoF Domestic
2018-12-26,118663,Nippon India Gold Savings Fund - Direct Plan Growth Plan - Growth Option,13.5853,Nippon India Mutual Fund,Other Scheme - FoF Domestic
2018-12-27,118663,Nippon India Gold Savings Fund - Direct Plan Growth Plan - Growth Option,13.6144,Nippon India Mutual Fund,Other Scheme - FoF Domestic
2018-12-28,118663,Nippon India Gold Savings Fund - Direct Plan Growth Plan - Growth Option,13.6645,Nippon India Mutual Fund,Other Scheme - FoF Domestic
2018-12-31,118663,Nippon India Gold Savings Fund - Direct Plan Growth Plan - Growth Option,13.6023,Nippon India Mutual Fund,Other Scheme - FoF Domestic
2019-01-01,118663,Nippon India Gold Savings Fund - Direct Plan Growth Plan - Growth Option,13.6784,Nippon India Mutual Fund,Other Scheme - FoF Domestic
2019-01-02,118663,Nippon India Gold Savings Fund - Direct Plan Growth Plan - Growth Option,13.7317,Nippon India Mutual Fund,Other Scheme - FoF Domestic
2019-01-03,118663,Nippon India Gold Savings Fund - Direct Plan Growth Plan - Growth Option,13.8194,Nippon India Mutual Fund,Other Scheme - FoF Domestic
2019-01-04,118663,Nippon India Gold Savings Fund - Direct Plan Growth Plan - Growth Option,13.7361,Nippon India Mutual Fund,Other Scheme - FoF Domestic
2019-01-07,118663,Nippon India Gold Savings Fund - Direct Plan Growth Plan - Growth Option,13.7006,Nippon India Mutual Fund,Other Scheme - FoF Domestic
2019-01-08,118663,Nippon India Gold Savings Fund - Direct Plan Growth Plan - Growth Option,13.6713,Nippon India Mutual Fund,Other Scheme - FoF Domestic
2019-01-09,118663,Nippon India Gold Savings Fund - Direct Plan Growth Plan - Growth Option,13.7545,Nippon India Mutual Fund,Other Scheme - FoF Domestic
2019-01-10,118663,Nippon India Gold Savings Fund - Direct Plan Growth Plan - Growth Option,13.8722,Nippon India Mutual Fund,Other Scheme - FoF Domestic
2019-01-11,118663,Nippon India Gold Savings Fund - Direct Plan Growth Plan - Growth Option,13.8506,Nippon India Mutual Fund,Other Scheme - FoF Domestic
2019-01-14,118663,Nippon India Gold Savings Fund - Direct Plan Growth Plan - Growth Option,13.8874,Nippon India Mutual Fund,Other Scheme - FoF Domestic
2019-01-15,118663,Nippon India Gold Savings Fund - Direct Plan Growth Plan - Growth Option,13.8927,Nippon India Mutual Fund,Other Scheme - FoF Domestic
2019-01-16,118663,Nippon India Gold Savings Fund - Direct Plan Growth Plan - Growth Option,13.9375,Nippon India Mutual Fund,Other Scheme - FoF Domestic
2019-01-17,118663,Nippon India Gold Savings Fund - Direct Plan Growth Plan - Growth Option,13.9858,Nippon India Mutual Fund,Other Scheme - FoF Domestic
2019-01-18,118663,Nippon India Gold Savings Fund - Direct Plan Growth Plan - Growth Option,13.9058,Nippon India Mutual Fund,Other Scheme - FoF Domestic
2019-01-21,118663,Nippon India Gold Savings Fund - Direct Plan Growth Plan - Growth Option,13.874,Nippon India Mutual Fund,Other Scheme - FoF Domestic
2019-01-22,118663,Nippon India Gold Savings Fund - Direct Plan Growth Plan - Growth Option,13.9441,Nippon India Mutual Fund,Other Scheme - FoF Domestic
2019-01-23,118663,Nippon India Gold Savings Fund - Direct Plan Growth Plan - Growth Option,13.9463,Nippon India Mutual Fund,Other Scheme - FoF Domestic
2019-01-24,118663,Nippon India Gold Savings Fund - Direct Plan Growth Plan - Growth Option,13.8759,Nippon India Mutual Fund,Other Scheme - FoF Domestic
2019-01-25,118663,Nippon India Gold Savings Fund - Direct Plan Growth Plan - Growth Option,13.9162,Nippon India Mutual Fund,Other Scheme - FoF Domestic
2019-01-28,118663,Nippon India Gold Savings Fund - Direct Plan Growth Plan - Growth Option,14.068,Nippon India Mutual Fund,Other Scheme - FoF Domestic
2019-01-29,118663,Nippon India Gold Savings Fund - Direct Plan Growth Plan - Growth Option,14.1575,Nippon India Mutual Fund,Other Scheme - FoF Domestic
2019-01-30,118663,Nippon India Gold Savings Fund - Direct Plan Growth Plan - Growth Option,14.191,Nippon India Mutual Fund,Other Scheme - FoF Domestic
2019-01-31,118663,Nippon India Gold Savings Fund - Direct Plan Growth Plan - Growth Option,14.2457,Nippon India Mutual Fund,Other Scheme - FoF Domestic
2019-02-01,118663,Nippon India Gold Savings Fund - Direct Plan Growth Plan - Growth Option,14.3034,Nippon India Mutual Fund,Other Scheme - FoF Domestic
2019-02-04,118663,Nippon India Gold Savings Fund - Direct Plan Growth Plan - Growth Option,14.3024,Nippon India Mutual Fund,Other Scheme - FoF Domestic
2019-02-05,118663,Nippon India Gold Savings Fund - Direct Plan Growth Plan - Growth Option,14.3216,Nippon India Mutual Fund,Other Scheme - FoF Domestic
2019-02-06,118663,Nippon India Gold Savings Fund - Direct Plan Growth Plan - Growth Option,14.386,Nippon India Mutual Fund,Other Scheme - FoF Domestic
2019-02-07,118663,Nippon India Gold Savings Fund - Direct Plan Growth Plan - Growth Option,14.2187,Nippon India Mutual Fund,Other Scheme - FoF Domestic
2019-02-08,118663,Nippon India Gold Savings Fund - Direct Plan Growth Plan - Growth Option,14.18,Nippon India Mutual Fund,Other Scheme - FoF Domestic
2019-02-11,118663,Nippon India Gold Savings Fund - Direct Plan Growth Plan - Growth Option,14.2221,Nippon India Mutual Fund,Other Scheme - FoF Domestic
2019-02-12,118663,Nippon India Gold Savings Fund - Direct Plan Growth Plan - Growth Option,14.1759,Nippon India Mutual Fund,Other Scheme - FoF Domestic
2019-02-13,118663,Nippon India Gold Savings Fund - Direct Plan Growth Plan - Growth Option,14.1482,Nippon India Mutual Fund,Other Scheme - FoF Domestic
2019-02-14,118663,Nippon India Gold Savings Fund - Direct Plan Growth Plan - Growth Option,14.1758,Nippon India Mutual Fund,Other Scheme - FoF Domestic
2019-02-15,118663,Nippon India Gold Savings Fund - Direct Plan Growth Plan - Growth Option,14.3026,Nippon India Mutual Fund,Other Scheme - FoF Domestic
2019-02-18,118663,Nippon India Gold Savings Fund - Direct Plan Growth Plan - Growth Option,14.4132,Nippon India Mutual Fund,Other Scheme - FoF Domestic
2019-02-19,118663,Nippon India Gold Savings Fund - Direct Plan Growth Plan - Growth Option,14.4502,Nippon India Mutual Fund,Other Scheme - FoF Domestic
2019-02-20,118663,Nippon India Gold Savings Fund - Direct Plan Growth Plan - Growth Option,14.5225,Nippon India Mutual Fund,Other Scheme - FoF Domestic
2019-02-21,118663,Nippon India Gold Savings Fund - Direct Plan Growth Plan - Growth Option,14.4088,Nippon India Mutual Fund,Other Scheme - FoF Domestic
2019-02-22,118663,Nippon India Gold Savings Fund - Direct Plan Growth Plan - Growth Option,14.3209,Nippon India Mutual Fund,Other Scheme - FoF Domestic
2019-02-25,118663,Nippon India Gold Savings Fund - Direct Plan Growth Plan - Growth Option,14.3519,Nippon India Mutual Fund,Other Scheme - FoF Domestic
2019-02-26,118663,Nippon India Gold Savings Fund - Direct Plan Growth Plan - Growth Option,14.3361,Nippon India Mutual Fund,Other Scheme - FoF Domestic
2019-02-27,118663,Nippon India Gold Savings Fund - Direct Plan Growth Plan - Growth Option,14.365,Nippon India Mutual Fund,Other Scheme - FoF Domestic
2019-02-28,118663,Nippon India Gold Savings Fund - Direct Plan Growth Plan - Growth Option,14.3196,Nippon India Mutual Fund,Other Scheme - FoF Domestic
2019-03-01,118663,Nippon India Gold Savings Fund - Direct Plan Growth Plan - Growth Option,14.1119,Nippon India Mutual Fund,Other Scheme - FoF Domestic
2019-03-05,118663,Nippon India Gold Savings Fund - Direct Plan Growth Plan - Growth Option,13.8213,Nippon India Mutual Fund,Other Scheme - FoF Domestic
2019-03-06,118663,Nippon India Gold Savings Fund - Direct Plan Growth Plan - Growth Option,13.8434,Nippon India Mutual Fund,Other Scheme - FoF Domestic
2019-03-07,118663,Nippon India Gold Savings Fund - Direct Plan Growth Plan - Growth Option,13.748,Nippon India Mutual Fund,Other Scheme - FoF Domestic
2019-03-08,118663,Nippon India Gold Savings Fund - Direct Plan Growth Plan - Growth Option,13.8179,Nippon India Mutual Fund,Other Scheme - FoF Domestic
2019-03-11,118663,Nippon India Gold Savings Fund - Direct Plan Growth Plan - Growth Option,13.834,Nippon India Mutual Fund,Other Scheme - FoF Domestic
2019-03-12,118663,Nippon India Gold Savings Fund - Direct Plan Growth Plan - Growth Option,13.7644,Nippon India Mutual Fund,Other Scheme - FoF Domestic
2019-03-13,118663,Nippon India Gold Savings Fund - Direct Plan Growth Plan - Growth Option,13.8795,Nippon India Mutual Fund,Other Scheme - FoF Domestic
2019-03-14,118663,Nippon India Gold Savings Fund - Direct Plan Growth Plan - Growth Option,13.7649,Nippon India Mutual Fund,Other Scheme - FoF Domestic
2019-03-15,118663,Nippon India Gold Savings Fund - Direct Plan Growth Plan - Growth Option,13.7597,Nippon India Mutual Fund,Other Scheme - FoF Domestic
2019-03-18,118663,Nippon India Gold Savings Fund - Direct Plan Growth Plan - Growth Option,13.6457,Nippon India Mutual Fund,Other Scheme - FoF Domestic
2019-03-19,118663,Nippon India Gold Savings Fund - Direct Plan Growth Plan - Growth Option,13.7576,Nippon India Mutual Fund,Other Scheme - FoF Domestic
2019-03-20,118663,Nippon India Gold Savings Fund - Direct Plan Growth Plan - Growth Option,13.6545,Nippon India Mutual Fund,Other Scheme - FoF Domestic
2019-03-22,118663,Nippon India Gold Savings Fund - Direct Plan Growth Plan - Growth Option,13.7797,Nippon India Mutual Fund,Other Scheme - FoF Domestic
2019-03-25,118663,Nippon India Gold Savings Fund - Direct Plan Growth Plan - Growth Option,13.7808,Nippon India Mutual Fund,Other Scheme - FoF Domestic
2019-03-26,118663,Nippon India Gold Savings Fund - Direct Plan Growth Plan - Growth Option,13.7577,Nippon India Mutual Fund,Other Scheme - FoF Domestic
2019-03-27,118663,Nippon India Gold Savings Fund - Direct Plan Growth Plan - Growth Option,13.7752,Nippon India Mutual Fund,Other Scheme - FoF Domestic
2019-03-28,118663,Nippon India Gold Savings Fund - Direct Plan Growth Plan - Growth Option,13.7118,Nippon India Mutual Fund,Other Scheme - FoF Domestic
2019-03-29,118663,Nippon India Gold Savings Fund - Direct Plan Growth Plan - Growth Option,13.6287,Nippon India Mutual Fund,Other Scheme - FoF Domestic
2019-04-01,118663,Nippon India Gold Savings Fund - Direct Plan Growth Plan - Growth Option,13.6347,Nippon India Mutual Fund,Other Scheme - FoF Domestic
2019-04-02,118663,Nippon India Gold Savings Fund - Direct Plan Growth Plan - Growth Option,13.5879,Nippon India Mutual Fund,Other Scheme - FoF Domestic
2019-04-03,118663,Nippon India Gold Savings Fund - Direct Plan Growth Plan - Growth Option,13.5331,Nippon India Mutual Fund,Other Scheme - FoF Domestic
2019-04-04,118663,Nippon India Gold Savings Fund - Direct Plan Growth Plan - Growth Option,13.609,Nippon India Mutual Fund,Other Scheme - FoF Domestic
2019-04-05,118663,Nippon India Gold Savings Fund - Direct Plan Growth Plan - Growth Option,13.6068,Nippon India Mutual Fund,Other Scheme - FoF Domestic
2019-04-08,118663,Nippon India Gold Savings Fund - Direct Plan Growth Plan - Growth Option,13.7341,Nippon India Mutual Fund,Other Scheme - FoF Domestic
2019-04-09,118663,Nippon India Gold Savings Fund - Direct Plan Growth Plan - Growth Option,13.7135,Nippon India Mutual Fund,Other Scheme - FoF Domestic
2019-04-10,118663,Nippon India Gold Savings Fund - Direct Plan Growth Plan - Growth Option,13.7251,Nippon India Mutual Fund,Other Scheme - FoF Domestic
2019-04-11,118663,Nippon India Gold Savings Fund - Direct Plan Growth Plan - Growth Option,13.6948,Nippon India Mutual Fund,Other Scheme - FoF Domestic
2019-04-12,118663,Nippon India Gold Savings Fund - Direct Plan Growth Plan - Growth Option,13.6742,Nippon India Mutual Fund,Other Scheme - FoF Domestic
2019-04-15,118663,Nippon India Gold Savings Fund - Direct Plan Growth Plan - Growth Option,13.5992,Nippon India Mutual Fund,Other Scheme - FoF Domestic
2019-04-16,118663,Nippon India Gold Savings Fund - Direct Plan Growth Plan - Growth Option,13.6089,Nippon India Mutual Fund,Other Scheme - FoF Domestic
2019-04-18,118663,Nippon India Gold Savings Fund - Direct Plan Growth Plan - Growth Option,13.5559,Nippon India Mutual Fund,Other Scheme - FoF Domestic
2019-04-22,118663,Nippon India Gold Savings Fund - Direct Plan Growth Plan - Growth Option,13.5898,Nippon India Mutual Fund,Other Scheme - FoF Domestic
2019-04-23,118663,Nippon India Gold Savings Fund - Direct Plan Growth Plan - Growth Option,13.5733,Nippon India Mutual Fund,Other Scheme - FoF Domestic
2019-04-24,118663,Nippon India Gold Savings Fund - Direct Plan Growth Plan - Growth Option,13.5687,Nippon India Mutual Fund,Other Scheme - FoF Domestic
2019-04-25,118663,Nippon India Gold Savings Fund - Direct Plan Growth Plan - Growth Option,13.6839,Nippon India Mutual Fund,Other Scheme - FoF Domestic
2019-04-26,118663,Nippon India Gold Savings Fund - Direct Plan Growth Plan - Growth Option,13.6654,Nippon India Mutual Fund,Other Scheme - FoF Domestic
2019-04-30,118663,Nippon India Gold Savings Fund - Direct Plan Growth Plan - Growth Option,13.6634,Nippon India Mutual Fund,Other Scheme - FoF Domestic
2019-05-02,118663,Nippon India Gold Savings Fund - Direct Plan Growth Plan - Growth Option,13.498,Nippon India Mutual Fund,Other Scheme - FoF Domestic
2019-05-03,118663,Nippon India Gold Savings Fund - Direct Plan Growth Plan - Growth Option,13.4832,Nippon India Mutual Fund,Other Scheme - FoF Domestic
2019-05-06,118663,Nippon India Gold Savings Fund - Direct Plan Growth Plan - Growth Option,13.593,Nippon India Mutual Fund,Other Scheme - FoF Domestic
2019-05-07,118663,Nippon India Gold Savings Fund - Direct Plan Growth Plan - Growth Option,13.6003,Nippon India Mutual Fund,Other Scheme - FoF Domestic
2019-05-08,118663,Nippon India Gold Savings Fund - Direct Plan Growth Plan - Growth Option,13.6199,Nippon India Mutual Fund,Other Scheme - FoF Domestic
2019-05-09,118663,Nippon India Gold Savings Fund - Direct Plan Growth Plan - Growth Option,13.6451,Nippon India Mutual Fund,Other Scheme - FoF Domestic
2019-05-10,118663,Nippon India Gold Savings Fund - Direct Plan Growth Plan - Growth Option,13.6424,Nippon India Mutual Fund,Other Scheme - FoF Domestic
2019-05-13,118663,Nippon India Gold Savings Fund - Direct Plan Growth Plan - Growth Option,13.7161,Nippon India Mutual Fund,Other Scheme - FoF Domestic
2019-05-14,118663,Nippon India Gold Savings Fund - Direct Plan Growth Plan - Growth Option,13.858,Nippon India Mutual Fund,Other Scheme - FoF Domestic
2019-05-15,118663,Nippon India Gold Savings Fund - Direct Plan Growth Plan - Growth Option,13.8663,Nippon India Mutual Fund,Other Scheme - FoF Domestic
2019-05-16,118663,Nippon India Gold Savings Fund - Direct Plan Growth Plan - Growth Option,13.7674,Nippon India Mutual Fund,Other Scheme - FoF Domestic
2019-05-17,118663,Nippon India Gold Savings Fund - Direct Plan Growth Plan - Growth Option,13.7174,Nippon India Mutual Fund,Other Scheme - FoF Domestic
2019-05-20,118663,Nippon India Gold Savings Fund - Direct Plan Growth Plan - Growth Option,13.538,Nippon India Mutual Fund,Other Scheme - FoF Domestic
2019-05-21,118663,Nippon India Gold Savings Fund - Direct Plan Growth Plan - Growth Option,13.5523,Nippon India Mutual Fund,Other Scheme - FoF Domestic
2019-05-22,118663,Nippon India Gold Savings Fund - Direct Plan Growth Plan - Growth Option,13.538,Nippon India Mutual Fund,Other Scheme - FoF Domestic
2019-05-23,118663,Nippon India Gold Savings Fund - Direct Plan Growth Plan - Growth Option,13.5962,Nippon India Mutual Fund,Other Scheme - FoF Domestic
2019-05-24,118663,Nippon India Gold Savings Fund - Direct Plan Growth Plan - Growth Option,13.5853,Nippon India Mutual Fund,Other Scheme - FoF Domestic
2019-05-27,118663,Nippon India Gold Savings Fund - Direct Plan Growth Plan - Growth Option,13.6354,Nippon India Mutual Fund,Other Scheme - FoF Domestic
2019-05-28,118663,Nippon India Gold Savings Fund - Direct Plan Growth Plan - Growth Option,13.6379,Nippon India Mutual Fund,Other Scheme - FoF Domestic
2019-05-29,118663,Nippon India Gold Savings Fund - Direct Plan Growth Plan - Growth Option,13.6869,Nippon India Mutual Fund,Other Scheme - FoF Domestic
2019-05-30,118663,Nippon India Gold Savings Fund - Direct Plan Growth Plan - Growth Option,13.6082,Nippon India Mutual Fund,Other Scheme - FoF Domestic
2019-05-31,118663,Nippon India Gold Savings Fund - Direct Plan Growth Plan - Growth Option,13.7742,Nippon India Mutual Fund,Other Scheme - FoF Domestic
2019-06-03,118663,Nippon India Gold Savings Fund - Direct Plan Growth Plan - Growth Option,13.8482,Nippon India Mutual Fund,Other Scheme - FoF Domestic
2019-06-04,118663,Nippon India Gold Savings Fund - Direct Plan Growth Plan - Growth Option,13.9016,Nippon India Mutual Fund,Other Scheme - FoF Domestic
2019-06-06,118663,Nippon India Gold Savings Fund - Direct Plan Growth Plan - Growth Option,14.0506,Nippon India Mutual Fund,Other Scheme - FoF Domestic
2019-06-07,118663,Nippon India Gold Savings Fund - Direct Plan Growth Plan - Growth Option,14.0288,Nippon India Mutual Fund,Other Scheme - FoF Domestic
2019-06-10,118663,Nippon India Gold Savings Fund - Direct Plan Growth Plan - Growth Option,13.9749,Nippon India Mutual Fund,Other Scheme - FoF Domestic
2019-06-11,118663,Nippon India Gold Savings Fund - Direct Plan Growth Plan - Growth Option,13.8804,Nippon India Mutual Fund,Other Scheme - FoF Domestic
2019-06-12,118663,Nippon India Gold Savings Fund - Direct Plan Growth Plan - Growth Option,13.969,Nippon India Mutual Fund,Other Scheme - FoF Domestic
2019-06-13,118663,Nippon India Gold Savings Fund - Direct Plan Growth Plan - Growth Option,13.9899,Nippon India Mutual Fund,Other Scheme - FoF Domestic
2019-06-14,118663,Nippon India Gold Savings Fund - Direct Plan Growth Plan - Growth Option,14.1918,Nippon India Mutual Fund,Other Scheme - FoF Domestic
2019-06-17,118663,Nippon India Gold Savings Fund - Direct Plan Growth Plan - Growth Option,14.044,Nippon India Mutual Fund,Other Scheme - FoF Domestic
2019-06-18,118663,Nippon India Gold Savings Fund - Direct Plan Growth Plan - Growth Option,14.0975,Nippon India Mutual Fund,Other Scheme - FoF Domestic
2019-06-19,118663,Nippon India Gold Savings Fund - Direct Plan Growth Plan - Growth Option,14.0827,Nippon India Mutual Fund,Other Scheme - FoF Domestic
2019-06-20,118663,Nippon India Gold Savings Fund - Direct Plan Growth Plan - Growth Option,14.4424,Nippon India Mutual Fund,Other Scheme - FoF Domestic
2019-06-21,118663,Nippon India Gold Savings Fund - Direct Plan Growth Plan - Growth Option,14.4453,Nippon India Mutual Fund,Other Scheme - FoF Domestic
2019-06-24,118663,Nippon India Gold Savings Fund - Direct Plan Growth Plan - Growth Option,14.5628,Nippon India Mutual Fund,Other Scheme - FoF Domestic
2019-06-25,118663,Nippon India Gold Savings Fund - Direct Plan Growth Plan - Growth Option,14.7619,Nippon India Mutual Fund,Other Scheme - FoF Domestic
2019-06-26,118663,Nippon India Gold Savings Fund - Direct Plan Growth Plan - Growth Option,14.4856,Nippon India Mutual Fund,Other Scheme - FoF Domestic
2019-06-27,118663,Nippon India Gold Savings Fund - Direct Plan Growth Plan - Growth Option,14.4545,Nippon India Mutual Fund,Other Scheme - FoF Domestic
2019-06-28,118663,Nippon India Gold Savings Fund - Direct Plan Growth Plan - Growth Option,14.5496,Nippon India Mutual Fund,Other Scheme - FoF Domestic
2019-07-01,118663,Nippon India Gold Savings Fund - Direct Plan Growth Plan - Growth Option,14.3588,Nippon India Mutual Fund,Other Scheme - FoF Domestic
2019-07-02,118663,Nippon India Gold Savings Fund - Direct Plan Growth Plan - Growth Option,14.3792,Nippon India Mutual Fund,Other Scheme - FoF Domestic
2019-07-03,118663,Nippon India Gold Savings Fund - Direct Plan Growth Plan - Growth Option,14.6325,Nippon India Mutual Fund,Other Scheme - FoF Domestic
2019-07-04,118663,Nippon India Gold Savings Fund - Direct Plan Growth Plan - Growth Option,14.5328,Nippon India Mutual Fund,Other Scheme - FoF Domestic
2019-07-05,118663,Nippon India Gold Savings Fund - Direct Plan Growth Plan - Growth Option,14.6788,Nippon India Mutual Fund,Other Scheme - FoF Domestic
2019-07-08,118663,Nippon India Gold Savings Fund - Direct Plan Growth Plan - Growth Option,14.7018,Nippon India Mutual Fund,Other Scheme - FoF Domestic
2019-07-09,118663,Nippon India Gold Savings Fund - Direct Plan Growth Plan - Growth Option,14.5701,Nippon India Mutual Fund,Other Scheme - FoF Domestic
2019-07-10,118663,Nippon India Gold Savings Fund - Direct Plan Growth Plan - Growth Option,14.638,Nippon India Mutual Fund,Other Scheme - FoF Domestic
2019-07-11,118663,Nippon India Gold Savings Fund - Direct Plan Growth Plan - Growth Option,14.8443,Nippon India Mutual Fund,Other Scheme - FoF Domestic
2019-07-12,118663,Nippon India Gold Savings Fund - Direct Plan Growth Plan - Growth Option,14.7184,Nippon India Mutual Fund,Other Scheme - FoF Domestic
2019-07-15,118663,Nippon India Gold Savings Fund - Direct Plan Growth Plan - Growth Option,14.8091,Nippon India Mutual Fund,Other Scheme - FoF Domestic
2019-07-16,118663,Nippon India Gold Savings Fund - Direct Plan Growth Plan - Growth Option,14.8244,Nippon India Mutual Fund,Other Scheme - FoF Domestic
2019-07-17,118663,Nippon India Gold Savings Fund - Direct Plan Growth Plan - Growth Option,14.7953,Nippon India Mutual Fund,Other Scheme - FoF Domestic
2019-07-18,118663,Nippon India Gold Savings Fund - Direct Plan Growth Plan - Growth Option,15.0263,Nippon India Mutual Fund,Other Scheme - FoF Domestic
2019-07-19,118663,Nippon India Gold Savings Fund - Direct Plan Growth Plan - Growth Option,15.1334,Nippon India Mutual Fund,Other Scheme - FoF Domestic
2019-07-22,118663,Nippon India Gold Savings Fund - Direct Plan Growth Plan - Growth Option,14.9787,Nippon India Mutual Fund,Other Scheme - FoF Domestic
2019-07-23,118663,Nippon India Gold Savings Fund - Direct Plan Growth Plan - Growth Option,14.9394,Nippon India Mutual Fund,Other Scheme - FoF Domestic
2019-07-24,118663,Nippon India Gold Savings Fund - Direct Plan Growth Plan - Growth Option,14.96,Nippon India Mutual Fund,Other Scheme - FoF Domestic
2019-07-25,118663,Nippon India Gold Savings Fund - Direct Plan Growth Plan - Growth Option,14.9647,Nippon India Mutual Fund,Other Scheme - FoF Domestic
2019-07-26,118663,Nippon India Gold Savings Fund - Direct Plan Growth Plan - Growth Option,14.8914,Nippon India Mutual Fund,Other Scheme - FoF Domestic
2019-07-29,118663,Nippon India Gold Savings Fund - Direct Plan Growth Plan - Growth Option,14.8838,Nippon India Mutual Fund,Other Scheme - FoF Domestic
2019-07-30,118663,Nippon India Gold Savings Fund - Direct Plan Growth Plan - Growth Option,14.9422,Nippon India Mutual Fund,Other Scheme - FoF Domestic
2019-07-31,118663,Nippon India Gold Savings Fund - Direct Plan Growth Plan - Growth Option,14.8777,Nippon India Mutual Fund,Other Scheme - FoF Domestic
2019-08-01,118663,Nippon India Gold Savings Fund - Direct Plan Growth Plan - Growth Option,14.7802,Nippon India Mutual Fund,Other Scheme - FoF Domestic
2019-08-02,118663,Nippon India Gold Savings Fund - Direct Plan Growth Plan - Growth Option,15.1753,Nippon India Mutual Fund,Other Scheme - FoF Domestic
2019-08-05,118663,Nippon India Gold Savings Fund - Direct Plan Growth Plan - Growth Option,15.5154,Nippon India Mutual Fund,Other Scheme - FoF Domestic
2019-08-06,118663,Nippon India Gold Savings Fund - Direct Plan Growth Plan - Growth Option,15.6125,Nippon India Mutual Fund,Other Scheme - FoF Domestic
2019-08-07,118663,Nippon India Gold Savings Fund - Direct Plan Growth Plan - Growth Option,15.8455,Nippon India Mutual Fund,Other Scheme - FoF Domestic
2019-08-08,118663,Nippon India Gold Savings Fund - Direct Plan Growth Plan - Growth Option,15.8229,Nippon India Mutual Fund,Other Scheme - FoF Domestic
2019-08-09,118663,Nippon India Gold Savings Fund - Direct Plan Growth Plan - Growth Option,15.8816,Nippon India Mutual Fund,Other Scheme - FoF Domestic
2019-08-13,118663,Nippon India Gold Savings Fund - Direct Plan Growth Plan - Growth Option,16.1632,Nippon India Mutual Fund,Other Scheme - FoF Domestic
2019-08-14,118663,Nippon India Gold Savings Fund - Direct Plan Growth Plan - Growth Option,15.9068,Nippon India Mutual Fund,Other Scheme - FoF Domestic
2019-08-16,118663,Nippon India Gold Savings Fund - Direct Plan Growth Plan - Growth Option,15.9679,Nippon India Mutual Fund,Other Scheme - FoF Domestic
2019-08-19,118663,Nippon India Gold Savings Fund - Direct Plan Growth Plan - Growth Option,15.9872,Nippon India Mutual Fund,Other Scheme - FoF Domestic
2019-08-20,118663,Nippon India Gold Savings Fund - Direct Plan Growth Plan - Growth Option,16.1051,Nippon India Mutual Fund,Other Scheme - FoF Domestic
2019-08-21,118663,Nippon India Gold Savings Fund - Direct Plan Growth Plan - Growth Option,15.9906,Nippon India Mutual Fund,Other Scheme - FoF Domestic
2019-08-22,118663,Nippon India Gold Savings Fund - Direct Plan Growth Plan - Growth Option,16.1118,Nippon India Mutual Fund,Other Scheme - FoF Domestic
2019-08-23,118663,Nippon India Gold Savings Fund - Direct Plan Growth Plan - Growth Option,16.0595,Nippon India Mutual Fund,Other Scheme - FoF Domestic
2019-08-26,118663,Nippon India Gold Savings Fund - Direct Plan Growth Plan - Growth Option,16.4807,Nippon India Mutual Fund,Other Scheme - FoF Domestic
2019-08-27,118663,Nippon India Gold Savings Fund - Direct Plan Growth Plan - Growth Option,16.4751,Nippon India Mutual Fund,Other Scheme - FoF Domestic
2019-08-28,118663,Nippon India Gold Savings Fund - Direct Plan Growth Plan - Growth Option,16.6024,Nippon India Mutual Fund,Other Scheme - FoF Domestic
2019-08-29,118663,Nippon India Gold Savings Fund - Direct Plan Growth Plan - Growth Option,16.6076,Nippon India Mutual Fund,Other Scheme - FoF Domestic
2019-08-30,118663,Nippon India Gold Savings Fund - Direct Plan Growth Plan - Growth Option,16.4028,Nippon India Mutual Fund,Other Scheme - FoF Domestic
2019-09-03,118663,Nippon India Gold Savings Fund - Direct Plan Growth Plan - Growth Option,16.7187,Nippon India Mutual Fund,Other Scheme - FoF Domestic
2019-09-04,118663,Nippon India Gold Savings Fund - Direct Plan Growth Plan - Growth Option,16.7791,Nippon India Mutual Fund,Other Scheme - FoF Domestic
2019-09-05,118663,Nippon India Gold Savings Fund - Direct Plan Growth Plan - Growth Option,16.7488,Nippon India Mutual Fund,Other Scheme - FoF Domestic
2019-09-06,118663,Nippon India Gold Savings Fund - Direct Plan Growth Plan - Growth Option,16.2694,Nippon India Mutual Fund,Other Scheme - FoF Domestic
2019-09-09,118663,Nippon India Gold Savings Fund - Direct Plan Growth Plan - Growth Option,16.3481,Nippon India Mutual Fund,Other Scheme - FoF Domestic
2019-09-11,118663,Nippon India Gold Savings Fund - Direct Plan Growth Plan - Growth Option,16.1758,Nippon India Mutual Fund,Other Scheme - FoF Domestic
2019-09-12,118663,Nippon India Gold Savings Fund - Direct Plan Growth Plan - Growth Option,16.0869,Nippon India Mutual Fund,Other Scheme - FoF Domestic
2019-09-13,118663,Nippon India Gold Savings Fund - Direct Plan Growth Plan - Growth Option,16.075,Nippon India Mutual Fund,Other Scheme - FoF Domestic
2019-09-16,118663,Nippon India Gold Savings Fund - Direct Plan Growth Plan - Growth Option,16.1362,Nippon India Mutual Fund,Other Scheme - FoF Domestic
2019-09-17,118663,Nippon India Gold Savings Fund - Direct Plan Growth Plan - Growth Option,16.1914,Nippon India Mutual Fund,Other Scheme - FoF Domestic
2019-09-18,118663,Nippon India Gold Savings Fund - Direct Plan Growth Plan - Growth Option,16.0728,Nippon India Mutual Fund,Other Scheme - FoF Domestic
2019-09-19,118663,Nippon India Gold Savings Fund - Direct Plan Growth Plan - Growth Option,15.9172,Nippon India Mutual Fund,Other Scheme - FoF Domestic
2019-09-20,118663,Nippon India Gold Savings Fund - Direct Plan Growth Plan - Growth Option,15.9268,Nippon India Mutual Fund,Other Scheme - FoF Domestic
2019-09-23,118663,Nippon India Gold Savings Fund - Direct Plan Growth Plan - Growth Option,16.0548,Nippon India Mutual Fund,Other Scheme - FoF Domestic
2019-09-24,118663,Nippon India Gold Savings Fund - Direct Plan Growth Plan - Growth Option,16.0571,Nippon India Mutual Fund,Other Scheme - FoF Domestic
2019-09-25,118663,Nippon India Gold Savings Fund - Direct Plan Growth Plan - Growth Option,16.1825,Nippon India Mutual Fund,Other Scheme - FoF Domestic
2019-09-26,118663,Nippon India Gold Savings Fund - Direct Plan Growth Plan - Growth Option,16.0086,Nippon India Mutual Fund,Other Scheme - FoF Domestic
2019-09-27,118663,Nippon India Gold Savings Fund - Direct Plan Growth Plan - Growth Option,16.0256,Nippon India Mutual Fund,Other Scheme - FoF Domestic
2019-09-30,118663,Nippon India Gold Savings Fund - Direct Plan Growth Plan - Growth Option,16.0017,Nippon India Mutual Fund,Other Scheme - FoF Domestic
2019-10-01,118663,Nippon India Gold Savings Fund - Direct Plan Growth Plan - Growth Option,15.8407,Nippon India Mutual Fund,Other Scheme - FoF Domestic
2019-10-03,118663,Nippon India Gold Savings Fund - Direct Plan Growth Plan - Growth Option,16.187,Nippon India Mutual Fund,Other Scheme - FoF Domestic
2019-10-04,118663,Nippon India Gold Savings Fund - Direct Plan Growth Plan - Growth Option,16.3259,Nippon India Mutual Fund,Other Scheme - FoF Domestic
2019-10-07,118663,Nippon India Gold Savings Fund - Direct Plan Growth Plan - Growth Option,16.3079,Nippon India Mutual Fund,Other Scheme - FoF Domestic
2019-10-09,118663,Nippon India Gold Savings Fund - Direct Plan Growth Plan - Growth Option,16.3657,Nippon India Mutual Fund,Other Scheme - FoF Domestic
2019-10-10,118663,Nippon India Gold Savings Fund - Direct Plan Growth Plan - Growth Option,16.4168,Nippon India Mutual Fund,Other Scheme - FoF Domestic
2019-10-11,118663,Nippon India Gold Savings Fund - Direct Plan Growth Plan - Growth Option,16.3363,Nippon India Mutual Fund,Other Scheme - FoF Domestic
2019-10-14,118663,Nippon India Gold Savings Fund - Direct Plan Growth Plan - Growth Option,16.3774,Nippon India Mutual Fund,Other Scheme - FoF Domestic
2019-10-15,118663,Nippon India Gold Savings Fund - Direct Plan Growth Plan - Growth Option,16.4638,Nippon India Mutual Fund,Other Scheme - FoF Domestic
2019-10-16,118663,Nippon India Gold Savings Fund - Direct Plan Growth Plan - Growth Option,16.3716,Nippon India Mutual Fund,Other Scheme - FoF Domestic
2019-10-17,118663,Nippon India Gold Savings Fund - Direct Plan Growth Plan - Growth Option,16.3973,Nippon India Mutual Fund,Other Scheme - FoF Domestic
2019-10-18,118663,Nippon India Gold Savings Fund - Direct Plan Growth Plan - Growth Option,16.3854,Nippon India Mutual Fund,Other Scheme - FoF Domestic
2019-10-22,118663,Nippon India Gold Savings Fund - Direct Plan Growth Plan - Growth Option,16.3378,Nippon India Mutual Fund,Other Scheme - FoF Domestic
2019-10-23,118663,Nippon India Gold Savings Fund - Direct Plan Growth Plan - Growth Option,16.3999,Nippon India Mutual Fund,Other Scheme - FoF Domestic
2019-10-24,118663,Nippon India Gold Savings Fund - Direct Plan Growth Plan - Growth Option,16.3555,Nippon India Mutual Fund,Other Scheme - FoF Domestic
2019-10-25,118663,Nippon India Gold Savings Fund - Direct Plan Growth Plan - Growth Option,16.6369,Nippon India Mutual Fund,Other Scheme - FoF Domestic
2019-10-29,118663,Nippon India Gold Savings Fund - Direct Plan Growth Plan - Growth Option,16.3598,Nippon India Mutual Fund,Other Scheme - FoF Domestic
2019-10-30,118663,Nippon India Gold Savings Fund - Direct Plan Growth Plan - Growth Option,16.3353,Nippon India Mutual Fund,Other Scheme - FoF Domestic
2019-10-31,118663,Nippon India Gold Savings Fund - Direct Plan Growth Plan - Growth Option,16.5318,Nippon India Mutual Fund,Other Scheme - FoF Domestic
2019-11-01,118663,Nippon India Gold Savings Fund - Direct Plan Growth Plan - Growth Option,16.5872,Nippon India Mutual Fund,Other Scheme - FoF Domestic
2019-11-04,118663,Nippon India Gold Savings Fund - Direct Plan Growth Plan - Growth Option,16.5905,Nippon India Mutual Fund,Other Scheme - FoF Domestic
2019-11-05,118663,Nippon India Gold Savings Fund - Direct Plan Growth Plan - Growth Option,16.5443,Nippon India Mutual Fund,Other Scheme - FoF Domestic
2019-11-06,118663,Nippon India Gold Savings Fund - Direct Plan Growth Plan - Growth Option,16.433,Nippon India Mutual Fund,Other Scheme - FoF Domestic
2019-11-07,118663,Nippon India Gold Savings Fund - Direct Plan Growth Plan - Growth Option,16.3967,Nippon India Mutual Fund,Other Scheme - FoF Domestic
2019-11-08,118663,Nippon India Gold Savings Fund - Direct Plan Growth Plan - Growth Option,16.2598,Nippon India Mutual Fund,Other Scheme - FoF Domestic
2019-11-11,118663,Nippon India Gold Savings Fund - Direct Plan Growth Plan - Growth Option,16.2832,Nippon India Mutual Fund,Other Scheme - FoF Domestic
2019-11-13,118663,Nippon India Gold Savings Fund - Direct Plan Growth Plan - Growth Option,16.4152,Nippon India Mutual Fund,Other Scheme - FoF Domestic
2019-11-14,118663,Nippon India Gold Savings Fund - Direct Plan Growth Plan - Growth Option,16.423,Nippon India Mutual Fund,Other Scheme - FoF Domestic
2019-11-15,118663,Nippon India Gold Savings Fund - Direct Plan Growth Plan - Growth Option,16.2761,Nippon India Mutual Fund,Other Scheme - FoF Domestic
2019-11-18,118663,Nippon India Gold Savings Fund - Direct Plan Growth Plan - Growth Option,16.2234,Nippon India Mutual Fund,Other Scheme - FoF Domestic
2019-11-19,118663,Nippon India Gold Savings Fund - Direct Plan Growth Plan - Growth Option,16.3583,Nippon India Mutual Fund,Other Scheme - FoF Domestic
2019-11-20,118663,Nippon India Gold Savings Fund - Direct Plan Growth Plan - Growth Option,16.4283,Nippon India Mutual Fund,Other Scheme - FoF Domestic
2019-11-21,118663,Nippon India Gold Savings Fund - Direct Plan Growth Plan - Growth Option,16.3556,Nippon India Mutual Fund,Other Scheme - FoF Domestic
2019-11-22,118663,Nippon India Gold Savings Fund - Direct Plan Growth Plan - Growth Option,16.3576,Nippon India Mutual Fund,Other Scheme - FoF Domestic
2019-11-25,118663,Nippon India Gold Savings Fund - Direct Plan Growth Plan - Growth Option,16.2031,Nippon India Mutual Fund,Other Scheme - FoF Domestic
2019-11-26,118663,Nippon India Gold Savings Fund - Direct Plan Growth Plan - Growth Option,16.1706,Nippon India Mutual Fund,Other Scheme - FoF Domestic
2019-11-27,118663,Nippon India Gold Savings Fund - Direct Plan Growth Plan - Growth Option,16.1538,Nippon India Mutual Fund,Other Scheme - FoF Domestic
2019-11-28,118663,Nippon India Gold Savings Fund - Direct Plan Growth Plan - Growth Option,16.1778,Nippon India Mutual Fund,Other Scheme - FoF Domestic
2019-11-29,118663,Nippon India Gold Savings Fund - Direct Plan Growth Plan - Growth Option,16.2152,Nippon India Mutual Fund,Other Scheme - FoF Domestic
2019-12-02,118663,Nippon India Gold Savings Fund - Direct Plan Growth Plan - Growth Option,16.2127,Nippon India Mutual Fund,Other Scheme - FoF Domestic
2019-12-03,118663,Nippon India Gold Savings Fund - Direct Plan Growth Plan - Growth Option,16.2495,Nippon India Mutual Fund,Other Scheme - FoF Domestic
2019-12-04,118663,Nippon India Gold Savings Fund - Direct Plan Growth Plan - Growth Option,16.3815,Nippon India Mutual Fund,Other Scheme - FoF Domestic
2019-12-05,118663,Nippon India Gold Savings Fund - Direct Plan Growth Plan - Growth Option,16.3373,Nippon India Mutual Fund,Other Scheme - FoF Domestic
2019-12-06,118663,Nippon India Gold Savings Fund - Direct Plan Growth Plan - Growth Option,16.3162,Nippon India Mutual Fund,Other Scheme - FoF Domestic
2019-12-09,118663,Nippon India Gold Savings Fund - Direct Plan Growth Plan - Growth Option,16.1286,Nippon India Mutual Fund,Other Scheme - FoF Domestic
2019-12-10,118663,Nippon India Gold Savings Fund - Direct Plan Growth Plan - Growth Option,16.1145,Nippon India Mutual Fund,Other Scheme - FoF Domestic
2019-12-11,118663,Nippon India Gold Savings Fund - Direct Plan Growth Plan - Growth Option,16.1462,Nippon India Mutual Fund,Other Scheme - FoF Domestic
2019-12-12,118663,Nippon India Gold Savings Fund - Direct Plan Growth Plan - Growth Option,16.1537,Nippon India Mutual Fund,Other Scheme - FoF Domestic
2019-12-13,118663,Nippon India Gold Savings Fund - Direct Plan Growth Plan - Growth Option,16.1212,Nippon India Mutual Fund,Other Scheme - FoF Domestic
2019-12-16,118663,Nippon India Gold Savings Fund - Direct Plan Growth Plan - Growth Option,16.229,Nippon India Mutual Fund,Other Scheme - FoF Domestic
2019-12-17,118663,Nippon India Gold Savings Fund - Direct Plan Growth Plan - Growth Option,16.2581,Nippon India Mutual Fund,Other Scheme - FoF Domestic
2019-12-18,118663,Nippon India Gold Savings Fund - Direct Plan Growth Plan - Growth Option,16.3032,Nippon India Mutual Fund,Other Scheme - FoF Domestic
2019-12-19,118663,Nippon India Gold Savings Fund - Direct Plan Growth Plan - Growth Option,16.2809,Nippon India Mutual Fund,Other Scheme - FoF Domestic
2019-12-20,118663,Nippon India Gold Savings Fund - Direct Plan Growth Plan - Growth Option,16.3294,Nippon India Mutual Fund,Other Scheme - FoF Domestic
2019-12-23,118663,Nippon India Gold Savings Fund - Direct Plan Growth Plan - Growth Option,16.3293,Nippon India Mutual Fund,Other Scheme - FoF Domestic
2019-12-24,118663,Nippon India Gold Savings Fund - Direct Plan Growth Plan - Growth Option,16.3779,Nippon India Mutual Fund,Other Scheme - FoF Domestic
2019-12-26,118663,Nippon India Gold Savings Fund - Direct Plan Growth Plan - Growth Option,16.4992,Nippon India Mutual Fund,Other Scheme - FoF Domestic
2019-12-27,118663,Nippon India Gold Savings Fund - Direct Plan Growth Plan - Growth Option,16.572,Nippon India Mutual Fund,Other Scheme - FoF Domestic
2019-12-30,118663,Nippon India Gold Savings Fund - Direct Plan Growth Plan - Growth Option,16.6446,Nippon India Mutual Fund,Other Scheme - FoF Domestic
2019-12-31,118663,Nippon India Gold Savings Fund - Direct Plan Growth Plan - Growth Option,16.7174,Nippon India Mutual Fund,Other Scheme - FoF Domestic
2020-01-01,118663,Nippon India Gold Savings Fund - Direct Plan Growth Plan - Growth Option,16.6689,Nippon India Mutual Fund,Other Scheme - FoF Domestic
2020-01-02,118663,Nippon India Gold Savings Fund - Direct Plan Growth Plan - Growth Option,16.6689,Nippon India Mutual Fund,Other Scheme - FoF Domestic
2020-01-03,118663,Nippon India Gold Savings Fund - Direct Plan Growth Plan - Growth Option,17.1777,Nippon India Mutual Fund,Other Scheme - FoF Domestic
2020-01-06,118663,Nippon India Gold Savings Fund - Direct Plan Growth Plan - Growth Option,17.5411,Nippon India Mutual Fund,Other Scheme - FoF Domestic
2020-01-07,118663,Nippon India Gold Savings Fund - Direct Plan Growth Plan - Growth Option,17.2263,Nippon India Mutual Fund,Other Scheme - FoF Domestic
2020-01-08,118663,Nippon India Gold Savings Fund - Direct Plan Growth Plan - Growth Option,17.5171,Nippon India Mutual Fund,Other Scheme - FoF Domestic
2020-01-09,118663,Nippon India Gold Savings Fund - Direct Plan Growth Plan - Growth Option,17.009,Nippon India Mutual Fund,Other Scheme - FoF Domestic
2020-01-10,118663,Nippon India Gold Savings Fund - Direct Plan Growth Plan - Growth Option,16.9606,Nippon India Mutual Fund,Other Scheme - FoF Domestic
2020-01-13,118663,Nippon India Gold Savings Fund - Direct Plan Growth Plan - Growth Option,16.8638,Nippon India Mutual Fund,Other Scheme - FoF Domestic
2020-01-14,118663,Nippon India Gold Savings Fund - Direct Plan Growth Plan - Growth Option,16.8638,Nippon India Mutual Fund,Other Scheme - FoF Domestic
2020-01-15,118663,Nippon India Gold Savings Fund - Direct Plan Growth Plan - Growth Option,17.009,Nippon India Mutual Fund,Other Scheme - FoF Domestic
2020-01-16,118663,Nippon India Gold Savings Fund - Direct Plan Growth Plan - Growth Option,16.9849,Nippon India Mutual Fund,Other Scheme - FoF Domestic
2020-01-17,118663,Nippon India Gold Savings Fund - Direct Plan Growth Plan - Growth Option,16.9607,Nippon India Mutual Fund,Other Scheme - FoF Domestic
2020-01-20,118663,Nippon India Gold Savings Fund - Direct Plan Growth Plan - Growth Option,17.0962,Nippon India Mutual Fund,Other Scheme - FoF Domestic
2020-01-21,118663,Nippon India Gold Savings Fund - Direct Plan Growth Plan - Growth Option,17.0478,Nippon India Mutual Fund,Other Scheme - FoF Domestic
2020-01-22,118663,Nippon India Gold Savings Fund - Direct Plan Growth Plan - Growth Option,17.1253,Nippon India Mutual Fund,Other Scheme - FoF Domestic
2020-01-23,118663,Nippon India Gold Savings Fund - Direct Plan Growth Plan - Growth Option,17.0866,Nippon India Mutual Fund,Other Scheme - FoF Domestic
2020-01-24,118663,Nippon India Gold Savings Fund - Direct Plan Growth Plan - Growth Option,17.1786,Nippon India Mutual Fund,Other Scheme - FoF Domestic
2020-01-27,118663,Nippon India Gold Savings Fund - Direct Plan Growth Plan - Growth Option,17.3966,Nippon India Mutual Fund,Other Scheme - FoF Domestic
2020-01-28,118663,Nippon India Gold Savings Fund - Direct Plan Growth Plan - Growth Option,17.3337,Nippon India Mutual Fund,Other Scheme - FoF Domestic
2020-01-29,118663,Nippon India Gold Savings Fund - Direct Plan Growth Plan - Growth Option,17.2805,Nippon India Mutual Fund,Other Scheme - FoF Domestic
2020-01-30,118663,Nippon India Gold Savings Fund - Direct Plan Growth Plan - Growth Option,17.4353,Nippon India Mutual Fund,Other Scheme - FoF Domestic
2020-01-31,118663,Nippon India Gold Savings Fund - Direct Plan Growth Plan - Growth Option,17.4063,Nippon India Mutual Fund,Other Scheme - FoF Domestic
2020-02-03,118663,Nippon India Gold Savings Fund - Direct Plan Growth Plan - Growth Option,17.4257,Nippon India Mutual Fund,Other Scheme - FoF Domestic
2020-02-04,118663,Nippon India Gold Savings Fund - Direct Plan Growth Plan - Growth Option,17.2661,Nippon India Mutual Fund,Other Scheme - FoF Domestic
2020-02-05,118663,Nippon India Gold Savings Fund - Direct Plan Growth Plan - Growth Option,17.1354,Nippon India Mutual Fund,Other Scheme - FoF Domestic
2020-02-06,118663,Nippon India Gold Savings Fund - Direct Plan Growth Plan - Growth Option,17.2661,Nippon India Mutual Fund,Other Scheme - FoF Domestic
2020-02-07,118663,Nippon India Gold Savings Fund - Direct Plan Growth Plan - Growth Option,17.3242,Nippon India Mutual Fund,Other Scheme - FoF Domestic
2020-02-10,118663,Nippon India Gold Savings Fund - Direct Plan Growth Plan - Growth Option,17.4452,Nippon India Mutual Fund,Other Scheme - FoF Domestic
2020-02-11,118663,Nippon India Gold Savings Fund - Direct Plan Growth Plan - Growth Option,17.3823,Nippon India Mutual Fund,Other Scheme - FoF Domestic
2020-02-12,118663,Nippon India Gold Savings Fund - Direct Plan Growth Plan - Growth Option,17.3533,Nippon India Mutual Fund,Other Scheme - FoF Domestic
2020-02-13,118663,Nippon India Gold Savings Fund - Direct Plan Growth Plan - Growth Option,17.4452,Nippon India Mutual Fund,Other Scheme - FoF Domestic
2020-02-14,118663,Nippon India Gold Savings Fund - Direct Plan Growth Plan - Growth Option,17.3968,Nippon India Mutual Fund,Other Scheme - FoF Domestic
2020-02-17,118663,Nippon India Gold Savings Fund - Direct Plan Growth Plan - Growth Option,17.4354,Nippon India Mutual Fund,Other Scheme - FoF Domestic
2020-02-18,118663,Nippon India Gold Savings Fund - Direct Plan Growth Plan - Growth Option,17.5371,Nippon India Mutual Fund,Other Scheme - FoF Domestic
2020-02-19,118663,Nippon India Gold Savings Fund - Direct Plan Growth Plan - Growth Option,17.8128,Nippon India Mutual Fund,Other Scheme - FoF Domestic
2020-02-20,118663,Nippon India Gold Savings Fund - Direct Plan Growth Plan - Growth Option,17.866,Nippon India Mutual Fund,Other Scheme - FoF Domestic
2020-02-24,118663,Nippon India Gold Savings Fund - Direct Plan Growth Plan - Growth Option,18.7178,Nippon India Mutual Fund,Other Scheme - FoF Domestic
2020-02-25,118663,Nippon India Gold Savings Fund - Direct Plan Growth Plan - Growth Option,18.166,Nippon India Mutual Fund,Other Scheme - FoF Domestic
2020-02-26,118663,Nippon India Gold Savings Fund - Direct Plan Growth Plan - Growth Option,18.2048,Nippon India Mutual Fund,Other Scheme - FoF Domestic
2020-02-27,118663,Nippon India Gold Savings Fund - Direct Plan Growth Plan - Growth Option,18.137,Nippon India Mutual Fund,Other Scheme - FoF Domestic
2020-02-28,118663,Nippon India Gold Savings Fund - Direct Plan Growth Plan - Growth Option,18.1322,Nippon India Mutual Fund,Other Scheme - FoF Domestic
2020-03-02,118663,Nippon India Gold Savings Fund - Direct Plan Growth Plan - Growth Option,17.9679,Nippon India Mutual Fund,Other Scheme - FoF Domestic
2020-03-03,118663,Nippon India Gold Savings Fund - Direct Plan Growth Plan - Growth Option,18.0114,Nippon India Mutual Fund,Other Scheme - FoF Domestic
2020-03-04,118663,Nippon India Gold Savings Fund - Direct Plan Growth Plan - Growth Option,18.4853,Nippon India Mutual Fund,Other Scheme - FoF Domestic
2020-03-05,118663,Nippon India Gold Savings Fund - Direct Plan Growth Plan - Growth Option,18.4563,Nippon India Mutual Fund,Other Scheme - FoF Domestic
2020-03-06,118663,Nippon India Gold Savings Fund - Direct Plan Growth Plan - Growth Option,18.9573,Nippon India Mutual Fund,Other Scheme - FoF Domestic
2020-03-09,118663,Nippon India Gold Savings Fund - Direct Plan Growth Plan - Growth Option,18.6713,Nippon India Mutual Fund,Other Scheme - FoF Domestic
2020-03-11,118663,Nippon India Gold Savings Fund - Direct Plan Growth Plan - Growth Option,18.5356,Nippon India Mutual Fund,Other Scheme - FoF Domestic
2020-03-12,118663,Nippon India Gold Savings Fund - Direct Plan Growth Plan - Growth Option,18.429,Nippon India Mutual Fund,Other Scheme - FoF Domestic
2020-03-13,118663,Nippon India Gold Savings Fund - Direct Plan Growth Plan - Growth Option,17.7793,Nippon India Mutual Fund,Other Scheme - FoF Domestic
2020-03-16,118663,Nippon India Gold Savings Fund - Direct Plan Growth Plan - Growth Option,17.3184,Nippon India Mutual Fund,Other Scheme - FoF Domestic
2020-03-17,118663,Nippon India Gold Savings Fund - Direct Plan Growth Plan - Growth Option,16.9112,Nippon India Mutual Fund,Other Scheme - FoF Domestic
2020-03-18,118663,Nippon India Gold Savings Fund - Direct Plan Growth Plan - Growth Option,17.2069,Nippon India Mutual Fund,Other Scheme - FoF Domestic
2020-03-19,118663,Nippon India Gold Savings Fund - Direct Plan Growth Plan - Growth Option,17.096,Nippon India Mutual Fund,Other Scheme - FoF Domestic
2020-03-20,118663,Nippon India Gold Savings Fund - Direct Plan Growth Plan - Growth Option,17.5336,Nippon India Mutual Fund,Other Scheme - FoF Domestic
2020-03-23,118663,Nippon India Gold Savings Fund - Direct Plan Growth Plan - Growth Option,17.0044,Nippon India Mutual Fund,Other Scheme - FoF Domestic
2020-03-24,118663,Nippon India Gold Savings Fund - Direct Plan Growth Plan - Growth Option,17.6693,Nippon India Mutual Fund,Other Scheme - FoF Domestic
2020-03-25,118663,Nippon India Gold Savings Fund - Direct Plan Growth Plan - Growth Option,17.9605,Nippon India Mutual Fund,Other Scheme - FoF Domestic
2020-03-26,118663,Nippon India Gold Savings Fund - Direct Plan Growth Plan - Growth Option,17.8295,Nippon India Mutual Fund,Other Scheme - FoF Domestic
2020-03-27,118663,Nippon India Gold Savings Fund - Direct Plan Growth Plan - Growth Option,18.5333,Nippon India Mutual Fund,Other Scheme - FoF Domestic
2020-03-30,118663,Nippon India Gold Savings Fund - Direct Plan Growth Plan - Growth Option,19.2953,Nippon India Mutual Fund,Other Scheme - FoF Domestic
2020-03-31,118663,Nippon India Gold Savings Fund - Direct Plan Growth Plan - Growth Option,18.5537,Nippon India Mutual Fund,Other Scheme - FoF Domestic
2020-04-01,118663,Nippon India Gold Savings Fund - Direct Plan Growth Plan - Growth Option,18.5665,Nippon India Mutual Fund,Other Scheme - FoF Domestic
2020-04-03,118663,Nippon India Gold Savings Fund - Direct Plan Growth Plan - Growth Option,18.8334,Nippon India Mutual Fund,Other Scheme - FoF Domestic
2020-04-07,118663,Nippon India Gold Savings Fund - Direct Plan Growth Plan - Growth Option,19.2599,Nippon India Mutual Fund,Other Scheme - FoF Domestic
2020-04-08,118663,Nippon India Gold Savings Fund - Direct Plan Growth Plan - Growth Option,19.3181,Nippon India Mutual Fund,Other Scheme - FoF Domestic
2020-04-09,118663,Nippon India Gold Savings Fund - Direct Plan Growth Plan - Growth Option,19.8024,Nippon India Mutual Fund,Other Scheme - FoF Domestic
2020-04-13,118663,Nippon India Gold Savings Fund - Direct Plan Growth Plan - Growth Option,20.6245,Nippon India Mutual Fund,Other Scheme - FoF Domestic
2020-04-15,118663,Nippon India Gold Savings Fund - Direct Plan Growth Plan - Growth Option,20.7118,Nippon India Mutual Fund,Other Scheme - FoF Domestic
2020-04-16,118663,Nippon India Gold Savings Fund - Direct Plan Growth Plan - Growth Option,20.9971,Nippon India Mutual Fund,Other Scheme - FoF Domestic
2020-04-17,118663,Nippon India Gold Savings Fund - Direct Plan Growth Plan - Growth Option,20.6154,Nippon India Mutual Fund,Other Scheme - FoF Domestic
2020-04-20,118663,Nippon India Gold Savings Fund - Direct Plan Growth Plan - Growth Option,20.1708,Nippon India Mutual Fund,Other Scheme - FoF Domestic
2020-04-21,118663,Nippon India Gold Savings Fund - Direct Plan Growth Plan - Growth Option,20.4125,Nippon India Mutual Fund,Other Scheme - FoF Domestic
2020-04-22,118663,Nippon India Gold Savings Fund - Direct Plan Growth Plan - Growth Option,20.684,Nippon India Mutual Fund,Other Scheme - FoF Domestic
2020-04-23,118663,Nippon India Gold Savings Fund - Direct Plan Growth Plan - Growth Option,20.6841,Nippon India Mutual Fund,Other Scheme - FoF Domestic
2020-04-24,118663,Nippon India Gold Savings Fund - Direct Plan Growth Plan - Growth Option,20.7234,Nippon India Mutual Fund,Other Scheme - FoF Domestic
2020-04-27,118663,Nippon India Gold Savings Fund - Direct Plan Growth Plan - Growth Option,20.6604,Nippon India Mutual Fund,Other Scheme - FoF Domestic
2020-04-28,118663,Nippon India Gold Savings Fund - Direct Plan Growth Plan - Growth Option,20.7188,Nippon India Mutual Fund,Other Scheme - FoF Domestic
2020-04-29,118663,Nippon India Gold Savings Fund - Direct Plan Growth Plan - Growth Option,20.5693,Nippon India Mutual Fund,Other Scheme - FoF Domestic
2020-04-30,118663,Nippon India Gold Savings Fund - Direct Plan Growth Plan - Growth Option,20.6665,Nippon India Mutual Fund,Other Scheme - FoF Domestic
2020-05-04,118663,Nippon India Gold Savings Fund - Direct Plan Growth Plan - Growth Option,20.7427,Nippon India Mutual Fund,Other Scheme - FoF Domestic
2020-05-05,118663,Nippon India Gold Savings Fund - Direct Plan Growth Plan - Growth Option,20.17,Nippon India Mutual Fund,Other Scheme - FoF Domestic
2020-05-06,118663,Nippon India Gold Savings Fund - Direct Plan Growth Plan - Growth Option,20.0829,Nippon India Mutual Fund,Other Scheme - FoF Domestic
2020-05-07,118663,Nippon India Gold Savings Fund - Direct Plan Growth Plan - Growth Option,19.9383,Nippon India Mutual Fund,Other Scheme - FoF Domestic
2020-05-08,118663,Nippon India Gold Savings Fund - Direct Plan Growth Plan - Growth Option,20.1562,Nippon India Mutual Fund,Other Scheme - FoF Domestic
2020-05-11,118663,Nippon India Gold Savings Fund - Direct Plan Growth Plan - Growth Option,19.9915,Nippon India Mutual Fund,Other Scheme - FoF Domestic
2020-05-12,118663,Nippon India Gold Savings Fund - Direct Plan Growth Plan - Growth Option,20.0254,Nippon India Mutual Fund,Other Scheme - FoF Domestic
2020-05-13,118663,Nippon India Gold Savings Fund - Direct Plan Growth Plan - Growth Option,19.8946,Nippon India Mutual Fund,Other Scheme - FoF Domestic
2020-05-14,118663,Nippon India Gold Savings Fund - Direct Plan Growth Plan - Growth Option,20.1463,Nippon India Mutual Fund,Other Scheme - FoF Domestic
2020-05-15,118663,Nippon India Gold Savings Fund - Direct Plan Growth Plan - Growth Option,20.2968,Nippon India Mutual Fund,Other Scheme - FoF Domestic
2020-05-18,118663,Nippon India Gold Savings Fund - Direct Plan Growth Plan - Growth Option,20.6548,Nippon India Mutual Fund,Other Scheme - FoF Domestic
2020-05-19,118663,Nippon India Gold Savings Fund - Direct Plan Growth Plan - Growth Option,20.0897,Nippon India Mutual Fund,Other Scheme - FoF Domestic
2020-05-20,118663,Nippon India Gold Savings Fund - Direct Plan Growth Plan - Growth Option,20.3358,Nippon India Mutual Fund,Other Scheme - FoF Domestic
2020-05-21,118663,Nippon India Gold Savings Fund - Direct Plan Growth Plan - Growth Option,20.1178,Nippon India Mutual Fund,Other Scheme - FoF Domestic
2020-05-22,118663,Nippon India Gold Savings Fund - Direct Plan Growth Plan - Growth Option,20.2242,Nippon India Mutual Fund,Other Scheme - FoF Domestic
2020-05-26,118663,Nippon India Gold Savings Fund - Direct Plan Growth Plan - Growth Option,20.006,Nippon India Mutual Fund,Other Scheme - FoF Domestic
2020-05-27,118663,Nippon India Gold Savings Fund - Direct Plan Growth Plan - Growth Option,19.7394,Nippon India Mutual Fund,Other Scheme - FoF Domestic
2020-05-28,118663,Nippon India Gold Savings Fund - Direct Plan Growth Plan - Growth Option,20.0012,Nippon India Mutual Fund,Other Scheme - FoF Domestic
2020-05-29,118663,Nippon India Gold Savings Fund - Direct Plan Growth Plan - Growth Option,19.9043,Nippon India Mutual Fund,Other Scheme - FoF Domestic
2020-06-01,118663,Nippon India Gold Savings Fund - Direct Plan Growth Plan - Growth Option,20.0108,Nippon India Mutual Fund,Other Scheme - FoF Domestic
2020-06-02,118663,Nippon India Gold Savings Fund - Direct Plan Growth Plan - Growth Option,19.9963,Nippon India Mutual Fund,Other Scheme - FoF Domestic
2020-06-03,118663,Nippon India Gold Savings Fund - Direct Plan Growth Plan - Growth Option,19.8507,Nippon India Mutual Fund,Other Scheme - FoF Domestic
2020-06-04,118663,Nippon India Gold Savings Fund - Direct Plan Growth Plan - Growth Option,19.8168,Nippon India Mutual Fund,Other Scheme - FoF Domestic
2020-06-05,118663,Nippon India Gold Savings Fund - Direct Plan Growth Plan - Growth Option,20.0014,Nippon India Mutual Fund,Other Scheme - FoF Domestic
2020-06-08,118663,Nippon India Gold Savings Fund - Direct Plan Growth Plan - Growth Option,19.7395,Nippon India Mutual Fund,Other Scheme - FoF Domestic
2020-06-09,118663,Nippon India Gold Savings Fund - Direct Plan Growth Plan - Growth Option,19.9092,Nippon India Mutual Fund,Other Scheme - FoF Domestic
2020-06-10,118663,Nippon India Gold Savings Fund - Direct Plan Growth Plan - Growth Option,20.011,Nippon India Mutual Fund,Other Scheme - FoF Domestic
2020-06-11,118663,Nippon India Gold Savings Fund - Direct Plan Growth Plan - Growth Option,20.2622,Nippon India Mutual Fund,Other Scheme - FoF Domestic
2020-06-12,118663,Nippon India Gold Savings Fund - Direct Plan Growth Plan - Growth Option,20.2961,Nippon India Mutual Fund,Other Scheme - FoF Domestic
2020-06-15,118663,Nippon India Gold Savings Fund - Direct Plan Growth Plan - Growth Option,20.107,Nippon India Mutual Fund,Other Scheme - FoF Domestic
2020-06-16,118663,Nippon India Gold Savings Fund - Direct Plan Growth Plan - Growth Option,20.3204,Nippon India Mutual Fund,Other Scheme - FoF Domestic
2020-06-17,118663,Nippon India Gold Savings Fund - Direct Plan Growth Plan - Growth Option,20.2234,Nippon India Mutual Fund,Other Scheme - FoF Domestic
2020-06-18,118663,Nippon India Gold Savings Fund - Direct Plan Growth Plan - Growth Option,20.3154,Nippon India Mutual Fund,Other Scheme - FoF Domestic
2020-06-19,118663,Nippon India Gold Savings Fund - Direct Plan Growth Plan - Growth Option,20.2669,Nippon India Mutual Fund,Other Scheme - FoF Domestic
2020-06-22,118663,Nippon India Gold Savings Fund - Direct Plan Growth Plan - Growth Option,20.5336,Nippon India Mutual Fund,Other Scheme - FoF Domestic
2020-06-23,118663,Nippon India Gold Savings Fund - Direct Plan Growth Plan - Growth Option,20.4998,Nippon India Mutual Fund,Other Scheme - FoF Domestic
2020-06-24,118663,Nippon India Gold Savings Fund - Direct Plan Growth Plan - Growth Option,20.7326,Nippon India Mutual Fund,Other Scheme - FoF Domestic
2020-06-25,118663,Nippon India Gold Savings Fund - Direct Plan Growth Plan - Growth Option,20.5435,Nippon India Mutual Fund,Other Scheme - FoF Domestic
2020-06-26,118663,Nippon India Gold Savings Fund - Direct Plan Growth Plan - Growth Option,20.5532,Nippon India Mutual Fund,Other Scheme - FoF Domestic
2020-06-29,118663,Nippon India Gold Savings Fund - Direct Plan Growth Plan - Growth Option,20.6306,Nippon India Mutual Fund,Other Scheme - FoF Domestic
2020-06-30,118663,Nippon India Gold Savings Fund - Direct Plan Growth Plan - Growth Option,20.6885,Nippon India Mutual Fund,Other Scheme - FoF Domestic
2020-07-01,118663,Nippon India Gold Savings Fund - Direct Plan Growth Plan - Growth Option,20.8774,Nippon India Mutual Fund,Other Scheme - FoF Domestic
2020-07-02,118663,Nippon India Gold Savings Fund - Direct Plan Growth Plan - Growth Option,20.5101,Nippon India Mutual Fund,Other Scheme - FoF Domestic
2020-07-03,118663,Nippon India Gold Savings Fund - Direct Plan Growth Plan - Growth Option,20.4906,Nippon India Mutual Fund,Other Scheme - FoF Domestic
2020-07-06,118663,Nippon India Gold Savings Fund - Direct Plan Growth Plan - Growth Option,20.5244,Nippon India Mutual Fund,Other Scheme - FoF Domestic
2020-07-07,118663,Nippon India Gold Savings Fund - Direct Plan Growth Plan - Growth Option,20.597,Nippon India Mutual Fund,Other Scheme - FoF Domestic
2020-07-08,118663,Nippon India Gold Savings Fund - Direct Plan Growth Plan - Growth Option,20.8822,Nippon India Mutual Fund,Other Scheme - FoF Domestic
2020-07-09,118663,Nippon India Gold Savings Fund - Direct Plan Growth Plan - Growth Option,21.037,Nippon India Mutual Fund,Other Scheme - FoF Domestic
2020-07-10,118663,Nippon India Gold Savings Fund - Direct Plan Growth Plan - Growth Option,20.9741,Nippon India Mutual Fund,Other Scheme - FoF Domestic
2020-07-13,118663,Nippon India Gold Savings Fund - Direct Plan Growth Plan - Growth Option,21.0032,Nippon India Mutual Fund,Other Scheme - FoF Domestic
2020-07-14,118663,Nippon India Gold Savings Fund - Direct Plan Growth Plan - Growth Option,20.9354,Nippon India Mutual Fund,Other Scheme - FoF Domestic
2020-07-15,118663,Nippon India Gold Savings Fund - Direct Plan Growth Plan - Growth Option,20.9835,Nippon India Mutual Fund,Other Scheme - FoF Domestic
2020-07-16,118663,Nippon India Gold Savings Fund - Direct Plan Growth Plan - Growth Option,20.9351,Nippon India Mutual Fund,Other Scheme - FoF Domestic
2020-07-17,118663,Nippon India Gold Savings Fund - Direct Plan Growth Plan - Growth Option,20.8189,Nippon India Mutual Fund,Other Scheme - FoF Domestic
2020-07-20,118663,Nippon India Gold Savings Fund - Direct Plan Growth Plan - Growth Option,20.9109,Nippon India Mutual Fund,Other Scheme - FoF Domestic
2020-07-21,118663,Nippon India Gold Savings Fund - Direct Plan Growth Plan - Growth Option,21.0028,Nippon India Mutual Fund,Other Scheme - FoF Domestic
2020-07-22,118663,Nippon India Gold Savings Fund - Direct Plan Growth Plan - Growth Option,21.3033,Nippon India Mutual Fund,Other Scheme - FoF Domestic
2020-07-23,118663,Nippon India Gold Savings Fund - Direct Plan Growth Plan - Growth Option,21.6039,Nippon India Mutual Fund,Other Scheme - FoF Domestic
2020-07-24,118663,Nippon India Gold Savings Fund - Direct Plan Growth Plan - Growth Option,21.8074,Nippon India Mutual Fund,Other Scheme - FoF Domestic
2020-07-27,118663,Nippon India Gold Savings Fund - Direct Plan Growth Plan - Growth Option,22.5488,Nippon India Mutual Fund,Other Scheme - FoF Domestic
2020-07-28,118663,Nippon India Gold Savings Fund - Direct Plan Growth Plan - Growth Option,22.3368,Nippon India Mutual Fund,Other Scheme - FoF Domestic
2020-07-29,118663,Nippon India Gold Savings Fund - Direct Plan Growth Plan - Growth Option,22.5821,Nippon India Mutual Fund,Other Scheme - FoF Domestic
2020-07-30,118663,Nippon India Gold Savings Fund - Direct Plan Growth Plan - Growth Option,22.5963,Nippon India Mutual Fund,Other Scheme - FoF Domestic
2020-07-31,118663,Nippon India Gold Savings Fund - Direct Plan Growth Plan - Growth Option,22.8808,Nippon India Mutual Fund,Other Scheme - FoF Domestic
2020-08-03,118663,Nippon India Gold Savings Fund - Direct Plan Growth Plan - Growth Option,22.9532,Nippon India Mutual Fund,Other Scheme - FoF Domestic
2020-08-04,118663,Nippon India Gold Savings Fund - Direct Plan Growth Plan - Growth Option,22.9386,Nippon India Mutual Fund,Other Scheme - FoF Domestic
2020-08-05,118663,Nippon India Gold Savings Fund - Direct Plan Growth Plan - Growth Option,23.5402,Nippon India Mutual Fund,Other Scheme - FoF Domestic
2020-08-06,118663,Nippon India Gold Savings Fund - Direct Plan Growth Plan - Growth Option,23.7287,Nippon India Mutual Fund,Other Scheme - FoF Domestic
2020-08-07,118663,Nippon India Gold Savings Fund - Direct Plan Growth Plan - Growth Option,23.8588,Nippon India Mutual Fund,Other Scheme - FoF Domestic
2020-08-10,118663,Nippon India Gold Savings Fund - Direct Plan Growth Plan - Growth Option,23.4881,Nippon India Mutual Fund,Other Scheme - FoF Domestic
2020-08-11,118663,Nippon India Gold Savings Fund - Direct Plan Growth Plan - Growth Option,22.958,Nippon India Mutual Fund,Other Scheme - FoF Domestic
2020-08-12,118663,Nippon India Gold Savings Fund - Direct Plan Growth Plan - Growth Option,22.1779,Nippon India Mutual Fund,Other Scheme - FoF Domestic
2020-08-13,118663,Nippon India Gold Savings Fund - Direct Plan Growth Plan - Growth Option,22.3298,Nippon India Mutual Fund,Other Scheme - FoF Domestic
2020-08-14,118663,Nippon India Gold Savings Fund - Direct Plan Growth Plan - Growth Option,22.4898,Nippon India Mutual Fund,Other Scheme - FoF Domestic
2020-08-17,118663,Nippon India Gold Savings Fund - Direct Plan Growth Plan - Growth Option,22.4074,Nippon India Mutual Fund,Other Scheme - FoF Domestic
2020-08-18,118663,Nippon India Gold Savings Fund - Direct Plan Growth Plan - Growth Option,22.9696,Nippon India Mutual Fund,Other Scheme - FoF Domestic
2020-08-19,118663,Nippon India Gold Savings Fund - Direct Plan Growth Plan - Growth Option,22.7617,Nippon India Mutual Fund,Other Scheme - FoF Domestic
2020-08-20,118663,Nippon India Gold Savings Fund - Direct Plan Growth Plan - Growth Option,22.1803,Nippon India Mutual Fund,Other Scheme - FoF Domestic
2020-08-21,118663,Nippon India Gold Savings Fund - Direct Plan Growth Plan - Growth Option,22.1996,Nippon India Mutual Fund,Other Scheme - FoF Domestic
2020-08-24,118663,Nippon India Gold Savings Fund - Direct Plan Growth Plan - Growth Option,22.0928,Nippon India Mutual Fund,Other Scheme - FoF Domestic
2020-08-25,118663,Nippon India Gold Savings Fund - Direct Plan Growth Plan - Growth Option,21.8161,Nippon India Mutual Fund,Other Scheme - FoF Domestic
2020-08-26,118663,Nippon India Gold Savings Fund - Direct Plan Growth Plan - Growth Option,21.7533,Nippon India Mutual Fund,Other Scheme - FoF Domestic
2020-08-27,118663,Nippon India Gold Savings Fund - Direct Plan Growth Plan - Growth Option,21.8747,Nippon India Mutual Fund,Other Scheme - FoF Domestic
2020-08-28,118663,Nippon India Gold Savings Fund - Direct Plan Growth Plan - Growth Option,21.899,Nippon India Mutual Fund,Other Scheme - FoF Domestic
2020-08-31,118663,Nippon India Gold Savings Fund - Direct Plan Growth Plan - Growth Option,22.0151,Nippon India Mutual Fund,Other Scheme - FoF Domestic
2020-09-01,118663,Nippon India Gold Savings Fund - Direct Plan Growth Plan - Growth Option,22.0735,Nippon India Mutual Fund,Other Scheme - FoF Domestic
2020-09-02,118663,Nippon India Gold Savings Fund - Direct Plan Growth Plan - Growth Option,21.8502,Nippon India Mutual Fund,Other Scheme - FoF Domestic
2020-09-03,118663,Nippon India Gold Savings Fund - Direct Plan Growth Plan - Growth Option,21.5786,Nippon India Mutual Fund,Other Scheme - FoF Domestic
2020-09-04,118663,Nippon India Gold Savings Fund - Direct Plan Growth Plan - Growth Option,21.7144,Nippon India Mutual Fund,Other Scheme - FoF Domestic
2020-09-07,118663,Nippon India Gold Savings Fund - Direct Plan Growth Plan - Growth Option,21.7288,Nippon India Mutual Fund,Other Scheme - FoF Domestic
2020-09-08,118663,Nippon India Gold Savings Fund - Direct Plan Growth Plan - Growth Option,21.7627,Nippon India Mutual Fund,Other Scheme - FoF Domestic
2020-09-09,118663,Nippon India Gold Savings Fund - Direct Plan Growth Plan - Growth Option,21.8208,Nippon India Mutual Fund,Other Scheme - FoF Domestic
2020-09-10,118663,Nippon India Gold Savings Fund - Direct Plan Growth Plan - Growth Option,21.9565,Nippon India Mutual Fund,Other Scheme - FoF Domestic
2020-09-11,118663,Nippon India Gold Savings Fund - Direct Plan Growth Plan - Growth Option,21.9322,Nippon India Mutual Fund,Other Scheme - FoF Domestic
2020-09-14,118663,Nippon India Gold Savings Fund - Direct Plan Growth Plan - Growth Option,21.8641,Nippon India Mutual Fund,Other Scheme - FoF Domestic
2020-09-15,118663,Nippon India Gold Savings Fund - Direct Plan Growth Plan - Growth Option,22.1214,Nippon India Mutual Fund,Other Scheme - FoF Domestic
2020-09-16,118663,Nippon India Gold Savings Fund - Direct Plan Growth Plan - Growth Option,22.034,Nippon India Mutual Fund,Other Scheme - FoF Domestic
2020-09-17,118663,Nippon India Gold Savings Fund - Direct Plan Growth Plan - Growth Option,21.8398,Nippon India Mutual Fund,Other Scheme - FoF Domestic
2020-09-18,118663,Nippon India Gold Savings Fund - Direct Plan Growth Plan - Growth Option,22.0047,Nippon India Mutual Fund,Other Scheme - FoF Domestic
2020-09-21,118663,Nippon India Gold Savings Fund - Direct Plan Growth Plan - Growth Option,21.8495,Nippon India Mutual Fund,Other Scheme - FoF Domestic
2020-09-22,118663,Nippon India Gold Savings Fund - Direct Plan Growth Plan - Growth Option,21.4905,Nippon India Mutual Fund,Other Scheme - FoF Domestic
2020-09-23,118663,Nippon India Gold Savings Fund - Direct Plan Growth Plan - Growth Option,21.3546,Nippon India Mutual Fund,Other Scheme - FoF Domestic
2020-09-24,118663,Nippon India Gold Savings Fund - Direct Plan Growth Plan - Growth Option,21.0537,Nippon India Mutual Fund,Other Scheme - FoF Domestic
2020-09-25,118663,Nippon India Gold Savings Fund - Direct Plan Growth Plan - Growth Option,21.1797,Nippon India Mutual Fund,Other Scheme - FoF Domestic
2020-09-28,118663,Nippon India Gold Savings Fund - Direct Plan Growth Plan - Growth Option,21.0289,Nippon India Mutual Fund,Other Scheme - FoF Domestic
2020-09-29,118663,Nippon India Gold Savings Fund - Direct Plan Growth Plan - Growth Option,21.4358,Nippon India Mutual Fund,Other Scheme - FoF Domestic
2020-09-30,118663,Nippon India Gold Savings Fund - Direct Plan Growth Plan - Growth Option,21.4502,Nippon India Mutual Fund,Other Scheme - FoF Domestic
2020-10-01,118663,Nippon India Gold Savings Fund - Direct Plan Growth Plan - Growth Option,21.4115,Nippon India Mutual Fund,Other Scheme - FoF Domestic
2020-10-05,118663,Nippon India Gold Savings Fund - Direct Plan Growth Plan - Growth Option,21.4501,Nippon India Mutual Fund,Other Scheme - FoF Domestic
2020-10-06,118663,Nippon India Gold Savings Fund - Direct Plan Growth Plan - Growth Option,21.6584,Nippon India Mutual Fund,Other Scheme - FoF Domestic
2020-10-07,118663,Nippon India Gold Savings Fund - Direct Plan Growth Plan - Growth Option,21.3383,Nippon India Mutual Fund,Other Scheme - FoF Domestic
2020-10-08,118663,Nippon India Gold Savings Fund - Direct Plan Growth Plan - Growth Option,21.3625,Nippon India Mutual Fund,Other Scheme - FoF Domestic
2020-10-09,118663,Nippon India Gold Savings Fund - Direct Plan Growth Plan - Growth Option,21.5563,Nippon India Mutual Fund,Other Scheme - FoF Domestic
2020-10-12,118663,Nippon India Gold Savings Fund - Direct Plan Growth Plan - Growth Option,21.7454,Nippon India Mutual Fund,Other Scheme - FoF Domestic
2020-10-13,118663,Nippon India Gold Savings Fund - Direct Plan Growth Plan - Growth Option,21.7115,Nippon India Mutual Fund,Other Scheme - FoF Domestic
2020-10-14,118663,Nippon India Gold Savings Fund - Direct Plan Growth Plan - Growth Option,21.435,Nippon India Mutual Fund,Other Scheme - FoF Domestic
2020-10-15,118663,Nippon India Gold Savings Fund - Direct Plan Growth Plan - Growth Option,21.5079,Nippon India Mutual Fund,Other Scheme - FoF Domestic
2020-10-16,118663,Nippon India Gold Savings Fund - Direct Plan Growth Plan - Growth Option,21.6,Nippon India Mutual Fund,Other Scheme - FoF Domestic
2020-10-19,118663,Nippon India Gold Savings Fund - Direct Plan Growth Plan - Growth Option,21.6144,Nippon India Mutual Fund,Other Scheme - FoF Domestic
2020-10-20,118663,Nippon India Gold Savings Fund - Direct Plan Growth Plan - Growth Option,21.5756,Nippon India Mutual Fund,Other Scheme - FoF Domestic
2020-10-21,118663,Nippon India Gold Savings Fund - Direct Plan Growth Plan - Growth Option,21.7451,Nippon India Mutual Fund,Other Scheme - FoF Domestic
2020-10-22,118663,Nippon India Gold Savings Fund - Direct Plan Growth Plan - Growth Option,21.7451,Nippon India Mutual Fund,Other Scheme - FoF Domestic
2020-10-23,118663,Nippon India Gold Savings Fund - Direct Plan Growth Plan - Growth Option,21.6768,Nippon India Mutual Fund,Other Scheme - FoF Domestic
2020-10-26,118663,Nippon India Gold Savings Fund - Direct Plan Growth Plan - Growth Option,21.6282,Nippon India Mutual Fund,Other Scheme - FoF Domestic
2020-10-27,118663,Nippon India Gold Savings Fund - Direct Plan Growth Plan - Growth Option,21.6136,Nippon India Mutual Fund,Other Scheme - FoF Domestic
2020-10-28,118663,Nippon India Gold Savings Fund - Direct Plan Growth Plan - Growth Option,21.6572,Nippon India Mutual Fund,Other Scheme - FoF Domestic
2020-10-29,118663,Nippon India Gold Savings Fund - Direct Plan Growth Plan - Growth Option,21.5314,Nippon India Mutual Fund,Other Scheme - FoF Domestic
2020-10-30,118663,Nippon India Gold Savings Fund - Direct Plan Growth Plan - Growth Option,21.5168,Nippon India Mutual Fund,Other Scheme - FoF Domestic
2020-11-02,118663,Nippon India Gold Savings Fund - Direct Plan Growth Plan - Growth Option,21.6622,Nippon India Mutual Fund,Other Scheme - FoF Domestic
2020-11-03,118663,Nippon India Gold Savings Fund - Direct Plan Growth Plan - Growth Option,21.7495,Nippon India Mutual Fund,Other Scheme - FoF Domestic
2020-11-04,118663,Nippon India Gold Savings Fund - Direct Plan Growth Plan - Growth Option,21.7688,Nippon India Mutual Fund,Other Scheme - FoF Domestic
2020-11-05,118663,Nippon India Gold Savings Fund - Direct Plan Growth Plan - Growth Option,21.8076,Nippon India Mutual Fund,Other Scheme - FoF Domestic
2020-11-06,118663,Nippon India Gold Savings Fund - Direct Plan Growth Plan - Growth Option,22.1422,Nippon India Mutual Fund,Other Scheme - FoF Domestic
2020-11-09,118663,Nippon India Gold Savings Fund - Direct Plan Growth Plan - Growth Option,22.2488,Nippon India Mutual Fund,Other Scheme - FoF Domestic
2020-11-10,118663,Nippon India Gold Savings Fund - Direct Plan Growth Plan - Growth Option,21.3524,Nippon India Mutual Fund,Other Scheme - FoF Domestic
2020-11-11,118663,Nippon India Gold Savings Fund - Direct Plan Growth Plan - Growth Option,21.4588,Nippon India Mutual Fund,Other Scheme - FoF Domestic
2020-11-12,118663,Nippon India Gold Savings Fund - Direct Plan Growth Plan - Growth Option,21.4879,Nippon India Mutual Fund,Other Scheme - FoF Domestic
2020-11-13,118663,Nippon India Gold Savings Fund - Direct Plan Growth Plan - Growth Option,21.5265,Nippon India Mutual Fund,Other Scheme - FoF Domestic
2020-11-17,118663,Nippon India Gold Savings Fund - Direct Plan Growth Plan - Growth Option,21.6086,Nippon India Mutual Fund,Other Scheme - FoF Domestic
2020-11-18,118663,Nippon India Gold Savings Fund - Direct Plan Growth Plan - Growth Option,21.4486,Nippon India Mutual Fund,Other Scheme - FoF Domestic
2020-11-19,118663,Nippon India Gold Savings Fund - Direct Plan Growth Plan - Growth Option,21.279,Nippon India Mutual Fund,Other Scheme - FoF Domestic
2020-11-20,118663,Nippon India Gold Savings Fund - Direct Plan Growth Plan - Growth Option,21.2693,Nippon India Mutual Fund,Other Scheme - FoF Domestic
2020-11-23,118663,Nippon India Gold Savings Fund - Direct Plan Growth Plan - Growth Option,21.303,Nippon India Mutual Fund,Other Scheme - FoF Domestic
2020-11-24,118663,Nippon India Gold Savings Fund - Direct Plan Growth Plan - Growth Option,20.7699,Nippon India Mutual Fund,Other Scheme - FoF Domestic
2020-11-25,118663,Nippon India Gold Savings Fund - Direct Plan Growth Plan - Growth Option,20.7215,Nippon India Mutual Fund,Other Scheme - FoF Domestic
2020-11-26,118663,Nippon India Gold Savings Fund - Direct Plan Growth Plan - Growth Option,20.8475,Nippon India Mutual Fund,Other Scheme - FoF Domestic
2020-11-27,118663,Nippon India Gold Savings Fund - Direct Plan Growth Plan - Growth Option,20.799,Nippon India Mutual Fund,Other Scheme - FoF Domestic
2020-12-01,118663,Nippon India Gold Savings Fund - Direct Plan Growth Plan - Growth Option,20.5321,Nippon India Mutual Fund,Other Scheme - FoF Domestic
2020-12-02,118663,Nippon India Gold Savings Fund - Direct Plan Growth Plan - Growth Option,20.794,Nippon India Mutual Fund,Other Scheme - FoF Domestic
2020-12-03,118663,Nippon India Gold Savings Fund - Direct Plan Growth Plan - Growth Option,20.9102,Nippon India Mutual Fund,Other Scheme - FoF Domestic
2020-12-04,118663,Nippon India Gold Savings Fund - Direct Plan Growth Plan - Growth Option,20.9053,Nippon India Mutual Fund,Other Scheme - FoF Domestic
2020-12-07,118663,Nippon India Gold Savings Fund - Direct Plan Growth Plan - Growth Option,20.7597,Nippon India Mutual Fund,Other Scheme - FoF Domestic
2020-12-08,118663,Nippon India Gold Savings Fund - Direct Plan Growth Plan - Growth Option,21.0412,Nippon India Mutual Fund,Other Scheme - FoF Domestic
2020-12-09,118663,Nippon India Gold Savings Fund - Direct Plan Growth Plan - Growth Option,20.9636,Nippon India Mutual Fund,Other Scheme - FoF Domestic
2020-12-10,118663,Nippon India Gold Savings Fund - Direct Plan Growth Plan - Growth Option,20.7063,Nippon India Mutual Fund,Other Scheme - FoF Domestic
2020-12-11,118663,Nippon India Gold Savings Fund - Direct Plan Growth Plan - Growth Option,20.7355,Nippon India Mutual Fund,Other Scheme - FoF Domestic
2020-12-14,118663,Nippon India Gold Savings Fund - Direct Plan Growth Plan - Growth Option,20.6625,Nippon India Mutual Fund,Other Scheme - FoF Domestic
2020-12-15,118663,Nippon India Gold Savings Fund - Direct Plan Growth Plan - Growth Option,20.7888,Nippon India Mutual Fund,Other Scheme - FoF Domestic
2020-12-16,118663,Nippon India Gold Savings Fund - Direct Plan Growth Plan - Growth Option,21.0361,Nippon India Mutual Fund,Other Scheme - FoF Domestic
2020-12-17,118663,Nippon India Gold Savings Fund - Direct Plan Growth Plan - Growth Option,21.201,Nippon India Mutual Fund,Other Scheme - FoF Domestic
2020-12-18,118663,Nippon India Gold Savings Fund - Direct Plan Growth Plan - Growth Option,21.23,Nippon India Mutual Fund,Other Scheme - FoF Domestic
2020-12-21,118663,Nippon India Gold Savings Fund - Direct Plan Growth Plan - Growth Option,21.4383,Nippon India Mutual Fund,Other Scheme - FoF Domestic
2020-12-22,118663,Nippon India Gold Savings Fund - Direct Plan Growth Plan - Growth Option,21.2153,Nippon India Mutual Fund,Other Scheme - FoF Domestic
2020-12-23,118663,Nippon India Gold Savings Fund - Direct Plan Growth Plan - Growth Option,21.157,Nippon India Mutual Fund,Other Scheme - FoF Domestic
2020-12-24,118663,Nippon India Gold Savings Fund - Direct Plan Growth Plan - Growth Option,21.2299,Nippon India Mutual Fund,Other Scheme - FoF Domestic
2020-12-28,118663,Nippon India Gold Savings Fund - Direct Plan Growth Plan - Growth Option,21.2878,Nippon India Mutual Fund,Other Scheme - FoF Domestic
2020-12-29,118663,Nippon India Gold Savings Fund - Direct Plan Growth Plan - Growth Option,21.2055,Nippon India Mutual Fund,Other Scheme - FoF Domestic
2020-12-30,118663,Nippon India Gold Savings Fund - Direct Plan Growth Plan - Growth Option,21.157,Nippon India Mutual Fund,Other Scheme - FoF Domestic
2020-12-31,118663,Nippon India Gold Savings Fund - Direct Plan Growth Plan - Growth Option,21.2394,Nippon India Mutual Fund,Other Scheme - FoF Domestic
2021-01-01,118663,Nippon India Gold Savings Fund - Direct Plan Growth Plan - Growth Option,21.2685,Nippon India Mutual Fund,Other Scheme - FoF Domestic
2021-01-04,118663,Nippon India Gold Savings Fund - Direct Plan Growth Plan - Growth Option,21.6125,Nippon India Mutual Fund,Other Scheme - FoF Domestic
2021-01-05,118663,Nippon India Gold Savings Fund - Direct Plan Growth Plan - Growth Option,21.8307,Nippon India Mutual Fund,Other Scheme - FoF Domestic
2021-01-06,118663,Nippon India Gold Savings Fund - Direct Plan Growth Plan - Growth Option,21.9226,Nippon India Mutual Fund,Other Scheme - FoF Domestic
2021-01-07,118663,Nippon India Gold Savings Fund - Direct Plan Growth Plan - Growth Option,21.559,Nippon India Mutual Fund,Other Scheme - FoF Domestic
2021-01-08,118663,Nippon India Gold Savings Fund - Direct Plan Growth Plan - Growth Option,21.278,Nippon India Mutual Fund,Other Scheme - FoF Domestic
2021-01-11,118663,Nippon India Gold Savings Fund - Direct Plan Growth Plan - Growth Option,20.891,Nippon India Mutual Fund,Other Scheme - FoF Domestic
2021-01-12,118663,Nippon India Gold Savings Fund - Direct Plan Growth Plan - Growth Option,20.988,Nippon India Mutual Fund,Other Scheme - FoF Domestic
2021-01-13,118663,Nippon India Gold Savings Fund - Direct Plan Growth Plan - Growth Option,20.9104,Nippon India Mutual Fund,Other Scheme - FoF Domestic
2021-01-14,118663,Nippon India Gold Savings Fund - Direct Plan Growth Plan - Growth Option,20.7309,Nippon India Mutual Fund,Other Scheme - FoF Domestic
2021-01-15,118663,Nippon India Gold Savings Fund - Direct Plan Growth Plan - Growth Option,20.8907,Nippon India Mutual Fund,Other Scheme - FoF Domestic
2021-01-18,118663,Nippon India Gold Savings Fund - Direct Plan Growth Plan - Growth Option,20.653,Nippon India Mutual Fund,Other Scheme - FoF Domestic
2021-01-19,118663,Nippon India Gold Savings Fund - Direct Plan Growth Plan - Growth Option,20.7742,Nippon India Mutual Fund,Other Scheme - FoF Domestic
2021-01-20,118663,Nippon India Gold Savings Fund - Direct Plan Growth Plan - Growth Option,20.8711,Nippon India Mutual Fund,Other Scheme - FoF Domestic
2021-01-21,118663,Nippon India Gold Savings Fund - Direct Plan Growth Plan - Growth Option,20.9826,Nippon India Mutual Fund,Other Scheme - FoF Domestic
2021-01-22,118663,Nippon India Gold Savings Fund - Direct Plan Growth Plan - Growth Option,20.8953,Nippon India Mutual Fund,Other Scheme - FoF Domestic
2021-01-25,118663,Nippon India Gold Savings Fund - Direct Plan Growth Plan - Growth Option,20.7739,Nippon India Mutual Fund,Other Scheme - FoF Domestic
2021-01-27,118663,Nippon India Gold Savings Fund - Direct Plan Growth Plan - Growth Option,20.6624,Nippon India Mutual Fund,Other Scheme - FoF Domestic
2021-01-28,118663,Nippon India Gold Savings Fund - Direct Plan Growth Plan - Growth Option,20.6527,Nippon India Mutual Fund,Other Scheme - FoF Domestic
2021-01-29,118663,Nippon India Gold Savings Fund - Direct Plan Growth Plan - Growth Option,20.7059,Nippon India Mutual Fund,Other Scheme - FoF Domestic
2021-02-01,118663,Nippon India Gold Savings Fund - Direct Plan Growth Plan - Growth Option,20.5556,Nippon India Mutual Fund,Other Scheme - FoF Domestic
2021-02-02,118663,Nippon India Gold Savings Fund - Direct Plan Growth Plan - Growth Option,20.352,Nippon India Mutual Fund,Other Scheme - FoF Domestic
2021-02-03,118663,Nippon India Gold Savings Fund - Direct Plan Growth Plan - Growth Option,20.2403,Nippon India Mutual Fund,Other Scheme - FoF Domestic
2021-02-04,118663,Nippon India Gold Savings Fund - Direct Plan Growth Plan - Growth Option,20.0658,Nippon India Mutual Fund,Other Scheme - FoF Domestic
2021-02-05,118663,Nippon India Gold Savings Fund - Direct Plan Growth Plan - Growth Option,19.969,Nippon India Mutual Fund,Other Scheme - FoF Domestic
2021-02-08,118663,Nippon India Gold Savings Fund - Direct Plan Growth Plan - Growth Option,20.0416,Nippon India Mutual Fund,Other Scheme - FoF Domestic
2021-02-09,118663,Nippon India Gold Savings Fund - Direct Plan Growth Plan - Growth Option,20.3182,Nippon India Mutual Fund,Other Scheme - FoF Domestic
2021-02-10,118663,Nippon India Gold Savings Fund - Direct Plan Growth Plan - Growth Option,20.2745,Nippon India Mutual Fund,Other Scheme - FoF Domestic
2021-02-11,118663,Nippon India Gold Savings Fund - Direct Plan Growth Plan - Growth Option,20.2745,Nippon India Mutual Fund,Other Scheme - FoF Domestic
2021-02-12,118663,Nippon India Gold Savings Fund - Direct Plan Growth Plan - Growth Option,20.0029,Nippon India Mutual Fund,Other Scheme - FoF Domestic
2021-02-15,118663,Nippon India Gold Savings Fund - Direct Plan Growth Plan - Growth Option,19.9979,Nippon India Mutual Fund,Other Scheme - FoF Domestic
2021-02-16,118663,Nippon India Gold Savings Fund - Direct Plan Growth Plan - Growth Option,20.0754,Nippon India Mutual Fund,Other Scheme - FoF Domestic
2021-02-17,118663,Nippon India Gold Savings Fund - Direct Plan Growth Plan - Growth Option,19.673,Nippon India Mutual Fund,Other Scheme - FoF Domestic
2021-02-18,118663,Nippon India Gold Savings Fund - Direct Plan Growth Plan - Growth Option,19.6487,Nippon India Mutual Fund,Other Scheme - FoF Domestic
2021-02-19,118663,Nippon India Gold Savings Fund - Direct Plan Growth Plan - Growth Option,19.4696,Nippon India Mutual Fund,Other Scheme - FoF Domestic
2021-02-22,118663,Nippon India Gold Savings Fund - Direct Plan Growth Plan - Growth Option,19.6296,Nippon India Mutual Fund,Other Scheme - FoF Domestic
2021-02-23,118663,Nippon India Gold Savings Fund - Direct Plan Growth Plan - Growth Option,19.7458,Nippon India Mutual Fund,Other Scheme - FoF Domestic
2021-02-24,118663,Nippon India Gold Savings Fund - Direct Plan Growth Plan - Growth Option,19.721,Nippon India Mutual Fund,Other Scheme - FoF Domestic
2021-02-25,118663,Nippon India Gold Savings Fund - Direct Plan Growth Plan - Growth Option,19.5801,Nippon India Mutual Fund,Other Scheme - FoF Domestic
2021-02-26,118663,Nippon India Gold Savings Fund - Direct Plan Growth Plan - Growth Option,19.5413,Nippon India Mutual Fund,Other Scheme - FoF Domestic
2021-03-01,118663,Nippon India Gold Savings Fund - Direct Plan Growth Plan - Growth Option,19.4005,Nippon India Mutual Fund,Other Scheme - FoF Domestic
2021-03-02,118663,Nippon India Gold Savings Fund - Direct Plan Growth Plan - Growth Option,19.1871,Nippon India Mutual Fund,Other Scheme - FoF Domestic
2021-03-03,118663,Nippon India Gold Savings Fund - Direct Plan Growth Plan - Growth Option,19.095,Nippon India Mutual Fund,Other Scheme - FoF Domestic
2021-03-04,118663,Nippon India Gold Savings Fund - Direct Plan Growth Plan - Growth Option,18.9016,Nippon India Mutual Fund,Other Scheme - FoF Domestic
2021-03-05,118663,Nippon India Gold Savings Fund - Direct Plan Growth Plan - Growth Option,18.7756,Nippon India Mutual Fund,Other Scheme - FoF Domestic
2021-03-08,118663,Nippon India Gold Savings Fund - Direct Plan Growth Plan - Growth Option,18.79,Nippon India Mutual Fund,Other Scheme - FoF Domestic
2021-03-09,118663,Nippon India Gold Savings Fund - Direct Plan Growth Plan - Growth Option,18.8627,Nippon India Mutual Fund,Other Scheme - FoF Domestic
2021-03-10,118663,Nippon India Gold Savings Fund - Direct Plan Growth Plan - Growth Option,18.9112,Nippon India Mutual Fund,Other Scheme - FoF Domestic
2021-03-12,118663,Nippon India Gold Savings Fund - Direct Plan Growth Plan - Growth Option,18.7563,Nippon India Mutual Fund,Other Scheme - FoF Domestic
2021-03-15,118663,Nippon India Gold Savings Fund - Direct Plan Growth Plan - Growth Option,18.9647,Nippon India Mutual Fund,Other Scheme - FoF Domestic
2021-03-16,118663,Nippon India Gold Savings Fund - Direct Plan Growth Plan - Growth Option,18.9501,Nippon India Mutual Fund,Other Scheme - FoF Domestic
2021-03-17,118663,Nippon India Gold Savings Fund - Direct Plan Growth Plan - Growth Option,19.0034,Nippon India Mutual Fund,Other Scheme - FoF Domestic
2021-03-18,118663,Nippon India Gold Savings Fund - Direct Plan Growth Plan - Growth Option,19.0178,Nippon India Mutual Fund,Other Scheme - FoF Domestic
2021-03-19,118663,Nippon India Gold Savings Fund - Direct Plan Growth Plan - Growth Option,19.0468,Nippon India Mutual Fund,Other Scheme - FoF Domestic
2021-03-22,118663,Nippon India Gold Savings Fund - Direct Plan Growth Plan - Growth Option,18.8622,Nippon India Mutual Fund,Other Scheme - FoF Domestic
2021-03-23,118663,Nippon India Gold Savings Fund - Direct Plan Growth Plan - Growth Option,18.8961,Nippon India Mutual Fund,Other Scheme - FoF Domestic
2021-03-24,118663,Nippon India Gold Savings Fund - Direct Plan Growth Plan - Growth Option,18.8767,Nippon India Mutual Fund,Other Scheme - FoF Domestic
2021-03-25,118663,Nippon India Gold Savings Fund - Direct Plan Growth Plan - Growth Option,18.8816,Nippon India Mutual Fund,Other Scheme - FoF Domestic
2021-03-26,118663,Nippon India Gold Savings Fund - Direct Plan Growth Plan - Growth Option,18.833,Nippon India Mutual Fund,Other Scheme - FoF Domestic
2021-03-30,118663,Nippon India Gold Savings Fund - Direct Plan Growth Plan - Growth Option,18.634,Nippon India Mutual Fund,Other Scheme - FoF Domestic
2021-03-31,118663,Nippon India Gold Savings Fund - Direct Plan Growth Plan - Growth Option,18.5321,Nippon India Mutual Fund,Other Scheme - FoF Domestic
2021-04-01,118663,Nippon India Gold Savings Fund - Direct Plan Growth Plan - Growth Option,18.9833,Nippon India Mutual Fund,Other Scheme - FoF Domestic
2021-04-05,118663,Nippon India Gold Savings Fund - Direct Plan Growth Plan - Growth Option,19.0947,Nippon India Mutual Fund,Other Scheme - FoF Domestic
2021-04-06,118663,Nippon India Gold Savings Fund - Direct Plan Growth Plan - Growth Option,19.1721,Nippon India Mutual Fund,Other Scheme - FoF Domestic
2021-04-07,118663,Nippon India Gold Savings Fund - Direct Plan Growth Plan - Growth Option,19.4726,Nippon India Mutual Fund,Other Scheme - FoF Domestic
2021-04-08,118663,Nippon India Gold Savings Fund - Direct Plan Growth Plan - Growth Option,19.5548,Nippon India Mutual Fund,Other Scheme - FoF Domestic
2021-04-09,118663,Nippon India Gold Savings Fund - Direct Plan Growth Plan - Growth Option,19.6371,Nippon India Mutual Fund,Other Scheme - FoF Domestic
2021-04-12,118663,Nippon India Gold Savings Fund - Direct Plan Growth Plan - Growth Option,19.6564,Nippon India Mutual Fund,Other Scheme - FoF Domestic
2021-04-13,118663,Nippon India Gold Savings Fund - Direct Plan Growth Plan - Growth Option,19.666,Nippon India Mutual Fund,Other Scheme - FoF Domestic
2021-04-15,118663,Nippon India Gold Savings Fund - Direct Plan Growth Plan - Growth Option,19.7678,Nippon India Mutual Fund,Other Scheme - FoF Domestic
2021-04-16,118663,Nippon India Gold Savings Fund - Direct Plan Growth Plan - Growth Option,19.8211,Nippon India Mutual Fund,Other Scheme - FoF Domestic
2021-04-19,118663,Nippon India Gold Savings Fund - Direct Plan Growth Plan - Growth Option,20.16,Nippon India Mutual Fund,Other Scheme - FoF Domestic
2021-04-20,118663,Nippon India Gold Savings Fund - Direct Plan Growth Plan - Growth Option,19.9515,Nippon India Mutual Fund,Other Scheme - FoF Domestic
2021-04-22,118663,Nippon India Gold Savings Fund - Direct Plan Growth Plan - Growth Option,20.1357,Nippon India Mutual Fund,Other Scheme - FoF Domestic
2021-04-23,118663,Nippon India Gold Savings Fund - Direct Plan Growth Plan - Growth Option,20.155,Nippon India Mutual Fund,Other Scheme - FoF Domestic
2021-04-26,118663,Nippon India Gold Savings Fund - Direct Plan Growth Plan - Growth Option,20.0143,Nippon India Mutual Fund,Other Scheme - FoF Domestic
2021-04-27,118663,Nippon India Gold Savings Fund - Direct Plan Growth Plan - Growth Option,19.9415,Nippon India Mutual Fund,Other Scheme - FoF Domestic
2021-04-28,118663,Nippon India Gold Savings Fund - Direct Plan Growth Plan - Growth Option,19.7282,Nippon India Mutual Fund,Other Scheme - FoF Domestic
2021-04-29,118663,Nippon India Gold Savings Fund - Direct Plan Growth Plan - Growth Option,19.7669,Nippon India Mutual Fund,Other Scheme - FoF Domestic
2021-04-30,118663,Nippon India Gold Savings Fund - Direct Plan Growth Plan - Growth Option,19.7037,Nippon India Mutual Fund,Other Scheme - FoF Domestic
2021-05-03,118663,Nippon India Gold Savings Fund - Direct Plan Growth Plan - Growth Option,19.7521,Nippon India Mutual Fund,Other Scheme - FoF Domestic
2021-05-04,118663,Nippon India Gold Savings Fund - Direct Plan Growth Plan - Growth Option,19.7812,Nippon India Mutual Fund,Other Scheme - FoF Domestic
2021-05-05,118663,Nippon India Gold Savings Fund - Direct Plan Growth Plan - Growth Option,19.6745,Nippon India Mutual Fund,Other Scheme - FoF Domestic
2021-05-06,118663,Nippon India Gold Savings Fund - Direct Plan Growth Plan - Growth Option,19.8151,Nippon India Mutual Fund,Other Scheme - FoF Domestic
2021-05-07,118663,Nippon India Gold Savings Fund - Direct Plan Growth Plan - Growth Option,20.0188,Nippon India Mutual Fund,Other Scheme - FoF Domestic
2021-05-10,118663,Nippon India Gold Savings Fund - Direct Plan Growth Plan - Growth Option,20.1253,Nippon India Mutual Fund,Other Scheme - FoF Domestic
2021-05-11,118663,Nippon India Gold Savings Fund - Direct Plan Growth Plan - Growth Option,20.0962,Nippon India Mutual Fund,Other Scheme - FoF Domestic
2021-05-12,118663,Nippon India Gold Savings Fund - Direct Plan Growth Plan - Growth Option,20.0913,Nippon India Mutual Fund,Other Scheme - FoF Domestic
2021-05-14,118663,Nippon India Gold Savings Fund - Direct Plan Growth Plan - Growth Option,20.1396,Nippon India Mutual Fund,Other Scheme - FoF Domestic
2021-05-17,118663,Nippon India Gold Savings Fund - Direct Plan Growth Plan - Growth Option,20.3045,Nippon India Mutual Fund,Other Scheme - FoF Domestic
2021-05-18,118663,Nippon India Gold Savings Fund - Direct Plan Growth Plan - Growth Option,20.4305,Nippon India Mutual Fund,Other Scheme - FoF Domestic
2021-05-19,118663,Nippon India Gold Savings Fund - Direct Plan Growth Plan - Growth Option,20.3576,Nippon India Mutual Fund,Other Scheme - FoF Domestic
2021-05-20,118663,Nippon India Gold Savings Fund - Direct Plan Growth Plan - Growth Option,20.4498,Nippon India Mutual Fund,Other Scheme - FoF Domestic
2021-05-21,118663,Nippon India Gold Savings Fund - Direct Plan Growth Plan - Growth Option,20.4691,Nippon India Mutual Fund,Other Scheme - FoF Domestic
2021-05-24,118663,Nippon India Gold Savings Fund - Direct Plan Growth Plan - Growth Option,20.4835,Nippon India Mutual Fund,Other Scheme - FoF Domestic
2021-05-25,118663,Nippon India Gold Savings Fund - Direct Plan Growth Plan - Growth Option,20.4447,Nippon India Mutual Fund,Other Scheme - FoF Domestic
2021-05-26,118663,Nippon India Gold Savings Fund - Direct Plan Growth Plan - Growth Option,20.6968,Nippon India Mutual Fund,Other Scheme - FoF Domestic
2021-05-27,118663,Nippon India Gold Savings Fund - Direct Plan Growth Plan - Growth Option,20.5755,Nippon India Mutual Fund,Other Scheme - FoF Domestic
2021-05-28,118663,Nippon India Gold Savings Fund - Direct Plan Growth Plan - Growth Option,20.4931,Nippon India Mutual Fund,Other Scheme - FoF Domestic
2021-05-31,118663,Nippon India Gold Savings Fund - Direct Plan Growth Plan - Growth Option,20.6722,Nippon India Mutual Fund,Other Scheme - FoF Domestic
2021-06-01,118663,Nippon India Gold Savings Fund - Direct Plan Growth Plan - Growth Option,20.7886,Nippon India Mutual Fund,Other Scheme - FoF Domestic
2021-06-02,118663,Nippon India Gold Savings Fund - Direct Plan Growth Plan - Growth Option,20.6624,Nippon India Mutual Fund,Other Scheme - FoF Domestic
2021-06-03,118663,Nippon India Gold Savings Fund - Direct Plan Growth Plan - Growth Option,20.6333,Nippon India Mutual Fund,Other Scheme - FoF Domestic
2021-06-04,118663,Nippon India Gold Savings Fund - Direct Plan Growth Plan - Growth Option,20.444,Nippon India Mutual Fund,Other Scheme - FoF Domestic
2021-06-07,118663,Nippon India Gold Savings Fund - Direct Plan Growth Plan - Growth Option,20.5214,Nippon India Mutual Fund,Other Scheme - FoF Domestic
2021-06-08,118663,Nippon India Gold Savings Fund - Direct Plan Growth Plan - Growth Option,20.5844,Nippon India Mutual Fund,Other Scheme - FoF Domestic
2021-06-09,118663,Nippon India Gold Savings Fund - Direct Plan Growth Plan - Growth Option,20.628,Nippon India Mutual Fund,Other Scheme - FoF Domestic
2021-06-10,118663,Nippon India Gold Savings Fund - Direct Plan Growth Plan - Growth Option,20.5552,Nippon India Mutual Fund,Other Scheme - FoF Domestic
2021-06-11,118663,Nippon India Gold Savings Fund - Direct Plan Growth Plan - Growth Option,20.6909,Nippon India Mutual Fund,Other Scheme - FoF Domestic
2021-06-14,118663,Nippon India Gold Savings Fund - Direct Plan Growth Plan - Growth Option,20.3997,Nippon India Mutual Fund,Other Scheme - FoF Domestic
2021-06-15,118663,Nippon India Gold Savings Fund - Direct Plan Growth Plan - Growth Option,20.4093,Nippon India Mutual Fund,Other Scheme - FoF Domestic
2021-06-16,118663,Nippon India Gold Savings Fund - Direct Plan Growth Plan - Growth Option,20.4287,Nippon India Mutual Fund,Other Scheme - FoF Domestic
2021-06-17,118663,Nippon India Gold Savings Fund - Direct Plan Growth Plan - Growth Option,20.0708,Nippon India Mutual Fund,Other Scheme - FoF Domestic
2021-06-18,118663,Nippon India Gold Savings Fund - Direct Plan Growth Plan - Growth Option,19.8816,Nippon India Mutual Fund,Other Scheme - FoF Domestic
2021-06-21,118663,Nippon India Gold Savings Fund - Direct Plan Growth Plan - Growth Option,19.8766,Nippon India Mutual Fund,Other Scheme - FoF Domestic
2021-06-22,118663,Nippon India Gold Savings Fund - Direct Plan Growth Plan - Growth Option,19.8669,Nippon India Mutual Fund,Other Scheme - FoF Domestic
2021-06-23,118663,Nippon India Gold Savings Fund - Direct Plan Growth Plan - Growth Option,19.9008,Nippon India Mutual Fund,Other Scheme - FoF Domestic
2021-06-24,118663,Nippon India Gold Savings Fund - Direct Plan Growth Plan - Growth Option,19.8522,Nippon India Mutual Fund,Other Scheme - FoF Domestic
2021-06-25,118663,Nippon India Gold Savings Fund - Direct Plan Growth Plan - Growth Option,19.8765,Nippon India Mutual Fund,Other Scheme - FoF Domestic
2021-06-28,118663,Nippon India Gold Savings Fund - Direct Plan Growth Plan - Growth Option,19.8133,Nippon India Mutual Fund,Other Scheme - FoF Domestic
2021-06-29,118663,Nippon India Gold Savings Fund - Direct Plan Growth Plan - Growth Option,19.7696,Nippon India Mutual Fund,Other Scheme - FoF Domestic
2021-06-30,118663,Nippon India Gold Savings Fund - Direct Plan Growth Plan - Growth Option,19.6677,Nippon India Mutual Fund,Other Scheme - FoF Domestic
2021-07-01,118663,Nippon India Gold Savings Fund - Direct Plan Growth Plan - Growth Option,19.8568,Nippon India Mutual Fund,Other Scheme - FoF Domestic
2021-07-02,118663,Nippon India Gold Savings Fund - Direct Plan Growth Plan - Growth Option,19.9732,Nippon India Mutual Fund,Other Scheme - FoF Domestic
2021-07-05,118663,Nippon India Gold Savings Fund - Direct Plan Growth Plan - Growth Option,19.9973,Nippon India Mutual Fund,Other Scheme - FoF Domestic
2021-07-06,118663,Nippon India Gold Savings Fund - Direct Plan Growth Plan - Growth Option,20.1961,Nippon India Mutual Fund,Other Scheme - FoF Domestic
2021-07-07,118663,Nippon India Gold Savings Fund - Direct Plan Growth Plan - Growth Option,20.2494,Nippon India Mutual Fund,Other Scheme - FoF Domestic
2021-07-08,118663,Nippon India Gold Savings Fund - Direct Plan Growth Plan - Growth Option,20.259,Nippon India Mutual Fund,Other Scheme - FoF Domestic
2021-07-09,118663,Nippon India Gold Savings Fund - Direct Plan Growth Plan - Growth Option,20.1813,Nippon India Mutual Fund,Other Scheme - FoF Domestic
2021-07-12,118663,Nippon India Gold Savings Fund - Direct Plan Growth Plan - Growth Option,20.1424,Nippon India Mutual Fund,Other Scheme - FoF Domestic
2021-07-13,118663,Nippon India Gold Savings Fund - Direct Plan Growth Plan - Growth Option,20.1521,Nippon India Mutual Fund,Other Scheme - FoF Domestic
2021-07-14,118663,Nippon India Gold Savings Fund - Direct Plan Growth Plan - Growth Option,20.2102,Nippon India Mutual Fund,Other Scheme - FoF Domestic
2021-07-15,118663,Nippon India Gold Savings Fund - Direct Plan Growth Plan - Growth Option,20.375,Nippon India Mutual Fund,Other Scheme - FoF Domestic
2021-07-16,118663,Nippon India Gold Savings Fund - Direct Plan Growth Plan - Growth Option,20.3119,Nippon India Mutual Fund,Other Scheme - FoF Domestic
2021-07-19,118663,Nippon India Gold Savings Fund - Direct Plan Growth Plan - Growth Option,20.2003,Nippon India Mutual Fund,Other Scheme - FoF Domestic
2021-07-20,118663,Nippon India Gold Savings Fund - Direct Plan Growth Plan - Growth Option,20.2342,Nippon India Mutual Fund,Other Scheme - FoF Domestic
2021-07-22,118663,Nippon India Gold Savings Fund - Direct Plan Growth Plan - Growth Option,20.0452,Nippon India Mutual Fund,Other Scheme - FoF Domestic
2021-07-23,118663,Nippon India Gold Savings Fund - Direct Plan Growth Plan - Growth Option,20.0743,Nippon India Mutual Fund,Other Scheme - FoF Domestic
2021-07-26,118663,Nippon India Gold Savings Fund - Direct Plan Growth Plan - Growth Option,20.0936,Nippon India Mutual Fund,Other Scheme - FoF Domestic
2021-07-27,118663,Nippon India Gold Savings Fund - Direct Plan Growth Plan - Growth Option,20.0693,Nippon India Mutual Fund,Other Scheme - FoF Domestic
2021-07-28,118663,Nippon India Gold Savings Fund - Direct Plan Growth Plan - Growth Option,20.0789,Nippon India Mutual Fund,Other Scheme - FoF Domestic
2021-07-29,118663,Nippon India Gold Savings Fund - Direct Plan Growth Plan - Growth Option,20.2292,Nippon India Mutual Fund,Other Scheme - FoF Domestic
2021-07-30,118663,Nippon India Gold Savings Fund - Direct Plan Growth Plan - Growth Option,20.3456,Nippon India Mutual Fund,Other Scheme - FoF Domestic
2021-08-02,118663,Nippon India Gold Savings Fund - Direct Plan Growth Plan - Growth Option,20.1563,Nippon India Mutual Fund,Other Scheme - FoF Domestic
2021-08-03,118663,Nippon India Gold Savings Fund - Direct Plan Growth Plan - Growth Option,20.132,Nippon India Mutual Fund,Other Scheme - FoF Domestic
2021-08-04,118663,Nippon India Gold Savings Fund - Direct Plan Growth Plan - Growth Option,20.1562,Nippon India Mutual Fund,Other Scheme - FoF Domestic
2021-08-05,118663,Nippon India Gold Savings Fund - Direct Plan Growth Plan - Growth Option,20.1707,Nippon India Mutual Fund,Other Scheme - FoF Domestic
2021-08-06,118663,Nippon India Gold Savings Fund - Direct Plan Growth Plan - Growth Option,20.0446,Nippon India Mutual Fund,Other Scheme - FoF Domestic
2021-08-09,118663,Nippon India Gold Savings Fund - Direct Plan Growth Plan - Growth Option,19.5885,Nippon India Mutual Fund,Other Scheme - FoF Domestic
2021-08-10,118663,Nippon India Gold Savings Fund - Direct Plan Growth Plan - Growth Option,19.5205,Nippon India Mutual Fund,Other Scheme - FoF Domestic
2021-08-11,118663,Nippon India Gold Savings Fund - Direct Plan Growth Plan - Growth Option,19.5398,Nippon India Mutual Fund,Other Scheme - FoF Domestic
2021-08-12,118663,Nippon India Gold Savings Fund - Direct Plan Growth Plan - Growth Option,19.6852,Nippon India Mutual Fund,Other Scheme - FoF Domestic
2021-08-13,118663,Nippon India Gold Savings Fund - Direct Plan Growth Plan - Growth Option,19.656,Nippon India Mutual Fund,Other Scheme - FoF Domestic
2021-08-16,118663,Nippon India Gold Savings Fund - Direct Plan Growth Plan - Growth Option,19.7914,Nippon India Mutual Fund,Other Scheme - FoF Domestic
2021-08-17,118663,Nippon India Gold Savings Fund - Direct Plan Growth Plan - Growth Option,19.9852,Nippon India Mutual Fund,Other Scheme - FoF Domestic
2021-08-18,118663,Nippon India Gold Savings Fund - Direct Plan Growth Plan - Growth Option,19.9124,Nippon India Mutual Fund,Other Scheme - FoF Domestic
2021-08-20,118663,Nippon India Gold Savings Fund - Direct Plan Growth Plan - Growth Option,19.8833,Nippon India Mutual Fund,Other Scheme - FoF Domestic
2021-08-23,118663,Nippon India Gold Savings Fund - Direct Plan Growth Plan - Growth Option,19.9025,Nippon India Mutual Fund,Other Scheme - FoF Domestic
2021-08-24,118663,Nippon India Gold Savings Fund - Direct Plan Growth Plan - Growth Option,19.9849,Nippon India Mutual Fund,Other Scheme - FoF Domestic
2021-08-25,118663,Nippon India Gold Savings Fund - Direct Plan Growth Plan - Growth Option,19.917,Nippon India Mutual Fund,Other Scheme - FoF Domestic
2021-08-26,118663,Nippon India Gold Savings Fund - Direct Plan Growth Plan - Growth Option,19.8005,Nippon India Mutual Fund,Other Scheme - FoF Domestic
2021-08-27,118663,Nippon India Gold Savings Fund - Direct Plan Growth Plan - Growth Option,19.8296,Nippon India Mutual Fund,Other Scheme - FoF Domestic
2021-08-30,118663,Nippon India Gold Savings Fund - Direct Plan Growth Plan - Growth Option,19.9022,Nippon India Mutual Fund,Other Scheme - FoF Domestic
2021-08-31,118663,Nippon India Gold Savings Fund - Direct Plan Growth Plan - Growth Option,19.8148,Nippon India Mutual Fund,Other Scheme - FoF Domestic
2021-09-01,118663,Nippon India Gold Savings Fund - Direct Plan Growth Plan - Growth Option,19.8147,Nippon India Mutual Fund,Other Scheme - FoF Domestic
2021-09-02,118663,Nippon India Gold Savings Fund - Direct Plan Growth Plan - Growth Option,19.8583,Nippon India Mutual Fund,Other Scheme - FoF Domestic
2021-09-03,118663,Nippon India Gold Savings Fund - Direct Plan Growth Plan - Growth Option,19.8583,Nippon India Mutual Fund,Other Scheme - FoF Domestic
2021-09-06,118663,Nippon India Gold Savings Fund - Direct Plan Growth Plan - Growth Option,19.9988,Nippon India Mutual Fund,Other Scheme - FoF Domestic
2021-09-07,118663,Nippon India Gold Savings Fund - Direct Plan Growth Plan - Growth Option,19.926,Nippon India Mutual Fund,Other Scheme - FoF Domestic
2021-09-08,118663,Nippon India Gold Savings Fund - Direct Plan Growth Plan - Growth Option,19.8387,Nippon India Mutual Fund,Other Scheme - FoF Domestic
2021-09-09,118663,Nippon India Gold Savings Fund - Direct Plan Growth Plan - Growth Option,19.795,Nippon India Mutual Fund,Other Scheme - FoF Domestic
2021-09-13,118663,Nippon India Gold Savings Fund - Direct Plan Growth Plan - Growth Option,19.7609,Nippon India Mutual Fund,Other Scheme - FoF Domestic
2021-09-14,118663,Nippon India Gold Savings Fund - Direct Plan Growth Plan - Growth Option,19.7657,Nippon India Mutual Fund,Other Scheme - FoF Domestic
2021-09-15,118663,Nippon India Gold Savings Fund - Direct Plan Growth Plan - Growth Option,19.8771,Nippon India Mutual Fund,Other Scheme - FoF Domestic
2021-09-16,118663,Nippon India Gold Savings Fund - Direct Plan Growth Plan - Growth Option,19.6639,Nippon India Mutual Fund,Other Scheme - FoF Domestic
2021-09-17,118663,Nippon India Gold Savings Fund - Direct Plan Growth Plan - Growth Option,19.5085,Nippon India Mutual Fund,Other Scheme - FoF Domestic
2021-09-20,118663,Nippon India Gold Savings Fund - Direct Plan Growth Plan - Growth Option,19.4938,Nippon India Mutual Fund,Other Scheme - FoF Domestic
2021-09-21,118663,Nippon India Gold Savings Fund - Direct Plan Growth Plan - Growth Option,19.5229,Nippon India Mutual Fund,Other Scheme - FoF Domestic
2021-09-22,118663,Nippon India Gold Savings Fund - Direct Plan Growth Plan - Growth Option,19.7021,Nippon India Mutual Fund,Other Scheme - FoF Domestic
2021-09-23,118663,Nippon India Gold Savings Fund - Direct Plan Growth Plan - Growth Option,19.576,Nippon India Mutual Fund,Other Scheme - FoF Domestic
2021-09-24,118663,Nippon India Gold Savings Fund - Direct Plan Growth Plan - Growth Option,19.4355,Nippon India Mutual Fund,Other Scheme - FoF Domestic
2021-09-27,118663,Nippon India Gold Savings Fund - Direct Plan Growth Plan - Growth Option,19.416,Nippon India Mutual Fund,Other Scheme - FoF Domestic
2021-09-28,118663,Nippon India Gold Savings Fund - Direct Plan Growth Plan - Growth Option,19.382,Nippon India Mutual Fund,Other Scheme - FoF Domestic
2021-09-29,118663,Nippon India Gold Savings Fund - Direct Plan Growth Plan - Growth Option,19.4207,Nippon India Mutual Fund,Other Scheme - FoF Domestic
2021-09-30,118663,Nippon India Gold Savings Fund - Direct Plan Growth Plan - Growth Option,19.2752,Nippon India Mutual Fund,Other Scheme - FoF Domestic
2021-10-01,118663,Nippon India Gold Savings Fund - Direct Plan Growth Plan - Growth Option,19.5125,Nippon India Mutual Fund,Other Scheme - FoF Domestic
2021-10-04,118663,Nippon India Gold Savings Fund - Direct Plan Growth Plan - Growth Option,19.5269,Nippon India Mutual Fund,Other Scheme - FoF Domestic
2021-10-05,118663,Nippon India Gold Savings Fund - Direct Plan Growth Plan - Growth Option,19.5802,Nippon India Mutual Fund,Other Scheme - FoF Domestic
2021-10-06,118663,Nippon India Gold Savings Fund - Direct Plan Growth Plan - Growth Option,19.6287,Nippon India Mutual Fund,Other Scheme - FoF Domestic
2021-10-07,118663,Nippon India Gold Savings Fund - Direct Plan Growth Plan - Growth Option,19.6771,Nippon India Mutual Fund,Other Scheme - FoF Domestic
2021-10-08,118663,Nippon India Gold Savings Fund - Direct Plan Growth Plan - Growth Option,19.6722,Nippon India Mutual Fund,Other Scheme - FoF Domestic
2021-10-11,118663,Nippon India Gold Savings Fund - Direct Plan Growth Plan - Growth Option,19.7497,Nippon India Mutual Fund,Other Scheme - FoF Domestic
2021-10-12,118663,Nippon India Gold Savings Fund - Direct Plan Growth Plan - Growth Option,19.8175,Nippon India Mutual Fund,Other Scheme - FoF Domestic
2021-10-13,118663,Nippon India Gold Savings Fund - Direct Plan Growth Plan - Growth Option,19.8563,Nippon India Mutual Fund,Other Scheme - FoF Domestic
2021-10-14,118663,Nippon India Gold Savings Fund - Direct Plan Growth Plan - Growth Option,20.1471,Nippon India Mutual Fund,Other Scheme - FoF Domestic
2021-10-18,118663,Nippon India Gold Savings Fund - Direct Plan Growth Plan - Growth Option,19.8851,Nippon India Mutual Fund,Other Scheme - FoF Domestic
2021-10-19,118663,Nippon India Gold Savings Fund - Direct Plan Growth Plan - Growth Option,19.9916,Nippon India Mutual Fund,Other Scheme - FoF Domestic
2021-10-20,118663,Nippon India Gold Savings Fund - Direct Plan Growth Plan - Growth Option,19.9237,Nippon India Mutual Fund,Other Scheme - FoF Domestic
2021-10-21,118663,Nippon India Gold Savings Fund - Direct Plan Growth Plan - Growth Option,19.977,Nippon India Mutual Fund,Other Scheme - FoF Domestic
2021-10-22,118663,Nippon India Gold Savings Fund - Direct Plan Growth Plan - Growth Option,20.0352,Nippon India Mutual Fund,Other Scheme - FoF Domestic
2021-10-25,118663,Nippon India Gold Savings Fund - Direct Plan Growth Plan - Growth Option,20.1756,Nippon India Mutual Fund,Other Scheme - FoF Domestic
2021-10-26,118663,Nippon India Gold Savings Fund - Direct Plan Growth Plan - Growth Option,20.2142,Nippon India Mutual Fund,Other Scheme - FoF Domestic
2021-10-27,118663,Nippon India Gold Savings Fund - Direct Plan Growth Plan - Growth Option,20.0542,Nippon India Mutual Fund,Other Scheme - FoF Domestic
2021-10-28,118663,Nippon India Gold Savings Fund - Direct Plan Growth Plan - Growth Option,20.1705,Nippon India Mutual Fund,Other Scheme - FoF Domestic
2021-10-29,118663,Nippon India Gold Savings Fund - Direct Plan Growth Plan - Growth Option,20.1366,Nippon India Mutual Fund,Other Scheme - FoF Domestic
2021-11-01,118663,Nippon India Gold Savings Fund - Direct Plan Growth Plan - Growth Option,20.0298,Nippon India Mutual Fund,Other Scheme - FoF Domestic
2021-11-02,118663,Nippon India Gold Savings Fund - Direct Plan Growth Plan - Growth Option,20.1122,Nippon India Mutual Fund,Other Scheme - FoF Domestic
2021-11-03,118663,Nippon India Gold Savings Fund - Direct Plan Growth Plan - Growth Option,19.9425,Nippon India Mutual Fund,Other Scheme - FoF Domestic
2021-11-08,118663,Nippon India Gold Savings Fund - Direct Plan Growth Plan - Growth Option,20.136,Nippon India Mutual Fund,Other Scheme - FoF Domestic
2021-11-09,118663,Nippon India Gold Savings Fund - Direct Plan Growth Plan - Growth Option,20.2185,Nippon India Mutual Fund,Other Scheme - FoF Domestic
2021-11-10,118663,Nippon India Gold Savings Fund - Direct Plan Growth Plan - Growth Option,20.2767,Nippon India Mutual Fund,Other Scheme - FoF Domestic
2021-11-11,118663,Nippon India Gold Savings Fund - Direct Plan Growth Plan - Growth Option,20.7178,Nippon India Mutual Fund,Other Scheme - FoF Domestic
2021-11-12,118663,Nippon India Gold Savings Fund - Direct Plan Growth Plan - Growth Option,20.5964,Nippon India Mutual Fund,Other Scheme - FoF Domestic
2021-11-15,118663,Nippon India Gold Savings Fund - Direct Plan Growth Plan - Growth Option,20.6933,Nippon India Mutual Fund,Other Scheme - FoF Domestic
2021-11-16,118663,Nippon India Gold Savings Fund - Direct Plan Growth Plan - Growth Option,20.766,Nippon India Mutual Fund,Other Scheme - FoF Domestic
2021-11-17,118663,Nippon India Gold Savings Fund - Direct Plan Growth Plan - Growth Option,20.64,Nippon India Mutual Fund,Other Scheme - FoF Domestic
2021-11-18,118663,Nippon India Gold Savings Fund - Direct Plan Growth Plan - Growth Option,20.6739,Nippon India Mutual Fund,Other Scheme - FoF Domestic
2021-11-22,118663,Nippon India Gold Savings Fund - Direct Plan Growth Plan - Growth Option,20.4895,Nippon India Mutual Fund,Other Scheme - FoF Domestic
2021-11-23,118663,Nippon India Gold Savings Fund - Direct Plan Growth Plan - Growth Option,20.0577,Nippon India Mutual Fund,Other Scheme - FoF Domestic
2021-11-24,118663,Nippon India Gold Savings Fund - Direct Plan Growth Plan - Growth Option,19.9898,Nippon India Mutual Fund,Other Scheme - FoF Domestic
2021-11-25,118663,Nippon India Gold Savings Fund - Direct Plan Growth Plan - Growth Option,20.0382,Nippon India Mutual Fund,Other Scheme - FoF Domestic
2021-11-26,118663,Nippon India Gold Savings Fund - Direct Plan Growth Plan - Growth Option,20.2659,Nippon India Mutual Fund,Other Scheme - FoF Domestic
2021-11-29,118663,Nippon India Gold Savings Fund - Direct Plan Growth Plan - Growth Option,20.1932,Nippon India Mutual Fund,Other Scheme - FoF Domestic
2021-11-30,118663,Nippon India Gold Savings Fund - Direct Plan Growth Plan - Growth Option,20.1397,Nippon India Mutual Fund,Other Scheme - FoF Domestic
2021-12-01,118663,Nippon India Gold Savings Fund - Direct Plan Growth Plan - Growth Option,19.9941,Nippon India Mutual Fund,Other Scheme - FoF Domestic
2021-12-02,118663,Nippon India Gold Savings Fund - Direct Plan Growth Plan - Growth Option,19.8824,Nippon India Mutual Fund,Other Scheme - FoF Domestic
2021-12-03,118663,Nippon India Gold Savings Fund - Direct Plan Growth Plan - Growth Option,19.8533,Nippon India Mutual Fund,Other Scheme - FoF Domestic
2021-12-06,118663,Nippon India Gold Savings Fund - Direct Plan Growth Plan - Growth Option,20.0375,Nippon India Mutual Fund,Other Scheme - FoF Domestic
2021-12-07,118663,Nippon India Gold Savings Fund - Direct Plan Growth Plan - Growth Option,19.9986,Nippon India Mutual Fund,Other Scheme - FoF Domestic
2021-12-08,118663,Nippon India Gold Savings Fund - Direct Plan Growth Plan - Growth Option,20.1198,Nippon India Mutual Fund,Other Scheme - FoF Domestic
2021-12-09,118663,Nippon India Gold Savings Fund - Direct Plan Growth Plan - Growth Option,20.0616,Nippon India Mutual Fund,Other Scheme - FoF Domestic
2021-12-10,118663,Nippon India Gold Savings Fund - Direct Plan Growth Plan - Growth Option,20.0227,Nippon India Mutual Fund,Other Scheme - FoF Domestic
2021-12-13,118663,Nippon India Gold Savings Fund - Direct Plan Growth Plan - Growth Option,20.1583,Nippon India Mutual Fund,Other Scheme - FoF Domestic
2021-12-14,118663,Nippon India Gold Savings Fund - Direct Plan Growth Plan - Growth Option,20.1582,Nippon India Mutual Fund,Other Scheme - FoF Domestic
2021-12-15,118663,Nippon India Gold Savings Fund - Direct Plan Growth Plan - Growth Option,20.1194,Nippon India Mutual Fund,Other Scheme - FoF Domestic
2021-12-16,118663,Nippon India Gold Savings Fund - Direct Plan Growth Plan - Growth Option,20.2405,Nippon India Mutual Fund,Other Scheme - FoF Domestic
2021-12-17,118663,Nippon India Gold Savings Fund - Direct Plan Growth Plan - Growth Option,20.4441,Nippon India Mutual Fund,Other Scheme - FoF Domestic
2021-12-20,118663,Nippon India Gold Savings Fund - Direct Plan Growth Plan - Growth Option,20.3082,Nippon India Mutual Fund,Other Scheme - FoF Domestic
2021-12-21,118663,Nippon India Gold Savings Fund - Direct Plan Growth Plan - Growth Option,20.2258,Nippon India Mutual Fund,Other Scheme - FoF Domestic
2021-12-22,118663,Nippon India Gold Savings Fund - Direct Plan Growth Plan - Growth Option,20.1432,Nippon India Mutual Fund,Other Scheme - FoF Domestic
2021-12-23,118663,Nippon India Gold Savings Fund - Direct Plan Growth Plan - Growth Option,20.2257,Nippon India Mutual Fund,Other Scheme - FoF Domestic
2021-12-24,118663,Nippon India Gold Savings Fund - Direct Plan Growth Plan - Growth Option,20.2353,Nippon India Mutual Fund,Other Scheme - FoF Domestic
2021-12-27,118663,Nippon India Gold Savings Fund - Direct Plan Growth Plan - Growth Option,20.177,Nippon India Mutual Fund,Other Scheme - FoF Domestic
2021-12-28,118663,Nippon India Gold Savings Fund - Direct Plan Growth Plan - Growth Option,20.1866,Nippon India Mutual Fund,Other Scheme - FoF Domestic
2021-12-29,118663,Nippon India Gold Savings Fund - Direct Plan Growth Plan - Growth Option,20.1334,Nippon India Mutual Fund,Other Scheme - FoF Domestic
2021-12-30,118663,Nippon India Gold Savings Fund - Direct Plan Growth Plan - Growth Option,19.9976,Nippon India Mutual Fund,Other Scheme - FoF Domestic
2021-12-31,118663,Nippon India Gold Savings Fund - Direct Plan Growth Plan - Growth Option,20.1236,Nippon India Mutual Fund,Other Scheme - FoF Domestic
2022-01-03,118663,Nippon India Gold Savings Fund - Direct Plan Growth Plan - Growth Option,20.2447,Nippon India Mutual Fund,Other Scheme - FoF Domestic
2022-01-04,118663,Nippon India Gold Savings Fund - Direct Plan Growth Plan - Growth Option,20.1138,Nippon India Mutual Fund,Other Scheme - FoF Domestic
2022-01-05,118663,Nippon India Gold Savings Fund - Direct Plan Growth Plan - Growth Option,20.1623,Nippon India Mutual Fund,Other Scheme - FoF Domestic
2022-01-06,118663,Nippon India Gold Savings Fund - Direct Plan Growth Plan - Growth Option,20.0071,Nippon India Mutual Fund,Other Scheme - FoF Domestic
2022-01-07,118663,Nippon India Gold Savings Fund - Direct Plan Growth Plan - Growth Option,19.9343,Nippon India Mutual Fund,Other Scheme - FoF Domestic
2022-01-10,118663,Nippon India Gold Savings Fund - Direct Plan Growth Plan - Growth Option,19.9245,Nippon India Mutual Fund,Other Scheme - FoF Domestic
2022-01-11,118663,Nippon India Gold Savings Fund - Direct Plan Growth Plan - Growth Option,19.9923,Nippon India Mutual Fund,Other Scheme - FoF Domestic
2022-01-12,118663,Nippon India Gold Savings Fund - Direct Plan Growth Plan - Growth Option,20.0504,Nippon India Mutual Fund,Other Scheme - FoF Domestic
2022-01-13,118663,Nippon India Gold Savings Fund - Direct Plan Growth Plan - Growth Option,20.094,Nippon India Mutual Fund,Other Scheme - FoF Domestic
2022-01-14,118663,Nippon India Gold Savings Fund - Direct Plan Growth Plan - Growth Option,20.1473,Nippon India Mutual Fund,Other Scheme - FoF Domestic
2022-01-17,118663,Nippon India Gold Savings Fund - Direct Plan Growth Plan - Growth Option,20.1471,Nippon India Mutual Fund,Other Scheme - FoF Domestic
2022-01-18,118663,Nippon India Gold Savings Fund - Direct Plan Growth Plan - Growth Option,20.1422,Nippon India Mutual Fund,Other Scheme - FoF Domestic
2022-01-19,118663,Nippon India Gold Savings Fund - Direct Plan Growth Plan - Growth Option,20.181,Nippon India Mutual Fund,Other Scheme - FoF Domestic
2022-01-20,118663,Nippon India Gold Savings Fund - Direct Plan Growth Plan - Growth Option,20.399,Nippon India Mutual Fund,Other Scheme - FoF Domestic
2022-01-21,118663,Nippon India Gold Savings Fund - Direct Plan Growth Plan - Growth Option,20.2972,Nippon India Mutual Fund,Other Scheme - FoF Domestic
2022-01-24,118663,Nippon India Gold Savings Fund - Direct Plan Growth Plan - Growth Option,20.3941,Nippon India Mutual Fund,Other Scheme - FoF Domestic
2022-01-25,118663,Nippon India Gold Savings Fund - Direct Plan Growth Plan - Growth Option,20.4038,Nippon India Mutual Fund,Other Scheme - FoF Domestic
2022-01-27,118663,Nippon India Gold Savings Fund - Direct Plan Growth Plan - Growth Option,20.2876,Nippon India Mutual Fund,Other Scheme - FoF Domestic
2022-01-28,118663,Nippon India Gold Savings Fund - Direct Plan Growth Plan - Growth Option,20.0986,Nippon India Mutual Fund,Other Scheme - FoF Domestic
2022-01-31,118663,Nippon India Gold Savings Fund - Direct Plan Growth Plan - Growth Option,20.0114,Nippon India Mutual Fund,Other Scheme - FoF Domestic
2022-02-01,118663,Nippon India Gold Savings Fund - Direct Plan Growth Plan - Growth Option,20.1568,Nippon India Mutual Fund,Other Scheme - FoF Domestic
2022-02-02,118663,Nippon India Gold Savings Fund - Direct Plan Growth Plan - Growth Option,20.1373,Nippon India Mutual Fund,Other Scheme - FoF Domestic
2022-02-03,118663,Nippon India Gold Savings Fund - Direct Plan Growth Plan - Growth Option,20.1615,Nippon India Mutual Fund,Other Scheme - FoF Domestic
2022-02-04,118663,Nippon India Gold Savings Fund - Direct Plan Growth Plan - Growth Option,20.1809,Nippon India Mutual Fund,Other Scheme - FoF Domestic
2022-02-07,118663,Nippon India Gold Savings Fund - Direct Plan Growth Plan - Growth Option,20.1953,Nippon India Mutual Fund,Other Scheme - FoF Domestic
2022-02-08,118663,Nippon India Gold Savings Fund - Direct Plan Growth Plan - Growth Option,20.2873,Nippon India Mutual Fund,Other Scheme - FoF Domestic
2022-02-09,118663,Nippon India Gold Savings Fund - Direct Plan Growth Plan - Growth Option,20.3697,Nippon India Mutual Fund,Other Scheme - FoF Domestic
2022-02-10,118663,Nippon India Gold Savings Fund - Direct Plan Growth Plan - Growth Option,20.4569,Nippon India Mutual Fund,Other Scheme - FoF Domestic
2022-02-11,118663,Nippon India Gold Savings Fund - Direct Plan Growth Plan - Growth Option,20.4666,Nippon India Mutual Fund,Other Scheme - FoF Domestic
2022-02-14,118663,Nippon India Gold Savings Fund - Direct Plan Growth Plan - Growth Option,20.8404,Nippon India Mutual Fund,Other Scheme - FoF Domestic
2022-02-15,118663,Nippon India Gold Savings Fund - Direct Plan Growth Plan - Growth Option,20.724,Nippon India Mutual Fund,Other Scheme - FoF Domestic
2022-02-16,118663,Nippon India Gold Savings Fund - Direct Plan Growth Plan - Growth Option,20.6851,Nippon India Mutual Fund,Other Scheme - FoF Domestic
2022-02-17,118663,Nippon India Gold Savings Fund - Direct Plan Growth Plan - Growth Option,21.0488,Nippon India Mutual Fund,Other Scheme - FoF Domestic
2022-02-18,118663,Nippon India Gold Savings Fund - Direct Plan Growth Plan - Growth Option,20.9469,Nippon India Mutual Fund,Other Scheme - FoF Domestic
2022-02-21,118663,Nippon India Gold Savings Fund - Direct Plan Growth Plan - Growth Option,20.9081,Nippon India Mutual Fund,Other Scheme - FoF Domestic
2022-02-22,118663,Nippon India Gold Savings Fund - Direct Plan Growth Plan - Growth Option,21.0436,Nippon India Mutual Fund,Other Scheme - FoF Domestic
2022-02-23,118663,Nippon India Gold Savings Fund - Direct Plan Growth Plan - Growth Option,20.903,Nippon India Mutual Fund,Other Scheme - FoF Domestic
2022-02-24,118663,Nippon India Gold Savings Fund - Direct Plan Growth Plan - Growth Option,21.6445,Nippon India Mutual Fund,Other Scheme - FoF Domestic
2022-02-25,118663,Nippon India Gold Savings Fund - Direct Plan Growth Plan - Growth Option,21.1482,Nippon India Mutual Fund,Other Scheme - FoF Domestic
2022-02-28,118663,Nippon India Gold Savings Fund - Direct Plan Growth Plan - Growth Option,21.1335,Nippon India Mutual Fund,Other Scheme - FoF Domestic
2022-03-02,118663,Nippon India Gold Savings Fund - Direct Plan Growth Plan - Growth Option,21.5211,Nippon India Mutual Fund,Other Scheme - FoF Domestic
2022-03-03,118663,Nippon India Gold Savings Fund - Direct Plan Growth Plan - Growth Option,21.5259,Nippon India Mutual Fund,Other Scheme - FoF Domestic
2022-03-04,118663,Nippon India Gold Savings Fund - Direct Plan Growth Plan - Growth Option,21.647,Nippon India Mutual Fund,Other Scheme - FoF Domestic
2022-03-07,118663,Nippon India Gold Savings Fund - Direct Plan Growth Plan - Growth Option,22.301,Nippon India Mutual Fund,Other Scheme - FoF Domestic
2022-03-08,118663,Nippon India Gold Savings Fund - Direct Plan Growth Plan - Growth Option,22.2671,Nippon India Mutual Fund,Other Scheme - FoF Domestic
2022-03-09,118663,Nippon India Gold Savings Fund - Direct Plan Growth Plan - Growth Option,22.1362,Nippon India Mutual Fund,Other Scheme - FoF Domestic
2022-03-10,118663,Nippon India Gold Savings Fund - Direct Plan Growth Plan - Growth Option,21.7179,Nippon India Mutual Fund,Other Scheme - FoF Domestic
2022-03-11,118663,Nippon India Gold Savings Fund - Direct Plan Growth Plan - Growth Option,21.9507,Nippon India Mutual Fund,Other Scheme - FoF Domestic
2022-03-14,118663,Nippon India Gold Savings Fund - Direct Plan Growth Plan - Growth Option,21.6403,Nippon India Mutual Fund,Other Scheme - FoF Domestic
2022-03-15,118663,Nippon India Gold Savings Fund - Direct Plan Growth Plan - Growth Option,21.4901,Nippon India Mutual Fund,Other Scheme - FoF Domestic
2022-03-16,118663,Nippon India Gold Savings Fund - Direct Plan Growth Plan - Growth Option,21.4417,Nippon India Mutual Fund,Other Scheme - FoF Domestic
2022-03-17,118663,Nippon India Gold Savings Fund - Direct Plan Growth Plan - Growth Option,21.4416,Nippon India Mutual Fund,Other Scheme - FoF Domestic
2022-03-21,118663,Nippon India Gold Savings Fund - Direct Plan Growth Plan - Growth Option,21.3978,Nippon India Mutual Fund,Other Scheme - FoF Domestic
2022-03-22,118663,Nippon India Gold Savings Fund - Direct Plan Growth Plan - Growth Option,21.4849,Nippon India Mutual Fund,Other Scheme - FoF Domestic
2022-03-23,118663,Nippon India Gold Savings Fund - Direct Plan Growth Plan - Growth Option,21.5333,Nippon India Mutual Fund,Other Scheme - FoF Domestic
2022-03-24,118663,Nippon India Gold Savings Fund - Direct Plan Growth Plan - Growth Option,21.6108,Nippon India Mutual Fund,Other Scheme - FoF Domestic
2022-03-25,118663,Nippon India Gold Savings Fund - Direct Plan Growth Plan - Growth Option,21.7125,Nippon India Mutual Fund,Other Scheme - FoF Domestic
2022-03-28,118663,Nippon India Gold Savings Fund - Direct Plan Growth Plan - Growth Option,21.567,Nippon India Mutual Fund,Other Scheme - FoF Domestic
2022-03-29,118663,Nippon India Gold Savings Fund - Direct Plan Growth Plan - Growth Option,21.4166,Nippon India Mutual Fund,Other Scheme - FoF Domestic
2022-03-30,118663,Nippon India Gold Savings Fund - Direct Plan Growth Plan - Growth Option,21.3827,Nippon India Mutual Fund,Other Scheme - FoF Domestic
2022-03-31,118663,Nippon India Gold Savings Fund - Direct Plan Growth Plan - Growth Option,21.3875,Nippon India Mutual Fund,Other Scheme - FoF Domestic
2022-04-01,118663,Nippon India Gold Savings Fund - Direct Plan Growth Plan - Growth Option,21.6056,Nippon India Mutual Fund,Other Scheme - FoF Domestic
2022-04-04,118663,Nippon India Gold Savings Fund - Direct Plan Growth Plan - Growth Option,21.4359,Nippon India Mutual Fund,Other Scheme - FoF Domestic
2022-04-05,118663,Nippon India Gold Savings Fund - Direct Plan Growth Plan - Growth Option,21.4794,Nippon India Mutual Fund,Other Scheme - FoF Domestic
2022-04-06,118663,Nippon India Gold Savings Fund - Direct Plan Growth Plan - Growth Option,21.5666,Nippon India Mutual Fund,Other Scheme - FoF Domestic
2022-04-07,118663,Nippon India Gold Savings Fund - Direct Plan Growth Plan - Growth Option,21.6392,Nippon India Mutual Fund,Other Scheme - FoF Domestic
2022-04-08,118663,Nippon India Gold Savings Fund - Direct Plan Growth Plan - Growth Option,21.6488,Nippon India Mutual Fund,Other Scheme - FoF Domestic
2022-04-11,118663,Nippon India Gold Savings Fund - Direct Plan Growth Plan - Growth Option,21.92,Nippon India Mutual Fund,Other Scheme - FoF Domestic
2022-04-12,118663,Nippon India Gold Savings Fund - Direct Plan Growth Plan - Growth Option,21.9103,Nippon India Mutual Fund,Other Scheme - FoF Domestic
2022-04-13,118663,Nippon India Gold Savings Fund - Direct Plan Growth Plan - Growth Option,22.1672,Nippon India Mutual Fund,Other Scheme - FoF Domestic
2022-04-18,118663,Nippon India Gold Savings Fund - Direct Plan Growth Plan - Growth Option,22.3896,Nippon India Mutual Fund,Other Scheme - FoF Domestic
2022-04-19,118663,Nippon India Gold Savings Fund - Direct Plan Growth Plan - Growth Option,22.288,Nippon India Mutual Fund,Other Scheme - FoF Domestic
2022-04-20,118663,Nippon India Gold Savings Fund - Direct Plan Growth Plan - Growth Option,21.9201,Nippon India Mutual Fund,Other Scheme - FoF Domestic
2022-04-21,118663,Nippon India Gold Savings Fund - Direct Plan Growth Plan - Growth Option,21.9152,Nippon India Mutual Fund,Other Scheme - FoF Domestic
2022-04-22,118663,Nippon India Gold Savings Fund - Direct Plan Growth Plan - Growth Option,21.9733,Nippon India Mutual Fund,Other Scheme - FoF Domestic
2022-04-25,118663,Nippon India Gold Savings Fund - Direct Plan Growth Plan - Growth Option,21.7647,Nippon India Mutual Fund,Other Scheme - FoF Domestic
2022-04-26,118663,Nippon India Gold Savings Fund - Direct Plan Growth Plan - Growth Option,21.6387,Nippon India Mutual Fund,Other Scheme - FoF Domestic
2022-04-27,118663,Nippon India Gold Savings Fund - Direct Plan Growth Plan - Growth Option,21.5369,Nippon India Mutual Fund,Other Scheme - FoF Domestic
2022-04-28,118663,Nippon India Gold Savings Fund - Direct Plan Growth Plan - Growth Option,21.4884,Nippon India Mutual Fund,Other Scheme - FoF Domestic
2022-04-29,118663,Nippon India Gold Savings Fund - Direct Plan Growth Plan - Growth Option,21.7112,Nippon India Mutual Fund,Other Scheme - FoF Domestic
2022-05-02,118663,Nippon India Gold Savings Fund - Direct Plan Growth Plan - Growth Option,21.406,Nippon India Mutual Fund,Other Scheme - FoF Domestic
2022-05-04,118663,Nippon India Gold Savings Fund - Direct Plan Growth Plan - Growth Option,21.3187,Nippon India Mutual Fund,Other Scheme - FoF Domestic
2022-05-05,118663,Nippon India Gold Savings Fund - Direct Plan Growth Plan - Growth Option,21.5899,Nippon India Mutual Fund,Other Scheme - FoF Domestic
2022-05-06,118663,Nippon India Gold Savings Fund - Direct Plan Growth Plan - Growth Option,21.5947,Nippon India Mutual Fund,Other Scheme - FoF Domestic
2022-05-09,118663,Nippon India Gold Savings Fund - Direct Plan Growth Plan - Growth Option,21.5316,Nippon India Mutual Fund,Other Scheme - FoF Domestic
2022-05-10,118663,Nippon India Gold Savings Fund - Direct Plan Growth Plan - Growth Option,21.454,Nippon India Mutual Fund,Other Scheme - FoF Domestic
2022-05-11,118663,Nippon India Gold Savings Fund - Direct Plan Growth Plan - Growth Option,21.3572,Nippon India Mutual Fund,Other Scheme - FoF Domestic
2022-05-12,118663,Nippon India Gold Savings Fund - Direct Plan Growth Plan - Growth Option,21.3378,Nippon India Mutual Fund,Other Scheme - FoF Domestic
2022-05-13,118663,Nippon India Gold Savings Fund - Direct Plan Growth Plan - Growth Option,21.0469,Nippon India Mutual Fund,Other Scheme - FoF Domestic
2022-05-16,118663,Nippon India Gold Savings Fund - Direct Plan Growth Plan - Growth Option,20.911,Nippon India Mutual Fund,Other Scheme - FoF Domestic
2022-05-17,118663,Nippon India Gold Savings Fund - Direct Plan Growth Plan - Growth Option,21.1048,Nippon India Mutual Fund,Other Scheme - FoF Domestic
2022-05-18,118663,Nippon India Gold Savings Fund - Direct Plan Growth Plan - Growth Option,21.032,Nippon India Mutual Fund,Other Scheme - FoF Domestic
2022-05-19,118663,Nippon India Gold Savings Fund - Direct Plan Growth Plan - Growth Option,21.1288,Nippon India Mutual Fund,Other Scheme - FoF Domestic
2022-05-20,118663,Nippon India Gold Savings Fund - Direct Plan Growth Plan - Growth Option,21.2885,Nippon India Mutual Fund,Other Scheme - FoF Domestic
2022-05-23,118663,Nippon India Gold Savings Fund - Direct Plan Growth Plan - Growth Option,21.448,Nippon India Mutual Fund,Other Scheme - FoF Domestic
2022-05-24,118663,Nippon India Gold Savings Fund - Direct Plan Growth Plan - Growth Option,21.3608,Nippon India Mutual Fund,Other Scheme - FoF Domestic
2022-05-25,118663,Nippon India Gold Savings Fund - Direct Plan Growth Plan - Growth Option,21.385,Nippon India Mutual Fund,Other Scheme - FoF Domestic
2022-05-26,118663,Nippon India Gold Savings Fund - Direct Plan Growth Plan - Growth Option,21.264,Nippon India Mutual Fund,Other Scheme - FoF Domestic
2022-05-27,118663,Nippon India Gold Savings Fund - Direct Plan Growth Plan - Growth Option,21.3657,Nippon India Mutual Fund,Other Scheme - FoF Domestic
2022-05-30,118663,Nippon India Gold Savings Fund - Direct Plan Growth Plan - Growth Option,21.317,Nippon India Mutual Fund,Other Scheme - FoF Domestic
2022-05-31,118663,Nippon India Gold Savings Fund - Direct Plan Growth Plan - Growth Option,21.3025,Nippon India Mutual Fund,Other Scheme - FoF Domestic
2022-06-01,118663,Nippon India Gold Savings Fund - Direct Plan Growth Plan - Growth Option,21.0941,Nippon India Mutual Fund,Other Scheme - FoF Domestic
2022-06-02,118663,Nippon India Gold Savings Fund - Direct Plan Growth Plan - Growth Option,21.3171,Nippon India Mutual Fund,Other Scheme - FoF Domestic
2022-06-03,118663,Nippon India Gold Savings Fund - Direct Plan Growth Plan - Growth Option,21.3995,Nippon India Mutual Fund,Other Scheme - FoF Domestic
2022-06-06,118663,Nippon India Gold Savings Fund - Direct Plan Growth Plan - Growth Option,21.3267,Nippon India Mutual Fund,Other Scheme - FoF Domestic
2022-06-07,118663,Nippon India Gold Savings Fund - Direct Plan Growth Plan - Growth Option,21.2588,Nippon India Mutual Fund,Other Scheme - FoF Domestic
2022-06-08,118663,Nippon India Gold Savings Fund - Direct Plan Growth Plan - Growth Option,21.2684,Nippon India Mutual Fund,Other Scheme - FoF Domestic
2022-06-09,118663,Nippon India Gold Savings Fund - Direct Plan Growth Plan - Growth Option,21.3023,Nippon India Mutual Fund,Other Scheme - FoF Domestic
2022-06-10,118663,Nippon India Gold Savings Fund - Direct Plan Growth Plan - Growth Option,21.2344,Nippon India Mutual Fund,Other Scheme - FoF Domestic
2022-06-13,118663,Nippon India Gold Savings Fund - Direct Plan Growth Plan - Growth Option,21.4183,Nippon India Mutual Fund,Other Scheme - FoF Domestic
2022-06-14,118663,Nippon India Gold Savings Fund - Direct Plan Growth Plan - Growth Option,21.1178,Nippon India Mutual Fund,Other Scheme - FoF Domestic
2022-06-15,118663,Nippon India Gold Savings Fund - Direct Plan Growth Plan - Growth Option,21.1371,Nippon India Mutual Fund,Other Scheme - FoF Domestic
2022-06-16,118663,Nippon India Gold Savings Fund - Direct Plan Growth Plan - Growth Option,21.1904,Nippon India Mutual Fund,Other Scheme - FoF Domestic
2022-06-17,118663,Nippon India Gold Savings Fund - Direct Plan Growth Plan - Growth Option,21.3649,Nippon India Mutual Fund,Other Scheme - FoF Domestic
2022-06-20,118663,Nippon India Gold Savings Fund - Direct Plan Growth Plan - Growth Option,21.2387,Nippon India Mutual Fund,Other Scheme - FoF Domestic
2022-06-21,118663,Nippon India Gold Savings Fund - Direct Plan Growth Plan - Growth Option,21.2193,Nippon India Mutual Fund,Other Scheme - FoF Domestic
2022-06-22,118663,Nippon India Gold Savings Fund - Direct Plan Growth Plan - Growth Option,21.1709,Nippon India Mutual Fund,Other Scheme - FoF Domestic
2022-06-23,118663,Nippon India Gold Savings Fund - Direct Plan Growth Plan - Growth Option,21.2096,Nippon India Mutual Fund,Other Scheme - FoF Domestic
2022-06-24,118663,Nippon India Gold Savings Fund - Direct Plan Growth Plan - Growth Option,21.161,Nippon India Mutual Fund,Other Scheme - FoF Domestic
2022-06-27,118663,Nippon India Gold Savings Fund - Direct Plan Growth Plan - Growth Option,21.2627,Nippon India Mutual Fund,Other Scheme - FoF Domestic
2022-06-28,118663,Nippon India Gold Savings Fund - Direct Plan Growth Plan - Growth Option,21.2286,Nippon India Mutual Fund,Other Scheme - FoF Domestic
2022-06-29,118663,Nippon India Gold Savings Fund - Direct Plan Growth Plan - Growth Option,21.2092,Nippon India Mutual Fund,Other Scheme - FoF Domestic
2022-06-30,118663,Nippon India Gold Savings Fund - Direct Plan Growth Plan - Growth Option,21.2092,Nippon India Mutual Fund,Other Scheme - FoF Domestic
2022-07-01,118663,Nippon India Gold Savings Fund - Direct Plan Growth Plan - Growth Option,21.4998,Nippon India Mutual Fund,Other Scheme - FoF Domestic
2022-07-04,118663,Nippon India Gold Savings Fund - Direct Plan Growth Plan - Growth Option,21.6546,Nippon India Mutual Fund,Other Scheme - FoF Domestic
2022-07-05,118663,Nippon India Gold Savings Fund - Direct Plan Growth Plan - Growth Option,21.7127,Nippon India Mutual Fund,Other Scheme - FoF Domestic
2022-07-06,118663,Nippon India Gold Savings Fund - Direct Plan Growth Plan - Growth Option,21.4075,Nippon India Mutual Fund,Other Scheme - FoF Domestic
2022-07-07,118663,Nippon India Gold Savings Fund - Direct Plan Growth Plan - Growth Option,21.1268,Nippon India Mutual Fund,Other Scheme - FoF Domestic
2022-07-08,118663,Nippon India Gold Savings Fund - Direct Plan Growth Plan - Growth Option,21.117,Nippon India Mutual Fund,Other Scheme - FoF Domestic
2022-07-11,118663,Nippon India Gold Savings Fund - Direct Plan Growth Plan - Growth Option,21.112,Nippon India Mutual Fund,Other Scheme - FoF Domestic
2022-07-12,118663,Nippon India Gold Savings Fund - Direct Plan Growth Plan - Growth Option,21.1411,Nippon India Mutual Fund,Other Scheme - FoF Domestic
2022-07-13,118663,Nippon India Gold Savings Fund - Direct Plan Growth Plan - Growth Option,21.0537,Nippon India Mutual Fund,Other Scheme - FoF Domestic
2022-07-14,118663,Nippon India Gold Savings Fund - Direct Plan Growth Plan - Growth Option,20.9858,Nippon India Mutual Fund,Other Scheme - FoF Domestic
2022-07-15,118663,Nippon India Gold Savings Fund - Direct Plan Growth Plan - Growth Option,20.8937,Nippon India Mutual Fund,Other Scheme - FoF Domestic
2022-07-18,118663,Nippon India Gold Savings Fund - Direct Plan Growth Plan - Growth Option,21.1067,Nippon India Mutual Fund,Other Scheme - FoF Domestic
2022-07-19,118663,Nippon India Gold Savings Fund - Direct Plan Growth Plan - Growth Option,21.0292,Nippon India Mutual Fund,Other Scheme - FoF Domestic
2022-07-20,118663,Nippon India Gold Savings Fund - Direct Plan Growth Plan - Growth Option,21.0292,Nippon India Mutual Fund,Other Scheme - FoF Domestic
2022-07-21,118663,Nippon India Gold Savings Fund - Direct Plan Growth Plan - Growth Option,20.8548,Nippon India Mutual Fund,Other Scheme - FoF Domestic
2022-07-22,118663,Nippon India Gold Savings Fund - Direct Plan Growth Plan - Growth Option,21.1745,Nippon India Mutual Fund,Other Scheme - FoF Domestic
2022-07-25,118663,Nippon India Gold Savings Fund - Direct Plan Growth Plan - Growth Option,21.1307,Nippon India Mutual Fund,Other Scheme - FoF Domestic
2022-07-26,118663,Nippon India Gold Savings Fund - Direct Plan Growth Plan - Growth Option,21.0629,Nippon India Mutual Fund,Other Scheme - FoF Domestic
2022-07-27,118663,Nippon India Gold Savings Fund - Direct Plan Growth Plan - Growth Option,21.1161,Nippon India Mutual Fund,Other Scheme - FoF Domestic
2022-07-28,118663,Nippon India Gold Savings Fund - Direct Plan Growth Plan - Growth Option,21.3341,Nippon India Mutual Fund,Other Scheme - FoF Domestic
2022-07-29,118663,Nippon India Gold Savings Fund - Direct Plan Growth Plan - Growth Option,21.3535,Nippon India Mutual Fund,Other Scheme - FoF Domestic
2022-08-01,118663,Nippon India Gold Savings Fund - Direct Plan Growth Plan - Growth Option,21.4308,Nippon India Mutual Fund,Other Scheme - FoF Domestic
2022-08-02,118663,Nippon India Gold Savings Fund - Direct Plan Growth Plan - Growth Option,21.4114,Nippon India Mutual Fund,Other Scheme - FoF Domestic
2022-08-03,118663,Nippon India Gold Savings Fund - Direct Plan Growth Plan - Growth Option,21.4161,Nippon India Mutual Fund,Other Scheme - FoF Domestic
2022-08-04,118663,Nippon India Gold Savings Fund - Direct Plan Growth Plan - Growth Option,21.6443,Nippon India Mutual Fund,Other Scheme - FoF Domestic
2022-08-05,118663,Nippon India Gold Savings Fund - Direct Plan Growth Plan - Growth Option,21.6733,Nippon India Mutual Fund,Other Scheme - FoF Domestic
2022-08-08,118663,Nippon India Gold Savings Fund - Direct Plan Growth Plan - Growth Option,21.6247,Nippon India Mutual Fund,Other Scheme - FoF Domestic
2022-08-10,118663,Nippon India Gold Savings Fund - Direct Plan Growth Plan - Growth Option,21.7457,Nippon India Mutual Fund,Other Scheme - FoF Domestic
2022-08-11,118663,Nippon India Gold Savings Fund - Direct Plan Growth Plan - Growth Option,21.765,Nippon India Mutual Fund,Other Scheme - FoF Domestic
2022-08-12,118663,Nippon India Gold Savings Fund - Direct Plan Growth Plan - Growth Option,21.8084,Nippon India Mutual Fund,Other Scheme - FoF Domestic
2022-08-16,118663,Nippon India Gold Savings Fund - Direct Plan Growth Plan - Growth Option,21.6391,Nippon India Mutual Fund,Other Scheme - FoF Domestic
2022-08-17,118663,Nippon India Gold Savings Fund - Direct Plan Growth Plan - Growth Option,21.6148,Nippon India Mutual Fund,Other Scheme - FoF Domestic
2022-08-18,118663,Nippon India Gold Savings Fund - Direct Plan Growth Plan - Growth Option,21.5905,Nippon India Mutual Fund,Other Scheme - FoF Domestic
2022-08-19,118663,Nippon India Gold Savings Fund - Direct Plan Growth Plan - Growth Option,21.5275,Nippon India Mutual Fund,Other Scheme - FoF Domestic
2022-08-22,118663,Nippon India Gold Savings Fund - Direct Plan Growth Plan - Growth Option,21.319,Nippon India Mutual Fund,Other Scheme - FoF Domestic
2022-08-23,118663,Nippon India Gold Savings Fund - Direct Plan Growth Plan - Growth Option,21.3965,Nippon India Mutual Fund,Other Scheme - FoF Domestic
2022-08-24,118663,Nippon India Gold Savings Fund - Direct Plan Growth Plan - Growth Option,21.4836,Nippon India Mutual Fund,Other Scheme - FoF Domestic
2022-08-25,118663,Nippon India Gold Savings Fund - Direct Plan Growth Plan - Growth Option,21.6338,Nippon India Mutual Fund,Other Scheme - FoF Domestic
2022-08-26,118663,Nippon India Gold Savings Fund - Direct Plan Growth Plan - Growth Option,21.4686,Nippon India Mutual Fund,Other Scheme - FoF Domestic
2022-08-29,118663,Nippon India Gold Savings Fund - Direct Plan Growth Plan - Growth Option,21.2503,Nippon India Mutual Fund,Other Scheme - FoF Domestic
2022-08-30,118663,Nippon India Gold Savings Fund - Direct Plan Growth Plan - Growth Option,21.2745,Nippon India Mutual Fund,Other Scheme - FoF Domestic
2022-09-01,118663,Nippon India Gold Savings Fund - Direct Plan Growth Plan - Growth Option,21.0081,Nippon India Mutual Fund,Other Scheme - FoF Domestic
2022-09-02,118663,Nippon India Gold Savings Fund - Direct Plan Growth Plan - Growth Option,21.0177,Nippon India Mutual Fund,Other Scheme - FoF Domestic
2022-09-05,118663,Nippon India Gold Savings Fund - Direct Plan Growth Plan - Growth Option,21.0998,Nippon India Mutual Fund,Other Scheme - FoF Domestic
2022-09-06,118663,Nippon India Gold Savings Fund - Direct Plan Growth Plan - Growth Option,21.0804,Nippon India Mutual Fund,Other Scheme - FoF Domestic
2022-09-07,118663,Nippon India Gold Savings Fund - Direct Plan Growth Plan - Growth Option,21.0367,Nippon India Mutual Fund,Other Scheme - FoF Domestic
2022-09-08,118663,Nippon India Gold Savings Fund - Direct Plan Growth Plan - Growth Option,21.1287,Nippon India Mutual Fund,Other Scheme - FoF Domestic
2022-09-09,118663,Nippon India Gold Savings Fund - Direct Plan Growth Plan - Growth Option,21.1578,Nippon India Mutual Fund,Other Scheme - FoF Domestic
2022-09-12,118663,Nippon India Gold Savings Fund - Direct Plan Growth Plan - Growth Option,21.1285,Nippon India Mutual Fund,Other Scheme - FoF Domestic
2022-09-13,118663,Nippon India Gold Savings Fund - Direct Plan Growth Plan - Growth Option,21.08,Nippon India Mutual Fund,Other Scheme - FoF Domestic
2022-09-14,118663,Nippon India Gold Savings Fund - Direct Plan Growth Plan - Growth Option,20.925,Nippon India Mutual Fund,Other Scheme - FoF Domestic
2022-09-15,118663,Nippon India Gold Savings Fund - Direct Plan Growth Plan - Growth Option,20.862,Nippon India Mutual Fund,Other Scheme - FoF Domestic
2022-09-16,118663,Nippon India Gold Savings Fund - Direct Plan Growth Plan - Growth Option,20.4778,Nippon India Mutual Fund,Other Scheme - FoF Domestic
2022-09-19,118663,Nippon India Gold Savings Fund - Direct Plan Growth Plan - Growth Option,20.5164,Nippon India Mutual Fund,Other Scheme - FoF Domestic
2022-09-20,118663,Nippon India Gold Savings Fund - Direct Plan Growth Plan - Growth Option,20.589,Nippon India Mutual Fund,Other Scheme - FoF Domestic
2022-09-21,118663,Nippon India Gold Savings Fund - Direct Plan Growth Plan - Growth Option,20.6906,Nippon India Mutual Fund,Other Scheme - FoF Domestic
2022-09-22,118663,Nippon India Gold Savings Fund - Direct Plan Growth Plan - Growth Option,20.8311,Nippon India Mutual Fund,Other Scheme - FoF Domestic
2022-09-23,118663,Nippon India Gold Savings Fund - Direct Plan Growth Plan - Growth Option,20.7487,Nippon India Mutual Fund,Other Scheme - FoF Domestic
2022-09-26,118663,Nippon India Gold Savings Fund - Direct Plan Growth Plan - Growth Option,20.6612,Nippon India Mutual Fund,Other Scheme - FoF Domestic
2022-09-27,118663,Nippon India Gold Savings Fund - Direct Plan Growth Plan - Growth Option,20.5545,Nippon India Mutual Fund,Other Scheme - FoF Domestic
2022-09-28,118663,Nippon India Gold Savings Fund - Direct Plan Growth Plan - Growth Option,20.4963,Nippon India Mutual Fund,Other Scheme - FoF Domestic
2022-09-29,118663,Nippon India Gold Savings Fund - Direct Plan Growth Plan - Growth Option,20.7868,Nippon India Mutual Fund,Other Scheme - FoF Domestic
2022-09-30,118663,Nippon India Gold Savings Fund - Direct Plan Growth Plan - Growth Option,20.9127,Nippon India Mutual Fund,Other Scheme - FoF Domestic
2022-10-03,118663,Nippon India Gold Savings Fund - Direct Plan Growth Plan - Growth Option,20.9028,Nippon India Mutual Fund,Other Scheme - FoF Domestic
2022-10-04,118663,Nippon India Gold Savings Fund - Direct Plan Growth Plan - Growth Option,21.3433,Nippon India Mutual Fund,Other Scheme - FoF Domestic
2022-10-06,118663,Nippon India Gold Savings Fund - Direct Plan Growth Plan - Growth Option,21.4545,Nippon India Mutual Fund,Other Scheme - FoF Domestic
2022-10-07,118663,Nippon India Gold Savings Fund - Direct Plan Growth Plan - Growth Option,21.5562,Nippon India Mutual Fund,Other Scheme - FoF Domestic
2022-10-10,118663,Nippon India Gold Savings Fund - Direct Plan Growth Plan - Growth Option,21.1878,Nippon India Mutual Fund,Other Scheme - FoF Domestic
2022-10-11,118663,Nippon India Gold Savings Fund - Direct Plan Growth Plan - Growth Option,21.0378,Nippon India Mutual Fund,Other Scheme - FoF Domestic
2022-10-12,118663,Nippon India Gold Savings Fund - Direct Plan Growth Plan - Growth Option,21.12,Nippon India Mutual Fund,Other Scheme - FoF Domestic
2022-10-13,118663,Nippon India Gold Savings Fund - Direct Plan Growth Plan - Growth Option,21.1684,Nippon India Mutual Fund,Other Scheme - FoF Domestic
2022-10-14,118663,Nippon India Gold Savings Fund - Direct Plan Growth Plan - Growth Option,20.9601,Nippon India Mutual Fund,Other Scheme - FoF Domestic
2022-10-17,118663,Nippon India Gold Savings Fund - Direct Plan Growth Plan - Growth Option,20.9502,Nippon India Mutual Fund,Other Scheme - FoF Domestic
2022-10-18,118663,Nippon India Gold Savings Fund - Direct Plan Growth Plan - Growth Option,20.892,Nippon India Mutual Fund,Other Scheme - FoF Domestic
2022-10-19,118663,Nippon India Gold Savings Fund - Direct Plan Growth Plan - Growth Option,20.9258,Nippon India Mutual Fund,Other Scheme - FoF Domestic
2022-10-20,118663,Nippon India Gold Savings Fund - Direct Plan Growth Plan - Growth Option,20.8532,Nippon India Mutual Fund,Other Scheme - FoF Domestic
2022-10-21,118663,Nippon India Gold Savings Fund - Direct Plan Growth Plan - Growth Option,20.7031,Nippon India Mutual Fund,Other Scheme - FoF Domestic
2022-10-25,118663,Nippon India Gold Savings Fund - Direct Plan Growth Plan - Growth Option,20.9173,Nippon India Mutual Fund,Other Scheme - FoF Domestic
2022-10-27,118663,Nippon India Gold Savings Fund - Direct Plan Growth Plan - Growth Option,21.0577,Nippon India Mutual Fund,Other Scheme - FoF Domestic
2022-10-28,118663,Nippon India Gold Savings Fund - Direct Plan Growth Plan - Growth Option,20.9704,Nippon India Mutual Fund,Other Scheme - FoF Domestic
2022-10-31,118663,Nippon India Gold Savings Fund - Direct Plan Growth Plan - Growth Option,20.946,Nippon India Mutual Fund,Other Scheme - FoF Domestic
2022-11-01,118663,Nippon India Gold Savings Fund - Direct Plan Growth Plan - Growth Option,20.9847,Nippon India Mutual Fund,Other Scheme - FoF Domestic
2022-11-02,118663,Nippon India Gold Savings Fund - Direct Plan Growth Plan - Growth Option,21.0766,Nippon India Mutual Fund,Other Scheme - FoF Domestic
2022-11-03,118663,Nippon India Gold Savings Fund - Direct Plan Growth Plan - Growth Option,20.8345,Nippon India Mutual Fund,Other Scheme - FoF Domestic
2022-11-04,118663,Nippon India Gold Savings Fund - Direct Plan Growth Plan - Growth Option,20.9749,Nippon India Mutual Fund,Other Scheme - FoF Domestic
2022-11-07,118663,Nippon India Gold Savings Fund - Direct Plan Growth Plan - Growth Option,21.1927,Nippon India Mutual Fund,Other Scheme - FoF Domestic
2022-11-09,118663,Nippon India Gold Savings Fund - Direct Plan Growth Plan - Growth Option,21.3039,Nippon India Mutual Fund,Other Scheme - FoF Domestic
2022-11-10,118663,Nippon India Gold Savings Fund - Direct Plan Growth Plan - Growth Option,21.4055,Nippon India Mutual Fund,Other Scheme - FoF Domestic
2022-11-11,118663,Nippon India Gold Savings Fund - Direct Plan Growth Plan - Growth Option,21.6864,Nippon India Mutual Fund,Other Scheme - FoF Domestic
2022-11-14,118663,Nippon India Gold Savings Fund - Direct Plan Growth Plan - Growth Option,21.7153,Nippon India Mutual Fund,Other Scheme - FoF Domestic
2022-11-15,118663,Nippon India Gold Savings Fund - Direct Plan Growth Plan - Growth Option,21.8752,Nippon India Mutual Fund,Other Scheme - FoF Domestic
2022-11-16,118663,Nippon India Gold Savings Fund - Direct Plan Growth Plan - Growth Option,21.9721,Nippon India Mutual Fund,Other Scheme - FoF Domestic
2022-11-17,118663,Nippon India Gold Savings Fund - Direct Plan Growth Plan - Growth Option,21.8848,Nippon India Mutual Fund,Other Scheme - FoF Domestic
2022-11-18,118663,Nippon India Gold Savings Fund - Direct Plan Growth Plan - Growth Option,21.9284,Nippon India Mutual Fund,Other Scheme - FoF Domestic
2022-11-21,118663,Nippon India Gold Savings Fund - Direct Plan Growth Plan - Growth Option,21.7054,Nippon India Mutual Fund,Other Scheme - FoF Domestic
2022-11-22,118663,Nippon India Gold Savings Fund - Direct Plan Growth Plan - Growth Option,21.7538,Nippon India Mutual Fund,Other Scheme - FoF Domestic
2022-11-23,118663,Nippon India Gold Savings Fund - Direct Plan Growth Plan - Growth Option,21.6907,Nippon India Mutual Fund,Other Scheme - FoF Domestic
2022-11-24,118663,Nippon India Gold Savings Fund - Direct Plan Growth Plan - Growth Option,21.8215,Nippon India Mutual Fund,Other Scheme - FoF Domestic
2022-11-25,118663,Nippon India Gold Savings Fund - Direct Plan Growth Plan - Growth Option,21.7923,Nippon India Mutual Fund,Other Scheme - FoF Domestic
2022-11-28,118663,Nippon India Gold Savings Fund - Direct Plan Growth Plan - Growth Option,21.8599,Nippon India Mutual Fund,Other Scheme - FoF Domestic
2022-11-29,118663,Nippon India Gold Savings Fund - Direct Plan Growth Plan - Growth Option,21.8502,Nippon India Mutual Fund,Other Scheme - FoF Domestic
2022-11-30,118663,Nippon India Gold Savings Fund - Direct Plan Growth Plan - Growth Option,21.8501,Nippon India Mutual Fund,Other Scheme - FoF Domestic
2022-12-01,118663,Nippon India Gold Savings Fund - Direct Plan Growth Plan - Growth Option,21.981,Nippon India Mutual Fund,Other Scheme - FoF Domestic
2022-12-02,118663,Nippon India Gold Savings Fund - Direct Plan Growth Plan - Growth Option,22.2279,Nippon India Mutual Fund,Other Scheme - FoF Domestic
2022-12-05,118663,Nippon India Gold Savings Fund - Direct Plan Growth Plan - Growth Option,22.3294,Nippon India Mutual Fund,Other Scheme - FoF Domestic
2022-12-06,118663,Nippon India Gold Savings Fund - Direct Plan Growth Plan - Growth Option,22.1985,Nippon India Mutual Fund,Other Scheme - FoF Domestic
2022-12-07,118663,Nippon India Gold Savings Fund - Direct Plan Growth Plan - Growth Option,22.2082,Nippon India Mutual Fund,Other Scheme - FoF Domestic
2022-12-08,118663,Nippon India Gold Savings Fund - Direct Plan Growth Plan - Growth Option,22.3147,Nippon India Mutual Fund,Other Scheme - FoF Domestic
2022-12-09,118663,Nippon India Gold Savings Fund - Direct Plan Growth Plan - Growth Option,22.3388,Nippon India Mutual Fund,Other Scheme - FoF Domestic
2022-12-12,118663,Nippon India Gold Savings Fund - Direct Plan Growth Plan - Growth Option,22.3774,Nippon India Mutual Fund,Other Scheme - FoF Domestic
2022-12-13,118663,Nippon India Gold Savings Fund - Direct Plan Growth Plan - Growth Option,22.3628,Nippon India Mutual Fund,Other Scheme - FoF Domestic
2022-12-14,118663,Nippon India Gold Savings Fund - Direct Plan Growth Plan - Growth Option,22.5467,Nippon India Mutual Fund,Other Scheme - FoF Domestic
2022-12-15,118663,Nippon India Gold Savings Fund - Direct Plan Growth Plan - Growth Option,22.2996,Nippon India Mutual Fund,Other Scheme - FoF Domestic
2022-12-16,118663,Nippon India Gold Savings Fund - Direct Plan Growth Plan - Growth Option,22.3335,Nippon India Mutual Fund,Other Scheme - FoF Domestic
2022-12-19,118663,Nippon India Gold Savings Fund - Direct Plan Growth Plan - Growth Option,22.4882,Nippon India Mutual Fund,Other Scheme - FoF Domestic
2022-12-20,118663,Nippon India Gold Savings Fund - Direct Plan Growth Plan - Growth Option,22.6479,Nippon India Mutual Fund,Other Scheme - FoF Domestic
2022-12-21,118663,Nippon India Gold Savings Fund - Direct Plan Growth Plan - Growth Option,22.7011,Nippon India Mutual Fund,Other Scheme - FoF Domestic
2022-12-22,118663,Nippon India Gold Savings Fund - Direct Plan Growth Plan - Growth Option,22.7059,Nippon India Mutual Fund,Other Scheme - FoF Domestic
2022-12-23,118663,Nippon India Gold Savings Fund - Direct Plan Growth Plan - Growth Option,22.6185,Nippon India Mutual Fund,Other Scheme - FoF Domestic
2022-12-26,118663,Nippon India Gold Savings Fund - Direct Plan Growth Plan - Growth Option,22.6181,Nippon India Mutual Fund,Other Scheme - FoF Domestic
2022-12-27,118663,Nippon India Gold Savings Fund - Direct Plan Growth Plan - Growth Option,22.7052,Nippon India Mutual Fund,Other Scheme - FoF Domestic
2022-12-28,118663,Nippon India Gold Savings Fund - Direct Plan Growth Plan - Growth Option,22.55,Nippon India Mutual Fund,Other Scheme - FoF Domestic
2022-12-29,118663,Nippon India Gold Savings Fund - Direct Plan Growth Plan - Growth Option,22.579,Nippon India Mutual Fund,Other Scheme - FoF Domestic
2022-12-30,118663,Nippon India Gold Savings Fund - Direct Plan Growth Plan - Growth Option,22.6665,Nippon India Mutual Fund,Other Scheme - FoF Domestic
2023-01-02,118663,Nippon India Gold Savings Fund - Direct Plan Growth Plan - Growth Option,22.8503,Nippon India Mutual Fund,Other Scheme - FoF Domestic
2023-01-03,118663,Nippon India Gold Savings Fund - Direct Plan Growth Plan - Growth Option,23.0728,Nippon India Mutual Fund,Other Scheme - FoF Domestic
2023-01-04,118663,Nippon India Gold Savings Fund - Direct Plan Growth Plan - Growth Option,23.2854,Nippon India Mutual Fund,Other Scheme - FoF Domestic
2023-01-05,118663,Nippon India Gold Savings Fund - Direct Plan Growth Plan - Growth Option,23.1449,Nippon India Mutual Fund,Other Scheme - FoF Domestic
2023-01-06,118663,Nippon India Gold Savings Fund - Direct Plan Growth Plan - Growth Option,23.0092,Nippon India Mutual Fund,Other Scheme - FoF Domestic
2023-01-09,118663,Nippon India Gold Savings Fund - Direct Plan Growth Plan - Growth Option,23.304,Nippon India Mutual Fund,Other Scheme - FoF Domestic
2023-01-10,118663,Nippon India Gold Savings Fund - Direct Plan Growth Plan - Growth Option,23.2313,Nippon India Mutual Fund,Other Scheme - FoF Domestic
2023-01-11,118663,Nippon India Gold Savings Fund - Direct Plan Growth Plan - Growth Option,23.2602,Nippon India Mutual Fund,Other Scheme - FoF Domestic
2023-01-12,118663,Nippon India Gold Savings Fund - Direct Plan Growth Plan - Growth Option,23.2262,Nippon India Mutual Fund,Other Scheme - FoF Domestic
2023-01-13,118663,Nippon India Gold Savings Fund - Direct Plan Growth Plan - Growth Option,23.3618,Nippon India Mutual Fund,Other Scheme - FoF Domestic
2023-01-16,118663,Nippon India Gold Savings Fund - Direct Plan Growth Plan - Growth Option,23.589,Nippon India Mutual Fund,Other Scheme - FoF Domestic
2023-01-17,118663,Nippon India Gold Savings Fund - Direct Plan Growth Plan - Growth Option,23.4921,Nippon India Mutual Fund,Other Scheme - FoF Domestic
2023-01-18,118663,Nippon India Gold Savings Fund - Direct Plan Growth Plan - Growth Option,23.4727,Nippon India Mutual Fund,Other Scheme - FoF Domestic
2023-01-19,118663,Nippon India Gold Savings Fund - Direct Plan Growth Plan - Growth Option,23.4919,Nippon India Mutual Fund,Other Scheme - FoF Domestic
2023-01-20,118663,Nippon India Gold Savings Fund - Direct Plan Growth Plan - Growth Option,23.6177,Nippon India Mutual Fund,Other Scheme - FoF Domestic
2023-01-23,118663,Nippon India Gold Savings Fund - Direct Plan Growth Plan - Growth Option,23.6222,Nippon India Mutual Fund,Other Scheme - FoF Domestic
2023-01-24,118663,Nippon India Gold Savings Fund - Direct Plan Growth Plan - Growth Option,23.6898,Nippon India Mutual Fund,Other Scheme - FoF Domestic
2023-01-25,118663,Nippon India Gold Savings Fund - Direct Plan Growth Plan - Growth Option,23.617,Nippon India Mutual Fund,Other Scheme - FoF Domestic
2023-01-27,118663,Nippon India Gold Savings Fund - Direct Plan Growth Plan - Growth Option,23.6265,Nippon India Mutual Fund,Other Scheme - FoF Domestic
2023-01-30,118663,Nippon India Gold Savings Fund - Direct Plan Growth Plan - Growth Option,23.6213,Nippon India Mutual Fund,Other Scheme - FoF Domestic
2023-01-31,118663,Nippon India Gold Savings Fund - Direct Plan Growth Plan - Growth Option,23.5728,Nippon India Mutual Fund,Other Scheme - FoF Domestic
2023-02-01,118663,Nippon India Gold Savings Fund - Direct Plan Growth Plan - Growth Option,23.9308,Nippon India Mutual Fund,Other Scheme - FoF Domestic
2023-02-02,118663,Nippon India Gold Savings Fund - Direct Plan Growth Plan - Growth Option,24.4435,Nippon India Mutual Fund,Other Scheme - FoF Domestic
2023-02-03,118663,Nippon India Gold Savings Fund - Direct Plan Growth Plan - Growth Option,23.9355,Nippon India Mutual Fund,Other Scheme - FoF Domestic
2023-02-06,118663,Nippon India Gold Savings Fund - Direct Plan Growth Plan - Growth Option,23.7512,Nippon India Mutual Fund,Other Scheme - FoF Domestic
2023-02-07,118663,Nippon India Gold Savings Fund - Direct Plan Growth Plan - Growth Option,23.7657,Nippon India Mutual Fund,Other Scheme - FoF Domestic
2023-02-08,118663,Nippon India Gold Savings Fund - Direct Plan Growth Plan - Growth Option,23.8285,Nippon India Mutual Fund,Other Scheme - FoF Domestic
2023-02-09,118663,Nippon India Gold Savings Fund - Direct Plan Growth Plan - Growth Option,23.7848,Nippon India Mutual Fund,Other Scheme - FoF Domestic
2023-02-10,118663,Nippon India Gold Savings Fund - Direct Plan Growth Plan - Growth Option,23.5668,Nippon India Mutual Fund,Other Scheme - FoF Domestic
2023-02-13,118663,Nippon India Gold Savings Fund - Direct Plan Growth Plan - Growth Option,23.5713,Nippon India Mutual Fund,Other Scheme - FoF Domestic
2023-02-14,118663,Nippon India Gold Savings Fund - Direct Plan Growth Plan - Growth Option,23.6293,Nippon India Mutual Fund,Other Scheme - FoF Domestic
2023-02-15,118663,Nippon India Gold Savings Fund - Direct Plan Growth Plan - Growth Option,23.3243,Nippon India Mutual Fund,Other Scheme - FoF Domestic
2023-02-16,118663,Nippon India Gold Savings Fund - Direct Plan Growth Plan - Growth Option,23.3338,Nippon India Mutual Fund,Other Scheme - FoF Domestic
2023-02-17,118663,Nippon India Gold Savings Fund - Direct Plan Growth Plan - Growth Option,23.2224,Nippon India Mutual Fund,Other Scheme - FoF Domestic
2023-02-20,118663,Nippon India Gold Savings Fund - Direct Plan Growth Plan - Growth Option,23.4303,Nippon India Mutual Fund,Other Scheme - FoF Domestic
2023-02-21,118663,Nippon India Gold Savings Fund - Direct Plan Growth Plan - Growth Option,23.372,Nippon India Mutual Fund,Other Scheme - FoF Domestic
2023-02-22,118663,Nippon India Gold Savings Fund - Direct Plan Growth Plan - Growth Option,23.3235,Nippon India Mutual Fund,Other Scheme - FoF Domestic
2023-02-23,118663,Nippon India Gold Savings Fund - Direct Plan Growth Plan - Growth Option,23.1781,Nippon India Mutual Fund,Other Scheme - FoF Domestic
2023-02-24,118663,Nippon India Gold Savings Fund - Direct Plan Growth Plan - Growth Option,23.1392,Nippon India Mutual Fund,Other Scheme - FoF Domestic
2023-02-27,118663,Nippon India Gold Savings Fund - Direct Plan Growth Plan - Growth Option,22.9742,Nippon India Mutual Fund,Other Scheme - FoF Domestic
2023-02-28,118663,Nippon India Gold Savings Fund - Direct Plan Growth Plan - Growth Option,22.9596,Nippon India Mutual Fund,Other Scheme - FoF Domestic
2023-03-01,118663,Nippon India Gold Savings Fund - Direct Plan Growth Plan - Growth Option,23.1338,Nippon India Mutual Fund,Other Scheme - FoF Domestic
2023-03-02,118663,Nippon India Gold Savings Fund - Direct Plan Growth Plan - Growth Option,23.1531,Nippon India Mutual Fund,Other Scheme - FoF Domestic
2023-03-03,118663,Nippon India Gold Savings Fund - Direct Plan Growth Plan - Growth Option,23.1578,Nippon India Mutual Fund,Other Scheme - FoF Domestic
2023-03-06,118663,Nippon India Gold Savings Fund - Direct Plan Growth Plan - Growth Option,23.1623,Nippon India Mutual Fund,Other Scheme - FoF Domestic
2023-03-08,118663,Nippon India Gold Savings Fund - Direct Plan Growth Plan - Growth Option,22.8185,Nippon India Mutual Fund,Other Scheme - FoF Domestic
2023-03-09,118663,Nippon India Gold Savings Fund - Direct Plan Growth Plan - Growth Option,22.7942,Nippon India Mutual Fund,Other Scheme - FoF Domestic
2023-03-10,118663,Nippon India Gold Savings Fund - Direct Plan Growth Plan - Growth Option,22.9684,Nippon India Mutual Fund,Other Scheme - FoF Domestic
2023-03-13,118663,Nippon India Gold Savings Fund - Direct Plan Growth Plan - Growth Option,23.6409,Nippon India Mutual Fund,Other Scheme - FoF Domestic
2023-03-14,118663,Nippon India Gold Savings Fund - Direct Plan Growth Plan - Growth Option,23.7909,Nippon India Mutual Fund,Other Scheme - FoF Domestic
2023-03-15,118663,Nippon India Gold Savings Fund - Direct Plan Growth Plan - Growth Option,23.6939,Nippon India Mutual Fund,Other Scheme - FoF Domestic
2023-03-16,118663,Nippon India Gold Savings Fund - Direct Plan Growth Plan - Growth Option,24.0666,Nippon India Mutual Fund,Other Scheme - FoF Domestic
2023-03-17,118663,Nippon India Gold Savings Fund - Direct Plan Growth Plan - Growth Option,24.0907,Nippon India Mutual Fund,Other Scheme - FoF Domestic
2023-03-20,118663,Nippon India Gold Savings Fund - Direct Plan Growth Plan - Growth Option,24.6523,Nippon India Mutual Fund,Other Scheme - FoF Domestic
2023-03-21,118663,Nippon India Gold Savings Fund - Direct Plan Growth Plan - Growth Option,24.4441,Nippon India Mutual Fund,Other Scheme - FoF Domestic
2023-03-22,118663,Nippon India Gold Savings Fund - Direct Plan Growth Plan - Growth Option,24.2309,Nippon India Mutual Fund,Other Scheme - FoF Domestic
2023-03-23,118663,Nippon India Gold Savings Fund - Direct Plan Growth Plan - Growth Option,24.3858,Nippon India Mutual Fund,Other Scheme - FoF Domestic
2023-03-24,118663,Nippon India Gold Savings Fund - Direct Plan Growth Plan - Growth Option,24.6472,Nippon India Mutual Fund,Other Scheme - FoF Domestic
2023-03-27,118663,Nippon India Gold Savings Fund - Direct Plan Growth Plan - Growth Option,24.4048,Nippon India Mutual Fund,Other Scheme - FoF Domestic
2023-03-28,118663,Nippon India Gold Savings Fund - Direct Plan Growth Plan - Growth Option,24.4096,Nippon India Mutual Fund,Other Scheme - FoF Domestic
2023-03-29,118663,Nippon India Gold Savings Fund - Direct Plan Growth Plan - Growth Option,24.5447,Nippon India Mutual Fund,Other Scheme - FoF Domestic
2023-03-31,118663,Nippon India Gold Savings Fund - Direct Plan Growth Plan - Growth Option,24.727,Nippon India Mutual Fund,Other Scheme - FoF Domestic
2023-04-03,118663,Nippon India Gold Savings Fund - Direct Plan Growth Plan - Growth Option,24.597,Nippon India Mutual Fund,Other Scheme - FoF Domestic
2023-04-05,118663,Nippon India Gold Savings Fund - Direct Plan Growth Plan - Growth Option,25.11,Nippon India Mutual Fund,Other Scheme - FoF Domestic
2023-04-06,118663,Nippon India Gold Savings Fund - Direct Plan Growth Plan - Growth Option,25.0858,Nippon India Mutual Fund,Other Scheme - FoF Domestic
2023-04-10,118663,Nippon India Gold Savings Fund - Direct Plan Growth Plan - Growth Option,24.8774,Nippon India Mutual Fund,Other Scheme - FoF Domestic
2023-04-11,118663,Nippon India Gold Savings Fund - Direct Plan Growth Plan - Growth Option,24.9596,Nippon India Mutual Fund,Other Scheme - FoF Domestic
2023-04-12,118663,Nippon India Gold Savings Fund - Direct Plan Growth Plan - Growth Option,25.0418,Nippon India Mutual Fund,Other Scheme - FoF Domestic
2023-04-13,118663,Nippon India Gold Savings Fund - Direct Plan Growth Plan - Growth Option,25.1481,Nippon India Mutual Fund,Other Scheme - FoF Domestic
2023-04-17,118663,Nippon India Gold Savings Fund - Direct Plan Growth Plan - Growth Option,25.0318,Nippon India Mutual Fund,Other Scheme - FoF Domestic
2023-04-18,118663,Nippon India Gold Savings Fund - Direct Plan Growth Plan - Growth Option,24.9447,Nippon India Mutual Fund,Other Scheme - FoF Domestic
2023-04-19,118663,Nippon India Gold Savings Fund - Direct Plan Growth Plan - Growth Option,24.7511,Nippon India Mutual Fund,Other Scheme - FoF Domestic
2023-04-20,118663,Nippon India Gold Savings Fund - Direct Plan Growth Plan - Growth Option,25.0029,Nippon India Mutual Fund,Other Scheme - FoF Domestic
2023-04-21,118663,Nippon India Gold Savings Fund - Direct Plan Growth Plan - Growth Option,24.8334,Nippon India Mutual Fund,Other Scheme - FoF Domestic
2023-04-24,118663,Nippon India Gold Savings Fund - Direct Plan Growth Plan - Growth Option,24.8186,Nippon India Mutual Fund,Other Scheme - FoF Domestic
2023-04-25,118663,Nippon India Gold Savings Fund - Direct Plan Growth Plan - Growth Option,24.8476,Nippon India Mutual Fund,Other Scheme - FoF Domestic
2023-04-26,118663,Nippon India Gold Savings Fund - Direct Plan Growth Plan - Growth Option,24.925,Nippon India Mutual Fund,Other Scheme - FoF Domestic
2023-04-27,118663,Nippon India Gold Savings Fund - Direct Plan Growth Plan - Growth Option,24.9201,Nippon India Mutual Fund,Other Scheme - FoF Domestic
2023-04-28,118663,Nippon India Gold Savings Fund - Direct Plan Growth Plan - Growth Option,24.8135,Nippon India Mutual Fund,Other Scheme - FoF Domestic
2023-05-02,118663,Nippon India Gold Savings Fund - Direct Plan Growth Plan - Growth Option,24.8423,Nippon India Mutual Fund,Other Scheme - FoF Domestic
2023-05-03,118663,Nippon India Gold Savings Fund - Direct Plan Growth Plan - Growth Option,25.2053,Nippon India Mutual Fund,Other Scheme - FoF Domestic
2023-05-04,118663,Nippon India Gold Savings Fund - Direct Plan Growth Plan - Growth Option,25.4229,Nippon India Mutual Fund,Other Scheme - FoF Domestic
2023-05-05,118663,Nippon India Gold Savings Fund - Direct Plan Growth Plan - Growth Option,25.418,Nippon India Mutual Fund,Other Scheme - FoF Domestic
2023-05-08,118663,Nippon India Gold Savings Fund - Direct Plan Growth Plan - Growth Option,25.2581,Nippon India Mutual Fund,Other Scheme - FoF Domestic
2023-05-09,118663,Nippon India Gold Savings Fund - Direct Plan Growth Plan - Growth Option,25.3548,Nippon India Mutual Fund,Other Scheme - FoF Domestic
2023-05-10,118663,Nippon India Gold Savings Fund - Direct Plan Growth Plan - Growth Option,25.3838,Nippon India Mutual Fund,Other Scheme - FoF Domestic
2023-05-11,118663,Nippon India Gold Savings Fund - Direct Plan Growth Plan - Growth Option,25.3547,Nippon India Mutual Fund,Other Scheme - FoF Domestic
2023-05-12,118663,Nippon India Gold Savings Fund - Direct Plan Growth Plan - Growth Option,25.1319,Nippon India Mutual Fund,Other Scheme - FoF Domestic
2023-05-15,118663,Nippon India Gold Savings Fund - Direct Plan Growth Plan - Growth Option,25.3108,Nippon India Mutual Fund,Other Scheme - FoF Domestic
2023-05-16,118663,Nippon India Gold Savings Fund - Direct Plan Growth Plan - Growth Option,25.1994,Nippon India Mutual Fund,Other Scheme - FoF Domestic
2023-05-17,118663,Nippon India Gold Savings Fund - Direct Plan Growth Plan - Growth Option,24.9916,Nippon India Mutual Fund,Other Scheme - FoF Domestic
2023-05-18,118663,Nippon India Gold Savings Fund - Direct Plan Growth Plan - Growth Option,24.977,Nippon India Mutual Fund,Other Scheme - FoF Domestic
2023-05-19,118663,Nippon India Gold Savings Fund - Direct Plan Growth Plan - Growth Option,24.9044,Nippon India Mutual Fund,Other Scheme - FoF Domestic
2023-05-22,118663,Nippon India Gold Savings Fund - Direct Plan Growth Plan - Growth Option,25.1655,Nippon India Mutual Fund,Other Scheme - FoF Domestic
2023-05-23,118663,Nippon India Gold Savings Fund - Direct Plan Growth Plan - Growth Option,24.8994,Nippon India Mutual Fund,Other Scheme - FoF Domestic
2023-05-24,118663,Nippon India Gold Savings Fund - Direct Plan Growth Plan - Growth Option,25.0543,Nippon India Mutual Fund,Other Scheme - FoF Domestic
2023-05-25,118663,Nippon India Gold Savings Fund - Direct Plan Growth Plan - Growth Option,24.909,Nippon India Mutual Fund,Other Scheme - FoF Domestic
2023-05-26,118663,Nippon India Gold Savings Fund - Direct Plan Growth Plan - Growth Option,24.8509,Nippon India Mutual Fund,Other Scheme - FoF Domestic
2023-05-29,118663,Nippon India Gold Savings Fund - Direct Plan Growth Plan - Growth Option,24.7781,Nippon India Mutual Fund,Other Scheme - FoF Domestic
2023-05-30,118663,Nippon India Gold Savings Fund - Direct Plan Growth Plan - Growth Option,24.7585,Nippon India Mutual Fund,Other Scheme - FoF Domestic
2023-05-31,118663,Nippon India Gold Savings Fund - Direct Plan Growth Plan - Growth Option,24.7536,Nippon India Mutual Fund,Other Scheme - FoF Domestic
2023-06-01,118663,Nippon India Gold Savings Fund - Direct Plan Growth Plan - Growth Option,24.6857,Nippon India Mutual Fund,Other Scheme - FoF Domestic
2023-06-02,118663,Nippon India Gold Savings Fund - Direct Plan Growth Plan - Growth Option,24.8454,Nippon India Mutual Fund,Other Scheme - FoF Domestic
2023-06-05,118663,Nippon India Gold Savings Fund - Direct Plan Growth Plan - Growth Option,24.5548,Nippon India Mutual Fund,Other Scheme - FoF Domestic
2023-06-06,118663,Nippon India Gold Savings Fund - Direct Plan Growth Plan - Growth Option,24.7242,Nippon India Mutual Fund,Other Scheme - FoF Domestic
2023-06-07,118663,Nippon India Gold Savings Fund - Direct Plan Growth Plan - Growth Option,24.6854,Nippon India Mutual Fund,Other Scheme - FoF Domestic
2023-06-08,118663,Nippon India Gold Savings Fund - Direct Plan Growth Plan - Growth Option,24.5449,Nippon India Mutual Fund,Other Scheme - FoF Domestic
2023-06-09,118663,Nippon India Gold Savings Fund - Direct Plan Growth Plan - Growth Option,24.6706,Nippon India Mutual Fund,Other Scheme - FoF Domestic
2023-06-12,118663,Nippon India Gold Savings Fund - Direct Plan Growth Plan - Growth Option,24.6559,Nippon India Mutual Fund,Other Scheme - FoF Domestic
2023-06-13,118663,Nippon India Gold Savings Fund - Direct Plan Growth Plan - Growth Option,24.6365,Nippon India Mutual Fund,Other Scheme - FoF Domestic
2023-06-14,118663,Nippon India Gold Savings Fund - Direct Plan Growth Plan - Growth Option,24.4767,Nippon India Mutual Fund,Other Scheme - FoF Domestic
2023-06-15,118663,Nippon India Gold Savings Fund - Direct Plan Growth Plan - Growth Option,24.2833,Nippon India Mutual Fund,Other Scheme - FoF Domestic
2023-06-16,118663,Nippon India Gold Savings Fund - Direct Plan Growth Plan - Growth Option,24.5251,Nippon India Mutual Fund,Other Scheme - FoF Domestic
2023-06-19,118663,Nippon India Gold Savings Fund - Direct Plan Growth Plan - Growth Option,24.462,Nippon India Mutual Fund,Other Scheme - FoF Domestic
2023-06-20,118663,Nippon India Gold Savings Fund - Direct Plan Growth Plan - Growth Option,24.4425,Nippon India Mutual Fund,Other Scheme - FoF Domestic
2023-06-21,118663,Nippon India Gold Savings Fund - Direct Plan Growth Plan - Growth Option,24.2488,Nippon India Mutual Fund,Other Scheme - FoF Domestic
2023-06-22,118663,Nippon India Gold Savings Fund - Direct Plan Growth Plan - Growth Option,24.1373,Nippon India Mutual Fund,Other Scheme - FoF Domestic
2023-06-23,118663,Nippon India Gold Savings Fund - Direct Plan Growth Plan - Growth Option,24.084,Nippon India Mutual Fund,Other Scheme - FoF Domestic
2023-06-26,118663,Nippon India Gold Savings Fund - Direct Plan Growth Plan - Growth Option,24.1998,Nippon India Mutual Fund,Other Scheme - FoF Domestic
2023-06-27,118663,Nippon India Gold Savings Fund - Direct Plan Growth Plan - Growth Option,24.1079,Nippon India Mutual Fund,Other Scheme - FoF Domestic
2023-06-28,118663,Nippon India Gold Savings Fund - Direct Plan Growth Plan - Growth Option,23.9869,Nippon India Mutual Fund,Other Scheme - FoF Domestic
2023-06-30,118663,Nippon India Gold Savings Fund - Direct Plan Growth Plan - Growth Option,23.8706,Nippon India Mutual Fund,Other Scheme - FoF Domestic
2023-07-03,118663,Nippon India Gold Savings Fund - Direct Plan Growth Plan - Growth Option,23.9914,Nippon India Mutual Fund,Other Scheme - FoF Domestic
2023-07-04,118663,Nippon India Gold Savings Fund - Direct Plan Growth Plan - Growth Option,24.1463,Nippon India Mutual Fund,Other Scheme - FoF Domestic
2023-07-05,118663,Nippon India Gold Savings Fund - Direct Plan Growth Plan - Growth Option,24.1946,Nippon India Mutual Fund,Other Scheme - FoF Domestic
2023-07-06,118663,Nippon India Gold Savings Fund - Direct Plan Growth Plan - Growth Option,24.1558,Nippon India Mutual Fund,Other Scheme - FoF Domestic
2023-07-07,118663,Nippon India Gold Savings Fund - Direct Plan Growth Plan - Growth Option,24.2138,Nippon India Mutual Fund,Other Scheme - FoF Domestic
2023-07-10,118663,Nippon India Gold Savings Fund - Direct Plan Growth Plan - Growth Option,24.2184,Nippon India Mutual Fund,Other Scheme - FoF Domestic
2023-07-11,118663,Nippon India Gold Savings Fund - Direct Plan Growth Plan - Growth Option,24.2813,Nippon India Mutual Fund,Other Scheme - FoF Domestic
2023-07-12,118663,Nippon India Gold Savings Fund - Direct Plan Growth Plan - Growth Option,24.2522,Nippon India Mutual Fund,Other Scheme - FoF Domestic
2023-07-13,118663,Nippon India Gold Savings Fund - Direct Plan Growth Plan - Growth Option,24.4554,Nippon India Mutual Fund,Other Scheme - FoF Domestic
2023-07-14,118663,Nippon India Gold Savings Fund - Direct Plan Growth Plan - Growth Option,24.4892,Nippon India Mutual Fund,Other Scheme - FoF Domestic
2023-07-17,118663,Nippon India Gold Savings Fund - Direct Plan Growth Plan - Growth Option,24.4406,Nippon India Mutual Fund,Other Scheme - FoF Domestic
2023-07-18,118663,Nippon India Gold Savings Fund - Direct Plan Growth Plan - Growth Option,24.5228,Nippon India Mutual Fund,Other Scheme - FoF Domestic
2023-07-19,118663,Nippon India Gold Savings Fund - Direct Plan Growth Plan - Growth Option,24.6967,Nippon India Mutual Fund,Other Scheme - FoF Domestic
2023-07-20,118663,Nippon India Gold Savings Fund - Direct Plan Growth Plan - Growth Option,24.7257,Nippon India Mutual Fund,Other Scheme - FoF Domestic
2023-07-21,118663,Nippon India Gold Savings Fund - Direct Plan Growth Plan - Growth Option,24.5176,Nippon India Mutual Fund,Other Scheme - FoF Domestic
2023-07-24,118663,Nippon India Gold Savings Fund - Direct Plan Growth Plan - Growth Option,24.5174,Nippon India Mutual Fund,Other Scheme - FoF Domestic
2023-07-25,118663,Nippon India Gold Savings Fund - Direct Plan Growth Plan - Growth Option,24.4835,Nippon India Mutual Fund,Other Scheme - FoF Domestic
2023-07-26,118663,Nippon India Gold Savings Fund - Direct Plan Growth Plan - Growth Option,24.6092,Nippon India Mutual Fund,Other Scheme - FoF Domestic
2023-07-27,118663,Nippon India Gold Savings Fund - Direct Plan Growth Plan - Growth Option,24.6526,Nippon India Mutual Fund,Other Scheme - FoF Domestic
2023-07-28,118663,Nippon India Gold Savings Fund - Direct Plan Growth Plan - Growth Option,24.5268,Nippon India Mutual Fund,Other Scheme - FoF Domestic
2023-07-31,118663,Nippon India Gold Savings Fund - Direct Plan Growth Plan - Growth Option,24.5217,Nippon India Mutual Fund,Other Scheme - FoF Domestic
2023-08-01,118663,Nippon India Gold Savings Fund - Direct Plan Growth Plan - Growth Option,24.5362,Nippon India Mutual Fund,Other Scheme - FoF Domestic
2023-08-02,118663,Nippon India Gold Savings Fund - Direct Plan Growth Plan - Growth Option,24.5313,Nippon India Mutual Fund,Other Scheme - FoF Domestic
2023-08-03,118663,Nippon India Gold Savings Fund - Direct Plan Growth Plan - Growth Option,24.4635,Nippon India Mutual Fund,Other Scheme - FoF Domestic
2023-08-04,118663,Nippon India Gold Savings Fund - Direct Plan Growth Plan - Growth Option,24.4441,Nippon India Mutual Fund,Other Scheme - FoF Domestic
2023-08-07,118663,Nippon India Gold Savings Fund - Direct Plan Growth Plan - Growth Option,24.4391,Nippon India Mutual Fund,Other Scheme - FoF Domestic
2023-08-08,118663,Nippon India Gold Savings Fund - Direct Plan Growth Plan - Growth Option,24.4728,Nippon India Mutual Fund,Other Scheme - FoF Domestic
2023-08-09,118663,Nippon India Gold Savings Fund - Direct Plan Growth Plan - Growth Option,24.3809,Nippon India Mutual Fund,Other Scheme - FoF Domestic
2023-08-10,118663,Nippon India Gold Savings Fund - Direct Plan Growth Plan - Growth Option,24.3132,Nippon India Mutual Fund,Other Scheme - FoF Domestic
2023-08-11,118663,Nippon India Gold Savings Fund - Direct Plan Growth Plan - Growth Option,24.2648,Nippon India Mutual Fund,Other Scheme - FoF Domestic
2023-08-14,118663,Nippon India Gold Savings Fund - Direct Plan Growth Plan - Growth Option,24.2452,Nippon India Mutual Fund,Other Scheme - FoF Domestic
2023-08-16,118663,Nippon India Gold Savings Fund - Direct Plan Growth Plan - Growth Option,24.2548,Nippon India Mutual Fund,Other Scheme - FoF Domestic
2023-08-17,118663,Nippon India Gold Savings Fund - Direct Plan Growth Plan - Growth Option,24.1145,Nippon India Mutual Fund,Other Scheme - FoF Domestic
2023-08-18,118663,Nippon India Gold Savings Fund - Direct Plan Growth Plan - Growth Option,24.0806,Nippon India Mutual Fund,Other Scheme - FoF Domestic
2023-08-21,118663,Nippon India Gold Savings Fund - Direct Plan Growth Plan - Growth Option,24.0466,Nippon India Mutual Fund,Other Scheme - FoF Domestic
2023-08-22,118663,Nippon India Gold Savings Fund - Direct Plan Growth Plan - Growth Option,24.153,Nippon India Mutual Fund,Other Scheme - FoF Domestic
2023-08-23,118663,Nippon India Gold Savings Fund - Direct Plan Growth Plan - Growth Option,24.1093,Nippon India Mutual Fund,Other Scheme - FoF Domestic
2023-08-24,118663,Nippon India Gold Savings Fund - Direct Plan Growth Plan - Growth Option,24.2157,Nippon India Mutual Fund,Other Scheme - FoF Domestic
2023-08-25,118663,Nippon India Gold Savings Fund - Direct Plan Growth Plan - Growth Option,24.1721,Nippon India Mutual Fund,Other Scheme - FoF Domestic
2023-08-28,118663,Nippon India Gold Savings Fund - Direct Plan Growth Plan - Growth Option,24.1041,Nippon India Mutual Fund,Other Scheme - FoF Domestic
2023-08-29,118663,Nippon India Gold Savings Fund - Direct Plan Growth Plan - Growth Option,24.1911,Nippon India Mutual Fund,Other Scheme - FoF Domestic
2023-08-30,118663,Nippon India Gold Savings Fund - Direct Plan Growth Plan - Growth Option,24.3652,Nippon India Mutual Fund,Other Scheme - FoF Domestic
2023-08-31,118663,Nippon India Gold Savings Fund - Direct Plan Growth Plan - Growth Option,24.37,Nippon India Mutual Fund,Other Scheme - FoF Domestic
2023-09-01,118663,Nippon India Gold Savings Fund - Direct Plan Growth Plan - Growth Option,24.3796,Nippon India Mutual Fund,Other Scheme - FoF Domestic
2023-09-04,118663,Nippon India Gold Savings Fund - Direct Plan Growth Plan - Growth Option,24.4132,Nippon India Mutual Fund,Other Scheme - FoF Domestic
2023-09-05,118663,Nippon India Gold Savings Fund - Direct Plan Growth Plan - Growth Option,24.3696,Nippon India Mutual Fund,Other Scheme - FoF Domestic
2023-09-06,118663,Nippon India Gold Savings Fund - Direct Plan Growth Plan - Growth Option,24.3502,Nippon India Mutual Fund,Other Scheme - FoF Domestic
2023-09-07,118663,Nippon India Gold Savings Fund - Direct Plan Growth Plan - Growth Option,24.2823,Nippon India Mutual Fund,Other Scheme - FoF Domestic
2023-09-08,118663,Nippon India Gold Savings Fund - Direct Plan Growth Plan - Growth Option,24.3016,Nippon India Mutual Fund,Other Scheme - FoF Domestic
2023-09-11,118663,Nippon India Gold Savings Fund - Direct Plan Growth Plan - Growth Option,24.2772,Nippon India Mutual Fund,Other Scheme - FoF Domestic
2023-09-12,118663,Nippon India Gold Savings Fund - Direct Plan Growth Plan - Growth Option,24.2094,Nippon India Mutual Fund,Other Scheme - FoF Domestic
2023-09-13,118663,Nippon India Gold Savings Fund - Direct Plan Growth Plan - Growth Option,24.1416,Nippon India Mutual Fund,Other Scheme - FoF Domestic
2023-09-14,118663,Nippon India Gold Savings Fund - Direct Plan Growth Plan - Growth Option,24.1415,Nippon India Mutual Fund,Other Scheme - FoF Domestic
2023-09-15,118663,Nippon India Gold Savings Fund - Direct Plan Growth Plan - Growth Option,24.2576,Nippon India Mutual Fund,Other Scheme - FoF Domestic
2023-09-18,118663,Nippon India Gold Savings Fund - Direct Plan Growth Plan - Growth Option,24.4121,Nippon India Mutual Fund,Other Scheme - FoF Domestic
2023-09-20,118663,Nippon India Gold Savings Fund - Direct Plan Growth Plan - Growth Option,24.383,Nippon India Mutual Fund,Other Scheme - FoF Domestic
2023-09-21,118663,Nippon India Gold Savings Fund - Direct Plan Growth Plan - Growth Option,24.3297,Nippon India Mutual Fund,Other Scheme - FoF Domestic
2023-09-22,118663,Nippon India Gold Savings Fund - Direct Plan Growth Plan - Growth Option,24.3054,Nippon India Mutual Fund,Other Scheme - FoF Domestic
2023-09-25,118663,Nippon India Gold Savings Fund - Direct Plan Growth Plan - Growth Option,24.3052,Nippon India Mutual Fund,Other Scheme - FoF Domestic
2023-09-26,118663,Nippon India Gold Savings Fund - Direct Plan Growth Plan - Growth Option,24.2083,Nippon India Mutual Fund,Other Scheme - FoF Domestic
2023-09-27,118663,Nippon India Gold Savings Fund - Direct Plan Growth Plan - Growth Option,24.0533,Nippon India Mutual Fund,Other Scheme - FoF Domestic
2023-09-29,118663,Nippon India Gold Savings Fund - Direct Plan Growth Plan - Growth Option,23.8549,Nippon India Mutual Fund,Other Scheme - FoF Domestic
2023-10-03,118663,Nippon India Gold Savings Fund - Direct Plan Growth Plan - Growth Option,23.6322,Nippon India Mutual Fund,Other Scheme - FoF Domestic
2023-10-04,118663,Nippon India Gold Savings Fund - Direct Plan Growth Plan - Growth Option,23.4047,Nippon India Mutual Fund,Other Scheme - FoF Domestic
2023-10-05,118663,Nippon India Gold Savings Fund - Direct Plan Growth Plan - Growth Option,23.3514,Nippon India Mutual Fund,Other Scheme - FoF Domestic
2023-10-06,118663,Nippon India Gold Savings Fund - Direct Plan Growth Plan - Growth Option,23.4142,Nippon India Mutual Fund,Other Scheme - FoF Domestic
2023-10-09,118663,Nippon India Gold Savings Fund - Direct Plan Growth Plan - Growth Option,23.6558,Nippon India Mutual Fund,Other Scheme - FoF Domestic
2023-10-10,118663,Nippon India Gold Savings Fund - Direct Plan Growth Plan - Growth Option,23.6799,Nippon India Mutual Fund,Other Scheme - FoF Domestic
2023-10-11,118663,Nippon India Gold Savings Fund - Direct Plan Growth Plan - Growth Option,23.7958,Nippon India Mutual Fund,Other Scheme - FoF Domestic
2023-10-12,118663,Nippon India Gold Savings Fund - Direct Plan Growth Plan - Growth Option,23.902,Nippon India Mutual Fund,Other Scheme - FoF Domestic
2023-10-13,118663,Nippon India Gold Savings Fund - Direct Plan Growth Plan - Growth Option,23.9503,Nippon India Mutual Fund,Other Scheme - FoF Domestic
2023-10-16,118663,Nippon India Gold Savings Fund - Direct Plan Growth Plan - Growth Option,24.3175,Nippon India Mutual Fund,Other Scheme - FoF Domestic
2023-10-17,118663,Nippon India Gold Savings Fund - Direct Plan Growth Plan - Growth Option,24.3465,Nippon India Mutual Fund,Other Scheme - FoF Domestic
2023-10-18,118663,Nippon India Gold Savings Fund - Direct Plan Growth Plan - Growth Option,24.5737,Nippon India Mutual Fund,Other Scheme - FoF Domestic
2023-10-19,118663,Nippon India Gold Savings Fund - Direct Plan Growth Plan - Growth Option,24.6364,Nippon India Mutual Fund,Other Scheme - FoF Domestic
2023-10-20,118663,Nippon India Gold Savings Fund - Direct Plan Growth Plan - Growth Option,24.965,Nippon India Mutual Fund,Other Scheme - FoF Domestic
2023-10-23,118663,Nippon India Gold Savings Fund - Direct Plan Growth Plan - Growth Option,24.9406,Nippon India Mutual Fund,Other Scheme - FoF Domestic
2023-10-25,118663,Nippon India Gold Savings Fund - Direct Plan Growth Plan - Growth Option,24.8776,Nippon India Mutual Fund,Other Scheme - FoF Domestic
2023-10-26,118663,Nippon India Gold Savings Fund - Direct Plan Growth Plan - Growth Option,25.0807,Nippon India Mutual Fund,Other Scheme - FoF Domestic
2023-10-27,118663,Nippon India Gold Savings Fund - Direct Plan Growth Plan - Growth Option,24.9887,Nippon India Mutual Fund,Other Scheme - FoF Domestic
2023-10-30,118663,Nippon India Gold Savings Fund - Direct Plan Growth Plan - Growth Option,25.1723,Nippon India Mutual Fund,Other Scheme - FoF Domestic
2023-10-31,118663,Nippon India Gold Savings Fund - Direct Plan Growth Plan - Growth Option,25.1916,Nippon India Mutual Fund,Other Scheme - FoF Domestic
2023-11-01,118663,Nippon India Gold Savings Fund - Direct Plan Growth Plan - Growth Option,25.0463,Nippon India Mutual Fund,Other Scheme - FoF Domestic
2023-11-02,118663,Nippon India Gold Savings Fund - Direct Plan Growth Plan - Growth Option,25.0898,Nippon India Mutual Fund,Other Scheme - FoF Domestic
2023-11-03,118663,Nippon India Gold Savings Fund - Direct Plan Growth Plan - Growth Option,25.0655,Nippon India Mutual Fund,Other Scheme - FoF Domestic
2023-11-06,118663,Nippon India Gold Savings Fund - Direct Plan Growth Plan - Growth Option,25.0411,Nippon India Mutual Fund,Other Scheme - FoF Domestic
2023-11-07,118663,Nippon India Gold Savings Fund - Direct Plan Growth Plan - Growth Option,24.8524,Nippon India Mutual Fund,Other Scheme - FoF Domestic
2023-11-08,118663,Nippon India Gold Savings Fund - Direct Plan Growth Plan - Growth Option,24.8716,Nippon India Mutual Fund,Other Scheme - FoF Domestic
2023-11-09,118663,Nippon India Gold Savings Fund - Direct Plan Growth Plan - Growth Option,24.649,Nippon India Mutual Fund,Other Scheme - FoF Domestic
2023-11-10,118663,Nippon India Gold Savings Fund - Direct Plan Growth Plan - Growth Option,24.8278,Nippon India Mutual Fund,Other Scheme - FoF Domestic
2023-11-13,118663,Nippon India Gold Savings Fund - Direct Plan Growth Plan - Growth Option,24.644,Nippon India Mutual Fund,Other Scheme - FoF Domestic
2023-11-15,118663,Nippon India Gold Savings Fund - Direct Plan Growth Plan - Growth Option,24.8999,Nippon India Mutual Fund,Other Scheme - FoF Domestic
2023-11-16,118663,Nippon India Gold Savings Fund - Direct Plan Growth Plan - Growth Option,24.866,Nippon India Mutual Fund,Other Scheme - FoF Domestic
2023-11-17,118663,Nippon India Gold Savings Fund - Direct Plan Growth Plan - Growth Option,25.0932,Nippon India Mutual Fund,Other Scheme - FoF Domestic
2023-11-20,118663,Nippon India Gold Savings Fund - Direct Plan Growth Plan - Growth Option,24.9962,Nippon India Mutual Fund,Other Scheme - FoF Domestic
2023-11-21,118663,Nippon India Gold Savings Fund - Direct Plan Growth Plan - Growth Option,25.1025,Nippon India Mutual Fund,Other Scheme - FoF Domestic
2023-11-22,118663,Nippon India Gold Savings Fund - Direct Plan Growth Plan - Growth Option,25.2427,Nippon India Mutual Fund,Other Scheme - FoF Domestic
2023-11-23,118663,Nippon India Gold Savings Fund - Direct Plan Growth Plan - Growth Option,25.17,Nippon India Mutual Fund,Other Scheme - FoF Domestic
2023-11-24,118663,Nippon India Gold Savings Fund - Direct Plan Growth Plan - Growth Option,25.2329,Nippon India Mutual Fund,Other Scheme - FoF Domestic
2023-11-28,118663,Nippon India Gold Savings Fund - Direct Plan Growth Plan - Growth Option,25.3051,Nippon India Mutual Fund,Other Scheme - FoF Domestic
2023-11-29,118663,Nippon India Gold Savings Fund - Direct Plan Growth Plan - Growth Option,25.6678,Nippon India Mutual Fund,Other Scheme - FoF Domestic
2023-11-30,118663,Nippon India Gold Savings Fund - Direct Plan Growth Plan - Growth Option,25.716,Nippon India Mutual Fund,Other Scheme - FoF Domestic
2023-12-01,118663,Nippon India Gold Savings Fund - Direct Plan Growth Plan - Growth Option,25.7837,Nippon India Mutual Fund,Other Scheme - FoF Domestic
2023-12-04,118663,Nippon India Gold Savings Fund - Direct Plan Growth Plan - Growth Option,25.9915,Nippon India Mutual Fund,Other Scheme - FoF Domestic
2023-12-05,118663,Nippon India Gold Savings Fund - Direct Plan Growth Plan - Growth Option,25.6154,Nippon India Mutual Fund,Other Scheme - FoF Domestic
2023-12-06,118663,Nippon India Gold Savings Fund - Direct Plan Growth Plan - Growth Option,25.5621,Nippon India Mutual Fund,Other Scheme - FoF Domestic
2023-12-07,118663,Nippon India Gold Savings Fund - Direct Plan Growth Plan - Growth Option,25.6588,Nippon India Mutual Fund,Other Scheme - FoF Domestic
2023-12-08,118663,Nippon India Gold Savings Fund - Direct Plan Growth Plan - Growth Option,25.6152,Nippon India Mutual Fund,Other Scheme - FoF Domestic
2023-12-11,118663,Nippon India Gold Savings Fund - Direct Plan Growth Plan - Growth Option,25.1698,Nippon India Mutual Fund,Other Scheme - FoF Domestic
2023-12-12,118663,Nippon India Gold Savings Fund - Direct Plan Growth Plan - Growth Option,25.0875,Nippon India Mutual Fund,Other Scheme - FoF Domestic
2023-12-13,118663,Nippon India Gold Savings Fund - Direct Plan Growth Plan - Growth Option,25.0777,Nippon India Mutual Fund,Other Scheme - FoF Domestic
2023-12-14,118663,Nippon India Gold Savings Fund - Direct Plan Growth Plan - Growth Option,25.5468,Nippon India Mutual Fund,Other Scheme - FoF Domestic
2023-12-15,118663,Nippon India Gold Savings Fund - Direct Plan Growth Plan - Growth Option,25.5515,Nippon India Mutual Fund,Other Scheme - FoF Domestic
2023-12-18,118663,Nippon India Gold Savings Fund - Direct Plan Growth Plan - Growth Option,25.3964,Nippon India Mutual Fund,Other Scheme - FoF Domestic
2023-12-19,118663,Nippon India Gold Savings Fund - Direct Plan Growth Plan - Growth Option,25.4447,Nippon India Mutual Fund,Other Scheme - FoF Domestic
2023-12-20,118663,Nippon India Gold Savings Fund - Direct Plan Growth Plan - Growth Option,25.5608,Nippon India Mutual Fund,Other Scheme - FoF Domestic
2023-12-21,118663,Nippon India Gold Savings Fund - Direct Plan Growth Plan - Growth Option,25.5752,Nippon India Mutual Fund,Other Scheme - FoF Domestic
2023-12-22,118663,Nippon India Gold Savings Fund - Direct Plan Growth Plan - Growth Option,25.7348,Nippon India Mutual Fund,Other Scheme - FoF Domestic
2023-12-26,118663,Nippon India Gold Savings Fund - Direct Plan Growth Plan - Growth Option,25.8651,Nippon India Mutual Fund,Other Scheme - FoF Domestic
2023-12-27,118663,Nippon India Gold Savings Fund - Direct Plan Growth Plan - Growth Option,25.9473,Nippon India Mutual Fund,Other Scheme - FoF Domestic
2023-12-28,118663,Nippon India Gold Savings Fund - Direct Plan Growth Plan - Growth Option,26.0487,Nippon India Mutual Fund,Other Scheme - FoF Domestic
2023-12-29,118663,Nippon India Gold Savings Fund - Direct Plan Growth Plan - Growth Option,25.9616,Nippon India Mutual Fund,Other Scheme - FoF Domestic
2024-01-01,118663,Nippon India Gold Savings Fund - Direct Plan Growth Plan - Growth Option,26.0001,Nippon India Mutual Fund,Other Scheme - FoF Domestic
2024-01-02,118663,Nippon India Gold Savings Fund - Direct Plan Growth Plan - Growth Option,26.1306,Nippon India Mutual Fund,Other Scheme - FoF Domestic
2024-01-03,118663,Nippon India Gold Savings Fund - Direct Plan Growth Plan - Growth Option,25.8985,Nippon India Mutual Fund,Other Scheme - FoF Domestic
2024-01-04,118663,Nippon India Gold Savings Fund - Direct Plan Growth Plan - Growth Option,25.7823,Nippon India Mutual Fund,Other Scheme - FoF Domestic
2024-01-05,118663,Nippon India Gold Savings Fund - Direct Plan Growth Plan - Growth Option,25.7096,Nippon India Mutual Fund,Other Scheme - FoF Domestic
2024-01-08,118663,Nippon India Gold Savings Fund - Direct Plan Growth Plan - Growth Option,25.5691,Nippon India Mutual Fund,Other Scheme - FoF Domestic
2024-01-09,118663,Nippon India Gold Savings Fund - Direct Plan Growth Plan - Growth Option,25.6512,Nippon India Mutual Fund,Other Scheme - FoF Domestic
2024-01-10,118663,Nippon India Gold Savings Fund - Direct Plan Growth Plan - Growth Option,25.6028,Nippon India Mutual Fund,Other Scheme - FoF Domestic
2024-01-11,118663,Nippon India Gold Savings Fund - Direct Plan Growth Plan - Growth Option,25.5641,Nippon India Mutual Fund,Other Scheme - FoF Domestic
2024-01-12,118663,Nippon India Gold Savings Fund - Direct Plan Growth Plan - Growth Option,25.6365,Nippon India Mutual Fund,Other Scheme - FoF Domestic
2024-01-15,118663,Nippon India Gold Savings Fund - Direct Plan Growth Plan - Growth Option,25.762,Nippon India Mutual Fund,Other Scheme - FoF Domestic
2024-01-16,118663,Nippon India Gold Savings Fund - Direct Plan Growth Plan - Growth Option,25.6652,Nippon India Mutual Fund,Other Scheme - FoF Domestic
2024-01-17,118663,Nippon India Gold Savings Fund - Direct Plan Growth Plan - Growth Option,25.4813,Nippon India Mutual Fund,Other Scheme - FoF Domestic
2024-01-18,118663,Nippon India Gold Savings Fund - Direct Plan Growth Plan - Growth Option,25.3942,Nippon India Mutual Fund,Other Scheme - FoF Domestic
2024-01-19,118663,Nippon India Gold Savings Fund - Direct Plan Growth Plan - Growth Option,25.5633,Nippon India Mutual Fund,Other Scheme - FoF Domestic
2024-01-23,118663,Nippon India Gold Savings Fund - Direct Plan Growth Plan - Growth Option,25.5727,Nippon India Mutual Fund,Other Scheme - FoF Domestic
2024-01-24,118663,Nippon India Gold Savings Fund - Direct Plan Growth Plan - Growth Option,25.5968,Nippon India Mutual Fund,Other Scheme - FoF Domestic
2024-01-25,118663,Nippon India Gold Savings Fund - Direct Plan Growth Plan - Growth Option,25.5048,Nippon India Mutual Fund,Other Scheme - FoF Domestic
2024-01-29,118663,Nippon India Gold Savings Fund - Direct Plan Growth Plan - Growth Option,25.6254,Nippon India Mutual Fund,Other Scheme - FoF Domestic
2024-01-30,118663,Nippon India Gold Savings Fund - Direct Plan Growth Plan - Growth Option,25.7027,Nippon India Mutual Fund,Other Scheme - FoF Domestic
2024-01-31,118663,Nippon India Gold Savings Fund - Direct Plan Growth Plan - Growth Option,25.809,Nippon India Mutual Fund,Other Scheme - FoF Domestic
2024-02-01,118663,Nippon India Gold Savings Fund - Direct Plan Growth Plan - Growth Option,25.862,Nippon India Mutual Fund,Other Scheme - FoF Domestic
2024-02-02,118663,Nippon India Gold Savings Fund - Direct Plan Growth Plan - Growth Option,25.92,Nippon India Mutual Fund,Other Scheme - FoF Domestic
2024-02-05,118663,Nippon India Gold Savings Fund - Direct Plan Growth Plan - Growth Option,25.6298,Nippon India Mutual Fund,Other Scheme - FoF Domestic
2024-02-06,118663,Nippon India Gold Savings Fund - Direct Plan Growth Plan - Growth Option,25.6104,Nippon India Mutual Fund,Other Scheme - FoF Domestic
2024-02-07,118663,Nippon India Gold Savings Fund - Direct Plan Growth Plan - Growth Option,25.7408,Nippon India Mutual Fund,Other Scheme - FoF Domestic
2024-02-08,118663,Nippon India Gold Savings Fund - Direct Plan Growth Plan - Growth Option,25.6634,Nippon India Mutual Fund,Other Scheme - FoF Domestic
2024-02-09,118663,Nippon India Gold Savings Fund - Direct Plan Growth Plan - Growth Option,25.6633,Nippon India Mutual Fund,Other Scheme - FoF Domestic
2024-02-12,118663,Nippon India Gold Savings Fund - Direct Plan Growth Plan - Growth Option,25.5374,Nippon India Mutual Fund,Other Scheme - FoF Domestic
2024-02-13,118663,Nippon India Gold Savings Fund - Direct Plan Growth Plan - Growth Option,25.547,Nippon India Mutual Fund,Other Scheme - FoF Domestic
2024-02-14,118663,Nippon India Gold Savings Fund - Direct Plan Growth Plan - Growth Option,25.2036,Nippon India Mutual Fund,Other Scheme - FoF Domestic
2024-02-15,118663,Nippon India Gold Savings Fund - Direct Plan Growth Plan - Growth Option,25.2374,Nippon India Mutual Fund,Other Scheme - FoF Domestic
2024-02-16,118663,Nippon India Gold Savings Fund - Direct Plan Growth Plan - Growth Option,25.3244,Nippon India Mutual Fund,Other Scheme - FoF Domestic
2024-02-19,118663,Nippon India Gold Savings Fund - Direct Plan Growth Plan - Growth Option,25.4644,Nippon India Mutual Fund,Other Scheme - FoF Domestic
2024-02-20,118663,Nippon India Gold Savings Fund - Direct Plan Growth Plan - Growth Option,25.4256,Nippon India Mutual Fund,Other Scheme - FoF Domestic
2024-02-21,118663,Nippon India Gold Savings Fund - Direct Plan Growth Plan - Growth Option,25.4642,Nippon India Mutual Fund,Other Scheme - FoF Domestic
2024-02-22,118663,Nippon India Gold Savings Fund - Direct Plan Growth Plan - Growth Option,25.5028,Nippon India Mutual Fund,Other Scheme - FoF Domestic
2024-02-23,118663,Nippon India Gold Savings Fund - Direct Plan Growth Plan - Growth Option,25.3673,Nippon India Mutual Fund,Other Scheme - FoF Domestic
2024-02-26,118663,Nippon India Gold Savings Fund - Direct Plan Growth Plan - Growth Option,25.4975,Nippon India Mutual Fund,Other Scheme - FoF Domestic
2024-02-27,118663,Nippon India Gold Savings Fund - Direct Plan Growth Plan - Growth Option,25.5362,Nippon India Mutual Fund,Other Scheme - FoF Domestic
2024-02-28,118663,Nippon India Gold Savings Fund - Direct Plan Growth Plan - Growth Option,25.4442,Nippon India Mutual Fund,Other Scheme - FoF Domestic
2024-02-29,118663,Nippon India Gold Savings Fund - Direct Plan Growth Plan - Growth Option,25.5311,Nippon India Mutual Fund,Other Scheme - FoF Domestic
2024-03-01,118663,Nippon India Gold Savings Fund - Direct Plan Growth Plan - Growth Option,25.5891,Nippon India Mutual Fund,Other Scheme - FoF Domestic
2024-03-04,118663,Nippon India Gold Savings Fund - Direct Plan Growth Plan - Growth Option,26.0676,Nippon India Mutual Fund,Other Scheme - FoF Domestic
2024-03-05,118663,Nippon India Gold Savings Fund - Direct Plan Growth Plan - Growth Option,26.4206,Nippon India Mutual Fund,Other Scheme - FoF Domestic
2024-03-06,118663,Nippon India Gold Savings Fund - Direct Plan Growth Plan - Growth Option,26.4689,Nippon India Mutual Fund,Other Scheme - FoF Domestic
2024-03-07,118663,Nippon India Gold Savings Fund - Direct Plan Growth Plan - Growth Option,26.817,Nippon India Mutual Fund,Other Scheme - FoF Domestic
2024-03-11,118663,Nippon India Gold Savings Fund - Direct Plan Growth Plan - Growth Option,27.0924,Nippon India Mutual Fund,Other Scheme - FoF Domestic
2024-03-12,118663,Nippon India Gold Savings Fund - Direct Plan Growth Plan - Growth Option,27.0585,Nippon India Mutual Fund,Other Scheme - FoF Domestic
2024-03-13,118663,Nippon India Gold Savings Fund - Direct Plan Growth Plan - Growth Option,26.8312,Nippon India Mutual Fund,Other Scheme - FoF Domestic
2024-03-14,118663,Nippon India Gold Savings Fund - Direct Plan Growth Plan - Growth Option,27.01,Nippon India Mutual Fund,Other Scheme - FoF Domestic
2024-03-15,118663,Nippon India Gold Savings Fund - Direct Plan Growth Plan - Growth Option,26.9567,Nippon India Mutual Fund,Other Scheme - FoF Domestic
2024-03-18,118663,Nippon India Gold Savings Fund - Direct Plan Growth Plan - Growth Option,26.8453,Nippon India Mutual Fund,Other Scheme - FoF Domestic
2024-03-19,118663,Nippon India Gold Savings Fund - Direct Plan Growth Plan - Growth Option,26.8984,Nippon India Mutual Fund,Other Scheme - FoF Domestic
2024-03-20,118663,Nippon India Gold Savings Fund - Direct Plan Growth Plan - Growth Option,26.9515,Nippon India Mutual Fund,Other Scheme - FoF Domestic
2024-03-21,118663,Nippon India Gold Savings Fund - Direct Plan Growth Plan - Growth Option,27.4251,Nippon India Mutual Fund,Other Scheme - FoF Domestic
2024-03-22,118663,Nippon India Gold Savings Fund - Direct Plan Growth Plan - Growth Option,27.0819,Nippon India Mutual Fund,Other Scheme - FoF Domestic
2024-03-26,118663,Nippon India Gold Savings Fund - Direct Plan Growth Plan - Growth Option,27.2313,Nippon India Mutual Fund,Other Scheme - FoF Domestic
2024-03-27,118663,Nippon India Gold Savings Fund - Direct Plan Growth Plan - Growth Option,27.1926,Nippon India Mutual Fund,Other Scheme - FoF Domestic
2024-03-28,118663,Nippon India Gold Savings Fund - Direct Plan Growth Plan - Growth Option,27.3808,Nippon India Mutual Fund,Other Scheme - FoF Domestic
2024-03-31,118663,Nippon India Gold Savings Fund - Direct Plan Growth Plan - Growth Option,27.3806,Nippon India Mutual Fund,Other Scheme - FoF Domestic
2024-04-01,118663,Nippon India Gold Savings Fund - Direct Plan Growth Plan - Growth Option,28.2073,Nippon India Mutual Fund,Other Scheme - FoF Domestic
2024-04-02,118663,Nippon India Gold Savings Fund - Direct Plan Growth Plan - Growth Option,28.3621,Nippon India Mutual Fund,Other Scheme - FoF Domestic
2024-04-03,118663,Nippon India Gold Savings Fund - Direct Plan Growth Plan - Growth Option,28.4248,Nippon India Mutual Fund,Other Scheme - FoF Domestic
2024-04-04,118663,Nippon India Gold Savings Fund - Direct Plan Growth Plan - Growth Option,28.623,Nippon India Mutual Fund,Other Scheme - FoF Domestic
2024-04-05,118663,Nippon India Gold Savings Fund - Direct Plan Growth Plan - Growth Option,28.5504,Nippon India Mutual Fund,Other Scheme - FoF Domestic
2024-04-08,118663,Nippon India Gold Savings Fund - Direct Plan Growth Plan - Growth Option,29.1202,Nippon India Mutual Fund,Other Scheme - FoF Domestic
2024-04-09,118663,Nippon India Gold Savings Fund - Direct Plan Growth Plan - Growth Option,29.2847,Nippon India Mutual Fund,Other Scheme - FoF Domestic
2024-04-10,118663,Nippon India Gold Savings Fund - Direct Plan Growth Plan - Growth Option,29.3185,Nippon India Mutual Fund,Other Scheme - FoF Domestic
2024-04-12,118663,Nippon India Gold Savings Fund - Direct Plan Growth Plan - Growth Option,29.9415,Nippon India Mutual Fund,Other Scheme - FoF Domestic
2024-04-15,118663,Nippon India Gold Savings Fund - Direct Plan Growth Plan - Growth Option,29.6126,Nippon India Mutual Fund,Other Scheme - FoF Domestic
2024-04-16,118663,Nippon India Gold Savings Fund - Direct Plan Growth Plan - Growth Option,29.9316,Nippon India Mutual Fund,Other Scheme - FoF Domestic
2024-04-18,118663,Nippon India Gold Savings Fund - Direct Plan Growth Plan - Growth Option,29.9653,Nippon India Mutual Fund,Other Scheme - FoF Domestic
2024-04-19,118663,Nippon India Gold Savings Fund - Direct Plan Growth Plan - Growth Option,30.1006,Nippon India Mutual Fund,Other Scheme - FoF Domestic
2024-04-22,118663,Nippon India Gold Savings Fund - Direct Plan Growth Plan - Growth Option,29.8587,Nippon India Mutual Fund,Other Scheme - FoF Domestic
2024-04-23,118663,Nippon India Gold Savings Fund - Direct Plan Growth Plan - Growth Option,29.1368,Nippon India Mutual Fund,Other Scheme - FoF Domestic
2024-04-24,118663,Nippon India Gold Savings Fund - Direct Plan Growth Plan - Growth Option,29.3692,Nippon India Mutual Fund,Other Scheme - FoF Domestic
2024-04-25,118663,Nippon India Gold Savings Fund - Direct Plan Growth Plan - Growth Option,29.432,Nippon India Mutual Fund,Other Scheme - FoF Domestic
2024-04-26,118663,Nippon India Gold Savings Fund - Direct Plan Growth Plan - Growth Option,29.6591,Nippon India Mutual Fund,Other Scheme - FoF Domestic
2024-04-29,118663,Nippon India Gold Savings Fund - Direct Plan Growth Plan - Growth Option,29.6443,Nippon India Mutual Fund,Other Scheme - FoF Domestic
2024-04-30,118663,Nippon India Gold Savings Fund - Direct Plan Growth Plan - Growth Option,29.4412,Nippon India Mutual Fund,Other Scheme - FoF Domestic
2024-05-02,118663,Nippon India Gold Savings Fund - Direct Plan Growth Plan - Growth Option,29.4265,Nippon India Mutual Fund,Other Scheme - FoF Domestic
2024-05-03,118663,Nippon India Gold Savings Fund - Direct Plan Growth Plan - Growth Option,29.2476,Nippon India Mutual Fund,Other Scheme - FoF Domestic
2024-05-06,118663,Nippon India Gold Savings Fund - Direct Plan Growth Plan - Growth Option,29.3633,Nippon India Mutual Fund,Other Scheme - FoF Domestic
2024-05-07,118663,Nippon India Gold Savings Fund - Direct Plan Growth Plan - Growth Option,29.3439,Nippon India Mutual Fund,Other Scheme - FoF Domestic
2024-05-08,118663,Nippon India Gold Savings Fund - Direct Plan Growth Plan - Growth Option,29.2568,Nippon India Mutual Fund,Other Scheme - FoF Domestic
2024-05-09,118663,Nippon India Gold Savings Fund - Direct Plan Growth Plan - Growth Option,29.218,Nippon India Mutual Fund,Other Scheme - FoF Domestic
2024-05-10,118663,Nippon India Gold Savings Fund - Direct Plan Growth Plan - Growth Option,29.9416,Nippon India Mutual Fund,Other Scheme - FoF Domestic
2024-05-13,118663,Nippon India Gold Savings Fund - Direct Plan Growth Plan - Growth Option,29.57,Nippon India Mutual Fund,Other Scheme - FoF Domestic
2024-05-14,118663,Nippon India Gold Savings Fund - Direct Plan Growth Plan - Growth Option,29.5892,Nippon India Mutual Fund,Other Scheme - FoF Domestic
2024-05-15,118663,Nippon India Gold Savings Fund - Direct Plan Growth Plan - Growth Option,29.8404,Nippon India Mutual Fund,Other Scheme - FoF Domestic
2024-05-16,118663,Nippon India Gold Savings Fund - Direct Plan Growth Plan - Growth Option,29.9805,Nippon India Mutual Fund,Other Scheme - FoF Domestic
2024-05-17,118663,Nippon India Gold Savings Fund - Direct Plan Growth Plan - Growth Option,29.9611,Nippon India Mutual Fund,Other Scheme - FoF Domestic
2024-05-21,118663,Nippon India Gold Savings Fund - Direct Plan Growth Plan - Growth Option,30.2846,Nippon India Mutual Fund,Other Scheme - FoF Domestic
2024-05-22,118663,Nippon India Gold Savings Fund - Direct Plan Growth Plan - Growth Option,30.3087,Nippon India Mutual Fund,Other Scheme - FoF Domestic
2024-05-23,118663,Nippon India Gold Savings Fund - Direct Plan Growth Plan - Growth Option,29.796,Nippon India Mutual Fund,Other Scheme - FoF Domestic
2024-05-24,118663,Nippon India Gold Savings Fund - Direct Plan Growth Plan - Growth Option,29.4431,Nippon India Mutual Fund,Other Scheme - FoF Domestic
2024-05-27,118663,Nippon India Gold Savings Fund - Direct Plan Growth Plan - Growth Option,29.496,Nippon India Mutual Fund,Other Scheme - FoF Domestic
2024-05-28,118663,Nippon India Gold Savings Fund - Direct Plan Growth Plan - Growth Option,29.5539,Nippon India Mutual Fund,Other Scheme - FoF Domestic
2024-05-29,118663,Nippon India Gold Savings Fund - Direct Plan Growth Plan - Growth Option,29.5925,Nippon India Mutual Fund,Other Scheme - FoF Domestic
2024-05-30,118663,Nippon India Gold Savings Fund - Direct Plan Growth Plan - Growth Option,29.37,Nippon India Mutual Fund,Other Scheme - FoF Domestic
2024-05-31,118663,Nippon India Gold Savings Fund - Direct Plan Growth Plan - Growth Option,29.6356,Nippon India Mutual Fund,Other Scheme - FoF Domestic
2024-06-03,118663,Nippon India Gold Savings Fund - Direct Plan Growth Plan - Growth Option,29.2969,Nippon India Mutual Fund,Other Scheme - FoF Domestic
2024-06-04,118663,Nippon India Gold Savings Fund - Direct Plan Growth Plan - Growth Option,29.2824,Nippon India Mutual Fund,Other Scheme - FoF Domestic
2024-06-05,118663,Nippon India Gold Savings Fund - Direct Plan Growth Plan - Growth Option,29.3403,Nippon India Mutual Fund,Other Scheme - FoF Domestic
2024-06-06,118663,Nippon India Gold Savings Fund - Direct Plan Growth Plan - Growth Option,29.7124,Nippon India Mutual Fund,Other Scheme - FoF Domestic
2024-06-07,118663,Nippon India Gold Savings Fund - Direct Plan Growth Plan - Growth Option,29.5383,Nippon India Mutual Fund,Other Scheme - FoF Domestic
2024-06-10,118663,Nippon India Gold Savings Fund - Direct Plan Growth Plan - Growth Option,29.0741,Nippon India Mutual Fund,Other Scheme - FoF Domestic
2024-06-11,118663,Nippon India Gold Savings Fund - Direct Plan Growth Plan - Growth Option,29.2141,Nippon India Mutual Fund,Other Scheme - FoF Domestic
2024-06-12,118663,Nippon India Gold Savings Fund - Direct Plan Growth Plan - Growth Option,29.2961,Nippon India Mutual Fund,Other Scheme - FoF Domestic
2024-06-13,118663,Nippon India Gold Savings Fund - Direct Plan Growth Plan - Growth Option,29.296,Nippon India Mutual Fund,Other Scheme - FoF Domestic
2024-06-14,118663,Nippon India Gold Savings Fund - Direct Plan Growth Plan - Growth Option,29.3008,Nippon India Mutual Fund,Other Scheme - FoF Domestic
2024-06-18,118663,Nippon India Gold Savings Fund - Direct Plan Growth Plan - Growth Option,29.17,Nippon India Mutual Fund,Other Scheme - FoF Domestic
2024-06-19,118663,Nippon India Gold Savings Fund - Direct Plan Growth Plan - Growth Option,29.3536,Nippon India Mutual Fund,Other Scheme - FoF Domestic
2024-06-20,118663,Nippon India Gold Savings Fund - Direct Plan Growth Plan - Growth Option,29.5082,Nippon India Mutual Fund,Other Scheme - FoF Domestic
2024-06-21,118663,Nippon India Gold Savings Fund - Direct Plan Growth Plan - Growth Option,29.7498,Nippon India Mutual Fund,Other Scheme - FoF Domestic
2024-06-24,118663,Nippon India Gold Savings Fund - Direct Plan Growth Plan - Growth Option,29.3096,Nippon India Mutual Fund,Other Scheme - FoF Domestic
2024-06-25,118663,Nippon India Gold Savings Fund - Direct Plan Growth Plan - Growth Option,29.3723,Nippon India Mutual Fund,Other Scheme - FoF Domestic
2024-06-26,118663,Nippon India Gold Savings Fund - Direct Plan Growth Plan - Growth Option,29.232,Nippon India Mutual Fund,Other Scheme - FoF Domestic
2024-06-27,118663,Nippon India Gold Savings Fund - Direct Plan Growth Plan - Growth Option,29.1642,Nippon India Mutual Fund,Other Scheme - FoF Domestic
2024-06-28,118663,Nippon India Gold Savings Fund - Direct Plan Growth Plan - Growth Option,29.314,Nippon India Mutual Fund,Other Scheme - FoF Domestic
2024-07-01,118663,Nippon India Gold Savings Fund - Direct Plan Growth Plan - Growth Option,29.275,Nippon India Mutual Fund,Other Scheme - FoF Domestic
2024-07-02,118663,Nippon India Gold Savings Fund - Direct Plan Growth Plan - Growth Option,29.3571,Nippon India Mutual Fund,Other Scheme - FoF Domestic
2024-07-03,118663,Nippon India Gold Savings Fund - Direct Plan Growth Plan - Growth Option,29.5262,Nippon India Mutual Fund,Other Scheme - FoF Domestic
2024-07-04,118663,Nippon India Gold Savings Fund - Direct Plan Growth Plan - Growth Option,29.6324,Nippon India Mutual Fund,Other Scheme - FoF Domestic
2024-07-05,118663,Nippon India Gold Savings Fund - Direct Plan Growth Plan - Growth Option,29.7241,Nippon India Mutual Fund,Other Scheme - FoF Domestic
2024-07-08,118663,Nippon India Gold Savings Fund - Direct Plan Growth Plan - Growth Option,29.7673,Nippon India Mutual Fund,Other Scheme - FoF Domestic
2024-07-09,118663,Nippon India Gold Savings Fund - Direct Plan Growth Plan - Growth Option,29.6754,Nippon India Mutual Fund,Other Scheme - FoF Domestic
2024-07-10,118663,Nippon India Gold Savings Fund - Direct Plan Growth Plan - Growth Option,29.7526,Nippon India Mutual Fund,Other Scheme - FoF Domestic
2024-07-11,118663,Nippon India Gold Savings Fund - Direct Plan Growth Plan - Growth Option,29.8202,Nippon India Mutual Fund,Other Scheme - FoF Domestic
2024-07-12,118663,Nippon India Gold Savings Fund - Direct Plan Growth Plan - Growth Option,29.9216,Nippon India Mutual Fund,Other Scheme - FoF Domestic
2024-07-15,118663,Nippon India Gold Savings Fund - Direct Plan Growth Plan - Growth Option,29.9357,Nippon India Mutual Fund,Other Scheme - FoF Domestic
2024-07-16,118663,Nippon India Gold Savings Fund - Direct Plan Growth Plan - Growth Option,30.1869,Nippon India Mutual Fund,Other Scheme - FoF Domestic
2024-07-18,118663,Nippon India Gold Savings Fund - Direct Plan Growth Plan - Growth Option,30.4138,Nippon India Mutual Fund,Other Scheme - FoF Domestic
2024-07-19,118663,Nippon India Gold Savings Fund - Direct Plan Growth Plan - Growth Option,30.1721,Nippon India Mutual Fund,Other Scheme - FoF Domestic
2024-07-22,118663,Nippon India Gold Savings Fund - Direct Plan Growth Plan - Growth Option,30.0124,Nippon India Mutual Fund,Other Scheme - FoF Domestic
2024-07-23,118663,Nippon India Gold Savings Fund - Direct Plan Growth Plan - Growth Option,29.085,Nippon India Mutual Fund,Other Scheme - FoF Domestic
2024-07-24,118663,Nippon India Gold Savings Fund - Direct Plan Growth Plan - Growth Option,28.8143,Nippon India Mutual Fund,Other Scheme - FoF Domestic
2024-07-25,118663,Nippon India Gold Savings Fund - Direct Plan Growth Plan - Growth Option,27.8102,Nippon India Mutual Fund,Other Scheme - FoF Domestic
2024-07-26,118663,Nippon India Gold Savings Fund - Direct Plan Growth Plan - Growth Option,27.7693,Nippon India Mutual Fund,Other Scheme - FoF Domestic
2024-07-29,118663,Nippon India Gold Savings Fund - Direct Plan Growth Plan - Growth Option,28.4162,Nippon India Mutual Fund,Other Scheme - FoF Domestic
2024-07-30,118663,Nippon India Gold Savings Fund - Direct Plan Growth Plan - Growth Option,28.2086,Nippon India Mutual Fund,Other Scheme - FoF Domestic
2024-07-31,118663,Nippon India Gold Savings Fund - Direct Plan Growth Plan - Growth Option,28.3679,Nippon India Mutual Fund,Other Scheme - FoF Domestic
2024-08-01,118663,Nippon India Gold Savings Fund - Direct Plan Growth Plan - Growth Option,28.5661,Nippon India Mutual Fund,Other Scheme - FoF Domestic
2024-08-02,118663,Nippon India Gold Savings Fund - Direct Plan Growth Plan - Growth Option,28.8463,Nippon India Mutual Fund,Other Scheme - FoF Domestic
2024-08-05,118663,Nippon India Gold Savings Fund - Direct Plan Growth Plan - Growth Option,28.397,Nippon India Mutual Fund,Other Scheme - FoF Domestic
2024-08-06,118663,Nippon India Gold Savings Fund - Direct Plan Growth Plan - Growth Option,28.339,Nippon India Mutual Fund,Other Scheme - FoF Domestic
2024-08-07,118663,Nippon India Gold Savings Fund - Direct Plan Growth Plan - Growth Option,28.1362,Nippon India Mutual Fund,Other Scheme - FoF Domestic
2024-08-08,118663,Nippon India Gold Savings Fund - Direct Plan Growth Plan - Growth Option,28.0829,Nippon India Mutual Fund,Other Scheme - FoF Domestic
2024-08-09,118663,Nippon India Gold Savings Fund - Direct Plan Growth Plan - Growth Option,28.3579,Nippon India Mutual Fund,Other Scheme - FoF Domestic
2024-08-12,118663,Nippon India Gold Savings Fund - Direct Plan Growth Plan - Growth Option,28.5313,Nippon India Mutual Fund,Other Scheme - FoF Domestic
2024-08-13,118663,Nippon India Gold Savings Fund - Direct Plan Growth Plan - Growth Option,28.7147,Nippon India Mutual Fund,Other Scheme - FoF Domestic
2024-08-14,118663,Nippon India Gold Savings Fund - Direct Plan Growth Plan - Growth Option,28.8161,Nippon India Mutual Fund,Other Scheme - FoF Domestic
2024-08-16,118663,Nippon India Gold Savings Fund - Direct Plan Growth Plan - Growth Option,28.7484,Nippon India Mutual Fund,Other Scheme - FoF Domestic
2024-08-19,118663,Nippon India Gold Savings Fund - Direct Plan Growth Plan - Growth Option,29.168,Nippon India Mutual Fund,Other Scheme - FoF Domestic
2024-08-20,118663,Nippon India Gold Savings Fund - Direct Plan Growth Plan - Growth Option,29.3269,Nippon India Mutual Fund,Other Scheme - FoF Domestic
2024-08-21,118663,Nippon India Gold Savings Fund - Direct Plan Growth Plan - Growth Option,29.1866,Nippon India Mutual Fund,Other Scheme - FoF Domestic
2024-08-22,118663,Nippon India Gold Savings Fund - Direct Plan Growth Plan - Growth Option,29.2203,Nippon India Mutual Fund,Other Scheme - FoF Domestic
2024-08-23,118663,Nippon India Gold Savings Fund - Direct Plan Growth Plan - Growth Option,29.1236,Nippon India Mutual Fund,Other Scheme - FoF Domestic
2024-08-26,118663,Nippon India Gold Savings Fund - Direct Plan Growth Plan - Growth Option,29.4036,Nippon India Mutual Fund,Other Scheme - FoF Domestic
2024-08-27,118663,Nippon India Gold Savings Fund - Direct Plan Growth Plan - Growth Option,29.2682,Nippon India Mutual Fund,Other Scheme - FoF Domestic
2024-08-28,118663,Nippon India Gold Savings Fund - Direct Plan Growth Plan - Growth Option,29.2681,Nippon India Mutual Fund,Other Scheme - FoF Domestic
2024-08-29,118663,Nippon India Gold Savings Fund - Direct Plan Growth Plan - Growth Option,29.2777,Nippon India Mutual Fund,Other Scheme - FoF Domestic
2024-08-30,118663,Nippon India Gold Savings Fund - Direct Plan Growth Plan - Growth Option,29.3211,Nippon India Mutual Fund,Other Scheme - FoF Domestic
2024-09-02,118663,Nippon India Gold Savings Fund - Direct Plan Growth Plan - Growth Option,29.1227,Nippon India Mutual Fund,Other Scheme - FoF Domestic
2024-09-03,118663,Nippon India Gold Savings Fund - Direct Plan Growth Plan - Growth Option,29.1757,Nippon India Mutual Fund,Other Scheme - FoF Domestic
2024-09-04,118663,Nippon India Gold Savings Fund - Direct Plan Growth Plan - Growth Option,28.9196,Nippon India Mutual Fund,Other Scheme - FoF Domestic
2024-09-05,118663,Nippon India Gold Savings Fund - Direct Plan Growth Plan - Growth Option,29.2674,Nippon India Mutual Fund,Other Scheme - FoF Domestic
2024-09-06,118663,Nippon India Gold Savings Fund - Direct Plan Growth Plan - Growth Option,29.3204,Nippon India Mutual Fund,Other Scheme - FoF Domestic
2024-09-09,118663,Nippon India Gold Savings Fund - Direct Plan Growth Plan - Growth Option,29.0785,Nippon India Mutual Fund,Other Scheme - FoF Domestic
2024-09-10,118663,Nippon India Gold Savings Fund - Direct Plan Growth Plan - Growth Option,29.175,Nippon India Mutual Fund,Other Scheme - FoF Domestic
2024-09-11,118663,Nippon India Gold Savings Fund - Direct Plan Growth Plan - Growth Option,29.3438,Nippon India Mutual Fund,Other Scheme - FoF Domestic
2024-09-12,118663,Nippon India Gold Savings Fund - Direct Plan Growth Plan - Growth Option,29.2954,Nippon India Mutual Fund,Other Scheme - FoF Domestic
2024-09-13,118663,Nippon India Gold Savings Fund - Direct Plan Growth Plan - Growth Option,29.7928,Nippon India Mutual Fund,Other Scheme - FoF Domestic
2024-09-16,118663,Nippon India Gold Savings Fund - Direct Plan Growth Plan - Growth Option,29.9906,Nippon India Mutual Fund,Other Scheme - FoF Domestic
2024-09-17,118663,Nippon India Gold Savings Fund - Direct Plan Growth Plan - Growth Option,29.8552,Nippon India Mutual Fund,Other Scheme - FoF Domestic
2024-09-18,118663,Nippon India Gold Savings Fund - Direct Plan Growth Plan - Growth Option,29.8117,Nippon India Mutual Fund,Other Scheme - FoF Domestic
2024-09-19,118663,Nippon India Gold Savings Fund - Direct Plan Growth Plan - Growth Option,30.0579,Nippon India Mutual Fund,Other Scheme - FoF Domestic
2024-09-20,118663,Nippon India Gold Savings Fund - Direct Plan Growth Plan - Growth Option,30.1736,Nippon India Mutual Fund,Other Scheme - FoF Domestic
2024-09-23,118663,Nippon India Gold Savings Fund - Direct Plan Growth Plan - Growth Option,30.3569,Nippon India Mutual Fund,Other Scheme - FoF Domestic
2024-09-24,118663,Nippon India Gold Savings Fund - Direct Plan Growth Plan - Growth Option,30.4438,Nippon India Mutual Fund,Other Scheme - FoF Domestic
2024-09-25,118663,Nippon India Gold Savings Fund - Direct Plan Growth Plan - Growth Option,30.7669,Nippon India Mutual Fund,Other Scheme - FoF Domestic
2024-09-26,118663,Nippon India Gold Savings Fund - Direct Plan Growth Plan - Growth Option,30.82,Nippon India Mutual Fund,Other Scheme - FoF Domestic
2024-09-27,118663,Nippon India Gold Savings Fund - Direct Plan Growth Plan - Growth Option,30.6797,Nippon India Mutual Fund,Other Scheme - FoF Domestic
2024-09-30,118663,Nippon India Gold Savings Fund - Direct Plan Growth Plan - Growth Option,30.7132,Nippon India Mutual Fund,Other Scheme - FoF Domestic
2024-10-01,118663,Nippon India Gold Savings Fund - Direct Plan Growth Plan - Growth Option,30.7324,Nippon India Mutual Fund,Other Scheme - FoF Domestic
2024-10-03,118663,Nippon India Gold Savings Fund - Direct Plan Growth Plan - Growth Option,30.7804,Nippon India Mutual Fund,Other Scheme - FoF Domestic
2024-10-04,118663,Nippon India Gold Savings Fund - Direct Plan Growth Plan - Growth Option,30.9252,Nippon India Mutual Fund,Other Scheme - FoF Domestic
2024-10-07,118663,Nippon India Gold Savings Fund - Direct Plan Growth Plan - Growth Option,30.8379,Nippon India Mutual Fund,Other Scheme - FoF Domestic
2024-10-08,118663,Nippon India Gold Savings Fund - Direct Plan Growth Plan - Growth Option,30.6641,Nippon India Mutual Fund,Other Scheme - FoF Domestic
2024-10-09,118663,Nippon India Gold Savings Fund - Direct Plan Growth Plan - Growth Option,30.4563,Nippon India Mutual Fund,Other Scheme - FoF Domestic
2024-10-10,118663,Nippon India Gold Savings Fund - Direct Plan Growth Plan - Growth Option,30.4514,Nippon India Mutual Fund,Other Scheme - FoF Domestic
2024-10-11,118663,Nippon India Gold Savings Fund - Direct Plan Growth Plan - Growth Option,30.7076,Nippon India Mutual Fund,Other Scheme - FoF Domestic
2024-10-14,118663,Nippon India Gold Savings Fund - Direct Plan Growth Plan - Growth Option,30.9198,Nippon India Mutual Fund,Other Scheme - FoF Domestic
2024-10-15,118663,Nippon India Gold Savings Fund - Direct Plan Growth Plan - Growth Option,30.862,Nippon India Mutual Fund,Other Scheme - FoF Domestic
2024-10-16,118663,Nippon India Gold Savings Fund - Direct Plan Growth Plan - Growth Option,31.142,Nippon India Mutual Fund,Other Scheme - FoF Domestic
2024-10-17,118663,Nippon India Gold Savings Fund - Direct Plan Growth Plan - Growth Option,31.1418,Nippon India Mutual Fund,Other Scheme - FoF Domestic
2024-10-18,118663,Nippon India Gold Savings Fund - Direct Plan Growth Plan - Growth Option,31.499,Nippon India Mutual Fund,Other Scheme - FoF Domestic
2024-10-21,118663,Nippon India Gold Savings Fund - Direct Plan Growth Plan - Growth Option,31.7933,Nippon India Mutual Fund,Other Scheme - FoF Domestic
2024-10-22,118663,Nippon India Gold Savings Fund - Direct Plan Growth Plan - Growth Option,31.7642,Nippon India Mutual Fund,Other Scheme - FoF Domestic
2024-10-23,118663,Nippon India Gold Savings Fund - Direct Plan Growth Plan - Growth Option,31.9717,Nippon India Mutual Fund,Other Scheme - FoF Domestic
2024-10-24,118663,Nippon India Gold Savings Fund - Direct Plan Growth Plan - Growth Option,31.7736,Nippon India Mutual Fund,Other Scheme - FoF Domestic
2024-10-25,118663,Nippon India Gold Savings Fund - Direct Plan Growth Plan - Growth Option,31.6285,Nippon India Mutual Fund,Other Scheme - FoF Domestic
2024-10-28,118663,Nippon India Gold Savings Fund - Direct Plan Growth Plan - Growth Option,31.7873,Nippon India Mutual Fund,Other Scheme - FoF Domestic
2024-10-29,118663,Nippon India Gold Savings Fund - Direct Plan Growth Plan - Growth Option,32.0384,Nippon India Mutual Fund,Other Scheme - FoF Domestic
2024-10-30,118663,Nippon India Gold Savings Fund - Direct Plan Growth Plan - Growth Option,32.3855,Nippon India Mutual Fund,Other Scheme - FoF Domestic
2024-10-31,118663,Nippon India Gold Savings Fund - Direct Plan Growth Plan - Growth Option,32.3371,Nippon India Mutual Fund,Other Scheme - FoF Domestic
2024-11-04,118663,Nippon India Gold Savings Fund - Direct Plan Growth Plan - Growth Option,31.9022,Nippon India Mutual Fund,Other Scheme - FoF Domestic
2024-11-05,118663,Nippon India Gold Savings Fund - Direct Plan Growth Plan - Growth Option,31.8636,Nippon India Mutual Fund,Other Scheme - FoF Domestic
2024-11-06,118663,Nippon India Gold Savings Fund - Direct Plan Growth Plan - Growth Option,31.6949,Nippon India Mutual Fund,Other Scheme - FoF Domestic
2024-11-07,118663,Nippon India Gold Savings Fund - Direct Plan Growth Plan - Growth Option,31.0861,Nippon India Mutual Fund,Other Scheme - FoF Domestic
2024-11-08,118663,Nippon India Gold Savings Fund - Direct Plan Growth Plan - Growth Option,31.4094,Nippon India Mutual Fund,Other Scheme - FoF Domestic
2024-11-11,118663,Nippon India Gold Savings Fund - Direct Plan Growth Plan - Growth Option,31.1628,Nippon India Mutual Fund,Other Scheme - FoF Domestic
2024-11-12,118663,Nippon India Gold Savings Fund - Direct Plan Growth Plan - Growth Option,30.3665,Nippon India Mutual Fund,Other Scheme - FoF Domestic
2024-11-13,118663,Nippon India Gold Savings Fund - Direct Plan Growth Plan - Growth Option,30.5644,Nippon India Mutual Fund,Other Scheme - FoF Domestic
2024-11-14,118663,Nippon India Gold Savings Fund - Direct Plan Growth Plan - Growth Option,29.8591,Nippon India Mutual Fund,Other Scheme - FoF Domestic
2024-11-18,118663,Nippon India Gold Savings Fund - Direct Plan Growth Plan - Growth Option,30.3949,Nippon India Mutual Fund,Other Scheme - FoF Domestic
2024-11-19,118663,Nippon India Gold Savings Fund - Direct Plan Growth Plan - Growth Option,30.7904,Nippon India Mutual Fund,Other Scheme - FoF Domestic
2024-11-21,118663,Nippon India Gold Savings Fund - Direct Plan Growth Plan - Growth Option,31.1997,Nippon India Mutual Fund,Other Scheme - FoF Domestic
2024-11-22,118663,Nippon India Gold Savings Fund - Direct Plan Growth Plan - Growth Option,31.5662,Nippon India Mutual Fund,Other Scheme - FoF Domestic
2024-11-25,118663,Nippon India Gold Savings Fund - Direct Plan Growth Plan - Growth Option,31.107,Nippon India Mutual Fund,Other Scheme - FoF Domestic
2024-11-26,118663,Nippon India Gold Savings Fund - Direct Plan Growth Plan - Growth Option,30.6291,Nippon India Mutual Fund,Other Scheme - FoF Domestic
2024-11-27,118663,Nippon India Gold Savings Fund - Direct Plan Growth Plan - Growth Option,30.9042,Nippon India Mutual Fund,Other Scheme - FoF Domestic
2024-11-28,118663,Nippon India Gold Savings Fund - Direct Plan Growth Plan - Growth Option,30.9428,Nippon India Mutual Fund,Other Scheme - FoF Domestic
2024-11-29,118663,Nippon India Gold Savings Fund - Direct Plan Growth Plan - Growth Option,31.0634,Nippon India Mutual Fund,Other Scheme - FoF Domestic
2024-12-02,118663,Nippon India Gold Savings Fund - Direct Plan Growth Plan - Growth Option,30.8071,Nippon India Mutual Fund,Other Scheme - FoF Domestic
2024-12-03,118663,Nippon India Gold Savings Fund - Direct Plan Growth Plan - Growth Option,30.9518,Nippon India Mutual Fund,Other Scheme - FoF Domestic
2024-12-04,118663,Nippon India Gold Savings Fund - Direct Plan Growth Plan - Growth Option,30.9275,Nippon India Mutual Fund,Other Scheme - FoF Domestic
2024-12-05,118663,Nippon India Gold Savings Fund - Direct Plan Growth Plan - Growth Option,30.9515,Nippon India Mutual Fund,Other Scheme - FoF Domestic
2024-12-06,118663,Nippon India Gold Savings Fund - Direct Plan Growth Plan - Growth Option,30.9177,Nippon India Mutual Fund,Other Scheme - FoF Domestic
2024-12-09,118663,Nippon India Gold Savings Fund - Direct Plan Growth Plan - Growth Option,31.0622,Nippon India Mutual Fund,Other Scheme - FoF Domestic
2024-12-10,118663,Nippon India Gold Savings Fund - Direct Plan Growth Plan - Growth Option,31.2457,Nippon India Mutual Fund,Other Scheme - FoF Domestic
2024-12-11,118663,Nippon India Gold Savings Fund - Direct Plan Growth Plan - Growth Option,31.4241,Nippon India Mutual Fund,Other Scheme - FoF Domestic
2024-12-12,118663,Nippon India Gold Savings Fund - Direct Plan Growth Plan - Growth Option,31.6412,Nippon India Mutual Fund,Other Scheme - FoF Domestic
2024-12-13,118663,Nippon India Gold Savings Fund - Direct Plan Growth Plan - Growth Option,31.216,Nippon India Mutual Fund,Other Scheme - FoF Domestic
2024-12-16,118663,Nippon India Gold Savings Fund - Direct Plan Growth Plan - Growth Option,31.153,Nippon India Mutual Fund,Other Scheme - FoF Domestic
2024-12-17,118663,Nippon India Gold Savings Fund - Direct Plan Growth Plan - Growth Option,30.9694,Nippon India Mutual Fund,Other Scheme - FoF Domestic
2024-12-18,118663,Nippon India Gold Savings Fund - Direct Plan Growth Plan - Growth Option,31.1045,Nippon India Mutual Fund,Other Scheme - FoF Domestic
2024-12-19,118663,Nippon India Gold Savings Fund - Direct Plan Growth Plan - Growth Option,30.8146,Nippon India Mutual Fund,Other Scheme - FoF Domestic
2024-12-20,118663,Nippon India Gold Savings Fund - Direct Plan Growth Plan - Growth Option,30.5924,Nippon India Mutual Fund,Other Scheme - FoF Domestic
2024-12-23,118663,Nippon India Gold Savings Fund - Direct Plan Growth Plan - Growth Option,30.906,Nippon India Mutual Fund,Other Scheme - FoF Domestic
2024-12-24,118663,Nippon India Gold Savings Fund - Direct Plan Growth Plan - Growth Option,30.7659,Nippon India Mutual Fund,Other Scheme - FoF Domestic
2024-12-26,118663,Nippon India Gold Savings Fund - Direct Plan Growth Plan - Growth Option,30.9201,Nippon India Mutual Fund,Other Scheme - FoF Domestic
2024-12-27,118663,Nippon India Gold Savings Fund - Direct Plan Growth Plan - Growth Option,31.0213,Nippon India Mutual Fund,Other Scheme - FoF Domestic
2024-12-30,118663,Nippon India Gold Savings Fund - Direct Plan Growth Plan - Growth Option,30.9197,Nippon India Mutual Fund,Other Scheme - FoF Domestic
2024-12-31,118663,Nippon India Gold Savings Fund - Direct Plan Growth Plan - Growth Option,30.963,Nippon India Mutual Fund,Other Scheme - FoF Domestic
2025-01-01,118663,Nippon India Gold Savings Fund - Direct Plan Growth Plan - Growth Option,31.0885,Nippon India Mutual Fund,Other Scheme - FoF Domestic
2025-01-02,118663,Nippon India Gold Savings Fund - Direct Plan Growth Plan - Growth Option,31.2091,Nippon India Mutual Fund,Other Scheme - FoF Domestic
2025-01-03,118663,Nippon India Gold Savings Fund - Direct Plan Growth Plan - Growth Option,31.4359,Nippon India Mutual Fund,Other Scheme - FoF Domestic
2025-01-06,118663,Nippon India Gold Savings Fund - Direct Plan Growth Plan - Growth Option,31.2134,Nippon India Mutual Fund,Other Scheme - FoF Domestic
2025-01-07,118663,Nippon India Gold Savings Fund - Direct Plan Growth Plan - Growth Option,31.2905,Nippon India Mutual Fund,Other Scheme - FoF Domestic
2025-01-08,118663,Nippon India Gold Savings Fund - Direct Plan Growth Plan - Growth Option,31.4592,Nippon India Mutual Fund,Other Scheme - FoF Domestic
2025-01-09,118663,Nippon India Gold Savings Fund - Direct Plan Growth Plan - Growth Option,31.5941,Nippon India Mutual Fund,Other Scheme - FoF Domestic
2025-01-10,118663,Nippon India Gold Savings Fund - Direct Plan Growth Plan - Growth Option,31.8496,Nippon India Mutual Fund,Other Scheme - FoF Domestic
2025-01-13,118663,Nippon India Gold Savings Fund - Direct Plan Growth Plan - Growth Option,32.0037,Nippon India Mutual Fund,Other Scheme - FoF Domestic
2025-01-14,118663,Nippon India Gold Savings Fund - Direct Plan Growth Plan - Growth Option,31.9022,Nippon India Mutual Fund,Other Scheme - FoF Domestic
2025-01-15,118663,Nippon India Gold Savings Fund - Direct Plan Growth Plan - Growth Option,32.0084,Nippon India Mutual Fund,Other Scheme - FoF Domestic
2025-01-16,118663,Nippon India Gold Savings Fund - Direct Plan Growth Plan - Growth Option,32.1675,Nippon India Mutual Fund,Other Scheme - FoF Domestic
2025-01-17,118663,Nippon India Gold Savings Fund - Direct Plan Growth Plan - Growth Option,32.2012,Nippon India Mutual Fund,Other Scheme - FoF Domestic
2025-01-20,118663,Nippon India Gold Savings Fund - Direct Plan Growth Plan - Growth Option,32.167,Nippon India Mutual Fund,Other Scheme - FoF Domestic
2025-01-21,118663,Nippon India Gold Savings Fund - Direct Plan Growth Plan - Growth Option,32.3407,Nippon India Mutual Fund,Other Scheme - FoF Domestic
2025-01-22,118663,Nippon India Gold Savings Fund - Direct Plan Growth Plan - Growth Option,32.6641,Nippon India Mutual Fund,Other Scheme - FoF Domestic
2025-01-23,118663,Nippon India Gold Savings Fund - Direct Plan Growth Plan - Growth Option,32.5722,Nippon India Mutual Fund,Other Scheme - FoF Domestic
2025-01-24,118663,Nippon India Gold Savings Fund - Direct Plan Growth Plan - Growth Option,32.7362,Nippon India Mutual Fund,Other Scheme - FoF Domestic
2025-01-27,118663,Nippon India Gold Savings Fund - Direct Plan Growth Plan - Growth Option,32.6973,Nippon India Mutual Fund,Other Scheme - FoF Domestic
2025-01-28,118663,Nippon India Gold Savings Fund - Direct Plan Growth Plan - Growth Option,32.6441,Nippon India Mutual Fund,Other Scheme - FoF Domestic
2025-01-29,118663,Nippon India Gold Savings Fund - Direct Plan Growth Plan - Growth Option,32.7792,Nippon India Mutual Fund,Other Scheme - FoF Domestic
2025-01-30,118663,Nippon India Gold Savings Fund - Direct Plan Growth Plan - Growth Option,32.8901,Nippon India Mutual Fund,Other Scheme - FoF Domestic
2025-01-31,118663,Nippon India Gold Savings Fund - Direct Plan Growth Plan - Growth Option,33.3679,Nippon India Mutual Fund,Other Scheme - FoF Domestic
2025-02-03,118663,Nippon India Gold Savings Fund - Direct Plan Growth Plan - Growth Option,33.6381,Nippon India Mutual Fund,Other Scheme - FoF Domestic
2025-02-04,118663,Nippon India Gold Savings Fund - Direct Plan Growth Plan - Growth Option,33.8504,Nippon India Mutual Fund,Other Scheme - FoF Domestic
2025-02-05,118663,Nippon India Gold Savings Fund - Direct Plan Growth Plan - Growth Option,34.5699,Nippon India Mutual Fund,Other Scheme - FoF Domestic
2025-02-06,118663,Nippon India Gold Savings Fund - Direct Plan Growth Plan - Growth Option,34.5021,Nippon India Mutual Fund,Other Scheme - FoF Domestic
2025-02-07,118663,Nippon India Gold Savings Fund - Direct Plan Growth Plan - Growth Option,34.5552,Nippon India Mutual Fund,Other Scheme - FoF Domestic
2025-02-10,118663,Nippon India Gold Savings Fund - Direct Plan Growth Plan - Growth Option,35.026,Nippon India Mutual Fund,Other Scheme - FoF Domestic
2025-02-11,118663,Nippon India Gold Savings Fund - Direct Plan Growth Plan - Growth Option,34.7655,Nippon India Mutual Fund,Other Scheme - FoF Domestic
2025-02-12,118663,Nippon India Gold Savings Fund - Direct Plan Growth Plan - Growth Option,34.5193,Nippon India Mutual Fund,Other Scheme - FoF Domestic
2025-02-13,118663,Nippon India Gold Savings Fund - Direct Plan Growth Plan - Growth Option,34.7123,Nippon India Mutual Fund,Other Scheme - FoF Domestic
2025-02-14,118663,Nippon India Gold Savings Fund - Direct Plan Growth Plan - Growth Option,34.8811,Nippon India Mutual Fund,Other Scheme - FoF Domestic
2025-02-17,118663,Nippon India Gold Savings Fund - Direct Plan Growth Plan - Growth Option,34.6059,Nippon India Mutual Fund,Other Scheme - FoF Domestic
2025-02-18,118663,Nippon India Gold Savings Fund - Direct Plan Growth Plan - Growth Option,34.765,Nippon India Mutual Fund,Other Scheme - FoF Domestic
2025-02-19,118663,Nippon India Gold Savings Fund - Direct Plan Growth Plan - Growth Option,35.1268,Nippon India Mutual Fund,Other Scheme - FoF Domestic
2025-02-20,118663,Nippon India Gold Savings Fund - Direct Plan Growth Plan - Growth Option,35.0108,Nippon India Mutual Fund,Other Scheme - FoF Domestic
2025-02-21,118663,Nippon India Gold Savings Fund - Direct Plan Growth Plan - Growth Option,34.8128,Nippon India Mutual Fund,Other Scheme - FoF Domestic
2025-02-24,118663,Nippon India Gold Savings Fund - Direct Plan Growth Plan - Growth Option,35.0635,Nippon India Mutual Fund,Other Scheme - FoF Domestic
2025-02-25,118663,Nippon India Gold Savings Fund - Direct Plan Growth Plan - Growth Option,35.1358,Nippon India Mutual Fund,Other Scheme - FoF Domestic
2025-02-27,118663,Nippon India Gold Savings Fund - Direct Plan Growth Plan - Growth Option,34.7158,Nippon India Mutual Fund,Other Scheme - FoF Domestic
2025-02-28,118663,Nippon India Gold Savings Fund - Direct Plan Growth Plan - Growth Option,34.3393,Nippon India Mutual Fund,Other Scheme - FoF Domestic
2025-03-03,118663,Nippon India Gold Savings Fund - Direct Plan Growth Plan - Growth Option,34.4648,Nippon India Mutual Fund,Other Scheme - FoF Domestic
2025-03-04,118663,Nippon India Gold Savings Fund - Direct Plan Growth Plan - Growth Option,34.976,Nippon India Mutual Fund,Other Scheme - FoF Domestic
2025-03-05,118663,Nippon India Gold Savings Fund - Direct Plan Growth Plan - Growth Option,34.9037,Nippon India Mutual Fund,Other Scheme - FoF Domestic
2025-03-06,118663,Nippon India Gold Savings Fund - Direct Plan Growth Plan - Growth Option,34.7203,Nippon India Mutual Fund,Other Scheme - FoF Domestic
2025-03-07,118663,Nippon India Gold Savings Fund - Direct Plan Growth Plan - Growth Option,34.8747,Nippon India Mutual Fund,Other Scheme - FoF Domestic
2025-03-10,118663,Nippon India Gold Savings Fund - Direct Plan Growth Plan - Growth Option,34.855,Nippon India Mutual Fund,Other Scheme - FoF Domestic
2025-03-11,118663,Nippon India Gold Savings Fund - Direct Plan Growth Plan - Growth Option,34.8115,Nippon India Mutual Fund,Other Scheme - FoF Domestic
2025-03-12,118663,Nippon India Gold Savings Fund - Direct Plan Growth Plan - Growth Option,34.9272,Nippon India Mutual Fund,Other Scheme - FoF Domestic
2025-03-13,118663,Nippon India Gold Savings Fund - Direct Plan Growth Plan - Growth Option,35.1684,Nippon India Mutual Fund,Other Scheme - FoF Domestic
2025-03-17,118663,Nippon India Gold Savings Fund - Direct Plan Growth Plan - Growth Option,35.5107,Nippon India Mutual Fund,Other Scheme - FoF Domestic
2025-03-18,118663,Nippon India Gold Savings Fund - Direct Plan Growth Plan - Growth Option,35.8002,Nippon India Mutual Fund,Other Scheme - FoF Domestic
2025-03-19,118663,Nippon India Gold Savings Fund - Direct Plan Growth Plan - Growth Option,35.858,Nippon India Mutual Fund,Other Scheme - FoF Domestic
2025-03-20,118663,Nippon India Gold Savings Fund - Direct Plan Growth Plan - Growth Option,35.9737,Nippon India Mutual Fund,Other Scheme - FoF Domestic
2025-03-21,118663,Nippon India Gold Savings Fund - Direct Plan Growth Plan - Growth Option,35.7131,Nippon India Mutual Fund,Other Scheme - FoF Domestic
2025-03-24,118663,Nippon India Gold Savings Fund - Direct Plan Growth Plan - Growth Option,35.2542,Nippon India Mutual Fund,Other Scheme - FoF Domestic
2025-03-25,118663,Nippon India Gold Savings Fund - Direct Plan Growth Plan - Growth Option,35.3651,Nippon India Mutual Fund,Other Scheme - FoF Domestic
2025-03-26,118663,Nippon India Gold Savings Fund - Direct Plan Growth Plan - Growth Option,35.3746,Nippon India Mutual Fund,Other Scheme - FoF Domestic
2025-03-27,118663,Nippon India Gold Savings Fund - Direct Plan Growth Plan - Growth Option,35.64,Nippon India Mutual Fund,Other Scheme - FoF Domestic
2025-03-28,118663,Nippon India Gold Savings Fund - Direct Plan Growth Plan - Growth Option,35.8135,Nippon India Mutual Fund,Other Scheme - FoF Domestic
2025-03-31,118663,Nippon India Gold Savings Fund - Direct Plan Growth Plan - Growth Option,35.8132,Nippon India Mutual Fund,Other Scheme - FoF Domestic
2025-04-01,118663,Nippon India Gold Savings Fund - Direct Plan Growth Plan - Growth Option,37.0487,Nippon India Mutual Fund,Other Scheme - FoF Domestic
2025-04-02,118663,Nippon India Gold Savings Fund - Direct Plan Growth Plan - Growth Option,36.812,Nippon India Mutual Fund,Other Scheme - FoF Domestic
2025-04-03,118663,Nippon India Gold Savings Fund - Direct Plan Growth Plan - Growth Option,36.6284,Nippon India Mutual Fund,Other Scheme - FoF Domestic
2025-04-04,118663,Nippon India Gold Savings Fund - Direct Plan Growth Plan - Growth Option,36.2131,Nippon India Mutual Fund,Other Scheme - FoF Domestic
2025-04-07,118663,Nippon India Gold Savings Fund - Direct Plan Growth Plan - Growth Option,35.6535,Nippon India Mutual Fund,Other Scheme - FoF Domestic
2025-04-08,118663,Nippon India Gold Savings Fund - Direct Plan Growth Plan - Growth Option,35.581,Nippon India Mutual Fund,Other Scheme - FoF Domestic
2025-04-09,118663,Nippon India Gold Savings Fund - Direct Plan Growth Plan - Growth Option,36.1657,Nippon India Mutual Fund,Other Scheme - FoF Domestic
2025-04-11,118663,Nippon India Gold Savings Fund - Direct Plan Growth Plan - Growth Option,37.6188,Nippon India Mutual Fund,Other Scheme - FoF Domestic
2025-04-15,118663,Nippon India Gold Savings Fund - Direct Plan Growth Plan - Growth Option,37.5025,Nippon India Mutual Fund,Other Scheme - FoF Domestic
2025-04-16,118663,Nippon India Gold Savings Fund - Direct Plan Growth Plan - Growth Option,38.2604,Nippon India Mutual Fund,Other Scheme - FoF Domestic
2025-04-17,118663,Nippon India Gold Savings Fund - Direct Plan Growth Plan - Growth Option,38.4047,Nippon India Mutual Fund,Other Scheme - FoF Domestic
2025-04-21,118663,Nippon India Gold Savings Fund - Direct Plan Growth Plan - Growth Option,39.1484,Nippon India Mutual Fund,Other Scheme - FoF Domestic
2025-04-22,118663,Nippon India Gold Savings Fund - Direct Plan Growth Plan - Growth Option,40.0303,Nippon India Mutual Fund,Other Scheme - FoF Domestic
2025-04-23,118663,Nippon India Gold Savings Fund - Direct Plan Growth Plan - Growth Option,38.8207,Nippon India Mutual Fund,Other Scheme - FoF Domestic
2025-04-24,118663,Nippon India Gold Savings Fund - Direct Plan Growth Plan - Growth Option,38.8788,Nippon India Mutual Fund,Other Scheme - FoF Domestic
2025-04-25,118663,Nippon India Gold Savings Fund - Direct Plan Growth Plan - Growth Option,38.647,Nippon India Mutual Fund,Other Scheme - FoF Domestic
2025-04-28,118663,Nippon India Gold Savings Fund - Direct Plan Growth Plan - Growth Option,38.1739,Nippon India Mutual Fund,Other Scheme - FoF Domestic
2025-04-29,118663,Nippon India Gold Savings Fund - Direct Plan Growth Plan - Growth Option,38.6516,Nippon India Mutual Fund,Other Scheme - FoF Domestic
2025-04-30,118663,Nippon India Gold Savings Fund - Direct Plan Growth Plan - Growth Option,38.1929,Nippon India Mutual Fund,Other Scheme - FoF Domestic
2025-05-02,118663,Nippon India Gold Savings Fund - Direct Plan Growth Plan - Growth Option,38.1058,Nippon India Mutual Fund,Other Scheme - FoF Domestic
2025-05-05,118663,Nippon India Gold Savings Fund - Direct Plan Growth Plan - Growth Option,38.4282,Nippon India Mutual Fund,Other Scheme - FoF Domestic
2025-05-06,118663,Nippon India Gold Savings Fund - Direct Plan Growth Plan - Growth Option,39.658,Nippon India Mutual Fund,Other Scheme - FoF Domestic
2025-05-07,118663,Nippon India Gold Savings Fund - Direct Plan Growth Plan - Growth Option,39.2478,Nippon India Mutual Fund,Other Scheme - FoF Domestic
2025-05-08,118663,Nippon India Gold Savings Fund - Direct Plan Growth Plan - Growth Option,39.0836,Nippon India Mutual Fund,Other Scheme - FoF Domestic
2025-05-09,118663,Nippon India Gold Savings Fund - Direct Plan Growth Plan - Growth Option,39.0158,Nippon India Mutual Fund,Other Scheme - FoF Domestic
2025-05-12,118663,Nippon India Gold Savings Fund - Direct Plan Growth Plan - Growth Option,37.6538,Nippon India Mutual Fund,Other Scheme - FoF Domestic
2025-05-13,118663,Nippon India Gold Savings Fund - Direct Plan Growth Plan - Growth Option,38.1795,Nippon India Mutual Fund,Other Scheme - FoF Domestic
2025-05-14,118663,Nippon India Gold Savings Fund - Direct Plan Growth Plan - Growth Option,37.9431,Nippon India Mutual Fund,Other Scheme - FoF Domestic
2025-05-15,118663,Nippon India Gold Savings Fund - Direct Plan Growth Plan - Growth Option,37.1997,Nippon India Mutual Fund,Other Scheme - FoF Domestic
2025-05-16,118663,Nippon India Gold Savings Fund - Direct Plan Growth Plan - Growth Option,37.5569,Nippon India Mutual Fund,Other Scheme - FoF Domestic
2025-05-19,118663,Nippon India Gold Savings Fund - Direct Plan Growth Plan - Growth Option,37.8173,Nippon India Mutual Fund,Other Scheme - FoF Domestic
2025-05-20,118663,Nippon India Gold Savings Fund - Direct Plan Growth Plan - Growth Option,37.7544,Nippon India Mutual Fund,Other Scheme - FoF Domestic
2025-05-21,118663,Nippon India Gold Savings Fund - Direct Plan Growth Plan - Growth Option,38.3864,Nippon India Mutual Fund,Other Scheme - FoF Domestic
2025-05-22,118663,Nippon India Gold Savings Fund - Direct Plan Growth Plan - Growth Option,38.536,Nippon India Mutual Fund,Other Scheme - FoF Domestic
2025-05-23,118663,Nippon India Gold Savings Fund - Direct Plan Growth Plan - Growth Option,38.3911,Nippon India Mutual Fund,Other Scheme - FoF Domestic
2025-05-26,118663,Nippon India Gold Savings Fund - Direct Plan Growth Plan - Growth Option,38.5162,Nippon India Mutual Fund,Other Scheme - FoF Domestic
2025-05-27,118663,Nippon India Gold Savings Fund - Direct Plan Growth Plan - Growth Option,38.4147,Nippon India Mutual Fund,Other Scheme - FoF Domestic
2025-05-28,118663,Nippon India Gold Savings Fund - Direct Plan Growth Plan - Growth Option,38.6559,Nippon India Mutual Fund,Other Scheme - FoF Domestic
2025-05-29,118663,Nippon India Gold Savings Fund - Direct Plan Growth Plan - Growth Option,38.1926,Nippon India Mutual Fund,Other Scheme - FoF Domestic
2025-05-30,118663,Nippon India Gold Savings Fund - Direct Plan Growth Plan - Growth Option,38.3807,Nippon India Mutual Fund,Other Scheme - FoF Domestic
2025-06-02,118663,Nippon India Gold Savings Fund - Direct Plan Growth Plan - Growth Option,38.8771,Nippon India Mutual Fund,Other Scheme - FoF Domestic
2025-06-03,118663,Nippon India Gold Savings Fund - Direct Plan Growth Plan - Growth Option,39.0941,Nippon India Mutual Fund,Other Scheme - FoF Domestic
2025-06-04,118663,Nippon India Gold Savings Fund - Direct Plan Growth Plan - Growth Option,39.258,Nippon India Mutual Fund,Other Scheme - FoF Domestic
2025-06-05,118663,Nippon India Gold Savings Fund - Direct Plan Growth Plan - Growth Option,39.4606,Nippon India Mutual Fund,Other Scheme - FoF Domestic
2025-06-06,118663,Nippon India Gold Savings Fund - Direct Plan Growth Plan - Growth Option,39.219,Nippon India Mutual Fund,Other Scheme - FoF Domestic
2025-06-09,118663,Nippon India Gold Savings Fund - Direct Plan Growth Plan - Growth Option,38.8567,Nippon India Mutual Fund,Other Scheme - FoF Domestic
2025-06-10,118663,Nippon India Gold Savings Fund - Direct Plan Growth Plan - Growth Option,38.9193,Nippon India Mutual Fund,Other Scheme - FoF Domestic
2025-06-11,118663,Nippon India Gold Savings Fund - Direct Plan Growth Plan - Growth Option,38.9916,Nippon India Mutual Fund,Other Scheme - FoF Domestic
2025-06-12,118663,Nippon India Gold Savings Fund - Direct Plan Growth Plan - Growth Option,39.2955,Nippon India Mutual Fund,Other Scheme - FoF Domestic
2025-06-13,118663,Nippon India Gold Savings Fund - Direct Plan Growth Plan - Growth Option,40.1351,Nippon India Mutual Fund,Other Scheme - FoF Domestic
2025-06-16,118663,Nippon India Gold Savings Fund - Direct Plan Growth Plan - Growth Option,40.1154,Nippon India Mutual Fund,Other Scheme - FoF Domestic
2025-06-17,118663,Nippon India Gold Savings Fund - Direct Plan Growth Plan - Growth Option,39.8596,Nippon India Mutual Fund,Other Scheme - FoF Domestic
2025-06-18,118663,Nippon India Gold Savings Fund - Direct Plan Growth Plan - Growth Option,39.9704,Nippon India Mutual Fund,Other Scheme - FoF Domestic
2025-06-19,118663,Nippon India Gold Savings Fund - Direct Plan Growth Plan - Growth Option,39.9703,Nippon India Mutual Fund,Other Scheme - FoF Domestic
2025-06-20,118663,Nippon India Gold Savings Fund - Direct Plan Growth Plan - Growth Option,39.6999,Nippon India Mutual Fund,Other Scheme - FoF Domestic
2025-06-23,118663,Nippon India Gold Savings Fund - Direct Plan Growth Plan - Growth Option,39.907,Nippon India Mutual Fund,Other Scheme - FoF Domestic
2025-06-24,118663,Nippon India Gold Savings Fund - Direct Plan Growth Plan - Growth Option,39.0963,Nippon India Mutual Fund,Other Scheme - FoF Domestic
2025-06-25,118663,Nippon India Gold Savings Fund - Direct Plan Growth Plan - Growth Option,39.1589,Nippon India Mutual Fund,Other Scheme - FoF Domestic
2025-06-26,118663,Nippon India Gold Savings Fund - Direct Plan Growth Plan - Growth Option,39.1636,Nippon India Mutual Fund,Other Scheme - FoF Domestic
2025-06-27,118663,Nippon India Gold Savings Fund - Direct Plan Growth Plan - Growth Option,38.5313,Nippon India Mutual Fund,Other Scheme - FoF Domestic
2025-06-30,118663,Nippon India Gold Savings Fund - Direct Plan Growth Plan - Growth Option,38.6178,Nippon India Mutual Fund,Other Scheme - FoF Domestic
2025-07-01,118663,Nippon India Gold Savings Fund - Direct Plan Growth Plan - Growth Option,39.1291,Nippon India Mutual Fund,Other Scheme - FoF Domestic
2025-07-02,118663,Nippon India Gold Savings Fund - Direct Plan Growth Plan - Growth Option,39.158,Nippon India Mutual Fund,Other Scheme - FoF Domestic
2025-07-03,118663,Nippon India Gold Savings Fund - Direct Plan Growth Plan - Growth Option,39.1096,Nippon India Mutual Fund,Other Scheme - FoF Domestic
2025-07-04,118663,Nippon India Gold Savings Fund - Direct Plan Growth Plan - Growth Option,39.0515,Nippon India Mutual Fund,Other Scheme - FoF Domestic
2025-07-07,118663,Nippon India Gold Savings Fund - Direct Plan Growth Plan - Growth Option,38.8774,Nippon India Mutual Fund,Other Scheme - FoF Domestic
2025-07-08,118663,Nippon India Gold Savings Fund - Direct Plan Growth Plan - Growth Option,38.9979,Nippon India Mutual Fund,Other Scheme - FoF Domestic
2025-07-09,118663,Nippon India Gold Savings Fund - Direct Plan Growth Plan - Growth Option,38.6359,Nippon India Mutual Fund,Other Scheme - FoF Domestic
2025-07-10,118663,Nippon India Gold Savings Fund - Direct Plan Growth Plan - Growth Option,38.964,Nippon India Mutual Fund,Other Scheme - FoF Domestic
2025-07-11,118663,Nippon India Gold Savings Fund - Direct Plan Growth Plan - Growth Option,39.176,Nippon India Mutual Fund,Other Scheme - FoF Domestic
2025-07-14,118663,Nippon India Gold Savings Fund - Direct Plan Growth Plan - Growth Option,39.528,Nippon India Mutual Fund,Other Scheme - FoF Domestic
2025-07-15,118663,Nippon India Gold Savings Fund - Direct Plan Growth Plan - Growth Option,39.4266,Nippon India Mutual Fund,Other Scheme - FoF Domestic
2025-07-16,118663,Nippon India Gold Savings Fund - Direct Plan Growth Plan - Growth Option,39.272,Nippon India Mutual Fund,Other Scheme - FoF Domestic
2025-07-17,118663,Nippon India Gold Savings Fund - Direct Plan Growth Plan - Growth Option,39.1802,Nippon India Mutual Fund,Other Scheme - FoF Domestic
2025-07-18,118663,Nippon India Gold Savings Fund - Direct Plan Growth Plan - Growth Option,39.4552,Nippon India Mutual Fund,Other Scheme - FoF Domestic
2025-07-21,118663,Nippon India Gold Savings Fund - Direct Plan Growth Plan - Growth Option,39.6478,Nippon India Mutual Fund,Other Scheme - FoF Domestic
2025-07-22,118663,Nippon India Gold Savings Fund - Direct Plan Growth Plan - Growth Option,39.9564,Nippon India Mutual Fund,Other Scheme - FoF Domestic
2025-07-23,118663,Nippon India Gold Savings Fund - Direct Plan Growth Plan - Growth Option,40.4291,Nippon India Mutual Fund,Other Scheme - FoF Domestic
2025-07-24,118663,Nippon India Gold Savings Fund - Direct Plan Growth Plan - Growth Option,39.7294,Nippon India Mutual Fund,Other Scheme - FoF Domestic
2025-07-25,118663,Nippon India Gold Savings Fund - Direct Plan Growth Plan - Growth Option,39.6328,Nippon India Mutual Fund,Other Scheme - FoF Domestic
2025-07-28,118663,Nippon India Gold Savings Fund - Direct Plan Growth Plan - Growth Option,39.5987,Nippon India Mutual Fund,Other Scheme - FoF Domestic
2025-07-29,118663,Nippon India Gold Savings Fund - Direct Plan Growth Plan - Growth Option,39.5407,Nippon India Mutual Fund,Other Scheme - FoF Domestic
2025-07-30,118663,Nippon India Gold Savings Fund - Direct Plan Growth Plan - Growth Option,39.7722,Nippon India Mutual Fund,Other Scheme - FoF Domestic
2025-07-31,118663,Nippon India Gold Savings Fund - Direct Plan Growth Plan - Growth Option,39.6804,Nippon India Mutual Fund,Other Scheme - FoF Domestic
2025-08-01,118663,Nippon India Gold Savings Fund - Direct Plan Growth Plan - Growth Option,39.5596,Nippon India Mutual Fund,Other Scheme - FoF Domestic
2025-08-04,118663,Nippon India Gold Savings Fund - Direct Plan Growth Plan - Growth Option,40.1767,Nippon India Mutual Fund,Other Scheme - FoF Domestic
2025-08-05,118663,Nippon India Gold Savings Fund - Direct Plan Growth Plan - Growth Option,40.3599,Nippon India Mutual Fund,Other Scheme - FoF Domestic
2025-08-06,118663,Nippon India Gold Savings Fund - Direct Plan Growth Plan - Growth Option,40.2777,Nippon India Mutual Fund,Other Scheme - FoF Domestic
2025-08-07,118663,Nippon India Gold Savings Fund - Direct Plan Growth Plan - Growth Option,40.5189,Nippon India Mutual Fund,Other Scheme - FoF Domestic
2025-08-08,118663,Nippon India Gold Savings Fund - Direct Plan Growth Plan - Growth Option,40.7213,Nippon India Mutual Fund,Other Scheme - FoF Domestic
2025-08-11,118663,Nippon India Gold Savings Fund - Direct Plan Growth Plan - Growth Option,40.1758,Nippon India Mutual Fund,Other Scheme - FoF Domestic
2025-08-12,118663,Nippon India Gold Savings Fund - Direct Plan Growth Plan - Growth Option,40.0551,Nippon India Mutual Fund,Other Scheme - FoF Domestic
2025-08-13,118663,Nippon India Gold Savings Fund - Direct Plan Growth Plan - Growth Option,40.1563,Nippon India Mutual Fund,Other Scheme - FoF Domestic
2025-08-14,118663,Nippon India Gold Savings Fund - Direct Plan Growth Plan - Growth Option,40.1321,Nippon India Mutual Fund,Other Scheme - FoF Domestic
2025-08-18,118663,Nippon India Gold Savings Fund - Direct Plan Growth Plan - Growth Option,39.9434,Nippon India Mutual Fund,Other Scheme - FoF Domestic
2025-08-19,118663,Nippon India Gold Savings Fund - Direct Plan Growth Plan - Growth Option,39.7311,Nippon India Mutual Fund,Other Scheme - FoF Domestic
2025-08-20,118663,Nippon India Gold Savings Fund - Direct Plan Growth Plan - Growth Option,39.6199,Nippon India Mutual Fund,Other Scheme - FoF Domestic
2025-08-21,118663,Nippon India Gold Savings Fund - Direct Plan Growth Plan - Growth Option,39.8466,Nippon India Mutual Fund,Other Scheme - FoF Domestic
2025-08-22,118663,Nippon India Gold Savings Fund - Direct Plan Growth Plan - Growth Option,39.8802,Nippon India Mutual Fund,Other Scheme - FoF Domestic
2025-08-25,118663,Nippon India Gold Savings Fund - Direct Plan Growth Plan - Growth Option,40.3045,Nippon India Mutual Fund,Other Scheme - FoF Domestic
2025-08-26,118663,Nippon India Gold Savings Fund - Direct Plan Growth Plan - Growth Option,40.4635,Nippon India Mutual Fund,Other Scheme - FoF Domestic
2025-08-28,118663,Nippon India Gold Savings Fund - Direct Plan Growth Plan - Growth Option,40.748,Nippon India Mutual Fund,Other Scheme - FoF Domestic
2025-08-29,118663,Nippon India Gold Savings Fund - Direct Plan Growth Plan - Growth Option,41.1917,Nippon India Mutual Fund,Other Scheme - FoF Domestic
2025-09-01,118663,Nippon India Gold Savings Fund - Direct Plan Growth Plan - Growth Option,41.804,Nippon India Mutual Fund,Other Scheme - FoF Domestic
2025-09-02,118663,Nippon India Gold Savings Fund - Direct Plan Growth Plan - Growth Option,41.8038,Nippon India Mutual Fund,Other Scheme - FoF Domestic
2025-09-03,118663,Nippon India Gold Savings Fund - Direct Plan Growth Plan - Growth Option,42.4163,Nippon India Mutual Fund,Other Scheme - FoF Domestic
2025-09-04,118663,Nippon India Gold Savings Fund - Direct Plan Growth Plan - Growth Option,42.5512,Nippon India Mutual Fund,Other Scheme - FoF Domestic
2025-09-05,118663,Nippon India Gold Savings Fund - Direct Plan Growth Plan - Growth Option,42.7873,Nippon India Mutual Fund,Other Scheme - FoF Domestic
2025-09-08,118663,Nippon India Gold Savings Fund - Direct Plan Growth Plan - Growth Option,43.4284,Nippon India Mutual Fund,Other Scheme - FoF Domestic
2025-09-09,118663,Nippon India Gold Savings Fund - Direct Plan Growth Plan - Growth Option,44.0023,Nippon India Mutual Fund,Other Scheme - FoF Domestic
2025-09-10,118663,Nippon India Gold Savings Fund - Direct Plan Growth Plan - Growth Option,43.872,Nippon India Mutual Fund,Other Scheme - FoF Domestic
2025-09-11,118663,Nippon India Gold Savings Fund - Direct Plan Growth Plan - Growth Option,43.7368,Nippon India Mutual Fund,Other Scheme - FoF Domestic
2025-09-12,118663,Nippon India Gold Savings Fund - Direct Plan Growth Plan - Growth Option,44.0452,Nippon India Mutual Fund,Other Scheme - FoF Domestic
2025-09-15,118663,Nippon India Gold Savings Fund - Direct Plan Growth Plan - Growth Option,43.8808,Nippon India Mutual Fund,Other Scheme - FoF Domestic
2025-09-16,118663,Nippon India Gold Savings Fund - Direct Plan Growth Plan - Growth Option,44.5316,Nippon India Mutual Fund,Other Scheme - FoF Domestic
2025-09-17,118663,Nippon India Gold Savings Fund - Direct Plan Growth Plan - Growth Option,44.0395,Nippon India Mutual Fund,Other Scheme - FoF Domestic
2025-09-18,118663,Nippon India Gold Savings Fund - Direct Plan Growth Plan - Growth Option,44.2086,Nippon India Mutual Fund,Other Scheme - FoF Domestic
2025-09-19,118663,Nippon India Gold Savings Fund - Direct Plan Growth Plan - Growth Option,44.0589,Nippon India Mutual Fund,Other Scheme - FoF Domestic
2025-09-22,118663,Nippon India Gold Savings Fund - Direct Plan Growth Plan - Growth Option,44.9498,Nippon India Mutual Fund,Other Scheme - FoF Domestic
2025-09-23,118663,Nippon India Gold Savings Fund - Direct Plan Growth Plan - Growth Option,45.9096,Nippon India Mutual Fund,Other Scheme - FoF Domestic
2025-09-24,118663,Nippon India Gold Savings Fund - Direct Plan Growth Plan - Growth Option,45.6731,Nippon India Mutual Fund,Other Scheme - FoF Domestic
2025-09-25,118663,Nippon India Gold Savings Fund - Direct Plan Growth Plan - Growth Option,45.5718,Nippon India Mutual Fund,Other Scheme - FoF Domestic
2025-09-26,118663,Nippon India Gold Savings Fund - Direct Plan Growth Plan - Growth Option,45.4704,Nippon India Mutual Fund,Other Scheme - FoF Domestic
2025-09-30,118663,Nippon India Gold Savings Fund - Direct Plan Growth Plan - Growth Option,46.2554,Nippon India Mutual Fund,Other Scheme - FoF Domestic
2025-10-01,118663,Nippon India Gold Savings Fund - Direct Plan Growth Plan - Growth Option,47.1131,Nippon India Mutual Fund,Other Scheme - FoF Domestic
2025-10-03,118663,Nippon India Gold Savings Fund - Direct Plan Growth Plan - Growth Option,46.843,Nippon India Mutual Fund,Other Scheme - FoF Domestic
2025-10-06,118663,Nippon India Gold Savings Fund - Direct Plan Growth Plan - Growth Option,47.8758,Nippon India Mutual Fund,Other Scheme - FoF Domestic
2025-10-07,118663,Nippon India Gold Savings Fund - Direct Plan Growth Plan - Growth Option,48.0875,Nippon India Mutual Fund,Other Scheme - FoF Domestic
2025-10-08,118663,Nippon India Gold Savings Fund - Direct Plan Growth Plan - Growth Option,49.065,Nippon India Mutual Fund,Other Scheme - FoF Domestic
2025-10-09,118663,Nippon India Gold Savings Fund - Direct Plan Growth Plan - Growth Option,48.9587,Nippon India Mutual Fund,Other Scheme - FoF Domestic
2025-10-10,118663,Nippon India Gold Savings Fund - Direct Plan Growth Plan - Growth Option,48.573,Nippon India Mutual Fund,Other Scheme - FoF Domestic
2025-10-13,118663,Nippon India Gold Savings Fund - Direct Plan Growth Plan - Growth Option,49.5256,Nippon India Mutual Fund,Other Scheme - FoF Domestic
2025-10-14,118663,Nippon India Gold Savings Fund - Direct Plan Growth Plan - Growth Option,50.7011,Nippon India Mutual Fund,Other Scheme - FoF Domestic
2025-10-15,118663,Nippon India Gold Savings Fund - Direct Plan Growth Plan - Growth Option,50.7972,Nippon India Mutual Fund,Other Scheme - FoF Domestic
2025-10-16,118663,Nippon India Gold Savings Fund - Direct Plan Growth Plan - Growth Option,50.8354,Nippon India Mutual Fund,Other Scheme - FoF Domestic
2025-10-17,118663,Nippon India Gold Savings Fund - Direct Plan Growth Plan - Growth Option,52.1555,Nippon India Mutual Fund,Other Scheme - FoF Domestic
2025-10-20,118663,Nippon India Gold Savings Fund - Direct Plan Growth Plan - Growth Option,50.7267,Nippon India Mutual Fund,Other Scheme - FoF Domestic
2025-10-23,118663,Nippon India Gold Savings Fund - Direct Plan Growth Plan - Growth Option,49.0666,Nippon India Mutual Fund,Other Scheme - FoF Domestic
2025-10-24,118663,Nippon India Gold Savings Fund - Direct Plan Growth Plan - Growth Option,48.449,Nippon India Mutual Fund,Other Scheme - FoF Domestic
2025-10-27,118663,Nippon India Gold Savings Fund - Direct Plan Growth Plan - Growth Option,48.3136,Nippon India Mutual Fund,Other Scheme - FoF Domestic
2025-10-28,118663,Nippon India Gold Savings Fund - Direct Plan Growth Plan - Growth Option,46.7248,Nippon India Mutual Fund,Other Scheme - FoF Domestic
2025-10-29,118663,Nippon India Gold Savings Fund - Direct Plan Growth Plan - Growth Option,48.2236,Nippon India Mutual Fund,Other Scheme - FoF Domestic
2025-10-30,118663,Nippon India Gold Savings Fund - Direct Plan Growth Plan - Growth Option,48.0934,Nippon India Mutual Fund,Other Scheme - FoF Domestic
2025-10-31,118663,Nippon India Gold Savings Fund - Direct Plan Growth Plan - Growth Option,48.2572,Nippon India Mutual Fund,Other Scheme - FoF Domestic
2025-11-03,118663,Nippon India Gold Savings Fund - Direct Plan Growth Plan - Growth Option,48.2713,Nippon India Mutual Fund,Other Scheme - FoF Domestic
2025-11-04,118663,Nippon India Gold Savings Fund - Direct Plan Growth Plan - Growth Option,48.1506,Nippon India Mutual Fund,Other Scheme - FoF Domestic
2025-11-06,118663,Nippon India Gold Savings Fund - Direct Plan Growth Plan - Growth Option,48.2806,Nippon India Mutual Fund,Other Scheme - FoF Domestic
2025-11-07,118663,Nippon India Gold Savings Fund - Direct Plan Growth Plan - Growth Option,48.2178,Nippon India Mutual Fund,Other Scheme - FoF Domestic
2025-11-10,118663,Nippon India Gold Savings Fund - Direct Plan Growth Plan - Growth Option,49.066,Nippon India Mutual Fund,Other Scheme - FoF Domestic
2025-11-11,118663,Nippon India Gold Savings Fund - Direct Plan Growth Plan - Growth Option,49.8323,Nippon India Mutual Fund,Other Scheme - FoF Domestic
2025-11-12,118663,Nippon India Gold Savings Fund - Direct Plan Growth Plan - Growth Option,49.5429,Nippon India Mutual Fund,Other Scheme - FoF Domestic
2025-11-13,118663,Nippon India Gold Savings Fund - Direct Plan Growth Plan - Growth Option,50.8353,Nippon India Mutual Fund,Other Scheme - FoF Domestic
2025-11-14,118663,Nippon India Gold Savings Fund - Direct Plan Growth Plan - Growth Option,50.0827,Nippon India Mutual Fund,Other Scheme - FoF Domestic
2025-11-17,118663,Nippon India Gold Savings Fund - Direct Plan Growth Plan - Growth Option,49.1802,Nippon India Mutual Fund,Other Scheme - FoF Domestic
2025-11-18,118663,Nippon India Gold Savings Fund - Direct Plan Growth Plan - Growth Option,48.6839,Nippon India Mutual Fund,Other Scheme - FoF Domestic
2025-11-19,118663,Nippon India Gold Savings Fund - Direct Plan Growth Plan - Growth Option,49.3203,Nippon India Mutual Fund,Other Scheme - FoF Domestic
2025-11-20,118663,Nippon India Gold Savings Fund - Direct Plan Growth Plan - Growth Option,48.9921,Nippon India Mutual Fund,Other Scheme - FoF Domestic
2025-11-21,118663,Nippon India Gold Savings Fund - Direct Plan Growth Plan - Growth Option,49.2089,Nippon India Mutual Fund,Other Scheme - FoF Domestic
2025-11-24,118663,Nippon India Gold Savings Fund - Direct Plan Growth Plan - Growth Option,49.3193,Nippon India Mutual Fund,Other Scheme - FoF Domestic
2025-11-25,118663,Nippon India Gold Savings Fund - Direct Plan Growth Plan - Growth Option,49.9123,Nippon India Mutual Fund,Other Scheme - FoF Domestic
2025-11-26,118663,Nippon India Gold Savings Fund - Direct Plan Growth Plan - Growth Option,50.2592,Nippon India Mutual Fund,Other Scheme - FoF Domestic
2025-11-27,118663,Nippon India Gold Savings Fund - Direct Plan Growth Plan - Growth Option,50.2252,Nippon India Mutual Fund,Other Scheme - FoF Domestic
2025-11-28,118663,Nippon India Gold Savings Fund - Direct Plan Growth Plan - Growth Option,50.471,Nippon India Mutual Fund,Other Scheme - FoF Domestic
2025-12-01,118663,Nippon India Gold Savings Fund - Direct Plan Growth Plan - Growth Option,51.4835,Nippon India Mutual Fund,Other Scheme - FoF Domestic
2025-12-02,118663,Nippon India Gold Savings Fund - Direct Plan Growth Plan - Growth Option,50.9579,Nippon India Mutual Fund,Other Scheme - FoF Domestic
2025-12-03,118663,Nippon India Gold Savings Fund - Direct Plan Growth Plan - Growth Option,51.382,Nippon India Mutual Fund,Other Scheme - FoF Domestic
2025-12-04,118663,Nippon India Gold Savings Fund - Direct Plan Growth Plan - Growth Option,51.0973,Nippon India Mutual Fund,Other Scheme - FoF Domestic
2025-12-05,118663,Nippon India Gold Savings Fund - Direct Plan Growth Plan - Growth Option,51.5649,Nippon India Mutual Fund,Other Scheme - FoF Domestic
2025-12-08,118663,Nippon India Gold Savings Fund - Direct Plan Growth Plan - Growth Option,51.5451,Nippon India Mutual Fund,Other Scheme - FoF Domestic
2025-12-09,118663,Nippon India Gold Savings Fund - Direct Plan Growth Plan - Growth Option,51.2701,Nippon India Mutual Fund,Other Scheme - FoF Domestic
2025-12-10,118663,Nippon India Gold Savings Fund - Direct Plan Growth Plan - Growth Option,51.2458,Nippon India Mutual Fund,Other Scheme - FoF Domestic
2025-12-11,118663,Nippon India Gold Savings Fund - Direct Plan Growth Plan - Growth Option,51.6891,Nippon India Mutual Fund,Other Scheme - FoF Domestic
2025-12-12,118663,Nippon India Gold Savings Fund - Direct Plan Growth Plan - Growth Option,52.8754,Nippon India Mutual Fund,Other Scheme - FoF Domestic
2025-12-15,118663,Nippon India Gold Savings Fund - Direct Plan Growth Plan - Growth Option,53.521,Nippon India Mutual Fund,Other Scheme - FoF Domestic
2025-12-16,118663,Nippon India Gold Savings Fund - Direct Plan Growth Plan - Growth Option,52.8507,Nippon India Mutual Fund,Other Scheme - FoF Domestic
2025-12-17,118663,Nippon India Gold Savings Fund - Direct Plan Growth Plan - Growth Option,53.0579,Nippon India Mutual Fund,Other Scheme - FoF Domestic
2025-12-18,118663,Nippon India Gold Savings Fund - Direct Plan Growth Plan - Growth Option,53.0047,Nippon India Mutual Fund,Other Scheme - FoF Domestic
2025-12-19,118663,Nippon India Gold Savings Fund - Direct Plan Growth Plan - Growth Option,52.9756,Nippon India Mutual Fund,Other Scheme - FoF Domestic
2025-12-22,118663,Nippon India Gold Savings Fund - Direct Plan Growth Plan - Growth Option,53.7318,Nippon India Mutual Fund,Other Scheme - FoF Domestic
2025-12-23,118663,Nippon India Gold Savings Fund - Direct Plan Growth Plan - Growth Option,54.5556,Nippon India Mutual Fund,Other Scheme - FoF Domestic
2025-12-24,118663,Nippon India Gold Savings Fund - Direct Plan Growth Plan - Growth Option,54.6084,Nippon India Mutual Fund,Other Scheme - FoF Domestic
2025-12-26,118663,Nippon India Gold Savings Fund - Direct Plan Growth Plan - Growth Option,55.1383,Nippon India Mutual Fund,Other Scheme - FoF Domestic
2025-12-29,118663,Nippon India Gold Savings Fund - Direct Plan Growth Plan - Growth Option,54.5219,Nippon India Mutual Fund,Other Scheme - FoF Domestic
2025-12-30,118663,Nippon India Gold Savings Fund - Direct Plan Growth Plan - Growth Option,53.6255,Nippon India Mutual Fund,Other Scheme - FoF Domestic
2025-12-31,118663,Nippon India Gold Savings Fund - Direct Plan Growth Plan - Growth Option,53.1147,Nippon India Mutual Fund,Other Scheme - FoF Domestic
2026-01-01,118663,Nippon India Gold Savings Fund - Direct Plan Growth Plan - Growth Option,53.3122,Nippon India Mutual Fund,Other Scheme - FoF Domestic
2026-01-02,118663,Nippon India Gold Savings Fund - Direct Plan Growth Plan - Growth Option,53.9382,Nippon India Mutual Fund,Other Scheme - FoF Domestic
2026-01-05,118663,Nippon India Gold Savings Fund - Direct Plan Growth Plan - Growth Option,54.4681,Nippon India Mutual Fund,Other Scheme - FoF Domestic
2026-01-06,118663,Nippon India Gold Savings Fund - Direct Plan Growth Plan - Growth Option,54.5738,Nippon India Mutual Fund,Other Scheme - FoF Domestic
2026-01-07,118663,Nippon India Gold Savings Fund - Direct Plan Growth Plan - Growth Option,54.4628,Nippon India Mutual Fund,Other Scheme - FoF Domestic
2026-01-08,118663,Nippon India Gold Savings Fund - Direct Plan Growth Plan - Growth Option,54.1639,Nippon India Mutual Fund,Other Scheme - FoF Domestic
2026-01-09,118663,Nippon India Gold Savings Fund - Direct Plan Growth Plan - Growth Option,54.8006,Nippon India Mutual Fund,Other Scheme - FoF Domestic
2026-01-12,118663,Nippon India Gold Savings Fund - Direct Plan Growth Plan - Growth Option,56.3165,Nippon India Mutual Fund,Other Scheme - FoF Domestic
2026-01-13,118663,Nippon India Gold Savings Fund - Direct Plan Growth Plan - Growth Option,56.1286,Nippon India Mutual Fund,Other Scheme - FoF Domestic
2026-01-14,118663,Nippon India Gold Savings Fund - Direct Plan Growth Plan - Growth Option,56.9191,Nippon India Mutual Fund,Other Scheme - FoF Domestic
2026-01-16,118663,Nippon India Gold Savings Fund - Direct Plan Growth Plan - Growth Option,56.8079,Nippon India Mutual Fund,Other Scheme - FoF Domestic
2026-01-19,118663,Nippon India Gold Savings Fund - Direct Plan Growth Plan - Growth Option,58.4076,Nippon India Mutual Fund,Other Scheme - FoF Domestic
2026-01-20,118663,Nippon India Gold Savings Fund - Direct Plan Growth Plan - Growth Option,58.6662,Nippon India Mutual Fund,Other Scheme - FoF Domestic
2026-01-21,118663,Nippon India Gold Savings Fund - Direct Plan Growth Plan - Growth Option,61.2209,Nippon India Mutual Fund,Other Scheme - FoF Domestic
2026-01-22,118663,Nippon India Gold Savings Fund - Direct Plan Growth Plan - Growth Option,59.9321,Nippon India Mutual Fund,Other Scheme - FoF Domestic
2026-01-23,118663,Nippon India Gold Savings Fund - Direct Plan Growth Plan - Growth Option,61.4153,Nippon India Mutual Fund,Other Scheme - FoF Domestic
2026-01-27,118663,Nippon India Gold Savings Fund - Direct Plan Growth Plan - Growth Option,63.3545,Nippon India Mutual Fund,Other Scheme - FoF Domestic
2026-01-28,118663,Nippon India Gold Savings Fund - Direct Plan Growth Plan - Growth Option,65.4577,Nippon India Mutual Fund,Other Scheme - FoF Domestic
2026-01-29,118663,Nippon India Gold Savings Fund - Direct Plan Growth Plan - Growth Option,70.6098,Nippon India Mutual Fund,Other Scheme - FoF Domestic
2026-01-30,118663,Nippon India Gold Savings Fund - Direct Plan Growth Plan - Growth Option,65.4311,Nippon India Mutual Fund,Other Scheme - FoF Domestic
2026-02-02,118663,Nippon India Gold Savings Fund - Direct Plan Growth Plan - Growth Option,58.9496,Nippon India Mutual Fund,Other Scheme - FoF Domestic
2026-02-03,118663,Nippon India Gold Savings Fund - Direct Plan Growth Plan - Growth Option,60.3655,Nippon India Mutual Fund,Other Scheme - FoF Domestic
2026-02-04,118663,Nippon India Gold Savings Fund - Direct Plan Growth Plan - Growth Option,62.4836,Nippon India Mutual Fund,Other Scheme - FoF Domestic
2026-02-05,118663,Nippon India Gold Savings Fund - Direct Plan Growth Plan - Growth Option,60.374,Nippon India Mutual Fund,Other Scheme - FoF Domestic
2026-02-06,118663,Nippon India Gold Savings Fund - Direct Plan Growth Plan - Growth Option,60.2872,Nippon India Mutual Fund,Other Scheme - FoF Domestic
2026-02-09,118663,Nippon India Gold Savings Fund - Direct Plan Growth Plan - Growth Option,61.7041,Nippon India Mutual Fund,Other Scheme - FoF Domestic
2026-02-10,118663,Nippon India Gold Savings Fund - Direct Plan Growth Plan - Growth Option,61.8774,Nippon India Mutual Fund,Other Scheme - FoF Domestic
2026-02-11,118663,Nippon India Gold Savings Fund - Direct Plan Growth Plan - Growth Option,62.0505,Nippon India Mutual Fund,Other Scheme - FoF Domestic
2026-02-12,118663,Nippon India Gold Savings Fund - Direct Plan Growth Plan - Growth Option,61.9635,Nippon India Mutual Fund,Other Scheme - FoF Domestic
2026-02-13,118663,Nippon India Gold Savings Fund - Direct Plan Growth Plan - Growth Option,60.7969,Nippon India Mutual Fund,Other Scheme - FoF Domestic
2026-02-16,118663,Nippon India Gold Savings Fund - Direct Plan Growth Plan - Growth Option,61.1915,Nippon India Mutual Fund,Other Scheme - FoF Domestic
2026-02-17,118663,Nippon India Gold Savings Fund - Direct Plan Growth Plan - Growth Option,60.0638,Nippon India Mutual Fund,Other Scheme - FoF Domestic
2026-02-18,118663,Nippon India Gold Savings Fund - Direct Plan Growth Plan - Growth Option,60.0926,Nippon India Mutual Fund,Other Scheme - FoF Domestic
2026-02-19,118663,Nippon India Gold Savings Fund - Direct Plan Growth Plan - Growth Option,61.2733,Nippon India Mutual Fund,Other Scheme - FoF Domestic
2026-02-20,118663,Nippon India Gold Savings Fund - Direct Plan Growth Plan - Growth Option,61.49,Nippon India Mutual Fund,Other Scheme - FoF Domestic
2026-02-23,118663,Nippon India Gold Savings Fund - Direct Plan Growth Plan - Growth Option,62.6738,Nippon India Mutual Fund,Other Scheme - FoF Domestic
2026-02-24,118663,Nippon India Gold Savings Fund - Direct Plan Growth Plan - Growth Option,63.2616,Nippon India Mutual Fund,Other Scheme - FoF Domestic
2026-02-25,118663,Nippon India Gold Savings Fund - Direct Plan Growth Plan - Growth Option,63.4879,Nippon India Mutual Fund,Other Scheme - FoF Domestic
2026-02-26,118663,Nippon India Gold Savings Fund - Direct Plan Growth Plan - Growth Option,62.9046,Nippon India Mutual Fund,Other Scheme - FoF Domestic
2026-02-27,118663,Nippon India Gold Savings Fund - Direct Plan Growth Plan - Growth Option,63.4441,Nippon India Mutual Fund,Other Scheme - FoF Domestic
2026-03-02,118663,Nippon India Gold Savings Fund - Direct Plan Growth Plan - Growth Option,66.6823,Nippon India Mutual Fund,Other Scheme - FoF Domestic
2026-03-04,118663,Nippon India Gold Savings Fund - Direct Plan Growth Plan - Growth Option,64.583,Nippon India Mutual Fund,Other Scheme - FoF Domestic
2026-03-05,118663,Nippon India Gold Savings Fund - Direct Plan Growth Plan - Growth Option,63.754,Nippon India Mutual Fund,Other Scheme - FoF Domestic
2026-03-06,118663,Nippon India Gold Savings Fund - Direct Plan Growth Plan - Growth Option,63.0698,Nippon India Mutual Fund,Other Scheme - FoF Domestic
2026-03-09,118663,Nippon India Gold Savings Fund - Direct Plan Growth Plan - Growth Option,63.3246,Nippon India Mutual Fund,Other Scheme - FoF Domestic
2026-03-10,118663,Nippon India Gold Savings Fund - Direct Plan Growth Plan - Growth Option,63.734,Nippon India Mutual Fund,Other Scheme - FoF Domestic
2026-03-11,118663,Nippon India Gold Savings Fund - Direct Plan Growth Plan - Growth Option,63.9794,Nippon India Mutual Fund,Other Scheme - FoF Domestic
2026-03-12,118663,Nippon India Gold Savings Fund - Direct Plan Growth Plan - Growth Option,63.8443,Nippon India Mutual Fund,Other Scheme - FoF Domestic
2026-03-13,118663,Nippon India Gold Savings Fund - Direct Plan Growth Plan - Growth Option,62.827,Nippon India Mutual Fund,Other Scheme - FoF Domestic
2026-03-16,118663,Nippon India Gold Savings Fund - Direct Plan Growth Plan - Growth Option,61.3327,Nippon India Mutual Fund,Other Scheme - FoF Domestic
2026-03-17,118663,Nippon India Gold Savings Fund - Direct Plan Growth Plan - Growth Option,61.815,Nippon India Mutual Fund,Other Scheme - FoF Domestic
2026-03-18,118663,Nippon India Gold Savings Fund - Direct Plan Growth Plan - Growth Option,61.6654,Nippon India Mutual Fund,Other Scheme - FoF Domestic
2026-03-19,118663,Nippon India Gold Savings Fund - Direct Plan Growth Plan - Growth Option,58.4886,Nippon India Mutual Fund,Other Scheme - FoF Domestic
2026-03-20,118663,Nippon India Gold Savings Fund - Direct Plan Growth Plan - Growth Option,58.3631,Nippon India Mutual Fund,Other Scheme - FoF Domestic
2026-03-23,118663,Nippon India Gold Savings Fund - Direct Plan Growth Plan - Growth Option,53.3757,Nippon India Mutual Fund,Other Scheme - FoF Domestic
2026-03-24,118663,Nippon India Gold Savings Fund - Direct Plan Growth Plan - Growth Option,55.6749,Nippon India Mutual Fund,Other Scheme - FoF Domestic
2026-03-25,118663,Nippon India Gold Savings Fund - Direct Plan Growth Plan - Growth Option,57.5054,Nippon India Mutual Fund,Other Scheme - FoF Domestic
2026-03-27,118663,Nippon India Gold Savings Fund - Direct Plan Growth Plan - Growth Option,56.6573,Nippon India Mutual Fund,Other Scheme - FoF Domestic
2026-03-30,118663,Nippon India Gold Savings Fund - Direct Plan Growth Plan - Growth Option,58.4177,Nippon India Mutual Fund,Other Scheme - FoF Domestic
2026-03-31,118663,Nippon India Gold Savings Fund - Direct Plan Growth Plan - Growth Option,58.4175,Nippon India Mutual Fund,Other Scheme - FoF Domestic
2026-04-01,118663,Nippon India Gold Savings Fund - Direct Plan Growth Plan - Growth Option,59.4652,Nippon India Mutual Fund,Other Scheme - FoF Domestic
2026-04-02,118663,Nippon India Gold Savings Fund - Direct Plan Growth Plan - Growth Option,58.1207,Nippon India Mutual Fund,Other Scheme - FoF Domestic
2026-04-06,118663,Nippon India Gold Savings Fund - Direct Plan Growth Plan - Growth Option,59.1943,Nippon India Mutual Fund,Other Scheme - FoF Domestic
2026-04-07,118663,Nippon India Gold Savings Fund - Direct Plan Growth Plan - Growth Option,58.6981,Nippon India Mutual Fund,Other Scheme - FoF Domestic
2026-04-08,118663,Nippon India Gold Savings Fund - Direct Plan Growth Plan - Growth Option,59.9556,Nippon India Mutual Fund,Other Scheme - FoF Domestic
2026-04-09,118663,Nippon India Gold Savings Fund - Direct Plan Growth Plan - Growth Option,59.3871,Nippon India Mutual Fund,Other Scheme - FoF Domestic
2026-04-10,118663,Nippon India Gold Savings Fund - Direct Plan Growth Plan - Growth Option,59.522,Nippon India Mutual Fund,Other Scheme - FoF Domestic
2026-04-13,118663,Nippon India Gold Savings Fund - Direct Plan Growth Plan - Growth Option,59.6518,Nippon India Mutual Fund,Other Scheme - FoF Domestic
2026-04-15,118663,Nippon India Gold Savings Fund - Direct Plan Growth Plan - Growth Option,60.278,Nippon India Mutual Fund,Other Scheme - FoF Domestic
2026-04-16,118663,Nippon India Gold Savings Fund - Direct Plan Growth Plan - Growth Option,60.543,Nippon India Mutual Fund,Other Scheme - FoF Domestic
2026-04-17,118663,Nippon India Gold Savings Fund - Direct Plan Growth Plan - Growth Option,60.1526,Nippon India Mutual Fund,Other Scheme - FoF Domestic
2026-04-20,118663,Nippon India Gold Savings Fund - Direct Plan Growth Plan - Growth Option,60.2489,Nippon India Mutual Fund,Other Scheme - FoF Domestic
2026-04-21,118663,Nippon India Gold Savings Fund - Direct Plan Growth Plan - Growth Option,60.3548,Nippon India Mutual Fund,Other Scheme - FoF Domestic
2026-04-22,118663,Nippon India Gold Savings Fund - Direct Plan Growth Plan - Growth Option,60.2439,Nippon India Mutual Fund,Other Scheme - FoF Domestic
2026-04-23,118663,Nippon India Gold Savings Fund - Direct Plan Growth Plan - Growth Option,59.8053,Nippon India Mutual Fund,Other Scheme - FoF Domestic
2026-04-24,118663,Nippon India Gold Savings Fund - Direct Plan Growth Plan - Growth Option,59.7378,Nippon India Mutual Fund,Other Scheme - FoF Domestic
2026-04-27,118663,Nippon India Gold Savings Fund - Direct Plan Growth Plan - Growth Option,59.887,Nippon India Mutual Fund,Other Scheme - FoF Domestic
2026-04-28,118663,Nippon India Gold Savings Fund - Direct Plan Growth Plan - Growth Option,59.1304,Nippon India Mutual Fund,Other Scheme - FoF Domestic
2026-04-29,118663,Nippon India Gold Savings Fund - Direct Plan Growth Plan - Growth Option,58.6002,Nippon India Mutual Fund,Other Scheme - FoF Domestic
2026-04-30,118663,Nippon India Gold Savings Fund - Direct Plan Growth Plan - Growth Option,59.4916,Nippon India Mutual Fund,Other Scheme - FoF Domestic
2026-05-04,118663,Nippon India Gold Savings Fund - Direct Plan Growth Plan - Growth Option,58.9854,Nippon India Mutual Fund,Other Scheme - FoF Domestic
2026-05-05,118663,Nippon India Gold Savings Fund - Direct Plan Growth Plan - Growth Option,58.8795,Nippon India Mutual Fund,Other Scheme - FoF Domestic
2026-05-06,118663,Nippon India Gold Savings Fund - Direct Plan Growth Plan - Growth Option,59.7755,Nippon India Mutual Fund,Other Scheme - FoF Domestic
2026-05-07,118663,Nippon India Gold Savings Fund - Direct Plan Growth Plan - Growth Option,59.9923,Nippon India Mutual Fund,Other Scheme - FoF Domestic
2026-05-08,118663,Nippon India Gold Savings Fund - Direct Plan Growth Plan - Growth Option,59.9151,Nippon India Mutual Fund,Other Scheme - FoF Domestic
2026-05-11,118663,Nippon India Gold Savings Fund - Direct Plan Growth Plan - Growth Option,59.3946,Nippon India Mutual Fund,Other Scheme - FoF Domestic
2026-05-12,118663,Nippon India Gold Savings Fund - Direct Plan Growth Plan - Growth Option,60.0594,Nippon India Mutual Fund,Other Scheme - FoF Domestic
2026-05-13,118663,Nippon India Gold Savings Fund - Direct Plan Growth Plan - Growth Option,63.4956,Nippon India Mutual Fund,Other Scheme - FoF Domestic
2026-05-14,118663,Nippon India Gold Savings Fund - Direct Plan Growth Plan - Growth Option,63.5148,Nippon India Mutual Fund,Other Scheme - FoF Domestic
2026-05-15,118663,Nippon India Gold Savings Fund - Direct Plan Growth Plan - Growth Option,62.3726,Nippon India Mutual Fund,Other Scheme - FoF Domestic
2026-05-18,118663,Nippon India Gold Savings Fund - Direct Plan Growth Plan - Growth Option,62.5122,Nippon India Mutual Fund,Other Scheme - FoF Domestic
2026-05-19,118663,Nippon India Gold Savings Fund - Direct Plan Growth Plan - Growth Option,62.9651,Nippon India Mutual Fund,Other Scheme - FoF Domestic
2026-05-20,118663,Nippon India Gold Savings Fund - Direct Plan Growth Plan - Growth Option,62.753,Nippon India Mutual Fund,Other Scheme - FoF Domestic
2026-05-21,118663,Nippon India Gold Savings Fund - Direct Plan Growth Plan - Growth Option,63.0132,Nippon India Mutual Fund,Other Scheme - FoF Domestic
2026-05-22,118663,Nippon India Gold Savings Fund - Direct Plan Growth Plan - Growth Option,62.8975,Nippon India Mutual Fund,Other Scheme - FoF Domestic
2026-05-25,118663,Nippon India Gold Savings Fund - Direct Plan Growth Plan - Growth Option,62.9021,Nippon India Mutual Fund,Other Scheme - FoF Domestic
2026-05-26,118663,Nippon India Gold Savings Fund - Direct Plan Growth Plan - Growth Option,62.454,Nippon India Mutual Fund,Other Scheme - FoF Domestic
2026-05-27,118663,Nippon India Gold Savings Fund - Direct Plan Growth Plan - Growth Option,62.1938,Nippon India Mutual Fund,Other Scheme - FoF Domestic
2026-05-29,118663,Nippon India Gold Savings Fund - Direct Plan Growth Plan - Growth Option,62.0057,Nippon India Mutual Fund,Other Scheme - FoF Domestic
2026-06-01,118663,Nippon India Gold Savings Fund - Direct Plan Growth Plan - Growth Option,61.4465,Nippon India Mutual Fund,Other Scheme - FoF Domestic
2026-06-02,118663,Nippon India Gold Savings Fund - Direct Plan Growth Plan - Growth Option,62.0151,Nippon India Mutual Fund,Other Scheme - FoF Domestic
2026-06-03,118663,Nippon India Gold Savings Fund - Direct Plan Growth Plan - Growth Option,61.5187,Nippon India Mutual Fund,Other Scheme - FoF Domestic
2026-06-04,118663,Nippon India Gold Savings Fund - Direct Plan Growth Plan - Growth Option,61.9331,Nippon India Mutual Fund,Other Scheme - FoF Domestic
2026-06-05,118663,Nippon India Gold Savings Fund - Direct Plan Growth Plan - Growth Option,61.586,Nippon India Mutual Fund,Other Scheme - FoF Domestic
2026-06-08,118663,Nippon India Gold Savings Fund - Direct Plan Growth Plan - Growth Option,59.8413,Nippon India Mutual Fund,Other Scheme - FoF Domestic
2026-06-09,118663,Nippon India Gold Savings Fund - Direct Plan Growth Plan - Growth Option,60.434,Nippon India Mutual Fund,Other Scheme - FoF Domestic
2026-06-10,118663,Nippon India Gold Savings Fund - Direct Plan Growth Plan - Growth Option,58.3903,Nippon India Mutual Fund,Other Scheme - FoF Domestic
2026-06-11,118663,Nippon India Gold Savings Fund - Direct Plan Growth Plan - Growth Option,57.4888,Nippon India Mutual Fund,Other Scheme - FoF Domestic
2026-06-12,118663,Nippon India Gold Savings Fund - Direct Plan Growth Plan - Growth Option,58.7609,Nippon India Mutual Fund,Other Scheme - FoF Domestic
2026-06-15,118663,Nippon India Gold Savings Fund - Direct Plan Growth Plan - Growth Option,59.8162,Nippon India Mutual Fund,Other Scheme - FoF Domestic
2026-06-16,118663,Nippon India Gold Savings Fund - Direct Plan Growth Plan - Growth Option,59.8306,Nippon India Mutual Fund,Other Scheme - FoF Domestic
2026-06-17,118663,Nippon India Gold Savings Fund - Direct Plan Growth Plan - Growth Option,59.6426,Nippon India Mutual Fund,Other Scheme - FoF Domestic
2026-06-18,118663,Nippon India Gold Savings Fund - Direct Plan Growth Plan - Growth Option,58.8569,Nippon India Mutual Fund,Other Scheme - FoF Domestic
2026-06-19,118663,Nippon India Gold Savings Fund - Direct Plan Growth Plan - Growth Option,57.734,Nippon India Mutual Fund,Other Scheme - FoF Domestic
2026-06-22,118663,Nippon India Gold Savings Fund - Direct Plan Growth Plan - Growth Option,58.3748,Nippon India Mutual Fund,Other Scheme - FoF Domestic
2026-06-23,118663,Nippon India Gold Savings Fund - Direct Plan Growth Plan - Growth Option,57.305,Nippon India Mutual Fund,Other Scheme - FoF Domestic
2026-06-24,118663,Nippon India Gold Savings Fund - Direct Plan Growth Plan - Growth Option,56.6592,Nippon India Mutual Fund,Other Scheme - FoF Domestic
2026-06-25,118663,Nippon India Gold Savings Fund - Direct Plan Growth Plan - Growth Option,55.4059,Nippon India Mutual Fund,Other Scheme - FoF Domestic
2026-06-29,118663,Nippon India Gold Savings Fund - Direct Plan Growth Plan - Growth Option,56.1143,Nippon India Mutual Fund,Other Scheme - FoF Domestic
2026-06-30,118663,Nippon India Gold Savings Fund - Direct Plan Growth Plan - Growth Option,55.8926,Nippon India Mutual Fund,Other Scheme - FoF Domestic
2026-07-01,118663,Nippon India Gold Savings Fund - Direct Plan Growth Plan - Growth Option,55.6467,Nippon India Mutual Fund,Other Scheme - FoF Domestic
2026-07-02,118663,Nippon India Gold Savings Fund - Direct Plan Growth Plan - Growth Option,56.7214,Nippon India Mutual Fund,Other Scheme - FoF Domestic
2026-07-03,118663,Nippon India Gold Savings Fund - Direct Plan Growth Plan - Growth Option,57.9838,Nippon India Mutual Fund,Other Scheme - FoF Domestic
2026-07-06,118663,Nippon India Gold Savings Fund - Direct Plan Growth Plan - Growth Option,57.5981,Nippon India Mutual Fund,Other Scheme - FoF Domestic
2026-07-07,118663,Nippon India Gold Savings Fund - Direct Plan Growth Plan - Growth Option,57.1499,Nippon India Mutual Fund,Other Scheme - FoF Domestic
2026-07-08,118663,Nippon India Gold Savings Fund - Direct Plan Growth Plan - Growth Option,56.3692,Nippon India Mutual Fund,Other Scheme - FoF Domestic
2026-07-09,118663,Nippon India Gold Savings Fund - Direct Plan Growth Plan - Growth Option,57.0725,Nippon India Mutual Fund,Other Scheme - FoF Domestic
2026-07-10,118663,Nippon India Gold Savings Fund - Direct Plan Growth Plan - Growth Option,56.9375,Nippon India Mutual Fund,Other Scheme - FoF Domestic
2026-07-13,118663,Nippon India Gold Savings Fund - Direct Plan Growth Plan - Growth Option,56.364,Nippon India Mutual Fund,Other Scheme - FoF Domestic
2026-07-14,118663,Nippon India Gold Savings Fund - Direct Plan Growth Plan - Growth Option,55.8965,Nippon India Mutual Fund,Other Scheme - FoF Domestic
2026-07-15,118663,Nippon India Gold Savings Fund - Direct Plan Growth Plan - Growth Option,56.094,Nippon India Mutual Fund,Other Scheme - FoF Domestic
2026-07-16,118663,Nippon India Gold Savings Fund - Direct Plan Growth Plan - Growth Option,56.1325,Nippon India Mutual Fund,Other Scheme - FoF Domestic
2026-07-17,118663,Nippon India Gold Savings Fund - Direct Plan Growth Plan - Growth Option,55.8049,Nippon India Mutual Fund,Other Scheme - FoF Domestic
2026-07-20,118663,Nippon India Gold Savings Fund - Direct Plan Growth Plan - Growth Option,56.3107,Nippon India Mutual Fund,Other Scheme - FoF Domestic
2026-07-21,118663,Nippon India Gold Savings Fund - Direct Plan Growth Plan - Growth Option,56.7395,Nippon India Mutual Fund,Other Scheme - FoF Domestic
2026-07-22,118663,Nippon India Gold Savings Fund - Direct Plan Growth Plan - Growth Option,57.4189,Nippon India Mutual Fund,Other Scheme - FoF Domestic
2026-07-23,118663,Nippon India Gold Savings Fund - Direct Plan Growth Plan - Growth Option,57.202,Nippon India Mutual Fund,Other Scheme - FoF Domestic
2026-07-24,118663,Nippon India Gold Savings Fund - Direct Plan Growth Plan - Growth Option,56.826,Nippon India Mutual Fund,Other Scheme - FoF Domestic
