Date,Scheme_Code,Scheme_Name,NAV,Fund_House,Scheme_Category
2012-12-31,119092,HDFC Money Market Fund - Growth Option - Direct Plan,23.992,HDFC Mutual Fund,Debt Scheme - Money Market Fund
2013-01-01,119092,HDFC Money Market Fund - Growth Option - Direct Plan,23.9979,HDFC Mutual Fund,Debt Scheme - Money Market Fund
2013-01-02,119092,HDFC Money Market Fund - Growth Option - Direct Plan,24.0036,HDFC Mutual Fund,Debt Scheme - Money Market Fund
2013-01-03,119092,HDFC Money Market Fund - Growth Option - Direct Plan,24.0092,HDFC Mutual Fund,Debt Scheme - Money Market Fund
2013-01-04,119092,HDFC Money Market Fund - Growth Option - Direct Plan,24.0147,HDFC Mutual Fund,Debt Scheme - Money Market Fund
2013-01-06,119092,HDFC Money Market Fund - Growth Option - Direct Plan,24.0258,HDFC Mutual Fund,Debt Scheme - Money Market Fund
2013-01-07,119092,HDFC Money Market Fund - Growth Option - Direct Plan,24.0314,HDFC Mutual Fund,Debt Scheme - Money Market Fund
2013-01-08,119092,HDFC Money Market Fund - Growth Option - Direct Plan,24.0369,HDFC Mutual Fund,Debt Scheme - Money Market Fund
2013-01-09,119092,HDFC Money Market Fund - Growth Option - Direct Plan,24.0424,HDFC Mutual Fund,Debt Scheme - Money Market Fund
2013-01-10,119092,HDFC Money Market Fund - Growth Option - Direct Plan,24.0479,HDFC Mutual Fund,Debt Scheme - Money Market Fund
2013-01-11,119092,HDFC Money Market Fund - Growth Option - Direct Plan,24.0534,HDFC Mutual Fund,Debt Scheme - Money Market Fund
2013-01-13,119092,HDFC Money Market Fund - Growth Option - Direct Plan,24.0643,HDFC Mutual Fund,Debt Scheme - Money Market Fund
2013-01-14,119092,HDFC Money Market Fund - Growth Option - Direct Plan,24.0698,HDFC Mutual Fund,Debt Scheme - Money Market Fund
2013-01-15,119092,HDFC Money Market Fund - Growth Option - Direct Plan,24.0754,HDFC Mutual Fund,Debt Scheme - Money Market Fund
2013-01-16,119092,HDFC Money Market Fund - Growth Option - Direct Plan,24.0809,HDFC Mutual Fund,Debt Scheme - Money Market Fund
2013-01-17,119092,HDFC Money Market Fund - Growth Option - Direct Plan,24.0863,HDFC Mutual Fund,Debt Scheme - Money Market Fund
2013-01-18,119092,HDFC Money Market Fund - Growth Option - Direct Plan,24.0918,HDFC Mutual Fund,Debt Scheme - Money Market Fund
2013-01-20,119092,HDFC Money Market Fund - Growth Option - Direct Plan,24.1028,HDFC Mutual Fund,Debt Scheme - Money Market Fund
2013-01-21,119092,HDFC Money Market Fund - Growth Option - Direct Plan,24.1084,HDFC Mutual Fund,Debt Scheme - Money Market Fund
2013-01-22,119092,HDFC Money Market Fund - Growth Option - Direct Plan,24.1139,HDFC Mutual Fund,Debt Scheme - Money Market Fund
2013-01-23,119092,HDFC Money Market Fund - Growth Option - Direct Plan,24.1194,HDFC Mutual Fund,Debt Scheme - Money Market Fund
2013-01-24,119092,HDFC Money Market Fund - Growth Option - Direct Plan,24.1249,HDFC Mutual Fund,Debt Scheme - Money Market Fund
2013-01-27,119092,HDFC Money Market Fund - Growth Option - Direct Plan,24.1413,HDFC Mutual Fund,Debt Scheme - Money Market Fund
2013-01-28,119092,HDFC Money Market Fund - Growth Option - Direct Plan,24.1468,HDFC Mutual Fund,Debt Scheme - Money Market Fund
2013-01-29,119092,HDFC Money Market Fund - Growth Option - Direct Plan,24.1522,HDFC Mutual Fund,Debt Scheme - Money Market Fund
2013-01-30,119092,HDFC Money Market Fund - Growth Option - Direct Plan,24.1577,HDFC Mutual Fund,Debt Scheme - Money Market Fund
2013-01-31,119092,HDFC Money Market Fund - Growth Option - Direct Plan,24.1631,HDFC Mutual Fund,Debt Scheme - Money Market Fund
2013-02-01,119092,HDFC Money Market Fund - Growth Option - Direct Plan,24.1686,HDFC Mutual Fund,Debt Scheme - Money Market Fund
2013-02-03,119092,HDFC Money Market Fund - Growth Option - Direct Plan,24.1795,HDFC Mutual Fund,Debt Scheme - Money Market Fund
2013-02-04,119092,HDFC Money Market Fund - Growth Option - Direct Plan,24.1849,HDFC Mutual Fund,Debt Scheme - Money Market Fund
2013-02-05,119092,HDFC Money Market Fund - Growth Option - Direct Plan,24.1903,HDFC Mutual Fund,Debt Scheme - Money Market Fund
2013-02-06,119092,HDFC Money Market Fund - Growth Option - Direct Plan,24.1959,HDFC Mutual Fund,Debt Scheme - Money Market Fund
2013-02-07,119092,HDFC Money Market Fund - Growth Option - Direct Plan,24.2013,HDFC Mutual Fund,Debt Scheme - Money Market Fund
2013-02-08,119092,HDFC Money Market Fund - Growth Option - Direct Plan,24.2067,HDFC Mutual Fund,Debt Scheme - Money Market Fund
2013-02-10,119092,HDFC Money Market Fund - Growth Option - Direct Plan,24.2174,HDFC Mutual Fund,Debt Scheme - Money Market Fund
2013-02-11,119092,HDFC Money Market Fund - Growth Option - Direct Plan,24.223,HDFC Mutual Fund,Debt Scheme - Money Market Fund
2013-02-12,119092,HDFC Money Market Fund - Growth Option - Direct Plan,24.2284,HDFC Mutual Fund,Debt Scheme - Money Market Fund
2013-02-13,119092,HDFC Money Market Fund - Growth Option - Direct Plan,24.2338,HDFC Mutual Fund,Debt Scheme - Money Market Fund
2013-02-14,119092,HDFC Money Market Fund - Growth Option - Direct Plan,24.2392,HDFC Mutual Fund,Debt Scheme - Money Market Fund
2013-02-15,119092,HDFC Money Market Fund - Growth Option - Direct Plan,24.2446,HDFC Mutual Fund,Debt Scheme - Money Market Fund
2013-02-17,119092,HDFC Money Market Fund - Growth Option - Direct Plan,24.2554,HDFC Mutual Fund,Debt Scheme - Money Market Fund
2013-02-18,119092,HDFC Money Market Fund - Growth Option - Direct Plan,24.2609,HDFC Mutual Fund,Debt Scheme - Money Market Fund
2013-02-19,119092,HDFC Money Market Fund - Growth Option - Direct Plan,24.2664,HDFC Mutual Fund,Debt Scheme - Money Market Fund
2013-02-20,119092,HDFC Money Market Fund - Growth Option - Direct Plan,24.2719,HDFC Mutual Fund,Debt Scheme - Money Market Fund
2013-02-21,119092,HDFC Money Market Fund - Growth Option - Direct Plan,24.2773,HDFC Mutual Fund,Debt Scheme - Money Market Fund
2013-02-22,119092,HDFC Money Market Fund - Growth Option - Direct Plan,24.2828,HDFC Mutual Fund,Debt Scheme - Money Market Fund
2013-02-24,119092,HDFC Money Market Fund - Growth Option - Direct Plan,24.2938,HDFC Mutual Fund,Debt Scheme - Money Market Fund
2013-02-25,119092,HDFC Money Market Fund - Growth Option - Direct Plan,24.2993,HDFC Mutual Fund,Debt Scheme - Money Market Fund
2013-02-26,119092,HDFC Money Market Fund - Growth Option - Direct Plan,24.3047,HDFC Mutual Fund,Debt Scheme - Money Market Fund
2013-02-27,119092,HDFC Money Market Fund - Growth Option - Direct Plan,24.3102,HDFC Mutual Fund,Debt Scheme - Money Market Fund
2013-02-28,119092,HDFC Money Market Fund - Growth Option - Direct Plan,24.3157,HDFC Mutual Fund,Debt Scheme - Money Market Fund
2013-03-01,119092,HDFC Money Market Fund - Growth Option - Direct Plan,24.3212,HDFC Mutual Fund,Debt Scheme - Money Market Fund
2013-03-03,119092,HDFC Money Market Fund - Growth Option - Direct Plan,24.3322,HDFC Mutual Fund,Debt Scheme - Money Market Fund
2013-03-04,119092,HDFC Money Market Fund - Growth Option - Direct Plan,24.3377,HDFC Mutual Fund,Debt Scheme - Money Market Fund
2013-03-05,119092,HDFC Money Market Fund - Growth Option - Direct Plan,24.3433,HDFC Mutual Fund,Debt Scheme - Money Market Fund
2013-03-06,119092,HDFC Money Market Fund - Growth Option - Direct Plan,24.3489,HDFC Mutual Fund,Debt Scheme - Money Market Fund
2013-03-07,119092,HDFC Money Market Fund - Growth Option - Direct Plan,24.3546,HDFC Mutual Fund,Debt Scheme - Money Market Fund
2013-03-08,119092,HDFC Money Market Fund - Growth Option - Direct Plan,24.3601,HDFC Mutual Fund,Debt Scheme - Money Market Fund
2013-03-10,119092,HDFC Money Market Fund - Growth Option - Direct Plan,24.3714,HDFC Mutual Fund,Debt Scheme - Money Market Fund
2013-03-11,119092,HDFC Money Market Fund - Growth Option - Direct Plan,24.377,HDFC Mutual Fund,Debt Scheme - Money Market Fund
2013-03-12,119092,HDFC Money Market Fund - Growth Option - Direct Plan,24.3827,HDFC Mutual Fund,Debt Scheme - Money Market Fund
2013-03-13,119092,HDFC Money Market Fund - Growth Option - Direct Plan,24.3882,HDFC Mutual Fund,Debt Scheme - Money Market Fund
2013-03-14,119092,HDFC Money Market Fund - Growth Option - Direct Plan,24.3939,HDFC Mutual Fund,Debt Scheme - Money Market Fund
2013-03-15,119092,HDFC Money Market Fund - Growth Option - Direct Plan,24.3995,HDFC Mutual Fund,Debt Scheme - Money Market Fund
2013-03-17,119092,HDFC Money Market Fund - Growth Option - Direct Plan,24.4112,HDFC Mutual Fund,Debt Scheme - Money Market Fund
2013-03-18,119092,HDFC Money Market Fund - Growth Option - Direct Plan,24.4172,HDFC Mutual Fund,Debt Scheme - Money Market Fund
2013-03-19,119092,HDFC Money Market Fund - Growth Option - Direct Plan,24.423,HDFC Mutual Fund,Debt Scheme - Money Market Fund
2013-03-20,119092,HDFC Money Market Fund - Growth Option - Direct Plan,24.4287,HDFC Mutual Fund,Debt Scheme - Money Market Fund
2013-03-21,119092,HDFC Money Market Fund - Growth Option - Direct Plan,24.4344,HDFC Mutual Fund,Debt Scheme - Money Market Fund
2013-03-22,119092,HDFC Money Market Fund - Growth Option - Direct Plan,24.4402,HDFC Mutual Fund,Debt Scheme - Money Market Fund
2013-03-24,119092,HDFC Money Market Fund - Growth Option - Direct Plan,24.4518,HDFC Mutual Fund,Debt Scheme - Money Market Fund
2013-03-25,119092,HDFC Money Market Fund - Growth Option - Direct Plan,24.4577,HDFC Mutual Fund,Debt Scheme - Money Market Fund
2013-03-26,119092,HDFC Money Market Fund - Growth Option - Direct Plan,24.464,HDFC Mutual Fund,Debt Scheme - Money Market Fund
2013-03-27,119092,HDFC Money Market Fund - Growth Option - Direct Plan,24.4699,HDFC Mutual Fund,Debt Scheme - Money Market Fund
2013-03-28,119092,HDFC Money Market Fund - Growth Option - Direct Plan,24.4795,HDFC Mutual Fund,Debt Scheme - Money Market Fund
2013-04-01,119092,HDFC Money Market Fund - Growth Option - Direct Plan,24.5163,HDFC Mutual Fund,Debt Scheme - Money Market Fund
2013-04-02,119092,HDFC Money Market Fund - Growth Option - Direct Plan,24.5294,HDFC Mutual Fund,Debt Scheme - Money Market Fund
2013-04-03,119092,HDFC Money Market Fund - Growth Option - Direct Plan,24.5363,HDFC Mutual Fund,Debt Scheme - Money Market Fund
2013-04-04,119092,HDFC Money Market Fund - Growth Option - Direct Plan,24.5419,HDFC Mutual Fund,Debt Scheme - Money Market Fund
2013-04-05,119092,HDFC Money Market Fund - Growth Option - Direct Plan,24.548,HDFC Mutual Fund,Debt Scheme - Money Market Fund
2013-04-07,119092,HDFC Money Market Fund - Growth Option - Direct Plan,24.559,HDFC Mutual Fund,Debt Scheme - Money Market Fund
2013-04-08,119092,HDFC Money Market Fund - Growth Option - Direct Plan,24.5645,HDFC Mutual Fund,Debt Scheme - Money Market Fund
2013-04-09,119092,HDFC Money Market Fund - Growth Option - Direct Plan,24.5702,HDFC Mutual Fund,Debt Scheme - Money Market Fund
2013-04-10,119092,HDFC Money Market Fund - Growth Option - Direct Plan,24.5758,HDFC Mutual Fund,Debt Scheme - Money Market Fund
2013-04-11,119092,HDFC Money Market Fund - Growth Option - Direct Plan,24.5815,HDFC Mutual Fund,Debt Scheme - Money Market Fund
2013-04-12,119092,HDFC Money Market Fund - Growth Option - Direct Plan,24.5872,HDFC Mutual Fund,Debt Scheme - Money Market Fund
2013-04-14,119092,HDFC Money Market Fund - Growth Option - Direct Plan,24.5986,HDFC Mutual Fund,Debt Scheme - Money Market Fund
2013-04-15,119092,HDFC Money Market Fund - Growth Option - Direct Plan,24.6045,HDFC Mutual Fund,Debt Scheme - Money Market Fund
2013-04-16,119092,HDFC Money Market Fund - Growth Option - Direct Plan,24.6103,HDFC Mutual Fund,Debt Scheme - Money Market Fund
2013-04-17,119092,HDFC Money Market Fund - Growth Option - Direct Plan,24.6161,HDFC Mutual Fund,Debt Scheme - Money Market Fund
2013-04-18,119092,HDFC Money Market Fund - Growth Option - Direct Plan,24.6219,HDFC Mutual Fund,Debt Scheme - Money Market Fund
2013-04-21,119092,HDFC Money Market Fund - Growth Option - Direct Plan,24.6392,HDFC Mutual Fund,Debt Scheme - Money Market Fund
2013-04-22,119092,HDFC Money Market Fund - Growth Option - Direct Plan,24.645,HDFC Mutual Fund,Debt Scheme - Money Market Fund
2013-04-23,119092,HDFC Money Market Fund - Growth Option - Direct Plan,24.6507,HDFC Mutual Fund,Debt Scheme - Money Market Fund
2013-04-24,119092,HDFC Money Market Fund - Growth Option - Direct Plan,24.6565,HDFC Mutual Fund,Debt Scheme - Money Market Fund
2013-04-25,119092,HDFC Money Market Fund - Growth Option - Direct Plan,24.6623,HDFC Mutual Fund,Debt Scheme - Money Market Fund
2013-04-26,119092,HDFC Money Market Fund - Growth Option - Direct Plan,24.6681,HDFC Mutual Fund,Debt Scheme - Money Market Fund
2013-04-28,119092,HDFC Money Market Fund - Growth Option - Direct Plan,24.6796,HDFC Mutual Fund,Debt Scheme - Money Market Fund
2013-04-29,119092,HDFC Money Market Fund - Growth Option - Direct Plan,24.6855,HDFC Mutual Fund,Debt Scheme - Money Market Fund
2013-04-30,119092,HDFC Money Market Fund - Growth Option - Direct Plan,24.6913,HDFC Mutual Fund,Debt Scheme - Money Market Fund
2013-05-01,119092,HDFC Money Market Fund - Growth Option - Direct Plan,24.6971,HDFC Mutual Fund,Debt Scheme - Money Market Fund
2013-05-02,119092,HDFC Money Market Fund - Growth Option - Direct Plan,24.7029,HDFC Mutual Fund,Debt Scheme - Money Market Fund
2013-05-03,119092,HDFC Money Market Fund - Growth Option - Direct Plan,24.7088,HDFC Mutual Fund,Debt Scheme - Money Market Fund
2013-05-05,119092,HDFC Money Market Fund - Growth Option - Direct Plan,24.7203,HDFC Mutual Fund,Debt Scheme - Money Market Fund
2013-05-06,119092,HDFC Money Market Fund - Growth Option - Direct Plan,24.726,HDFC Mutual Fund,Debt Scheme - Money Market Fund
2013-05-07,119092,HDFC Money Market Fund - Growth Option - Direct Plan,24.7318,HDFC Mutual Fund,Debt Scheme - Money Market Fund
2013-05-08,119092,HDFC Money Market Fund - Growth Option - Direct Plan,24.7375,HDFC Mutual Fund,Debt Scheme - Money Market Fund
2013-05-09,119092,HDFC Money Market Fund - Growth Option - Direct Plan,24.7432,HDFC Mutual Fund,Debt Scheme - Money Market Fund
2013-05-10,119092,HDFC Money Market Fund - Growth Option - Direct Plan,24.7491,HDFC Mutual Fund,Debt Scheme - Money Market Fund
2013-05-12,119092,HDFC Money Market Fund - Growth Option - Direct Plan,24.7604,HDFC Mutual Fund,Debt Scheme - Money Market Fund
2013-05-13,119092,HDFC Money Market Fund - Growth Option - Direct Plan,24.7661,HDFC Mutual Fund,Debt Scheme - Money Market Fund
2013-05-14,119092,HDFC Money Market Fund - Growth Option - Direct Plan,24.7718,HDFC Mutual Fund,Debt Scheme - Money Market Fund
2013-05-15,119092,HDFC Money Market Fund - Growth Option - Direct Plan,24.7776,HDFC Mutual Fund,Debt Scheme - Money Market Fund
2013-05-16,119092,HDFC Money Market Fund - Growth Option - Direct Plan,24.7833,HDFC Mutual Fund,Debt Scheme - Money Market Fund
2013-05-17,119092,HDFC Money Market Fund - Growth Option - Direct Plan,24.7891,HDFC Mutual Fund,Debt Scheme - Money Market Fund
2013-05-19,119092,HDFC Money Market Fund - Growth Option - Direct Plan,24.8004,HDFC Mutual Fund,Debt Scheme - Money Market Fund
2013-05-20,119092,HDFC Money Market Fund - Growth Option - Direct Plan,24.8061,HDFC Mutual Fund,Debt Scheme - Money Market Fund
2013-05-21,119092,HDFC Money Market Fund - Growth Option - Direct Plan,24.8118,HDFC Mutual Fund,Debt Scheme - Money Market Fund
2013-05-22,119092,HDFC Money Market Fund - Growth Option - Direct Plan,24.8174,HDFC Mutual Fund,Debt Scheme - Money Market Fund
2013-05-23,119092,HDFC Money Market Fund - Growth Option - Direct Plan,24.823,HDFC Mutual Fund,Debt Scheme - Money Market Fund
2013-05-24,119092,HDFC Money Market Fund - Growth Option - Direct Plan,24.8285,HDFC Mutual Fund,Debt Scheme - Money Market Fund
2013-05-26,119092,HDFC Money Market Fund - Growth Option - Direct Plan,24.8398,HDFC Mutual Fund,Debt Scheme - Money Market Fund
2013-05-27,119092,HDFC Money Market Fund - Growth Option - Direct Plan,24.8455,HDFC Mutual Fund,Debt Scheme - Money Market Fund
2013-05-28,119092,HDFC Money Market Fund - Growth Option - Direct Plan,24.8511,HDFC Mutual Fund,Debt Scheme - Money Market Fund
2013-05-29,119092,HDFC Money Market Fund - Growth Option - Direct Plan,24.8568,HDFC Mutual Fund,Debt Scheme - Money Market Fund
2013-05-30,119092,HDFC Money Market Fund - Growth Option - Direct Plan,24.8624,HDFC Mutual Fund,Debt Scheme - Money Market Fund
2013-05-31,119092,HDFC Money Market Fund - Growth Option - Direct Plan,24.8679,HDFC Mutual Fund,Debt Scheme - Money Market Fund
2013-06-02,119092,HDFC Money Market Fund - Growth Option - Direct Plan,24.8791,HDFC Mutual Fund,Debt Scheme - Money Market Fund
2013-06-03,119092,HDFC Money Market Fund - Growth Option - Direct Plan,24.8847,HDFC Mutual Fund,Debt Scheme - Money Market Fund
2013-06-04,119092,HDFC Money Market Fund - Growth Option - Direct Plan,24.8903,HDFC Mutual Fund,Debt Scheme - Money Market Fund
2013-06-05,119092,HDFC Money Market Fund - Growth Option - Direct Plan,24.8958,HDFC Mutual Fund,Debt Scheme - Money Market Fund
2013-06-06,119092,HDFC Money Market Fund - Growth Option - Direct Plan,24.9014,HDFC Mutual Fund,Debt Scheme - Money Market Fund
2013-06-07,119092,HDFC Money Market Fund - Growth Option - Direct Plan,24.907,HDFC Mutual Fund,Debt Scheme - Money Market Fund
2013-06-09,119092,HDFC Money Market Fund - Growth Option - Direct Plan,24.9182,HDFC Mutual Fund,Debt Scheme - Money Market Fund
2013-06-10,119092,HDFC Money Market Fund - Growth Option - Direct Plan,24.9237,HDFC Mutual Fund,Debt Scheme - Money Market Fund
2013-06-11,119092,HDFC Money Market Fund - Growth Option - Direct Plan,24.9292,HDFC Mutual Fund,Debt Scheme - Money Market Fund
2013-06-12,119092,HDFC Money Market Fund - Growth Option - Direct Plan,24.9347,HDFC Mutual Fund,Debt Scheme - Money Market Fund
2013-06-13,119092,HDFC Money Market Fund - Growth Option - Direct Plan,24.9402,HDFC Mutual Fund,Debt Scheme - Money Market Fund
2013-06-14,119092,HDFC Money Market Fund - Growth Option - Direct Plan,24.9455,HDFC Mutual Fund,Debt Scheme - Money Market Fund
2013-06-16,119092,HDFC Money Market Fund - Growth Option - Direct Plan,24.9567,HDFC Mutual Fund,Debt Scheme - Money Market Fund
2013-06-17,119092,HDFC Money Market Fund - Growth Option - Direct Plan,24.9622,HDFC Mutual Fund,Debt Scheme - Money Market Fund
2013-06-18,119092,HDFC Money Market Fund - Growth Option - Direct Plan,24.9678,HDFC Mutual Fund,Debt Scheme - Money Market Fund
2013-06-19,119092,HDFC Money Market Fund - Growth Option - Direct Plan,24.9733,HDFC Mutual Fund,Debt Scheme - Money Market Fund
2013-06-20,119092,HDFC Money Market Fund - Growth Option - Direct Plan,24.9788,HDFC Mutual Fund,Debt Scheme - Money Market Fund
2013-06-21,119092,HDFC Money Market Fund - Growth Option - Direct Plan,24.9844,HDFC Mutual Fund,Debt Scheme - Money Market Fund
2013-06-23,119092,HDFC Money Market Fund - Growth Option - Direct Plan,24.9955,HDFC Mutual Fund,Debt Scheme - Money Market Fund
2013-06-24,119092,HDFC Money Market Fund - Growth Option - Direct Plan,25.0009,HDFC Mutual Fund,Debt Scheme - Money Market Fund
2013-06-25,119092,HDFC Money Market Fund - Growth Option - Direct Plan,25.0065,HDFC Mutual Fund,Debt Scheme - Money Market Fund
2013-06-26,119092,HDFC Money Market Fund - Growth Option - Direct Plan,25.0121,HDFC Mutual Fund,Debt Scheme - Money Market Fund
2013-06-27,119092,HDFC Money Market Fund - Growth Option - Direct Plan,25.0177,HDFC Mutual Fund,Debt Scheme - Money Market Fund
2013-06-28,119092,HDFC Money Market Fund - Growth Option - Direct Plan,25.0257,HDFC Mutual Fund,Debt Scheme - Money Market Fund
2013-07-01,119092,HDFC Money Market Fund - Growth Option - Direct Plan,25.0444,HDFC Mutual Fund,Debt Scheme - Money Market Fund
2013-07-02,119092,HDFC Money Market Fund - Growth Option - Direct Plan,25.0506,HDFC Mutual Fund,Debt Scheme - Money Market Fund
2013-07-03,119092,HDFC Money Market Fund - Growth Option - Direct Plan,25.0562,HDFC Mutual Fund,Debt Scheme - Money Market Fund
2013-07-04,119092,HDFC Money Market Fund - Growth Option - Direct Plan,25.0619,HDFC Mutual Fund,Debt Scheme - Money Market Fund
2013-07-05,119092,HDFC Money Market Fund - Growth Option - Direct Plan,25.0681,HDFC Mutual Fund,Debt Scheme - Money Market Fund
2013-07-07,119092,HDFC Money Market Fund - Growth Option - Direct Plan,25.0783,HDFC Mutual Fund,Debt Scheme - Money Market Fund
2013-07-08,119092,HDFC Money Market Fund - Growth Option - Direct Plan,25.0838,HDFC Mutual Fund,Debt Scheme - Money Market Fund
2013-07-09,119092,HDFC Money Market Fund - Growth Option - Direct Plan,25.0893,HDFC Mutual Fund,Debt Scheme - Money Market Fund
2013-07-10,119092,HDFC Money Market Fund - Growth Option - Direct Plan,25.0948,HDFC Mutual Fund,Debt Scheme - Money Market Fund
2013-07-11,119092,HDFC Money Market Fund - Growth Option - Direct Plan,25.1004,HDFC Mutual Fund,Debt Scheme - Money Market Fund
2013-07-12,119092,HDFC Money Market Fund - Growth Option - Direct Plan,25.1064,HDFC Mutual Fund,Debt Scheme - Money Market Fund
2013-07-14,119092,HDFC Money Market Fund - Growth Option - Direct Plan,25.117,HDFC Mutual Fund,Debt Scheme - Money Market Fund
2013-07-15,119092,HDFC Money Market Fund - Growth Option - Direct Plan,25.1225,HDFC Mutual Fund,Debt Scheme - Money Market Fund
2013-07-16,119092,HDFC Money Market Fund - Growth Option - Direct Plan,25.0654,HDFC Mutual Fund,Debt Scheme - Money Market Fund
2013-07-17,119092,HDFC Money Market Fund - Growth Option - Direct Plan,25.0747,HDFC Mutual Fund,Debt Scheme - Money Market Fund
2013-07-18,119092,HDFC Money Market Fund - Growth Option - Direct Plan,25.0859,HDFC Mutual Fund,Debt Scheme - Money Market Fund
2013-07-19,119092,HDFC Money Market Fund - Growth Option - Direct Plan,25.0951,HDFC Mutual Fund,Debt Scheme - Money Market Fund
2013-07-21,119092,HDFC Money Market Fund - Growth Option - Direct Plan,25.1088,HDFC Mutual Fund,Debt Scheme - Money Market Fund
2013-07-22,119092,HDFC Money Market Fund - Growth Option - Direct Plan,25.1157,HDFC Mutual Fund,Debt Scheme - Money Market Fund
2013-07-23,119092,HDFC Money Market Fund - Growth Option - Direct Plan,25.12,HDFC Mutual Fund,Debt Scheme - Money Market Fund
2013-07-24,119092,HDFC Money Market Fund - Growth Option - Direct Plan,25.0935,HDFC Mutual Fund,Debt Scheme - Money Market Fund
2013-07-25,119092,HDFC Money Market Fund - Growth Option - Direct Plan,25.1012,HDFC Mutual Fund,Debt Scheme - Money Market Fund
2013-07-26,119092,HDFC Money Market Fund - Growth Option - Direct Plan,25.109,HDFC Mutual Fund,Debt Scheme - Money Market Fund
2013-07-28,119092,HDFC Money Market Fund - Growth Option - Direct Plan,25.1236,HDFC Mutual Fund,Debt Scheme - Money Market Fund
2013-07-29,119092,HDFC Money Market Fund - Growth Option - Direct Plan,25.131,HDFC Mutual Fund,Debt Scheme - Money Market Fund
2013-07-30,119092,HDFC Money Market Fund - Growth Option - Direct Plan,25.1385,HDFC Mutual Fund,Debt Scheme - Money Market Fund
2013-07-31,119092,HDFC Money Market Fund - Growth Option - Direct Plan,25.146,HDFC Mutual Fund,Debt Scheme - Money Market Fund
2013-08-01,119092,HDFC Money Market Fund - Growth Option - Direct Plan,25.1536,HDFC Mutual Fund,Debt Scheme - Money Market Fund
2013-08-02,119092,HDFC Money Market Fund - Growth Option - Direct Plan,25.1607,HDFC Mutual Fund,Debt Scheme - Money Market Fund
2013-08-04,119092,HDFC Money Market Fund - Growth Option - Direct Plan,25.1748,HDFC Mutual Fund,Debt Scheme - Money Market Fund
2013-08-05,119092,HDFC Money Market Fund - Growth Option - Direct Plan,25.1832,HDFC Mutual Fund,Debt Scheme - Money Market Fund
2013-08-06,119092,HDFC Money Market Fund - Growth Option - Direct Plan,25.1904,HDFC Mutual Fund,Debt Scheme - Money Market Fund
2013-08-07,119092,HDFC Money Market Fund - Growth Option - Direct Plan,25.1974,HDFC Mutual Fund,Debt Scheme - Money Market Fund
2013-08-08,119092,HDFC Money Market Fund - Growth Option - Direct Plan,25.2051,HDFC Mutual Fund,Debt Scheme - Money Market Fund
2013-08-11,119092,HDFC Money Market Fund - Growth Option - Direct Plan,25.2278,HDFC Mutual Fund,Debt Scheme - Money Market Fund
2013-08-12,119092,HDFC Money Market Fund - Growth Option - Direct Plan,25.2342,HDFC Mutual Fund,Debt Scheme - Money Market Fund
2013-08-13,119092,HDFC Money Market Fund - Growth Option - Direct Plan,25.2414,HDFC Mutual Fund,Debt Scheme - Money Market Fund
2013-08-14,119092,HDFC Money Market Fund - Growth Option - Direct Plan,25.2486,HDFC Mutual Fund,Debt Scheme - Money Market Fund
2013-08-15,119092,HDFC Money Market Fund - Growth Option - Direct Plan,25.2559,HDFC Mutual Fund,Debt Scheme - Money Market Fund
2013-08-16,119092,HDFC Money Market Fund - Growth Option - Direct Plan,25.263,HDFC Mutual Fund,Debt Scheme - Money Market Fund
2013-08-18,119092,HDFC Money Market Fund - Growth Option - Direct Plan,25.2777,HDFC Mutual Fund,Debt Scheme - Money Market Fund
2013-08-19,119092,HDFC Money Market Fund - Growth Option - Direct Plan,25.2847,HDFC Mutual Fund,Debt Scheme - Money Market Fund
2013-08-20,119092,HDFC Money Market Fund - Growth Option - Direct Plan,25.2918,HDFC Mutual Fund,Debt Scheme - Money Market Fund
2013-08-21,119092,HDFC Money Market Fund - Growth Option - Direct Plan,25.2993,HDFC Mutual Fund,Debt Scheme - Money Market Fund
2013-08-22,119092,HDFC Money Market Fund - Growth Option - Direct Plan,25.3066,HDFC Mutual Fund,Debt Scheme - Money Market Fund
2013-08-23,119092,HDFC Money Market Fund - Growth Option - Direct Plan,25.3141,HDFC Mutual Fund,Debt Scheme - Money Market Fund
2013-08-25,119092,HDFC Money Market Fund - Growth Option - Direct Plan,25.3289,HDFC Mutual Fund,Debt Scheme - Money Market Fund
2013-08-26,119092,HDFC Money Market Fund - Growth Option - Direct Plan,25.3361,HDFC Mutual Fund,Debt Scheme - Money Market Fund
2013-08-27,119092,HDFC Money Market Fund - Growth Option - Direct Plan,25.3433,HDFC Mutual Fund,Debt Scheme - Money Market Fund
2013-08-28,119092,HDFC Money Market Fund - Growth Option - Direct Plan,25.3507,HDFC Mutual Fund,Debt Scheme - Money Market Fund
2013-08-29,119092,HDFC Money Market Fund - Growth Option - Direct Plan,25.3581,HDFC Mutual Fund,Debt Scheme - Money Market Fund
2013-08-30,119092,HDFC Money Market Fund - Growth Option - Direct Plan,25.3659,HDFC Mutual Fund,Debt Scheme - Money Market Fund
2013-09-01,119092,HDFC Money Market Fund - Growth Option - Direct Plan,25.3804,HDFC Mutual Fund,Debt Scheme - Money Market Fund
2013-09-02,119092,HDFC Money Market Fund - Growth Option - Direct Plan,25.3877,HDFC Mutual Fund,Debt Scheme - Money Market Fund
2013-09-03,119092,HDFC Money Market Fund - Growth Option - Direct Plan,25.3949,HDFC Mutual Fund,Debt Scheme - Money Market Fund
2013-09-04,119092,HDFC Money Market Fund - Growth Option - Direct Plan,25.403,HDFC Mutual Fund,Debt Scheme - Money Market Fund
2013-09-05,119092,HDFC Money Market Fund - Growth Option - Direct Plan,25.4121,HDFC Mutual Fund,Debt Scheme - Money Market Fund
2013-09-06,119092,HDFC Money Market Fund - Growth Option - Direct Plan,25.4198,HDFC Mutual Fund,Debt Scheme - Money Market Fund
2013-09-09,119092,HDFC Money Market Fund - Growth Option - Direct Plan,25.4408,HDFC Mutual Fund,Debt Scheme - Money Market Fund
2013-09-10,119092,HDFC Money Market Fund - Growth Option - Direct Plan,25.4483,HDFC Mutual Fund,Debt Scheme - Money Market Fund
2013-09-11,119092,HDFC Money Market Fund - Growth Option - Direct Plan,25.4558,HDFC Mutual Fund,Debt Scheme - Money Market Fund
2013-09-12,119092,HDFC Money Market Fund - Growth Option - Direct Plan,25.4632,HDFC Mutual Fund,Debt Scheme - Money Market Fund
2013-09-13,119092,HDFC Money Market Fund - Growth Option - Direct Plan,25.4707,HDFC Mutual Fund,Debt Scheme - Money Market Fund
2013-09-15,119092,HDFC Money Market Fund - Growth Option - Direct Plan,25.4852,HDFC Mutual Fund,Debt Scheme - Money Market Fund
2013-09-16,119092,HDFC Money Market Fund - Growth Option - Direct Plan,25.4927,HDFC Mutual Fund,Debt Scheme - Money Market Fund
2013-09-17,119092,HDFC Money Market Fund - Growth Option - Direct Plan,25.5003,HDFC Mutual Fund,Debt Scheme - Money Market Fund
2013-09-18,119092,HDFC Money Market Fund - Growth Option - Direct Plan,25.5079,HDFC Mutual Fund,Debt Scheme - Money Market Fund
2013-09-19,119092,HDFC Money Market Fund - Growth Option - Direct Plan,25.5168,HDFC Mutual Fund,Debt Scheme - Money Market Fund
2013-09-20,119092,HDFC Money Market Fund - Growth Option - Direct Plan,25.5251,HDFC Mutual Fund,Debt Scheme - Money Market Fund
2013-09-22,119092,HDFC Money Market Fund - Growth Option - Direct Plan,25.5398,HDFC Mutual Fund,Debt Scheme - Money Market Fund
2013-09-23,119092,HDFC Money Market Fund - Growth Option - Direct Plan,25.5472,HDFC Mutual Fund,Debt Scheme - Money Market Fund
2013-09-24,119092,HDFC Money Market Fund - Growth Option - Direct Plan,25.5544,HDFC Mutual Fund,Debt Scheme - Money Market Fund
2013-09-25,119092,HDFC Money Market Fund - Growth Option - Direct Plan,25.5616,HDFC Mutual Fund,Debt Scheme - Money Market Fund
2013-09-26,119092,HDFC Money Market Fund - Growth Option - Direct Plan,25.5691,HDFC Mutual Fund,Debt Scheme - Money Market Fund
2013-09-27,119092,HDFC Money Market Fund - Growth Option - Direct Plan,25.5767,HDFC Mutual Fund,Debt Scheme - Money Market Fund
2013-09-29,119092,HDFC Money Market Fund - Growth Option - Direct Plan,25.5911,HDFC Mutual Fund,Debt Scheme - Money Market Fund
2013-09-30,119092,HDFC Money Market Fund - Growth Option - Direct Plan,25.5987,HDFC Mutual Fund,Debt Scheme - Money Market Fund
2013-10-01,119092,HDFC Money Market Fund - Growth Option - Direct Plan,25.6067,HDFC Mutual Fund,Debt Scheme - Money Market Fund
2013-10-02,119092,HDFC Money Market Fund - Growth Option - Direct Plan,25.6141,HDFC Mutual Fund,Debt Scheme - Money Market Fund
2013-10-03,119092,HDFC Money Market Fund - Growth Option - Direct Plan,25.6214,HDFC Mutual Fund,Debt Scheme - Money Market Fund
2013-10-04,119092,HDFC Money Market Fund - Growth Option - Direct Plan,25.629,HDFC Mutual Fund,Debt Scheme - Money Market Fund
2013-10-06,119092,HDFC Money Market Fund - Growth Option - Direct Plan,25.6434,HDFC Mutual Fund,Debt Scheme - Money Market Fund
2013-10-07,119092,HDFC Money Market Fund - Growth Option - Direct Plan,25.6508,HDFC Mutual Fund,Debt Scheme - Money Market Fund
2013-10-08,119092,HDFC Money Market Fund - Growth Option - Direct Plan,25.6587,HDFC Mutual Fund,Debt Scheme - Money Market Fund
2013-10-09,119092,HDFC Money Market Fund - Growth Option - Direct Plan,25.6659,HDFC Mutual Fund,Debt Scheme - Money Market Fund
2013-10-10,119092,HDFC Money Market Fund - Growth Option - Direct Plan,25.673,HDFC Mutual Fund,Debt Scheme - Money Market Fund
2013-10-11,119092,HDFC Money Market Fund - Growth Option - Direct Plan,25.6801,HDFC Mutual Fund,Debt Scheme - Money Market Fund
2013-10-13,119092,HDFC Money Market Fund - Growth Option - Direct Plan,25.694,HDFC Mutual Fund,Debt Scheme - Money Market Fund
2013-10-14,119092,HDFC Money Market Fund - Growth Option - Direct Plan,25.7011,HDFC Mutual Fund,Debt Scheme - Money Market Fund
2013-10-15,119092,HDFC Money Market Fund - Growth Option - Direct Plan,25.7083,HDFC Mutual Fund,Debt Scheme - Money Market Fund
2013-10-16,119092,HDFC Money Market Fund - Growth Option - Direct Plan,25.7154,HDFC Mutual Fund,Debt Scheme - Money Market Fund
2013-10-17,119092,HDFC Money Market Fund - Growth Option - Direct Plan,25.7225,HDFC Mutual Fund,Debt Scheme - Money Market Fund
2013-10-18,119092,HDFC Money Market Fund - Growth Option - Direct Plan,25.7294,HDFC Mutual Fund,Debt Scheme - Money Market Fund
2013-10-20,119092,HDFC Money Market Fund - Growth Option - Direct Plan,25.743,HDFC Mutual Fund,Debt Scheme - Money Market Fund
2013-10-21,119092,HDFC Money Market Fund - Growth Option - Direct Plan,25.75,HDFC Mutual Fund,Debt Scheme - Money Market Fund
2013-10-22,119092,HDFC Money Market Fund - Growth Option - Direct Plan,25.757,HDFC Mutual Fund,Debt Scheme - Money Market Fund
2013-10-23,119092,HDFC Money Market Fund - Growth Option - Direct Plan,25.764,HDFC Mutual Fund,Debt Scheme - Money Market Fund
2013-10-24,119092,HDFC Money Market Fund - Growth Option - Direct Plan,25.771,HDFC Mutual Fund,Debt Scheme - Money Market Fund
2013-10-25,119092,HDFC Money Market Fund - Growth Option - Direct Plan,25.7779,HDFC Mutual Fund,Debt Scheme - Money Market Fund
2013-10-27,119092,HDFC Money Market Fund - Growth Option - Direct Plan,25.7917,HDFC Mutual Fund,Debt Scheme - Money Market Fund
2013-10-28,119092,HDFC Money Market Fund - Growth Option - Direct Plan,25.7986,HDFC Mutual Fund,Debt Scheme - Money Market Fund
2013-10-29,119092,HDFC Money Market Fund - Growth Option - Direct Plan,25.8056,HDFC Mutual Fund,Debt Scheme - Money Market Fund
2013-10-30,119092,HDFC Money Market Fund - Growth Option - Direct Plan,25.8127,HDFC Mutual Fund,Debt Scheme - Money Market Fund
2013-10-31,119092,HDFC Money Market Fund - Growth Option - Direct Plan,25.8195,HDFC Mutual Fund,Debt Scheme - Money Market Fund
2013-11-01,119092,HDFC Money Market Fund - Growth Option - Direct Plan,25.8264,HDFC Mutual Fund,Debt Scheme - Money Market Fund
2013-11-04,119092,HDFC Money Market Fund - Growth Option - Direct Plan,25.8466,HDFC Mutual Fund,Debt Scheme - Money Market Fund
2013-11-05,119092,HDFC Money Market Fund - Growth Option - Direct Plan,25.8532,HDFC Mutual Fund,Debt Scheme - Money Market Fund
2013-11-06,119092,HDFC Money Market Fund - Growth Option - Direct Plan,25.8599,HDFC Mutual Fund,Debt Scheme - Money Market Fund
2013-11-07,119092,HDFC Money Market Fund - Growth Option - Direct Plan,25.8666,HDFC Mutual Fund,Debt Scheme - Money Market Fund
2013-11-08,119092,HDFC Money Market Fund - Growth Option - Direct Plan,25.8733,HDFC Mutual Fund,Debt Scheme - Money Market Fund
2013-11-10,119092,HDFC Money Market Fund - Growth Option - Direct Plan,25.8867,HDFC Mutual Fund,Debt Scheme - Money Market Fund
2013-11-11,119092,HDFC Money Market Fund - Growth Option - Direct Plan,25.8933,HDFC Mutual Fund,Debt Scheme - Money Market Fund
2013-11-12,119092,HDFC Money Market Fund - Growth Option - Direct Plan,25.8999,HDFC Mutual Fund,Debt Scheme - Money Market Fund
2013-11-13,119092,HDFC Money Market Fund - Growth Option - Direct Plan,25.9068,HDFC Mutual Fund,Debt Scheme - Money Market Fund
2013-11-14,119092,HDFC Money Market Fund - Growth Option - Direct Plan,25.9133,HDFC Mutual Fund,Debt Scheme - Money Market Fund
2013-11-17,119092,HDFC Money Market Fund - Growth Option - Direct Plan,25.9329,HDFC Mutual Fund,Debt Scheme - Money Market Fund
2013-11-18,119092,HDFC Money Market Fund - Growth Option - Direct Plan,25.9394,HDFC Mutual Fund,Debt Scheme - Money Market Fund
2013-11-19,119092,HDFC Money Market Fund - Growth Option - Direct Plan,25.946,HDFC Mutual Fund,Debt Scheme - Money Market Fund
2013-11-20,119092,HDFC Money Market Fund - Growth Option - Direct Plan,25.9525,HDFC Mutual Fund,Debt Scheme - Money Market Fund
2013-11-21,119092,HDFC Money Market Fund - Growth Option - Direct Plan,25.9591,HDFC Mutual Fund,Debt Scheme - Money Market Fund
2013-11-22,119092,HDFC Money Market Fund - Growth Option - Direct Plan,25.9656,HDFC Mutual Fund,Debt Scheme - Money Market Fund
2013-11-24,119092,HDFC Money Market Fund - Growth Option - Direct Plan,25.9785,HDFC Mutual Fund,Debt Scheme - Money Market Fund
2013-11-25,119092,HDFC Money Market Fund - Growth Option - Direct Plan,25.985,HDFC Mutual Fund,Debt Scheme - Money Market Fund
2013-11-26,119092,HDFC Money Market Fund - Growth Option - Direct Plan,25.9914,HDFC Mutual Fund,Debt Scheme - Money Market Fund
2013-11-27,119092,HDFC Money Market Fund - Growth Option - Direct Plan,25.9979,HDFC Mutual Fund,Debt Scheme - Money Market Fund
2013-11-28,119092,HDFC Money Market Fund - Growth Option - Direct Plan,26.0044,HDFC Mutual Fund,Debt Scheme - Money Market Fund
2013-11-29,119092,HDFC Money Market Fund - Growth Option - Direct Plan,26.0108,HDFC Mutual Fund,Debt Scheme - Money Market Fund
2013-12-01,119092,HDFC Money Market Fund - Growth Option - Direct Plan,26.0236,HDFC Mutual Fund,Debt Scheme - Money Market Fund
2013-12-02,119092,HDFC Money Market Fund - Growth Option - Direct Plan,26.03,HDFC Mutual Fund,Debt Scheme - Money Market Fund
2013-12-03,119092,HDFC Money Market Fund - Growth Option - Direct Plan,26.0368,HDFC Mutual Fund,Debt Scheme - Money Market Fund
2013-12-04,119092,HDFC Money Market Fund - Growth Option - Direct Plan,26.0431,HDFC Mutual Fund,Debt Scheme - Money Market Fund
2013-12-05,119092,HDFC Money Market Fund - Growth Option - Direct Plan,26.0494,HDFC Mutual Fund,Debt Scheme - Money Market Fund
2013-12-06,119092,HDFC Money Market Fund - Growth Option - Direct Plan,26.0558,HDFC Mutual Fund,Debt Scheme - Money Market Fund
2013-12-08,119092,HDFC Money Market Fund - Growth Option - Direct Plan,26.0686,HDFC Mutual Fund,Debt Scheme - Money Market Fund
2013-12-09,119092,HDFC Money Market Fund - Growth Option - Direct Plan,26.0751,HDFC Mutual Fund,Debt Scheme - Money Market Fund
2013-12-10,119092,HDFC Money Market Fund - Growth Option - Direct Plan,26.0815,HDFC Mutual Fund,Debt Scheme - Money Market Fund
2013-12-11,119092,HDFC Money Market Fund - Growth Option - Direct Plan,26.0879,HDFC Mutual Fund,Debt Scheme - Money Market Fund
2013-12-12,119092,HDFC Money Market Fund - Growth Option - Direct Plan,26.0942,HDFC Mutual Fund,Debt Scheme - Money Market Fund
2013-12-13,119092,HDFC Money Market Fund - Growth Option - Direct Plan,26.1007,HDFC Mutual Fund,Debt Scheme - Money Market Fund
2013-12-15,119092,HDFC Money Market Fund - Growth Option - Direct Plan,26.1136,HDFC Mutual Fund,Debt Scheme - Money Market Fund
2013-12-16,119092,HDFC Money Market Fund - Growth Option - Direct Plan,26.1199,HDFC Mutual Fund,Debt Scheme - Money Market Fund
2013-12-17,119092,HDFC Money Market Fund - Growth Option - Direct Plan,26.1264,HDFC Mutual Fund,Debt Scheme - Money Market Fund
2013-12-18,119092,HDFC Money Market Fund - Growth Option - Direct Plan,26.1328,HDFC Mutual Fund,Debt Scheme - Money Market Fund
2013-12-19,119092,HDFC Money Market Fund - Growth Option - Direct Plan,26.1391,HDFC Mutual Fund,Debt Scheme - Money Market Fund
2013-12-20,119092,HDFC Money Market Fund - Growth Option - Direct Plan,26.1455,HDFC Mutual Fund,Debt Scheme - Money Market Fund
2013-12-22,119092,HDFC Money Market Fund - Growth Option - Direct Plan,26.1582,HDFC Mutual Fund,Debt Scheme - Money Market Fund
2013-12-23,119092,HDFC Money Market Fund - Growth Option - Direct Plan,26.1645,HDFC Mutual Fund,Debt Scheme - Money Market Fund
2013-12-24,119092,HDFC Money Market Fund - Growth Option - Direct Plan,26.1709,HDFC Mutual Fund,Debt Scheme - Money Market Fund
2013-12-25,119092,HDFC Money Market Fund - Growth Option - Direct Plan,26.1774,HDFC Mutual Fund,Debt Scheme - Money Market Fund
2013-12-26,119092,HDFC Money Market Fund - Growth Option - Direct Plan,26.1837,HDFC Mutual Fund,Debt Scheme - Money Market Fund
2013-12-27,119092,HDFC Money Market Fund - Growth Option - Direct Plan,26.19,HDFC Mutual Fund,Debt Scheme - Money Market Fund
2013-12-29,119092,HDFC Money Market Fund - Growth Option - Direct Plan,26.2029,HDFC Mutual Fund,Debt Scheme - Money Market Fund
2013-12-30,119092,HDFC Money Market Fund - Growth Option - Direct Plan,26.2093,HDFC Mutual Fund,Debt Scheme - Money Market Fund
2013-12-31,119092,HDFC Money Market Fund - Growth Option - Direct Plan,26.2169,HDFC Mutual Fund,Debt Scheme - Money Market Fund
2014-01-01,119092,HDFC Money Market Fund - Growth Option - Direct Plan,26.2235,HDFC Mutual Fund,Debt Scheme - Money Market Fund
2014-01-02,119092,HDFC Money Market Fund - Growth Option - Direct Plan,26.2298,HDFC Mutual Fund,Debt Scheme - Money Market Fund
2014-01-03,119092,HDFC Money Market Fund - Growth Option - Direct Plan,26.2362,HDFC Mutual Fund,Debt Scheme - Money Market Fund
2014-01-05,119092,HDFC Money Market Fund - Growth Option - Direct Plan,26.2489,HDFC Mutual Fund,Debt Scheme - Money Market Fund
2014-01-06,119092,HDFC Money Market Fund - Growth Option - Direct Plan,26.2553,HDFC Mutual Fund,Debt Scheme - Money Market Fund
2014-01-07,119092,HDFC Money Market Fund - Growth Option - Direct Plan,26.2617,HDFC Mutual Fund,Debt Scheme - Money Market Fund
2014-01-08,119092,HDFC Money Market Fund - Growth Option - Direct Plan,26.2681,HDFC Mutual Fund,Debt Scheme - Money Market Fund
2014-01-09,119092,HDFC Money Market Fund - Growth Option - Direct Plan,26.2744,HDFC Mutual Fund,Debt Scheme - Money Market Fund
2014-01-10,119092,HDFC Money Market Fund - Growth Option - Direct Plan,26.2807,HDFC Mutual Fund,Debt Scheme - Money Market Fund
2014-01-12,119092,HDFC Money Market Fund - Growth Option - Direct Plan,26.2934,HDFC Mutual Fund,Debt Scheme - Money Market Fund
2014-01-13,119092,HDFC Money Market Fund - Growth Option - Direct Plan,26.2998,HDFC Mutual Fund,Debt Scheme - Money Market Fund
2014-01-14,119092,HDFC Money Market Fund - Growth Option - Direct Plan,26.3061,HDFC Mutual Fund,Debt Scheme - Money Market Fund
2014-01-15,119092,HDFC Money Market Fund - Growth Option - Direct Plan,26.3125,HDFC Mutual Fund,Debt Scheme - Money Market Fund
2014-01-16,119092,HDFC Money Market Fund - Growth Option - Direct Plan,26.3189,HDFC Mutual Fund,Debt Scheme - Money Market Fund
2014-01-17,119092,HDFC Money Market Fund - Growth Option - Direct Plan,26.3252,HDFC Mutual Fund,Debt Scheme - Money Market Fund
2014-01-19,119092,HDFC Money Market Fund - Growth Option - Direct Plan,26.3379,HDFC Mutual Fund,Debt Scheme - Money Market Fund
2014-01-20,119092,HDFC Money Market Fund - Growth Option - Direct Plan,26.3443,HDFC Mutual Fund,Debt Scheme - Money Market Fund
2014-01-21,119092,HDFC Money Market Fund - Growth Option - Direct Plan,26.3506,HDFC Mutual Fund,Debt Scheme - Money Market Fund
2014-01-22,119092,HDFC Money Market Fund - Growth Option - Direct Plan,26.357,HDFC Mutual Fund,Debt Scheme - Money Market Fund
2014-01-23,119092,HDFC Money Market Fund - Growth Option - Direct Plan,26.3633,HDFC Mutual Fund,Debt Scheme - Money Market Fund
2014-01-24,119092,HDFC Money Market Fund - Growth Option - Direct Plan,26.3696,HDFC Mutual Fund,Debt Scheme - Money Market Fund
2014-01-26,119092,HDFC Money Market Fund - Growth Option - Direct Plan,26.3823,HDFC Mutual Fund,Debt Scheme - Money Market Fund
2014-01-27,119092,HDFC Money Market Fund - Growth Option - Direct Plan,26.3887,HDFC Mutual Fund,Debt Scheme - Money Market Fund
2014-01-28,119092,HDFC Money Market Fund - Growth Option - Direct Plan,26.3949,HDFC Mutual Fund,Debt Scheme - Money Market Fund
2014-01-29,119092,HDFC Money Market Fund - Growth Option - Direct Plan,26.4011,HDFC Mutual Fund,Debt Scheme - Money Market Fund
2014-01-30,119092,HDFC Money Market Fund - Growth Option - Direct Plan,26.4072,HDFC Mutual Fund,Debt Scheme - Money Market Fund
2014-01-31,119092,HDFC Money Market Fund - Growth Option - Direct Plan,26.4134,HDFC Mutual Fund,Debt Scheme - Money Market Fund
2014-02-02,119092,HDFC Money Market Fund - Growth Option - Direct Plan,26.4258,HDFC Mutual Fund,Debt Scheme - Money Market Fund
2014-02-03,119092,HDFC Money Market Fund - Growth Option - Direct Plan,26.4319,HDFC Mutual Fund,Debt Scheme - Money Market Fund
2014-02-04,119092,HDFC Money Market Fund - Growth Option - Direct Plan,26.4381,HDFC Mutual Fund,Debt Scheme - Money Market Fund
2014-02-05,119092,HDFC Money Market Fund - Growth Option - Direct Plan,26.4443,HDFC Mutual Fund,Debt Scheme - Money Market Fund
2014-02-06,119092,HDFC Money Market Fund - Growth Option - Direct Plan,26.4505,HDFC Mutual Fund,Debt Scheme - Money Market Fund
2014-02-07,119092,HDFC Money Market Fund - Growth Option - Direct Plan,26.4568,HDFC Mutual Fund,Debt Scheme - Money Market Fund
2014-02-09,119092,HDFC Money Market Fund - Growth Option - Direct Plan,26.4692,HDFC Mutual Fund,Debt Scheme - Money Market Fund
2014-02-10,119092,HDFC Money Market Fund - Growth Option - Direct Plan,26.4754,HDFC Mutual Fund,Debt Scheme - Money Market Fund
2014-02-11,119092,HDFC Money Market Fund - Growth Option - Direct Plan,26.4816,HDFC Mutual Fund,Debt Scheme - Money Market Fund
2014-02-12,119092,HDFC Money Market Fund - Growth Option - Direct Plan,26.4878,HDFC Mutual Fund,Debt Scheme - Money Market Fund
2014-02-13,119092,HDFC Money Market Fund - Growth Option - Direct Plan,26.494,HDFC Mutual Fund,Debt Scheme - Money Market Fund
2014-02-14,119092,HDFC Money Market Fund - Growth Option - Direct Plan,26.5002,HDFC Mutual Fund,Debt Scheme - Money Market Fund
2014-02-16,119092,HDFC Money Market Fund - Growth Option - Direct Plan,26.5127,HDFC Mutual Fund,Debt Scheme - Money Market Fund
2014-02-17,119092,HDFC Money Market Fund - Growth Option - Direct Plan,26.5189,HDFC Mutual Fund,Debt Scheme - Money Market Fund
2014-02-18,119092,HDFC Money Market Fund - Growth Option - Direct Plan,26.5252,HDFC Mutual Fund,Debt Scheme - Money Market Fund
2014-02-19,119092,HDFC Money Market Fund - Growth Option - Direct Plan,26.5314,HDFC Mutual Fund,Debt Scheme - Money Market Fund
2014-02-20,119092,HDFC Money Market Fund - Growth Option - Direct Plan,26.5376,HDFC Mutual Fund,Debt Scheme - Money Market Fund
2014-02-21,119092,HDFC Money Market Fund - Growth Option - Direct Plan,26.5438,HDFC Mutual Fund,Debt Scheme - Money Market Fund
2014-02-23,119092,HDFC Money Market Fund - Growth Option - Direct Plan,26.5563,HDFC Mutual Fund,Debt Scheme - Money Market Fund
2014-02-24,119092,HDFC Money Market Fund - Growth Option - Direct Plan,26.5625,HDFC Mutual Fund,Debt Scheme - Money Market Fund
2014-02-25,119092,HDFC Money Market Fund - Growth Option - Direct Plan,26.569,HDFC Mutual Fund,Debt Scheme - Money Market Fund
2014-02-26,119092,HDFC Money Market Fund - Growth Option - Direct Plan,26.5753,HDFC Mutual Fund,Debt Scheme - Money Market Fund
2014-02-27,119092,HDFC Money Market Fund - Growth Option - Direct Plan,26.5816,HDFC Mutual Fund,Debt Scheme - Money Market Fund
2014-02-28,119092,HDFC Money Market Fund - Growth Option - Direct Plan,26.5879,HDFC Mutual Fund,Debt Scheme - Money Market Fund
2014-03-02,119092,HDFC Money Market Fund - Growth Option - Direct Plan,26.6005,HDFC Mutual Fund,Debt Scheme - Money Market Fund
2014-03-03,119092,HDFC Money Market Fund - Growth Option - Direct Plan,26.6068,HDFC Mutual Fund,Debt Scheme - Money Market Fund
2014-03-04,119092,HDFC Money Market Fund - Growth Option - Direct Plan,26.6132,HDFC Mutual Fund,Debt Scheme - Money Market Fund
2014-03-05,119092,HDFC Money Market Fund - Growth Option - Direct Plan,26.6196,HDFC Mutual Fund,Debt Scheme - Money Market Fund
2014-03-06,119092,HDFC Money Market Fund - Growth Option - Direct Plan,26.626,HDFC Mutual Fund,Debt Scheme - Money Market Fund
2014-03-07,119092,HDFC Money Market Fund - Growth Option - Direct Plan,26.6326,HDFC Mutual Fund,Debt Scheme - Money Market Fund
2014-03-09,119092,HDFC Money Market Fund - Growth Option - Direct Plan,26.6458,HDFC Mutual Fund,Debt Scheme - Money Market Fund
2014-03-10,119092,HDFC Money Market Fund - Growth Option - Direct Plan,26.6523,HDFC Mutual Fund,Debt Scheme - Money Market Fund
2014-03-11,119092,HDFC Money Market Fund - Growth Option - Direct Plan,26.6589,HDFC Mutual Fund,Debt Scheme - Money Market Fund
2014-03-12,119092,HDFC Money Market Fund - Growth Option - Direct Plan,26.6656,HDFC Mutual Fund,Debt Scheme - Money Market Fund
2014-03-13,119092,HDFC Money Market Fund - Growth Option - Direct Plan,26.6724,HDFC Mutual Fund,Debt Scheme - Money Market Fund
2014-03-14,119092,HDFC Money Market Fund - Growth Option - Direct Plan,26.6792,HDFC Mutual Fund,Debt Scheme - Money Market Fund
2014-03-17,119092,HDFC Money Market Fund - Growth Option - Direct Plan,26.6993,HDFC Mutual Fund,Debt Scheme - Money Market Fund
2014-03-18,119092,HDFC Money Market Fund - Growth Option - Direct Plan,26.7062,HDFC Mutual Fund,Debt Scheme - Money Market Fund
2014-03-19,119092,HDFC Money Market Fund - Growth Option - Direct Plan,26.7131,HDFC Mutual Fund,Debt Scheme - Money Market Fund
2014-03-20,119092,HDFC Money Market Fund - Growth Option - Direct Plan,26.7201,HDFC Mutual Fund,Debt Scheme - Money Market Fund
2014-03-21,119092,HDFC Money Market Fund - Growth Option - Direct Plan,26.727,HDFC Mutual Fund,Debt Scheme - Money Market Fund
2014-03-23,119092,HDFC Money Market Fund - Growth Option - Direct Plan,26.7409,HDFC Mutual Fund,Debt Scheme - Money Market Fund
2014-03-24,119092,HDFC Money Market Fund - Growth Option - Direct Plan,26.7484,HDFC Mutual Fund,Debt Scheme - Money Market Fund
2014-03-25,119092,HDFC Money Market Fund - Growth Option - Direct Plan,26.7554,HDFC Mutual Fund,Debt Scheme - Money Market Fund
2014-03-26,119092,HDFC Money Market Fund - Growth Option - Direct Plan,26.7624,HDFC Mutual Fund,Debt Scheme - Money Market Fund
2014-03-27,119092,HDFC Money Market Fund - Growth Option - Direct Plan,26.7694,HDFC Mutual Fund,Debt Scheme - Money Market Fund
2014-03-28,119092,HDFC Money Market Fund - Growth Option - Direct Plan,26.7777,HDFC Mutual Fund,Debt Scheme - Money Market Fund
2014-03-31,119092,HDFC Money Market Fund - Growth Option - Direct Plan,26.805,HDFC Mutual Fund,Debt Scheme - Money Market Fund
2014-04-01,119092,HDFC Money Market Fund - Growth Option - Direct Plan,26.8131,HDFC Mutual Fund,Debt Scheme - Money Market Fund
2014-04-02,119092,HDFC Money Market Fund - Growth Option - Direct Plan,26.8201,HDFC Mutual Fund,Debt Scheme - Money Market Fund
2014-04-03,119092,HDFC Money Market Fund - Growth Option - Direct Plan,26.8272,HDFC Mutual Fund,Debt Scheme - Money Market Fund
2014-04-04,119092,HDFC Money Market Fund - Growth Option - Direct Plan,26.8337,HDFC Mutual Fund,Debt Scheme - Money Market Fund
2014-04-06,119092,HDFC Money Market Fund - Growth Option - Direct Plan,26.8477,HDFC Mutual Fund,Debt Scheme - Money Market Fund
2014-04-07,119092,HDFC Money Market Fund - Growth Option - Direct Plan,26.8542,HDFC Mutual Fund,Debt Scheme - Money Market Fund
2014-04-08,119092,HDFC Money Market Fund - Growth Option - Direct Plan,26.8612,HDFC Mutual Fund,Debt Scheme - Money Market Fund
2014-04-09,119092,HDFC Money Market Fund - Growth Option - Direct Plan,26.8678,HDFC Mutual Fund,Debt Scheme - Money Market Fund
2014-04-10,119092,HDFC Money Market Fund - Growth Option - Direct Plan,26.8747,HDFC Mutual Fund,Debt Scheme - Money Market Fund
2014-04-11,119092,HDFC Money Market Fund - Growth Option - Direct Plan,26.8814,HDFC Mutual Fund,Debt Scheme - Money Market Fund
2014-04-14,119092,HDFC Money Market Fund - Growth Option - Direct Plan,26.9019,HDFC Mutual Fund,Debt Scheme - Money Market Fund
2014-04-15,119092,HDFC Money Market Fund - Growth Option - Direct Plan,26.9086,HDFC Mutual Fund,Debt Scheme - Money Market Fund
2014-04-16,119092,HDFC Money Market Fund - Growth Option - Direct Plan,26.9154,HDFC Mutual Fund,Debt Scheme - Money Market Fund
2014-04-17,119092,HDFC Money Market Fund - Growth Option - Direct Plan,26.9221,HDFC Mutual Fund,Debt Scheme - Money Market Fund
2014-04-20,119092,HDFC Money Market Fund - Growth Option - Direct Plan,26.9423,HDFC Mutual Fund,Debt Scheme - Money Market Fund
2014-04-21,119092,HDFC Money Market Fund - Growth Option - Direct Plan,26.949,HDFC Mutual Fund,Debt Scheme - Money Market Fund
2014-04-22,119092,HDFC Money Market Fund - Growth Option - Direct Plan,26.9557,HDFC Mutual Fund,Debt Scheme - Money Market Fund
2014-04-23,119092,HDFC Money Market Fund - Growth Option - Direct Plan,26.9624,HDFC Mutual Fund,Debt Scheme - Money Market Fund
2014-04-24,119092,HDFC Money Market Fund - Growth Option - Direct Plan,26.9691,HDFC Mutual Fund,Debt Scheme - Money Market Fund
2014-04-25,119092,HDFC Money Market Fund - Growth Option - Direct Plan,26.9753,HDFC Mutual Fund,Debt Scheme - Money Market Fund
2014-04-27,119092,HDFC Money Market Fund - Growth Option - Direct Plan,26.9891,HDFC Mutual Fund,Debt Scheme - Money Market Fund
2014-04-28,119092,HDFC Money Market Fund - Growth Option - Direct Plan,26.9958,HDFC Mutual Fund,Debt Scheme - Money Market Fund
2014-04-29,119092,HDFC Money Market Fund - Growth Option - Direct Plan,27.0024,HDFC Mutual Fund,Debt Scheme - Money Market Fund
2014-04-30,119092,HDFC Money Market Fund - Growth Option - Direct Plan,27.009,HDFC Mutual Fund,Debt Scheme - Money Market Fund
2014-05-01,119092,HDFC Money Market Fund - Growth Option - Direct Plan,27.0157,HDFC Mutual Fund,Debt Scheme - Money Market Fund
2014-05-02,119092,HDFC Money Market Fund - Growth Option - Direct Plan,27.0224,HDFC Mutual Fund,Debt Scheme - Money Market Fund
2014-05-04,119092,HDFC Money Market Fund - Growth Option - Direct Plan,27.0356,HDFC Mutual Fund,Debt Scheme - Money Market Fund
2014-05-05,119092,HDFC Money Market Fund - Growth Option - Direct Plan,27.0422,HDFC Mutual Fund,Debt Scheme - Money Market Fund
2014-05-06,119092,HDFC Money Market Fund - Growth Option - Direct Plan,27.0488,HDFC Mutual Fund,Debt Scheme - Money Market Fund
2014-05-07,119092,HDFC Money Market Fund - Growth Option - Direct Plan,27.0553,HDFC Mutual Fund,Debt Scheme - Money Market Fund
2014-05-08,119092,HDFC Money Market Fund - Growth Option - Direct Plan,27.0619,HDFC Mutual Fund,Debt Scheme - Money Market Fund
2014-05-09,119092,HDFC Money Market Fund - Growth Option - Direct Plan,27.0686,HDFC Mutual Fund,Debt Scheme - Money Market Fund
2014-05-11,119092,HDFC Money Market Fund - Growth Option - Direct Plan,27.0815,HDFC Mutual Fund,Debt Scheme - Money Market Fund
2014-05-12,119092,HDFC Money Market Fund - Growth Option - Direct Plan,27.0881,HDFC Mutual Fund,Debt Scheme - Money Market Fund
2014-05-13,119092,HDFC Money Market Fund - Growth Option - Direct Plan,27.0947,HDFC Mutual Fund,Debt Scheme - Money Market Fund
2014-05-14,119092,HDFC Money Market Fund - Growth Option - Direct Plan,27.1012,HDFC Mutual Fund,Debt Scheme - Money Market Fund
2014-05-15,119092,HDFC Money Market Fund - Growth Option - Direct Plan,27.1077,HDFC Mutual Fund,Debt Scheme - Money Market Fund
2014-05-16,119092,HDFC Money Market Fund - Growth Option - Direct Plan,27.1137,HDFC Mutual Fund,Debt Scheme - Money Market Fund
2014-05-18,119092,HDFC Money Market Fund - Growth Option - Direct Plan,27.1274,HDFC Mutual Fund,Debt Scheme - Money Market Fund
2014-05-19,119092,HDFC Money Market Fund - Growth Option - Direct Plan,27.1338,HDFC Mutual Fund,Debt Scheme - Money Market Fund
2014-05-20,119092,HDFC Money Market Fund - Growth Option - Direct Plan,27.1406,HDFC Mutual Fund,Debt Scheme - Money Market Fund
2014-05-21,119092,HDFC Money Market Fund - Growth Option - Direct Plan,27.1474,HDFC Mutual Fund,Debt Scheme - Money Market Fund
2014-05-22,119092,HDFC Money Market Fund - Growth Option - Direct Plan,27.154,HDFC Mutual Fund,Debt Scheme - Money Market Fund
2014-05-23,119092,HDFC Money Market Fund - Growth Option - Direct Plan,27.1604,HDFC Mutual Fund,Debt Scheme - Money Market Fund
2014-05-25,119092,HDFC Money Market Fund - Growth Option - Direct Plan,27.1733,HDFC Mutual Fund,Debt Scheme - Money Market Fund
2014-05-26,119092,HDFC Money Market Fund - Growth Option - Direct Plan,27.1798,HDFC Mutual Fund,Debt Scheme - Money Market Fund
2014-05-27,119092,HDFC Money Market Fund - Growth Option - Direct Plan,27.1863,HDFC Mutual Fund,Debt Scheme - Money Market Fund
2014-05-28,119092,HDFC Money Market Fund - Growth Option - Direct Plan,27.1928,HDFC Mutual Fund,Debt Scheme - Money Market Fund
2014-05-29,119092,HDFC Money Market Fund - Growth Option - Direct Plan,27.1994,HDFC Mutual Fund,Debt Scheme - Money Market Fund
2014-05-30,119092,HDFC Money Market Fund - Growth Option - Direct Plan,27.206,HDFC Mutual Fund,Debt Scheme - Money Market Fund
2014-06-01,119092,HDFC Money Market Fund - Growth Option - Direct Plan,27.2189,HDFC Mutual Fund,Debt Scheme - Money Market Fund
2014-06-02,119092,HDFC Money Market Fund - Growth Option - Direct Plan,27.2252,HDFC Mutual Fund,Debt Scheme - Money Market Fund
2014-06-03,119092,HDFC Money Market Fund - Growth Option - Direct Plan,27.2319,HDFC Mutual Fund,Debt Scheme - Money Market Fund
2014-06-04,119092,HDFC Money Market Fund - Growth Option - Direct Plan,27.2385,HDFC Mutual Fund,Debt Scheme - Money Market Fund
2014-06-05,119092,HDFC Money Market Fund - Growth Option - Direct Plan,27.2449,HDFC Mutual Fund,Debt Scheme - Money Market Fund
2014-06-06,119092,HDFC Money Market Fund - Growth Option - Direct Plan,27.2514,HDFC Mutual Fund,Debt Scheme - Money Market Fund
2014-06-08,119092,HDFC Money Market Fund - Growth Option - Direct Plan,27.2643,HDFC Mutual Fund,Debt Scheme - Money Market Fund
2014-06-09,119092,HDFC Money Market Fund - Growth Option - Direct Plan,27.2708,HDFC Mutual Fund,Debt Scheme - Money Market Fund
2014-06-10,119092,HDFC Money Market Fund - Growth Option - Direct Plan,27.2773,HDFC Mutual Fund,Debt Scheme - Money Market Fund
2014-06-11,119092,HDFC Money Market Fund - Growth Option - Direct Plan,27.2838,HDFC Mutual Fund,Debt Scheme - Money Market Fund
2014-06-12,119092,HDFC Money Market Fund - Growth Option - Direct Plan,27.2902,HDFC Mutual Fund,Debt Scheme - Money Market Fund
2014-06-13,119092,HDFC Money Market Fund - Growth Option - Direct Plan,27.2963,HDFC Mutual Fund,Debt Scheme - Money Market Fund
2014-06-15,119092,HDFC Money Market Fund - Growth Option - Direct Plan,27.3094,HDFC Mutual Fund,Debt Scheme - Money Market Fund
2014-06-16,119092,HDFC Money Market Fund - Growth Option - Direct Plan,27.3157,HDFC Mutual Fund,Debt Scheme - Money Market Fund
2014-06-17,119092,HDFC Money Market Fund - Growth Option - Direct Plan,27.3222,HDFC Mutual Fund,Debt Scheme - Money Market Fund
2014-06-18,119092,HDFC Money Market Fund - Growth Option - Direct Plan,27.3286,HDFC Mutual Fund,Debt Scheme - Money Market Fund
2014-06-19,119092,HDFC Money Market Fund - Growth Option - Direct Plan,27.3352,HDFC Mutual Fund,Debt Scheme - Money Market Fund
2014-06-20,119092,HDFC Money Market Fund - Growth Option - Direct Plan,27.3415,HDFC Mutual Fund,Debt Scheme - Money Market Fund
2014-06-22,119092,HDFC Money Market Fund - Growth Option - Direct Plan,27.3542,HDFC Mutual Fund,Debt Scheme - Money Market Fund
2014-06-23,119092,HDFC Money Market Fund - Growth Option - Direct Plan,27.3605,HDFC Mutual Fund,Debt Scheme - Money Market Fund
2014-06-24,119092,HDFC Money Market Fund - Growth Option - Direct Plan,27.3668,HDFC Mutual Fund,Debt Scheme - Money Market Fund
2014-06-25,119092,HDFC Money Market Fund - Growth Option - Direct Plan,27.3732,HDFC Mutual Fund,Debt Scheme - Money Market Fund
2014-06-26,119092,HDFC Money Market Fund - Growth Option - Direct Plan,27.3796,HDFC Mutual Fund,Debt Scheme - Money Market Fund
2014-06-27,119092,HDFC Money Market Fund - Growth Option - Direct Plan,27.386,HDFC Mutual Fund,Debt Scheme - Money Market Fund
2014-06-29,119092,HDFC Money Market Fund - Growth Option - Direct Plan,27.3987,HDFC Mutual Fund,Debt Scheme - Money Market Fund
2014-06-30,119092,HDFC Money Market Fund - Growth Option - Direct Plan,27.4057,HDFC Mutual Fund,Debt Scheme - Money Market Fund
2014-07-01,119092,HDFC Money Market Fund - Growth Option - Direct Plan,27.4131,HDFC Mutual Fund,Debt Scheme - Money Market Fund
2014-07-02,119092,HDFC Money Market Fund - Growth Option - Direct Plan,27.4196,HDFC Mutual Fund,Debt Scheme - Money Market Fund
2014-07-03,119092,HDFC Money Market Fund - Growth Option - Direct Plan,27.426,HDFC Mutual Fund,Debt Scheme - Money Market Fund
2014-07-04,119092,HDFC Money Market Fund - Growth Option - Direct Plan,27.4323,HDFC Mutual Fund,Debt Scheme - Money Market Fund
2014-07-06,119092,HDFC Money Market Fund - Growth Option - Direct Plan,27.4449,HDFC Mutual Fund,Debt Scheme - Money Market Fund
2014-07-07,119092,HDFC Money Market Fund - Growth Option - Direct Plan,27.4513,HDFC Mutual Fund,Debt Scheme - Money Market Fund
2014-07-08,119092,HDFC Money Market Fund - Growth Option - Direct Plan,27.4576,HDFC Mutual Fund,Debt Scheme - Money Market Fund
2014-07-09,119092,HDFC Money Market Fund - Growth Option - Direct Plan,27.4639,HDFC Mutual Fund,Debt Scheme - Money Market Fund
2014-07-10,119092,HDFC Money Market Fund - Growth Option - Direct Plan,27.4701,HDFC Mutual Fund,Debt Scheme - Money Market Fund
2014-07-11,119092,HDFC Money Market Fund - Growth Option - Direct Plan,27.4762,HDFC Mutual Fund,Debt Scheme - Money Market Fund
2014-07-13,119092,HDFC Money Market Fund - Growth Option - Direct Plan,27.4888,HDFC Mutual Fund,Debt Scheme - Money Market Fund
2014-07-14,119092,HDFC Money Market Fund - Growth Option - Direct Plan,27.495,HDFC Mutual Fund,Debt Scheme - Money Market Fund
2014-07-15,119092,HDFC Money Market Fund - Growth Option - Direct Plan,27.5014,HDFC Mutual Fund,Debt Scheme - Money Market Fund
2014-07-16,119092,HDFC Money Market Fund - Growth Option - Direct Plan,27.5077,HDFC Mutual Fund,Debt Scheme - Money Market Fund
2014-07-17,119092,HDFC Money Market Fund - Growth Option - Direct Plan,27.5141,HDFC Mutual Fund,Debt Scheme - Money Market Fund
2014-07-18,119092,HDFC Money Market Fund - Growth Option - Direct Plan,27.5205,HDFC Mutual Fund,Debt Scheme - Money Market Fund
2014-07-20,119092,HDFC Money Market Fund - Growth Option - Direct Plan,27.533,HDFC Mutual Fund,Debt Scheme - Money Market Fund
2014-07-21,119092,HDFC Money Market Fund - Growth Option - Direct Plan,27.5394,HDFC Mutual Fund,Debt Scheme - Money Market Fund
2014-07-22,119092,HDFC Money Market Fund - Growth Option - Direct Plan,27.5456,HDFC Mutual Fund,Debt Scheme - Money Market Fund
2014-07-23,119092,HDFC Money Market Fund - Growth Option - Direct Plan,27.5517,HDFC Mutual Fund,Debt Scheme - Money Market Fund
2014-07-24,119092,HDFC Money Market Fund - Growth Option - Direct Plan,27.5579,HDFC Mutual Fund,Debt Scheme - Money Market Fund
2014-07-25,119092,HDFC Money Market Fund - Growth Option - Direct Plan,27.5643,HDFC Mutual Fund,Debt Scheme - Money Market Fund
2014-07-27,119092,HDFC Money Market Fund - Growth Option - Direct Plan,27.5769,HDFC Mutual Fund,Debt Scheme - Money Market Fund
2014-07-28,119092,HDFC Money Market Fund - Growth Option - Direct Plan,27.5832,HDFC Mutual Fund,Debt Scheme - Money Market Fund
2014-07-29,119092,HDFC Money Market Fund - Growth Option - Direct Plan,27.5895,HDFC Mutual Fund,Debt Scheme - Money Market Fund
2014-07-30,119092,HDFC Money Market Fund - Growth Option - Direct Plan,27.5959,HDFC Mutual Fund,Debt Scheme - Money Market Fund
2014-07-31,119092,HDFC Money Market Fund - Growth Option - Direct Plan,27.6022,HDFC Mutual Fund,Debt Scheme - Money Market Fund
2014-08-01,119092,HDFC Money Market Fund - Growth Option - Direct Plan,27.6086,HDFC Mutual Fund,Debt Scheme - Money Market Fund
2014-08-03,119092,HDFC Money Market Fund - Growth Option - Direct Plan,27.6213,HDFC Mutual Fund,Debt Scheme - Money Market Fund
2014-08-04,119092,HDFC Money Market Fund - Growth Option - Direct Plan,27.6277,HDFC Mutual Fund,Debt Scheme - Money Market Fund
2014-08-05,119092,HDFC Money Market Fund - Growth Option - Direct Plan,27.6341,HDFC Mutual Fund,Debt Scheme - Money Market Fund
2014-08-06,119092,HDFC Money Market Fund - Growth Option - Direct Plan,27.6404,HDFC Mutual Fund,Debt Scheme - Money Market Fund
2014-08-07,119092,HDFC Money Market Fund - Growth Option - Direct Plan,27.6468,HDFC Mutual Fund,Debt Scheme - Money Market Fund
2014-08-08,119092,HDFC Money Market Fund - Growth Option - Direct Plan,27.6531,HDFC Mutual Fund,Debt Scheme - Money Market Fund
2014-08-10,119092,HDFC Money Market Fund - Growth Option - Direct Plan,27.6659,HDFC Mutual Fund,Debt Scheme - Money Market Fund
2014-08-11,119092,HDFC Money Market Fund - Growth Option - Direct Plan,27.6723,HDFC Mutual Fund,Debt Scheme - Money Market Fund
2014-08-12,119092,HDFC Money Market Fund - Growth Option - Direct Plan,27.6787,HDFC Mutual Fund,Debt Scheme - Money Market Fund
2014-08-13,119092,HDFC Money Market Fund - Growth Option - Direct Plan,27.6851,HDFC Mutual Fund,Debt Scheme - Money Market Fund
2014-08-14,119092,HDFC Money Market Fund - Growth Option - Direct Plan,27.6915,HDFC Mutual Fund,Debt Scheme - Money Market Fund
2014-08-18,119092,HDFC Money Market Fund - Growth Option - Direct Plan,27.7173,HDFC Mutual Fund,Debt Scheme - Money Market Fund
2014-08-19,119092,HDFC Money Market Fund - Growth Option - Direct Plan,27.7237,HDFC Mutual Fund,Debt Scheme - Money Market Fund
2014-08-20,119092,HDFC Money Market Fund - Growth Option - Direct Plan,27.7301,HDFC Mutual Fund,Debt Scheme - Money Market Fund
2014-08-21,119092,HDFC Money Market Fund - Growth Option - Direct Plan,27.7366,HDFC Mutual Fund,Debt Scheme - Money Market Fund
2014-08-22,119092,HDFC Money Market Fund - Growth Option - Direct Plan,27.7431,HDFC Mutual Fund,Debt Scheme - Money Market Fund
2014-08-24,119092,HDFC Money Market Fund - Growth Option - Direct Plan,27.7559,HDFC Mutual Fund,Debt Scheme - Money Market Fund
2014-08-25,119092,HDFC Money Market Fund - Growth Option - Direct Plan,27.7624,HDFC Mutual Fund,Debt Scheme - Money Market Fund
2014-08-26,119092,HDFC Money Market Fund - Growth Option - Direct Plan,27.769,HDFC Mutual Fund,Debt Scheme - Money Market Fund
2014-08-27,119092,HDFC Money Market Fund - Growth Option - Direct Plan,27.7754,HDFC Mutual Fund,Debt Scheme - Money Market Fund
2014-08-28,119092,HDFC Money Market Fund - Growth Option - Direct Plan,27.7821,HDFC Mutual Fund,Debt Scheme - Money Market Fund
2014-08-31,119092,HDFC Money Market Fund - Growth Option - Direct Plan,27.8016,HDFC Mutual Fund,Debt Scheme - Money Market Fund
2014-09-01,119092,HDFC Money Market Fund - Growth Option - Direct Plan,27.8081,HDFC Mutual Fund,Debt Scheme - Money Market Fund
2014-09-02,119092,HDFC Money Market Fund - Growth Option - Direct Plan,27.8146,HDFC Mutual Fund,Debt Scheme - Money Market Fund
2014-09-03,119092,HDFC Money Market Fund - Growth Option - Direct Plan,27.8211,HDFC Mutual Fund,Debt Scheme - Money Market Fund
2014-09-04,119092,HDFC Money Market Fund - Growth Option - Direct Plan,27.8277,HDFC Mutual Fund,Debt Scheme - Money Market Fund
2014-09-05,119092,HDFC Money Market Fund - Growth Option - Direct Plan,27.8342,HDFC Mutual Fund,Debt Scheme - Money Market Fund
2014-09-07,119092,HDFC Money Market Fund - Growth Option - Direct Plan,27.8472,HDFC Mutual Fund,Debt Scheme - Money Market Fund
2014-09-08,119092,HDFC Money Market Fund - Growth Option - Direct Plan,27.8538,HDFC Mutual Fund,Debt Scheme - Money Market Fund
2014-09-09,119092,HDFC Money Market Fund - Growth Option - Direct Plan,27.8603,HDFC Mutual Fund,Debt Scheme - Money Market Fund
2014-09-10,119092,HDFC Money Market Fund - Growth Option - Direct Plan,27.8669,HDFC Mutual Fund,Debt Scheme - Money Market Fund
2014-09-11,119092,HDFC Money Market Fund - Growth Option - Direct Plan,27.8734,HDFC Mutual Fund,Debt Scheme - Money Market Fund
2014-09-12,119092,HDFC Money Market Fund - Growth Option - Direct Plan,27.8799,HDFC Mutual Fund,Debt Scheme - Money Market Fund
2014-09-14,119092,HDFC Money Market Fund - Growth Option - Direct Plan,27.893,HDFC Mutual Fund,Debt Scheme - Money Market Fund
2014-09-15,119092,HDFC Money Market Fund - Growth Option - Direct Plan,27.8996,HDFC Mutual Fund,Debt Scheme - Money Market Fund
2014-09-16,119092,HDFC Money Market Fund - Growth Option - Direct Plan,27.9062,HDFC Mutual Fund,Debt Scheme - Money Market Fund
2014-09-17,119092,HDFC Money Market Fund - Growth Option - Direct Plan,27.9128,HDFC Mutual Fund,Debt Scheme - Money Market Fund
2014-09-18,119092,HDFC Money Market Fund - Growth Option - Direct Plan,27.9195,HDFC Mutual Fund,Debt Scheme - Money Market Fund
2014-09-19,119092,HDFC Money Market Fund - Growth Option - Direct Plan,27.9262,HDFC Mutual Fund,Debt Scheme - Money Market Fund
2014-09-21,119092,HDFC Money Market Fund - Growth Option - Direct Plan,27.9395,HDFC Mutual Fund,Debt Scheme - Money Market Fund
2014-09-22,119092,HDFC Money Market Fund - Growth Option - Direct Plan,27.9461,HDFC Mutual Fund,Debt Scheme - Money Market Fund
2014-09-23,119092,HDFC Money Market Fund - Growth Option - Direct Plan,27.9528,HDFC Mutual Fund,Debt Scheme - Money Market Fund
2014-09-24,119092,HDFC Money Market Fund - Growth Option - Direct Plan,27.9595,HDFC Mutual Fund,Debt Scheme - Money Market Fund
2014-09-25,119092,HDFC Money Market Fund - Growth Option - Direct Plan,27.9661,HDFC Mutual Fund,Debt Scheme - Money Market Fund
2014-09-26,119092,HDFC Money Market Fund - Growth Option - Direct Plan,27.9727,HDFC Mutual Fund,Debt Scheme - Money Market Fund
2014-09-28,119092,HDFC Money Market Fund - Growth Option - Direct Plan,27.9858,HDFC Mutual Fund,Debt Scheme - Money Market Fund
2014-09-29,119092,HDFC Money Market Fund - Growth Option - Direct Plan,27.9924,HDFC Mutual Fund,Debt Scheme - Money Market Fund
2014-09-30,119092,HDFC Money Market Fund - Growth Option - Direct Plan,28.0002,HDFC Mutual Fund,Debt Scheme - Money Market Fund
2014-10-01,119092,HDFC Money Market Fund - Growth Option - Direct Plan,28.006,HDFC Mutual Fund,Debt Scheme - Money Market Fund
2014-10-06,119092,HDFC Money Market Fund - Growth Option - Direct Plan,28.0406,HDFC Mutual Fund,Debt Scheme - Money Market Fund
2014-10-07,119092,HDFC Money Market Fund - Growth Option - Direct Plan,28.0473,HDFC Mutual Fund,Debt Scheme - Money Market Fund
2014-10-08,119092,HDFC Money Market Fund - Growth Option - Direct Plan,28.0542,HDFC Mutual Fund,Debt Scheme - Money Market Fund
2014-10-09,119092,HDFC Money Market Fund - Growth Option - Direct Plan,28.0608,HDFC Mutual Fund,Debt Scheme - Money Market Fund
2014-10-10,119092,HDFC Money Market Fund - Growth Option - Direct Plan,28.0674,HDFC Mutual Fund,Debt Scheme - Money Market Fund
2014-10-12,119092,HDFC Money Market Fund - Growth Option - Direct Plan,28.0806,HDFC Mutual Fund,Debt Scheme - Money Market Fund
2014-10-13,119092,HDFC Money Market Fund - Growth Option - Direct Plan,28.0873,HDFC Mutual Fund,Debt Scheme - Money Market Fund
2014-10-14,119092,HDFC Money Market Fund - Growth Option - Direct Plan,28.094,HDFC Mutual Fund,Debt Scheme - Money Market Fund
2014-10-15,119092,HDFC Money Market Fund - Growth Option - Direct Plan,28.1006,HDFC Mutual Fund,Debt Scheme - Money Market Fund
2014-10-16,119092,HDFC Money Market Fund - Growth Option - Direct Plan,28.1073,HDFC Mutual Fund,Debt Scheme - Money Market Fund
2014-10-17,119092,HDFC Money Market Fund - Growth Option - Direct Plan,28.114,HDFC Mutual Fund,Debt Scheme - Money Market Fund
2014-10-19,119092,HDFC Money Market Fund - Growth Option - Direct Plan,28.1272,HDFC Mutual Fund,Debt Scheme - Money Market Fund
2014-10-20,119092,HDFC Money Market Fund - Growth Option - Direct Plan,28.1338,HDFC Mutual Fund,Debt Scheme - Money Market Fund
2014-10-21,119092,HDFC Money Market Fund - Growth Option - Direct Plan,28.1404,HDFC Mutual Fund,Debt Scheme - Money Market Fund
2014-10-22,119092,HDFC Money Market Fund - Growth Option - Direct Plan,28.1466,HDFC Mutual Fund,Debt Scheme - Money Market Fund
2014-10-26,119092,HDFC Money Market Fund - Growth Option - Direct Plan,28.1734,HDFC Mutual Fund,Debt Scheme - Money Market Fund
2014-10-27,119092,HDFC Money Market Fund - Growth Option - Direct Plan,28.1801,HDFC Mutual Fund,Debt Scheme - Money Market Fund
2014-10-28,119092,HDFC Money Market Fund - Growth Option - Direct Plan,28.1867,HDFC Mutual Fund,Debt Scheme - Money Market Fund
2014-10-29,119092,HDFC Money Market Fund - Growth Option - Direct Plan,28.1934,HDFC Mutual Fund,Debt Scheme - Money Market Fund
2014-10-30,119092,HDFC Money Market Fund - Growth Option - Direct Plan,28.2001,HDFC Mutual Fund,Debt Scheme - Money Market Fund
2014-10-31,119092,HDFC Money Market Fund - Growth Option - Direct Plan,28.2069,HDFC Mutual Fund,Debt Scheme - Money Market Fund
2014-11-02,119092,HDFC Money Market Fund - Growth Option - Direct Plan,28.2203,HDFC Mutual Fund,Debt Scheme - Money Market Fund
2014-11-03,119092,HDFC Money Market Fund - Growth Option - Direct Plan,28.227,HDFC Mutual Fund,Debt Scheme - Money Market Fund
2014-11-04,119092,HDFC Money Market Fund - Growth Option - Direct Plan,28.2336,HDFC Mutual Fund,Debt Scheme - Money Market Fund
2014-11-05,119092,HDFC Money Market Fund - Growth Option - Direct Plan,28.2404,HDFC Mutual Fund,Debt Scheme - Money Market Fund
2014-11-06,119092,HDFC Money Market Fund - Growth Option - Direct Plan,28.247,HDFC Mutual Fund,Debt Scheme - Money Market Fund
2014-11-07,119092,HDFC Money Market Fund - Growth Option - Direct Plan,28.2538,HDFC Mutual Fund,Debt Scheme - Money Market Fund
2014-11-09,119092,HDFC Money Market Fund - Growth Option - Direct Plan,28.2669,HDFC Mutual Fund,Debt Scheme - Money Market Fund
2014-11-10,119092,HDFC Money Market Fund - Growth Option - Direct Plan,28.2736,HDFC Mutual Fund,Debt Scheme - Money Market Fund
2014-11-11,119092,HDFC Money Market Fund - Growth Option - Direct Plan,28.2802,HDFC Mutual Fund,Debt Scheme - Money Market Fund
2014-11-12,119092,HDFC Money Market Fund - Growth Option - Direct Plan,28.2868,HDFC Mutual Fund,Debt Scheme - Money Market Fund
2014-11-13,119092,HDFC Money Market Fund - Growth Option - Direct Plan,28.2934,HDFC Mutual Fund,Debt Scheme - Money Market Fund
2014-11-14,119092,HDFC Money Market Fund - Growth Option - Direct Plan,28.3,HDFC Mutual Fund,Debt Scheme - Money Market Fund
2014-11-16,119092,HDFC Money Market Fund - Growth Option - Direct Plan,28.3132,HDFC Mutual Fund,Debt Scheme - Money Market Fund
2014-11-17,119092,HDFC Money Market Fund - Growth Option - Direct Plan,28.3199,HDFC Mutual Fund,Debt Scheme - Money Market Fund
2014-11-18,119092,HDFC Money Market Fund - Growth Option - Direct Plan,28.3265,HDFC Mutual Fund,Debt Scheme - Money Market Fund
2014-11-19,119092,HDFC Money Market Fund - Growth Option - Direct Plan,28.3332,HDFC Mutual Fund,Debt Scheme - Money Market Fund
2014-11-20,119092,HDFC Money Market Fund - Growth Option - Direct Plan,28.3398,HDFC Mutual Fund,Debt Scheme - Money Market Fund
2014-11-21,119092,HDFC Money Market Fund - Growth Option - Direct Plan,28.3465,HDFC Mutual Fund,Debt Scheme - Money Market Fund
2014-11-23,119092,HDFC Money Market Fund - Growth Option - Direct Plan,28.3598,HDFC Mutual Fund,Debt Scheme - Money Market Fund
2014-11-24,119092,HDFC Money Market Fund - Growth Option - Direct Plan,28.3664,HDFC Mutual Fund,Debt Scheme - Money Market Fund
2014-11-25,119092,HDFC Money Market Fund - Growth Option - Direct Plan,28.373,HDFC Mutual Fund,Debt Scheme - Money Market Fund
2014-11-26,119092,HDFC Money Market Fund - Growth Option - Direct Plan,28.3795,HDFC Mutual Fund,Debt Scheme - Money Market Fund
2014-11-27,119092,HDFC Money Market Fund - Growth Option - Direct Plan,28.3861,HDFC Mutual Fund,Debt Scheme - Money Market Fund
2014-11-28,119092,HDFC Money Market Fund - Growth Option - Direct Plan,28.3926,HDFC Mutual Fund,Debt Scheme - Money Market Fund
2014-11-30,119092,HDFC Money Market Fund - Growth Option - Direct Plan,28.4057,HDFC Mutual Fund,Debt Scheme - Money Market Fund
2014-12-01,119092,HDFC Money Market Fund - Growth Option - Direct Plan,28.4124,HDFC Mutual Fund,Debt Scheme - Money Market Fund
2014-12-02,119092,HDFC Money Market Fund - Growth Option - Direct Plan,28.419,HDFC Mutual Fund,Debt Scheme - Money Market Fund
2014-12-03,119092,HDFC Money Market Fund - Growth Option - Direct Plan,28.4256,HDFC Mutual Fund,Debt Scheme - Money Market Fund
2014-12-04,119092,HDFC Money Market Fund - Growth Option - Direct Plan,28.4321,HDFC Mutual Fund,Debt Scheme - Money Market Fund
2014-12-05,119092,HDFC Money Market Fund - Growth Option - Direct Plan,28.4387,HDFC Mutual Fund,Debt Scheme - Money Market Fund
2014-12-07,119092,HDFC Money Market Fund - Growth Option - Direct Plan,28.4517,HDFC Mutual Fund,Debt Scheme - Money Market Fund
2014-12-08,119092,HDFC Money Market Fund - Growth Option - Direct Plan,28.4582,HDFC Mutual Fund,Debt Scheme - Money Market Fund
2014-12-09,119092,HDFC Money Market Fund - Growth Option - Direct Plan,28.4648,HDFC Mutual Fund,Debt Scheme - Money Market Fund
2014-12-10,119092,HDFC Money Market Fund - Growth Option - Direct Plan,28.4713,HDFC Mutual Fund,Debt Scheme - Money Market Fund
2014-12-11,119092,HDFC Money Market Fund - Growth Option - Direct Plan,28.4779,HDFC Mutual Fund,Debt Scheme - Money Market Fund
2014-12-12,119092,HDFC Money Market Fund - Growth Option - Direct Plan,28.4846,HDFC Mutual Fund,Debt Scheme - Money Market Fund
2014-12-14,119092,HDFC Money Market Fund - Growth Option - Direct Plan,28.4975,HDFC Mutual Fund,Debt Scheme - Money Market Fund
2014-12-15,119092,HDFC Money Market Fund - Growth Option - Direct Plan,28.5039,HDFC Mutual Fund,Debt Scheme - Money Market Fund
2014-12-16,119092,HDFC Money Market Fund - Growth Option - Direct Plan,28.5104,HDFC Mutual Fund,Debt Scheme - Money Market Fund
2014-12-17,119092,HDFC Money Market Fund - Growth Option - Direct Plan,28.5169,HDFC Mutual Fund,Debt Scheme - Money Market Fund
2014-12-18,119092,HDFC Money Market Fund - Growth Option - Direct Plan,28.5234,HDFC Mutual Fund,Debt Scheme - Money Market Fund
2014-12-19,119092,HDFC Money Market Fund - Growth Option - Direct Plan,28.5299,HDFC Mutual Fund,Debt Scheme - Money Market Fund
2014-12-21,119092,HDFC Money Market Fund - Growth Option - Direct Plan,28.543,HDFC Mutual Fund,Debt Scheme - Money Market Fund
2014-12-22,119092,HDFC Money Market Fund - Growth Option - Direct Plan,28.5493,HDFC Mutual Fund,Debt Scheme - Money Market Fund
2014-12-23,119092,HDFC Money Market Fund - Growth Option - Direct Plan,28.5559,HDFC Mutual Fund,Debt Scheme - Money Market Fund
2014-12-24,119092,HDFC Money Market Fund - Growth Option - Direct Plan,28.5624,HDFC Mutual Fund,Debt Scheme - Money Market Fund
2014-12-25,119092,HDFC Money Market Fund - Growth Option - Direct Plan,28.569,HDFC Mutual Fund,Debt Scheme - Money Market Fund
2014-12-26,119092,HDFC Money Market Fund - Growth Option - Direct Plan,28.5754,HDFC Mutual Fund,Debt Scheme - Money Market Fund
2014-12-28,119092,HDFC Money Market Fund - Growth Option - Direct Plan,28.5886,HDFC Mutual Fund,Debt Scheme - Money Market Fund
2014-12-29,119092,HDFC Money Market Fund - Growth Option - Direct Plan,28.5952,HDFC Mutual Fund,Debt Scheme - Money Market Fund
2014-12-30,119092,HDFC Money Market Fund - Growth Option - Direct Plan,28.6019,HDFC Mutual Fund,Debt Scheme - Money Market Fund
2014-12-31,119092,HDFC Money Market Fund - Growth Option - Direct Plan,28.6091,HDFC Mutual Fund,Debt Scheme - Money Market Fund
2015-01-01,119092,HDFC Money Market Fund - Growth Option - Direct Plan,28.616,HDFC Mutual Fund,Debt Scheme - Money Market Fund
2015-01-02,119092,HDFC Money Market Fund - Growth Option - Direct Plan,28.6226,HDFC Mutual Fund,Debt Scheme - Money Market Fund
2015-01-04,119092,HDFC Money Market Fund - Growth Option - Direct Plan,28.6357,HDFC Mutual Fund,Debt Scheme - Money Market Fund
2015-01-05,119092,HDFC Money Market Fund - Growth Option - Direct Plan,28.6423,HDFC Mutual Fund,Debt Scheme - Money Market Fund
2015-01-06,119092,HDFC Money Market Fund - Growth Option - Direct Plan,28.6489,HDFC Mutual Fund,Debt Scheme - Money Market Fund
2015-01-07,119092,HDFC Money Market Fund - Growth Option - Direct Plan,28.6555,HDFC Mutual Fund,Debt Scheme - Money Market Fund
2015-01-08,119092,HDFC Money Market Fund - Growth Option - Direct Plan,28.6621,HDFC Mutual Fund,Debt Scheme - Money Market Fund
2015-01-09,119092,HDFC Money Market Fund - Growth Option - Direct Plan,28.6687,HDFC Mutual Fund,Debt Scheme - Money Market Fund
2015-01-11,119092,HDFC Money Market Fund - Growth Option - Direct Plan,28.6819,HDFC Mutual Fund,Debt Scheme - Money Market Fund
2015-01-12,119092,HDFC Money Market Fund - Growth Option - Direct Plan,28.6885,HDFC Mutual Fund,Debt Scheme - Money Market Fund
2015-01-13,119092,HDFC Money Market Fund - Growth Option - Direct Plan,28.6951,HDFC Mutual Fund,Debt Scheme - Money Market Fund
2015-01-14,119092,HDFC Money Market Fund - Growth Option - Direct Plan,28.7017,HDFC Mutual Fund,Debt Scheme - Money Market Fund
2015-01-15,119092,HDFC Money Market Fund - Growth Option - Direct Plan,28.7084,HDFC Mutual Fund,Debt Scheme - Money Market Fund
2015-01-16,119092,HDFC Money Market Fund - Growth Option - Direct Plan,28.715,HDFC Mutual Fund,Debt Scheme - Money Market Fund
2015-01-18,119092,HDFC Money Market Fund - Growth Option - Direct Plan,28.7282,HDFC Mutual Fund,Debt Scheme - Money Market Fund
2015-01-19,119092,HDFC Money Market Fund - Growth Option - Direct Plan,28.7348,HDFC Mutual Fund,Debt Scheme - Money Market Fund
2015-01-20,119092,HDFC Money Market Fund - Growth Option - Direct Plan,28.7414,HDFC Mutual Fund,Debt Scheme - Money Market Fund
2015-01-21,119092,HDFC Money Market Fund - Growth Option - Direct Plan,28.748,HDFC Mutual Fund,Debt Scheme - Money Market Fund
2015-01-22,119092,HDFC Money Market Fund - Growth Option - Direct Plan,28.7546,HDFC Mutual Fund,Debt Scheme - Money Market Fund
2015-01-23,119092,HDFC Money Market Fund - Growth Option - Direct Plan,28.7612,HDFC Mutual Fund,Debt Scheme - Money Market Fund
2015-01-26,119092,HDFC Money Market Fund - Growth Option - Direct Plan,28.7808,HDFC Mutual Fund,Debt Scheme - Money Market Fund
2015-01-27,119092,HDFC Money Market Fund - Growth Option - Direct Plan,28.7875,HDFC Mutual Fund,Debt Scheme - Money Market Fund
2015-01-28,119092,HDFC Money Market Fund - Growth Option - Direct Plan,28.7941,HDFC Mutual Fund,Debt Scheme - Money Market Fund
2015-01-29,119092,HDFC Money Market Fund - Growth Option - Direct Plan,28.8007,HDFC Mutual Fund,Debt Scheme - Money Market Fund
2015-01-30,119092,HDFC Money Market Fund - Growth Option - Direct Plan,28.8074,HDFC Mutual Fund,Debt Scheme - Money Market Fund
2015-02-01,119092,HDFC Money Market Fund - Growth Option - Direct Plan,28.8206,HDFC Mutual Fund,Debt Scheme - Money Market Fund
2015-02-02,119092,HDFC Money Market Fund - Growth Option - Direct Plan,28.8272,HDFC Mutual Fund,Debt Scheme - Money Market Fund
2015-02-03,119092,HDFC Money Market Fund - Growth Option - Direct Plan,28.8337,HDFC Mutual Fund,Debt Scheme - Money Market Fund
2015-02-04,119092,HDFC Money Market Fund - Growth Option - Direct Plan,28.8403,HDFC Mutual Fund,Debt Scheme - Money Market Fund
2015-02-05,119092,HDFC Money Market Fund - Growth Option - Direct Plan,28.8469,HDFC Mutual Fund,Debt Scheme - Money Market Fund
2015-02-06,119092,HDFC Money Market Fund - Growth Option - Direct Plan,28.8535,HDFC Mutual Fund,Debt Scheme - Money Market Fund
2015-02-08,119092,HDFC Money Market Fund - Growth Option - Direct Plan,28.8667,HDFC Mutual Fund,Debt Scheme - Money Market Fund
2015-02-09,119092,HDFC Money Market Fund - Growth Option - Direct Plan,28.8733,HDFC Mutual Fund,Debt Scheme - Money Market Fund
2015-02-10,119092,HDFC Money Market Fund - Growth Option - Direct Plan,28.8799,HDFC Mutual Fund,Debt Scheme - Money Market Fund
2015-02-11,119092,HDFC Money Market Fund - Growth Option - Direct Plan,28.8865,HDFC Mutual Fund,Debt Scheme - Money Market Fund
2015-02-12,119092,HDFC Money Market Fund - Growth Option - Direct Plan,28.8931,HDFC Mutual Fund,Debt Scheme - Money Market Fund
2015-02-13,119092,HDFC Money Market Fund - Growth Option - Direct Plan,28.8997,HDFC Mutual Fund,Debt Scheme - Money Market Fund
2015-02-15,119092,HDFC Money Market Fund - Growth Option - Direct Plan,28.9129,HDFC Mutual Fund,Debt Scheme - Money Market Fund
2015-02-16,119092,HDFC Money Market Fund - Growth Option - Direct Plan,28.9195,HDFC Mutual Fund,Debt Scheme - Money Market Fund
2015-02-17,119092,HDFC Money Market Fund - Growth Option - Direct Plan,28.926,HDFC Mutual Fund,Debt Scheme - Money Market Fund
2015-02-18,119092,HDFC Money Market Fund - Growth Option - Direct Plan,28.9326,HDFC Mutual Fund,Debt Scheme - Money Market Fund
2015-02-19,119092,HDFC Money Market Fund - Growth Option - Direct Plan,28.9392,HDFC Mutual Fund,Debt Scheme - Money Market Fund
2015-02-20,119092,HDFC Money Market Fund - Growth Option - Direct Plan,28.9458,HDFC Mutual Fund,Debt Scheme - Money Market Fund
2015-02-22,119092,HDFC Money Market Fund - Growth Option - Direct Plan,28.9591,HDFC Mutual Fund,Debt Scheme - Money Market Fund
2015-02-23,119092,HDFC Money Market Fund - Growth Option - Direct Plan,28.9657,HDFC Mutual Fund,Debt Scheme - Money Market Fund
2015-02-24,119092,HDFC Money Market Fund - Growth Option - Direct Plan,28.9723,HDFC Mutual Fund,Debt Scheme - Money Market Fund
2015-02-25,119092,HDFC Money Market Fund - Growth Option - Direct Plan,28.9789,HDFC Mutual Fund,Debt Scheme - Money Market Fund
2015-02-26,119092,HDFC Money Market Fund - Growth Option - Direct Plan,28.9857,HDFC Mutual Fund,Debt Scheme - Money Market Fund
2015-02-27,119092,HDFC Money Market Fund - Growth Option - Direct Plan,28.9925,HDFC Mutual Fund,Debt Scheme - Money Market Fund
2015-03-01,119092,HDFC Money Market Fund - Growth Option - Direct Plan,29.0062,HDFC Mutual Fund,Debt Scheme - Money Market Fund
2015-03-02,119092,HDFC Money Market Fund - Growth Option - Direct Plan,29.0128,HDFC Mutual Fund,Debt Scheme - Money Market Fund
2015-03-03,119092,HDFC Money Market Fund - Growth Option - Direct Plan,29.0196,HDFC Mutual Fund,Debt Scheme - Money Market Fund
2015-03-04,119092,HDFC Money Market Fund - Growth Option - Direct Plan,29.0269,HDFC Mutual Fund,Debt Scheme - Money Market Fund
2015-03-05,119092,HDFC Money Market Fund - Growth Option - Direct Plan,29.034,HDFC Mutual Fund,Debt Scheme - Money Market Fund
2015-03-08,119092,HDFC Money Market Fund - Growth Option - Direct Plan,29.0546,HDFC Mutual Fund,Debt Scheme - Money Market Fund
2015-03-09,119092,HDFC Money Market Fund - Growth Option - Direct Plan,29.0612,HDFC Mutual Fund,Debt Scheme - Money Market Fund
2015-03-10,119092,HDFC Money Market Fund - Growth Option - Direct Plan,29.068,HDFC Mutual Fund,Debt Scheme - Money Market Fund
2015-03-11,119092,HDFC Money Market Fund - Growth Option - Direct Plan,29.0746,HDFC Mutual Fund,Debt Scheme - Money Market Fund
2015-03-12,119092,HDFC Money Market Fund - Growth Option - Direct Plan,29.0813,HDFC Mutual Fund,Debt Scheme - Money Market Fund
2015-03-13,119092,HDFC Money Market Fund - Growth Option - Direct Plan,29.0881,HDFC Mutual Fund,Debt Scheme - Money Market Fund
2015-03-15,119092,HDFC Money Market Fund - Growth Option - Direct Plan,29.1021,HDFC Mutual Fund,Debt Scheme - Money Market Fund
2015-03-16,119092,HDFC Money Market Fund - Growth Option - Direct Plan,29.1089,HDFC Mutual Fund,Debt Scheme - Money Market Fund
2015-03-17,119092,HDFC Money Market Fund - Growth Option - Direct Plan,29.1157,HDFC Mutual Fund,Debt Scheme - Money Market Fund
2015-03-18,119092,HDFC Money Market Fund - Growth Option - Direct Plan,29.1225,HDFC Mutual Fund,Debt Scheme - Money Market Fund
2015-03-19,119092,HDFC Money Market Fund - Growth Option - Direct Plan,29.1293,HDFC Mutual Fund,Debt Scheme - Money Market Fund
2015-03-20,119092,HDFC Money Market Fund - Growth Option - Direct Plan,29.1361,HDFC Mutual Fund,Debt Scheme - Money Market Fund
2015-03-22,119092,HDFC Money Market Fund - Growth Option - Direct Plan,29.15,HDFC Mutual Fund,Debt Scheme - Money Market Fund
2015-03-23,119092,HDFC Money Market Fund - Growth Option - Direct Plan,29.1566,HDFC Mutual Fund,Debt Scheme - Money Market Fund
2015-03-24,119092,HDFC Money Market Fund - Growth Option - Direct Plan,29.1631,HDFC Mutual Fund,Debt Scheme - Money Market Fund
2015-03-25,119092,HDFC Money Market Fund - Growth Option - Direct Plan,29.1698,HDFC Mutual Fund,Debt Scheme - Money Market Fund
2015-03-26,119092,HDFC Money Market Fund - Growth Option - Direct Plan,29.1768,HDFC Mutual Fund,Debt Scheme - Money Market Fund
2015-03-27,119092,HDFC Money Market Fund - Growth Option - Direct Plan,29.1838,HDFC Mutual Fund,Debt Scheme - Money Market Fund
2015-03-29,119092,HDFC Money Market Fund - Growth Option - Direct Plan,29.1978,HDFC Mutual Fund,Debt Scheme - Money Market Fund
2015-03-30,119092,HDFC Money Market Fund - Growth Option - Direct Plan,29.2056,HDFC Mutual Fund,Debt Scheme - Money Market Fund
2015-03-31,119092,HDFC Money Market Fund - Growth Option - Direct Plan,29.2191,HDFC Mutual Fund,Debt Scheme - Money Market Fund
2015-04-05,119092,HDFC Money Market Fund - Growth Option - Direct Plan,29.2588,HDFC Mutual Fund,Debt Scheme - Money Market Fund
2015-04-06,119092,HDFC Money Market Fund - Growth Option - Direct Plan,29.2665,HDFC Mutual Fund,Debt Scheme - Money Market Fund
2015-04-07,119092,HDFC Money Market Fund - Growth Option - Direct Plan,29.2735,HDFC Mutual Fund,Debt Scheme - Money Market Fund
2015-04-08,119092,HDFC Money Market Fund - Growth Option - Direct Plan,29.2801,HDFC Mutual Fund,Debt Scheme - Money Market Fund
2015-04-09,119092,HDFC Money Market Fund - Growth Option - Direct Plan,29.2871,HDFC Mutual Fund,Debt Scheme - Money Market Fund
2015-04-10,119092,HDFC Money Market Fund - Growth Option - Direct Plan,29.2936,HDFC Mutual Fund,Debt Scheme - Money Market Fund
2015-04-12,119092,HDFC Money Market Fund - Growth Option - Direct Plan,29.3073,HDFC Mutual Fund,Debt Scheme - Money Market Fund
2015-04-13,119092,HDFC Money Market Fund - Growth Option - Direct Plan,29.314,HDFC Mutual Fund,Debt Scheme - Money Market Fund
2015-04-14,119092,HDFC Money Market Fund - Growth Option - Direct Plan,29.3208,HDFC Mutual Fund,Debt Scheme - Money Market Fund
2015-04-15,119092,HDFC Money Market Fund - Growth Option - Direct Plan,29.3276,HDFC Mutual Fund,Debt Scheme - Money Market Fund
2015-04-16,119092,HDFC Money Market Fund - Growth Option - Direct Plan,29.3343,HDFC Mutual Fund,Debt Scheme - Money Market Fund
2015-04-17,119092,HDFC Money Market Fund - Growth Option - Direct Plan,29.3411,HDFC Mutual Fund,Debt Scheme - Money Market Fund
2015-04-19,119092,HDFC Money Market Fund - Growth Option - Direct Plan,29.3548,HDFC Mutual Fund,Debt Scheme - Money Market Fund
2015-04-20,119092,HDFC Money Market Fund - Growth Option - Direct Plan,29.3616,HDFC Mutual Fund,Debt Scheme - Money Market Fund
2015-04-21,119092,HDFC Money Market Fund - Growth Option - Direct Plan,29.3684,HDFC Mutual Fund,Debt Scheme - Money Market Fund
2015-04-22,119092,HDFC Money Market Fund - Growth Option - Direct Plan,29.3751,HDFC Mutual Fund,Debt Scheme - Money Market Fund
2015-04-23,119092,HDFC Money Market Fund - Growth Option - Direct Plan,29.3819,HDFC Mutual Fund,Debt Scheme - Money Market Fund
2015-04-24,119092,HDFC Money Market Fund - Growth Option - Direct Plan,29.3887,HDFC Mutual Fund,Debt Scheme - Money Market Fund
2015-04-26,119092,HDFC Money Market Fund - Growth Option - Direct Plan,29.4023,HDFC Mutual Fund,Debt Scheme - Money Market Fund
2015-04-27,119092,HDFC Money Market Fund - Growth Option - Direct Plan,29.409,HDFC Mutual Fund,Debt Scheme - Money Market Fund
2015-04-28,119092,HDFC Money Market Fund - Growth Option - Direct Plan,29.4158,HDFC Mutual Fund,Debt Scheme - Money Market Fund
2015-04-29,119092,HDFC Money Market Fund - Growth Option - Direct Plan,29.4227,HDFC Mutual Fund,Debt Scheme - Money Market Fund
2015-04-30,119092,HDFC Money Market Fund - Growth Option - Direct Plan,29.4294,HDFC Mutual Fund,Debt Scheme - Money Market Fund
2015-05-04,119092,HDFC Money Market Fund - Growth Option - Direct Plan,29.4569,HDFC Mutual Fund,Debt Scheme - Money Market Fund
2015-05-05,119092,HDFC Money Market Fund - Growth Option - Direct Plan,29.4635,HDFC Mutual Fund,Debt Scheme - Money Market Fund
2015-05-06,119092,HDFC Money Market Fund - Growth Option - Direct Plan,29.4702,HDFC Mutual Fund,Debt Scheme - Money Market Fund
2015-05-07,119092,HDFC Money Market Fund - Growth Option - Direct Plan,29.4768,HDFC Mutual Fund,Debt Scheme - Money Market Fund
2015-05-08,119092,HDFC Money Market Fund - Growth Option - Direct Plan,29.4835,HDFC Mutual Fund,Debt Scheme - Money Market Fund
2015-05-10,119092,HDFC Money Market Fund - Growth Option - Direct Plan,29.497,HDFC Mutual Fund,Debt Scheme - Money Market Fund
2015-05-11,119092,HDFC Money Market Fund - Growth Option - Direct Plan,29.5038,HDFC Mutual Fund,Debt Scheme - Money Market Fund
2015-05-12,119092,HDFC Money Market Fund - Growth Option - Direct Plan,29.5106,HDFC Mutual Fund,Debt Scheme - Money Market Fund
2015-05-13,119092,HDFC Money Market Fund - Growth Option - Direct Plan,29.5174,HDFC Mutual Fund,Debt Scheme - Money Market Fund
2015-05-14,119092,HDFC Money Market Fund - Growth Option - Direct Plan,29.5243,HDFC Mutual Fund,Debt Scheme - Money Market Fund
2015-05-15,119092,HDFC Money Market Fund - Growth Option - Direct Plan,29.531,HDFC Mutual Fund,Debt Scheme - Money Market Fund
2015-05-17,119092,HDFC Money Market Fund - Growth Option - Direct Plan,29.5448,HDFC Mutual Fund,Debt Scheme - Money Market Fund
2015-05-18,119092,HDFC Money Market Fund - Growth Option - Direct Plan,29.5519,HDFC Mutual Fund,Debt Scheme - Money Market Fund
2015-05-19,119092,HDFC Money Market Fund - Growth Option - Direct Plan,29.5588,HDFC Mutual Fund,Debt Scheme - Money Market Fund
2015-05-20,119092,HDFC Money Market Fund - Growth Option - Direct Plan,29.5655,HDFC Mutual Fund,Debt Scheme - Money Market Fund
2015-05-21,119092,HDFC Money Market Fund - Growth Option - Direct Plan,29.5726,HDFC Mutual Fund,Debt Scheme - Money Market Fund
2015-05-22,119092,HDFC Money Market Fund - Growth Option - Direct Plan,29.5794,HDFC Mutual Fund,Debt Scheme - Money Market Fund
2015-05-24,119092,HDFC Money Market Fund - Growth Option - Direct Plan,29.5925,HDFC Mutual Fund,Debt Scheme - Money Market Fund
2015-05-25,119092,HDFC Money Market Fund - Growth Option - Direct Plan,29.5994,HDFC Mutual Fund,Debt Scheme - Money Market Fund
2015-05-26,119092,HDFC Money Market Fund - Growth Option - Direct Plan,29.6063,HDFC Mutual Fund,Debt Scheme - Money Market Fund
2015-05-27,119092,HDFC Money Market Fund - Growth Option - Direct Plan,29.6131,HDFC Mutual Fund,Debt Scheme - Money Market Fund
2015-05-28,119092,HDFC Money Market Fund - Growth Option - Direct Plan,29.6199,HDFC Mutual Fund,Debt Scheme - Money Market Fund
2015-05-29,119092,HDFC Money Market Fund - Growth Option - Direct Plan,29.6269,HDFC Mutual Fund,Debt Scheme - Money Market Fund
2015-05-31,119092,HDFC Money Market Fund - Growth Option - Direct Plan,29.64,HDFC Mutual Fund,Debt Scheme - Money Market Fund
2015-06-01,119092,HDFC Money Market Fund - Growth Option - Direct Plan,29.647,HDFC Mutual Fund,Debt Scheme - Money Market Fund
2015-06-02,119092,HDFC Money Market Fund - Growth Option - Direct Plan,29.6537,HDFC Mutual Fund,Debt Scheme - Money Market Fund
2015-06-03,119092,HDFC Money Market Fund - Growth Option - Direct Plan,29.6605,HDFC Mutual Fund,Debt Scheme - Money Market Fund
2015-06-04,119092,HDFC Money Market Fund - Growth Option - Direct Plan,29.6673,HDFC Mutual Fund,Debt Scheme - Money Market Fund
2015-06-05,119092,HDFC Money Market Fund - Growth Option - Direct Plan,29.6739,HDFC Mutual Fund,Debt Scheme - Money Market Fund
2015-06-07,119092,HDFC Money Market Fund - Growth Option - Direct Plan,29.6871,HDFC Mutual Fund,Debt Scheme - Money Market Fund
2015-06-08,119092,HDFC Money Market Fund - Growth Option - Direct Plan,29.6937,HDFC Mutual Fund,Debt Scheme - Money Market Fund
2015-06-09,119092,HDFC Money Market Fund - Growth Option - Direct Plan,29.7004,HDFC Mutual Fund,Debt Scheme - Money Market Fund
2015-06-10,119092,HDFC Money Market Fund - Growth Option - Direct Plan,29.7071,HDFC Mutual Fund,Debt Scheme - Money Market Fund
2015-06-11,119092,HDFC Money Market Fund - Growth Option - Direct Plan,29.7137,HDFC Mutual Fund,Debt Scheme - Money Market Fund
2015-06-12,119092,HDFC Money Market Fund - Growth Option - Direct Plan,29.7203,HDFC Mutual Fund,Debt Scheme - Money Market Fund
2015-06-14,119092,HDFC Money Market Fund - Growth Option - Direct Plan,29.7336,HDFC Mutual Fund,Debt Scheme - Money Market Fund
2015-06-15,119092,HDFC Money Market Fund - Growth Option - Direct Plan,29.7401,HDFC Mutual Fund,Debt Scheme - Money Market Fund
2015-06-16,119092,HDFC Money Market Fund - Growth Option - Direct Plan,29.7466,HDFC Mutual Fund,Debt Scheme - Money Market Fund
2015-06-17,119092,HDFC Money Market Fund - Growth Option - Direct Plan,29.7532,HDFC Mutual Fund,Debt Scheme - Money Market Fund
2015-06-18,119092,HDFC Money Market Fund - Growth Option - Direct Plan,29.7597,HDFC Mutual Fund,Debt Scheme - Money Market Fund
2015-06-19,119092,HDFC Money Market Fund - Growth Option - Direct Plan,29.7664,HDFC Mutual Fund,Debt Scheme - Money Market Fund
2015-06-21,119092,HDFC Money Market Fund - Growth Option - Direct Plan,29.7793,HDFC Mutual Fund,Debt Scheme - Money Market Fund
2015-06-22,119092,HDFC Money Market Fund - Growth Option - Direct Plan,29.7858,HDFC Mutual Fund,Debt Scheme - Money Market Fund
2015-06-23,119092,HDFC Money Market Fund - Growth Option - Direct Plan,29.7923,HDFC Mutual Fund,Debt Scheme - Money Market Fund
2015-06-24,119092,HDFC Money Market Fund - Growth Option - Direct Plan,29.7989,HDFC Mutual Fund,Debt Scheme - Money Market Fund
2015-06-25,119092,HDFC Money Market Fund - Growth Option - Direct Plan,29.8054,HDFC Mutual Fund,Debt Scheme - Money Market Fund
2015-06-26,119092,HDFC Money Market Fund - Growth Option - Direct Plan,29.8121,HDFC Mutual Fund,Debt Scheme - Money Market Fund
2015-06-28,119092,HDFC Money Market Fund - Growth Option - Direct Plan,29.8251,HDFC Mutual Fund,Debt Scheme - Money Market Fund
2015-06-29,119092,HDFC Money Market Fund - Growth Option - Direct Plan,29.8317,HDFC Mutual Fund,Debt Scheme - Money Market Fund
2015-06-30,119092,HDFC Money Market Fund - Growth Option - Direct Plan,29.8396,HDFC Mutual Fund,Debt Scheme - Money Market Fund
2015-07-01,119092,HDFC Money Market Fund - Growth Option - Direct Plan,29.8462,HDFC Mutual Fund,Debt Scheme - Money Market Fund
2015-07-02,119092,HDFC Money Market Fund - Growth Option - Direct Plan,29.8528,HDFC Mutual Fund,Debt Scheme - Money Market Fund
2015-07-03,119092,HDFC Money Market Fund - Growth Option - Direct Plan,29.8595,HDFC Mutual Fund,Debt Scheme - Money Market Fund
2015-07-05,119092,HDFC Money Market Fund - Growth Option - Direct Plan,29.8724,HDFC Mutual Fund,Debt Scheme - Money Market Fund
2015-07-06,119092,HDFC Money Market Fund - Growth Option - Direct Plan,29.8791,HDFC Mutual Fund,Debt Scheme - Money Market Fund
2015-07-07,119092,HDFC Money Market Fund - Growth Option - Direct Plan,29.8856,HDFC Mutual Fund,Debt Scheme - Money Market Fund
2015-07-08,119092,HDFC Money Market Fund - Growth Option - Direct Plan,29.8921,HDFC Mutual Fund,Debt Scheme - Money Market Fund
2015-07-09,119092,HDFC Money Market Fund - Growth Option - Direct Plan,29.8986,HDFC Mutual Fund,Debt Scheme - Money Market Fund
2015-07-10,119092,HDFC Money Market Fund - Growth Option - Direct Plan,29.9052,HDFC Mutual Fund,Debt Scheme - Money Market Fund
2015-07-12,119092,HDFC Money Market Fund - Growth Option - Direct Plan,29.9184,HDFC Mutual Fund,Debt Scheme - Money Market Fund
2015-07-13,119092,HDFC Money Market Fund - Growth Option - Direct Plan,29.9249,HDFC Mutual Fund,Debt Scheme - Money Market Fund
2015-07-14,119092,HDFC Money Market Fund - Growth Option - Direct Plan,29.9315,HDFC Mutual Fund,Debt Scheme - Money Market Fund
2015-07-15,119092,HDFC Money Market Fund - Growth Option - Direct Plan,29.938,HDFC Mutual Fund,Debt Scheme - Money Market Fund
2015-07-16,119092,HDFC Money Market Fund - Growth Option - Direct Plan,29.9445,HDFC Mutual Fund,Debt Scheme - Money Market Fund
2015-07-17,119092,HDFC Money Market Fund - Growth Option - Direct Plan,29.9511,HDFC Mutual Fund,Debt Scheme - Money Market Fund
2015-07-19,119092,HDFC Money Market Fund - Growth Option - Direct Plan,29.9643,HDFC Mutual Fund,Debt Scheme - Money Market Fund
2015-07-20,119092,HDFC Money Market Fund - Growth Option - Direct Plan,29.9708,HDFC Mutual Fund,Debt Scheme - Money Market Fund
2015-07-21,119092,HDFC Money Market Fund - Growth Option - Direct Plan,29.9774,HDFC Mutual Fund,Debt Scheme - Money Market Fund
2015-07-22,119092,HDFC Money Market Fund - Growth Option - Direct Plan,29.9839,HDFC Mutual Fund,Debt Scheme - Money Market Fund
2015-07-23,119092,HDFC Money Market Fund - Growth Option - Direct Plan,29.9904,HDFC Mutual Fund,Debt Scheme - Money Market Fund
2015-07-24,119092,HDFC Money Market Fund - Growth Option - Direct Plan,29.997,HDFC Mutual Fund,Debt Scheme - Money Market Fund
2015-07-26,119092,HDFC Money Market Fund - Growth Option - Direct Plan,30.0102,HDFC Mutual Fund,Debt Scheme - Money Market Fund
2015-07-27,119092,HDFC Money Market Fund - Growth Option - Direct Plan,30.0166,HDFC Mutual Fund,Debt Scheme - Money Market Fund
2015-07-28,119092,HDFC Money Market Fund - Growth Option - Direct Plan,30.0231,HDFC Mutual Fund,Debt Scheme - Money Market Fund
2015-07-29,119092,HDFC Money Market Fund - Growth Option - Direct Plan,30.0296,HDFC Mutual Fund,Debt Scheme - Money Market Fund
2015-07-30,119092,HDFC Money Market Fund - Growth Option - Direct Plan,30.0361,HDFC Mutual Fund,Debt Scheme - Money Market Fund
2015-07-31,119092,HDFC Money Market Fund - Growth Option - Direct Plan,30.0425,HDFC Mutual Fund,Debt Scheme - Money Market Fund
2015-08-02,119092,HDFC Money Market Fund - Growth Option - Direct Plan,30.0556,HDFC Mutual Fund,Debt Scheme - Money Market Fund
2015-08-03,119092,HDFC Money Market Fund - Growth Option - Direct Plan,30.062,HDFC Mutual Fund,Debt Scheme - Money Market Fund
2015-08-04,119092,HDFC Money Market Fund - Growth Option - Direct Plan,30.0685,HDFC Mutual Fund,Debt Scheme - Money Market Fund
2015-08-05,119092,HDFC Money Market Fund - Growth Option - Direct Plan,30.075,HDFC Mutual Fund,Debt Scheme - Money Market Fund
2015-08-06,119092,HDFC Money Market Fund - Growth Option - Direct Plan,30.0813,HDFC Mutual Fund,Debt Scheme - Money Market Fund
2015-08-07,119092,HDFC Money Market Fund - Growth Option - Direct Plan,30.0879,HDFC Mutual Fund,Debt Scheme - Money Market Fund
2015-08-09,119092,HDFC Money Market Fund - Growth Option - Direct Plan,30.1011,HDFC Mutual Fund,Debt Scheme - Money Market Fund
2015-08-10,119092,HDFC Money Market Fund - Growth Option - Direct Plan,30.1076,HDFC Mutual Fund,Debt Scheme - Money Market Fund
2015-08-11,119092,HDFC Money Market Fund - Growth Option - Direct Plan,30.1139,HDFC Mutual Fund,Debt Scheme - Money Market Fund
2015-08-12,119092,HDFC Money Market Fund - Growth Option - Direct Plan,30.1204,HDFC Mutual Fund,Debt Scheme - Money Market Fund
2015-08-13,119092,HDFC Money Market Fund - Growth Option - Direct Plan,30.1267,HDFC Mutual Fund,Debt Scheme - Money Market Fund
2015-08-14,119092,HDFC Money Market Fund - Growth Option - Direct Plan,30.1332,HDFC Mutual Fund,Debt Scheme - Money Market Fund
2015-08-16,119092,HDFC Money Market Fund - Growth Option - Direct Plan,30.1463,HDFC Mutual Fund,Debt Scheme - Money Market Fund
2015-08-17,119092,HDFC Money Market Fund - Growth Option - Direct Plan,30.1524,HDFC Mutual Fund,Debt Scheme - Money Market Fund
2015-08-18,119092,HDFC Money Market Fund - Growth Option - Direct Plan,30.1587,HDFC Mutual Fund,Debt Scheme - Money Market Fund
2015-08-19,119092,HDFC Money Market Fund - Growth Option - Direct Plan,30.1649,HDFC Mutual Fund,Debt Scheme - Money Market Fund
2015-08-20,119092,HDFC Money Market Fund - Growth Option - Direct Plan,30.1712,HDFC Mutual Fund,Debt Scheme - Money Market Fund
2015-08-21,119092,HDFC Money Market Fund - Growth Option - Direct Plan,30.1777,HDFC Mutual Fund,Debt Scheme - Money Market Fund
2015-08-23,119092,HDFC Money Market Fund - Growth Option - Direct Plan,30.1905,HDFC Mutual Fund,Debt Scheme - Money Market Fund
2015-08-24,119092,HDFC Money Market Fund - Growth Option - Direct Plan,30.1967,HDFC Mutual Fund,Debt Scheme - Money Market Fund
2015-08-25,119092,HDFC Money Market Fund - Growth Option - Direct Plan,30.203,HDFC Mutual Fund,Debt Scheme - Money Market Fund
2015-08-26,119092,HDFC Money Market Fund - Growth Option - Direct Plan,30.2093,HDFC Mutual Fund,Debt Scheme - Money Market Fund
2015-08-27,119092,HDFC Money Market Fund - Growth Option - Direct Plan,30.2156,HDFC Mutual Fund,Debt Scheme - Money Market Fund
2015-08-28,119092,HDFC Money Market Fund - Growth Option - Direct Plan,30.2219,HDFC Mutual Fund,Debt Scheme - Money Market Fund
2015-08-30,119092,HDFC Money Market Fund - Growth Option - Direct Plan,3023.47,HDFC Mutual Fund,Debt Scheme - Money Market Fund
2015-08-31,119092,HDFC Money Market Fund - Growth Option - Direct Plan,3024.094,HDFC Mutual Fund,Debt Scheme - Money Market Fund
2015-09-01,119092,HDFC Money Market Fund - Growth Option - Direct Plan,3024.7217,HDFC Mutual Fund,Debt Scheme - Money Market Fund
2015-09-02,119092,HDFC Money Market Fund - Growth Option - Direct Plan,3025.3461,HDFC Mutual Fund,Debt Scheme - Money Market Fund
2015-09-03,119092,HDFC Money Market Fund - Growth Option - Direct Plan,3025.9735,HDFC Mutual Fund,Debt Scheme - Money Market Fund
2015-09-04,119092,HDFC Money Market Fund - Growth Option - Direct Plan,3026.5983,HDFC Mutual Fund,Debt Scheme - Money Market Fund
2015-09-06,119092,HDFC Money Market Fund - Growth Option - Direct Plan,3027.9099,HDFC Mutual Fund,Debt Scheme - Money Market Fund
2015-09-07,119092,HDFC Money Market Fund - Growth Option - Direct Plan,3028.5349,HDFC Mutual Fund,Debt Scheme - Money Market Fund
2015-09-08,119092,HDFC Money Market Fund - Growth Option - Direct Plan,3029.156,HDFC Mutual Fund,Debt Scheme - Money Market Fund
2015-09-09,119092,HDFC Money Market Fund - Growth Option - Direct Plan,3029.7792,HDFC Mutual Fund,Debt Scheme - Money Market Fund
2015-09-10,119092,HDFC Money Market Fund - Growth Option - Direct Plan,3030.3753,HDFC Mutual Fund,Debt Scheme - Money Market Fund
2015-09-11,119092,HDFC Money Market Fund - Growth Option - Direct Plan,3030.9723,HDFC Mutual Fund,Debt Scheme - Money Market Fund
2015-09-13,119092,HDFC Money Market Fund - Growth Option - Direct Plan,3032.2699,HDFC Mutual Fund,Debt Scheme - Money Market Fund
2015-09-14,119092,HDFC Money Market Fund - Growth Option - Direct Plan,3032.8914,HDFC Mutual Fund,Debt Scheme - Money Market Fund
2015-09-15,119092,HDFC Money Market Fund - Growth Option - Direct Plan,3033.5229,HDFC Mutual Fund,Debt Scheme - Money Market Fund
2015-09-16,119092,HDFC Money Market Fund - Growth Option - Direct Plan,3034.1444,HDFC Mutual Fund,Debt Scheme - Money Market Fund
2015-09-17,119092,HDFC Money Market Fund - Growth Option - Direct Plan,3034.7669,HDFC Mutual Fund,Debt Scheme - Money Market Fund
2015-09-18,119092,HDFC Money Market Fund - Growth Option - Direct Plan,3035.4112,HDFC Mutual Fund,Debt Scheme - Money Market Fund
2015-09-20,119092,HDFC Money Market Fund - Growth Option - Direct Plan,3036.6963,HDFC Mutual Fund,Debt Scheme - Money Market Fund
2015-09-21,119092,HDFC Money Market Fund - Growth Option - Direct Plan,3037.3316,HDFC Mutual Fund,Debt Scheme - Money Market Fund
2015-09-22,119092,HDFC Money Market Fund - Growth Option - Direct Plan,3037.9614,HDFC Mutual Fund,Debt Scheme - Money Market Fund
2015-09-23,119092,HDFC Money Market Fund - Growth Option - Direct Plan,3038.592,HDFC Mutual Fund,Debt Scheme - Money Market Fund
2015-09-24,119092,HDFC Money Market Fund - Growth Option - Direct Plan,3039.2221,HDFC Mutual Fund,Debt Scheme - Money Market Fund
2015-09-27,119092,HDFC Money Market Fund - Growth Option - Direct Plan,3041.1659,HDFC Mutual Fund,Debt Scheme - Money Market Fund
2015-09-28,119092,HDFC Money Market Fund - Growth Option - Direct Plan,3041.805,HDFC Mutual Fund,Debt Scheme - Money Market Fund
2015-09-29,119092,HDFC Money Market Fund - Growth Option - Direct Plan,3042.6718,HDFC Mutual Fund,Debt Scheme - Money Market Fund
2015-09-30,119092,HDFC Money Market Fund - Growth Option - Direct Plan,3043.4443,HDFC Mutual Fund,Debt Scheme - Money Market Fund
2015-10-01,119092,HDFC Money Market Fund - Growth Option - Direct Plan,3044.1152,HDFC Mutual Fund,Debt Scheme - Money Market Fund
2015-10-04,119092,HDFC Money Market Fund - Growth Option - Direct Plan,3046.0815,HDFC Mutual Fund,Debt Scheme - Money Market Fund
2015-10-05,119092,HDFC Money Market Fund - Growth Option - Direct Plan,3046.7171,HDFC Mutual Fund,Debt Scheme - Money Market Fund
2015-10-06,119092,HDFC Money Market Fund - Growth Option - Direct Plan,3047.348,HDFC Mutual Fund,Debt Scheme - Money Market Fund
2015-10-07,119092,HDFC Money Market Fund - Growth Option - Direct Plan,3047.9811,HDFC Mutual Fund,Debt Scheme - Money Market Fund
2015-10-08,119092,HDFC Money Market Fund - Growth Option - Direct Plan,3048.6109,HDFC Mutual Fund,Debt Scheme - Money Market Fund
2015-10-09,119092,HDFC Money Market Fund - Growth Option - Direct Plan,3049.2565,HDFC Mutual Fund,Debt Scheme - Money Market Fund
2015-10-11,119092,HDFC Money Market Fund - Growth Option - Direct Plan,3050.5247,HDFC Mutual Fund,Debt Scheme - Money Market Fund
2015-10-12,119092,HDFC Money Market Fund - Growth Option - Direct Plan,3051.1526,HDFC Mutual Fund,Debt Scheme - Money Market Fund
2015-10-13,119092,HDFC Money Market Fund - Growth Option - Direct Plan,3051.7763,HDFC Mutual Fund,Debt Scheme - Money Market Fund
2015-10-14,119092,HDFC Money Market Fund - Growth Option - Direct Plan,3052.405,HDFC Mutual Fund,Debt Scheme - Money Market Fund
2015-10-15,119092,HDFC Money Market Fund - Growth Option - Direct Plan,3053.0272,HDFC Mutual Fund,Debt Scheme - Money Market Fund
2015-10-16,119092,HDFC Money Market Fund - Growth Option - Direct Plan,3053.6683,HDFC Mutual Fund,Debt Scheme - Money Market Fund
2015-10-18,119092,HDFC Money Market Fund - Growth Option - Direct Plan,3054.9508,HDFC Mutual Fund,Debt Scheme - Money Market Fund
2015-10-19,119092,HDFC Money Market Fund - Growth Option - Direct Plan,3055.572,HDFC Mutual Fund,Debt Scheme - Money Market Fund
2015-10-20,119092,HDFC Money Market Fund - Growth Option - Direct Plan,3056.1957,HDFC Mutual Fund,Debt Scheme - Money Market Fund
2015-10-21,119092,HDFC Money Market Fund - Growth Option - Direct Plan,3056.838,HDFC Mutual Fund,Debt Scheme - Money Market Fund
2015-10-22,119092,HDFC Money Market Fund - Growth Option - Direct Plan,3057.4803,HDFC Mutual Fund,Debt Scheme - Money Market Fund
2015-10-23,119092,HDFC Money Market Fund - Growth Option - Direct Plan,3058.104,HDFC Mutual Fund,Debt Scheme - Money Market Fund
2015-10-25,119092,HDFC Money Market Fund - Growth Option - Direct Plan,3059.3499,HDFC Mutual Fund,Debt Scheme - Money Market Fund
2015-10-26,119092,HDFC Money Market Fund - Growth Option - Direct Plan,3059.9919,HDFC Mutual Fund,Debt Scheme - Money Market Fund
2015-10-27,119092,HDFC Money Market Fund - Growth Option - Direct Plan,3060.6123,HDFC Mutual Fund,Debt Scheme - Money Market Fund
2015-10-28,119092,HDFC Money Market Fund - Growth Option - Direct Plan,3061.2513,HDFC Mutual Fund,Debt Scheme - Money Market Fund
2015-10-29,119092,HDFC Money Market Fund - Growth Option - Direct Plan,3061.871,HDFC Mutual Fund,Debt Scheme - Money Market Fund
2015-10-30,119092,HDFC Money Market Fund - Growth Option - Direct Plan,3062.5204,HDFC Mutual Fund,Debt Scheme - Money Market Fund
2015-11-01,119092,HDFC Money Market Fund - Growth Option - Direct Plan,3063.8107,HDFC Mutual Fund,Debt Scheme - Money Market Fund
2015-11-02,119092,HDFC Money Market Fund - Growth Option - Direct Plan,3064.428,HDFC Mutual Fund,Debt Scheme - Money Market Fund
2015-11-03,119092,HDFC Money Market Fund - Growth Option - Direct Plan,3065.0468,HDFC Mutual Fund,Debt Scheme - Money Market Fund
2015-11-04,119092,HDFC Money Market Fund - Growth Option - Direct Plan,3065.6646,HDFC Mutual Fund,Debt Scheme - Money Market Fund
2015-11-05,119092,HDFC Money Market Fund - Growth Option - Direct Plan,3066.2883,HDFC Mutual Fund,Debt Scheme - Money Market Fund
2015-11-06,119092,HDFC Money Market Fund - Growth Option - Direct Plan,3066.9314,HDFC Mutual Fund,Debt Scheme - Money Market Fund
2015-11-08,119092,HDFC Money Market Fund - Growth Option - Direct Plan,3068.2149,HDFC Mutual Fund,Debt Scheme - Money Market Fund
2015-11-09,119092,HDFC Money Market Fund - Growth Option - Direct Plan,3068.8375,HDFC Mutual Fund,Debt Scheme - Money Market Fund
2015-11-10,119092,HDFC Money Market Fund - Growth Option - Direct Plan,3069.476,HDFC Mutual Fund,Debt Scheme - Money Market Fund
2015-11-12,119092,HDFC Money Market Fund - Growth Option - Direct Plan,3070.7243,HDFC Mutual Fund,Debt Scheme - Money Market Fund
2015-11-13,119092,HDFC Money Market Fund - Growth Option - Direct Plan,3071.3642,HDFC Mutual Fund,Debt Scheme - Money Market Fund
2015-11-15,119092,HDFC Money Market Fund - Growth Option - Direct Plan,3072.6355,HDFC Mutual Fund,Debt Scheme - Money Market Fund
2015-11-16,119092,HDFC Money Market Fund - Growth Option - Direct Plan,3073.2585,HDFC Mutual Fund,Debt Scheme - Money Market Fund
2015-11-17,119092,HDFC Money Market Fund - Growth Option - Direct Plan,3073.8901,HDFC Mutual Fund,Debt Scheme - Money Market Fund
2015-11-18,119092,HDFC Money Market Fund - Growth Option - Direct Plan,3074.5085,HDFC Mutual Fund,Debt Scheme - Money Market Fund
2015-11-19,119092,HDFC Money Market Fund - Growth Option - Direct Plan,3075.1328,HDFC Mutual Fund,Debt Scheme - Money Market Fund
2015-11-20,119092,HDFC Money Market Fund - Growth Option - Direct Plan,3075.6872,HDFC Mutual Fund,Debt Scheme - Money Market Fund
2015-11-22,119092,HDFC Money Market Fund - Growth Option - Direct Plan,3076.982,HDFC Mutual Fund,Debt Scheme - Money Market Fund
2015-11-23,119092,HDFC Money Market Fund - Growth Option - Direct Plan,3077.5969,HDFC Mutual Fund,Debt Scheme - Money Market Fund
2015-11-24,119092,HDFC Money Market Fund - Growth Option - Direct Plan,3078.2189,HDFC Mutual Fund,Debt Scheme - Money Market Fund
2015-11-25,119092,HDFC Money Market Fund - Growth Option - Direct Plan,3078.8659,HDFC Mutual Fund,Debt Scheme - Money Market Fund
2015-11-26,119092,HDFC Money Market Fund - Growth Option - Direct Plan,3079.5045,HDFC Mutual Fund,Debt Scheme - Money Market Fund
2015-11-27,119092,HDFC Money Market Fund - Growth Option - Direct Plan,3080.137,HDFC Mutual Fund,Debt Scheme - Money Market Fund
2015-11-29,119092,HDFC Money Market Fund - Growth Option - Direct Plan,3081.3229,HDFC Mutual Fund,Debt Scheme - Money Market Fund
2015-11-30,119092,HDFC Money Market Fund - Growth Option - Direct Plan,3081.933,HDFC Mutual Fund,Debt Scheme - Money Market Fund
2015-12-01,119092,HDFC Money Market Fund - Growth Option - Direct Plan,3082.5388,HDFC Mutual Fund,Debt Scheme - Money Market Fund
2015-12-02,119092,HDFC Money Market Fund - Growth Option - Direct Plan,3083.1525,HDFC Mutual Fund,Debt Scheme - Money Market Fund
2015-12-03,119092,HDFC Money Market Fund - Growth Option - Direct Plan,3083.7681,HDFC Mutual Fund,Debt Scheme - Money Market Fund
2015-12-04,119092,HDFC Money Market Fund - Growth Option - Direct Plan,3084.3877,HDFC Mutual Fund,Debt Scheme - Money Market Fund
2015-12-06,119092,HDFC Money Market Fund - Growth Option - Direct Plan,3085.6465,HDFC Mutual Fund,Debt Scheme - Money Market Fund
2015-12-07,119092,HDFC Money Market Fund - Growth Option - Direct Plan,3086.2556,HDFC Mutual Fund,Debt Scheme - Money Market Fund
2015-12-08,119092,HDFC Money Market Fund - Growth Option - Direct Plan,3086.8712,HDFC Mutual Fund,Debt Scheme - Money Market Fund
2015-12-09,119092,HDFC Money Market Fund - Growth Option - Direct Plan,3087.4736,HDFC Mutual Fund,Debt Scheme - Money Market Fund
2015-12-10,119092,HDFC Money Market Fund - Growth Option - Direct Plan,3088.0813,HDFC Mutual Fund,Debt Scheme - Money Market Fund
2015-12-11,119092,HDFC Money Market Fund - Growth Option - Direct Plan,3088.6927,HDFC Mutual Fund,Debt Scheme - Money Market Fund
2015-12-13,119092,HDFC Money Market Fund - Growth Option - Direct Plan,3089.9734,HDFC Mutual Fund,Debt Scheme - Money Market Fund
2015-12-14,119092,HDFC Money Market Fund - Growth Option - Direct Plan,3090.5792,HDFC Mutual Fund,Debt Scheme - Money Market Fund
2015-12-15,119092,HDFC Money Market Fund - Growth Option - Direct Plan,3091.2349,HDFC Mutual Fund,Debt Scheme - Money Market Fund
2015-12-16,119092,HDFC Money Market Fund - Growth Option - Direct Plan,3091.8707,HDFC Mutual Fund,Debt Scheme - Money Market Fund
2015-12-17,119092,HDFC Money Market Fund - Growth Option - Direct Plan,3092.5023,HDFC Mutual Fund,Debt Scheme - Money Market Fund
2015-12-18,119092,HDFC Money Market Fund - Growth Option - Direct Plan,3093.1513,HDFC Mutual Fund,Debt Scheme - Money Market Fund
2015-12-20,119092,HDFC Money Market Fund - Growth Option - Direct Plan,3094.4618,HDFC Mutual Fund,Debt Scheme - Money Market Fund
2015-12-21,119092,HDFC Money Market Fund - Growth Option - Direct Plan,3095.1029,HDFC Mutual Fund,Debt Scheme - Money Market Fund
2015-12-22,119092,HDFC Money Market Fund - Growth Option - Direct Plan,3095.7407,HDFC Mutual Fund,Debt Scheme - Money Market Fund
2015-12-23,119092,HDFC Money Market Fund - Growth Option - Direct Plan,3096.3937,HDFC Mutual Fund,Debt Scheme - Money Market Fund
2015-12-27,119092,HDFC Money Market Fund - Growth Option - Direct Plan,3098.9965,HDFC Mutual Fund,Debt Scheme - Money Market Fund
2015-12-28,119092,HDFC Money Market Fund - Growth Option - Direct Plan,3099.6221,HDFC Mutual Fund,Debt Scheme - Money Market Fund
2015-12-29,119092,HDFC Money Market Fund - Growth Option - Direct Plan,3100.264,HDFC Mutual Fund,Debt Scheme - Money Market Fund
2015-12-30,119092,HDFC Money Market Fund - Growth Option - Direct Plan,3100.9072,HDFC Mutual Fund,Debt Scheme - Money Market Fund
2015-12-31,119092,HDFC Money Market Fund - Growth Option - Direct Plan,3101.6925,HDFC Mutual Fund,Debt Scheme - Money Market Fund
2016-01-01,119092,HDFC Money Market Fund - Growth Option - Direct Plan,3102.3838,HDFC Mutual Fund,Debt Scheme - Money Market Fund
2016-01-03,119092,HDFC Money Market Fund - Growth Option - Direct Plan,3103.5954,HDFC Mutual Fund,Debt Scheme - Money Market Fund
2016-01-04,119092,HDFC Money Market Fund - Growth Option - Direct Plan,3104.225,HDFC Mutual Fund,Debt Scheme - Money Market Fund
2016-01-05,119092,HDFC Money Market Fund - Growth Option - Direct Plan,3104.8751,HDFC Mutual Fund,Debt Scheme - Money Market Fund
2016-01-06,119092,HDFC Money Market Fund - Growth Option - Direct Plan,3105.5455,HDFC Mutual Fund,Debt Scheme - Money Market Fund
2016-01-07,119092,HDFC Money Market Fund - Growth Option - Direct Plan,3106.1847,HDFC Mutual Fund,Debt Scheme - Money Market Fund
2016-01-08,119092,HDFC Money Market Fund - Growth Option - Direct Plan,3106.8293,HDFC Mutual Fund,Debt Scheme - Money Market Fund
2016-01-10,119092,HDFC Money Market Fund - Growth Option - Direct Plan,3108.1152,HDFC Mutual Fund,Debt Scheme - Money Market Fund
2016-01-11,119092,HDFC Money Market Fund - Growth Option - Direct Plan,3108.7484,HDFC Mutual Fund,Debt Scheme - Money Market Fund
2016-01-12,119092,HDFC Money Market Fund - Growth Option - Direct Plan,3109.3768,HDFC Mutual Fund,Debt Scheme - Money Market Fund
2016-01-13,119092,HDFC Money Market Fund - Growth Option - Direct Plan,3110.017,HDFC Mutual Fund,Debt Scheme - Money Market Fund
2016-01-14,119092,HDFC Money Market Fund - Growth Option - Direct Plan,3110.6499,HDFC Mutual Fund,Debt Scheme - Money Market Fund
2016-01-15,119092,HDFC Money Market Fund - Growth Option - Direct Plan,3111.2911,HDFC Mutual Fund,Debt Scheme - Money Market Fund
2016-01-17,119092,HDFC Money Market Fund - Growth Option - Direct Plan,3112.5858,HDFC Mutual Fund,Debt Scheme - Money Market Fund
2016-01-18,119092,HDFC Money Market Fund - Growth Option - Direct Plan,3113.2147,HDFC Mutual Fund,Debt Scheme - Money Market Fund
2016-01-19,119092,HDFC Money Market Fund - Growth Option - Direct Plan,3113.8248,HDFC Mutual Fund,Debt Scheme - Money Market Fund
2016-01-20,119092,HDFC Money Market Fund - Growth Option - Direct Plan,3114.4613,HDFC Mutual Fund,Debt Scheme - Money Market Fund
2016-01-21,119092,HDFC Money Market Fund - Growth Option - Direct Plan,3115.0846,HDFC Mutual Fund,Debt Scheme - Money Market Fund
2016-01-22,119092,HDFC Money Market Fund - Growth Option - Direct Plan,3115.7175,HDFC Mutual Fund,Debt Scheme - Money Market Fund
2016-01-24,119092,HDFC Money Market Fund - Growth Option - Direct Plan,3116.9944,HDFC Mutual Fund,Debt Scheme - Money Market Fund
2016-01-25,119092,HDFC Money Market Fund - Growth Option - Direct Plan,3117.612,HDFC Mutual Fund,Debt Scheme - Money Market Fund
2016-01-26,119092,HDFC Money Market Fund - Growth Option - Direct Plan,3118.2575,HDFC Mutual Fund,Debt Scheme - Money Market Fund
2016-01-27,119092,HDFC Money Market Fund - Growth Option - Direct Plan,3118.8894,HDFC Mutual Fund,Debt Scheme - Money Market Fund
2016-01-28,119092,HDFC Money Market Fund - Growth Option - Direct Plan,3119.5284,HDFC Mutual Fund,Debt Scheme - Money Market Fund
2016-01-29,119092,HDFC Money Market Fund - Growth Option - Direct Plan,3120.1605,HDFC Mutual Fund,Debt Scheme - Money Market Fund
2016-01-31,119092,HDFC Money Market Fund - Growth Option - Direct Plan,3121.4624,HDFC Mutual Fund,Debt Scheme - Money Market Fund
2016-02-01,119092,HDFC Money Market Fund - Growth Option - Direct Plan,3122.1056,HDFC Mutual Fund,Debt Scheme - Money Market Fund
2016-02-02,119092,HDFC Money Market Fund - Growth Option - Direct Plan,3122.7447,HDFC Mutual Fund,Debt Scheme - Money Market Fund
2016-02-03,119092,HDFC Money Market Fund - Growth Option - Direct Plan,3123.3797,HDFC Mutual Fund,Debt Scheme - Money Market Fund
2016-02-04,119092,HDFC Money Market Fund - Growth Option - Direct Plan,3124.0179,HDFC Mutual Fund,Debt Scheme - Money Market Fund
2016-02-05,119092,HDFC Money Market Fund - Growth Option - Direct Plan,3124.6154,HDFC Mutual Fund,Debt Scheme - Money Market Fund
2016-02-07,119092,HDFC Money Market Fund - Growth Option - Direct Plan,3125.9741,HDFC Mutual Fund,Debt Scheme - Money Market Fund
2016-02-08,119092,HDFC Money Market Fund - Growth Option - Direct Plan,3126.6269,HDFC Mutual Fund,Debt Scheme - Money Market Fund
2016-02-09,119092,HDFC Money Market Fund - Growth Option - Direct Plan,3127.2983,HDFC Mutual Fund,Debt Scheme - Money Market Fund
2016-02-10,119092,HDFC Money Market Fund - Growth Option - Direct Plan,3127.9645,HDFC Mutual Fund,Debt Scheme - Money Market Fund
2016-02-11,119092,HDFC Money Market Fund - Growth Option - Direct Plan,3128.6196,HDFC Mutual Fund,Debt Scheme - Money Market Fund
2016-02-12,119092,HDFC Money Market Fund - Growth Option - Direct Plan,3129.2884,HDFC Mutual Fund,Debt Scheme - Money Market Fund
2016-02-14,119092,HDFC Money Market Fund - Growth Option - Direct Plan,3130.6152,HDFC Mutual Fund,Debt Scheme - Money Market Fund
2016-02-15,119092,HDFC Money Market Fund - Growth Option - Direct Plan,3131.2698,HDFC Mutual Fund,Debt Scheme - Money Market Fund
2016-02-16,119092,HDFC Money Market Fund - Growth Option - Direct Plan,3131.9276,HDFC Mutual Fund,Debt Scheme - Money Market Fund
2016-02-17,119092,HDFC Money Market Fund - Growth Option - Direct Plan,3132.5846,HDFC Mutual Fund,Debt Scheme - Money Market Fund
2016-02-18,119092,HDFC Money Market Fund - Growth Option - Direct Plan,3133.2112,HDFC Mutual Fund,Debt Scheme - Money Market Fund
2016-02-21,119092,HDFC Money Market Fund - Growth Option - Direct Plan,3135.2388,HDFC Mutual Fund,Debt Scheme - Money Market Fund
2016-02-22,119092,HDFC Money Market Fund - Growth Option - Direct Plan,3135.8917,HDFC Mutual Fund,Debt Scheme - Money Market Fund
2016-02-23,119092,HDFC Money Market Fund - Growth Option - Direct Plan,3136.5331,HDFC Mutual Fund,Debt Scheme - Money Market Fund
2016-02-24,119092,HDFC Money Market Fund - Growth Option - Direct Plan,3137.1609,HDFC Mutual Fund,Debt Scheme - Money Market Fund
2016-02-25,119092,HDFC Money Market Fund - Growth Option - Direct Plan,3137.7835,HDFC Mutual Fund,Debt Scheme - Money Market Fund
2016-02-26,119092,HDFC Money Market Fund - Growth Option - Direct Plan,3138.3921,HDFC Mutual Fund,Debt Scheme - Money Market Fund
2016-02-28,119092,HDFC Money Market Fund - Growth Option - Direct Plan,3139.7574,HDFC Mutual Fund,Debt Scheme - Money Market Fund
2016-02-29,119092,HDFC Money Market Fund - Growth Option - Direct Plan,3140.4691,HDFC Mutual Fund,Debt Scheme - Money Market Fund
2016-03-01,119092,HDFC Money Market Fund - Growth Option - Direct Plan,3141.1679,HDFC Mutual Fund,Debt Scheme - Money Market Fund
2016-03-02,119092,HDFC Money Market Fund - Growth Option - Direct Plan,3141.8721,HDFC Mutual Fund,Debt Scheme - Money Market Fund
2016-03-03,119092,HDFC Money Market Fund - Growth Option - Direct Plan,3142.5577,HDFC Mutual Fund,Debt Scheme - Money Market Fund
2016-03-04,119092,HDFC Money Market Fund - Growth Option - Direct Plan,3143.2208,HDFC Mutual Fund,Debt Scheme - Money Market Fund
2016-03-07,119092,HDFC Money Market Fund - Growth Option - Direct Plan,3145.2805,HDFC Mutual Fund,Debt Scheme - Money Market Fund
2016-03-08,119092,HDFC Money Market Fund - Growth Option - Direct Plan,3145.9221,HDFC Mutual Fund,Debt Scheme - Money Market Fund
2016-03-09,119092,HDFC Money Market Fund - Growth Option - Direct Plan,3146.6036,HDFC Mutual Fund,Debt Scheme - Money Market Fund
2016-03-10,119092,HDFC Money Market Fund - Growth Option - Direct Plan,3147.2584,HDFC Mutual Fund,Debt Scheme - Money Market Fund
2016-03-11,119092,HDFC Money Market Fund - Growth Option - Direct Plan,3147.9784,HDFC Mutual Fund,Debt Scheme - Money Market Fund
2016-03-13,119092,HDFC Money Market Fund - Growth Option - Direct Plan,3149.4017,HDFC Mutual Fund,Debt Scheme - Money Market Fund
2016-03-14,119092,HDFC Money Market Fund - Growth Option - Direct Plan,3150.2227,HDFC Mutual Fund,Debt Scheme - Money Market Fund
2016-03-15,119092,HDFC Money Market Fund - Growth Option - Direct Plan,3150.9635,HDFC Mutual Fund,Debt Scheme - Money Market Fund
2016-03-16,119092,HDFC Money Market Fund - Growth Option - Direct Plan,3151.6748,HDFC Mutual Fund,Debt Scheme - Money Market Fund
2016-03-17,119092,HDFC Money Market Fund - Growth Option - Direct Plan,3152.4093,HDFC Mutual Fund,Debt Scheme - Money Market Fund
2016-03-18,119092,HDFC Money Market Fund - Growth Option - Direct Plan,3153.1528,HDFC Mutual Fund,Debt Scheme - Money Market Fund
2016-03-20,119092,HDFC Money Market Fund - Growth Option - Direct Plan,3154.5758,HDFC Mutual Fund,Debt Scheme - Money Market Fund
2016-03-21,119092,HDFC Money Market Fund - Growth Option - Direct Plan,3155.2912,HDFC Mutual Fund,Debt Scheme - Money Market Fund
2016-03-22,119092,HDFC Money Market Fund - Growth Option - Direct Plan,3155.9923,HDFC Mutual Fund,Debt Scheme - Money Market Fund
2016-03-23,119092,HDFC Money Market Fund - Growth Option - Direct Plan,3156.4726,HDFC Mutual Fund,Debt Scheme - Money Market Fund
2016-03-27,119092,HDFC Money Market Fund - Growth Option - Direct Plan,3159.3598,HDFC Mutual Fund,Debt Scheme - Money Market Fund
2016-03-28,119092,HDFC Money Market Fund - Growth Option - Direct Plan,3159.9847,HDFC Mutual Fund,Debt Scheme - Money Market Fund
2016-03-29,119092,HDFC Money Market Fund - Growth Option - Direct Plan,3160.7439,HDFC Mutual Fund,Debt Scheme - Money Market Fund
2016-03-30,119092,HDFC Money Market Fund - Growth Option - Direct Plan,3161.7279,HDFC Mutual Fund,Debt Scheme - Money Market Fund
2016-03-31,119092,HDFC Money Market Fund - Growth Option - Direct Plan,3163.9749,HDFC Mutual Fund,Debt Scheme - Money Market Fund
2016-04-03,119092,HDFC Money Market Fund - Growth Option - Direct Plan,3166.6893,HDFC Mutual Fund,Debt Scheme - Money Market Fund
2016-04-04,119092,HDFC Money Market Fund - Growth Option - Direct Plan,3167.5146,HDFC Mutual Fund,Debt Scheme - Money Market Fund
2016-04-05,119092,HDFC Money Market Fund - Growth Option - Direct Plan,3168.3416,HDFC Mutual Fund,Debt Scheme - Money Market Fund
2016-04-06,119092,HDFC Money Market Fund - Growth Option - Direct Plan,3169.0079,HDFC Mutual Fund,Debt Scheme - Money Market Fund
2016-04-07,119092,HDFC Money Market Fund - Growth Option - Direct Plan,3169.7482,HDFC Mutual Fund,Debt Scheme - Money Market Fund
2016-04-10,119092,HDFC Money Market Fund - Growth Option - Direct Plan,3171.9299,HDFC Mutual Fund,Debt Scheme - Money Market Fund
2016-04-11,119092,HDFC Money Market Fund - Growth Option - Direct Plan,3172.6688,HDFC Mutual Fund,Debt Scheme - Money Market Fund
2016-04-12,119092,HDFC Money Market Fund - Growth Option - Direct Plan,3173.3481,HDFC Mutual Fund,Debt Scheme - Money Market Fund
2016-04-13,119092,HDFC Money Market Fund - Growth Option - Direct Plan,3174.0609,HDFC Mutual Fund,Debt Scheme - Money Market Fund
2016-04-17,119092,HDFC Money Market Fund - Growth Option - Direct Plan,3176.9229,HDFC Mutual Fund,Debt Scheme - Money Market Fund
2016-04-18,119092,HDFC Money Market Fund - Growth Option - Direct Plan,3177.6109,HDFC Mutual Fund,Debt Scheme - Money Market Fund
2016-04-19,119092,HDFC Money Market Fund - Growth Option - Direct Plan,3178.2989,HDFC Mutual Fund,Debt Scheme - Money Market Fund
2016-04-20,119092,HDFC Money Market Fund - Growth Option - Direct Plan,3178.9937,HDFC Mutual Fund,Debt Scheme - Money Market Fund
2016-04-21,119092,HDFC Money Market Fund - Growth Option - Direct Plan,3179.6725,HDFC Mutual Fund,Debt Scheme - Money Market Fund
2016-04-22,119092,HDFC Money Market Fund - Growth Option - Direct Plan,3180.3791,HDFC Mutual Fund,Debt Scheme - Money Market Fund
2016-04-24,119092,HDFC Money Market Fund - Growth Option - Direct Plan,3181.7971,HDFC Mutual Fund,Debt Scheme - Money Market Fund
2016-04-25,119092,HDFC Money Market Fund - Growth Option - Direct Plan,3182.4759,HDFC Mutual Fund,Debt Scheme - Money Market Fund
2016-04-26,119092,HDFC Money Market Fund - Growth Option - Direct Plan,3183.167,HDFC Mutual Fund,Debt Scheme - Money Market Fund
2016-04-27,119092,HDFC Money Market Fund - Growth Option - Direct Plan,3183.8524,HDFC Mutual Fund,Debt Scheme - Money Market Fund
2016-04-28,119092,HDFC Money Market Fund - Growth Option - Direct Plan,3184.5522,HDFC Mutual Fund,Debt Scheme - Money Market Fund
2016-04-29,119092,HDFC Money Market Fund - Growth Option - Direct Plan,3185.241,HDFC Mutual Fund,Debt Scheme - Money Market Fund
2016-05-01,119092,HDFC Money Market Fund - Growth Option - Direct Plan,3186.6296,HDFC Mutual Fund,Debt Scheme - Money Market Fund
2016-05-02,119092,HDFC Money Market Fund - Growth Option - Direct Plan,3187.328,HDFC Mutual Fund,Debt Scheme - Money Market Fund
2016-05-03,119092,HDFC Money Market Fund - Growth Option - Direct Plan,3188.0279,HDFC Mutual Fund,Debt Scheme - Money Market Fund
2016-05-04,119092,HDFC Money Market Fund - Growth Option - Direct Plan,3188.7163,HDFC Mutual Fund,Debt Scheme - Money Market Fund
2016-05-05,119092,HDFC Money Market Fund - Growth Option - Direct Plan,3189.4069,HDFC Mutual Fund,Debt Scheme - Money Market Fund
2016-05-06,119092,HDFC Money Market Fund - Growth Option - Direct Plan,3190.0927,HDFC Mutual Fund,Debt Scheme - Money Market Fund
2016-05-08,119092,HDFC Money Market Fund - Growth Option - Direct Plan,3191.5075,HDFC Mutual Fund,Debt Scheme - Money Market Fund
2016-05-09,119092,HDFC Money Market Fund - Growth Option - Direct Plan,3192.1855,HDFC Mutual Fund,Debt Scheme - Money Market Fund
2016-05-10,119092,HDFC Money Market Fund - Growth Option - Direct Plan,3192.864,HDFC Mutual Fund,Debt Scheme - Money Market Fund
2016-05-11,119092,HDFC Money Market Fund - Growth Option - Direct Plan,3193.5508,HDFC Mutual Fund,Debt Scheme - Money Market Fund
2016-05-12,119092,HDFC Money Market Fund - Growth Option - Direct Plan,3194.2406,HDFC Mutual Fund,Debt Scheme - Money Market Fund
2016-05-13,119092,HDFC Money Market Fund - Growth Option - Direct Plan,3194.928,HDFC Mutual Fund,Debt Scheme - Money Market Fund
2016-05-15,119092,HDFC Money Market Fund - Growth Option - Direct Plan,3196.3182,HDFC Mutual Fund,Debt Scheme - Money Market Fund
2016-05-16,119092,HDFC Money Market Fund - Growth Option - Direct Plan,3197.0099,HDFC Mutual Fund,Debt Scheme - Money Market Fund
2016-05-17,119092,HDFC Money Market Fund - Growth Option - Direct Plan,3197.6936,HDFC Mutual Fund,Debt Scheme - Money Market Fund
2016-05-18,119092,HDFC Money Market Fund - Growth Option - Direct Plan,3198.4011,HDFC Mutual Fund,Debt Scheme - Money Market Fund
2016-05-19,119092,HDFC Money Market Fund - Growth Option - Direct Plan,3199.0833,HDFC Mutual Fund,Debt Scheme - Money Market Fund
2016-05-20,119092,HDFC Money Market Fund - Growth Option - Direct Plan,3199.7975,HDFC Mutual Fund,Debt Scheme - Money Market Fund
2016-05-22,119092,HDFC Money Market Fund - Growth Option - Direct Plan,3201.1418,HDFC Mutual Fund,Debt Scheme - Money Market Fund
2016-05-23,119092,HDFC Money Market Fund - Growth Option - Direct Plan,3201.822,HDFC Mutual Fund,Debt Scheme - Money Market Fund
2016-05-24,119092,HDFC Money Market Fund - Growth Option - Direct Plan,3202.4885,HDFC Mutual Fund,Debt Scheme - Money Market Fund
2016-05-25,119092,HDFC Money Market Fund - Growth Option - Direct Plan,3203.1676,HDFC Mutual Fund,Debt Scheme - Money Market Fund
2016-05-26,119092,HDFC Money Market Fund - Growth Option - Direct Plan,3203.8147,HDFC Mutual Fund,Debt Scheme - Money Market Fund
2016-05-27,119092,HDFC Money Market Fund - Growth Option - Direct Plan,3204.4825,HDFC Mutual Fund,Debt Scheme - Money Market Fund
2016-05-29,119092,HDFC Money Market Fund - Growth Option - Direct Plan,3205.8183,HDFC Mutual Fund,Debt Scheme - Money Market Fund
2016-05-30,119092,HDFC Money Market Fund - Growth Option - Direct Plan,3206.47,HDFC Mutual Fund,Debt Scheme - Money Market Fund
2016-05-31,119092,HDFC Money Market Fund - Growth Option - Direct Plan,3207.1892,HDFC Mutual Fund,Debt Scheme - Money Market Fund
2016-06-01,119092,HDFC Money Market Fund - Growth Option - Direct Plan,3207.8852,HDFC Mutual Fund,Debt Scheme - Money Market Fund
2016-06-02,119092,HDFC Money Market Fund - Growth Option - Direct Plan,3208.578,HDFC Mutual Fund,Debt Scheme - Money Market Fund
2016-06-03,119092,HDFC Money Market Fund - Growth Option - Direct Plan,3209.248,HDFC Mutual Fund,Debt Scheme - Money Market Fund
2016-06-05,119092,HDFC Money Market Fund - Growth Option - Direct Plan,3210.5478,HDFC Mutual Fund,Debt Scheme - Money Market Fund
2016-06-06,119092,HDFC Money Market Fund - Growth Option - Direct Plan,3211.27,HDFC Mutual Fund,Debt Scheme - Money Market Fund
2016-06-07,119092,HDFC Money Market Fund - Growth Option - Direct Plan,3211.9477,HDFC Mutual Fund,Debt Scheme - Money Market Fund
2016-06-08,119092,HDFC Money Market Fund - Growth Option - Direct Plan,3212.6384,HDFC Mutual Fund,Debt Scheme - Money Market Fund
2016-06-09,119092,HDFC Money Market Fund - Growth Option - Direct Plan,3213.2888,HDFC Mutual Fund,Debt Scheme - Money Market Fund
2016-06-10,119092,HDFC Money Market Fund - Growth Option - Direct Plan,3213.9764,HDFC Mutual Fund,Debt Scheme - Money Market Fund
2016-06-12,119092,HDFC Money Market Fund - Growth Option - Direct Plan,3215.3314,HDFC Mutual Fund,Debt Scheme - Money Market Fund
2016-06-13,119092,HDFC Money Market Fund - Growth Option - Direct Plan,3216.0085,HDFC Mutual Fund,Debt Scheme - Money Market Fund
2016-06-14,119092,HDFC Money Market Fund - Growth Option - Direct Plan,3216.6962,HDFC Mutual Fund,Debt Scheme - Money Market Fund
2016-06-15,119092,HDFC Money Market Fund - Growth Option - Direct Plan,3217.3867,HDFC Mutual Fund,Debt Scheme - Money Market Fund
2016-06-16,119092,HDFC Money Market Fund - Growth Option - Direct Plan,3218.0488,HDFC Mutual Fund,Debt Scheme - Money Market Fund
2016-06-17,119092,HDFC Money Market Fund - Growth Option - Direct Plan,3218.6867,HDFC Mutual Fund,Debt Scheme - Money Market Fund
2016-06-19,119092,HDFC Money Market Fund - Growth Option - Direct Plan,3220.0235,HDFC Mutual Fund,Debt Scheme - Money Market Fund
2016-06-20,119092,HDFC Money Market Fund - Growth Option - Direct Plan,3220.6629,HDFC Mutual Fund,Debt Scheme - Money Market Fund
2016-06-21,119092,HDFC Money Market Fund - Growth Option - Direct Plan,3221.3228,HDFC Mutual Fund,Debt Scheme - Money Market Fund
2016-06-22,119092,HDFC Money Market Fund - Growth Option - Direct Plan,3221.9762,HDFC Mutual Fund,Debt Scheme - Money Market Fund
2016-06-23,119092,HDFC Money Market Fund - Growth Option - Direct Plan,3222.6357,HDFC Mutual Fund,Debt Scheme - Money Market Fund
2016-06-24,119092,HDFC Money Market Fund - Growth Option - Direct Plan,3223.2605,HDFC Mutual Fund,Debt Scheme - Money Market Fund
2016-06-26,119092,HDFC Money Market Fund - Growth Option - Direct Plan,3224.6494,HDFC Mutual Fund,Debt Scheme - Money Market Fund
2016-06-27,119092,HDFC Money Market Fund - Growth Option - Direct Plan,3225.3149,HDFC Mutual Fund,Debt Scheme - Money Market Fund
2016-06-28,119092,HDFC Money Market Fund - Growth Option - Direct Plan,3225.9881,HDFC Mutual Fund,Debt Scheme - Money Market Fund
2016-06-29,119092,HDFC Money Market Fund - Growth Option - Direct Plan,3226.6535,HDFC Mutual Fund,Debt Scheme - Money Market Fund
2016-06-30,119092,HDFC Money Market Fund - Growth Option - Direct Plan,3227.4877,HDFC Mutual Fund,Debt Scheme - Money Market Fund
2016-07-01,119092,HDFC Money Market Fund - Growth Option - Direct Plan,3228.2491,HDFC Mutual Fund,Debt Scheme - Money Market Fund
2016-07-03,119092,HDFC Money Market Fund - Growth Option - Direct Plan,3229.5843,HDFC Mutual Fund,Debt Scheme - Money Market Fund
2016-07-04,119092,HDFC Money Market Fund - Growth Option - Direct Plan,3230.2398,HDFC Mutual Fund,Debt Scheme - Money Market Fund
2016-07-05,119092,HDFC Money Market Fund - Growth Option - Direct Plan,3230.9013,HDFC Mutual Fund,Debt Scheme - Money Market Fund
2016-07-06,119092,HDFC Money Market Fund - Growth Option - Direct Plan,3231.5512,HDFC Mutual Fund,Debt Scheme - Money Market Fund
2016-07-07,119092,HDFC Money Market Fund - Growth Option - Direct Plan,3232.2341,HDFC Mutual Fund,Debt Scheme - Money Market Fund
2016-07-08,119092,HDFC Money Market Fund - Growth Option - Direct Plan,3232.8805,HDFC Mutual Fund,Debt Scheme - Money Market Fund
2016-07-10,119092,HDFC Money Market Fund - Growth Option - Direct Plan,3234.1729,HDFC Mutual Fund,Debt Scheme - Money Market Fund
2016-07-11,119092,HDFC Money Market Fund - Growth Option - Direct Plan,3234.8239,HDFC Mutual Fund,Debt Scheme - Money Market Fund
2016-07-12,119092,HDFC Money Market Fund - Growth Option - Direct Plan,3235.4789,HDFC Mutual Fund,Debt Scheme - Money Market Fund
2016-07-13,119092,HDFC Money Market Fund - Growth Option - Direct Plan,3236.1354,HDFC Mutual Fund,Debt Scheme - Money Market Fund
2016-07-14,119092,HDFC Money Market Fund - Growth Option - Direct Plan,3236.8338,HDFC Mutual Fund,Debt Scheme - Money Market Fund
2016-07-15,119092,HDFC Money Market Fund - Growth Option - Direct Plan,3237.4948,HDFC Mutual Fund,Debt Scheme - Money Market Fund
2016-07-17,119092,HDFC Money Market Fund - Growth Option - Direct Plan,3238.7807,HDFC Mutual Fund,Debt Scheme - Money Market Fund
2016-07-18,119092,HDFC Money Market Fund - Growth Option - Direct Plan,3239.418,HDFC Mutual Fund,Debt Scheme - Money Market Fund
2016-07-19,119092,HDFC Money Market Fund - Growth Option - Direct Plan,3240.0509,HDFC Mutual Fund,Debt Scheme - Money Market Fund
2016-07-20,119092,HDFC Money Market Fund - Growth Option - Direct Plan,3240.6932,HDFC Mutual Fund,Debt Scheme - Money Market Fund
2016-07-21,119092,HDFC Money Market Fund - Growth Option - Direct Plan,3241.3324,HDFC Mutual Fund,Debt Scheme - Money Market Fund
2016-07-22,119092,HDFC Money Market Fund - Growth Option - Direct Plan,3241.9722,HDFC Mutual Fund,Debt Scheme - Money Market Fund
2016-07-24,119092,HDFC Money Market Fund - Growth Option - Direct Plan,3243.2429,HDFC Mutual Fund,Debt Scheme - Money Market Fund
2016-07-25,119092,HDFC Money Market Fund - Growth Option - Direct Plan,3243.8699,HDFC Mutual Fund,Debt Scheme - Money Market Fund
2016-07-26,119092,HDFC Money Market Fund - Growth Option - Direct Plan,3244.5138,HDFC Mutual Fund,Debt Scheme - Money Market Fund
2016-07-27,119092,HDFC Money Market Fund - Growth Option - Direct Plan,3245.1498,HDFC Mutual Fund,Debt Scheme - Money Market Fund
2016-07-28,119092,HDFC Money Market Fund - Growth Option - Direct Plan,3245.7931,HDFC Mutual Fund,Debt Scheme - Money Market Fund
2016-07-29,119092,HDFC Money Market Fund - Growth Option - Direct Plan,3246.4186,HDFC Mutual Fund,Debt Scheme - Money Market Fund
2016-07-31,119092,HDFC Money Market Fund - Growth Option - Direct Plan,3247.6269,HDFC Mutual Fund,Debt Scheme - Money Market Fund
2016-08-01,119092,HDFC Money Market Fund - Growth Option - Direct Plan,3248.2477,HDFC Mutual Fund,Debt Scheme - Money Market Fund
2016-08-02,119092,HDFC Money Market Fund - Growth Option - Direct Plan,3248.8641,HDFC Mutual Fund,Debt Scheme - Money Market Fund
2016-08-03,119092,HDFC Money Market Fund - Growth Option - Direct Plan,3249.5571,HDFC Mutual Fund,Debt Scheme - Money Market Fund
2016-08-04,119092,HDFC Money Market Fund - Growth Option - Direct Plan,3250.169,HDFC Mutual Fund,Debt Scheme - Money Market Fund
2016-08-05,119092,HDFC Money Market Fund - Growth Option - Direct Plan,3250.7934,HDFC Mutual Fund,Debt Scheme - Money Market Fund
2016-08-07,119092,HDFC Money Market Fund - Growth Option - Direct Plan,3252.0719,HDFC Mutual Fund,Debt Scheme - Money Market Fund
2016-08-08,119092,HDFC Money Market Fund - Growth Option - Direct Plan,3252.7127,HDFC Mutual Fund,Debt Scheme - Money Market Fund
2016-08-09,119092,HDFC Money Market Fund - Growth Option - Direct Plan,3253.3384,HDFC Mutual Fund,Debt Scheme - Money Market Fund
2016-08-10,119092,HDFC Money Market Fund - Growth Option - Direct Plan,3253.9374,HDFC Mutual Fund,Debt Scheme - Money Market Fund
2016-08-11,119092,HDFC Money Market Fund - Growth Option - Direct Plan,3254.5885,HDFC Mutual Fund,Debt Scheme - Money Market Fund
2016-08-12,119092,HDFC Money Market Fund - Growth Option - Direct Plan,3255.189,HDFC Mutual Fund,Debt Scheme - Money Market Fund
2016-08-15,119092,HDFC Money Market Fund - Growth Option - Direct Plan,3257.1109,HDFC Mutual Fund,Debt Scheme - Money Market Fund
2016-08-16,119092,HDFC Money Market Fund - Growth Option - Direct Plan,3257.7361,HDFC Mutual Fund,Debt Scheme - Money Market Fund
2016-08-17,119092,HDFC Money Market Fund - Growth Option - Direct Plan,3258.3493,HDFC Mutual Fund,Debt Scheme - Money Market Fund
2016-08-18,119092,HDFC Money Market Fund - Growth Option - Direct Plan,3258.9676,HDFC Mutual Fund,Debt Scheme - Money Market Fund
2016-08-19,119092,HDFC Money Market Fund - Growth Option - Direct Plan,3259.5958,HDFC Mutual Fund,Debt Scheme - Money Market Fund
2016-08-21,119092,HDFC Money Market Fund - Growth Option - Direct Plan,3260.8526,HDFC Mutual Fund,Debt Scheme - Money Market Fund
2016-08-22,119092,HDFC Money Market Fund - Growth Option - Direct Plan,3261.4735,HDFC Mutual Fund,Debt Scheme - Money Market Fund
2016-08-23,119092,HDFC Money Market Fund - Growth Option - Direct Plan,3262.0914,HDFC Mutual Fund,Debt Scheme - Money Market Fund
2016-08-24,119092,HDFC Money Market Fund - Growth Option - Direct Plan,3262.7101,HDFC Mutual Fund,Debt Scheme - Money Market Fund
2016-08-25,119092,HDFC Money Market Fund - Growth Option - Direct Plan,3263.3265,HDFC Mutual Fund,Debt Scheme - Money Market Fund
2016-08-26,119092,HDFC Money Market Fund - Growth Option - Direct Plan,3263.9616,HDFC Mutual Fund,Debt Scheme - Money Market Fund
2016-08-28,119092,HDFC Money Market Fund - Growth Option - Direct Plan,3265.1935,HDFC Mutual Fund,Debt Scheme - Money Market Fund
2016-08-29,119092,HDFC Money Market Fund - Growth Option - Direct Plan,3265.8052,HDFC Mutual Fund,Debt Scheme - Money Market Fund
2016-08-30,119092,HDFC Money Market Fund - Growth Option - Direct Plan,3266.3862,HDFC Mutual Fund,Debt Scheme - Money Market Fund
2016-08-31,119092,HDFC Money Market Fund - Growth Option - Direct Plan,3267.016,HDFC Mutual Fund,Debt Scheme - Money Market Fund
2016-09-01,119092,HDFC Money Market Fund - Growth Option - Direct Plan,3267.6127,HDFC Mutual Fund,Debt Scheme - Money Market Fund
2016-09-02,119092,HDFC Money Market Fund - Growth Option - Direct Plan,3268.2219,HDFC Mutual Fund,Debt Scheme - Money Market Fund
2016-09-05,119092,HDFC Money Market Fund - Growth Option - Direct Plan,3270.1044,HDFC Mutual Fund,Debt Scheme - Money Market Fund
2016-09-06,119092,HDFC Money Market Fund - Growth Option - Direct Plan,3270.7148,HDFC Mutual Fund,Debt Scheme - Money Market Fund
2016-09-07,119092,HDFC Money Market Fund - Growth Option - Direct Plan,3271.3271,HDFC Mutual Fund,Debt Scheme - Money Market Fund
2016-09-08,119092,HDFC Money Market Fund - Growth Option - Direct Plan,3271.9333,HDFC Mutual Fund,Debt Scheme - Money Market Fund
2016-09-09,119092,HDFC Money Market Fund - Growth Option - Direct Plan,3272.5127,HDFC Mutual Fund,Debt Scheme - Money Market Fund
2016-09-11,119092,HDFC Money Market Fund - Growth Option - Direct Plan,3273.7481,HDFC Mutual Fund,Debt Scheme - Money Market Fund
2016-09-12,119092,HDFC Money Market Fund - Growth Option - Direct Plan,3274.3642,HDFC Mutual Fund,Debt Scheme - Money Market Fund
2016-09-13,119092,HDFC Money Market Fund - Growth Option - Direct Plan,3274.9709,HDFC Mutual Fund,Debt Scheme - Money Market Fund
2016-09-14,119092,HDFC Money Market Fund - Growth Option - Direct Plan,3275.5936,HDFC Mutual Fund,Debt Scheme - Money Market Fund
2016-09-15,119092,HDFC Money Market Fund - Growth Option - Direct Plan,3276.2065,HDFC Mutual Fund,Debt Scheme - Money Market Fund
2016-09-16,119092,HDFC Money Market Fund - Growth Option - Direct Plan,3276.801,HDFC Mutual Fund,Debt Scheme - Money Market Fund
2016-09-18,119092,HDFC Money Market Fund - Growth Option - Direct Plan,3278.0521,HDFC Mutual Fund,Debt Scheme - Money Market Fund
2016-09-19,119092,HDFC Money Market Fund - Growth Option - Direct Plan,3278.663,HDFC Mutual Fund,Debt Scheme - Money Market Fund
2016-09-20,119092,HDFC Money Market Fund - Growth Option - Direct Plan,3279.2752,HDFC Mutual Fund,Debt Scheme - Money Market Fund
2016-09-21,119092,HDFC Money Market Fund - Growth Option - Direct Plan,3279.876,HDFC Mutual Fund,Debt Scheme - Money Market Fund
2016-09-22,119092,HDFC Money Market Fund - Growth Option - Direct Plan,3280.4814,HDFC Mutual Fund,Debt Scheme - Money Market Fund
2016-09-23,119092,HDFC Money Market Fund - Growth Option - Direct Plan,3281.1054,HDFC Mutual Fund,Debt Scheme - Money Market Fund
2016-09-25,119092,HDFC Money Market Fund - Growth Option - Direct Plan,3282.3437,HDFC Mutual Fund,Debt Scheme - Money Market Fund
2016-09-26,119092,HDFC Money Market Fund - Growth Option - Direct Plan,3282.9408,HDFC Mutual Fund,Debt Scheme - Money Market Fund
2016-09-27,119092,HDFC Money Market Fund - Growth Option - Direct Plan,3283.5518,HDFC Mutual Fund,Debt Scheme - Money Market Fund
2016-09-28,119092,HDFC Money Market Fund - Growth Option - Direct Plan,3284.1669,HDFC Mutual Fund,Debt Scheme - Money Market Fund
2016-09-29,119092,HDFC Money Market Fund - Growth Option - Direct Plan,3284.7643,HDFC Mutual Fund,Debt Scheme - Money Market Fund
2016-09-30,119092,HDFC Money Market Fund - Growth Option - Direct Plan,3285.5718,HDFC Mutual Fund,Debt Scheme - Money Market Fund
2016-10-02,119092,HDFC Money Market Fund - Growth Option - Direct Plan,3286.984,HDFC Mutual Fund,Debt Scheme - Money Market Fund
2016-10-03,119092,HDFC Money Market Fund - Growth Option - Direct Plan,3287.5974,HDFC Mutual Fund,Debt Scheme - Money Market Fund
2016-10-04,119092,HDFC Money Market Fund - Growth Option - Direct Plan,3288.2173,HDFC Mutual Fund,Debt Scheme - Money Market Fund
2016-10-05,119092,HDFC Money Market Fund - Growth Option - Direct Plan,3288.8341,HDFC Mutual Fund,Debt Scheme - Money Market Fund
2016-10-06,119092,HDFC Money Market Fund - Growth Option - Direct Plan,3289.4548,HDFC Mutual Fund,Debt Scheme - Money Market Fund
2016-10-07,119092,HDFC Money Market Fund - Growth Option - Direct Plan,3290.0718,HDFC Mutual Fund,Debt Scheme - Money Market Fund
2016-10-09,119092,HDFC Money Market Fund - Growth Option - Direct Plan,3291.3016,HDFC Mutual Fund,Debt Scheme - Money Market Fund
2016-10-10,119092,HDFC Money Market Fund - Growth Option - Direct Plan,3291.8892,HDFC Mutual Fund,Debt Scheme - Money Market Fund
2016-10-12,119092,HDFC Money Market Fund - Growth Option - Direct Plan,3293.0718,HDFC Mutual Fund,Debt Scheme - Money Market Fund
2016-10-13,119092,HDFC Money Market Fund - Growth Option - Direct Plan,3293.6862,HDFC Mutual Fund,Debt Scheme - Money Market Fund
2016-10-14,119092,HDFC Money Market Fund - Growth Option - Direct Plan,3294.2376,HDFC Mutual Fund,Debt Scheme - Money Market Fund
2016-10-16,119092,HDFC Money Market Fund - Growth Option - Direct Plan,3295.5288,HDFC Mutual Fund,Debt Scheme - Money Market Fund
2016-10-17,119092,HDFC Money Market Fund - Growth Option - Direct Plan,3296.1379,HDFC Mutual Fund,Debt Scheme - Money Market Fund
2016-10-18,119092,HDFC Money Market Fund - Growth Option - Direct Plan,3296.7442,HDFC Mutual Fund,Debt Scheme - Money Market Fund
2016-10-19,119092,HDFC Money Market Fund - Growth Option - Direct Plan,3297.3496,HDFC Mutual Fund,Debt Scheme - Money Market Fund
2016-10-20,119092,HDFC Money Market Fund - Growth Option - Direct Plan,3297.9555,HDFC Mutual Fund,Debt Scheme - Money Market Fund
2016-10-21,119092,HDFC Money Market Fund - Growth Option - Direct Plan,3298.5155,HDFC Mutual Fund,Debt Scheme - Money Market Fund
2016-10-23,119092,HDFC Money Market Fund - Growth Option - Direct Plan,3299.7659,HDFC Mutual Fund,Debt Scheme - Money Market Fund
2016-10-24,119092,HDFC Money Market Fund - Growth Option - Direct Plan,3300.377,HDFC Mutual Fund,Debt Scheme - Money Market Fund
2016-10-25,119092,HDFC Money Market Fund - Growth Option - Direct Plan,3300.9863,HDFC Mutual Fund,Debt Scheme - Money Market Fund
2016-10-26,119092,HDFC Money Market Fund - Growth Option - Direct Plan,3301.5958,HDFC Mutual Fund,Debt Scheme - Money Market Fund
2016-10-27,119092,HDFC Money Market Fund - Growth Option - Direct Plan,3302.2025,HDFC Mutual Fund,Debt Scheme - Money Market Fund
2016-10-28,119092,HDFC Money Market Fund - Growth Option - Direct Plan,3302.8225,HDFC Mutual Fund,Debt Scheme - Money Market Fund
2016-10-31,119092,HDFC Money Market Fund - Growth Option - Direct Plan,3304.6573,HDFC Mutual Fund,Debt Scheme - Money Market Fund
2016-11-01,119092,HDFC Money Market Fund - Growth Option - Direct Plan,3305.2766,HDFC Mutual Fund,Debt Scheme - Money Market Fund
2016-11-02,119092,HDFC Money Market Fund - Growth Option - Direct Plan,3305.8902,HDFC Mutual Fund,Debt Scheme - Money Market Fund
2016-11-03,119092,HDFC Money Market Fund - Growth Option - Direct Plan,3306.5054,HDFC Mutual Fund,Debt Scheme - Money Market Fund
2016-11-04,119092,HDFC Money Market Fund - Growth Option - Direct Plan,3307.1195,HDFC Mutual Fund,Debt Scheme - Money Market Fund
2016-11-06,119092,HDFC Money Market Fund - Growth Option - Direct Plan,3308.346,HDFC Mutual Fund,Debt Scheme - Money Market Fund
2016-11-07,119092,HDFC Money Market Fund - Growth Option - Direct Plan,3308.9568,HDFC Mutual Fund,Debt Scheme - Money Market Fund
2016-11-08,119092,HDFC Money Market Fund - Growth Option - Direct Plan,3309.568,HDFC Mutual Fund,Debt Scheme - Money Market Fund
2016-11-09,119092,HDFC Money Market Fund - Growth Option - Direct Plan,3310.1841,HDFC Mutual Fund,Debt Scheme - Money Market Fund
2016-11-10,119092,HDFC Money Market Fund - Growth Option - Direct Plan,3310.7985,HDFC Mutual Fund,Debt Scheme - Money Market Fund
2016-11-11,119092,HDFC Money Market Fund - Growth Option - Direct Plan,3311.4206,HDFC Mutual Fund,Debt Scheme - Money Market Fund
2016-11-14,119092,HDFC Money Market Fund - Growth Option - Direct Plan,3313.2632,HDFC Mutual Fund,Debt Scheme - Money Market Fund
2016-11-15,119092,HDFC Money Market Fund - Growth Option - Direct Plan,3313.9608,HDFC Mutual Fund,Debt Scheme - Money Market Fund
2016-11-16,119092,HDFC Money Market Fund - Growth Option - Direct Plan,3314.6059,HDFC Mutual Fund,Debt Scheme - Money Market Fund
2016-11-17,119092,HDFC Money Market Fund - Growth Option - Direct Plan,3315.2236,HDFC Mutual Fund,Debt Scheme - Money Market Fund
2016-11-18,119092,HDFC Money Market Fund - Growth Option - Direct Plan,3315.833,HDFC Mutual Fund,Debt Scheme - Money Market Fund
2016-11-20,119092,HDFC Money Market Fund - Growth Option - Direct Plan,3317.0768,HDFC Mutual Fund,Debt Scheme - Money Market Fund
2016-11-21,119092,HDFC Money Market Fund - Growth Option - Direct Plan,3317.7077,HDFC Mutual Fund,Debt Scheme - Money Market Fund
2016-11-22,119092,HDFC Money Market Fund - Growth Option - Direct Plan,3318.3199,HDFC Mutual Fund,Debt Scheme - Money Market Fund
2016-11-23,119092,HDFC Money Market Fund - Growth Option - Direct Plan,3318.9476,HDFC Mutual Fund,Debt Scheme - Money Market Fund
2016-11-24,119092,HDFC Money Market Fund - Growth Option - Direct Plan,3319.7674,HDFC Mutual Fund,Debt Scheme - Money Market Fund
2016-11-25,119092,HDFC Money Market Fund - Growth Option - Direct Plan,3320.2845,HDFC Mutual Fund,Debt Scheme - Money Market Fund
2016-11-27,119092,HDFC Money Market Fund - Growth Option - Direct Plan,3321.4727,HDFC Mutual Fund,Debt Scheme - Money Market Fund
2016-11-28,119092,HDFC Money Market Fund - Growth Option - Direct Plan,3321.9533,HDFC Mutual Fund,Debt Scheme - Money Market Fund
2016-11-29,119092,HDFC Money Market Fund - Growth Option - Direct Plan,3322.5491,HDFC Mutual Fund,Debt Scheme - Money Market Fund
2016-11-30,119092,HDFC Money Market Fund - Growth Option - Direct Plan,3323.183,HDFC Mutual Fund,Debt Scheme - Money Market Fund
2016-12-01,119092,HDFC Money Market Fund - Growth Option - Direct Plan,3323.7685,HDFC Mutual Fund,Debt Scheme - Money Market Fund
2016-12-02,119092,HDFC Money Market Fund - Growth Option - Direct Plan,3324.091,HDFC Mutual Fund,Debt Scheme - Money Market Fund
2016-12-04,119092,HDFC Money Market Fund - Growth Option - Direct Plan,3325.3068,HDFC Mutual Fund,Debt Scheme - Money Market Fund
2016-12-05,119092,HDFC Money Market Fund - Growth Option - Direct Plan,3325.9363,HDFC Mutual Fund,Debt Scheme - Money Market Fund
2016-12-06,119092,HDFC Money Market Fund - Growth Option - Direct Plan,3326.5241,HDFC Mutual Fund,Debt Scheme - Money Market Fund
2016-12-07,119092,HDFC Money Market Fund - Growth Option - Direct Plan,3326.6282,HDFC Mutual Fund,Debt Scheme - Money Market Fund
2016-12-08,119092,HDFC Money Market Fund - Growth Option - Direct Plan,3327.206,HDFC Mutual Fund,Debt Scheme - Money Market Fund
2016-12-09,119092,HDFC Money Market Fund - Growth Option - Direct Plan,3327.8721,HDFC Mutual Fund,Debt Scheme - Money Market Fund
2016-12-12,119092,HDFC Money Market Fund - Growth Option - Direct Plan,3329.6099,HDFC Mutual Fund,Debt Scheme - Money Market Fund
2016-12-13,119092,HDFC Money Market Fund - Growth Option - Direct Plan,3330.2177,HDFC Mutual Fund,Debt Scheme - Money Market Fund
2016-12-14,119092,HDFC Money Market Fund - Growth Option - Direct Plan,3330.8499,HDFC Mutual Fund,Debt Scheme - Money Market Fund
2016-12-15,119092,HDFC Money Market Fund - Growth Option - Direct Plan,3331.4481,HDFC Mutual Fund,Debt Scheme - Money Market Fund
2016-12-16,119092,HDFC Money Market Fund - Growth Option - Direct Plan,3331.9311,HDFC Mutual Fund,Debt Scheme - Money Market Fund
2016-12-18,119092,HDFC Money Market Fund - Growth Option - Direct Plan,3333.202,HDFC Mutual Fund,Debt Scheme - Money Market Fund
2016-12-19,119092,HDFC Money Market Fund - Growth Option - Direct Plan,3333.7658,HDFC Mutual Fund,Debt Scheme - Money Market Fund
2016-12-20,119092,HDFC Money Market Fund - Growth Option - Direct Plan,3334.3649,HDFC Mutual Fund,Debt Scheme - Money Market Fund
2016-12-21,119092,HDFC Money Market Fund - Growth Option - Direct Plan,3334.9395,HDFC Mutual Fund,Debt Scheme - Money Market Fund
2016-12-22,119092,HDFC Money Market Fund - Growth Option - Direct Plan,3335.4822,HDFC Mutual Fund,Debt Scheme - Money Market Fund
2016-12-23,119092,HDFC Money Market Fund - Growth Option - Direct Plan,3335.9415,HDFC Mutual Fund,Debt Scheme - Money Market Fund
2016-12-25,119092,HDFC Money Market Fund - Growth Option - Direct Plan,3337.3036,HDFC Mutual Fund,Debt Scheme - Money Market Fund
2016-12-26,119092,HDFC Money Market Fund - Growth Option - Direct Plan,3337.8844,HDFC Mutual Fund,Debt Scheme - Money Market Fund
2016-12-27,119092,HDFC Money Market Fund - Growth Option - Direct Plan,3338.4742,HDFC Mutual Fund,Debt Scheme - Money Market Fund
2016-12-28,119092,HDFC Money Market Fund - Growth Option - Direct Plan,3339.1087,HDFC Mutual Fund,Debt Scheme - Money Market Fund
2016-12-29,119092,HDFC Money Market Fund - Growth Option - Direct Plan,3339.7057,HDFC Mutual Fund,Debt Scheme - Money Market Fund
2016-12-30,119092,HDFC Money Market Fund - Growth Option - Direct Plan,3340.3831,HDFC Mutual Fund,Debt Scheme - Money Market Fund
2017-01-01,119092,HDFC Money Market Fund - Growth Option - Direct Plan,3341.6261,HDFC Mutual Fund,Debt Scheme - Money Market Fund
2017-01-02,119092,HDFC Money Market Fund - Growth Option - Direct Plan,3342.2468,HDFC Mutual Fund,Debt Scheme - Money Market Fund
2017-01-03,119092,HDFC Money Market Fund - Growth Option - Direct Plan,3342.8581,HDFC Mutual Fund,Debt Scheme - Money Market Fund
2017-01-04,119092,HDFC Money Market Fund - Growth Option - Direct Plan,3343.4504,HDFC Mutual Fund,Debt Scheme - Money Market Fund
2017-01-05,119092,HDFC Money Market Fund - Growth Option - Direct Plan,3344.0332,HDFC Mutual Fund,Debt Scheme - Money Market Fund
2017-01-06,119092,HDFC Money Market Fund - Growth Option - Direct Plan,3344.6377,HDFC Mutual Fund,Debt Scheme - Money Market Fund
2017-01-08,119092,HDFC Money Market Fund - Growth Option - Direct Plan,3345.8006,HDFC Mutual Fund,Debt Scheme - Money Market Fund
2017-01-09,119092,HDFC Money Market Fund - Growth Option - Direct Plan,3346.3857,HDFC Mutual Fund,Debt Scheme - Money Market Fund
2017-01-10,119092,HDFC Money Market Fund - Growth Option - Direct Plan,3346.9752,HDFC Mutual Fund,Debt Scheme - Money Market Fund
2017-01-11,119092,HDFC Money Market Fund - Growth Option - Direct Plan,3347.5491,HDFC Mutual Fund,Debt Scheme - Money Market Fund
2017-01-12,119092,HDFC Money Market Fund - Growth Option - Direct Plan,3348.1344,HDFC Mutual Fund,Debt Scheme - Money Market Fund
2017-01-13,119092,HDFC Money Market Fund - Growth Option - Direct Plan,3348.7321,HDFC Mutual Fund,Debt Scheme - Money Market Fund
2017-01-15,119092,HDFC Money Market Fund - Growth Option - Direct Plan,3349.9292,HDFC Mutual Fund,Debt Scheme - Money Market Fund
2017-01-16,119092,HDFC Money Market Fund - Growth Option - Direct Plan,3350.5195,HDFC Mutual Fund,Debt Scheme - Money Market Fund
2017-01-17,119092,HDFC Money Market Fund - Growth Option - Direct Plan,3351.1052,HDFC Mutual Fund,Debt Scheme - Money Market Fund
2017-01-18,119092,HDFC Money Market Fund - Growth Option - Direct Plan,3351.7146,HDFC Mutual Fund,Debt Scheme - Money Market Fund
2017-01-19,119092,HDFC Money Market Fund - Growth Option - Direct Plan,3352.3153,HDFC Mutual Fund,Debt Scheme - Money Market Fund
2017-01-20,119092,HDFC Money Market Fund - Growth Option - Direct Plan,3352.9119,HDFC Mutual Fund,Debt Scheme - Money Market Fund
2017-01-22,119092,HDFC Money Market Fund - Growth Option - Direct Plan,3354.1307,HDFC Mutual Fund,Debt Scheme - Money Market Fund
2017-01-23,119092,HDFC Money Market Fund - Growth Option - Direct Plan,3354.7281,HDFC Mutual Fund,Debt Scheme - Money Market Fund
2017-01-24,119092,HDFC Money Market Fund - Growth Option - Direct Plan,3355.331,HDFC Mutual Fund,Debt Scheme - Money Market Fund
2017-01-25,119092,HDFC Money Market Fund - Growth Option - Direct Plan,3355.8844,HDFC Mutual Fund,Debt Scheme - Money Market Fund
2017-01-26,119092,HDFC Money Market Fund - Growth Option - Direct Plan,3356.5187,HDFC Mutual Fund,Debt Scheme - Money Market Fund
2017-01-27,119092,HDFC Money Market Fund - Growth Option - Direct Plan,3357.1171,HDFC Mutual Fund,Debt Scheme - Money Market Fund
2017-01-29,119092,HDFC Money Market Fund - Growth Option - Direct Plan,3358.3187,HDFC Mutual Fund,Debt Scheme - Money Market Fund
2017-01-30,119092,HDFC Money Market Fund - Growth Option - Direct Plan,3358.9266,HDFC Mutual Fund,Debt Scheme - Money Market Fund
2017-01-31,119092,HDFC Money Market Fund - Growth Option - Direct Plan,3359.5364,HDFC Mutual Fund,Debt Scheme - Money Market Fund
2017-02-01,119092,HDFC Money Market Fund - Growth Option - Direct Plan,3360.1553,HDFC Mutual Fund,Debt Scheme - Money Market Fund
2017-02-02,119092,HDFC Money Market Fund - Growth Option - Direct Plan,3360.7552,HDFC Mutual Fund,Debt Scheme - Money Market Fund
2017-02-03,119092,HDFC Money Market Fund - Growth Option - Direct Plan,3361.3876,HDFC Mutual Fund,Debt Scheme - Money Market Fund
2017-02-05,119092,HDFC Money Market Fund - Growth Option - Direct Plan,3362.6327,HDFC Mutual Fund,Debt Scheme - Money Market Fund
2017-02-06,119092,HDFC Money Market Fund - Growth Option - Direct Plan,3363.2356,HDFC Mutual Fund,Debt Scheme - Money Market Fund
2017-02-07,119092,HDFC Money Market Fund - Growth Option - Direct Plan,3363.8316,HDFC Mutual Fund,Debt Scheme - Money Market Fund
2017-02-08,119092,HDFC Money Market Fund - Growth Option - Direct Plan,3364.1948,HDFC Mutual Fund,Debt Scheme - Money Market Fund
2017-02-09,119092,HDFC Money Market Fund - Growth Option - Direct Plan,3364.7957,HDFC Mutual Fund,Debt Scheme - Money Market Fund
2017-02-10,119092,HDFC Money Market Fund - Growth Option - Direct Plan,3365.4149,HDFC Mutual Fund,Debt Scheme - Money Market Fund
2017-02-12,119092,HDFC Money Market Fund - Growth Option - Direct Plan,3366.6653,HDFC Mutual Fund,Debt Scheme - Money Market Fund
2017-02-13,119092,HDFC Money Market Fund - Growth Option - Direct Plan,3367.2951,HDFC Mutual Fund,Debt Scheme - Money Market Fund
2017-02-14,119092,HDFC Money Market Fund - Growth Option - Direct Plan,3367.9234,HDFC Mutual Fund,Debt Scheme - Money Market Fund
2017-02-15,119092,HDFC Money Market Fund - Growth Option - Direct Plan,3368.5395,HDFC Mutual Fund,Debt Scheme - Money Market Fund
2017-02-16,119092,HDFC Money Market Fund - Growth Option - Direct Plan,3369.1393,HDFC Mutual Fund,Debt Scheme - Money Market Fund
2017-02-17,119092,HDFC Money Market Fund - Growth Option - Direct Plan,3369.7884,HDFC Mutual Fund,Debt Scheme - Money Market Fund
2017-02-19,119092,HDFC Money Market Fund - Growth Option - Direct Plan,3370.9916,HDFC Mutual Fund,Debt Scheme - Money Market Fund
2017-02-20,119092,HDFC Money Market Fund - Growth Option - Direct Plan,3371.5929,HDFC Mutual Fund,Debt Scheme - Money Market Fund
2017-02-21,119092,HDFC Money Market Fund - Growth Option - Direct Plan,3372.1964,HDFC Mutual Fund,Debt Scheme - Money Market Fund
2017-02-22,119092,HDFC Money Market Fund - Growth Option - Direct Plan,3372.8098,HDFC Mutual Fund,Debt Scheme - Money Market Fund
2017-02-23,119092,HDFC Money Market Fund - Growth Option - Direct Plan,3373.4434,HDFC Mutual Fund,Debt Scheme - Money Market Fund
2017-02-26,119092,HDFC Money Market Fund - Growth Option - Direct Plan,3375.2892,HDFC Mutual Fund,Debt Scheme - Money Market Fund
2017-02-27,119092,HDFC Money Market Fund - Growth Option - Direct Plan,3375.9059,HDFC Mutual Fund,Debt Scheme - Money Market Fund
2017-02-28,119092,HDFC Money Market Fund - Growth Option - Direct Plan,3376.5187,HDFC Mutual Fund,Debt Scheme - Money Market Fund
2017-03-01,119092,HDFC Money Market Fund - Growth Option - Direct Plan,3377.1059,HDFC Mutual Fund,Debt Scheme - Money Market Fund
2017-03-02,119092,HDFC Money Market Fund - Growth Option - Direct Plan,3377.7013,HDFC Mutual Fund,Debt Scheme - Money Market Fund
2017-03-03,119092,HDFC Money Market Fund - Growth Option - Direct Plan,3378.2907,HDFC Mutual Fund,Debt Scheme - Money Market Fund
2017-03-05,119092,HDFC Money Market Fund - Growth Option - Direct Plan,3379.5549,HDFC Mutual Fund,Debt Scheme - Money Market Fund
2017-03-06,119092,HDFC Money Market Fund - Growth Option - Direct Plan,3380.131,HDFC Mutual Fund,Debt Scheme - Money Market Fund
2017-03-07,119092,HDFC Money Market Fund - Growth Option - Direct Plan,3380.7249,HDFC Mutual Fund,Debt Scheme - Money Market Fund
2017-03-08,119092,HDFC Money Market Fund - Growth Option - Direct Plan,3381.3211,HDFC Mutual Fund,Debt Scheme - Money Market Fund
2017-03-09,119092,HDFC Money Market Fund - Growth Option - Direct Plan,3381.8949,HDFC Mutual Fund,Debt Scheme - Money Market Fund
2017-03-10,119092,HDFC Money Market Fund - Growth Option - Direct Plan,3382.4619,HDFC Mutual Fund,Debt Scheme - Money Market Fund
2017-03-13,119092,HDFC Money Market Fund - Growth Option - Direct Plan,3384.2804,HDFC Mutual Fund,Debt Scheme - Money Market Fund
2017-03-14,119092,HDFC Money Market Fund - Growth Option - Direct Plan,3384.8697,HDFC Mutual Fund,Debt Scheme - Money Market Fund
2017-03-15,119092,HDFC Money Market Fund - Growth Option - Direct Plan,3385.499,HDFC Mutual Fund,Debt Scheme - Money Market Fund
2017-03-16,119092,HDFC Money Market Fund - Growth Option - Direct Plan,3386.1096,HDFC Mutual Fund,Debt Scheme - Money Market Fund
2017-03-17,119092,HDFC Money Market Fund - Growth Option - Direct Plan,3386.6985,HDFC Mutual Fund,Debt Scheme - Money Market Fund
2017-03-19,119092,HDFC Money Market Fund - Growth Option - Direct Plan,3388.0524,HDFC Mutual Fund,Debt Scheme - Money Market Fund
2017-03-20,119092,HDFC Money Market Fund - Growth Option - Direct Plan,3388.6912,HDFC Mutual Fund,Debt Scheme - Money Market Fund
2017-03-21,119092,HDFC Money Market Fund - Growth Option - Direct Plan,3389.3605,HDFC Mutual Fund,Debt Scheme - Money Market Fund
2017-03-22,119092,HDFC Money Market Fund - Growth Option - Direct Plan,3390.0157,HDFC Mutual Fund,Debt Scheme - Money Market Fund
2017-03-23,119092,HDFC Money Market Fund - Growth Option - Direct Plan,3390.6252,HDFC Mutual Fund,Debt Scheme - Money Market Fund
2017-03-24,119092,HDFC Money Market Fund - Growth Option - Direct Plan,3391.2272,HDFC Mutual Fund,Debt Scheme - Money Market Fund
2017-03-26,119092,HDFC Money Market Fund - Growth Option - Direct Plan,3392.4825,HDFC Mutual Fund,Debt Scheme - Money Market Fund
2017-03-27,119092,HDFC Money Market Fund - Growth Option - Direct Plan,3393.0739,HDFC Mutual Fund,Debt Scheme - Money Market Fund
2017-03-28,119092,HDFC Money Market Fund - Growth Option - Direct Plan,3393.6617,HDFC Mutual Fund,Debt Scheme - Money Market Fund
2017-03-29,119092,HDFC Money Market Fund - Growth Option - Direct Plan,3394.2784,HDFC Mutual Fund,Debt Scheme - Money Market Fund
2017-03-30,119092,HDFC Money Market Fund - Growth Option - Direct Plan,3394.8801,HDFC Mutual Fund,Debt Scheme - Money Market Fund
2017-03-31,119092,HDFC Money Market Fund - Growth Option - Direct Plan,3395.8471,HDFC Mutual Fund,Debt Scheme - Money Market Fund
2017-04-02,119092,HDFC Money Market Fund - Growth Option - Direct Plan,3397.3563,HDFC Mutual Fund,Debt Scheme - Money Market Fund
2017-04-03,119092,HDFC Money Market Fund - Growth Option - Direct Plan,3397.9286,HDFC Mutual Fund,Debt Scheme - Money Market Fund
2017-04-04,119092,HDFC Money Market Fund - Growth Option - Direct Plan,3398.5121,HDFC Mutual Fund,Debt Scheme - Money Market Fund
2017-04-05,119092,HDFC Money Market Fund - Growth Option - Direct Plan,3399.1106,HDFC Mutual Fund,Debt Scheme - Money Market Fund
2017-04-06,119092,HDFC Money Market Fund - Growth Option - Direct Plan,3399.6978,HDFC Mutual Fund,Debt Scheme - Money Market Fund
2017-04-07,119092,HDFC Money Market Fund - Growth Option - Direct Plan,3400.28,HDFC Mutual Fund,Debt Scheme - Money Market Fund
2017-04-09,119092,HDFC Money Market Fund - Growth Option - Direct Plan,3401.4509,HDFC Mutual Fund,Debt Scheme - Money Market Fund
2017-04-10,119092,HDFC Money Market Fund - Growth Option - Direct Plan,3402.0715,HDFC Mutual Fund,Debt Scheme - Money Market Fund
2017-04-11,119092,HDFC Money Market Fund - Growth Option - Direct Plan,3402.6946,HDFC Mutual Fund,Debt Scheme - Money Market Fund
2017-04-12,119092,HDFC Money Market Fund - Growth Option - Direct Plan,3403.3109,HDFC Mutual Fund,Debt Scheme - Money Market Fund
2017-04-13,119092,HDFC Money Market Fund - Growth Option - Direct Plan,3403.8668,HDFC Mutual Fund,Debt Scheme - Money Market Fund
2017-04-16,119092,HDFC Money Market Fund - Growth Option - Direct Plan,3405.7759,HDFC Mutual Fund,Debt Scheme - Money Market Fund
2017-04-17,119092,HDFC Money Market Fund - Growth Option - Direct Plan,3406.3729,HDFC Mutual Fund,Debt Scheme - Money Market Fund
2017-04-18,119092,HDFC Money Market Fund - Growth Option - Direct Plan,3406.9751,HDFC Mutual Fund,Debt Scheme - Money Market Fund
2017-04-19,119092,HDFC Money Market Fund - Growth Option - Direct Plan,3407.5716,HDFC Mutual Fund,Debt Scheme - Money Market Fund
2017-04-20,119092,HDFC Money Market Fund - Growth Option - Direct Plan,3408.1668,HDFC Mutual Fund,Debt Scheme - Money Market Fund
2017-04-21,119092,HDFC Money Market Fund - Growth Option - Direct Plan,3408.7567,HDFC Mutual Fund,Debt Scheme - Money Market Fund
2017-04-23,119092,HDFC Money Market Fund - Growth Option - Direct Plan,3409.9717,HDFC Mutual Fund,Debt Scheme - Money Market Fund
2017-04-24,119092,HDFC Money Market Fund - Growth Option - Direct Plan,3410.5636,HDFC Mutual Fund,Debt Scheme - Money Market Fund
2017-04-25,119092,HDFC Money Market Fund - Growth Option - Direct Plan,3411.1644,HDFC Mutual Fund,Debt Scheme - Money Market Fund
2017-04-26,119092,HDFC Money Market Fund - Growth Option - Direct Plan,3411.7395,HDFC Mutual Fund,Debt Scheme - Money Market Fund
2017-04-27,119092,HDFC Money Market Fund - Growth Option - Direct Plan,3412.3377,HDFC Mutual Fund,Debt Scheme - Money Market Fund
2017-04-28,119092,HDFC Money Market Fund - Growth Option - Direct Plan,3412.9483,HDFC Mutual Fund,Debt Scheme - Money Market Fund
2017-05-01,119092,HDFC Money Market Fund - Growth Option - Direct Plan,3414.787,HDFC Mutual Fund,Debt Scheme - Money Market Fund
2017-05-02,119092,HDFC Money Market Fund - Growth Option - Direct Plan,3415.3902,HDFC Mutual Fund,Debt Scheme - Money Market Fund
2017-05-03,119092,HDFC Money Market Fund - Growth Option - Direct Plan,3415.9934,HDFC Mutual Fund,Debt Scheme - Money Market Fund
2017-05-04,119092,HDFC Money Market Fund - Growth Option - Direct Plan,3416.5907,HDFC Mutual Fund,Debt Scheme - Money Market Fund
2017-05-05,119092,HDFC Money Market Fund - Growth Option - Direct Plan,3417.1956,HDFC Mutual Fund,Debt Scheme - Money Market Fund
2017-05-07,119092,HDFC Money Market Fund - Growth Option - Direct Plan,3418.3994,HDFC Mutual Fund,Debt Scheme - Money Market Fund
2017-05-08,119092,HDFC Money Market Fund - Growth Option - Direct Plan,3419.0012,HDFC Mutual Fund,Debt Scheme - Money Market Fund
2017-05-09,119092,HDFC Money Market Fund - Growth Option - Direct Plan,3419.6046,HDFC Mutual Fund,Debt Scheme - Money Market Fund
2017-05-10,119092,HDFC Money Market Fund - Growth Option - Direct Plan,3420.1978,HDFC Mutual Fund,Debt Scheme - Money Market Fund
2017-05-11,119092,HDFC Money Market Fund - Growth Option - Direct Plan,3420.811,HDFC Mutual Fund,Debt Scheme - Money Market Fund
2017-05-12,119092,HDFC Money Market Fund - Growth Option - Direct Plan,3421.3996,HDFC Mutual Fund,Debt Scheme - Money Market Fund
2017-05-14,119092,HDFC Money Market Fund - Growth Option - Direct Plan,3422.6103,HDFC Mutual Fund,Debt Scheme - Money Market Fund
2017-05-15,119092,HDFC Money Market Fund - Growth Option - Direct Plan,3423.2162,HDFC Mutual Fund,Debt Scheme - Money Market Fund
2017-05-16,119092,HDFC Money Market Fund - Growth Option - Direct Plan,3423.8348,HDFC Mutual Fund,Debt Scheme - Money Market Fund
2017-05-17,119092,HDFC Money Market Fund - Growth Option - Direct Plan,3424.4451,HDFC Mutual Fund,Debt Scheme - Money Market Fund
2017-05-18,119092,HDFC Money Market Fund - Growth Option - Direct Plan,3425.0538,HDFC Mutual Fund,Debt Scheme - Money Market Fund
2017-05-19,119092,HDFC Money Market Fund - Growth Option - Direct Plan,3425.6616,HDFC Mutual Fund,Debt Scheme - Money Market Fund
2017-05-21,119092,HDFC Money Market Fund - Growth Option - Direct Plan,3426.8536,HDFC Mutual Fund,Debt Scheme - Money Market Fund
2017-05-22,119092,HDFC Money Market Fund - Growth Option - Direct Plan,3427.4639,HDFC Mutual Fund,Debt Scheme - Money Market Fund
2017-05-23,119092,HDFC Money Market Fund - Growth Option - Direct Plan,3428.0849,HDFC Mutual Fund,Debt Scheme - Money Market Fund
2017-05-24,119092,HDFC Money Market Fund - Growth Option - Direct Plan,3428.6965,HDFC Mutual Fund,Debt Scheme - Money Market Fund
2017-05-25,119092,HDFC Money Market Fund - Growth Option - Direct Plan,3429.3081,HDFC Mutual Fund,Debt Scheme - Money Market Fund
2017-05-26,119092,HDFC Money Market Fund - Growth Option - Direct Plan,3429.9237,HDFC Mutual Fund,Debt Scheme - Money Market Fund
2017-05-28,119092,HDFC Money Market Fund - Growth Option - Direct Plan,3431.1415,HDFC Mutual Fund,Debt Scheme - Money Market Fund
2017-05-29,119092,HDFC Money Market Fund - Growth Option - Direct Plan,3431.7449,HDFC Mutual Fund,Debt Scheme - Money Market Fund
2017-05-30,119092,HDFC Money Market Fund - Growth Option - Direct Plan,3432.3465,HDFC Mutual Fund,Debt Scheme - Money Market Fund
2017-05-31,119092,HDFC Money Market Fund - Growth Option - Direct Plan,3432.9463,HDFC Mutual Fund,Debt Scheme - Money Market Fund
2017-06-01,119092,HDFC Money Market Fund - Growth Option - Direct Plan,3433.557,HDFC Mutual Fund,Debt Scheme - Money Market Fund
2017-06-02,119092,HDFC Money Market Fund - Growth Option - Direct Plan,3434.1943,HDFC Mutual Fund,Debt Scheme - Money Market Fund
2017-06-04,119092,HDFC Money Market Fund - Growth Option - Direct Plan,3435.3928,HDFC Mutual Fund,Debt Scheme - Money Market Fund
2017-06-05,119092,HDFC Money Market Fund - Growth Option - Direct Plan,3436.0053,HDFC Mutual Fund,Debt Scheme - Money Market Fund
2017-06-06,119092,HDFC Money Market Fund - Growth Option - Direct Plan,3436.5893,HDFC Mutual Fund,Debt Scheme - Money Market Fund
2017-06-07,119092,HDFC Money Market Fund - Growth Option - Direct Plan,3437.2181,HDFC Mutual Fund,Debt Scheme - Money Market Fund
2017-06-08,119092,HDFC Money Market Fund - Growth Option - Direct Plan,3437.8295,HDFC Mutual Fund,Debt Scheme - Money Market Fund
2017-06-09,119092,HDFC Money Market Fund - Growth Option - Direct Plan,3438.4636,HDFC Mutual Fund,Debt Scheme - Money Market Fund
2017-06-11,119092,HDFC Money Market Fund - Growth Option - Direct Plan,3439.6816,HDFC Mutual Fund,Debt Scheme - Money Market Fund
2017-06-12,119092,HDFC Money Market Fund - Growth Option - Direct Plan,3440.2725,HDFC Mutual Fund,Debt Scheme - Money Market Fund
2017-06-13,119092,HDFC Money Market Fund - Growth Option - Direct Plan,3440.9013,HDFC Mutual Fund,Debt Scheme - Money Market Fund
2017-06-14,119092,HDFC Money Market Fund - Growth Option - Direct Plan,3441.5029,HDFC Mutual Fund,Debt Scheme - Money Market Fund
2017-06-15,119092,HDFC Money Market Fund - Growth Option - Direct Plan,3442.1103,HDFC Mutual Fund,Debt Scheme - Money Market Fund
2017-06-16,119092,HDFC Money Market Fund - Growth Option - Direct Plan,3442.7067,HDFC Mutual Fund,Debt Scheme - Money Market Fund
2017-06-18,119092,HDFC Money Market Fund - Growth Option - Direct Plan,3443.908,HDFC Mutual Fund,Debt Scheme - Money Market Fund
2017-06-19,119092,HDFC Money Market Fund - Growth Option - Direct Plan,3444.5165,HDFC Mutual Fund,Debt Scheme - Money Market Fund
2017-06-20,119092,HDFC Money Market Fund - Growth Option - Direct Plan,3445.115,HDFC Mutual Fund,Debt Scheme - Money Market Fund
2017-06-21,119092,HDFC Money Market Fund - Growth Option - Direct Plan,3445.7205,HDFC Mutual Fund,Debt Scheme - Money Market Fund
2017-06-22,119092,HDFC Money Market Fund - Growth Option - Direct Plan,3446.3278,HDFC Mutual Fund,Debt Scheme - Money Market Fund
2017-06-23,119092,HDFC Money Market Fund - Growth Option - Direct Plan,3446.9477,HDFC Mutual Fund,Debt Scheme - Money Market Fund
2017-06-26,119092,HDFC Money Market Fund - Growth Option - Direct Plan,3448.7966,HDFC Mutual Fund,Debt Scheme - Money Market Fund
2017-06-27,119092,HDFC Money Market Fund - Growth Option - Direct Plan,3449.4114,HDFC Mutual Fund,Debt Scheme - Money Market Fund
2017-06-28,119092,HDFC Money Market Fund - Growth Option - Direct Plan,3449.9969,HDFC Mutual Fund,Debt Scheme - Money Market Fund
2017-06-29,119092,HDFC Money Market Fund - Growth Option - Direct Plan,3450.5748,HDFC Mutual Fund,Debt Scheme - Money Market Fund
2017-06-30,119092,HDFC Money Market Fund - Growth Option - Direct Plan,3451.246,HDFC Mutual Fund,Debt Scheme - Money Market Fund
2017-07-02,119092,HDFC Money Market Fund - Growth Option - Direct Plan,3452.5884,HDFC Mutual Fund,Debt Scheme - Money Market Fund
2017-07-03,119092,HDFC Money Market Fund - Growth Option - Direct Plan,3453.207,HDFC Mutual Fund,Debt Scheme - Money Market Fund
2017-07-04,119092,HDFC Money Market Fund - Growth Option - Direct Plan,3453.8592,HDFC Mutual Fund,Debt Scheme - Money Market Fund
2017-07-05,119092,HDFC Money Market Fund - Growth Option - Direct Plan,3454.4816,HDFC Mutual Fund,Debt Scheme - Money Market Fund
2017-07-06,119092,HDFC Money Market Fund - Growth Option - Direct Plan,3455.1129,HDFC Mutual Fund,Debt Scheme - Money Market Fund
2017-07-07,119092,HDFC Money Market Fund - Growth Option - Direct Plan,3455.7809,HDFC Mutual Fund,Debt Scheme - Money Market Fund
2017-07-09,119092,HDFC Money Market Fund - Growth Option - Direct Plan,3456.9857,HDFC Mutual Fund,Debt Scheme - Money Market Fund
2017-07-10,119092,HDFC Money Market Fund - Growth Option - Direct Plan,3457.6327,HDFC Mutual Fund,Debt Scheme - Money Market Fund
2017-07-11,119092,HDFC Money Market Fund - Growth Option - Direct Plan,3458.2367,HDFC Mutual Fund,Debt Scheme - Money Market Fund
2017-07-12,119092,HDFC Money Market Fund - Growth Option - Direct Plan,3458.8728,HDFC Mutual Fund,Debt Scheme - Money Market Fund
2017-07-13,119092,HDFC Money Market Fund - Growth Option - Direct Plan,3459.5201,HDFC Mutual Fund,Debt Scheme - Money Market Fund
2017-07-14,119092,HDFC Money Market Fund - Growth Option - Direct Plan,3460.1391,HDFC Mutual Fund,Debt Scheme - Money Market Fund
2017-07-16,119092,HDFC Money Market Fund - Growth Option - Direct Plan,3461.3384,HDFC Mutual Fund,Debt Scheme - Money Market Fund
2017-07-17,119092,HDFC Money Market Fund - Growth Option - Direct Plan,3461.952,HDFC Mutual Fund,Debt Scheme - Money Market Fund
2017-07-18,119092,HDFC Money Market Fund - Growth Option - Direct Plan,3462.5699,HDFC Mutual Fund,Debt Scheme - Money Market Fund
2017-07-19,119092,HDFC Money Market Fund - Growth Option - Direct Plan,3463.2174,HDFC Mutual Fund,Debt Scheme - Money Market Fund
2017-07-20,119092,HDFC Money Market Fund - Growth Option - Direct Plan,3463.8272,HDFC Mutual Fund,Debt Scheme - Money Market Fund
2017-07-21,119092,HDFC Money Market Fund - Growth Option - Direct Plan,3464.4634,HDFC Mutual Fund,Debt Scheme - Money Market Fund
2017-07-23,119092,HDFC Money Market Fund - Growth Option - Direct Plan,3465.6748,HDFC Mutual Fund,Debt Scheme - Money Market Fund
2017-07-24,119092,HDFC Money Market Fund - Growth Option - Direct Plan,3466.2928,HDFC Mutual Fund,Debt Scheme - Money Market Fund
2017-07-25,119092,HDFC Money Market Fund - Growth Option - Direct Plan,3466.8883,HDFC Mutual Fund,Debt Scheme - Money Market Fund
2017-07-26,119092,HDFC Money Market Fund - Growth Option - Direct Plan,3467.5183,HDFC Mutual Fund,Debt Scheme - Money Market Fund
2017-07-27,119092,HDFC Money Market Fund - Growth Option - Direct Plan,3468.107,HDFC Mutual Fund,Debt Scheme - Money Market Fund
2017-07-28,119092,HDFC Money Market Fund - Growth Option - Direct Plan,3468.7047,HDFC Mutual Fund,Debt Scheme - Money Market Fund
2017-07-30,119092,HDFC Money Market Fund - Growth Option - Direct Plan,3469.9106,HDFC Mutual Fund,Debt Scheme - Money Market Fund
2017-07-31,119092,HDFC Money Market Fund - Growth Option - Direct Plan,3470.5092,HDFC Mutual Fund,Debt Scheme - Money Market Fund
2017-08-01,119092,HDFC Money Market Fund - Growth Option - Direct Plan,3471.0974,HDFC Mutual Fund,Debt Scheme - Money Market Fund
2017-08-02,119092,HDFC Money Market Fund - Growth Option - Direct Plan,3471.702,HDFC Mutual Fund,Debt Scheme - Money Market Fund
2017-08-03,119092,HDFC Money Market Fund - Growth Option - Direct Plan,3472.3171,HDFC Mutual Fund,Debt Scheme - Money Market Fund
2017-08-04,119092,HDFC Money Market Fund - Growth Option - Direct Plan,3472.9164,HDFC Mutual Fund,Debt Scheme - Money Market Fund
2017-08-06,119092,HDFC Money Market Fund - Growth Option - Direct Plan,3474.1128,HDFC Mutual Fund,Debt Scheme - Money Market Fund
2017-08-07,119092,HDFC Money Market Fund - Growth Option - Direct Plan,3474.7115,HDFC Mutual Fund,Debt Scheme - Money Market Fund
2017-08-08,119092,HDFC Money Market Fund - Growth Option - Direct Plan,3475.3099,HDFC Mutual Fund,Debt Scheme - Money Market Fund
2017-08-09,119092,HDFC Money Market Fund - Growth Option - Direct Plan,3475.9185,HDFC Mutual Fund,Debt Scheme - Money Market Fund
2017-08-10,119092,HDFC Money Market Fund - Growth Option - Direct Plan,3476.5118,HDFC Mutual Fund,Debt Scheme - Money Market Fund
2017-08-11,119092,HDFC Money Market Fund - Growth Option - Direct Plan,3477.1149,HDFC Mutual Fund,Debt Scheme - Money Market Fund
2017-08-13,119092,HDFC Money Market Fund - Growth Option - Direct Plan,3478.3021,HDFC Mutual Fund,Debt Scheme - Money Market Fund
2017-08-14,119092,HDFC Money Market Fund - Growth Option - Direct Plan,3478.9037,HDFC Mutual Fund,Debt Scheme - Money Market Fund
2017-08-15,119092,HDFC Money Market Fund - Growth Option - Direct Plan,3479.4987,HDFC Mutual Fund,Debt Scheme - Money Market Fund
2017-08-16,119092,HDFC Money Market Fund - Growth Option - Direct Plan,3480.0686,HDFC Mutual Fund,Debt Scheme - Money Market Fund
2017-08-17,119092,HDFC Money Market Fund - Growth Option - Direct Plan,3480.6884,HDFC Mutual Fund,Debt Scheme - Money Market Fund
2017-08-18,119092,HDFC Money Market Fund - Growth Option - Direct Plan,3481.2819,HDFC Mutual Fund,Debt Scheme - Money Market Fund
2017-08-20,119092,HDFC Money Market Fund - Growth Option - Direct Plan,3482.474,HDFC Mutual Fund,Debt Scheme - Money Market Fund
2017-08-21,119092,HDFC Money Market Fund - Growth Option - Direct Plan,3483.0632,HDFC Mutual Fund,Debt Scheme - Money Market Fund
2017-08-22,119092,HDFC Money Market Fund - Growth Option - Direct Plan,3483.6659,HDFC Mutual Fund,Debt Scheme - Money Market Fund
2017-08-23,119092,HDFC Money Market Fund - Growth Option - Direct Plan,3484.2725,HDFC Mutual Fund,Debt Scheme - Money Market Fund
2017-08-24,119092,HDFC Money Market Fund - Growth Option - Direct Plan,3484.8561,HDFC Mutual Fund,Debt Scheme - Money Market Fund
2017-08-27,119092,HDFC Money Market Fund - Growth Option - Direct Plan,3486.6244,HDFC Mutual Fund,Debt Scheme - Money Market Fund
2017-08-28,119092,HDFC Money Market Fund - Growth Option - Direct Plan,3487.2089,HDFC Mutual Fund,Debt Scheme - Money Market Fund
2017-08-29,119092,HDFC Money Market Fund - Growth Option - Direct Plan,3487.8157,HDFC Mutual Fund,Debt Scheme - Money Market Fund
2017-08-30,119092,HDFC Money Market Fund - Growth Option - Direct Plan,3488.4005,HDFC Mutual Fund,Debt Scheme - Money Market Fund
2017-08-31,119092,HDFC Money Market Fund - Growth Option - Direct Plan,3489.0178,HDFC Mutual Fund,Debt Scheme - Money Market Fund
2017-09-01,119092,HDFC Money Market Fund - Growth Option - Direct Plan,3489.6208,HDFC Mutual Fund,Debt Scheme - Money Market Fund
2017-09-03,119092,HDFC Money Market Fund - Growth Option - Direct Plan,3490.8296,HDFC Mutual Fund,Debt Scheme - Money Market Fund
2017-09-04,119092,HDFC Money Market Fund - Growth Option - Direct Plan,3491.4433,HDFC Mutual Fund,Debt Scheme - Money Market Fund
2017-09-05,119092,HDFC Money Market Fund - Growth Option - Direct Plan,3492.0355,HDFC Mutual Fund,Debt Scheme - Money Market Fund
2017-09-06,119092,HDFC Money Market Fund - Growth Option - Direct Plan,3492.6349,HDFC Mutual Fund,Debt Scheme - Money Market Fund
2017-09-07,119092,HDFC Money Market Fund - Growth Option - Direct Plan,3493.227,HDFC Mutual Fund,Debt Scheme - Money Market Fund
2017-09-08,119092,HDFC Money Market Fund - Growth Option - Direct Plan,3493.8069,HDFC Mutual Fund,Debt Scheme - Money Market Fund
2017-09-10,119092,HDFC Money Market Fund - Growth Option - Direct Plan,3494.9759,HDFC Mutual Fund,Debt Scheme - Money Market Fund
2017-09-11,119092,HDFC Money Market Fund - Growth Option - Direct Plan,3495.5739,HDFC Mutual Fund,Debt Scheme - Money Market Fund
2017-09-12,119092,HDFC Money Market Fund - Growth Option - Direct Plan,3496.1883,HDFC Mutual Fund,Debt Scheme - Money Market Fund
2017-09-13,119092,HDFC Money Market Fund - Growth Option - Direct Plan,3496.7768,HDFC Mutual Fund,Debt Scheme - Money Market Fund
2017-09-14,119092,HDFC Money Market Fund - Growth Option - Direct Plan,3497.3672,HDFC Mutual Fund,Debt Scheme - Money Market Fund
2017-09-15,119092,HDFC Money Market Fund - Growth Option - Direct Plan,3497.9925,HDFC Mutual Fund,Debt Scheme - Money Market Fund
2017-09-17,119092,HDFC Money Market Fund - Growth Option - Direct Plan,3499.2095,HDFC Mutual Fund,Debt Scheme - Money Market Fund
2017-09-18,119092,HDFC Money Market Fund - Growth Option - Direct Plan,3499.8105,HDFC Mutual Fund,Debt Scheme - Money Market Fund
2017-09-19,119092,HDFC Money Market Fund - Growth Option - Direct Plan,3500.4063,HDFC Mutual Fund,Debt Scheme - Money Market Fund
2017-09-20,119092,HDFC Money Market Fund - Growth Option - Direct Plan,3501.0242,HDFC Mutual Fund,Debt Scheme - Money Market Fund
2017-09-21,119092,HDFC Money Market Fund - Growth Option - Direct Plan,3501.6227,HDFC Mutual Fund,Debt Scheme - Money Market Fund
2017-09-22,119092,HDFC Money Market Fund - Growth Option - Direct Plan,3502.1914,HDFC Mutual Fund,Debt Scheme - Money Market Fund
2017-09-24,119092,HDFC Money Market Fund - Growth Option - Direct Plan,3503.3869,HDFC Mutual Fund,Debt Scheme - Money Market Fund
2017-09-25,119092,HDFC Money Market Fund - Growth Option - Direct Plan,3504.023,HDFC Mutual Fund,Debt Scheme - Money Market Fund
2017-09-26,119092,HDFC Money Market Fund - Growth Option - Direct Plan,3504.6901,HDFC Mutual Fund,Debt Scheme - Money Market Fund
2017-09-27,119092,HDFC Money Market Fund - Growth Option - Direct Plan,3505.2812,HDFC Mutual Fund,Debt Scheme - Money Market Fund
2017-09-28,119092,HDFC Money Market Fund - Growth Option - Direct Plan,3505.8793,HDFC Mutual Fund,Debt Scheme - Money Market Fund
2017-09-29,119092,HDFC Money Market Fund - Growth Option - Direct Plan,3506.5189,HDFC Mutual Fund,Debt Scheme - Money Market Fund
2017-10-02,119092,HDFC Money Market Fund - Growth Option - Direct Plan,3508.3081,HDFC Mutual Fund,Debt Scheme - Money Market Fund
2017-10-03,119092,HDFC Money Market Fund - Growth Option - Direct Plan,3508.956,HDFC Mutual Fund,Debt Scheme - Money Market Fund
2017-10-04,119092,HDFC Money Market Fund - Growth Option - Direct Plan,3509.5354,HDFC Mutual Fund,Debt Scheme - Money Market Fund
2017-10-05,119092,HDFC Money Market Fund - Growth Option - Direct Plan,3510.1388,HDFC Mutual Fund,Debt Scheme - Money Market Fund
2017-10-06,119092,HDFC Money Market Fund - Growth Option - Direct Plan,3510.7308,HDFC Mutual Fund,Debt Scheme - Money Market Fund
2017-10-08,119092,HDFC Money Market Fund - Growth Option - Direct Plan,3511.9282,HDFC Mutual Fund,Debt Scheme - Money Market Fund
2017-10-09,119092,HDFC Money Market Fund - Growth Option - Direct Plan,3512.5321,HDFC Mutual Fund,Debt Scheme - Money Market Fund
2017-10-10,119092,HDFC Money Market Fund - Growth Option - Direct Plan,3513.115,HDFC Mutual Fund,Debt Scheme - Money Market Fund
2017-10-11,119092,HDFC Money Market Fund - Growth Option - Direct Plan,3513.7349,HDFC Mutual Fund,Debt Scheme - Money Market Fund
2017-10-12,119092,HDFC Money Market Fund - Growth Option - Direct Plan,3514.3437,HDFC Mutual Fund,Debt Scheme - Money Market Fund
2017-10-13,119092,HDFC Money Market Fund - Growth Option - Direct Plan,3514.9665,HDFC Mutual Fund,Debt Scheme - Money Market Fund
2017-10-15,119092,HDFC Money Market Fund - Growth Option - Direct Plan,3516.1886,HDFC Mutual Fund,Debt Scheme - Money Market Fund
2017-10-16,119092,HDFC Money Market Fund - Growth Option - Direct Plan,3516.8144,HDFC Mutual Fund,Debt Scheme - Money Market Fund
2017-10-17,119092,HDFC Money Market Fund - Growth Option - Direct Plan,3517.4036,HDFC Mutual Fund,Debt Scheme - Money Market Fund
2017-10-18,119092,HDFC Money Market Fund - Growth Option - Direct Plan,3518.0043,HDFC Mutual Fund,Debt Scheme - Money Market Fund
2017-10-22,119092,HDFC Money Market Fund - Growth Option - Direct Plan,3520.3989,HDFC Mutual Fund,Debt Scheme - Money Market Fund
2017-10-23,119092,HDFC Money Market Fund - Growth Option - Direct Plan,3521.011,HDFC Mutual Fund,Debt Scheme - Money Market Fund
2017-10-24,119092,HDFC Money Market Fund - Growth Option - Direct Plan,3521.5948,HDFC Mutual Fund,Debt Scheme - Money Market Fund
2017-10-25,119092,HDFC Money Market Fund - Growth Option - Direct Plan,3522.221,HDFC Mutual Fund,Debt Scheme - Money Market Fund
2017-10-26,119092,HDFC Money Market Fund - Growth Option - Direct Plan,3522.8018,HDFC Mutual Fund,Debt Scheme - Money Market Fund
2017-10-27,119092,HDFC Money Market Fund - Growth Option - Direct Plan,3523.411,HDFC Mutual Fund,Debt Scheme - Money Market Fund
2017-10-29,119092,HDFC Money Market Fund - Growth Option - Direct Plan,3524.6227,HDFC Mutual Fund,Debt Scheme - Money Market Fund
2017-10-30,119092,HDFC Money Market Fund - Growth Option - Direct Plan,3525.2191,HDFC Mutual Fund,Debt Scheme - Money Market Fund
2017-10-31,119092,HDFC Money Market Fund - Growth Option - Direct Plan,3525.8116,HDFC Mutual Fund,Debt Scheme - Money Market Fund
2017-11-01,119092,HDFC Money Market Fund - Growth Option - Direct Plan,3526.408,HDFC Mutual Fund,Debt Scheme - Money Market Fund
2017-11-02,119092,HDFC Money Market Fund - Growth Option - Direct Plan,3527.0105,HDFC Mutual Fund,Debt Scheme - Money Market Fund
2017-11-03,119092,HDFC Money Market Fund - Growth Option - Direct Plan,3527.601,HDFC Mutual Fund,Debt Scheme - Money Market Fund
2017-11-05,119092,HDFC Money Market Fund - Growth Option - Direct Plan,3528.798,HDFC Mutual Fund,Debt Scheme - Money Market Fund
2017-11-06,119092,HDFC Money Market Fund - Growth Option - Direct Plan,3529.4068,HDFC Mutual Fund,Debt Scheme - Money Market Fund
2017-11-07,119092,HDFC Money Market Fund - Growth Option - Direct Plan,3530.0342,HDFC Mutual Fund,Debt Scheme - Money Market Fund
2017-11-08,119092,HDFC Money Market Fund - Growth Option - Direct Plan,3530.6387,HDFC Mutual Fund,Debt Scheme - Money Market Fund
2017-11-09,119092,HDFC Money Market Fund - Growth Option - Direct Plan,3531.2451,HDFC Mutual Fund,Debt Scheme - Money Market Fund
2017-11-10,119092,HDFC Money Market Fund - Growth Option - Direct Plan,3531.8502,HDFC Mutual Fund,Debt Scheme - Money Market Fund
2017-11-12,119092,HDFC Money Market Fund - Growth Option - Direct Plan,3533.0683,HDFC Mutual Fund,Debt Scheme - Money Market Fund
2017-11-13,119092,HDFC Money Market Fund - Growth Option - Direct Plan,3533.6697,HDFC Mutual Fund,Debt Scheme - Money Market Fund
2017-11-14,119092,HDFC Money Market Fund - Growth Option - Direct Plan,3534.2681,HDFC Mutual Fund,Debt Scheme - Money Market Fund
2017-11-15,119092,HDFC Money Market Fund - Growth Option - Direct Plan,3534.8827,HDFC Mutual Fund,Debt Scheme - Money Market Fund
2017-11-16,119092,HDFC Money Market Fund - Growth Option - Direct Plan,3535.4928,HDFC Mutual Fund,Debt Scheme - Money Market Fund
2017-11-17,119092,HDFC Money Market Fund - Growth Option - Direct Plan,3536.0914,HDFC Mutual Fund,Debt Scheme - Money Market Fund
2017-11-19,119092,HDFC Money Market Fund - Growth Option - Direct Plan,3537.2944,HDFC Mutual Fund,Debt Scheme - Money Market Fund
2017-11-20,119092,HDFC Money Market Fund - Growth Option - Direct Plan,3537.9161,HDFC Mutual Fund,Debt Scheme - Money Market Fund
2017-11-21,119092,HDFC Money Market Fund - Growth Option - Direct Plan,3538.5166,HDFC Mutual Fund,Debt Scheme - Money Market Fund
2017-11-22,119092,HDFC Money Market Fund - Growth Option - Direct Plan,3539.1201,HDFC Mutual Fund,Debt Scheme - Money Market Fund
2017-11-23,119092,HDFC Money Market Fund - Growth Option - Direct Plan,3539.7227,HDFC Mutual Fund,Debt Scheme - Money Market Fund
2017-11-24,119092,HDFC Money Market Fund - Growth Option - Direct Plan,3540.3302,HDFC Mutual Fund,Debt Scheme - Money Market Fund
2017-11-26,119092,HDFC Money Market Fund - Growth Option - Direct Plan,3541.5561,HDFC Mutual Fund,Debt Scheme - Money Market Fund
2017-11-27,119092,HDFC Money Market Fund - Growth Option - Direct Plan,3542.15,HDFC Mutual Fund,Debt Scheme - Money Market Fund
2017-11-28,119092,HDFC Money Market Fund - Growth Option - Direct Plan,3542.7641,HDFC Mutual Fund,Debt Scheme - Money Market Fund
2017-11-29,119092,HDFC Money Market Fund - Growth Option - Direct Plan,3543.3719,HDFC Mutual Fund,Debt Scheme - Money Market Fund
2017-11-30,119092,HDFC Money Market Fund - Growth Option - Direct Plan,3543.9693,HDFC Mutual Fund,Debt Scheme - Money Market Fund
2017-12-03,119092,HDFC Money Market Fund - Growth Option - Direct Plan,3545.7868,HDFC Mutual Fund,Debt Scheme - Money Market Fund
2017-12-04,119092,HDFC Money Market Fund - Growth Option - Direct Plan,3546.3997,HDFC Mutual Fund,Debt Scheme - Money Market Fund
2017-12-05,119092,HDFC Money Market Fund - Growth Option - Direct Plan,3546.9882,HDFC Mutual Fund,Debt Scheme - Money Market Fund
2017-12-06,119092,HDFC Money Market Fund - Growth Option - Direct Plan,3547.5998,HDFC Mutual Fund,Debt Scheme - Money Market Fund
2017-12-07,119092,HDFC Money Market Fund - Growth Option - Direct Plan,3548.2344,HDFC Mutual Fund,Debt Scheme - Money Market Fund
2017-12-08,119092,HDFC Money Market Fund - Growth Option - Direct Plan,3548.8589,HDFC Mutual Fund,Debt Scheme - Money Market Fund
2017-12-10,119092,HDFC Money Market Fund - Growth Option - Direct Plan,3550.1024,HDFC Mutual Fund,Debt Scheme - Money Market Fund
2017-12-11,119092,HDFC Money Market Fund - Growth Option - Direct Plan,3550.7104,HDFC Mutual Fund,Debt Scheme - Money Market Fund
2017-12-12,119092,HDFC Money Market Fund - Growth Option - Direct Plan,3551.3086,HDFC Mutual Fund,Debt Scheme - Money Market Fund
2017-12-13,119092,HDFC Money Market Fund - Growth Option - Direct Plan,3551.9114,HDFC Mutual Fund,Debt Scheme - Money Market Fund
2017-12-14,119092,HDFC Money Market Fund - Growth Option - Direct Plan,3552.4995,HDFC Mutual Fund,Debt Scheme - Money Market Fund
2017-12-15,119092,HDFC Money Market Fund - Growth Option - Direct Plan,3553.0779,HDFC Mutual Fund,Debt Scheme - Money Market Fund
2017-12-17,119092,HDFC Money Market Fund - Growth Option - Direct Plan,3554.2968,HDFC Mutual Fund,Debt Scheme - Money Market Fund
2017-12-18,119092,HDFC Money Market Fund - Growth Option - Direct Plan,3554.8994,HDFC Mutual Fund,Debt Scheme - Money Market Fund
2017-12-19,119092,HDFC Money Market Fund - Growth Option - Direct Plan,3555.4996,HDFC Mutual Fund,Debt Scheme - Money Market Fund
2017-12-20,119092,HDFC Money Market Fund - Growth Option - Direct Plan,3556.0288,HDFC Mutual Fund,Debt Scheme - Money Market Fund
2017-12-21,119092,HDFC Money Market Fund - Growth Option - Direct Plan,3556.5746,HDFC Mutual Fund,Debt Scheme - Money Market Fund
2017-12-22,119092,HDFC Money Market Fund - Growth Option - Direct Plan,3557.2266,HDFC Mutual Fund,Debt Scheme - Money Market Fund
2017-12-25,119092,HDFC Money Market Fund - Growth Option - Direct Plan,3559.0987,HDFC Mutual Fund,Debt Scheme - Money Market Fund
2017-12-26,119092,HDFC Money Market Fund - Growth Option - Direct Plan,3559.6842,HDFC Mutual Fund,Debt Scheme - Money Market Fund
2017-12-27,119092,HDFC Money Market Fund - Growth Option - Direct Plan,3560.3213,HDFC Mutual Fund,Debt Scheme - Money Market Fund
2017-12-28,119092,HDFC Money Market Fund - Growth Option - Direct Plan,3560.9847,HDFC Mutual Fund,Debt Scheme - Money Market Fund
2017-12-29,119092,HDFC Money Market Fund - Growth Option - Direct Plan,3561.7674,HDFC Mutual Fund,Debt Scheme - Money Market Fund
2017-12-31,119092,HDFC Money Market Fund - Growth Option - Direct Plan,3563.0394,HDFC Mutual Fund,Debt Scheme - Money Market Fund
2018-01-01,119092,HDFC Money Market Fund - Growth Option - Direct Plan,3563.7227,HDFC Mutual Fund,Debt Scheme - Money Market Fund
2018-01-02,119092,HDFC Money Market Fund - Growth Option - Direct Plan,3564.3398,HDFC Mutual Fund,Debt Scheme - Money Market Fund
2018-01-03,119092,HDFC Money Market Fund - Growth Option - Direct Plan,3564.9531,HDFC Mutual Fund,Debt Scheme - Money Market Fund
2018-01-04,119092,HDFC Money Market Fund - Growth Option - Direct Plan,3565.5403,HDFC Mutual Fund,Debt Scheme - Money Market Fund
2018-01-05,119092,HDFC Money Market Fund - Growth Option - Direct Plan,3566.1723,HDFC Mutual Fund,Debt Scheme - Money Market Fund
2018-01-07,119092,HDFC Money Market Fund - Growth Option - Direct Plan,3567.4437,HDFC Mutual Fund,Debt Scheme - Money Market Fund
2018-01-08,119092,HDFC Money Market Fund - Growth Option - Direct Plan,3568.0726,HDFC Mutual Fund,Debt Scheme - Money Market Fund
2018-01-09,119092,HDFC Money Market Fund - Growth Option - Direct Plan,3568.6921,HDFC Mutual Fund,Debt Scheme - Money Market Fund
2018-01-10,119092,HDFC Money Market Fund - Growth Option - Direct Plan,3569.3069,HDFC Mutual Fund,Debt Scheme - Money Market Fund
2018-01-11,119092,HDFC Money Market Fund - Growth Option - Direct Plan,3569.9336,HDFC Mutual Fund,Debt Scheme - Money Market Fund
2018-01-12,119092,HDFC Money Market Fund - Growth Option - Direct Plan,3570.5428,HDFC Mutual Fund,Debt Scheme - Money Market Fund
2018-01-14,119092,HDFC Money Market Fund - Growth Option - Direct Plan,3571.8037,HDFC Mutual Fund,Debt Scheme - Money Market Fund
2018-01-15,119092,HDFC Money Market Fund - Growth Option - Direct Plan,3572.4517,HDFC Mutual Fund,Debt Scheme - Money Market Fund
2018-01-16,119092,HDFC Money Market Fund - Growth Option - Direct Plan,3573.0813,HDFC Mutual Fund,Debt Scheme - Money Market Fund
2018-01-17,119092,HDFC Money Market Fund - Growth Option - Direct Plan,3573.6985,HDFC Mutual Fund,Debt Scheme - Money Market Fund
2018-01-18,119092,HDFC Money Market Fund - Growth Option - Direct Plan,3574.3341,HDFC Mutual Fund,Debt Scheme - Money Market Fund
2018-01-19,119092,HDFC Money Market Fund - Growth Option - Direct Plan,3574.9524,HDFC Mutual Fund,Debt Scheme - Money Market Fund
2018-01-21,119092,HDFC Money Market Fund - Growth Option - Direct Plan,3576.2535,HDFC Mutual Fund,Debt Scheme - Money Market Fund
2018-01-22,119092,HDFC Money Market Fund - Growth Option - Direct Plan,3576.887,HDFC Mutual Fund,Debt Scheme - Money Market Fund
2018-01-23,119092,HDFC Money Market Fund - Growth Option - Direct Plan,3577.5242,HDFC Mutual Fund,Debt Scheme - Money Market Fund
2018-01-24,119092,HDFC Money Market Fund - Growth Option - Direct Plan,3578.159,HDFC Mutual Fund,Debt Scheme - Money Market Fund
2018-01-25,119092,HDFC Money Market Fund - Growth Option - Direct Plan,3578.7968,HDFC Mutual Fund,Debt Scheme - Money Market Fund
2018-01-28,119092,HDFC Money Market Fund - Growth Option - Direct Plan,3580.73,HDFC Mutual Fund,Debt Scheme - Money Market Fund
2018-01-29,119092,HDFC Money Market Fund - Growth Option - Direct Plan,3581.3825,HDFC Mutual Fund,Debt Scheme - Money Market Fund
2018-01-30,119092,HDFC Money Market Fund - Growth Option - Direct Plan,3582.0546,HDFC Mutual Fund,Debt Scheme - Money Market Fund
2018-01-31,119092,HDFC Money Market Fund - Growth Option - Direct Plan,3582.7053,HDFC Mutual Fund,Debt Scheme - Money Market Fund
2018-02-01,119092,HDFC Money Market Fund - Growth Option - Direct Plan,3583.3151,HDFC Mutual Fund,Debt Scheme - Money Market Fund
2018-02-02,119092,HDFC Money Market Fund - Growth Option - Direct Plan,3583.9712,HDFC Mutual Fund,Debt Scheme - Money Market Fund
2018-02-04,119092,HDFC Money Market Fund - Growth Option - Direct Plan,3585.2874,HDFC Mutual Fund,Debt Scheme - Money Market Fund
2018-02-05,119092,HDFC Money Market Fund - Growth Option - Direct Plan,3585.91,HDFC Mutual Fund,Debt Scheme - Money Market Fund
2018-02-06,119092,HDFC Money Market Fund - Growth Option - Direct Plan,3586.5624,HDFC Mutual Fund,Debt Scheme - Money Market Fund
2018-02-07,119092,HDFC Money Market Fund - Growth Option - Direct Plan,3587.2406,HDFC Mutual Fund,Debt Scheme - Money Market Fund
2018-02-08,119092,HDFC Money Market Fund - Growth Option - Direct Plan,3587.8768,HDFC Mutual Fund,Debt Scheme - Money Market Fund
2018-02-09,119092,HDFC Money Market Fund - Growth Option - Direct Plan,3588.5597,HDFC Mutual Fund,Debt Scheme - Money Market Fund
2018-02-11,119092,HDFC Money Market Fund - Growth Option - Direct Plan,3589.8896,HDFC Mutual Fund,Debt Scheme - Money Market Fund
2018-02-12,119092,HDFC Money Market Fund - Growth Option - Direct Plan,3590.5319,HDFC Mutual Fund,Debt Scheme - Money Market Fund
2018-02-13,119092,HDFC Money Market Fund - Growth Option - Direct Plan,3591.185,HDFC Mutual Fund,Debt Scheme - Money Market Fund
2018-02-14,119092,HDFC Money Market Fund - Growth Option - Direct Plan,3591.8457,HDFC Mutual Fund,Debt Scheme - Money Market Fund
2018-02-15,119092,HDFC Money Market Fund - Growth Option - Direct Plan,3592.5023,HDFC Mutual Fund,Debt Scheme - Money Market Fund
2018-02-16,119092,HDFC Money Market Fund - Growth Option - Direct Plan,3593.1606,HDFC Mutual Fund,Debt Scheme - Money Market Fund
2018-02-19,119092,HDFC Money Market Fund - Growth Option - Direct Plan,3595.1452,HDFC Mutual Fund,Debt Scheme - Money Market Fund
2018-02-20,119092,HDFC Money Market Fund - Growth Option - Direct Plan,3595.768,HDFC Mutual Fund,Debt Scheme - Money Market Fund
2018-02-21,119092,HDFC Money Market Fund - Growth Option - Direct Plan,3596.4411,HDFC Mutual Fund,Debt Scheme - Money Market Fund
2018-02-22,119092,HDFC Money Market Fund - Growth Option - Direct Plan,3597.0718,HDFC Mutual Fund,Debt Scheme - Money Market Fund
2018-02-23,119092,HDFC Money Market Fund - Growth Option - Direct Plan,3597.7262,HDFC Mutual Fund,Debt Scheme - Money Market Fund
2018-02-25,119092,HDFC Money Market Fund - Growth Option - Direct Plan,3599.0464,HDFC Mutual Fund,Debt Scheme - Money Market Fund
2018-02-26,119092,HDFC Money Market Fund - Growth Option - Direct Plan,3599.7169,HDFC Mutual Fund,Debt Scheme - Money Market Fund
2018-02-27,119092,HDFC Money Market Fund - Growth Option - Direct Plan,3600.3825,HDFC Mutual Fund,Debt Scheme - Money Market Fund
2018-02-28,119092,HDFC Money Market Fund - Growth Option - Direct Plan,3601.0493,HDFC Mutual Fund,Debt Scheme - Money Market Fund
2018-03-01,119092,HDFC Money Market Fund - Growth Option - Direct Plan,3601.76,HDFC Mutual Fund,Debt Scheme - Money Market Fund
2018-03-04,119092,HDFC Money Market Fund - Growth Option - Direct Plan,3603.8577,HDFC Mutual Fund,Debt Scheme - Money Market Fund
2018-03-05,119092,HDFC Money Market Fund - Growth Option - Direct Plan,3604.5069,HDFC Mutual Fund,Debt Scheme - Money Market Fund
2018-03-06,119092,HDFC Money Market Fund - Growth Option - Direct Plan,3605.2029,HDFC Mutual Fund,Debt Scheme - Money Market Fund
2018-03-07,119092,HDFC Money Market Fund - Growth Option - Direct Plan,3606.0523,HDFC Mutual Fund,Debt Scheme - Money Market Fund
2018-03-08,119092,HDFC Money Market Fund - Growth Option - Direct Plan,3606.6961,HDFC Mutual Fund,Debt Scheme - Money Market Fund
2018-03-09,119092,HDFC Money Market Fund - Growth Option - Direct Plan,3607.3635,HDFC Mutual Fund,Debt Scheme - Money Market Fund
2018-03-11,119092,HDFC Money Market Fund - Growth Option - Direct Plan,3608.7393,HDFC Mutual Fund,Debt Scheme - Money Market Fund
2018-03-12,119092,HDFC Money Market Fund - Growth Option - Direct Plan,3609.4878,HDFC Mutual Fund,Debt Scheme - Money Market Fund
2018-03-13,119092,HDFC Money Market Fund - Growth Option - Direct Plan,3610.1864,HDFC Mutual Fund,Debt Scheme - Money Market Fund
2018-03-14,119092,HDFC Money Market Fund - Growth Option - Direct Plan,3610.8811,HDFC Mutual Fund,Debt Scheme - Money Market Fund
2018-03-15,119092,HDFC Money Market Fund - Growth Option - Direct Plan,3611.6945,HDFC Mutual Fund,Debt Scheme - Money Market Fund
2018-03-16,119092,HDFC Money Market Fund - Growth Option - Direct Plan,3612.8496,HDFC Mutual Fund,Debt Scheme - Money Market Fund
2018-03-18,119092,HDFC Money Market Fund - Growth Option - Direct Plan,3614.2642,HDFC Mutual Fund,Debt Scheme - Money Market Fund
2018-03-19,119092,HDFC Money Market Fund - Growth Option - Direct Plan,3614.9855,HDFC Mutual Fund,Debt Scheme - Money Market Fund
2018-03-20,119092,HDFC Money Market Fund - Growth Option - Direct Plan,3615.6278,HDFC Mutual Fund,Debt Scheme - Money Market Fund
2018-03-21,119092,HDFC Money Market Fund - Growth Option - Direct Plan,3616.2006,HDFC Mutual Fund,Debt Scheme - Money Market Fund
2018-03-22,119092,HDFC Money Market Fund - Growth Option - Direct Plan,3616.823,HDFC Mutual Fund,Debt Scheme - Money Market Fund
2018-03-23,119092,HDFC Money Market Fund - Growth Option - Direct Plan,3617.299,HDFC Mutual Fund,Debt Scheme - Money Market Fund
2018-03-25,119092,HDFC Money Market Fund - Growth Option - Direct Plan,3618.7356,HDFC Mutual Fund,Debt Scheme - Money Market Fund
2018-03-26,119092,HDFC Money Market Fund - Growth Option - Direct Plan,3619.302,HDFC Mutual Fund,Debt Scheme - Money Market Fund
2018-03-27,119092,HDFC Money Market Fund - Growth Option - Direct Plan,3620.0415,HDFC Mutual Fund,Debt Scheme - Money Market Fund
2018-03-28,119092,HDFC Money Market Fund - Growth Option - Direct Plan,3622.3038,HDFC Mutual Fund,Debt Scheme - Money Market Fund
2018-03-31,119092,HDFC Money Market Fund - Growth Option - Direct Plan,3624.4209,HDFC Mutual Fund,Debt Scheme - Money Market Fund
2018-04-02,119092,HDFC Money Market Fund - Growth Option - Direct Plan,3625.8417,HDFC Mutual Fund,Debt Scheme - Money Market Fund
2018-04-03,119092,HDFC Money Market Fund - Growth Option - Direct Plan,3626.587,HDFC Mutual Fund,Debt Scheme - Money Market Fund
2018-04-04,119092,HDFC Money Market Fund - Growth Option - Direct Plan,3627.3585,HDFC Mutual Fund,Debt Scheme - Money Market Fund
2018-04-05,119092,HDFC Money Market Fund - Growth Option - Direct Plan,3628.0483,HDFC Mutual Fund,Debt Scheme - Money Market Fund
2018-04-06,119092,HDFC Money Market Fund - Growth Option - Direct Plan,3628.7427,HDFC Mutual Fund,Debt Scheme - Money Market Fund
2018-04-08,119092,HDFC Money Market Fund - Growth Option - Direct Plan,3630.1161,HDFC Mutual Fund,Debt Scheme - Money Market Fund
2018-04-09,119092,HDFC Money Market Fund - Growth Option - Direct Plan,3630.831,HDFC Mutual Fund,Debt Scheme - Money Market Fund
2018-04-10,119092,HDFC Money Market Fund - Growth Option - Direct Plan,3631.5028,HDFC Mutual Fund,Debt Scheme - Money Market Fund
2018-04-11,119092,HDFC Money Market Fund - Growth Option - Direct Plan,3632.1726,HDFC Mutual Fund,Debt Scheme - Money Market Fund
2018-04-12,119092,HDFC Money Market Fund - Growth Option - Direct Plan,3632.833,HDFC Mutual Fund,Debt Scheme - Money Market Fund
2018-04-13,119092,HDFC Money Market Fund - Growth Option - Direct Plan,3633.52,HDFC Mutual Fund,Debt Scheme - Money Market Fund
2018-04-15,119092,HDFC Money Market Fund - Growth Option - Direct Plan,3634.9082,HDFC Mutual Fund,Debt Scheme - Money Market Fund
2018-04-16,119092,HDFC Money Market Fund - Growth Option - Direct Plan,3635.6015,HDFC Mutual Fund,Debt Scheme - Money Market Fund
2018-04-17,119092,HDFC Money Market Fund - Growth Option - Direct Plan,3636.2486,HDFC Mutual Fund,Debt Scheme - Money Market Fund
2018-04-18,119092,HDFC Money Market Fund - Growth Option - Direct Plan,3636.9573,HDFC Mutual Fund,Debt Scheme - Money Market Fund
2018-04-19,119092,HDFC Money Market Fund - Growth Option - Direct Plan,3637.6273,HDFC Mutual Fund,Debt Scheme - Money Market Fund
2018-04-20,119092,HDFC Money Market Fund - Growth Option - Direct Plan,3638.1565,HDFC Mutual Fund,Debt Scheme - Money Market Fund
2018-04-22,119092,HDFC Money Market Fund - Growth Option - Direct Plan,3639.5464,HDFC Mutual Fund,Debt Scheme - Money Market Fund
2018-04-23,119092,HDFC Money Market Fund - Growth Option - Direct Plan,3640.1528,HDFC Mutual Fund,Debt Scheme - Money Market Fund
2018-04-24,119092,HDFC Money Market Fund - Growth Option - Direct Plan,3640.8015,HDFC Mutual Fund,Debt Scheme - Money Market Fund
2018-04-25,119092,HDFC Money Market Fund - Growth Option - Direct Plan,3641.4727,HDFC Mutual Fund,Debt Scheme - Money Market Fund
2018-04-26,119092,HDFC Money Market Fund - Growth Option - Direct Plan,3642.1652,HDFC Mutual Fund,Debt Scheme - Money Market Fund
2018-04-27,119092,HDFC Money Market Fund - Growth Option - Direct Plan,3642.8498,HDFC Mutual Fund,Debt Scheme - Money Market Fund
2018-05-01,119092,HDFC Money Market Fund - Growth Option - Direct Plan,3645.6219,HDFC Mutual Fund,Debt Scheme - Money Market Fund
2018-05-02,119092,HDFC Money Market Fund - Growth Option - Direct Plan,3646.2495,HDFC Mutual Fund,Debt Scheme - Money Market Fund
2018-05-03,119092,HDFC Money Market Fund - Growth Option - Direct Plan,3646.8796,HDFC Mutual Fund,Debt Scheme - Money Market Fund
2018-05-04,119092,HDFC Money Market Fund - Growth Option - Direct Plan,3647.4455,HDFC Mutual Fund,Debt Scheme - Money Market Fund
2018-05-06,119092,HDFC Money Market Fund - Growth Option - Direct Plan,3648.8176,HDFC Mutual Fund,Debt Scheme - Money Market Fund
2018-05-07,119092,HDFC Money Market Fund - Growth Option - Direct Plan,3649.4832,HDFC Mutual Fund,Debt Scheme - Money Market Fund
2018-05-08,119092,HDFC Money Market Fund - Growth Option - Direct Plan,3650.0968,HDFC Mutual Fund,Debt Scheme - Money Market Fund
2018-05-09,119092,HDFC Money Market Fund - Growth Option - Direct Plan,3650.6892,HDFC Mutual Fund,Debt Scheme - Money Market Fund
2018-05-10,119092,HDFC Money Market Fund - Growth Option - Direct Plan,3651.1807,HDFC Mutual Fund,Debt Scheme - Money Market Fund
2018-05-11,119092,HDFC Money Market Fund - Growth Option - Direct Plan,3651.8417,HDFC Mutual Fund,Debt Scheme - Money Market Fund
2018-05-13,119092,HDFC Money Market Fund - Growth Option - Direct Plan,3653.2387,HDFC Mutual Fund,Debt Scheme - Money Market Fund
2018-05-14,119092,HDFC Money Market Fund - Growth Option - Direct Plan,3653.8744,HDFC Mutual Fund,Debt Scheme - Money Market Fund
2018-05-15,119092,HDFC Money Market Fund - Growth Option - Direct Plan,3654.3493,HDFC Mutual Fund,Debt Scheme - Money Market Fund
2018-05-16,119092,HDFC Money Market Fund - Growth Option - Direct Plan,3654.9359,HDFC Mutual Fund,Debt Scheme - Money Market Fund
2018-05-17,119092,HDFC Money Market Fund - Growth Option - Direct Plan,3655.5548,HDFC Mutual Fund,Debt Scheme - Money Market Fund
2018-05-18,119092,HDFC Money Market Fund - Growth Option - Direct Plan,3656.2124,HDFC Mutual Fund,Debt Scheme - Money Market Fund
2018-05-20,119092,HDFC Money Market Fund - Growth Option - Direct Plan,3657.6351,HDFC Mutual Fund,Debt Scheme - Money Market Fund
2018-05-21,119092,HDFC Money Market Fund - Growth Option - Direct Plan,3658.2341,HDFC Mutual Fund,Debt Scheme - Money Market Fund
2018-05-22,119092,HDFC Money Market Fund - Growth Option - Direct Plan,3658.9296,HDFC Mutual Fund,Debt Scheme - Money Market Fund
2018-05-23,119092,HDFC Money Market Fund - Growth Option - Direct Plan,3659.6033,HDFC Mutual Fund,Debt Scheme - Money Market Fund
2018-05-24,119092,HDFC Money Market Fund - Growth Option - Direct Plan,3660.2814,HDFC Mutual Fund,Debt Scheme - Money Market Fund
2018-05-25,119092,HDFC Money Market Fund - Growth Option - Direct Plan,3660.977,HDFC Mutual Fund,Debt Scheme - Money Market Fund
2018-05-27,119092,HDFC Money Market Fund - Growth Option - Direct Plan,3662.439,HDFC Mutual Fund,Debt Scheme - Money Market Fund
2018-05-28,119092,HDFC Money Market Fund - Growth Option - Direct Plan,3663.1364,HDFC Mutual Fund,Debt Scheme - Money Market Fund
2018-05-29,119092,HDFC Money Market Fund - Growth Option - Direct Plan,3663.9097,HDFC Mutual Fund,Debt Scheme - Money Market Fund
2018-05-30,119092,HDFC Money Market Fund - Growth Option - Direct Plan,3664.6508,HDFC Mutual Fund,Debt Scheme - Money Market Fund
2018-05-31,119092,HDFC Money Market Fund - Growth Option - Direct Plan,3665.3407,HDFC Mutual Fund,Debt Scheme - Money Market Fund
2018-06-01,119092,HDFC Money Market Fund - Growth Option - Direct Plan,3666.0448,HDFC Mutual Fund,Debt Scheme - Money Market Fund
2018-06-04,119092,HDFC Money Market Fund - Growth Option - Direct Plan,3668.204,HDFC Mutual Fund,Debt Scheme - Money Market Fund
2018-06-05,119092,HDFC Money Market Fund - Growth Option - Direct Plan,3669.0214,HDFC Mutual Fund,Debt Scheme - Money Market Fund
2018-06-06,119092,HDFC Money Market Fund - Growth Option - Direct Plan,3669.9188,HDFC Mutual Fund,Debt Scheme - Money Market Fund
2018-06-07,119092,HDFC Money Market Fund - Growth Option - Direct Plan,3670.6413,HDFC Mutual Fund,Debt Scheme - Money Market Fund
2018-06-08,119092,HDFC Money Market Fund - Growth Option - Direct Plan,3671.3584,HDFC Mutual Fund,Debt Scheme - Money Market Fund
2018-06-11,119092,HDFC Money Market Fund - Growth Option - Direct Plan,3673.5316,HDFC Mutual Fund,Debt Scheme - Money Market Fund
2018-06-12,119092,HDFC Money Market Fund - Growth Option - Direct Plan,3674.2557,HDFC Mutual Fund,Debt Scheme - Money Market Fund
2018-06-13,119092,HDFC Money Market Fund - Growth Option - Direct Plan,3674.9731,HDFC Mutual Fund,Debt Scheme - Money Market Fund
2018-06-14,119092,HDFC Money Market Fund - Growth Option - Direct Plan,3675.6996,HDFC Mutual Fund,Debt Scheme - Money Market Fund
2018-06-15,119092,HDFC Money Market Fund - Growth Option - Direct Plan,3676.4459,HDFC Mutual Fund,Debt Scheme - Money Market Fund
2018-06-18,119092,HDFC Money Market Fund - Growth Option - Direct Plan,3678.745,HDFC Mutual Fund,Debt Scheme - Money Market Fund
2018-06-19,119092,HDFC Money Market Fund - Growth Option - Direct Plan,3679.6877,HDFC Mutual Fund,Debt Scheme - Money Market Fund
2018-06-20,119092,HDFC Money Market Fund - Growth Option - Direct Plan,3680.5289,HDFC Mutual Fund,Debt Scheme - Money Market Fund
2018-06-21,119092,HDFC Money Market Fund - Growth Option - Direct Plan,3681.283,HDFC Mutual Fund,Debt Scheme - Money Market Fund
2018-06-22,119092,HDFC Money Market Fund - Growth Option - Direct Plan,3681.9541,HDFC Mutual Fund,Debt Scheme - Money Market Fund
2018-06-25,119092,HDFC Money Market Fund - Growth Option - Direct Plan,3684.2275,HDFC Mutual Fund,Debt Scheme - Money Market Fund
2018-06-26,119092,HDFC Money Market Fund - Growth Option - Direct Plan,3684.9108,HDFC Mutual Fund,Debt Scheme - Money Market Fund
2018-06-27,119092,HDFC Money Market Fund - Growth Option - Direct Plan,3685.6369,HDFC Mutual Fund,Debt Scheme - Money Market Fund
2018-06-28,119092,HDFC Money Market Fund - Growth Option - Direct Plan,3686.4049,HDFC Mutual Fund,Debt Scheme - Money Market Fund
2018-06-29,119092,HDFC Money Market Fund - Growth Option - Direct Plan,3687.607,HDFC Mutual Fund,Debt Scheme - Money Market Fund
2018-07-02,119092,HDFC Money Market Fund - Growth Option - Direct Plan,3690.1901,HDFC Mutual Fund,Debt Scheme - Money Market Fund
2018-07-03,119092,HDFC Money Market Fund - Growth Option - Direct Plan,3690.9285,HDFC Mutual Fund,Debt Scheme - Money Market Fund
2018-07-04,119092,HDFC Money Market Fund - Growth Option - Direct Plan,3692.0381,HDFC Mutual Fund,Debt Scheme - Money Market Fund
2018-07-05,119092,HDFC Money Market Fund - Growth Option - Direct Plan,3692.8716,HDFC Mutual Fund,Debt Scheme - Money Market Fund
2018-07-06,119092,HDFC Money Market Fund - Growth Option - Direct Plan,3693.6113,HDFC Mutual Fund,Debt Scheme - Money Market Fund
2018-07-09,119092,HDFC Money Market Fund - Growth Option - Direct Plan,3695.9951,HDFC Mutual Fund,Debt Scheme - Money Market Fund
2018-07-10,119092,HDFC Money Market Fund - Growth Option - Direct Plan,3696.726,HDFC Mutual Fund,Debt Scheme - Money Market Fund
2018-07-11,119092,HDFC Money Market Fund - Growth Option - Direct Plan,3697.3895,HDFC Mutual Fund,Debt Scheme - Money Market Fund
2018-07-12,119092,HDFC Money Market Fund - Growth Option - Direct Plan,3698.1859,HDFC Mutual Fund,Debt Scheme - Money Market Fund
2018-07-13,119092,HDFC Money Market Fund - Growth Option - Direct Plan,3698.9137,HDFC Mutual Fund,Debt Scheme - Money Market Fund
2018-07-16,119092,HDFC Money Market Fund - Growth Option - Direct Plan,3701.0161,HDFC Mutual Fund,Debt Scheme - Money Market Fund
2018-07-17,119092,HDFC Money Market Fund - Growth Option - Direct Plan,3701.7623,HDFC Mutual Fund,Debt Scheme - Money Market Fund
2018-07-18,119092,HDFC Money Market Fund - Growth Option - Direct Plan,3702.5496,HDFC Mutual Fund,Debt Scheme - Money Market Fund
2018-07-19,119092,HDFC Money Market Fund - Growth Option - Direct Plan,3703.1936,HDFC Mutual Fund,Debt Scheme - Money Market Fund
2018-07-20,119092,HDFC Money Market Fund - Growth Option - Direct Plan,3703.8209,HDFC Mutual Fund,Debt Scheme - Money Market Fund
2018-07-23,119092,HDFC Money Market Fund - Growth Option - Direct Plan,3705.8583,HDFC Mutual Fund,Debt Scheme - Money Market Fund
2018-07-24,119092,HDFC Money Market Fund - Growth Option - Direct Plan,3706.3373,HDFC Mutual Fund,Debt Scheme - Money Market Fund
2018-07-25,119092,HDFC Money Market Fund - Growth Option - Direct Plan,3707.0207,HDFC Mutual Fund,Debt Scheme - Money Market Fund
2018-07-26,119092,HDFC Money Market Fund - Growth Option - Direct Plan,3707.6921,HDFC Mutual Fund,Debt Scheme - Money Market Fund
2018-07-27,119092,HDFC Money Market Fund - Growth Option - Direct Plan,3708.5793,HDFC Mutual Fund,Debt Scheme - Money Market Fund
2018-07-30,119092,HDFC Money Market Fund - Growth Option - Direct Plan,3710.7551,HDFC Mutual Fund,Debt Scheme - Money Market Fund
2018-07-31,119092,HDFC Money Market Fund - Growth Option - Direct Plan,3711.5296,HDFC Mutual Fund,Debt Scheme - Money Market Fund
2018-08-01,119092,HDFC Money Market Fund - Growth Option - Direct Plan,3712.2854,HDFC Mutual Fund,Debt Scheme - Money Market Fund
2018-08-02,119092,HDFC Money Market Fund - Growth Option - Direct Plan,3713.1986,HDFC Mutual Fund,Debt Scheme - Money Market Fund
2018-08-03,119092,HDFC Money Market Fund - Growth Option - Direct Plan,3714.0635,HDFC Mutual Fund,Debt Scheme - Money Market Fund
2018-08-06,119092,HDFC Money Market Fund - Growth Option - Direct Plan,3716.2854,HDFC Mutual Fund,Debt Scheme - Money Market Fund
2018-08-07,119092,HDFC Money Market Fund - Growth Option - Direct Plan,3717.0545,HDFC Mutual Fund,Debt Scheme - Money Market Fund
2018-08-08,119092,HDFC Money Market Fund - Growth Option - Direct Plan,3717.8237,HDFC Mutual Fund,Debt Scheme - Money Market Fund
2018-08-09,119092,HDFC Money Market Fund - Growth Option - Direct Plan,3718.6457,HDFC Mutual Fund,Debt Scheme - Money Market Fund
2018-08-10,119092,HDFC Money Market Fund - Growth Option - Direct Plan,3719.3725,HDFC Mutual Fund,Debt Scheme - Money Market Fund
2018-08-13,119092,HDFC Money Market Fund - Growth Option - Direct Plan,3721.5141,HDFC Mutual Fund,Debt Scheme - Money Market Fund
2018-08-14,119092,HDFC Money Market Fund - Growth Option - Direct Plan,3722.2147,HDFC Mutual Fund,Debt Scheme - Money Market Fund
2018-08-16,119092,HDFC Money Market Fund - Growth Option - Direct Plan,3723.6676,HDFC Mutual Fund,Debt Scheme - Money Market Fund
2018-08-20,119092,HDFC Money Market Fund - Growth Option - Direct Plan,3726.5822,HDFC Mutual Fund,Debt Scheme - Money Market Fund
2018-08-21,119092,HDFC Money Market Fund - Growth Option - Direct Plan,3727.2407,HDFC Mutual Fund,Debt Scheme - Money Market Fund
2018-08-23,119092,HDFC Money Market Fund - Growth Option - Direct Plan,3728.6055,HDFC Mutual Fund,Debt Scheme - Money Market Fund
2018-08-24,119092,HDFC Money Market Fund - Growth Option - Direct Plan,3729.2354,HDFC Mutual Fund,Debt Scheme - Money Market Fund
2018-08-27,119092,HDFC Money Market Fund - Growth Option - Direct Plan,3731.4211,HDFC Mutual Fund,Debt Scheme - Money Market Fund
2018-08-28,119092,HDFC Money Market Fund - Growth Option - Direct Plan,3732.179,HDFC Mutual Fund,Debt Scheme - Money Market Fund
2018-08-29,119092,HDFC Money Market Fund - Growth Option - Direct Plan,3733.2403,HDFC Mutual Fund,Debt Scheme - Money Market Fund
2018-08-30,119092,HDFC Money Market Fund - Growth Option - Direct Plan,3733.9957,HDFC Mutual Fund,Debt Scheme - Money Market Fund
2018-08-31,119092,HDFC Money Market Fund - Growth Option - Direct Plan,3734.7722,HDFC Mutual Fund,Debt Scheme - Money Market Fund
2018-09-03,119092,HDFC Money Market Fund - Growth Option - Direct Plan,3737.1712,HDFC Mutual Fund,Debt Scheme - Money Market Fund
2018-09-04,119092,HDFC Money Market Fund - Growth Option - Direct Plan,3737.9052,HDFC Mutual Fund,Debt Scheme - Money Market Fund
2018-09-05,119092,HDFC Money Market Fund - Growth Option - Direct Plan,3738.5233,HDFC Mutual Fund,Debt Scheme - Money Market Fund
2018-09-06,119092,HDFC Money Market Fund - Growth Option - Direct Plan,3739.3085,HDFC Mutual Fund,Debt Scheme - Money Market Fund
2018-09-07,119092,HDFC Money Market Fund - Growth Option - Direct Plan,3740.0724,HDFC Mutual Fund,Debt Scheme - Money Market Fund
2018-09-10,119092,HDFC Money Market Fund - Growth Option - Direct Plan,3741.6037,HDFC Mutual Fund,Debt Scheme - Money Market Fund
2018-09-11,119092,HDFC Money Market Fund - Growth Option - Direct Plan,3741.621,HDFC Mutual Fund,Debt Scheme - Money Market Fund
2018-09-12,119092,HDFC Money Market Fund - Growth Option - Direct Plan,3742.3052,HDFC Mutual Fund,Debt Scheme - Money Market Fund
2018-09-14,119092,HDFC Money Market Fund - Growth Option - Direct Plan,3743.6318,HDFC Mutual Fund,Debt Scheme - Money Market Fund
2018-09-17,119092,HDFC Money Market Fund - Growth Option - Direct Plan,3745.8106,HDFC Mutual Fund,Debt Scheme - Money Market Fund
2018-09-18,119092,HDFC Money Market Fund - Growth Option - Direct Plan,3746.8412,HDFC Mutual Fund,Debt Scheme - Money Market Fund
2018-09-19,119092,HDFC Money Market Fund - Growth Option - Direct Plan,3747.5204,HDFC Mutual Fund,Debt Scheme - Money Market Fund
2018-09-21,119092,HDFC Money Market Fund - Growth Option - Direct Plan,3749.0203,HDFC Mutual Fund,Debt Scheme - Money Market Fund
2018-09-24,119092,HDFC Money Market Fund - Growth Option - Direct Plan,3750.4164,HDFC Mutual Fund,Debt Scheme - Money Market Fund
2018-09-25,119092,HDFC Money Market Fund - Growth Option - Direct Plan,3748.5485,HDFC Mutual Fund,Debt Scheme - Money Market Fund
2018-09-26,119092,HDFC Money Market Fund - Growth Option - Direct Plan,3749.3624,HDFC Mutual Fund,Debt Scheme - Money Market Fund
2018-09-27,119092,HDFC Money Market Fund - Growth Option - Direct Plan,3752.2921,HDFC Mutual Fund,Debt Scheme - Money Market Fund
2018-09-28,119092,HDFC Money Market Fund - Growth Option - Direct Plan,3754.1776,HDFC Mutual Fund,Debt Scheme - Money Market Fund
2018-10-01,119092,HDFC Money Market Fund - Growth Option - Direct Plan,3756.8327,HDFC Mutual Fund,Debt Scheme - Money Market Fund
2018-10-03,119092,HDFC Money Market Fund - Growth Option - Direct Plan,3758.1588,HDFC Mutual Fund,Debt Scheme - Money Market Fund
2018-10-04,119092,HDFC Money Market Fund - Growth Option - Direct Plan,3758.624,HDFC Mutual Fund,Debt Scheme - Money Market Fund
2018-10-05,119092,HDFC Money Market Fund - Growth Option - Direct Plan,3761.4006,HDFC Mutual Fund,Debt Scheme - Money Market Fund
2018-10-08,119092,HDFC Money Market Fund - Growth Option - Direct Plan,3763.7318,HDFC Mutual Fund,Debt Scheme - Money Market Fund
2018-10-09,119092,HDFC Money Market Fund - Growth Option - Direct Plan,3764.4199,HDFC Mutual Fund,Debt Scheme - Money Market Fund
2018-10-10,119092,HDFC Money Market Fund - Growth Option - Direct Plan,3765.1782,HDFC Mutual Fund,Debt Scheme - Money Market Fund
2018-10-11,119092,HDFC Money Market Fund - Growth Option - Direct Plan,3765.8843,HDFC Mutual Fund,Debt Scheme - Money Market Fund
2018-10-12,119092,HDFC Money Market Fund - Growth Option - Direct Plan,3766.5512,HDFC Mutual Fund,Debt Scheme - Money Market Fund
2018-10-15,119092,HDFC Money Market Fund - Growth Option - Direct Plan,3768.6624,HDFC Mutual Fund,Debt Scheme - Money Market Fund
2018-10-16,119092,HDFC Money Market Fund - Growth Option - Direct Plan,3769.507,HDFC Mutual Fund,Debt Scheme - Money Market Fund
2018-10-17,119092,HDFC Money Market Fund - Growth Option - Direct Plan,3770.336,HDFC Mutual Fund,Debt Scheme - Money Market Fund
2018-10-19,119092,HDFC Money Market Fund - Growth Option - Direct Plan,3771.7561,HDFC Mutual Fund,Debt Scheme - Money Market Fund
2018-10-22,119092,HDFC Money Market Fund - Growth Option - Direct Plan,3774.0249,HDFC Mutual Fund,Debt Scheme - Money Market Fund
2018-10-23,119092,HDFC Money Market Fund - Growth Option - Direct Plan,3774.7256,HDFC Mutual Fund,Debt Scheme - Money Market Fund
2018-10-24,119092,HDFC Money Market Fund - Growth Option - Direct Plan,3775.5104,HDFC Mutual Fund,Debt Scheme - Money Market Fund
2018-10-25,119092,HDFC Money Market Fund - Growth Option - Direct Plan,3776.3141,HDFC Mutual Fund,Debt Scheme - Money Market Fund
2018-10-26,119092,HDFC Money Market Fund - Growth Option - Direct Plan,3777.1107,HDFC Mutual Fund,Debt Scheme - Money Market Fund
2018-10-29,119092,HDFC Money Market Fund - Growth Option - Direct Plan,3779.3355,HDFC Mutual Fund,Debt Scheme - Money Market Fund
2018-10-30,119092,HDFC Money Market Fund - Growth Option - Direct Plan,3780.0643,HDFC Mutual Fund,Debt Scheme - Money Market Fund
2018-10-31,119092,HDFC Money Market Fund - Growth Option - Direct Plan,3780.8573,HDFC Mutual Fund,Debt Scheme - Money Market Fund
2018-11-01,119092,HDFC Money Market Fund - Growth Option - Direct Plan,3781.7547,HDFC Mutual Fund,Debt Scheme - Money Market Fund
2018-11-02,119092,HDFC Money Market Fund - Growth Option - Direct Plan,3782.6099,HDFC Mutual Fund,Debt Scheme - Money Market Fund
2018-11-05,119092,HDFC Money Market Fund - Growth Option - Direct Plan,3784.9644,HDFC Mutual Fund,Debt Scheme - Money Market Fund
2018-11-06,119092,HDFC Money Market Fund - Growth Option - Direct Plan,3785.8486,HDFC Mutual Fund,Debt Scheme - Money Market Fund
2018-11-09,119092,HDFC Money Market Fund - Growth Option - Direct Plan,3788.195,HDFC Mutual Fund,Debt Scheme - Money Market Fund
2018-11-12,119092,HDFC Money Market Fund - Growth Option - Direct Plan,3790.7416,HDFC Mutual Fund,Debt Scheme - Money Market Fund
2018-11-13,119092,HDFC Money Market Fund - Growth Option - Direct Plan,3791.6315,HDFC Mutual Fund,Debt Scheme - Money Market Fund
2018-11-14,119092,HDFC Money Market Fund - Growth Option - Direct Plan,3792.7523,HDFC Mutual Fund,Debt Scheme - Money Market Fund
2018-11-15,119092,HDFC Money Market Fund - Growth Option - Direct Plan,3794.0432,HDFC Mutual Fund,Debt Scheme - Money Market Fund
2018-11-16,119092,HDFC Money Market Fund - Growth Option - Direct Plan,3795.0452,HDFC Mutual Fund,Debt Scheme - Money Market Fund
2018-11-19,119092,HDFC Money Market Fund - Growth Option - Direct Plan,3797.4247,HDFC Mutual Fund,Debt Scheme - Money Market Fund
2018-11-20,119092,HDFC Money Market Fund - Growth Option - Direct Plan,3798.2437,HDFC Mutual Fund,Debt Scheme - Money Market Fund
2018-11-22,119092,HDFC Money Market Fund - Growth Option - Direct Plan,3799.8589,HDFC Mutual Fund,Debt Scheme - Money Market Fund
2018-11-26,119092,HDFC Money Market Fund - Growth Option - Direct Plan,3803.0898,HDFC Mutual Fund,Debt Scheme - Money Market Fund
2018-11-27,119092,HDFC Money Market Fund - Growth Option - Direct Plan,3804.1093,HDFC Mutual Fund,Debt Scheme - Money Market Fund
2018-11-28,119092,HDFC Money Market Fund - Growth Option - Direct Plan,3804.9872,HDFC Mutual Fund,Debt Scheme - Money Market Fund
2018-11-29,119092,HDFC Money Market Fund - Growth Option - Direct Plan,3805.8394,HDFC Mutual Fund,Debt Scheme - Money Market Fund
2018-11-30,119092,HDFC Money Market Fund - Growth Option - Direct Plan,3806.5323,HDFC Mutual Fund,Debt Scheme - Money Market Fund
2018-12-03,119092,HDFC Money Market Fund - Growth Option - Direct Plan,3809.1775,HDFC Mutual Fund,Debt Scheme - Money Market Fund
2018-12-04,119092,HDFC Money Market Fund - Growth Option - Direct Plan,3810.26,HDFC Mutual Fund,Debt Scheme - Money Market Fund
2018-12-05,119092,HDFC Money Market Fund - Growth Option - Direct Plan,3812.0229,HDFC Mutual Fund,Debt Scheme - Money Market Fund
2018-12-06,119092,HDFC Money Market Fund - Growth Option - Direct Plan,3813.4412,HDFC Mutual Fund,Debt Scheme - Money Market Fund
2018-12-07,119092,HDFC Money Market Fund - Growth Option - Direct Plan,3814.3908,HDFC Mutual Fund,Debt Scheme - Money Market Fund
2018-12-10,119092,HDFC Money Market Fund - Growth Option - Direct Plan,3816.3984,HDFC Mutual Fund,Debt Scheme - Money Market Fund
2018-12-11,119092,HDFC Money Market Fund - Growth Option - Direct Plan,3816.9776,HDFC Mutual Fund,Debt Scheme - Money Market Fund
2018-12-12,119092,HDFC Money Market Fund - Growth Option - Direct Plan,3818.0154,HDFC Mutual Fund,Debt Scheme - Money Market Fund
2018-12-13,119092,HDFC Money Market Fund - Growth Option - Direct Plan,3819.3159,HDFC Mutual Fund,Debt Scheme - Money Market Fund
2018-12-14,119092,HDFC Money Market Fund - Growth Option - Direct Plan,3820.3688,HDFC Mutual Fund,Debt Scheme - Money Market Fund
2018-12-17,119092,HDFC Money Market Fund - Growth Option - Direct Plan,3822.6796,HDFC Mutual Fund,Debt Scheme - Money Market Fund
2018-12-18,119092,HDFC Money Market Fund - Growth Option - Direct Plan,3823.5918,HDFC Mutual Fund,Debt Scheme - Money Market Fund
2018-12-19,119092,HDFC Money Market Fund - Growth Option - Direct Plan,3824.8182,HDFC Mutual Fund,Debt Scheme - Money Market Fund
2018-12-20,119092,HDFC Money Market Fund - Growth Option - Direct Plan,3825.3474,HDFC Mutual Fund,Debt Scheme - Money Market Fund
2018-12-21,119092,HDFC Money Market Fund - Growth Option - Direct Plan,3825.9596,HDFC Mutual Fund,Debt Scheme - Money Market Fund
2018-12-24,119092,HDFC Money Market Fund - Growth Option - Direct Plan,3828.269,HDFC Mutual Fund,Debt Scheme - Money Market Fund
2018-12-26,119092,HDFC Money Market Fund - Growth Option - Direct Plan,3829.7516,HDFC Mutual Fund,Debt Scheme - Money Market Fund
2018-12-27,119092,HDFC Money Market Fund - Growth Option - Direct Plan,3830.6661,HDFC Mutual Fund,Debt Scheme - Money Market Fund
2018-12-28,119092,HDFC Money Market Fund - Growth Option - Direct Plan,3831.9643,HDFC Mutual Fund,Debt Scheme - Money Market Fund
2018-12-31,119092,HDFC Money Market Fund - Growth Option - Direct Plan,3834.7032,HDFC Mutual Fund,Debt Scheme - Money Market Fund
2019-01-01,119092,HDFC Money Market Fund - Growth Option - Direct Plan,3835.6478,HDFC Mutual Fund,Debt Scheme - Money Market Fund
2019-01-02,119092,HDFC Money Market Fund - Growth Option - Direct Plan,3836.7889,HDFC Mutual Fund,Debt Scheme - Money Market Fund
2019-01-03,119092,HDFC Money Market Fund - Growth Option - Direct Plan,3837.309,HDFC Mutual Fund,Debt Scheme - Money Market Fund
2019-01-04,119092,HDFC Money Market Fund - Growth Option - Direct Plan,3838.1051,HDFC Mutual Fund,Debt Scheme - Money Market Fund
2019-01-07,119092,HDFC Money Market Fund - Growth Option - Direct Plan,3840.3604,HDFC Mutual Fund,Debt Scheme - Money Market Fund
2019-01-08,119092,HDFC Money Market Fund - Growth Option - Direct Plan,3841.3584,HDFC Mutual Fund,Debt Scheme - Money Market Fund
2019-01-09,119092,HDFC Money Market Fund - Growth Option - Direct Plan,3842.2348,HDFC Mutual Fund,Debt Scheme - Money Market Fund
2019-01-10,119092,HDFC Money Market Fund - Growth Option - Direct Plan,3843.0364,HDFC Mutual Fund,Debt Scheme - Money Market Fund
2019-01-11,119092,HDFC Money Market Fund - Growth Option - Direct Plan,3843.8171,HDFC Mutual Fund,Debt Scheme - Money Market Fund
2019-01-14,119092,HDFC Money Market Fund - Growth Option - Direct Plan,3846.1704,HDFC Mutual Fund,Debt Scheme - Money Market Fund
2019-01-15,119092,HDFC Money Market Fund - Growth Option - Direct Plan,3847.0881,HDFC Mutual Fund,Debt Scheme - Money Market Fund
2019-01-16,119092,HDFC Money Market Fund - Growth Option - Direct Plan,3847.9891,HDFC Mutual Fund,Debt Scheme - Money Market Fund
2019-01-17,119092,HDFC Money Market Fund - Growth Option - Direct Plan,3848.8256,HDFC Mutual Fund,Debt Scheme - Money Market Fund
2019-01-18,119092,HDFC Money Market Fund - Growth Option - Direct Plan,3849.614,HDFC Mutual Fund,Debt Scheme - Money Market Fund
2019-01-21,119092,HDFC Money Market Fund - Growth Option - Direct Plan,3852.0237,HDFC Mutual Fund,Debt Scheme - Money Market Fund
2019-01-22,119092,HDFC Money Market Fund - Growth Option - Direct Plan,3853.1078,HDFC Mutual Fund,Debt Scheme - Money Market Fund
2019-01-23,119092,HDFC Money Market Fund - Growth Option - Direct Plan,3853.2079,HDFC Mutual Fund,Debt Scheme - Money Market Fund
2019-01-24,119092,HDFC Money Market Fund - Growth Option - Direct Plan,3854.028,HDFC Mutual Fund,Debt Scheme - Money Market Fund
2019-01-25,119092,HDFC Money Market Fund - Growth Option - Direct Plan,3854.7565,HDFC Mutual Fund,Debt Scheme - Money Market Fund
2019-01-28,119092,HDFC Money Market Fund - Growth Option - Direct Plan,3857.2653,HDFC Mutual Fund,Debt Scheme - Money Market Fund
2019-01-29,119092,HDFC Money Market Fund - Growth Option - Direct Plan,3858.252,HDFC Mutual Fund,Debt Scheme - Money Market Fund
2019-01-30,119092,HDFC Money Market Fund - Growth Option - Direct Plan,3859.0136,HDFC Mutual Fund,Debt Scheme - Money Market Fund
2019-01-31,119092,HDFC Money Market Fund - Growth Option - Direct Plan,3859.7657,HDFC Mutual Fund,Debt Scheme - Money Market Fund
2019-02-01,119092,HDFC Money Market Fund - Growth Option - Direct Plan,3860.3437,HDFC Mutual Fund,Debt Scheme - Money Market Fund
2019-02-04,119092,HDFC Money Market Fund - Growth Option - Direct Plan,3862.0595,HDFC Mutual Fund,Debt Scheme - Money Market Fund
2019-02-05,119092,HDFC Money Market Fund - Growth Option - Direct Plan,3862.7741,HDFC Mutual Fund,Debt Scheme - Money Market Fund
2019-02-06,119092,HDFC Money Market Fund - Growth Option - Direct Plan,3863.4747,HDFC Mutual Fund,Debt Scheme - Money Market Fund
2019-02-07,119092,HDFC Money Market Fund - Growth Option - Direct Plan,3866.0939,HDFC Mutual Fund,Debt Scheme - Money Market Fund
2019-02-08,119092,HDFC Money Market Fund - Growth Option - Direct Plan,3867.5916,HDFC Mutual Fund,Debt Scheme - Money Market Fund
2019-02-11,119092,HDFC Money Market Fund - Growth Option - Direct Plan,3869.8269,HDFC Mutual Fund,Debt Scheme - Money Market Fund
2019-02-12,119092,HDFC Money Market Fund - Growth Option - Direct Plan,3870.5686,HDFC Mutual Fund,Debt Scheme - Money Market Fund
2019-02-13,119092,HDFC Money Market Fund - Growth Option - Direct Plan,3873.2535,HDFC Mutual Fund,Debt Scheme - Money Market Fund
2019-02-14,119092,HDFC Money Market Fund - Growth Option - Direct Plan,3874.0483,HDFC Mutual Fund,Debt Scheme - Money Market Fund
2019-02-15,119092,HDFC Money Market Fund - Growth Option - Direct Plan,3873.3615,HDFC Mutual Fund,Debt Scheme - Money Market Fund
2019-02-18,119092,HDFC Money Market Fund - Growth Option - Direct Plan,3875.6324,HDFC Mutual Fund,Debt Scheme - Money Market Fund
2019-02-20,119092,HDFC Money Market Fund - Growth Option - Direct Plan,3877.1511,HDFC Mutual Fund,Debt Scheme - Money Market Fund
2019-02-21,119092,HDFC Money Market Fund - Growth Option - Direct Plan,3877.9373,HDFC Mutual Fund,Debt Scheme - Money Market Fund
2019-02-22,119092,HDFC Money Market Fund - Growth Option - Direct Plan,3878.2128,HDFC Mutual Fund,Debt Scheme - Money Market Fund
2019-02-25,119092,HDFC Money Market Fund - Growth Option - Direct Plan,3880.433,HDFC Mutual Fund,Debt Scheme - Money Market Fund
2019-02-26,119092,HDFC Money Market Fund - Growth Option - Direct Plan,3880.9587,HDFC Mutual Fund,Debt Scheme - Money Market Fund
2019-02-27,119092,HDFC Money Market Fund - Growth Option - Direct Plan,3881.6892,HDFC Mutual Fund,Debt Scheme - Money Market Fund
2019-02-28,119092,HDFC Money Market Fund - Growth Option - Direct Plan,3882.523,HDFC Mutual Fund,Debt Scheme - Money Market Fund
2019-03-01,119092,HDFC Money Market Fund - Growth Option - Direct Plan,3883.6677,HDFC Mutual Fund,Debt Scheme - Money Market Fund
2019-03-05,119092,HDFC Money Market Fund - Growth Option - Direct Plan,3886.7391,HDFC Mutual Fund,Debt Scheme - Money Market Fund
2019-03-06,119092,HDFC Money Market Fund - Growth Option - Direct Plan,3888.9141,HDFC Mutual Fund,Debt Scheme - Money Market Fund
2019-03-07,119092,HDFC Money Market Fund - Growth Option - Direct Plan,3889.6642,HDFC Mutual Fund,Debt Scheme - Money Market Fund
2019-03-08,119092,HDFC Money Market Fund - Growth Option - Direct Plan,3891.2395,HDFC Mutual Fund,Debt Scheme - Money Market Fund
2019-03-11,119092,HDFC Money Market Fund - Growth Option - Direct Plan,3893.6488,HDFC Mutual Fund,Debt Scheme - Money Market Fund
2019-03-12,119092,HDFC Money Market Fund - Growth Option - Direct Plan,3895.3984,HDFC Mutual Fund,Debt Scheme - Money Market Fund
2019-03-13,119092,HDFC Money Market Fund - Growth Option - Direct Plan,3896.9455,HDFC Mutual Fund,Debt Scheme - Money Market Fund
2019-03-14,119092,HDFC Money Market Fund - Growth Option - Direct Plan,3901.3532,HDFC Mutual Fund,Debt Scheme - Money Market Fund
2019-03-15,119092,HDFC Money Market Fund - Growth Option - Direct Plan,3902.4571,HDFC Mutual Fund,Debt Scheme - Money Market Fund
2019-03-18,119092,HDFC Money Market Fund - Growth Option - Direct Plan,3904.6634,HDFC Mutual Fund,Debt Scheme - Money Market Fund
2019-03-19,119092,HDFC Money Market Fund - Growth Option - Direct Plan,3906.2956,HDFC Mutual Fund,Debt Scheme - Money Market Fund
2019-03-20,119092,HDFC Money Market Fund - Growth Option - Direct Plan,3904.9666,HDFC Mutual Fund,Debt Scheme - Money Market Fund
2019-03-22,119092,HDFC Money Market Fund - Growth Option - Direct Plan,3905.4787,HDFC Mutual Fund,Debt Scheme - Money Market Fund
2019-03-25,119092,HDFC Money Market Fund - Growth Option - Direct Plan,3907.9094,HDFC Mutual Fund,Debt Scheme - Money Market Fund
2019-03-26,119092,HDFC Money Market Fund - Growth Option - Direct Plan,3908.667,HDFC Mutual Fund,Debt Scheme - Money Market Fund
2019-03-27,119092,HDFC Money Market Fund - Growth Option - Direct Plan,3909.9343,HDFC Mutual Fund,Debt Scheme - Money Market Fund
2019-03-28,119092,HDFC Money Market Fund - Growth Option - Direct Plan,3911.0154,HDFC Mutual Fund,Debt Scheme - Money Market Fund
2019-03-29,119092,HDFC Money Market Fund - Growth Option - Direct Plan,3919.3189,HDFC Mutual Fund,Debt Scheme - Money Market Fund
2019-04-02,119092,HDFC Money Market Fund - Growth Option - Direct Plan,3927.3237,HDFC Mutual Fund,Debt Scheme - Money Market Fund
2019-04-03,119092,HDFC Money Market Fund - Growth Option - Direct Plan,3927.7307,HDFC Mutual Fund,Debt Scheme - Money Market Fund
2019-04-04,119092,HDFC Money Market Fund - Growth Option - Direct Plan,3928.3556,HDFC Mutual Fund,Debt Scheme - Money Market Fund
2019-04-05,119092,HDFC Money Market Fund - Growth Option - Direct Plan,3928.9971,HDFC Mutual Fund,Debt Scheme - Money Market Fund
2019-04-08,119092,HDFC Money Market Fund - Growth Option - Direct Plan,3929.8635,HDFC Mutual Fund,Debt Scheme - Money Market Fund
2019-04-09,119092,HDFC Money Market Fund - Growth Option - Direct Plan,3929.5232,HDFC Mutual Fund,Debt Scheme - Money Market Fund
2019-04-10,119092,HDFC Money Market Fund - Growth Option - Direct Plan,3929.382,HDFC Mutual Fund,Debt Scheme - Money Market Fund
2019-04-11,119092,HDFC Money Market Fund - Growth Option - Direct Plan,3928.679,HDFC Mutual Fund,Debt Scheme - Money Market Fund
2019-04-12,119092,HDFC Money Market Fund - Growth Option - Direct Plan,3929.1923,HDFC Mutual Fund,Debt Scheme - Money Market Fund
2019-04-15,119092,HDFC Money Market Fund - Growth Option - Direct Plan,3930.2687,HDFC Mutual Fund,Debt Scheme - Money Market Fund
2019-04-16,119092,HDFC Money Market Fund - Growth Option - Direct Plan,3930.3122,HDFC Mutual Fund,Debt Scheme - Money Market Fund
2019-04-18,119092,HDFC Money Market Fund - Growth Option - Direct Plan,3931.8145,HDFC Mutual Fund,Debt Scheme - Money Market Fund
2019-04-22,119092,HDFC Money Market Fund - Growth Option - Direct Plan,3934.6565,HDFC Mutual Fund,Debt Scheme - Money Market Fund
2019-04-23,119092,HDFC Money Market Fund - Growth Option - Direct Plan,3933.8348,HDFC Mutual Fund,Debt Scheme - Money Market Fund
2019-04-24,119092,HDFC Money Market Fund - Growth Option - Direct Plan,3932.5059,HDFC Mutual Fund,Debt Scheme - Money Market Fund
2019-04-25,119092,HDFC Money Market Fund - Growth Option - Direct Plan,3932.7681,HDFC Mutual Fund,Debt Scheme - Money Market Fund
2019-04-26,119092,HDFC Money Market Fund - Growth Option - Direct Plan,3933.077,HDFC Mutual Fund,Debt Scheme - Money Market Fund
2019-04-30,119092,HDFC Money Market Fund - Growth Option - Direct Plan,3935.0437,HDFC Mutual Fund,Debt Scheme - Money Market Fund
2019-05-02,119092,HDFC Money Market Fund - Growth Option - Direct Plan,3935.9636,HDFC Mutual Fund,Debt Scheme - Money Market Fund
2019-05-03,119092,HDFC Money Market Fund - Growth Option - Direct Plan,3935.9902,HDFC Mutual Fund,Debt Scheme - Money Market Fund
2019-05-06,119092,HDFC Money Market Fund - Growth Option - Direct Plan,3939.3791,HDFC Mutual Fund,Debt Scheme - Money Market Fund
2019-05-07,119092,HDFC Money Market Fund - Growth Option - Direct Plan,3941.5665,HDFC Mutual Fund,Debt Scheme - Money Market Fund
2019-05-08,119092,HDFC Money Market Fund - Growth Option - Direct Plan,3943.5199,HDFC Mutual Fund,Debt Scheme - Money Market Fund
2019-05-09,119092,HDFC Money Market Fund - Growth Option - Direct Plan,3944.3106,HDFC Mutual Fund,Debt Scheme - Money Market Fund
2019-05-10,119092,HDFC Money Market Fund - Growth Option - Direct Plan,3945.6736,HDFC Mutual Fund,Debt Scheme - Money Market Fund
2019-05-13,119092,HDFC Money Market Fund - Growth Option - Direct Plan,3948.1583,HDFC Mutual Fund,Debt Scheme - Money Market Fund
2019-05-14,119092,HDFC Money Market Fund - Growth Option - Direct Plan,3949.6951,HDFC Mutual Fund,Debt Scheme - Money Market Fund
2019-05-15,119092,HDFC Money Market Fund - Growth Option - Direct Plan,3950.5061,HDFC Mutual Fund,Debt Scheme - Money Market Fund
2019-05-16,119092,HDFC Money Market Fund - Growth Option - Direct Plan,3952.2548,HDFC Mutual Fund,Debt Scheme - Money Market Fund
2019-05-17,119092,HDFC Money Market Fund - Growth Option - Direct Plan,3955.6152,HDFC Mutual Fund,Debt Scheme - Money Market Fund
2019-05-20,119092,HDFC Money Market Fund - Growth Option - Direct Plan,3958.6948,HDFC Mutual Fund,Debt Scheme - Money Market Fund
2019-05-21,119092,HDFC Money Market Fund - Growth Option - Direct Plan,3959.2603,HDFC Mutual Fund,Debt Scheme - Money Market Fund
2019-05-22,119092,HDFC Money Market Fund - Growth Option - Direct Plan,3959.9007,HDFC Mutual Fund,Debt Scheme - Money Market Fund
2019-05-23,119092,HDFC Money Market Fund - Growth Option - Direct Plan,3963.3894,HDFC Mutual Fund,Debt Scheme - Money Market Fund
2019-05-24,119092,HDFC Money Market Fund - Growth Option - Direct Plan,3964.3316,HDFC Mutual Fund,Debt Scheme - Money Market Fund
2019-05-27,119092,HDFC Money Market Fund - Growth Option - Direct Plan,3967.6125,HDFC Mutual Fund,Debt Scheme - Money Market Fund
2019-05-28,119092,HDFC Money Market Fund - Growth Option - Direct Plan,3968.2518,HDFC Mutual Fund,Debt Scheme - Money Market Fund
2019-05-29,119092,HDFC Money Market Fund - Growth Option - Direct Plan,3969.0534,HDFC Mutual Fund,Debt Scheme - Money Market Fund
2019-05-30,119092,HDFC Money Market Fund - Growth Option - Direct Plan,3971.0054,HDFC Mutual Fund,Debt Scheme - Money Market Fund
2019-05-31,119092,HDFC Money Market Fund - Growth Option - Direct Plan,3972.7088,HDFC Mutual Fund,Debt Scheme - Money Market Fund
2019-06-03,119092,HDFC Money Market Fund - Growth Option - Direct Plan,3977.9948,HDFC Mutual Fund,Debt Scheme - Money Market Fund
2019-06-04,119092,HDFC Money Market Fund - Growth Option - Direct Plan,3978.8906,HDFC Mutual Fund,Debt Scheme - Money Market Fund
2019-06-06,119092,HDFC Money Market Fund - Growth Option - Direct Plan,3981.171,HDFC Mutual Fund,Debt Scheme - Money Market Fund
2019-06-07,119092,HDFC Money Market Fund - Growth Option - Direct Plan,3979.4257,HDFC Mutual Fund,Debt Scheme - Money Market Fund
2019-06-10,119092,HDFC Money Market Fund - Growth Option - Direct Plan,3981.1174,HDFC Mutual Fund,Debt Scheme - Money Market Fund
2019-06-11,119092,HDFC Money Market Fund - Growth Option - Direct Plan,3981.148,HDFC Mutual Fund,Debt Scheme - Money Market Fund
2019-06-12,119092,HDFC Money Market Fund - Growth Option - Direct Plan,3981.3277,HDFC Mutual Fund,Debt Scheme - Money Market Fund
2019-06-13,119092,HDFC Money Market Fund - Growth Option - Direct Plan,3982.1122,HDFC Mutual Fund,Debt Scheme - Money Market Fund
2019-06-14,119092,HDFC Money Market Fund - Growth Option - Direct Plan,3982.7966,HDFC Mutual Fund,Debt Scheme - Money Market Fund
2019-06-17,119092,HDFC Money Market Fund - Growth Option - Direct Plan,3985.4552,HDFC Mutual Fund,Debt Scheme - Money Market Fund
2019-06-18,119092,HDFC Money Market Fund - Growth Option - Direct Plan,3986.5235,HDFC Mutual Fund,Debt Scheme - Money Market Fund
2019-06-19,119092,HDFC Money Market Fund - Growth Option - Direct Plan,3987.7899,HDFC Mutual Fund,Debt Scheme - Money Market Fund
2019-06-20,119092,HDFC Money Market Fund - Growth Option - Direct Plan,3988.4023,HDFC Mutual Fund,Debt Scheme - Money Market Fund
2019-06-21,119092,HDFC Money Market Fund - Growth Option - Direct Plan,3989.0576,HDFC Mutual Fund,Debt Scheme - Money Market Fund
2019-06-24,119092,HDFC Money Market Fund - Growth Option - Direct Plan,3991.2496,HDFC Mutual Fund,Debt Scheme - Money Market Fund
2019-06-25,119092,HDFC Money Market Fund - Growth Option - Direct Plan,3991.5578,HDFC Mutual Fund,Debt Scheme - Money Market Fund
2019-06-26,119092,HDFC Money Market Fund - Growth Option - Direct Plan,3990.5061,HDFC Mutual Fund,Debt Scheme - Money Market Fund
2019-06-27,119092,HDFC Money Market Fund - Growth Option - Direct Plan,3992.0176,HDFC Mutual Fund,Debt Scheme - Money Market Fund
2019-06-28,119092,HDFC Money Market Fund - Growth Option - Direct Plan,3993.2622,HDFC Mutual Fund,Debt Scheme - Money Market Fund
2019-07-01,119092,HDFC Money Market Fund - Growth Option - Direct Plan,3995.6093,HDFC Mutual Fund,Debt Scheme - Money Market Fund
2019-07-02,119092,HDFC Money Market Fund - Growth Option - Direct Plan,3996.3465,HDFC Mutual Fund,Debt Scheme - Money Market Fund
2019-07-03,119092,HDFC Money Market Fund - Growth Option - Direct Plan,3999.3038,HDFC Mutual Fund,Debt Scheme - Money Market Fund
2019-07-04,119092,HDFC Money Market Fund - Growth Option - Direct Plan,4001.4002,HDFC Mutual Fund,Debt Scheme - Money Market Fund
2019-07-05,119092,HDFC Money Market Fund - Growth Option - Direct Plan,4002.7573,HDFC Mutual Fund,Debt Scheme - Money Market Fund
2019-07-08,119092,HDFC Money Market Fund - Growth Option - Direct Plan,4005.3821,HDFC Mutual Fund,Debt Scheme - Money Market Fund
2019-07-09,119092,HDFC Money Market Fund - Growth Option - Direct Plan,4006.8852,HDFC Mutual Fund,Debt Scheme - Money Market Fund
2019-07-10,119092,HDFC Money Market Fund - Growth Option - Direct Plan,4009.7207,HDFC Mutual Fund,Debt Scheme - Money Market Fund
2019-07-11,119092,HDFC Money Market Fund - Growth Option - Direct Plan,4010.9502,HDFC Mutual Fund,Debt Scheme - Money Market Fund
2019-07-12,119092,HDFC Money Market Fund - Growth Option - Direct Plan,4012.4738,HDFC Mutual Fund,Debt Scheme - Money Market Fund
2019-07-15,119092,HDFC Money Market Fund - Growth Option - Direct Plan,4015.4835,HDFC Mutual Fund,Debt Scheme - Money Market Fund
2019-07-16,119092,HDFC Money Market Fund - Growth Option - Direct Plan,4018.8422,HDFC Mutual Fund,Debt Scheme - Money Market Fund
2019-07-17,119092,HDFC Money Market Fund - Growth Option - Direct Plan,4022.5023,HDFC Mutual Fund,Debt Scheme - Money Market Fund
2019-07-18,119092,HDFC Money Market Fund - Growth Option - Direct Plan,4023.3581,HDFC Mutual Fund,Debt Scheme - Money Market Fund
2019-07-19,119092,HDFC Money Market Fund - Growth Option - Direct Plan,4023.1439,HDFC Mutual Fund,Debt Scheme - Money Market Fund
2019-07-22,119092,HDFC Money Market Fund - Growth Option - Direct Plan,4024.4143,HDFC Mutual Fund,Debt Scheme - Money Market Fund
2019-07-23,119092,HDFC Money Market Fund - Growth Option - Direct Plan,4024.3809,HDFC Mutual Fund,Debt Scheme - Money Market Fund
2019-07-24,119092,HDFC Money Market Fund - Growth Option - Direct Plan,4024.7885,HDFC Mutual Fund,Debt Scheme - Money Market Fund
2019-07-25,119092,HDFC Money Market Fund - Growth Option - Direct Plan,4025.5358,HDFC Mutual Fund,Debt Scheme - Money Market Fund
2019-07-26,119092,HDFC Money Market Fund - Growth Option - Direct Plan,4026.2347,HDFC Mutual Fund,Debt Scheme - Money Market Fund
2019-07-29,119092,HDFC Money Market Fund - Growth Option - Direct Plan,4028.5247,HDFC Mutual Fund,Debt Scheme - Money Market Fund
2019-07-30,119092,HDFC Money Market Fund - Growth Option - Direct Plan,4030.8535,HDFC Mutual Fund,Debt Scheme - Money Market Fund
2019-07-31,119092,HDFC Money Market Fund - Growth Option - Direct Plan,4033.0479,HDFC Mutual Fund,Debt Scheme - Money Market Fund
2019-08-01,119092,HDFC Money Market Fund - Growth Option - Direct Plan,4036.5393,HDFC Mutual Fund,Debt Scheme - Money Market Fund
2019-08-02,119092,HDFC Money Market Fund - Growth Option - Direct Plan,4037.5492,HDFC Mutual Fund,Debt Scheme - Money Market Fund
2019-08-05,119092,HDFC Money Market Fund - Growth Option - Direct Plan,4040.2626,HDFC Mutual Fund,Debt Scheme - Money Market Fund
2019-08-06,119092,HDFC Money Market Fund - Growth Option - Direct Plan,4040.4543,HDFC Mutual Fund,Debt Scheme - Money Market Fund
2019-08-07,119092,HDFC Money Market Fund - Growth Option - Direct Plan,4043.2485,HDFC Mutual Fund,Debt Scheme - Money Market Fund
2019-08-08,119092,HDFC Money Market Fund - Growth Option - Direct Plan,4046.3973,HDFC Mutual Fund,Debt Scheme - Money Market Fund
2019-08-09,119092,HDFC Money Market Fund - Growth Option - Direct Plan,4047.4181,HDFC Mutual Fund,Debt Scheme - Money Market Fund
2019-08-13,119092,HDFC Money Market Fund - Growth Option - Direct Plan,4049.2676,HDFC Mutual Fund,Debt Scheme - Money Market Fund
2019-08-14,119092,HDFC Money Market Fund - Growth Option - Direct Plan,4049.1588,HDFC Mutual Fund,Debt Scheme - Money Market Fund
2019-08-16,119092,HDFC Money Market Fund - Growth Option - Direct Plan,4051.0235,HDFC Mutual Fund,Debt Scheme - Money Market Fund
2019-08-19,119092,HDFC Money Market Fund - Growth Option - Direct Plan,4053.5466,HDFC Mutual Fund,Debt Scheme - Money Market Fund
2019-08-20,119092,HDFC Money Market Fund - Growth Option - Direct Plan,4054.3711,HDFC Mutual Fund,Debt Scheme - Money Market Fund
2019-08-21,119092,HDFC Money Market Fund - Growth Option - Direct Plan,4055.4582,HDFC Mutual Fund,Debt Scheme - Money Market Fund
2019-08-22,119092,HDFC Money Market Fund - Growth Option - Direct Plan,4056.0057,HDFC Mutual Fund,Debt Scheme - Money Market Fund
2019-08-23,119092,HDFC Money Market Fund - Growth Option - Direct Plan,4056.744,HDFC Mutual Fund,Debt Scheme - Money Market Fund
2019-08-26,119092,HDFC Money Market Fund - Growth Option - Direct Plan,4059.444,HDFC Mutual Fund,Debt Scheme - Money Market Fund
2019-08-27,119092,HDFC Money Market Fund - Growth Option - Direct Plan,4060.9955,HDFC Mutual Fund,Debt Scheme - Money Market Fund
2019-08-28,119092,HDFC Money Market Fund - Growth Option - Direct Plan,4061.6488,HDFC Mutual Fund,Debt Scheme - Money Market Fund
2019-08-29,119092,HDFC Money Market Fund - Growth Option - Direct Plan,4062.6035,HDFC Mutual Fund,Debt Scheme - Money Market Fund
2019-08-30,119092,HDFC Money Market Fund - Growth Option - Direct Plan,4063.3999,HDFC Mutual Fund,Debt Scheme - Money Market Fund
2019-09-03,119092,HDFC Money Market Fund - Growth Option - Direct Plan,4067.1216,HDFC Mutual Fund,Debt Scheme - Money Market Fund
2019-09-04,119092,HDFC Money Market Fund - Growth Option - Direct Plan,4068.5983,HDFC Mutual Fund,Debt Scheme - Money Market Fund
2019-09-05,119092,HDFC Money Market Fund - Growth Option - Direct Plan,4069.0835,HDFC Mutual Fund,Debt Scheme - Money Market Fund
2019-09-06,119092,HDFC Money Market Fund - Growth Option - Direct Plan,4069.7611,HDFC Mutual Fund,Debt Scheme - Money Market Fund
2019-09-09,119092,HDFC Money Market Fund - Growth Option - Direct Plan,4072.1616,HDFC Mutual Fund,Debt Scheme - Money Market Fund
2019-09-11,119092,HDFC Money Market Fund - Growth Option - Direct Plan,4073.3738,HDFC Mutual Fund,Debt Scheme - Money Market Fund
2019-09-12,119092,HDFC Money Market Fund - Growth Option - Direct Plan,4074.3909,HDFC Mutual Fund,Debt Scheme - Money Market Fund
2019-09-13,119092,HDFC Money Market Fund - Growth Option - Direct Plan,4075.4083,HDFC Mutual Fund,Debt Scheme - Money Market Fund
2019-09-16,119092,HDFC Money Market Fund - Growth Option - Direct Plan,4077.8292,HDFC Mutual Fund,Debt Scheme - Money Market Fund
2019-09-17,119092,HDFC Money Market Fund - Growth Option - Direct Plan,4077.6242,HDFC Mutual Fund,Debt Scheme - Money Market Fund
2019-09-18,119092,HDFC Money Market Fund - Growth Option - Direct Plan,4078.329,HDFC Mutual Fund,Debt Scheme - Money Market Fund
2019-09-19,119092,HDFC Money Market Fund - Growth Option - Direct Plan,4079.2646,HDFC Mutual Fund,Debt Scheme - Money Market Fund
2019-09-20,119092,HDFC Money Market Fund - Growth Option - Direct Plan,4076.9678,HDFC Mutual Fund,Debt Scheme - Money Market Fund
2019-09-23,119092,HDFC Money Market Fund - Growth Option - Direct Plan,4079.1253,HDFC Mutual Fund,Debt Scheme - Money Market Fund
2019-09-24,119092,HDFC Money Market Fund - Growth Option - Direct Plan,4079.35,HDFC Mutual Fund,Debt Scheme - Money Market Fund
2019-09-25,119092,HDFC Money Market Fund - Growth Option - Direct Plan,4080.2472,HDFC Mutual Fund,Debt Scheme - Money Market Fund
2019-09-26,119092,HDFC Money Market Fund - Growth Option - Direct Plan,4081.9192,HDFC Mutual Fund,Debt Scheme - Money Market Fund
2019-09-27,119092,HDFC Money Market Fund - Growth Option - Direct Plan,4082.6786,HDFC Mutual Fund,Debt Scheme - Money Market Fund
2019-09-30,119092,HDFC Money Market Fund - Growth Option - Direct Plan,4086.2243,HDFC Mutual Fund,Debt Scheme - Money Market Fund
2019-10-01,119092,HDFC Money Market Fund - Growth Option - Direct Plan,4088.1697,HDFC Mutual Fund,Debt Scheme - Money Market Fund
2019-10-03,119092,HDFC Money Market Fund - Growth Option - Direct Plan,4089.831,HDFC Mutual Fund,Debt Scheme - Money Market Fund
2019-10-04,119092,HDFC Money Market Fund - Growth Option - Direct Plan,4091.1895,HDFC Mutual Fund,Debt Scheme - Money Market Fund
2019-10-07,119092,HDFC Money Market Fund - Growth Option - Direct Plan,4093.774,HDFC Mutual Fund,Debt Scheme - Money Market Fund
2019-10-09,119092,HDFC Money Market Fund - Growth Option - Direct Plan,4095.094,HDFC Mutual Fund,Debt Scheme - Money Market Fund
2019-10-10,119092,HDFC Money Market Fund - Growth Option - Direct Plan,4095.9991,HDFC Mutual Fund,Debt Scheme - Money Market Fund
2019-10-11,119092,HDFC Money Market Fund - Growth Option - Direct Plan,4097.3811,HDFC Mutual Fund,Debt Scheme - Money Market Fund
2019-10-14,119092,HDFC Money Market Fund - Growth Option - Direct Plan,4099.607,HDFC Mutual Fund,Debt Scheme - Money Market Fund
2019-10-15,119092,HDFC Money Market Fund - Growth Option - Direct Plan,4100.5496,HDFC Mutual Fund,Debt Scheme - Money Market Fund
2019-10-16,119092,HDFC Money Market Fund - Growth Option - Direct Plan,4101.6695,HDFC Mutual Fund,Debt Scheme - Money Market Fund
2019-10-17,119092,HDFC Money Market Fund - Growth Option - Direct Plan,4102.4534,HDFC Mutual Fund,Debt Scheme - Money Market Fund
2019-10-18,119092,HDFC Money Market Fund - Growth Option - Direct Plan,4103.1342,HDFC Mutual Fund,Debt Scheme - Money Market Fund
2019-10-22,119092,HDFC Money Market Fund - Growth Option - Direct Plan,4105.7837,HDFC Mutual Fund,Debt Scheme - Money Market Fund
2019-10-23,119092,HDFC Money Market Fund - Growth Option - Direct Plan,4106.5247,HDFC Mutual Fund,Debt Scheme - Money Market Fund
2019-10-24,119092,HDFC Money Market Fund - Growth Option - Direct Plan,4107.7561,HDFC Mutual Fund,Debt Scheme - Money Market Fund
2019-10-25,119092,HDFC Money Market Fund - Growth Option - Direct Plan,4108.466,HDFC Mutual Fund,Debt Scheme - Money Market Fund
2019-10-29,119092,HDFC Money Market Fund - Growth Option - Direct Plan,4111.1441,HDFC Mutual Fund,Debt Scheme - Money Market Fund
2019-10-30,119092,HDFC Money Market Fund - Growth Option - Direct Plan,4113.437,HDFC Mutual Fund,Debt Scheme - Money Market Fund
2019-10-31,119092,HDFC Money Market Fund - Growth Option - Direct Plan,4114.4383,HDFC Mutual Fund,Debt Scheme - Money Market Fund
2019-11-01,119092,HDFC Money Market Fund - Growth Option - Direct Plan,4115.088,HDFC Mutual Fund,Debt Scheme - Money Market Fund
2019-11-04,119092,HDFC Money Market Fund - Growth Option - Direct Plan,4117.1046,HDFC Mutual Fund,Debt Scheme - Money Market Fund
2019-11-05,119092,HDFC Money Market Fund - Growth Option - Direct Plan,4117.7223,HDFC Mutual Fund,Debt Scheme - Money Market Fund
2019-11-06,119092,HDFC Money Market Fund - Growth Option - Direct Plan,4117.083,HDFC Mutual Fund,Debt Scheme - Money Market Fund
2019-11-07,119092,HDFC Money Market Fund - Growth Option - Direct Plan,4117.7945,HDFC Mutual Fund,Debt Scheme - Money Market Fund
2019-11-08,119092,HDFC Money Market Fund - Growth Option - Direct Plan,4118.4667,HDFC Mutual Fund,Debt Scheme - Money Market Fund
2019-11-11,119092,HDFC Money Market Fund - Growth Option - Direct Plan,4120.8564,HDFC Mutual Fund,Debt Scheme - Money Market Fund
2019-11-13,119092,HDFC Money Market Fund - Growth Option - Direct Plan,4122.6082,HDFC Mutual Fund,Debt Scheme - Money Market Fund
2019-11-14,119092,HDFC Money Market Fund - Growth Option - Direct Plan,4123.4278,HDFC Mutual Fund,Debt Scheme - Money Market Fund
2019-11-15,119092,HDFC Money Market Fund - Growth Option - Direct Plan,4124.4226,HDFC Mutual Fund,Debt Scheme - Money Market Fund
2019-11-18,119092,HDFC Money Market Fund - Growth Option - Direct Plan,4126.3854,HDFC Mutual Fund,Debt Scheme - Money Market Fund
2019-11-19,119092,HDFC Money Market Fund - Growth Option - Direct Plan,4127.0449,HDFC Mutual Fund,Debt Scheme - Money Market Fund
2019-11-20,119092,HDFC Money Market Fund - Growth Option - Direct Plan,4127.8978,HDFC Mutual Fund,Debt Scheme - Money Market Fund
2019-11-21,119092,HDFC Money Market Fund - Growth Option - Direct Plan,4128.5649,HDFC Mutual Fund,Debt Scheme - Money Market Fund
2019-11-22,119092,HDFC Money Market Fund - Growth Option - Direct Plan,4129.247,HDFC Mutual Fund,Debt Scheme - Money Market Fund
2019-11-25,119092,HDFC Money Market Fund - Growth Option - Direct Plan,4131.1444,HDFC Mutual Fund,Debt Scheme - Money Market Fund
2019-11-26,119092,HDFC Money Market Fund - Growth Option - Direct Plan,4131.7613,HDFC Mutual Fund,Debt Scheme - Money Market Fund
2019-11-27,119092,HDFC Money Market Fund - Growth Option - Direct Plan,4132.7466,HDFC Mutual Fund,Debt Scheme - Money Market Fund
2019-11-28,119092,HDFC Money Market Fund - Growth Option - Direct Plan,4133.5488,HDFC Mutual Fund,Debt Scheme - Money Market Fund
2019-11-29,119092,HDFC Money Market Fund - Growth Option - Direct Plan,4134.6499,HDFC Mutual Fund,Debt Scheme - Money Market Fund
2019-12-02,119092,HDFC Money Market Fund - Growth Option - Direct Plan,4136.7004,HDFC Mutual Fund,Debt Scheme - Money Market Fund
2019-12-03,119092,HDFC Money Market Fund - Growth Option - Direct Plan,4137.4286,HDFC Mutual Fund,Debt Scheme - Money Market Fund
2019-12-04,119092,HDFC Money Market Fund - Growth Option - Direct Plan,4138.0105,HDFC Mutual Fund,Debt Scheme - Money Market Fund
2019-12-05,119092,HDFC Money Market Fund - Growth Option - Direct Plan,4137.1591,HDFC Mutual Fund,Debt Scheme - Money Market Fund
2019-12-06,119092,HDFC Money Market Fund - Growth Option - Direct Plan,4137.8932,HDFC Mutual Fund,Debt Scheme - Money Market Fund
2019-12-09,119092,HDFC Money Market Fund - Growth Option - Direct Plan,4140.0144,HDFC Mutual Fund,Debt Scheme - Money Market Fund
2019-12-10,119092,HDFC Money Market Fund - Growth Option - Direct Plan,4140.8362,HDFC Mutual Fund,Debt Scheme - Money Market Fund
2019-12-11,119092,HDFC Money Market Fund - Growth Option - Direct Plan,4141.6075,HDFC Mutual Fund,Debt Scheme - Money Market Fund
2019-12-12,119092,HDFC Money Market Fund - Growth Option - Direct Plan,4142.2277,HDFC Mutual Fund,Debt Scheme - Money Market Fund
2019-12-13,119092,HDFC Money Market Fund - Growth Option - Direct Plan,4142.7981,HDFC Mutual Fund,Debt Scheme - Money Market Fund
2019-12-16,119092,HDFC Money Market Fund - Growth Option - Direct Plan,4144.5725,HDFC Mutual Fund,Debt Scheme - Money Market Fund
2019-12-17,119092,HDFC Money Market Fund - Growth Option - Direct Plan,4145.1513,HDFC Mutual Fund,Debt Scheme - Money Market Fund
2019-12-18,119092,HDFC Money Market Fund - Growth Option - Direct Plan,4145.708,HDFC Mutual Fund,Debt Scheme - Money Market Fund
2019-12-19,119092,HDFC Money Market Fund - Growth Option - Direct Plan,4146.3861,HDFC Mutual Fund,Debt Scheme - Money Market Fund
2019-12-20,119092,HDFC Money Market Fund - Growth Option - Direct Plan,4146.8586,HDFC Mutual Fund,Debt Scheme - Money Market Fund
2019-12-23,119092,HDFC Money Market Fund - Growth Option - Direct Plan,4148.6422,HDFC Mutual Fund,Debt Scheme - Money Market Fund
2019-12-24,119092,HDFC Money Market Fund - Growth Option - Direct Plan,4149.2295,HDFC Mutual Fund,Debt Scheme - Money Market Fund
2019-12-26,119092,HDFC Money Market Fund - Growth Option - Direct Plan,4150.4387,HDFC Mutual Fund,Debt Scheme - Money Market Fund
2019-12-27,119092,HDFC Money Market Fund - Growth Option - Direct Plan,4151.2058,HDFC Mutual Fund,Debt Scheme - Money Market Fund
2019-12-30,119092,HDFC Money Market Fund - Growth Option - Direct Plan,4152.9985,HDFC Mutual Fund,Debt Scheme - Money Market Fund
2019-12-31,119092,HDFC Money Market Fund - Growth Option - Direct Plan,4153.5751,HDFC Mutual Fund,Debt Scheme - Money Market Fund
2020-01-01,119092,HDFC Money Market Fund - Growth Option - Direct Plan,4154.2506,HDFC Mutual Fund,Debt Scheme - Money Market Fund
2020-01-02,119092,HDFC Money Market Fund - Growth Option - Direct Plan,4155.3529,HDFC Mutual Fund,Debt Scheme - Money Market Fund
2020-01-03,119092,HDFC Money Market Fund - Growth Option - Direct Plan,4155.873,HDFC Mutual Fund,Debt Scheme - Money Market Fund
2020-01-06,119092,HDFC Money Market Fund - Growth Option - Direct Plan,4157.6608,HDFC Mutual Fund,Debt Scheme - Money Market Fund
2020-01-07,119092,HDFC Money Market Fund - Growth Option - Direct Plan,4158.2403,HDFC Mutual Fund,Debt Scheme - Money Market Fund
2020-01-08,119092,HDFC Money Market Fund - Growth Option - Direct Plan,4158.7589,HDFC Mutual Fund,Debt Scheme - Money Market Fund
2020-01-09,119092,HDFC Money Market Fund - Growth Option - Direct Plan,4159.2962,HDFC Mutual Fund,Debt Scheme - Money Market Fund
2020-01-10,119092,HDFC Money Market Fund - Growth Option - Direct Plan,4159.6197,HDFC Mutual Fund,Debt Scheme - Money Market Fund
2020-01-13,119092,HDFC Money Market Fund - Growth Option - Direct Plan,4161.2805,HDFC Mutual Fund,Debt Scheme - Money Market Fund
2020-01-14,119092,HDFC Money Market Fund - Growth Option - Direct Plan,4161.7101,HDFC Mutual Fund,Debt Scheme - Money Market Fund
2020-01-15,119092,HDFC Money Market Fund - Growth Option - Direct Plan,4162.2102,HDFC Mutual Fund,Debt Scheme - Money Market Fund
2020-01-16,119092,HDFC Money Market Fund - Growth Option - Direct Plan,4162.7975,HDFC Mutual Fund,Debt Scheme - Money Market Fund
2020-01-17,119092,HDFC Money Market Fund - Growth Option - Direct Plan,4163.4425,HDFC Mutual Fund,Debt Scheme - Money Market Fund
2020-01-20,119092,HDFC Money Market Fund - Growth Option - Direct Plan,4165.2638,HDFC Mutual Fund,Debt Scheme - Money Market Fund
2020-01-21,119092,HDFC Money Market Fund - Growth Option - Direct Plan,4165.9471,HDFC Mutual Fund,Debt Scheme - Money Market Fund
2020-01-22,119092,HDFC Money Market Fund - Growth Option - Direct Plan,4166.5799,HDFC Mutual Fund,Debt Scheme - Money Market Fund
2020-01-23,119092,HDFC Money Market Fund - Growth Option - Direct Plan,4167.2712,HDFC Mutual Fund,Debt Scheme - Money Market Fund
2020-01-24,119092,HDFC Money Market Fund - Growth Option - Direct Plan,4168.047,HDFC Mutual Fund,Debt Scheme - Money Market Fund
2020-01-27,119092,HDFC Money Market Fund - Growth Option - Direct Plan,4169.8989,HDFC Mutual Fund,Debt Scheme - Money Market Fund
2020-01-28,119092,HDFC Money Market Fund - Growth Option - Direct Plan,4170.5021,HDFC Mutual Fund,Debt Scheme - Money Market Fund
2020-01-29,119092,HDFC Money Market Fund - Growth Option - Direct Plan,4171.1131,HDFC Mutual Fund,Debt Scheme - Money Market Fund
2020-01-30,119092,HDFC Money Market Fund - Growth Option - Direct Plan,4171.7595,HDFC Mutual Fund,Debt Scheme - Money Market Fund
2020-01-31,119092,HDFC Money Market Fund - Growth Option - Direct Plan,4172.3693,HDFC Mutual Fund,Debt Scheme - Money Market Fund
2020-02-03,119092,HDFC Money Market Fund - Growth Option - Direct Plan,4174.2552,HDFC Mutual Fund,Debt Scheme - Money Market Fund
2020-02-04,119092,HDFC Money Market Fund - Growth Option - Direct Plan,4174.93,HDFC Mutual Fund,Debt Scheme - Money Market Fund
2020-02-05,119092,HDFC Money Market Fund - Growth Option - Direct Plan,4175.5676,HDFC Mutual Fund,Debt Scheme - Money Market Fund
2020-02-06,119092,HDFC Money Market Fund - Growth Option - Direct Plan,4178.0239,HDFC Mutual Fund,Debt Scheme - Money Market Fund
2020-02-07,119092,HDFC Money Market Fund - Growth Option - Direct Plan,4178.8921,HDFC Mutual Fund,Debt Scheme - Money Market Fund
2020-02-10,119092,HDFC Money Market Fund - Growth Option - Direct Plan,4181.1499,HDFC Mutual Fund,Debt Scheme - Money Market Fund
2020-02-11,119092,HDFC Money Market Fund - Growth Option - Direct Plan,4182.0429,HDFC Mutual Fund,Debt Scheme - Money Market Fund
2020-02-12,119092,HDFC Money Market Fund - Growth Option - Direct Plan,4182.7922,HDFC Mutual Fund,Debt Scheme - Money Market Fund
2020-02-13,119092,HDFC Money Market Fund - Growth Option - Direct Plan,4184.0904,HDFC Mutual Fund,Debt Scheme - Money Market Fund
2020-02-14,119092,HDFC Money Market Fund - Growth Option - Direct Plan,4184.71,HDFC Mutual Fund,Debt Scheme - Money Market Fund
2020-02-17,119092,HDFC Money Market Fund - Growth Option - Direct Plan,4186.7668,HDFC Mutual Fund,Debt Scheme - Money Market Fund
2020-02-18,119092,HDFC Money Market Fund - Growth Option - Direct Plan,4187.2739,HDFC Mutual Fund,Debt Scheme - Money Market Fund
2020-02-20,119092,HDFC Money Market Fund - Growth Option - Direct Plan,4188.3871,HDFC Mutual Fund,Debt Scheme - Money Market Fund
2020-02-24,119092,HDFC Money Market Fund - Growth Option - Direct Plan,4190.8455,HDFC Mutual Fund,Debt Scheme - Money Market Fund
2020-02-25,119092,HDFC Money Market Fund - Growth Option - Direct Plan,4191.6676,HDFC Mutual Fund,Debt Scheme - Money Market Fund
2020-02-26,119092,HDFC Money Market Fund - Growth Option - Direct Plan,4192.2986,HDFC Mutual Fund,Debt Scheme - Money Market Fund
2020-02-27,119092,HDFC Money Market Fund - Growth Option - Direct Plan,4192.7871,HDFC Mutual Fund,Debt Scheme - Money Market Fund
2020-02-28,119092,HDFC Money Market Fund - Growth Option - Direct Plan,4192.8719,HDFC Mutual Fund,Debt Scheme - Money Market Fund
2020-03-02,119092,HDFC Money Market Fund - Growth Option - Direct Plan,4194.6776,HDFC Mutual Fund,Debt Scheme - Money Market Fund
2020-03-03,119092,HDFC Money Market Fund - Growth Option - Direct Plan,4195.0644,HDFC Mutual Fund,Debt Scheme - Money Market Fund
2020-03-04,119092,HDFC Money Market Fund - Growth Option - Direct Plan,4198.9729,HDFC Mutual Fund,Debt Scheme - Money Market Fund
2020-03-05,119092,HDFC Money Market Fund - Growth Option - Direct Plan,4200.1656,HDFC Mutual Fund,Debt Scheme - Money Market Fund
2020-03-06,119092,HDFC Money Market Fund - Growth Option - Direct Plan,4200.6749,HDFC Mutual Fund,Debt Scheme - Money Market Fund
2020-03-09,119092,HDFC Money Market Fund - Growth Option - Direct Plan,4202.7078,HDFC Mutual Fund,Debt Scheme - Money Market Fund
2020-03-11,119092,HDFC Money Market Fund - Growth Option - Direct Plan,4202.8702,HDFC Mutual Fund,Debt Scheme - Money Market Fund
2020-03-12,119092,HDFC Money Market Fund - Growth Option - Direct Plan,4199.1631,HDFC Mutual Fund,Debt Scheme - Money Market Fund
2020-03-13,119092,HDFC Money Market Fund - Growth Option - Direct Plan,4195.2449,HDFC Mutual Fund,Debt Scheme - Money Market Fund
2020-03-16,119092,HDFC Money Market Fund - Growth Option - Direct Plan,4195.5139,HDFC Mutual Fund,Debt Scheme - Money Market Fund
2020-03-17,119092,HDFC Money Market Fund - Growth Option - Direct Plan,4193.9895,HDFC Mutual Fund,Debt Scheme - Money Market Fund
2020-03-18,119092,HDFC Money Market Fund - Growth Option - Direct Plan,4186.9181,HDFC Mutual Fund,Debt Scheme - Money Market Fund
2020-03-19,119092,HDFC Money Market Fund - Growth Option - Direct Plan,4164.2442,HDFC Mutual Fund,Debt Scheme - Money Market Fund
2020-03-20,119092,HDFC Money Market Fund - Growth Option - Direct Plan,4163.0671,HDFC Mutual Fund,Debt Scheme - Money Market Fund
2020-03-23,119092,HDFC Money Market Fund - Growth Option - Direct Plan,4152.1616,HDFC Mutual Fund,Debt Scheme - Money Market Fund
2020-03-24,119092,HDFC Money Market Fund - Growth Option - Direct Plan,4144.3512,HDFC Mutual Fund,Debt Scheme - Money Market Fund
2020-03-26,119092,HDFC Money Market Fund - Growth Option - Direct Plan,4156.2809,HDFC Mutual Fund,Debt Scheme - Money Market Fund
2020-03-27,119092,HDFC Money Market Fund - Growth Option - Direct Plan,4212.5014,HDFC Mutual Fund,Debt Scheme - Money Market Fund
2020-03-30,119092,HDFC Money Market Fund - Growth Option - Direct Plan,4218.4355,HDFC Mutual Fund,Debt Scheme - Money Market Fund
2020-03-31,119092,HDFC Money Market Fund - Growth Option - Direct Plan,4219.8368,HDFC Mutual Fund,Debt Scheme - Money Market Fund
2020-04-03,119092,HDFC Money Market Fund - Growth Option - Direct Plan,4223.1814,HDFC Mutual Fund,Debt Scheme - Money Market Fund
2020-04-07,119092,HDFC Money Market Fund - Growth Option - Direct Plan,4228.7396,HDFC Mutual Fund,Debt Scheme - Money Market Fund
2020-04-08,119092,HDFC Money Market Fund - Growth Option - Direct Plan,4225.2022,HDFC Mutual Fund,Debt Scheme - Money Market Fund
2020-04-09,119092,HDFC Money Market Fund - Growth Option - Direct Plan,4221.4016,HDFC Mutual Fund,Debt Scheme - Money Market Fund
2020-04-13,119092,HDFC Money Market Fund - Growth Option - Direct Plan,4222.2748,HDFC Mutual Fund,Debt Scheme - Money Market Fund
2020-04-15,119092,HDFC Money Market Fund - Growth Option - Direct Plan,4223.0994,HDFC Mutual Fund,Debt Scheme - Money Market Fund
2020-04-16,119092,HDFC Money Market Fund - Growth Option - Direct Plan,4224.6042,HDFC Mutual Fund,Debt Scheme - Money Market Fund
2020-04-17,119092,HDFC Money Market Fund - Growth Option - Direct Plan,4235.9524,HDFC Mutual Fund,Debt Scheme - Money Market Fund
2020-04-20,119092,HDFC Money Market Fund - Growth Option - Direct Plan,4241.9107,HDFC Mutual Fund,Debt Scheme - Money Market Fund
2020-04-21,119092,HDFC Money Market Fund - Growth Option - Direct Plan,4248.4573,HDFC Mutual Fund,Debt Scheme - Money Market Fund
2020-04-22,119092,HDFC Money Market Fund - Growth Option - Direct Plan,4251.0201,HDFC Mutual Fund,Debt Scheme - Money Market Fund
2020-04-23,119092,HDFC Money Market Fund - Growth Option - Direct Plan,4257.8975,HDFC Mutual Fund,Debt Scheme - Money Market Fund
2020-04-24,119092,HDFC Money Market Fund - Growth Option - Direct Plan,4253.9022,HDFC Mutual Fund,Debt Scheme - Money Market Fund
2020-04-27,119092,HDFC Money Market Fund - Growth Option - Direct Plan,4250.8959,HDFC Mutual Fund,Debt Scheme - Money Market Fund
2020-04-28,119092,HDFC Money Market Fund - Growth Option - Direct Plan,4245.0076,HDFC Mutual Fund,Debt Scheme - Money Market Fund
2020-04-29,119092,HDFC Money Market Fund - Growth Option - Direct Plan,4246.2017,HDFC Mutual Fund,Debt Scheme - Money Market Fund
2020-04-30,119092,HDFC Money Market Fund - Growth Option - Direct Plan,4250.8578,HDFC Mutual Fund,Debt Scheme - Money Market Fund
2020-05-04,119092,HDFC Money Market Fund - Growth Option - Direct Plan,4254.1526,HDFC Mutual Fund,Debt Scheme - Money Market Fund
2020-05-05,119092,HDFC Money Market Fund - Growth Option - Direct Plan,4257.3671,HDFC Mutual Fund,Debt Scheme - Money Market Fund
2020-05-06,119092,HDFC Money Market Fund - Growth Option - Direct Plan,4260.1611,HDFC Mutual Fund,Debt Scheme - Money Market Fund
2020-05-08,119092,HDFC Money Market Fund - Growth Option - Direct Plan,4264.2386,HDFC Mutual Fund,Debt Scheme - Money Market Fund
2020-05-11,119092,HDFC Money Market Fund - Growth Option - Direct Plan,4265.7032,HDFC Mutual Fund,Debt Scheme - Money Market Fund
2020-05-12,119092,HDFC Money Market Fund - Growth Option - Direct Plan,4271.4274,HDFC Mutual Fund,Debt Scheme - Money Market Fund
2020-05-13,119092,HDFC Money Market Fund - Growth Option - Direct Plan,4270.8111,HDFC Mutual Fund,Debt Scheme - Money Market Fund
2020-05-14,119092,HDFC Money Market Fund - Growth Option - Direct Plan,4271.4229,HDFC Mutual Fund,Debt Scheme - Money Market Fund
2020-05-15,119092,HDFC Money Market Fund - Growth Option - Direct Plan,4275.9992,HDFC Mutual Fund,Debt Scheme - Money Market Fund
2020-05-18,119092,HDFC Money Market Fund - Growth Option - Direct Plan,4284.9352,HDFC Mutual Fund,Debt Scheme - Money Market Fund
2020-05-19,119092,HDFC Money Market Fund - Growth Option - Direct Plan,4288.6721,HDFC Mutual Fund,Debt Scheme - Money Market Fund
2020-05-20,119092,HDFC Money Market Fund - Growth Option - Direct Plan,4289.6827,HDFC Mutual Fund,Debt Scheme - Money Market Fund
2020-05-21,119092,HDFC Money Market Fund - Growth Option - Direct Plan,4294.3552,HDFC Mutual Fund,Debt Scheme - Money Market Fund
2020-05-22,119092,HDFC Money Market Fund - Growth Option - Direct Plan,4299.3833,HDFC Mutual Fund,Debt Scheme - Money Market Fund
2020-05-26,119092,HDFC Money Market Fund - Growth Option - Direct Plan,4306.032,HDFC Mutual Fund,Debt Scheme - Money Market Fund
2020-05-27,119092,HDFC Money Market Fund - Growth Option - Direct Plan,4306.1167,HDFC Mutual Fund,Debt Scheme - Money Market Fund
2020-05-28,119092,HDFC Money Market Fund - Growth Option - Direct Plan,4305.9734,HDFC Mutual Fund,Debt Scheme - Money Market Fund
2020-05-29,119092,HDFC Money Market Fund - Growth Option - Direct Plan,4301.7625,HDFC Mutual Fund,Debt Scheme - Money Market Fund
2020-06-01,119092,HDFC Money Market Fund - Growth Option - Direct Plan,4303.6551,HDFC Mutual Fund,Debt Scheme - Money Market Fund
2020-06-02,119092,HDFC Money Market Fund - Growth Option - Direct Plan,4303.0421,HDFC Mutual Fund,Debt Scheme - Money Market Fund
2020-06-03,119092,HDFC Money Market Fund - Growth Option - Direct Plan,4303.7694,HDFC Mutual Fund,Debt Scheme - Money Market Fund
2020-06-04,119092,HDFC Money Market Fund - Growth Option - Direct Plan,4302.9475,HDFC Mutual Fund,Debt Scheme - Money Market Fund
2020-06-05,119092,HDFC Money Market Fund - Growth Option - Direct Plan,4303.6425,HDFC Mutual Fund,Debt Scheme - Money Market Fund
2020-06-08,119092,HDFC Money Market Fund - Growth Option - Direct Plan,4305.6172,HDFC Mutual Fund,Debt Scheme - Money Market Fund
2020-06-09,119092,HDFC Money Market Fund - Growth Option - Direct Plan,4305.7632,HDFC Mutual Fund,Debt Scheme - Money Market Fund
2020-06-10,119092,HDFC Money Market Fund - Growth Option - Direct Plan,4307.0927,HDFC Mutual Fund,Debt Scheme - Money Market Fund
2020-06-11,119092,HDFC Money Market Fund - Growth Option - Direct Plan,4310.1565,HDFC Mutual Fund,Debt Scheme - Money Market Fund
2020-06-12,119092,HDFC Money Market Fund - Growth Option - Direct Plan,4311.2397,HDFC Mutual Fund,Debt Scheme - Money Market Fund
2020-06-15,119092,HDFC Money Market Fund - Growth Option - Direct Plan,4315.1713,HDFC Mutual Fund,Debt Scheme - Money Market Fund
2020-06-16,119092,HDFC Money Market Fund - Growth Option - Direct Plan,4317.8417,HDFC Mutual Fund,Debt Scheme - Money Market Fund
2020-06-17,119092,HDFC Money Market Fund - Growth Option - Direct Plan,4318.5464,HDFC Mutual Fund,Debt Scheme - Money Market Fund
2020-06-18,119092,HDFC Money Market Fund - Growth Option - Direct Plan,4324.4248,HDFC Mutual Fund,Debt Scheme - Money Market Fund
2020-06-19,119092,HDFC Money Market Fund - Growth Option - Direct Plan,4326.3408,HDFC Mutual Fund,Debt Scheme - Money Market Fund
2020-06-22,119092,HDFC Money Market Fund - Growth Option - Direct Plan,4325.789,HDFC Mutual Fund,Debt Scheme - Money Market Fund
2020-06-23,119092,HDFC Money Market Fund - Growth Option - Direct Plan,4327.428,HDFC Mutual Fund,Debt Scheme - Money Market Fund
2020-06-24,119092,HDFC Money Market Fund - Growth Option - Direct Plan,4327.9788,HDFC Mutual Fund,Debt Scheme - Money Market Fund
2020-06-25,119092,HDFC Money Market Fund - Growth Option - Direct Plan,4328.6429,HDFC Mutual Fund,Debt Scheme - Money Market Fund
2020-06-26,119092,HDFC Money Market Fund - Growth Option - Direct Plan,4329.9344,HDFC Mutual Fund,Debt Scheme - Money Market Fund
2020-06-29,119092,HDFC Money Market Fund - Growth Option - Direct Plan,4329.6449,HDFC Mutual Fund,Debt Scheme - Money Market Fund
2020-06-30,119092,HDFC Money Market Fund - Growth Option - Direct Plan,4330.1984,HDFC Mutual Fund,Debt Scheme - Money Market Fund
2020-07-01,119092,HDFC Money Market Fund - Growth Option - Direct Plan,4332.0976,HDFC Mutual Fund,Debt Scheme - Money Market Fund
2020-07-02,119092,HDFC Money Market Fund - Growth Option - Direct Plan,4333.5809,HDFC Mutual Fund,Debt Scheme - Money Market Fund
2020-07-03,119092,HDFC Money Market Fund - Growth Option - Direct Plan,4336.8755,HDFC Mutual Fund,Debt Scheme - Money Market Fund
2020-07-06,119092,HDFC Money Market Fund - Growth Option - Direct Plan,4339.2371,HDFC Mutual Fund,Debt Scheme - Money Market Fund
2020-07-07,119092,HDFC Money Market Fund - Growth Option - Direct Plan,4341.1793,HDFC Mutual Fund,Debt Scheme - Money Market Fund
2020-07-08,119092,HDFC Money Market Fund - Growth Option - Direct Plan,4343.2338,HDFC Mutual Fund,Debt Scheme - Money Market Fund
2020-07-09,119092,HDFC Money Market Fund - Growth Option - Direct Plan,4344.087,HDFC Mutual Fund,Debt Scheme - Money Market Fund
2020-07-10,119092,HDFC Money Market Fund - Growth Option - Direct Plan,4345.9608,HDFC Mutual Fund,Debt Scheme - Money Market Fund
2020-07-13,119092,HDFC Money Market Fund - Growth Option - Direct Plan,4348.2801,HDFC Mutual Fund,Debt Scheme - Money Market Fund
2020-07-14,119092,HDFC Money Market Fund - Growth Option - Direct Plan,4346.9559,HDFC Mutual Fund,Debt Scheme - Money Market Fund
2020-07-15,119092,HDFC Money Market Fund - Growth Option - Direct Plan,4347.4749,HDFC Mutual Fund,Debt Scheme - Money Market Fund
2020-07-16,119092,HDFC Money Market Fund - Growth Option - Direct Plan,4347.9358,HDFC Mutual Fund,Debt Scheme - Money Market Fund
2020-07-17,119092,HDFC Money Market Fund - Growth Option - Direct Plan,4348.386,HDFC Mutual Fund,Debt Scheme - Money Market Fund
2020-07-20,119092,HDFC Money Market Fund - Growth Option - Direct Plan,4349.7322,HDFC Mutual Fund,Debt Scheme - Money Market Fund
2020-07-21,119092,HDFC Money Market Fund - Growth Option - Direct Plan,4350.8257,HDFC Mutual Fund,Debt Scheme - Money Market Fund
2020-07-22,119092,HDFC Money Market Fund - Growth Option - Direct Plan,4351.1503,HDFC Mutual Fund,Debt Scheme - Money Market Fund
2020-07-23,119092,HDFC Money Market Fund - Growth Option - Direct Plan,4351.7062,HDFC Mutual Fund,Debt Scheme - Money Market Fund
2020-07-24,119092,HDFC Money Market Fund - Growth Option - Direct Plan,4351.8154,HDFC Mutual Fund,Debt Scheme - Money Market Fund
2020-07-27,119092,HDFC Money Market Fund - Growth Option - Direct Plan,4353.5207,HDFC Mutual Fund,Debt Scheme - Money Market Fund
2020-07-28,119092,HDFC Money Market Fund - Growth Option - Direct Plan,4353.6483,HDFC Mutual Fund,Debt Scheme - Money Market Fund
2020-07-29,119092,HDFC Money Market Fund - Growth Option - Direct Plan,4353.8404,HDFC Mutual Fund,Debt Scheme - Money Market Fund
2020-07-30,119092,HDFC Money Market Fund - Growth Option - Direct Plan,4354.5685,HDFC Mutual Fund,Debt Scheme - Money Market Fund
2020-07-31,119092,HDFC Money Market Fund - Growth Option - Direct Plan,4355.1666,HDFC Mutual Fund,Debt Scheme - Money Market Fund
2020-08-03,119092,HDFC Money Market Fund - Growth Option - Direct Plan,4356.3316,HDFC Mutual Fund,Debt Scheme - Money Market Fund
2020-08-04,119092,HDFC Money Market Fund - Growth Option - Direct Plan,4357.4592,HDFC Mutual Fund,Debt Scheme - Money Market Fund
2020-08-05,119092,HDFC Money Market Fund - Growth Option - Direct Plan,4358.5009,HDFC Mutual Fund,Debt Scheme - Money Market Fund
2020-08-06,119092,HDFC Money Market Fund - Growth Option - Direct Plan,4359.1377,HDFC Mutual Fund,Debt Scheme - Money Market Fund
2020-08-07,119092,HDFC Money Market Fund - Growth Option - Direct Plan,4358.6338,HDFC Mutual Fund,Debt Scheme - Money Market Fund
2020-08-10,119092,HDFC Money Market Fund - Growth Option - Direct Plan,4360.0294,HDFC Mutual Fund,Debt Scheme - Money Market Fund
2020-08-11,119092,HDFC Money Market Fund - Growth Option - Direct Plan,4360.7977,HDFC Mutual Fund,Debt Scheme - Money Market Fund
2020-08-12,119092,HDFC Money Market Fund - Growth Option - Direct Plan,4361.3494,HDFC Mutual Fund,Debt Scheme - Money Market Fund
2020-08-13,119092,HDFC Money Market Fund - Growth Option - Direct Plan,4361.8782,HDFC Mutual Fund,Debt Scheme - Money Market Fund
2020-08-14,119092,HDFC Money Market Fund - Growth Option - Direct Plan,4362.347,HDFC Mutual Fund,Debt Scheme - Money Market Fund
2020-08-17,119092,HDFC Money Market Fund - Growth Option - Direct Plan,4363.6971,HDFC Mutual Fund,Debt Scheme - Money Market Fund
2020-08-18,119092,HDFC Money Market Fund - Growth Option - Direct Plan,4365.6229,HDFC Mutual Fund,Debt Scheme - Money Market Fund
2020-08-19,119092,HDFC Money Market Fund - Growth Option - Direct Plan,4366.3028,HDFC Mutual Fund,Debt Scheme - Money Market Fund
2020-08-20,119092,HDFC Money Market Fund - Growth Option - Direct Plan,4367.337,HDFC Mutual Fund,Debt Scheme - Money Market Fund
2020-08-21,119092,HDFC Money Market Fund - Growth Option - Direct Plan,4368.2559,HDFC Mutual Fund,Debt Scheme - Money Market Fund
2020-08-24,119092,HDFC Money Market Fund - Growth Option - Direct Plan,4369.1162,HDFC Mutual Fund,Debt Scheme - Money Market Fund
2020-08-25,119092,HDFC Money Market Fund - Growth Option - Direct Plan,4369.0401,HDFC Mutual Fund,Debt Scheme - Money Market Fund
2020-08-26,119092,HDFC Money Market Fund - Growth Option - Direct Plan,4369.8086,HDFC Mutual Fund,Debt Scheme - Money Market Fund
2020-08-27,119092,HDFC Money Market Fund - Growth Option - Direct Plan,4370.2899,HDFC Mutual Fund,Debt Scheme - Money Market Fund
2020-08-28,119092,HDFC Money Market Fund - Growth Option - Direct Plan,4370.9404,HDFC Mutual Fund,Debt Scheme - Money Market Fund
2020-08-31,119092,HDFC Money Market Fund - Growth Option - Direct Plan,4372.3045,HDFC Mutual Fund,Debt Scheme - Money Market Fund
2020-09-01,119092,HDFC Money Market Fund - Growth Option - Direct Plan,4373.4455,HDFC Mutual Fund,Debt Scheme - Money Market Fund
2020-09-02,119092,HDFC Money Market Fund - Growth Option - Direct Plan,4373.5889,HDFC Mutual Fund,Debt Scheme - Money Market Fund
2020-09-03,119092,HDFC Money Market Fund - Growth Option - Direct Plan,4373.9936,HDFC Mutual Fund,Debt Scheme - Money Market Fund
2020-09-04,119092,HDFC Money Market Fund - Growth Option - Direct Plan,4374.4488,HDFC Mutual Fund,Debt Scheme - Money Market Fund
2020-09-07,119092,HDFC Money Market Fund - Growth Option - Direct Plan,4375.9053,HDFC Mutual Fund,Debt Scheme - Money Market Fund
2020-09-08,119092,HDFC Money Market Fund - Growth Option - Direct Plan,4376.2118,HDFC Mutual Fund,Debt Scheme - Money Market Fund
2020-09-09,119092,HDFC Money Market Fund - Growth Option - Direct Plan,4376.598,HDFC Mutual Fund,Debt Scheme - Money Market Fund
2020-09-10,119092,HDFC Money Market Fund - Growth Option - Direct Plan,4376.749,HDFC Mutual Fund,Debt Scheme - Money Market Fund
2020-09-11,119092,HDFC Money Market Fund - Growth Option - Direct Plan,4377.2109,HDFC Mutual Fund,Debt Scheme - Money Market Fund
2020-09-14,119092,HDFC Money Market Fund - Growth Option - Direct Plan,4378.5847,HDFC Mutual Fund,Debt Scheme - Money Market Fund
2020-09-15,119092,HDFC Money Market Fund - Growth Option - Direct Plan,4379.0681,HDFC Mutual Fund,Debt Scheme - Money Market Fund
2020-09-16,119092,HDFC Money Market Fund - Growth Option - Direct Plan,4379.3179,HDFC Mutual Fund,Debt Scheme - Money Market Fund
2020-09-17,119092,HDFC Money Market Fund - Growth Option - Direct Plan,4379.9396,HDFC Mutual Fund,Debt Scheme - Money Market Fund
2020-09-18,119092,HDFC Money Market Fund - Growth Option - Direct Plan,4380.2814,HDFC Mutual Fund,Debt Scheme - Money Market Fund
2020-09-21,119092,HDFC Money Market Fund - Growth Option - Direct Plan,4381.6926,HDFC Mutual Fund,Debt Scheme - Money Market Fund
2020-09-22,119092,HDFC Money Market Fund - Growth Option - Direct Plan,4382.1581,HDFC Mutual Fund,Debt Scheme - Money Market Fund
2020-09-23,119092,HDFC Money Market Fund - Growth Option - Direct Plan,4382.387,HDFC Mutual Fund,Debt Scheme - Money Market Fund
2020-09-24,119092,HDFC Money Market Fund - Growth Option - Direct Plan,4382.6886,HDFC Mutual Fund,Debt Scheme - Money Market Fund
2020-09-25,119092,HDFC Money Market Fund - Growth Option - Direct Plan,4383.1713,HDFC Mutual Fund,Debt Scheme - Money Market Fund
2020-09-28,119092,HDFC Money Market Fund - Growth Option - Direct Plan,4384.6086,HDFC Mutual Fund,Debt Scheme - Money Market Fund
2020-09-29,119092,HDFC Money Market Fund - Growth Option - Direct Plan,4385.4487,HDFC Mutual Fund,Debt Scheme - Money Market Fund
2020-09-30,119092,HDFC Money Market Fund - Growth Option - Direct Plan,4386.1231,HDFC Mutual Fund,Debt Scheme - Money Market Fund
2020-10-01,119092,HDFC Money Market Fund - Growth Option - Direct Plan,4386.904,HDFC Mutual Fund,Debt Scheme - Money Market Fund
2020-10-05,119092,HDFC Money Market Fund - Growth Option - Direct Plan,4389.4847,HDFC Mutual Fund,Debt Scheme - Money Market Fund
2020-10-06,119092,HDFC Money Market Fund - Growth Option - Direct Plan,4390.6895,HDFC Mutual Fund,Debt Scheme - Money Market Fund
2020-10-07,119092,HDFC Money Market Fund - Growth Option - Direct Plan,4392.2027,HDFC Mutual Fund,Debt Scheme - Money Market Fund
2020-10-08,119092,HDFC Money Market Fund - Growth Option - Direct Plan,4393.0146,HDFC Mutual Fund,Debt Scheme - Money Market Fund
2020-10-09,119092,HDFC Money Market Fund - Growth Option - Direct Plan,4393.6484,HDFC Mutual Fund,Debt Scheme - Money Market Fund
2020-10-12,119092,HDFC Money Market Fund - Growth Option - Direct Plan,4395.1137,HDFC Mutual Fund,Debt Scheme - Money Market Fund
2020-10-13,119092,HDFC Money Market Fund - Growth Option - Direct Plan,4395.391,HDFC Mutual Fund,Debt Scheme - Money Market Fund
2020-10-14,119092,HDFC Money Market Fund - Growth Option - Direct Plan,4396.2372,HDFC Mutual Fund,Debt Scheme - Money Market Fund
2020-10-15,119092,HDFC Money Market Fund - Growth Option - Direct Plan,4396.7317,HDFC Mutual Fund,Debt Scheme - Money Market Fund
2020-10-16,119092,HDFC Money Market Fund - Growth Option - Direct Plan,4397.261,HDFC Mutual Fund,Debt Scheme - Money Market Fund
2020-10-19,119092,HDFC Money Market Fund - Growth Option - Direct Plan,4398.6908,HDFC Mutual Fund,Debt Scheme - Money Market Fund
2020-10-20,119092,HDFC Money Market Fund - Growth Option - Direct Plan,4399.2865,HDFC Mutual Fund,Debt Scheme - Money Market Fund
2020-10-21,119092,HDFC Money Market Fund - Growth Option - Direct Plan,4399.7853,HDFC Mutual Fund,Debt Scheme - Money Market Fund
2020-10-22,119092,HDFC Money Market Fund - Growth Option - Direct Plan,4400.195,HDFC Mutual Fund,Debt Scheme - Money Market Fund
2020-10-23,119092,HDFC Money Market Fund - Growth Option - Direct Plan,4400.7309,HDFC Mutual Fund,Debt Scheme - Money Market Fund
2020-10-26,119092,HDFC Money Market Fund - Growth Option - Direct Plan,4402.2426,HDFC Mutual Fund,Debt Scheme - Money Market Fund
2020-10-27,119092,HDFC Money Market Fund - Growth Option - Direct Plan,4402.6028,HDFC Mutual Fund,Debt Scheme - Money Market Fund
2020-10-28,119092,HDFC Money Market Fund - Growth Option - Direct Plan,4403.2058,HDFC Mutual Fund,Debt Scheme - Money Market Fund
2020-10-29,119092,HDFC Money Market Fund - Growth Option - Direct Plan,4403.6062,HDFC Mutual Fund,Debt Scheme - Money Market Fund
2020-11-02,119092,HDFC Money Market Fund - Growth Option - Direct Plan,4405.1472,HDFC Mutual Fund,Debt Scheme - Money Market Fund
2020-11-03,119092,HDFC Money Market Fund - Growth Option - Direct Plan,4405.5861,HDFC Mutual Fund,Debt Scheme - Money Market Fund
2020-11-04,119092,HDFC Money Market Fund - Growth Option - Direct Plan,4406.2541,HDFC Mutual Fund,Debt Scheme - Money Market Fund
2020-11-05,119092,HDFC Money Market Fund - Growth Option - Direct Plan,4406.7614,HDFC Mutual Fund,Debt Scheme - Money Market Fund
2020-11-06,119092,HDFC Money Market Fund - Growth Option - Direct Plan,4407.199,HDFC Mutual Fund,Debt Scheme - Money Market Fund
2020-11-09,119092,HDFC Money Market Fund - Growth Option - Direct Plan,4408.6502,HDFC Mutual Fund,Debt Scheme - Money Market Fund
2020-11-10,119092,HDFC Money Market Fund - Growth Option - Direct Plan,4409.1968,HDFC Mutual Fund,Debt Scheme - Money Market Fund
2020-11-11,119092,HDFC Money Market Fund - Growth Option - Direct Plan,4409.8311,HDFC Mutual Fund,Debt Scheme - Money Market Fund
2020-11-12,119092,HDFC Money Market Fund - Growth Option - Direct Plan,4410.5149,HDFC Mutual Fund,Debt Scheme - Money Market Fund
2020-11-13,119092,HDFC Money Market Fund - Growth Option - Direct Plan,4411.2065,HDFC Mutual Fund,Debt Scheme - Money Market Fund
2020-11-17,119092,HDFC Money Market Fund - Growth Option - Direct Plan,4413.0101,HDFC Mutual Fund,Debt Scheme - Money Market Fund
2020-11-18,119092,HDFC Money Market Fund - Growth Option - Direct Plan,4413.7605,HDFC Mutual Fund,Debt Scheme - Money Market Fund
2020-11-19,119092,HDFC Money Market Fund - Growth Option - Direct Plan,4414.744,HDFC Mutual Fund,Debt Scheme - Money Market Fund
2020-11-20,119092,HDFC Money Market Fund - Growth Option - Direct Plan,4415.3233,HDFC Mutual Fund,Debt Scheme - Money Market Fund
2020-11-23,119092,HDFC Money Market Fund - Growth Option - Direct Plan,4416.5255,HDFC Mutual Fund,Debt Scheme - Money Market Fund
2020-11-24,119092,HDFC Money Market Fund - Growth Option - Direct Plan,4416.7467,HDFC Mutual Fund,Debt Scheme - Money Market Fund
2020-11-25,119092,HDFC Money Market Fund - Growth Option - Direct Plan,4417.2969,HDFC Mutual Fund,Debt Scheme - Money Market Fund
2020-11-26,119092,HDFC Money Market Fund - Growth Option - Direct Plan,4418.0768,HDFC Mutual Fund,Debt Scheme - Money Market Fund
2020-11-27,119092,HDFC Money Market Fund - Growth Option - Direct Plan,4418.6432,HDFC Mutual Fund,Debt Scheme - Money Market Fund
2020-12-01,119092,HDFC Money Market Fund - Growth Option - Direct Plan,4419.9359,HDFC Mutual Fund,Debt Scheme - Money Market Fund
2020-12-02,119092,HDFC Money Market Fund - Growth Option - Direct Plan,4419.5547,HDFC Mutual Fund,Debt Scheme - Money Market Fund
2020-12-03,119092,HDFC Money Market Fund - Growth Option - Direct Plan,4419.9119,HDFC Mutual Fund,Debt Scheme - Money Market Fund
2020-12-04,119092,HDFC Money Market Fund - Growth Option - Direct Plan,4420.5672,HDFC Mutual Fund,Debt Scheme - Money Market Fund
2020-12-07,119092,HDFC Money Market Fund - Growth Option - Direct Plan,4421.93,HDFC Mutual Fund,Debt Scheme - Money Market Fund
2020-12-08,119092,HDFC Money Market Fund - Growth Option - Direct Plan,4421.9973,HDFC Mutual Fund,Debt Scheme - Money Market Fund
2020-12-09,119092,HDFC Money Market Fund - Growth Option - Direct Plan,4422.082,HDFC Mutual Fund,Debt Scheme - Money Market Fund
2020-12-10,119092,HDFC Money Market Fund - Growth Option - Direct Plan,4422.6387,HDFC Mutual Fund,Debt Scheme - Money Market Fund
2020-12-11,119092,HDFC Money Market Fund - Growth Option - Direct Plan,4423.1467,HDFC Mutual Fund,Debt Scheme - Money Market Fund
2020-12-14,119092,HDFC Money Market Fund - Growth Option - Direct Plan,4424.3118,HDFC Mutual Fund,Debt Scheme - Money Market Fund
2020-12-15,119092,HDFC Money Market Fund - Growth Option - Direct Plan,4424.5835,HDFC Mutual Fund,Debt Scheme - Money Market Fund
2020-12-16,119092,HDFC Money Market Fund - Growth Option - Direct Plan,4424.8852,HDFC Mutual Fund,Debt Scheme - Money Market Fund
2020-12-17,119092,HDFC Money Market Fund - Growth Option - Direct Plan,4425.2074,HDFC Mutual Fund,Debt Scheme - Money Market Fund
2020-12-18,119092,HDFC Money Market Fund - Growth Option - Direct Plan,4425.6665,HDFC Mutual Fund,Debt Scheme - Money Market Fund
2020-12-21,119092,HDFC Money Market Fund - Growth Option - Direct Plan,4426.9505,HDFC Mutual Fund,Debt Scheme - Money Market Fund
2020-12-22,119092,HDFC Money Market Fund - Growth Option - Direct Plan,4427.3621,HDFC Mutual Fund,Debt Scheme - Money Market Fund
2020-12-23,119092,HDFC Money Market Fund - Growth Option - Direct Plan,4427.7459,HDFC Mutual Fund,Debt Scheme - Money Market Fund
2020-12-24,119092,HDFC Money Market Fund - Growth Option - Direct Plan,4428.2037,HDFC Mutual Fund,Debt Scheme - Money Market Fund
2020-12-28,119092,HDFC Money Market Fund - Growth Option - Direct Plan,4429.8268,HDFC Mutual Fund,Debt Scheme - Money Market Fund
2020-12-29,119092,HDFC Money Market Fund - Growth Option - Direct Plan,4430.3893,HDFC Mutual Fund,Debt Scheme - Money Market Fund
2020-12-30,119092,HDFC Money Market Fund - Growth Option - Direct Plan,4431.1016,HDFC Mutual Fund,Debt Scheme - Money Market Fund
2020-12-31,119092,HDFC Money Market Fund - Growth Option - Direct Plan,4431.6311,HDFC Mutual Fund,Debt Scheme - Money Market Fund
2021-01-01,119092,HDFC Money Market Fund - Growth Option - Direct Plan,4432.2723,HDFC Mutual Fund,Debt Scheme - Money Market Fund
2021-01-04,119092,HDFC Money Market Fund - Growth Option - Direct Plan,4433.6173,HDFC Mutual Fund,Debt Scheme - Money Market Fund
2021-01-05,119092,HDFC Money Market Fund - Growth Option - Direct Plan,4434.0473,HDFC Mutual Fund,Debt Scheme - Money Market Fund
2021-01-06,119092,HDFC Money Market Fund - Growth Option - Direct Plan,4434.2321,HDFC Mutual Fund,Debt Scheme - Money Market Fund
2021-01-07,119092,HDFC Money Market Fund - Growth Option - Direct Plan,4434.4073,HDFC Mutual Fund,Debt Scheme - Money Market Fund
2021-01-08,119092,HDFC Money Market Fund - Growth Option - Direct Plan,4434.766,HDFC Mutual Fund,Debt Scheme - Money Market Fund
2021-01-11,119092,HDFC Money Market Fund - Growth Option - Direct Plan,4435.3463,HDFC Mutual Fund,Debt Scheme - Money Market Fund
2021-01-12,119092,HDFC Money Market Fund - Growth Option - Direct Plan,4435.5524,HDFC Mutual Fund,Debt Scheme - Money Market Fund
2021-01-13,119092,HDFC Money Market Fund - Growth Option - Direct Plan,4436.0023,HDFC Mutual Fund,Debt Scheme - Money Market Fund
2021-01-14,119092,HDFC Money Market Fund - Growth Option - Direct Plan,4435.8973,HDFC Mutual Fund,Debt Scheme - Money Market Fund
2021-01-15,119092,HDFC Money Market Fund - Growth Option - Direct Plan,4436.2347,HDFC Mutual Fund,Debt Scheme - Money Market Fund
2021-01-18,119092,HDFC Money Market Fund - Growth Option - Direct Plan,4437.2077,HDFC Mutual Fund,Debt Scheme - Money Market Fund
2021-01-19,119092,HDFC Money Market Fund - Growth Option - Direct Plan,4437.2276,HDFC Mutual Fund,Debt Scheme - Money Market Fund
2021-01-20,119092,HDFC Money Market Fund - Growth Option - Direct Plan,4437.6557,HDFC Mutual Fund,Debt Scheme - Money Market Fund
2021-01-21,119092,HDFC Money Market Fund - Growth Option - Direct Plan,4438.1325,HDFC Mutual Fund,Debt Scheme - Money Market Fund
2021-01-22,119092,HDFC Money Market Fund - Growth Option - Direct Plan,4438.5359,HDFC Mutual Fund,Debt Scheme - Money Market Fund
2021-01-25,119092,HDFC Money Market Fund - Growth Option - Direct Plan,4439.8445,HDFC Mutual Fund,Debt Scheme - Money Market Fund
2021-01-27,119092,HDFC Money Market Fund - Growth Option - Direct Plan,4440.4967,HDFC Mutual Fund,Debt Scheme - Money Market Fund
2021-01-28,119092,HDFC Money Market Fund - Growth Option - Direct Plan,4440.9624,HDFC Mutual Fund,Debt Scheme - Money Market Fund
2021-01-29,119092,HDFC Money Market Fund - Growth Option - Direct Plan,4441.4099,HDFC Mutual Fund,Debt Scheme - Money Market Fund
2021-02-01,119092,HDFC Money Market Fund - Growth Option - Direct Plan,4442.5021,HDFC Mutual Fund,Debt Scheme - Money Market Fund
2021-02-02,119092,HDFC Money Market Fund - Growth Option - Direct Plan,4442.9783,HDFC Mutual Fund,Debt Scheme - Money Market Fund
2021-02-03,119092,HDFC Money Market Fund - Growth Option - Direct Plan,4443.0069,HDFC Mutual Fund,Debt Scheme - Money Market Fund
2021-02-04,119092,HDFC Money Market Fund - Growth Option - Direct Plan,4443.3787,HDFC Mutual Fund,Debt Scheme - Money Market Fund
2021-02-05,119092,HDFC Money Market Fund - Growth Option - Direct Plan,4443.9176,HDFC Mutual Fund,Debt Scheme - Money Market Fund
2021-02-08,119092,HDFC Money Market Fund - Growth Option - Direct Plan,4445.1846,HDFC Mutual Fund,Debt Scheme - Money Market Fund
2021-02-09,119092,HDFC Money Market Fund - Growth Option - Direct Plan,4445.4434,HDFC Mutual Fund,Debt Scheme - Money Market Fund
2021-02-10,119092,HDFC Money Market Fund - Growth Option - Direct Plan,4446.1385,HDFC Mutual Fund,Debt Scheme - Money Market Fund
2021-02-11,119092,HDFC Money Market Fund - Growth Option - Direct Plan,4446.5639,HDFC Mutual Fund,Debt Scheme - Money Market Fund
2021-02-12,119092,HDFC Money Market Fund - Growth Option - Direct Plan,4447.0261,HDFC Mutual Fund,Debt Scheme - Money Market Fund
2021-02-15,119092,HDFC Money Market Fund - Growth Option - Direct Plan,4448.4874,HDFC Mutual Fund,Debt Scheme - Money Market Fund
2021-02-16,119092,HDFC Money Market Fund - Growth Option - Direct Plan,4449.1908,HDFC Mutual Fund,Debt Scheme - Money Market Fund
2021-02-17,119092,HDFC Money Market Fund - Growth Option - Direct Plan,4449.9012,HDFC Mutual Fund,Debt Scheme - Money Market Fund
2021-02-18,119092,HDFC Money Market Fund - Growth Option - Direct Plan,4450.5729,HDFC Mutual Fund,Debt Scheme - Money Market Fund
2021-02-22,119092,HDFC Money Market Fund - Growth Option - Direct Plan,4451.8057,HDFC Mutual Fund,Debt Scheme - Money Market Fund
2021-02-23,119092,HDFC Money Market Fund - Growth Option - Direct Plan,4452.2577,HDFC Mutual Fund,Debt Scheme - Money Market Fund
2021-02-24,119092,HDFC Money Market Fund - Growth Option - Direct Plan,4452.953,HDFC Mutual Fund,Debt Scheme - Money Market Fund
2021-02-25,119092,HDFC Money Market Fund - Growth Option - Direct Plan,4453.3035,HDFC Mutual Fund,Debt Scheme - Money Market Fund
2021-02-26,119092,HDFC Money Market Fund - Growth Option - Direct Plan,4453.6563,HDFC Mutual Fund,Debt Scheme - Money Market Fund
2021-03-01,119092,HDFC Money Market Fund - Growth Option - Direct Plan,4454.8733,HDFC Mutual Fund,Debt Scheme - Money Market Fund
2021-03-02,119092,HDFC Money Market Fund - Growth Option - Direct Plan,4455.2571,HDFC Mutual Fund,Debt Scheme - Money Market Fund
2021-03-03,119092,HDFC Money Market Fund - Growth Option - Direct Plan,4455.677,HDFC Mutual Fund,Debt Scheme - Money Market Fund
2021-03-04,119092,HDFC Money Market Fund - Growth Option - Direct Plan,4456.1148,HDFC Mutual Fund,Debt Scheme - Money Market Fund
2021-03-05,119092,HDFC Money Market Fund - Growth Option - Direct Plan,4456.5838,HDFC Mutual Fund,Debt Scheme - Money Market Fund
2021-03-08,119092,HDFC Money Market Fund - Growth Option - Direct Plan,4457.7421,HDFC Mutual Fund,Debt Scheme - Money Market Fund
2021-03-09,119092,HDFC Money Market Fund - Growth Option - Direct Plan,4458.0172,HDFC Mutual Fund,Debt Scheme - Money Market Fund
2021-03-10,119092,HDFC Money Market Fund - Growth Option - Direct Plan,4458.656,HDFC Mutual Fund,Debt Scheme - Money Market Fund
2021-03-12,119092,HDFC Money Market Fund - Growth Option - Direct Plan,4459.6068,HDFC Mutual Fund,Debt Scheme - Money Market Fund
2021-03-15,119092,HDFC Money Market Fund - Growth Option - Direct Plan,4460.4413,HDFC Mutual Fund,Debt Scheme - Money Market Fund
2021-03-16,119092,HDFC Money Market Fund - Growth Option - Direct Plan,4461.0828,HDFC Mutual Fund,Debt Scheme - Money Market Fund
2021-03-17,119092,HDFC Money Market Fund - Growth Option - Direct Plan,4461.5584,HDFC Mutual Fund,Debt Scheme - Money Market Fund
2021-03-18,119092,HDFC Money Market Fund - Growth Option - Direct Plan,4462.2661,HDFC Mutual Fund,Debt Scheme - Money Market Fund
2021-03-19,119092,HDFC Money Market Fund - Growth Option - Direct Plan,4463.914,HDFC Mutual Fund,Debt Scheme - Money Market Fund
2021-03-22,119092,HDFC Money Market Fund - Growth Option - Direct Plan,4465.6383,HDFC Mutual Fund,Debt Scheme - Money Market Fund
2021-03-23,119092,HDFC Money Market Fund - Growth Option - Direct Plan,4466.5438,HDFC Mutual Fund,Debt Scheme - Money Market Fund
2021-03-24,119092,HDFC Money Market Fund - Growth Option - Direct Plan,4468.1462,HDFC Mutual Fund,Debt Scheme - Money Market Fund
2021-03-25,119092,HDFC Money Market Fund - Growth Option - Direct Plan,4468.9404,HDFC Mutual Fund,Debt Scheme - Money Market Fund
2021-03-26,119092,HDFC Money Market Fund - Growth Option - Direct Plan,4469.9225,HDFC Mutual Fund,Debt Scheme - Money Market Fund
2021-03-30,119092,HDFC Money Market Fund - Growth Option - Direct Plan,4472.8737,HDFC Mutual Fund,Debt Scheme - Money Market Fund
2021-03-31,119092,HDFC Money Market Fund - Growth Option - Direct Plan,4473.9244,HDFC Mutual Fund,Debt Scheme - Money Market Fund
2021-04-05,119092,HDFC Money Market Fund - Growth Option - Direct Plan,4476.1675,HDFC Mutual Fund,Debt Scheme - Money Market Fund
2021-04-06,119092,HDFC Money Market Fund - Growth Option - Direct Plan,4477.6359,HDFC Mutual Fund,Debt Scheme - Money Market Fund
2021-04-07,119092,HDFC Money Market Fund - Growth Option - Direct Plan,4478.1117,HDFC Mutual Fund,Debt Scheme - Money Market Fund
2021-04-08,119092,HDFC Money Market Fund - Growth Option - Direct Plan,4478.0318,HDFC Mutual Fund,Debt Scheme - Money Market Fund
2021-04-09,119092,HDFC Money Market Fund - Growth Option - Direct Plan,4478.2206,HDFC Mutual Fund,Debt Scheme - Money Market Fund
2021-04-12,119092,HDFC Money Market Fund - Growth Option - Direct Plan,4479.0713,HDFC Mutual Fund,Debt Scheme - Money Market Fund
2021-04-15,119092,HDFC Money Market Fund - Growth Option - Direct Plan,4480.5651,HDFC Mutual Fund,Debt Scheme - Money Market Fund
2021-04-16,119092,HDFC Money Market Fund - Growth Option - Direct Plan,4481.1175,HDFC Mutual Fund,Debt Scheme - Money Market Fund
2021-04-19,119092,HDFC Money Market Fund - Growth Option - Direct Plan,4482.8,HDFC Mutual Fund,Debt Scheme - Money Market Fund
2021-04-20,119092,HDFC Money Market Fund - Growth Option - Direct Plan,4483.5807,HDFC Mutual Fund,Debt Scheme - Money Market Fund
2021-04-22,119092,HDFC Money Market Fund - Growth Option - Direct Plan,4485.0802,HDFC Mutual Fund,Debt Scheme - Money Market Fund
2021-04-23,119092,HDFC Money Market Fund - Growth Option - Direct Plan,4485.6071,HDFC Mutual Fund,Debt Scheme - Money Market Fund
2021-04-26,119092,HDFC Money Market Fund - Growth Option - Direct Plan,4487.6174,HDFC Mutual Fund,Debt Scheme - Money Market Fund
2021-04-27,119092,HDFC Money Market Fund - Growth Option - Direct Plan,4488.2324,HDFC Mutual Fund,Debt Scheme - Money Market Fund
2021-04-28,119092,HDFC Money Market Fund - Growth Option - Direct Plan,4489.4762,HDFC Mutual Fund,Debt Scheme - Money Market Fund
2021-04-29,119092,HDFC Money Market Fund - Growth Option - Direct Plan,4489.9035,HDFC Mutual Fund,Debt Scheme - Money Market Fund
2021-04-30,119092,HDFC Money Market Fund - Growth Option - Direct Plan,4490.4089,HDFC Mutual Fund,Debt Scheme - Money Market Fund
2021-05-03,119092,HDFC Money Market Fund - Growth Option - Direct Plan,4492.0127,HDFC Mutual Fund,Debt Scheme - Money Market Fund
2021-05-04,119092,HDFC Money Market Fund - Growth Option - Direct Plan,4492.1951,HDFC Mutual Fund,Debt Scheme - Money Market Fund
2021-05-05,119092,HDFC Money Market Fund - Growth Option - Direct Plan,4492.6502,HDFC Mutual Fund,Debt Scheme - Money Market Fund
2021-05-06,119092,HDFC Money Market Fund - Growth Option - Direct Plan,4493.103,HDFC Mutual Fund,Debt Scheme - Money Market Fund
2021-05-07,119092,HDFC Money Market Fund - Growth Option - Direct Plan,4493.4725,HDFC Mutual Fund,Debt Scheme - Money Market Fund
2021-05-10,119092,HDFC Money Market Fund - Growth Option - Direct Plan,4494.3427,HDFC Mutual Fund,Debt Scheme - Money Market Fund
2021-05-11,119092,HDFC Money Market Fund - Growth Option - Direct Plan,4494.945,HDFC Mutual Fund,Debt Scheme - Money Market Fund
2021-05-12,119092,HDFC Money Market Fund - Growth Option - Direct Plan,4495.2501,HDFC Mutual Fund,Debt Scheme - Money Market Fund
2021-05-14,119092,HDFC Money Market Fund - Growth Option - Direct Plan,4496.1837,HDFC Mutual Fund,Debt Scheme - Money Market Fund
2021-05-17,119092,HDFC Money Market Fund - Growth Option - Direct Plan,4497.5124,HDFC Mutual Fund,Debt Scheme - Money Market Fund
2021-05-18,119092,HDFC Money Market Fund - Growth Option - Direct Plan,4498.0406,HDFC Mutual Fund,Debt Scheme - Money Market Fund
2021-05-19,119092,HDFC Money Market Fund - Growth Option - Direct Plan,4498.6005,HDFC Mutual Fund,Debt Scheme - Money Market Fund
2021-05-20,119092,HDFC Money Market Fund - Growth Option - Direct Plan,4499.0528,HDFC Mutual Fund,Debt Scheme - Money Market Fund
2021-05-21,119092,HDFC Money Market Fund - Growth Option - Direct Plan,4499.7996,HDFC Mutual Fund,Debt Scheme - Money Market Fund
2021-05-24,119092,HDFC Money Market Fund - Growth Option - Direct Plan,4501.066,HDFC Mutual Fund,Debt Scheme - Money Market Fund
2021-05-25,119092,HDFC Money Market Fund - Growth Option - Direct Plan,4501.4732,HDFC Mutual Fund,Debt Scheme - Money Market Fund
2021-05-27,119092,HDFC Money Market Fund - Growth Option - Direct Plan,4502.2382,HDFC Mutual Fund,Debt Scheme - Money Market Fund
2021-05-28,119092,HDFC Money Market Fund - Growth Option - Direct Plan,4502.9636,HDFC Mutual Fund,Debt Scheme - Money Market Fund
2021-05-31,119092,HDFC Money Market Fund - Growth Option - Direct Plan,4504.3495,HDFC Mutual Fund,Debt Scheme - Money Market Fund
2021-06-01,119092,HDFC Money Market Fund - Growth Option - Direct Plan,4504.7396,HDFC Mutual Fund,Debt Scheme - Money Market Fund
2021-06-02,119092,HDFC Money Market Fund - Growth Option - Direct Plan,4505.1471,HDFC Mutual Fund,Debt Scheme - Money Market Fund
2021-06-03,119092,HDFC Money Market Fund - Growth Option - Direct Plan,4505.6101,HDFC Mutual Fund,Debt Scheme - Money Market Fund
2021-06-04,119092,HDFC Money Market Fund - Growth Option - Direct Plan,4506.0013,HDFC Mutual Fund,Debt Scheme - Money Market Fund
2021-06-07,119092,HDFC Money Market Fund - Growth Option - Direct Plan,4507.6293,HDFC Mutual Fund,Debt Scheme - Money Market Fund
2021-06-08,119092,HDFC Money Market Fund - Growth Option - Direct Plan,4508.225,HDFC Mutual Fund,Debt Scheme - Money Market Fund
2021-06-09,119092,HDFC Money Market Fund - Growth Option - Direct Plan,4508.9667,HDFC Mutual Fund,Debt Scheme - Money Market Fund
2021-06-10,119092,HDFC Money Market Fund - Growth Option - Direct Plan,4509.6472,HDFC Mutual Fund,Debt Scheme - Money Market Fund
2021-06-11,119092,HDFC Money Market Fund - Growth Option - Direct Plan,4510.308,HDFC Mutual Fund,Debt Scheme - Money Market Fund
2021-06-14,119092,HDFC Money Market Fund - Growth Option - Direct Plan,4511.535,HDFC Mutual Fund,Debt Scheme - Money Market Fund
2021-06-15,119092,HDFC Money Market Fund - Growth Option - Direct Plan,4511.9268,HDFC Mutual Fund,Debt Scheme - Money Market Fund
2021-06-16,119092,HDFC Money Market Fund - Growth Option - Direct Plan,4511.8944,HDFC Mutual Fund,Debt Scheme - Money Market Fund
2021-06-17,119092,HDFC Money Market Fund - Growth Option - Direct Plan,4511.8824,HDFC Mutual Fund,Debt Scheme - Money Market Fund
2021-06-18,119092,HDFC Money Market Fund - Growth Option - Direct Plan,4512.2908,HDFC Mutual Fund,Debt Scheme - Money Market Fund
2021-06-21,119092,HDFC Money Market Fund - Growth Option - Direct Plan,4513.9233,HDFC Mutual Fund,Debt Scheme - Money Market Fund
2021-06-22,119092,HDFC Money Market Fund - Growth Option - Direct Plan,4514.3497,HDFC Mutual Fund,Debt Scheme - Money Market Fund
2021-06-23,119092,HDFC Money Market Fund - Growth Option - Direct Plan,4514.7703,HDFC Mutual Fund,Debt Scheme - Money Market Fund
2021-06-24,119092,HDFC Money Market Fund - Growth Option - Direct Plan,4515.3187,HDFC Mutual Fund,Debt Scheme - Money Market Fund
2021-06-25,119092,HDFC Money Market Fund - Growth Option - Direct Plan,4515.6842,HDFC Mutual Fund,Debt Scheme - Money Market Fund
2021-06-28,119092,HDFC Money Market Fund - Growth Option - Direct Plan,4517.0898,HDFC Mutual Fund,Debt Scheme - Money Market Fund
2021-06-29,119092,HDFC Money Market Fund - Growth Option - Direct Plan,4517.5694,HDFC Mutual Fund,Debt Scheme - Money Market Fund
2021-06-30,119092,HDFC Money Market Fund - Growth Option - Direct Plan,4518.1507,HDFC Mutual Fund,Debt Scheme - Money Market Fund
2021-07-01,119092,HDFC Money Market Fund - Growth Option - Direct Plan,4518.9259,HDFC Mutual Fund,Debt Scheme - Money Market Fund
2021-07-02,119092,HDFC Money Market Fund - Growth Option - Direct Plan,4519.4941,HDFC Mutual Fund,Debt Scheme - Money Market Fund
2021-07-05,119092,HDFC Money Market Fund - Growth Option - Direct Plan,4520.9592,HDFC Mutual Fund,Debt Scheme - Money Market Fund
2021-07-06,119092,HDFC Money Market Fund - Growth Option - Direct Plan,4521.2033,HDFC Mutual Fund,Debt Scheme - Money Market Fund
2021-07-07,119092,HDFC Money Market Fund - Growth Option - Direct Plan,4522.0571,HDFC Mutual Fund,Debt Scheme - Money Market Fund
2021-07-08,119092,HDFC Money Market Fund - Growth Option - Direct Plan,4522.7454,HDFC Mutual Fund,Debt Scheme - Money Market Fund
2021-07-09,119092,HDFC Money Market Fund - Growth Option - Direct Plan,4523.1592,HDFC Mutual Fund,Debt Scheme - Money Market Fund
2021-07-12,119092,HDFC Money Market Fund - Growth Option - Direct Plan,4524.9864,HDFC Mutual Fund,Debt Scheme - Money Market Fund
2021-07-13,119092,HDFC Money Market Fund - Growth Option - Direct Plan,4525.6012,HDFC Mutual Fund,Debt Scheme - Money Market Fund
2021-07-14,119092,HDFC Money Market Fund - Growth Option - Direct Plan,4526.2224,HDFC Mutual Fund,Debt Scheme - Money Market Fund
2021-07-15,119092,HDFC Money Market Fund - Growth Option - Direct Plan,4526.8605,HDFC Mutual Fund,Debt Scheme - Money Market Fund
2021-07-16,119092,HDFC Money Market Fund - Growth Option - Direct Plan,4527.471,HDFC Mutual Fund,Debt Scheme - Money Market Fund
2021-07-19,119092,HDFC Money Market Fund - Growth Option - Direct Plan,4528.742,HDFC Mutual Fund,Debt Scheme - Money Market Fund
2021-07-20,119092,HDFC Money Market Fund - Growth Option - Direct Plan,4529.3921,HDFC Mutual Fund,Debt Scheme - Money Market Fund
2021-07-22,119092,HDFC Money Market Fund - Growth Option - Direct Plan,4530.3651,HDFC Mutual Fund,Debt Scheme - Money Market Fund
2021-07-23,119092,HDFC Money Market Fund - Growth Option - Direct Plan,4531.0993,HDFC Mutual Fund,Debt Scheme - Money Market Fund
2021-07-26,119092,HDFC Money Market Fund - Growth Option - Direct Plan,4532.5506,HDFC Mutual Fund,Debt Scheme - Money Market Fund
2021-07-27,119092,HDFC Money Market Fund - Growth Option - Direct Plan,4533.1232,HDFC Mutual Fund,Debt Scheme - Money Market Fund
2021-07-28,119092,HDFC Money Market Fund - Growth Option - Direct Plan,4533.5097,HDFC Mutual Fund,Debt Scheme - Money Market Fund
2021-07-29,119092,HDFC Money Market Fund - Growth Option - Direct Plan,4533.9504,HDFC Mutual Fund,Debt Scheme - Money Market Fund
2021-07-30,119092,HDFC Money Market Fund - Growth Option - Direct Plan,4534.3983,HDFC Mutual Fund,Debt Scheme - Money Market Fund
2021-08-02,119092,HDFC Money Market Fund - Growth Option - Direct Plan,4535.6836,HDFC Mutual Fund,Debt Scheme - Money Market Fund
2021-08-03,119092,HDFC Money Market Fund - Growth Option - Direct Plan,4536.3556,HDFC Mutual Fund,Debt Scheme - Money Market Fund
2021-08-04,119092,HDFC Money Market Fund - Growth Option - Direct Plan,4536.662,HDFC Mutual Fund,Debt Scheme - Money Market Fund
2021-08-05,119092,HDFC Money Market Fund - Growth Option - Direct Plan,4537.1769,HDFC Mutual Fund,Debt Scheme - Money Market Fund
2021-08-06,119092,HDFC Money Market Fund - Growth Option - Direct Plan,4537.4717,HDFC Mutual Fund,Debt Scheme - Money Market Fund
2021-08-09,119092,HDFC Money Market Fund - Growth Option - Direct Plan,4538.8371,HDFC Mutual Fund,Debt Scheme - Money Market Fund
2021-08-10,119092,HDFC Money Market Fund - Growth Option - Direct Plan,4539.454,HDFC Mutual Fund,Debt Scheme - Money Market Fund
2021-08-11,119092,HDFC Money Market Fund - Growth Option - Direct Plan,4540.0409,HDFC Mutual Fund,Debt Scheme - Money Market Fund
2021-08-12,119092,HDFC Money Market Fund - Growth Option - Direct Plan,4540.6884,HDFC Mutual Fund,Debt Scheme - Money Market Fund
2021-08-13,119092,HDFC Money Market Fund - Growth Option - Direct Plan,4541.514,HDFC Mutual Fund,Debt Scheme - Money Market Fund
2021-08-17,119092,HDFC Money Market Fund - Growth Option - Direct Plan,4543.6675,HDFC Mutual Fund,Debt Scheme - Money Market Fund
2021-08-18,119092,HDFC Money Market Fund - Growth Option - Direct Plan,4544.369,HDFC Mutual Fund,Debt Scheme - Money Market Fund
2021-08-20,119092,HDFC Money Market Fund - Growth Option - Direct Plan,4545.6082,HDFC Mutual Fund,Debt Scheme - Money Market Fund
2021-08-23,119092,HDFC Money Market Fund - Growth Option - Direct Plan,4547.064,HDFC Mutual Fund,Debt Scheme - Money Market Fund
2021-08-24,119092,HDFC Money Market Fund - Growth Option - Direct Plan,4547.5631,HDFC Mutual Fund,Debt Scheme - Money Market Fund
2021-08-25,119092,HDFC Money Market Fund - Growth Option - Direct Plan,4548.137,HDFC Mutual Fund,Debt Scheme - Money Market Fund
2021-08-26,119092,HDFC Money Market Fund - Growth Option - Direct Plan,4548.8911,HDFC Mutual Fund,Debt Scheme - Money Market Fund
2021-08-27,119092,HDFC Money Market Fund - Growth Option - Direct Plan,4549.409,HDFC Mutual Fund,Debt Scheme - Money Market Fund
2021-08-30,119092,HDFC Money Market Fund - Growth Option - Direct Plan,4550.9194,HDFC Mutual Fund,Debt Scheme - Money Market Fund
2021-08-31,119092,HDFC Money Market Fund - Growth Option - Direct Plan,4551.4992,HDFC Mutual Fund,Debt Scheme - Money Market Fund
2021-09-01,119092,HDFC Money Market Fund - Growth Option - Direct Plan,4552.2255,HDFC Mutual Fund,Debt Scheme - Money Market Fund
2021-09-02,119092,HDFC Money Market Fund - Growth Option - Direct Plan,4552.8055,HDFC Mutual Fund,Debt Scheme - Money Market Fund
2021-09-03,119092,HDFC Money Market Fund - Growth Option - Direct Plan,4553.2738,HDFC Mutual Fund,Debt Scheme - Money Market Fund
2021-09-06,119092,HDFC Money Market Fund - Growth Option - Direct Plan,4554.5542,HDFC Mutual Fund,Debt Scheme - Money Market Fund
2021-09-07,119092,HDFC Money Market Fund - Growth Option - Direct Plan,4555.0241,HDFC Mutual Fund,Debt Scheme - Money Market Fund
2021-09-08,119092,HDFC Money Market Fund - Growth Option - Direct Plan,4555.4089,HDFC Mutual Fund,Debt Scheme - Money Market Fund
2021-09-09,119092,HDFC Money Market Fund - Growth Option - Direct Plan,4555.6384,HDFC Mutual Fund,Debt Scheme - Money Market Fund
2021-09-13,119092,HDFC Money Market Fund - Growth Option - Direct Plan,4557.4219,HDFC Mutual Fund,Debt Scheme - Money Market Fund
2021-09-14,119092,HDFC Money Market Fund - Growth Option - Direct Plan,4557.8197,HDFC Mutual Fund,Debt Scheme - Money Market Fund
2021-09-15,119092,HDFC Money Market Fund - Growth Option - Direct Plan,4558.2018,HDFC Mutual Fund,Debt Scheme - Money Market Fund
2021-09-16,119092,HDFC Money Market Fund - Growth Option - Direct Plan,4558.655,HDFC Mutual Fund,Debt Scheme - Money Market Fund
2021-09-17,119092,HDFC Money Market Fund - Growth Option - Direct Plan,4559.0493,HDFC Mutual Fund,Debt Scheme - Money Market Fund
2021-09-20,119092,HDFC Money Market Fund - Growth Option - Direct Plan,4560.2789,HDFC Mutual Fund,Debt Scheme - Money Market Fund
2021-09-21,119092,HDFC Money Market Fund - Growth Option - Direct Plan,4560.6421,HDFC Mutual Fund,Debt Scheme - Money Market Fund
2021-09-22,119092,HDFC Money Market Fund - Growth Option - Direct Plan,4560.91,HDFC Mutual Fund,Debt Scheme - Money Market Fund
2021-09-23,119092,HDFC Money Market Fund - Growth Option - Direct Plan,4561.2573,HDFC Mutual Fund,Debt Scheme - Money Market Fund
2021-09-24,119092,HDFC Money Market Fund - Growth Option - Direct Plan,4561.1966,HDFC Mutual Fund,Debt Scheme - Money Market Fund
2021-09-27,119092,HDFC Money Market Fund - Growth Option - Direct Plan,4562.3518,HDFC Mutual Fund,Debt Scheme - Money Market Fund
2021-09-28,119092,HDFC Money Market Fund - Growth Option - Direct Plan,4562.483,HDFC Mutual Fund,Debt Scheme - Money Market Fund
2021-09-29,119092,HDFC Money Market Fund - Growth Option - Direct Plan,4562.4166,HDFC Mutual Fund,Debt Scheme - Money Market Fund
2021-09-30,119092,HDFC Money Market Fund - Growth Option - Direct Plan,4563.0293,HDFC Mutual Fund,Debt Scheme - Money Market Fund
2021-10-01,119092,HDFC Money Market Fund - Growth Option - Direct Plan,4563.6192,HDFC Mutual Fund,Debt Scheme - Money Market Fund
2021-10-04,119092,HDFC Money Market Fund - Growth Option - Direct Plan,4564.9696,HDFC Mutual Fund,Debt Scheme - Money Market Fund
2021-10-05,119092,HDFC Money Market Fund - Growth Option - Direct Plan,4565.2211,HDFC Mutual Fund,Debt Scheme - Money Market Fund
2021-10-06,119092,HDFC Money Market Fund - Growth Option - Direct Plan,4565.1852,HDFC Mutual Fund,Debt Scheme - Money Market Fund
2021-10-07,119092,HDFC Money Market Fund - Growth Option - Direct Plan,4565.7022,HDFC Mutual Fund,Debt Scheme - Money Market Fund
2021-10-08,119092,HDFC Money Market Fund - Growth Option - Direct Plan,4566.5165,HDFC Mutual Fund,Debt Scheme - Money Market Fund
2021-10-11,119092,HDFC Money Market Fund - Growth Option - Direct Plan,4568.1669,HDFC Mutual Fund,Debt Scheme - Money Market Fund
2021-10-12,119092,HDFC Money Market Fund - Growth Option - Direct Plan,4568.8408,HDFC Mutual Fund,Debt Scheme - Money Market Fund
2021-10-13,119092,HDFC Money Market Fund - Growth Option - Direct Plan,4569.5195,HDFC Mutual Fund,Debt Scheme - Money Market Fund
2021-10-14,119092,HDFC Money Market Fund - Growth Option - Direct Plan,4569.9784,HDFC Mutual Fund,Debt Scheme - Money Market Fund
2021-10-18,119092,HDFC Money Market Fund - Growth Option - Direct Plan,4571.3598,HDFC Mutual Fund,Debt Scheme - Money Market Fund
2021-10-20,119092,HDFC Money Market Fund - Growth Option - Direct Plan,4571.9803,HDFC Mutual Fund,Debt Scheme - Money Market Fund
2021-10-21,119092,HDFC Money Market Fund - Growth Option - Direct Plan,4572.1817,HDFC Mutual Fund,Debt Scheme - Money Market Fund
2021-10-22,119092,HDFC Money Market Fund - Growth Option - Direct Plan,4572.6342,HDFC Mutual Fund,Debt Scheme - Money Market Fund
2021-10-25,119092,HDFC Money Market Fund - Growth Option - Direct Plan,4573.4961,HDFC Mutual Fund,Debt Scheme - Money Market Fund
2021-10-26,119092,HDFC Money Market Fund - Growth Option - Direct Plan,4573.5217,HDFC Mutual Fund,Debt Scheme - Money Market Fund
2021-10-27,119092,HDFC Money Market Fund - Growth Option - Direct Plan,4573.0305,HDFC Mutual Fund,Debt Scheme - Money Market Fund
2021-10-28,119092,HDFC Money Market Fund - Growth Option - Direct Plan,4573.4098,HDFC Mutual Fund,Debt Scheme - Money Market Fund
2021-10-29,119092,HDFC Money Market Fund - Growth Option - Direct Plan,4573.74,HDFC Mutual Fund,Debt Scheme - Money Market Fund
2021-11-01,119092,HDFC Money Market Fund - Growth Option - Direct Plan,4574.986,HDFC Mutual Fund,Debt Scheme - Money Market Fund
2021-11-02,119092,HDFC Money Market Fund - Growth Option - Direct Plan,4575.5992,HDFC Mutual Fund,Debt Scheme - Money Market Fund
2021-11-03,119092,HDFC Money Market Fund - Growth Option - Direct Plan,4576.4689,HDFC Mutual Fund,Debt Scheme - Money Market Fund
2021-11-08,119092,HDFC Money Market Fund - Growth Option - Direct Plan,4579.5727,HDFC Mutual Fund,Debt Scheme - Money Market Fund
2021-11-09,119092,HDFC Money Market Fund - Growth Option - Direct Plan,4580.4955,HDFC Mutual Fund,Debt Scheme - Money Market Fund
2021-11-10,119092,HDFC Money Market Fund - Growth Option - Direct Plan,4581.0272,HDFC Mutual Fund,Debt Scheme - Money Market Fund
2021-11-11,119092,HDFC Money Market Fund - Growth Option - Direct Plan,4581.6809,HDFC Mutual Fund,Debt Scheme - Money Market Fund
2021-11-12,119092,HDFC Money Market Fund - Growth Option - Direct Plan,4582.2852,HDFC Mutual Fund,Debt Scheme - Money Market Fund
2021-11-15,119092,HDFC Money Market Fund - Growth Option - Direct Plan,4583.8046,HDFC Mutual Fund,Debt Scheme - Money Market Fund
2021-11-16,119092,HDFC Money Market Fund - Growth Option - Direct Plan,4584.2467,HDFC Mutual Fund,Debt Scheme - Money Market Fund
2021-11-17,119092,HDFC Money Market Fund - Growth Option - Direct Plan,4584.6403,HDFC Mutual Fund,Debt Scheme - Money Market Fund
2021-11-18,119092,HDFC Money Market Fund - Growth Option - Direct Plan,4585.2098,HDFC Mutual Fund,Debt Scheme - Money Market Fund
2021-11-22,119092,HDFC Money Market Fund - Growth Option - Direct Plan,4586.9664,HDFC Mutual Fund,Debt Scheme - Money Market Fund
2021-11-23,119092,HDFC Money Market Fund - Growth Option - Direct Plan,4587.4715,HDFC Mutual Fund,Debt Scheme - Money Market Fund
2021-11-24,119092,HDFC Money Market Fund - Growth Option - Direct Plan,4587.9394,HDFC Mutual Fund,Debt Scheme - Money Market Fund
2021-11-25,119092,HDFC Money Market Fund - Growth Option - Direct Plan,4588.3537,HDFC Mutual Fund,Debt Scheme - Money Market Fund
2021-11-26,119092,HDFC Money Market Fund - Growth Option - Direct Plan,4588.7366,HDFC Mutual Fund,Debt Scheme - Money Market Fund
2021-11-29,119092,HDFC Money Market Fund - Growth Option - Direct Plan,4590.1587,HDFC Mutual Fund,Debt Scheme - Money Market Fund
2021-11-30,119092,HDFC Money Market Fund - Growth Option - Direct Plan,4590.8319,HDFC Mutual Fund,Debt Scheme - Money Market Fund
2021-12-01,119092,HDFC Money Market Fund - Growth Option - Direct Plan,4591.4405,HDFC Mutual Fund,Debt Scheme - Money Market Fund
2021-12-02,119092,HDFC Money Market Fund - Growth Option - Direct Plan,4591.9844,HDFC Mutual Fund,Debt Scheme - Money Market Fund
2021-12-03,119092,HDFC Money Market Fund - Growth Option - Direct Plan,4592.389,HDFC Mutual Fund,Debt Scheme - Money Market Fund
2021-12-06,119092,HDFC Money Market Fund - Growth Option - Direct Plan,4593.7536,HDFC Mutual Fund,Debt Scheme - Money Market Fund
2021-12-07,119092,HDFC Money Market Fund - Growth Option - Direct Plan,4594.1589,HDFC Mutual Fund,Debt Scheme - Money Market Fund
2021-12-08,119092,HDFC Money Market Fund - Growth Option - Direct Plan,4595.1205,HDFC Mutual Fund,Debt Scheme - Money Market Fund
2021-12-09,119092,HDFC Money Market Fund - Growth Option - Direct Plan,4595.4849,HDFC Mutual Fund,Debt Scheme - Money Market Fund
2021-12-10,119092,HDFC Money Market Fund - Growth Option - Direct Plan,4595.9446,HDFC Mutual Fund,Debt Scheme - Money Market Fund
2021-12-13,119092,HDFC Money Market Fund - Growth Option - Direct Plan,4597.4011,HDFC Mutual Fund,Debt Scheme - Money Market Fund
2021-12-14,119092,HDFC Money Market Fund - Growth Option - Direct Plan,4597.7966,HDFC Mutual Fund,Debt Scheme - Money Market Fund
2021-12-15,119092,HDFC Money Market Fund - Growth Option - Direct Plan,4598.1811,HDFC Mutual Fund,Debt Scheme - Money Market Fund
2021-12-16,119092,HDFC Money Market Fund - Growth Option - Direct Plan,4598.1818,HDFC Mutual Fund,Debt Scheme - Money Market Fund
2021-12-17,119092,HDFC Money Market Fund - Growth Option - Direct Plan,4598.6221,HDFC Mutual Fund,Debt Scheme - Money Market Fund
2021-12-20,119092,HDFC Money Market Fund - Growth Option - Direct Plan,4599.9703,HDFC Mutual Fund,Debt Scheme - Money Market Fund
2021-12-21,119092,HDFC Money Market Fund - Growth Option - Direct Plan,4600.15,HDFC Mutual Fund,Debt Scheme - Money Market Fund
2021-12-22,119092,HDFC Money Market Fund - Growth Option - Direct Plan,4600.4721,HDFC Mutual Fund,Debt Scheme - Money Market Fund
2021-12-23,119092,HDFC Money Market Fund - Growth Option - Direct Plan,4600.6583,HDFC Mutual Fund,Debt Scheme - Money Market Fund
2021-12-24,119092,HDFC Money Market Fund - Growth Option - Direct Plan,4601.4172,HDFC Mutual Fund,Debt Scheme - Money Market Fund
2021-12-27,119092,HDFC Money Market Fund - Growth Option - Direct Plan,4603.0952,HDFC Mutual Fund,Debt Scheme - Money Market Fund
2021-12-28,119092,HDFC Money Market Fund - Growth Option - Direct Plan,4603.583,HDFC Mutual Fund,Debt Scheme - Money Market Fund
2021-12-29,119092,HDFC Money Market Fund - Growth Option - Direct Plan,4604.2224,HDFC Mutual Fund,Debt Scheme - Money Market Fund
2021-12-30,119092,HDFC Money Market Fund - Growth Option - Direct Plan,4604.8427,HDFC Mutual Fund,Debt Scheme - Money Market Fund
2021-12-31,119092,HDFC Money Market Fund - Growth Option - Direct Plan,4605.4674,HDFC Mutual Fund,Debt Scheme - Money Market Fund
2022-01-03,119092,HDFC Money Market Fund - Growth Option - Direct Plan,4607.4503,HDFC Mutual Fund,Debt Scheme - Money Market Fund
2022-01-04,119092,HDFC Money Market Fund - Growth Option - Direct Plan,4607.9349,HDFC Mutual Fund,Debt Scheme - Money Market Fund
2022-01-05,119092,HDFC Money Market Fund - Growth Option - Direct Plan,4608.5927,HDFC Mutual Fund,Debt Scheme - Money Market Fund
2022-01-06,119092,HDFC Money Market Fund - Growth Option - Direct Plan,4609.1648,HDFC Mutual Fund,Debt Scheme - Money Market Fund
2022-01-07,119092,HDFC Money Market Fund - Growth Option - Direct Plan,4609.615,HDFC Mutual Fund,Debt Scheme - Money Market Fund
2022-01-10,119092,HDFC Money Market Fund - Growth Option - Direct Plan,4611.0181,HDFC Mutual Fund,Debt Scheme - Money Market Fund
2022-01-11,119092,HDFC Money Market Fund - Growth Option - Direct Plan,4611.553,HDFC Mutual Fund,Debt Scheme - Money Market Fund
2022-01-12,119092,HDFC Money Market Fund - Growth Option - Direct Plan,4612.1668,HDFC Mutual Fund,Debt Scheme - Money Market Fund
2022-01-13,119092,HDFC Money Market Fund - Growth Option - Direct Plan,4612.896,HDFC Mutual Fund,Debt Scheme - Money Market Fund
2022-01-14,119092,HDFC Money Market Fund - Growth Option - Direct Plan,4613.4875,HDFC Mutual Fund,Debt Scheme - Money Market Fund
2022-01-17,119092,HDFC Money Market Fund - Growth Option - Direct Plan,4614.8942,HDFC Mutual Fund,Debt Scheme - Money Market Fund
2022-01-18,119092,HDFC Money Market Fund - Growth Option - Direct Plan,4615.3083,HDFC Mutual Fund,Debt Scheme - Money Market Fund
2022-01-19,119092,HDFC Money Market Fund - Growth Option - Direct Plan,4615.2395,HDFC Mutual Fund,Debt Scheme - Money Market Fund
2022-01-20,119092,HDFC Money Market Fund - Growth Option - Direct Plan,4615.744,HDFC Mutual Fund,Debt Scheme - Money Market Fund
2022-01-21,119092,HDFC Money Market Fund - Growth Option - Direct Plan,4616.2092,HDFC Mutual Fund,Debt Scheme - Money Market Fund
2022-01-24,119092,HDFC Money Market Fund - Growth Option - Direct Plan,4617.7111,HDFC Mutual Fund,Debt Scheme - Money Market Fund
2022-01-25,119092,HDFC Money Market Fund - Growth Option - Direct Plan,4618.0168,HDFC Mutual Fund,Debt Scheme - Money Market Fund
2022-01-27,119092,HDFC Money Market Fund - Growth Option - Direct Plan,4618.7539,HDFC Mutual Fund,Debt Scheme - Money Market Fund
2022-01-28,119092,HDFC Money Market Fund - Growth Option - Direct Plan,4619.2857,HDFC Mutual Fund,Debt Scheme - Money Market Fund
2022-01-31,119092,HDFC Money Market Fund - Growth Option - Direct Plan,4620.7865,HDFC Mutual Fund,Debt Scheme - Money Market Fund
2022-02-01,119092,HDFC Money Market Fund - Growth Option - Direct Plan,4620.5663,HDFC Mutual Fund,Debt Scheme - Money Market Fund
2022-02-02,119092,HDFC Money Market Fund - Growth Option - Direct Plan,4619.9429,HDFC Mutual Fund,Debt Scheme - Money Market Fund
2022-02-03,119092,HDFC Money Market Fund - Growth Option - Direct Plan,4620.4475,HDFC Mutual Fund,Debt Scheme - Money Market Fund
2022-02-04,119092,HDFC Money Market Fund - Growth Option - Direct Plan,4620.8555,HDFC Mutual Fund,Debt Scheme - Money Market Fund
2022-02-08,119092,HDFC Money Market Fund - Growth Option - Direct Plan,4622.9825,HDFC Mutual Fund,Debt Scheme - Money Market Fund
2022-02-09,119092,HDFC Money Market Fund - Growth Option - Direct Plan,4623.3864,HDFC Mutual Fund,Debt Scheme - Money Market Fund
2022-02-10,119092,HDFC Money Market Fund - Growth Option - Direct Plan,4625.1949,HDFC Mutual Fund,Debt Scheme - Money Market Fund
2022-02-11,119092,HDFC Money Market Fund - Growth Option - Direct Plan,4625.8896,HDFC Mutual Fund,Debt Scheme - Money Market Fund
2022-02-14,119092,HDFC Money Market Fund - Growth Option - Direct Plan,4627.9324,HDFC Mutual Fund,Debt Scheme - Money Market Fund
2022-02-15,119092,HDFC Money Market Fund - Growth Option - Direct Plan,4628.7003,HDFC Mutual Fund,Debt Scheme - Money Market Fund
2022-02-16,119092,HDFC Money Market Fund - Growth Option - Direct Plan,4629.5429,HDFC Mutual Fund,Debt Scheme - Money Market Fund
2022-02-17,119092,HDFC Money Market Fund - Growth Option - Direct Plan,4630.1005,HDFC Mutual Fund,Debt Scheme - Money Market Fund
2022-02-18,119092,HDFC Money Market Fund - Growth Option - Direct Plan,4630.4697,HDFC Mutual Fund,Debt Scheme - Money Market Fund
2022-02-21,119092,HDFC Money Market Fund - Growth Option - Direct Plan,4631.8507,HDFC Mutual Fund,Debt Scheme - Money Market Fund
2022-02-22,119092,HDFC Money Market Fund - Growth Option - Direct Plan,4632.2755,HDFC Mutual Fund,Debt Scheme - Money Market Fund
2022-02-23,119092,HDFC Money Market Fund - Growth Option - Direct Plan,4632.8729,HDFC Mutual Fund,Debt Scheme - Money Market Fund
2022-02-24,119092,HDFC Money Market Fund - Growth Option - Direct Plan,4633.3979,HDFC Mutual Fund,Debt Scheme - Money Market Fund
2022-02-25,119092,HDFC Money Market Fund - Growth Option - Direct Plan,4633.8466,HDFC Mutual Fund,Debt Scheme - Money Market Fund
2022-02-28,119092,HDFC Money Market Fund - Growth Option - Direct Plan,4635.194,HDFC Mutual Fund,Debt Scheme - Money Market Fund
2022-03-02,119092,HDFC Money Market Fund - Growth Option - Direct Plan,4636.0196,HDFC Mutual Fund,Debt Scheme - Money Market Fund
2022-03-03,119092,HDFC Money Market Fund - Growth Option - Direct Plan,4635.5449,HDFC Mutual Fund,Debt Scheme - Money Market Fund
2022-03-04,119092,HDFC Money Market Fund - Growth Option - Direct Plan,4635.9975,HDFC Mutual Fund,Debt Scheme - Money Market Fund
2022-03-07,119092,HDFC Money Market Fund - Growth Option - Direct Plan,4637.2965,HDFC Mutual Fund,Debt Scheme - Money Market Fund
2022-03-08,119092,HDFC Money Market Fund - Growth Option - Direct Plan,4637.4429,HDFC Mutual Fund,Debt Scheme - Money Market Fund
2022-03-09,119092,HDFC Money Market Fund - Growth Option - Direct Plan,4637.9572,HDFC Mutual Fund,Debt Scheme - Money Market Fund
2022-03-10,119092,HDFC Money Market Fund - Growth Option - Direct Plan,4638.5529,HDFC Mutual Fund,Debt Scheme - Money Market Fund
2022-03-11,119092,HDFC Money Market Fund - Growth Option - Direct Plan,4639.5085,HDFC Mutual Fund,Debt Scheme - Money Market Fund
2022-03-14,119092,HDFC Money Market Fund - Growth Option - Direct Plan,4641.6497,HDFC Mutual Fund,Debt Scheme - Money Market Fund
2022-03-15,119092,HDFC Money Market Fund - Growth Option - Direct Plan,4642.8394,HDFC Mutual Fund,Debt Scheme - Money Market Fund
2022-03-16,119092,HDFC Money Market Fund - Growth Option - Direct Plan,4643.7689,HDFC Mutual Fund,Debt Scheme - Money Market Fund
2022-03-17,119092,HDFC Money Market Fund - Growth Option - Direct Plan,4644.4722,HDFC Mutual Fund,Debt Scheme - Money Market Fund
2022-03-21,119092,HDFC Money Market Fund - Growth Option - Direct Plan,4646.9229,HDFC Mutual Fund,Debt Scheme - Money Market Fund
2022-03-22,119092,HDFC Money Market Fund - Growth Option - Direct Plan,4647.284,HDFC Mutual Fund,Debt Scheme - Money Market Fund
2022-03-23,119092,HDFC Money Market Fund - Growth Option - Direct Plan,4648.1251,HDFC Mutual Fund,Debt Scheme - Money Market Fund
2022-03-24,119092,HDFC Money Market Fund - Growth Option - Direct Plan,4649.185,HDFC Mutual Fund,Debt Scheme - Money Market Fund
2022-03-25,119092,HDFC Money Market Fund - Growth Option - Direct Plan,4649.9585,HDFC Mutual Fund,Debt Scheme - Money Market Fund
2022-03-28,119092,HDFC Money Market Fund - Growth Option - Direct Plan,4651.7928,HDFC Mutual Fund,Debt Scheme - Money Market Fund
2022-03-29,119092,HDFC Money Market Fund - Growth Option - Direct Plan,4652.382,HDFC Mutual Fund,Debt Scheme - Money Market Fund
2022-03-30,119092,HDFC Money Market Fund - Growth Option - Direct Plan,4653.235,HDFC Mutual Fund,Debt Scheme - Money Market Fund
2022-03-31,119092,HDFC Money Market Fund - Growth Option - Direct Plan,4654.7981,HDFC Mutual Fund,Debt Scheme - Money Market Fund
2022-04-04,119092,HDFC Money Market Fund - Growth Option - Direct Plan,4657.4126,HDFC Mutual Fund,Debt Scheme - Money Market Fund
2022-04-05,119092,HDFC Money Market Fund - Growth Option - Direct Plan,4657.8426,HDFC Mutual Fund,Debt Scheme - Money Market Fund
2022-04-06,119092,HDFC Money Market Fund - Growth Option - Direct Plan,4658.9033,HDFC Mutual Fund,Debt Scheme - Money Market Fund
2022-04-07,119092,HDFC Money Market Fund - Growth Option - Direct Plan,4659.715,HDFC Mutual Fund,Debt Scheme - Money Market Fund
2022-04-08,119092,HDFC Money Market Fund - Growth Option - Direct Plan,4657.34,HDFC Mutual Fund,Debt Scheme - Money Market Fund
2022-04-11,119092,HDFC Money Market Fund - Growth Option - Direct Plan,4658.4514,HDFC Mutual Fund,Debt Scheme - Money Market Fund
2022-04-12,119092,HDFC Money Market Fund - Growth Option - Direct Plan,4659.2025,HDFC Mutual Fund,Debt Scheme - Money Market Fund
2022-04-13,119092,HDFC Money Market Fund - Growth Option - Direct Plan,4658.6761,HDFC Mutual Fund,Debt Scheme - Money Market Fund
2022-04-18,119092,HDFC Money Market Fund - Growth Option - Direct Plan,4661.7632,HDFC Mutual Fund,Debt Scheme - Money Market Fund
2022-04-19,119092,HDFC Money Market Fund - Growth Option - Direct Plan,4663.0264,HDFC Mutual Fund,Debt Scheme - Money Market Fund
2022-04-20,119092,HDFC Money Market Fund - Growth Option - Direct Plan,4664.1992,HDFC Mutual Fund,Debt Scheme - Money Market Fund
2022-04-21,119092,HDFC Money Market Fund - Growth Option - Direct Plan,4665.1007,HDFC Mutual Fund,Debt Scheme - Money Market Fund
2022-04-22,119092,HDFC Money Market Fund - Growth Option - Direct Plan,4665.5094,HDFC Mutual Fund,Debt Scheme - Money Market Fund
2022-04-25,119092,HDFC Money Market Fund - Growth Option - Direct Plan,4667.0374,HDFC Mutual Fund,Debt Scheme - Money Market Fund
2022-04-26,119092,HDFC Money Market Fund - Growth Option - Direct Plan,4667.5017,HDFC Mutual Fund,Debt Scheme - Money Market Fund
2022-04-27,119092,HDFC Money Market Fund - Growth Option - Direct Plan,4667.9813,HDFC Mutual Fund,Debt Scheme - Money Market Fund
2022-04-28,119092,HDFC Money Market Fund - Growth Option - Direct Plan,4668.3986,HDFC Mutual Fund,Debt Scheme - Money Market Fund
2022-04-29,119092,HDFC Money Market Fund - Growth Option - Direct Plan,4668.6368,HDFC Mutual Fund,Debt Scheme - Money Market Fund
2022-05-02,119092,HDFC Money Market Fund - Growth Option - Direct Plan,4670.3438,HDFC Mutual Fund,Debt Scheme - Money Market Fund
2022-05-04,119092,HDFC Money Market Fund - Growth Option - Direct Plan,4663.213,HDFC Mutual Fund,Debt Scheme - Money Market Fund
2022-05-05,119092,HDFC Money Market Fund - Growth Option - Direct Plan,4659.8157,HDFC Mutual Fund,Debt Scheme - Money Market Fund
2022-05-06,119092,HDFC Money Market Fund - Growth Option - Direct Plan,4659.6753,HDFC Mutual Fund,Debt Scheme - Money Market Fund
2022-05-09,119092,HDFC Money Market Fund - Growth Option - Direct Plan,4661.0231,HDFC Mutual Fund,Debt Scheme - Money Market Fund
2022-05-10,119092,HDFC Money Market Fund - Growth Option - Direct Plan,4661.6695,HDFC Mutual Fund,Debt Scheme - Money Market Fund
2022-05-11,119092,HDFC Money Market Fund - Growth Option - Direct Plan,4661.465,HDFC Mutual Fund,Debt Scheme - Money Market Fund
2022-05-12,119092,HDFC Money Market Fund - Growth Option - Direct Plan,4661.152,HDFC Mutual Fund,Debt Scheme - Money Market Fund
2022-05-13,119092,HDFC Money Market Fund - Growth Option - Direct Plan,4660.4211,HDFC Mutual Fund,Debt Scheme - Money Market Fund
2022-05-17,119092,HDFC Money Market Fund - Growth Option - Direct Plan,4663.1568,HDFC Mutual Fund,Debt Scheme - Money Market Fund
2022-05-18,119092,HDFC Money Market Fund - Growth Option - Direct Plan,4663.6769,HDFC Mutual Fund,Debt Scheme - Money Market Fund
2022-05-19,119092,HDFC Money Market Fund - Growth Option - Direct Plan,4663.7603,HDFC Mutual Fund,Debt Scheme - Money Market Fund
2022-05-20,119092,HDFC Money Market Fund - Growth Option - Direct Plan,4664.2514,HDFC Mutual Fund,Debt Scheme - Money Market Fund
2022-05-23,119092,HDFC Money Market Fund - Growth Option - Direct Plan,4666.596,HDFC Mutual Fund,Debt Scheme - Money Market Fund
2022-05-24,119092,HDFC Money Market Fund - Growth Option - Direct Plan,4667.5383,HDFC Mutual Fund,Debt Scheme - Money Market Fund
2022-05-25,119092,HDFC Money Market Fund - Growth Option - Direct Plan,4668.4291,HDFC Mutual Fund,Debt Scheme - Money Market Fund
2022-05-26,119092,HDFC Money Market Fund - Growth Option - Direct Plan,4669.0501,HDFC Mutual Fund,Debt Scheme - Money Market Fund
2022-05-27,119092,HDFC Money Market Fund - Growth Option - Direct Plan,4669.7316,HDFC Mutual Fund,Debt Scheme - Money Market Fund
2022-05-30,119092,HDFC Money Market Fund - Growth Option - Direct Plan,4671.509,HDFC Mutual Fund,Debt Scheme - Money Market Fund
2022-05-31,119092,HDFC Money Market Fund - Growth Option - Direct Plan,4672.3555,HDFC Mutual Fund,Debt Scheme - Money Market Fund
2022-06-01,119092,HDFC Money Market Fund - Growth Option - Direct Plan,4673.3433,HDFC Mutual Fund,Debt Scheme - Money Market Fund
2022-06-02,119092,HDFC Money Market Fund - Growth Option - Direct Plan,4673.7496,HDFC Mutual Fund,Debt Scheme - Money Market Fund
2022-06-03,119092,HDFC Money Market Fund - Growth Option - Direct Plan,4674.391,HDFC Mutual Fund,Debt Scheme - Money Market Fund
2022-06-06,119092,HDFC Money Market Fund - Growth Option - Direct Plan,4675.7967,HDFC Mutual Fund,Debt Scheme - Money Market Fund
2022-06-07,119092,HDFC Money Market Fund - Growth Option - Direct Plan,4674.5003,HDFC Mutual Fund,Debt Scheme - Money Market Fund
2022-06-08,119092,HDFC Money Market Fund - Growth Option - Direct Plan,4677.4139,HDFC Mutual Fund,Debt Scheme - Money Market Fund
2022-06-09,119092,HDFC Money Market Fund - Growth Option - Direct Plan,4678.2477,HDFC Mutual Fund,Debt Scheme - Money Market Fund
2022-06-10,119092,HDFC Money Market Fund - Growth Option - Direct Plan,4678.9235,HDFC Mutual Fund,Debt Scheme - Money Market Fund
2022-06-13,119092,HDFC Money Market Fund - Growth Option - Direct Plan,4680.1182,HDFC Mutual Fund,Debt Scheme - Money Market Fund
2022-06-14,119092,HDFC Money Market Fund - Growth Option - Direct Plan,4680.7705,HDFC Mutual Fund,Debt Scheme - Money Market Fund
2022-06-15,119092,HDFC Money Market Fund - Growth Option - Direct Plan,4681.0599,HDFC Mutual Fund,Debt Scheme - Money Market Fund
2022-06-16,119092,HDFC Money Market Fund - Growth Option - Direct Plan,4681.3669,HDFC Mutual Fund,Debt Scheme - Money Market Fund
2022-06-17,119092,HDFC Money Market Fund - Growth Option - Direct Plan,4681.5415,HDFC Mutual Fund,Debt Scheme - Money Market Fund
2022-06-20,119092,HDFC Money Market Fund - Growth Option - Direct Plan,4683.6357,HDFC Mutual Fund,Debt Scheme - Money Market Fund
2022-06-21,119092,HDFC Money Market Fund - Growth Option - Direct Plan,4684.3607,HDFC Mutual Fund,Debt Scheme - Money Market Fund
2022-06-22,119092,HDFC Money Market Fund - Growth Option - Direct Plan,4685.4043,HDFC Mutual Fund,Debt Scheme - Money Market Fund
2022-06-23,119092,HDFC Money Market Fund - Growth Option - Direct Plan,4686.3543,HDFC Mutual Fund,Debt Scheme - Money Market Fund
2022-06-24,119092,HDFC Money Market Fund - Growth Option - Direct Plan,4687.3746,HDFC Mutual Fund,Debt Scheme - Money Market Fund
2022-06-27,119092,HDFC Money Market Fund - Growth Option - Direct Plan,4689.5122,HDFC Mutual Fund,Debt Scheme - Money Market Fund
2022-06-28,119092,HDFC Money Market Fund - Growth Option - Direct Plan,4690.0126,HDFC Mutual Fund,Debt Scheme - Money Market Fund
2022-06-29,119092,HDFC Money Market Fund - Growth Option - Direct Plan,4690.6171,HDFC Mutual Fund,Debt Scheme - Money Market Fund
2022-06-30,119092,HDFC Money Market Fund - Growth Option - Direct Plan,4691.8689,HDFC Mutual Fund,Debt Scheme - Money Market Fund
2022-07-01,119092,HDFC Money Market Fund - Growth Option - Direct Plan,4693.1419,HDFC Mutual Fund,Debt Scheme - Money Market Fund
2022-07-04,119092,HDFC Money Market Fund - Growth Option - Direct Plan,4695.8615,HDFC Mutual Fund,Debt Scheme - Money Market Fund
2022-07-05,119092,HDFC Money Market Fund - Growth Option - Direct Plan,4697.1427,HDFC Mutual Fund,Debt Scheme - Money Market Fund
2022-07-06,119092,HDFC Money Market Fund - Growth Option - Direct Plan,4698.6958,HDFC Mutual Fund,Debt Scheme - Money Market Fund
2022-07-07,119092,HDFC Money Market Fund - Growth Option - Direct Plan,4699.4328,HDFC Mutual Fund,Debt Scheme - Money Market Fund
2022-07-08,119092,HDFC Money Market Fund - Growth Option - Direct Plan,4699.9447,HDFC Mutual Fund,Debt Scheme - Money Market Fund
2022-07-11,119092,HDFC Money Market Fund - Growth Option - Direct Plan,4701.8292,HDFC Mutual Fund,Debt Scheme - Money Market Fund
2022-07-12,119092,HDFC Money Market Fund - Growth Option - Direct Plan,4702.207,HDFC Mutual Fund,Debt Scheme - Money Market Fund
2022-07-13,119092,HDFC Money Market Fund - Growth Option - Direct Plan,4703.3254,HDFC Mutual Fund,Debt Scheme - Money Market Fund
2022-07-14,119092,HDFC Money Market Fund - Growth Option - Direct Plan,4703.9887,HDFC Mutual Fund,Debt Scheme - Money Market Fund
2022-07-15,119092,HDFC Money Market Fund - Growth Option - Direct Plan,4704.6836,HDFC Mutual Fund,Debt Scheme - Money Market Fund
2022-07-18,119092,HDFC Money Market Fund - Growth Option - Direct Plan,4706.4281,HDFC Mutual Fund,Debt Scheme - Money Market Fund
2022-07-19,119092,HDFC Money Market Fund - Growth Option - Direct Plan,4706.7889,HDFC Mutual Fund,Debt Scheme - Money Market Fund
2022-07-20,119092,HDFC Money Market Fund - Growth Option - Direct Plan,4707.0615,HDFC Mutual Fund,Debt Scheme - Money Market Fund
2022-07-21,119092,HDFC Money Market Fund - Growth Option - Direct Plan,4707.005,HDFC Mutual Fund,Debt Scheme - Money Market Fund
2022-07-22,119092,HDFC Money Market Fund - Growth Option - Direct Plan,4707.6646,HDFC Mutual Fund,Debt Scheme - Money Market Fund
2022-07-25,119092,HDFC Money Market Fund - Growth Option - Direct Plan,4709.8015,HDFC Mutual Fund,Debt Scheme - Money Market Fund
2022-07-26,119092,HDFC Money Market Fund - Growth Option - Direct Plan,4709.6138,HDFC Mutual Fund,Debt Scheme - Money Market Fund
2022-07-27,119092,HDFC Money Market Fund - Growth Option - Direct Plan,4709.4904,HDFC Mutual Fund,Debt Scheme - Money Market Fund
2022-07-28,119092,HDFC Money Market Fund - Growth Option - Direct Plan,4710.3011,HDFC Mutual Fund,Debt Scheme - Money Market Fund
2022-07-29,119092,HDFC Money Market Fund - Growth Option - Direct Plan,4711.2872,HDFC Mutual Fund,Debt Scheme - Money Market Fund
2022-08-01,119092,HDFC Money Market Fund - Growth Option - Direct Plan,4714.5361,HDFC Mutual Fund,Debt Scheme - Money Market Fund
2022-08-02,119092,HDFC Money Market Fund - Growth Option - Direct Plan,4715.8905,HDFC Mutual Fund,Debt Scheme - Money Market Fund
2022-08-03,119092,HDFC Money Market Fund - Growth Option - Direct Plan,4716.4678,HDFC Mutual Fund,Debt Scheme - Money Market Fund
2022-08-04,119092,HDFC Money Market Fund - Growth Option - Direct Plan,4717.3196,HDFC Mutual Fund,Debt Scheme - Money Market Fund
2022-08-05,119092,HDFC Money Market Fund - Growth Option - Direct Plan,4717.2189,HDFC Mutual Fund,Debt Scheme - Money Market Fund
2022-08-08,119092,HDFC Money Market Fund - Growth Option - Direct Plan,4719.2694,HDFC Mutual Fund,Debt Scheme - Money Market Fund
2022-08-10,119092,HDFC Money Market Fund - Growth Option - Direct Plan,4720.8499,HDFC Mutual Fund,Debt Scheme - Money Market Fund
2022-08-11,119092,HDFC Money Market Fund - Growth Option - Direct Plan,4721.6218,HDFC Mutual Fund,Debt Scheme - Money Market Fund
2022-08-12,119092,HDFC Money Market Fund - Growth Option - Direct Plan,4722.2678,HDFC Mutual Fund,Debt Scheme - Money Market Fund
2022-08-17,119092,HDFC Money Market Fund - Growth Option - Direct Plan,4726.2839,HDFC Mutual Fund,Debt Scheme - Money Market Fund
2022-08-18,119092,HDFC Money Market Fund - Growth Option - Direct Plan,4727.0674,HDFC Mutual Fund,Debt Scheme - Money Market Fund
2022-08-19,119092,HDFC Money Market Fund - Growth Option - Direct Plan,4727.9443,HDFC Mutual Fund,Debt Scheme - Money Market Fund
2022-08-22,119092,HDFC Money Market Fund - Growth Option - Direct Plan,4730.0494,HDFC Mutual Fund,Debt Scheme - Money Market Fund
2022-08-23,119092,HDFC Money Market Fund - Growth Option - Direct Plan,4730.9164,HDFC Mutual Fund,Debt Scheme - Money Market Fund
2022-08-24,119092,HDFC Money Market Fund - Growth Option - Direct Plan,4731.7676,HDFC Mutual Fund,Debt Scheme - Money Market Fund
2022-08-25,119092,HDFC Money Market Fund - Growth Option - Direct Plan,4732.2661,HDFC Mutual Fund,Debt Scheme - Money Market Fund
2022-08-26,119092,HDFC Money Market Fund - Growth Option - Direct Plan,4732.6881,HDFC Mutual Fund,Debt Scheme - Money Market Fund
2022-08-29,119092,HDFC Money Market Fund - Growth Option - Direct Plan,4734.7974,HDFC Mutual Fund,Debt Scheme - Money Market Fund
2022-08-30,119092,HDFC Money Market Fund - Growth Option - Direct Plan,4735.4654,HDFC Mutual Fund,Debt Scheme - Money Market Fund
2022-09-01,119092,HDFC Money Market Fund - Growth Option - Direct Plan,4737.0132,HDFC Mutual Fund,Debt Scheme - Money Market Fund
2022-09-02,119092,HDFC Money Market Fund - Growth Option - Direct Plan,4738.0271,HDFC Mutual Fund,Debt Scheme - Money Market Fund
2022-09-05,119092,HDFC Money Market Fund - Growth Option - Direct Plan,4740.6276,HDFC Mutual Fund,Debt Scheme - Money Market Fund
2022-09-06,119092,HDFC Money Market Fund - Growth Option - Direct Plan,4741.5332,HDFC Mutual Fund,Debt Scheme - Money Market Fund
2022-09-07,119092,HDFC Money Market Fund - Growth Option - Direct Plan,4742.3355,HDFC Mutual Fund,Debt Scheme - Money Market Fund
2022-09-08,119092,HDFC Money Market Fund - Growth Option - Direct Plan,4743.0082,HDFC Mutual Fund,Debt Scheme - Money Market Fund
2022-09-09,119092,HDFC Money Market Fund - Growth Option - Direct Plan,4743.7475,HDFC Mutual Fund,Debt Scheme - Money Market Fund
2022-09-12,119092,HDFC Money Market Fund - Growth Option - Direct Plan,4745.6667,HDFC Mutual Fund,Debt Scheme - Money Market Fund
2022-09-13,119092,HDFC Money Market Fund - Growth Option - Direct Plan,4746.1654,HDFC Mutual Fund,Debt Scheme - Money Market Fund
2022-09-14,119092,HDFC Money Market Fund - Growth Option - Direct Plan,4746.0148,HDFC Mutual Fund,Debt Scheme - Money Market Fund
2022-09-15,119092,HDFC Money Market Fund - Growth Option - Direct Plan,4746.1608,HDFC Mutual Fund,Debt Scheme - Money Market Fund
2022-09-16,119092,HDFC Money Market Fund - Growth Option - Direct Plan,4746.4594,HDFC Mutual Fund,Debt Scheme - Money Market Fund
2022-09-19,119092,HDFC Money Market Fund - Growth Option - Direct Plan,4748.6951,HDFC Mutual Fund,Debt Scheme - Money Market Fund
2022-09-20,119092,HDFC Money Market Fund - Growth Option - Direct Plan,4748.1787,HDFC Mutual Fund,Debt Scheme - Money Market Fund
2022-09-21,119092,HDFC Money Market Fund - Growth Option - Direct Plan,4748.1439,HDFC Mutual Fund,Debt Scheme - Money Market Fund
2022-09-22,119092,HDFC Money Market Fund - Growth Option - Direct Plan,4748.3794,HDFC Mutual Fund,Debt Scheme - Money Market Fund
2022-09-23,119092,HDFC Money Market Fund - Growth Option - Direct Plan,4748.4249,HDFC Mutual Fund,Debt Scheme - Money Market Fund
2022-09-26,119092,HDFC Money Market Fund - Growth Option - Direct Plan,4748.9929,HDFC Mutual Fund,Debt Scheme - Money Market Fund
2022-09-27,119092,HDFC Money Market Fund - Growth Option - Direct Plan,4747.9878,HDFC Mutual Fund,Debt Scheme - Money Market Fund
2022-09-28,119092,HDFC Money Market Fund - Growth Option - Direct Plan,4748.7921,HDFC Mutual Fund,Debt Scheme - Money Market Fund
2022-09-29,119092,HDFC Money Market Fund - Growth Option - Direct Plan,4751.0903,HDFC Mutual Fund,Debt Scheme - Money Market Fund
2022-09-30,119092,HDFC Money Market Fund - Growth Option - Direct Plan,4753.1669,HDFC Mutual Fund,Debt Scheme - Money Market Fund
2022-10-03,119092,HDFC Money Market Fund - Growth Option - Direct Plan,4756.8968,HDFC Mutual Fund,Debt Scheme - Money Market Fund
2022-10-04,119092,HDFC Money Market Fund - Growth Option - Direct Plan,4758.2177,HDFC Mutual Fund,Debt Scheme - Money Market Fund
2022-10-06,119092,HDFC Money Market Fund - Growth Option - Direct Plan,4759.7043,HDFC Mutual Fund,Debt Scheme - Money Market Fund
2022-10-07,119092,HDFC Money Market Fund - Growth Option - Direct Plan,4759.8123,HDFC Mutual Fund,Debt Scheme - Money Market Fund
2022-10-10,119092,HDFC Money Market Fund - Growth Option - Direct Plan,4760.9666,HDFC Mutual Fund,Debt Scheme - Money Market Fund
2022-10-11,119092,HDFC Money Market Fund - Growth Option - Direct Plan,4759.9544,HDFC Mutual Fund,Debt Scheme - Money Market Fund
2022-10-12,119092,HDFC Money Market Fund - Growth Option - Direct Plan,4760.2893,HDFC Mutual Fund,Debt Scheme - Money Market Fund
2022-10-13,119092,HDFC Money Market Fund - Growth Option - Direct Plan,4760.9857,HDFC Mutual Fund,Debt Scheme - Money Market Fund
2022-10-14,119092,HDFC Money Market Fund - Growth Option - Direct Plan,4761.2049,HDFC Mutual Fund,Debt Scheme - Money Market Fund
2022-10-17,119092,HDFC Money Market Fund - Growth Option - Direct Plan,4763.8856,HDFC Mutual Fund,Debt Scheme - Money Market Fund
2022-10-18,119092,HDFC Money Market Fund - Growth Option - Direct Plan,4764.8776,HDFC Mutual Fund,Debt Scheme - Money Market Fund
2022-10-19,119092,HDFC Money Market Fund - Growth Option - Direct Plan,4765.3101,HDFC Mutual Fund,Debt Scheme - Money Market Fund
2022-10-20,119092,HDFC Money Market Fund - Growth Option - Direct Plan,4765.9275,HDFC Mutual Fund,Debt Scheme - Money Market Fund
2022-10-21,119092,HDFC Money Market Fund - Growth Option - Direct Plan,4766.0779,HDFC Mutual Fund,Debt Scheme - Money Market Fund
2022-10-25,119092,HDFC Money Market Fund - Growth Option - Direct Plan,4769.6382,HDFC Mutual Fund,Debt Scheme - Money Market Fund
2022-10-27,119092,HDFC Money Market Fund - Growth Option - Direct Plan,4771.9116,HDFC Mutual Fund,Debt Scheme - Money Market Fund
2022-10-28,119092,HDFC Money Market Fund - Growth Option - Direct Plan,4772.4939,HDFC Mutual Fund,Debt Scheme - Money Market Fund
2022-10-31,119092,HDFC Money Market Fund - Growth Option - Direct Plan,4775.3215,HDFC Mutual Fund,Debt Scheme - Money Market Fund
2022-11-01,119092,HDFC Money Market Fund - Growth Option - Direct Plan,4776.3935,HDFC Mutual Fund,Debt Scheme - Money Market Fund
2022-11-02,119092,HDFC Money Market Fund - Growth Option - Direct Plan,4777.494,HDFC Mutual Fund,Debt Scheme - Money Market Fund
2022-11-03,119092,HDFC Money Market Fund - Growth Option - Direct Plan,4778.3629,HDFC Mutual Fund,Debt Scheme - Money Market Fund
2022-11-04,119092,HDFC Money Market Fund - Growth Option - Direct Plan,4779.3106,HDFC Mutual Fund,Debt Scheme - Money Market Fund
2022-11-07,119092,HDFC Money Market Fund - Growth Option - Direct Plan,4782.0135,HDFC Mutual Fund,Debt Scheme - Money Market Fund
2022-11-09,119092,HDFC Money Market Fund - Growth Option - Direct Plan,4783.6951,HDFC Mutual Fund,Debt Scheme - Money Market Fund
2022-11-10,119092,HDFC Money Market Fund - Growth Option - Direct Plan,4784.6486,HDFC Mutual Fund,Debt Scheme - Money Market Fund
2022-11-11,119092,HDFC Money Market Fund - Growth Option - Direct Plan,4785.9519,HDFC Mutual Fund,Debt Scheme - Money Market Fund
2022-11-14,119092,HDFC Money Market Fund - Growth Option - Direct Plan,4788.6422,HDFC Mutual Fund,Debt Scheme - Money Market Fund
2022-11-15,119092,HDFC Money Market Fund - Growth Option - Direct Plan,4789.6235,HDFC Mutual Fund,Debt Scheme - Money Market Fund
2022-11-16,119092,HDFC Money Market Fund - Growth Option - Direct Plan,4790.8597,HDFC Mutual Fund,Debt Scheme - Money Market Fund
2022-11-17,119092,HDFC Money Market Fund - Growth Option - Direct Plan,4792.1498,HDFC Mutual Fund,Debt Scheme - Money Market Fund
2022-11-18,119092,HDFC Money Market Fund - Growth Option - Direct Plan,4792.9297,HDFC Mutual Fund,Debt Scheme - Money Market Fund
2022-11-21,119092,HDFC Money Market Fund - Growth Option - Direct Plan,4795.592,HDFC Mutual Fund,Debt Scheme - Money Market Fund
2022-11-22,119092,HDFC Money Market Fund - Growth Option - Direct Plan,4796.1731,HDFC Mutual Fund,Debt Scheme - Money Market Fund
2022-11-23,119092,HDFC Money Market Fund - Growth Option - Direct Plan,4797.0432,HDFC Mutual Fund,Debt Scheme - Money Market Fund
2022-11-24,119092,HDFC Money Market Fund - Growth Option - Direct Plan,4797.8653,HDFC Mutual Fund,Debt Scheme - Money Market Fund
2022-11-25,119092,HDFC Money Market Fund - Growth Option - Direct Plan,4798.8306,HDFC Mutual Fund,Debt Scheme - Money Market Fund
2022-11-28,119092,HDFC Money Market Fund - Growth Option - Direct Plan,4801.6441,HDFC Mutual Fund,Debt Scheme - Money Market Fund
2022-11-29,119092,HDFC Money Market Fund - Growth Option - Direct Plan,4802.6233,HDFC Mutual Fund,Debt Scheme - Money Market Fund
2022-11-30,119092,HDFC Money Market Fund - Growth Option - Direct Plan,4803.702,HDFC Mutual Fund,Debt Scheme - Money Market Fund
2022-12-01,119092,HDFC Money Market Fund - Growth Option - Direct Plan,4804.6714,HDFC Mutual Fund,Debt Scheme - Money Market Fund
2022-12-02,119092,HDFC Money Market Fund - Growth Option - Direct Plan,4805.6153,HDFC Mutual Fund,Debt Scheme - Money Market Fund
2022-12-05,119092,HDFC Money Market Fund - Growth Option - Direct Plan,4808.5531,HDFC Mutual Fund,Debt Scheme - Money Market Fund
2022-12-06,119092,HDFC Money Market Fund - Growth Option - Direct Plan,4809.7359,HDFC Mutual Fund,Debt Scheme - Money Market Fund
2022-12-07,119092,HDFC Money Market Fund - Growth Option - Direct Plan,4809.8806,HDFC Mutual Fund,Debt Scheme - Money Market Fund
2022-12-08,119092,HDFC Money Market Fund - Growth Option - Direct Plan,4810.9594,HDFC Mutual Fund,Debt Scheme - Money Market Fund
2022-12-09,119092,HDFC Money Market Fund - Growth Option - Direct Plan,4812.0976,HDFC Mutual Fund,Debt Scheme - Money Market Fund
2022-12-12,119092,HDFC Money Market Fund - Growth Option - Direct Plan,4814.8064,HDFC Mutual Fund,Debt Scheme - Money Market Fund
2022-12-13,119092,HDFC Money Market Fund - Growth Option - Direct Plan,4815.7694,HDFC Mutual Fund,Debt Scheme - Money Market Fund
2022-12-14,119092,HDFC Money Market Fund - Growth Option - Direct Plan,4816.8856,HDFC Mutual Fund,Debt Scheme - Money Market Fund
2022-12-15,119092,HDFC Money Market Fund - Growth Option - Direct Plan,4817.6496,HDFC Mutual Fund,Debt Scheme - Money Market Fund
2022-12-16,119092,HDFC Money Market Fund - Growth Option - Direct Plan,4818.3944,HDFC Mutual Fund,Debt Scheme - Money Market Fund
2022-12-19,119092,HDFC Money Market Fund - Growth Option - Direct Plan,4821.0899,HDFC Mutual Fund,Debt Scheme - Money Market Fund
2022-12-20,119092,HDFC Money Market Fund - Growth Option - Direct Plan,4821.9236,HDFC Mutual Fund,Debt Scheme - Money Market Fund
2022-12-21,119092,HDFC Money Market Fund - Growth Option - Direct Plan,4822.8082,HDFC Mutual Fund,Debt Scheme - Money Market Fund
2022-12-22,119092,HDFC Money Market Fund - Growth Option - Direct Plan,4823.8607,HDFC Mutual Fund,Debt Scheme - Money Market Fund
2022-12-23,119092,HDFC Money Market Fund - Growth Option - Direct Plan,4824.8666,HDFC Mutual Fund,Debt Scheme - Money Market Fund
2022-12-26,119092,HDFC Money Market Fund - Growth Option - Direct Plan,4827.4361,HDFC Mutual Fund,Debt Scheme - Money Market Fund
2022-12-27,119092,HDFC Money Market Fund - Growth Option - Direct Plan,4828.4262,HDFC Mutual Fund,Debt Scheme - Money Market Fund
2022-12-28,119092,HDFC Money Market Fund - Growth Option - Direct Plan,4829.6393,HDFC Mutual Fund,Debt Scheme - Money Market Fund
2022-12-29,119092,HDFC Money Market Fund - Growth Option - Direct Plan,4830.6366,HDFC Mutual Fund,Debt Scheme - Money Market Fund
2022-12-30,119092,HDFC Money Market Fund - Growth Option - Direct Plan,4832.4416,HDFC Mutual Fund,Debt Scheme - Money Market Fund
2023-01-02,119092,HDFC Money Market Fund - Growth Option - Direct Plan,4835.6726,HDFC Mutual Fund,Debt Scheme - Money Market Fund
2023-01-03,119092,HDFC Money Market Fund - Growth Option - Direct Plan,4836.6654,HDFC Mutual Fund,Debt Scheme - Money Market Fund
2023-01-04,119092,HDFC Money Market Fund - Growth Option - Direct Plan,4837.2825,HDFC Mutual Fund,Debt Scheme - Money Market Fund
2023-01-05,119092,HDFC Money Market Fund - Growth Option - Direct Plan,4838.2055,HDFC Mutual Fund,Debt Scheme - Money Market Fund
2023-01-06,119092,HDFC Money Market Fund - Growth Option - Direct Plan,4839.1205,HDFC Mutual Fund,Debt Scheme - Money Market Fund
2023-01-09,119092,HDFC Money Market Fund - Growth Option - Direct Plan,4841.5665,HDFC Mutual Fund,Debt Scheme - Money Market Fund
2023-01-10,119092,HDFC Money Market Fund - Growth Option - Direct Plan,4842.2513,HDFC Mutual Fund,Debt Scheme - Money Market Fund
2023-01-11,119092,HDFC Money Market Fund - Growth Option - Direct Plan,4842.8852,HDFC Mutual Fund,Debt Scheme - Money Market Fund
2023-01-12,119092,HDFC Money Market Fund - Growth Option - Direct Plan,4843.8117,HDFC Mutual Fund,Debt Scheme - Money Market Fund
2023-01-13,119092,HDFC Money Market Fund - Growth Option - Direct Plan,4844.4447,HDFC Mutual Fund,Debt Scheme - Money Market Fund
2023-01-16,119092,HDFC Money Market Fund - Growth Option - Direct Plan,4846.8968,HDFC Mutual Fund,Debt Scheme - Money Market Fund
2023-01-17,119092,HDFC Money Market Fund - Growth Option - Direct Plan,4847.748,HDFC Mutual Fund,Debt Scheme - Money Market Fund
2023-01-18,119092,HDFC Money Market Fund - Growth Option - Direct Plan,4848.4779,HDFC Mutual Fund,Debt Scheme - Money Market Fund
2023-01-19,119092,HDFC Money Market Fund - Growth Option - Direct Plan,4849.4433,HDFC Mutual Fund,Debt Scheme - Money Market Fund
2023-01-20,119092,HDFC Money Market Fund - Growth Option - Direct Plan,4850.3717,HDFC Mutual Fund,Debt Scheme - Money Market Fund
2023-01-23,119092,HDFC Money Market Fund - Growth Option - Direct Plan,4852.3769,HDFC Mutual Fund,Debt Scheme - Money Market Fund
2023-01-24,119092,HDFC Money Market Fund - Growth Option - Direct Plan,4853.5428,HDFC Mutual Fund,Debt Scheme - Money Market Fund
2023-01-25,119092,HDFC Money Market Fund - Growth Option - Direct Plan,4854.3406,HDFC Mutual Fund,Debt Scheme - Money Market Fund
2023-01-27,119092,HDFC Money Market Fund - Growth Option - Direct Plan,4856.2499,HDFC Mutual Fund,Debt Scheme - Money Market Fund
2023-01-30,119092,HDFC Money Market Fund - Growth Option - Direct Plan,4858.6105,HDFC Mutual Fund,Debt Scheme - Money Market Fund
2023-01-31,119092,HDFC Money Market Fund - Growth Option - Direct Plan,4859.608,HDFC Mutual Fund,Debt Scheme - Money Market Fund
2023-02-01,119092,HDFC Money Market Fund - Growth Option - Direct Plan,4860.9087,HDFC Mutual Fund,Debt Scheme - Money Market Fund
2023-02-02,119092,HDFC Money Market Fund - Growth Option - Direct Plan,4862.0712,HDFC Mutual Fund,Debt Scheme - Money Market Fund
2023-02-03,119092,HDFC Money Market Fund - Growth Option - Direct Plan,4863.0655,HDFC Mutual Fund,Debt Scheme - Money Market Fund
2023-02-06,119092,HDFC Money Market Fund - Growth Option - Direct Plan,4865.8858,HDFC Mutual Fund,Debt Scheme - Money Market Fund
2023-02-07,119092,HDFC Money Market Fund - Growth Option - Direct Plan,4866.7645,HDFC Mutual Fund,Debt Scheme - Money Market Fund
2023-02-08,119092,HDFC Money Market Fund - Growth Option - Direct Plan,4867.0541,HDFC Mutual Fund,Debt Scheme - Money Market Fund
2023-02-09,119092,HDFC Money Market Fund - Growth Option - Direct Plan,4867.6435,HDFC Mutual Fund,Debt Scheme - Money Market Fund
2023-02-10,119092,HDFC Money Market Fund - Growth Option - Direct Plan,4868.889,HDFC Mutual Fund,Debt Scheme - Money Market Fund
2023-02-13,119092,HDFC Money Market Fund - Growth Option - Direct Plan,4871.84,HDFC Mutual Fund,Debt Scheme - Money Market Fund
2023-02-14,119092,HDFC Money Market Fund - Growth Option - Direct Plan,4872.3521,HDFC Mutual Fund,Debt Scheme - Money Market Fund
2023-02-15,119092,HDFC Money Market Fund - Growth Option - Direct Plan,4873.2698,HDFC Mutual Fund,Debt Scheme - Money Market Fund
2023-02-16,119092,HDFC Money Market Fund - Growth Option - Direct Plan,4874.1626,HDFC Mutual Fund,Debt Scheme - Money Market Fund
2023-02-17,119092,HDFC Money Market Fund - Growth Option - Direct Plan,4875.0045,HDFC Mutual Fund,Debt Scheme - Money Market Fund
2023-02-20,119092,HDFC Money Market Fund - Growth Option - Direct Plan,4877.4781,HDFC Mutual Fund,Debt Scheme - Money Market Fund
2023-02-21,119092,HDFC Money Market Fund - Growth Option - Direct Plan,4878.2092,HDFC Mutual Fund,Debt Scheme - Money Market Fund
2023-02-22,119092,HDFC Money Market Fund - Growth Option - Direct Plan,4878.6066,HDFC Mutual Fund,Debt Scheme - Money Market Fund
2023-02-23,119092,HDFC Money Market Fund - Growth Option - Direct Plan,4879.256,HDFC Mutual Fund,Debt Scheme - Money Market Fund
2023-02-24,119092,HDFC Money Market Fund - Growth Option - Direct Plan,4879.8682,HDFC Mutual Fund,Debt Scheme - Money Market Fund
2023-02-27,119092,HDFC Money Market Fund - Growth Option - Direct Plan,4881.9457,HDFC Mutual Fund,Debt Scheme - Money Market Fund
2023-02-28,119092,HDFC Money Market Fund - Growth Option - Direct Plan,4883.0447,HDFC Mutual Fund,Debt Scheme - Money Market Fund
2023-03-01,119092,HDFC Money Market Fund - Growth Option - Direct Plan,4883.7542,HDFC Mutual Fund,Debt Scheme - Money Market Fund
2023-03-02,119092,HDFC Money Market Fund - Growth Option - Direct Plan,4884.191,HDFC Mutual Fund,Debt Scheme - Money Market Fund
2023-03-03,119092,HDFC Money Market Fund - Growth Option - Direct Plan,4884.9987,HDFC Mutual Fund,Debt Scheme - Money Market Fund
2023-03-06,119092,HDFC Money Market Fund - Growth Option - Direct Plan,4887.7219,HDFC Mutual Fund,Debt Scheme - Money Market Fund
2023-03-08,119092,HDFC Money Market Fund - Growth Option - Direct Plan,4889.4136,HDFC Mutual Fund,Debt Scheme - Money Market Fund
2023-03-09,119092,HDFC Money Market Fund - Growth Option - Direct Plan,4890.7312,HDFC Mutual Fund,Debt Scheme - Money Market Fund
2023-03-10,119092,HDFC Money Market Fund - Growth Option - Direct Plan,4892.7144,HDFC Mutual Fund,Debt Scheme - Money Market Fund
2023-03-13,119092,HDFC Money Market Fund - Growth Option - Direct Plan,4897.8864,HDFC Mutual Fund,Debt Scheme - Money Market Fund
2023-03-14,119092,HDFC Money Market Fund - Growth Option - Direct Plan,4899.157,HDFC Mutual Fund,Debt Scheme - Money Market Fund
2023-03-15,119092,HDFC Money Market Fund - Growth Option - Direct Plan,4899.9024,HDFC Mutual Fund,Debt Scheme - Money Market Fund
2023-03-16,119092,HDFC Money Market Fund - Growth Option - Direct Plan,4900.3,HDFC Mutual Fund,Debt Scheme - Money Market Fund
2023-03-17,119092,HDFC Money Market Fund - Growth Option - Direct Plan,4900.9665,HDFC Mutual Fund,Debt Scheme - Money Market Fund
2023-03-20,119092,HDFC Money Market Fund - Growth Option - Direct Plan,4904.6736,HDFC Mutual Fund,Debt Scheme - Money Market Fund
2023-03-21,119092,HDFC Money Market Fund - Growth Option - Direct Plan,4906.6467,HDFC Mutual Fund,Debt Scheme - Money Market Fund
2023-03-23,119092,HDFC Money Market Fund - Growth Option - Direct Plan,4909.366,HDFC Mutual Fund,Debt Scheme - Money Market Fund
2023-03-24,119092,HDFC Money Market Fund - Growth Option - Direct Plan,4909.7777,HDFC Mutual Fund,Debt Scheme - Money Market Fund
2023-03-27,119092,HDFC Money Market Fund - Growth Option - Direct Plan,4911.3784,HDFC Mutual Fund,Debt Scheme - Money Market Fund
2023-03-28,119092,HDFC Money Market Fund - Growth Option - Direct Plan,4911.9693,HDFC Mutual Fund,Debt Scheme - Money Market Fund
2023-03-29,119092,HDFC Money Market Fund - Growth Option - Direct Plan,4915.7024,HDFC Mutual Fund,Debt Scheme - Money Market Fund
2023-03-31,119092,HDFC Money Market Fund - Growth Option - Direct Plan,4921.7155,HDFC Mutual Fund,Debt Scheme - Money Market Fund
2023-04-03,119092,HDFC Money Market Fund - Growth Option - Direct Plan,4924.5576,HDFC Mutual Fund,Debt Scheme - Money Market Fund
2023-04-05,119092,HDFC Money Market Fund - Growth Option - Direct Plan,4926.3066,HDFC Mutual Fund,Debt Scheme - Money Market Fund
2023-04-06,119092,HDFC Money Market Fund - Growth Option - Direct Plan,4930.1761,HDFC Mutual Fund,Debt Scheme - Money Market Fund
2023-04-10,119092,HDFC Money Market Fund - Growth Option - Direct Plan,4935.0426,HDFC Mutual Fund,Debt Scheme - Money Market Fund
2023-04-11,119092,HDFC Money Market Fund - Growth Option - Direct Plan,4935.9458,HDFC Mutual Fund,Debt Scheme - Money Market Fund
2023-04-12,119092,HDFC Money Market Fund - Growth Option - Direct Plan,4937.7767,HDFC Mutual Fund,Debt Scheme - Money Market Fund
2023-04-13,119092,HDFC Money Market Fund - Growth Option - Direct Plan,4938.9491,HDFC Mutual Fund,Debt Scheme - Money Market Fund
2023-04-17,119092,HDFC Money Market Fund - Growth Option - Direct Plan,4942.8765,HDFC Mutual Fund,Debt Scheme - Money Market Fund
2023-04-18,119092,HDFC Money Market Fund - Growth Option - Direct Plan,4944.4691,HDFC Mutual Fund,Debt Scheme - Money Market Fund
2023-04-19,119092,HDFC Money Market Fund - Growth Option - Direct Plan,4945.6851,HDFC Mutual Fund,Debt Scheme - Money Market Fund
2023-04-20,119092,HDFC Money Market Fund - Growth Option - Direct Plan,4946.6385,HDFC Mutual Fund,Debt Scheme - Money Market Fund
2023-04-21,119092,HDFC Money Market Fund - Growth Option - Direct Plan,4947.616,HDFC Mutual Fund,Debt Scheme - Money Market Fund
2023-04-24,119092,HDFC Money Market Fund - Growth Option - Direct Plan,4950.3,HDFC Mutual Fund,Debt Scheme - Money Market Fund
2023-04-25,119092,HDFC Money Market Fund - Growth Option - Direct Plan,4951.2321,HDFC Mutual Fund,Debt Scheme - Money Market Fund
2023-04-26,119092,HDFC Money Market Fund - Growth Option - Direct Plan,4952.2917,HDFC Mutual Fund,Debt Scheme - Money Market Fund
2023-04-27,119092,HDFC Money Market Fund - Growth Option - Direct Plan,4952.9107,HDFC Mutual Fund,Debt Scheme - Money Market Fund
2023-04-28,119092,HDFC Money Market Fund - Growth Option - Direct Plan,4953.5802,HDFC Mutual Fund,Debt Scheme - Money Market Fund
2023-05-02,119092,HDFC Money Market Fund - Growth Option - Direct Plan,4956.5376,HDFC Mutual Fund,Debt Scheme - Money Market Fund
2023-05-03,119092,HDFC Money Market Fund - Growth Option - Direct Plan,4957.8892,HDFC Mutual Fund,Debt Scheme - Money Market Fund
2023-05-04,119092,HDFC Money Market Fund - Growth Option - Direct Plan,4958.7909,HDFC Mutual Fund,Debt Scheme - Money Market Fund
2023-05-08,119092,HDFC Money Market Fund - Growth Option - Direct Plan,4962.7655,HDFC Mutual Fund,Debt Scheme - Money Market Fund
2023-05-09,119092,HDFC Money Market Fund - Growth Option - Direct Plan,4963.4563,HDFC Mutual Fund,Debt Scheme - Money Market Fund
2023-05-10,119092,HDFC Money Market Fund - Growth Option - Direct Plan,4964.5985,HDFC Mutual Fund,Debt Scheme - Money Market Fund
2023-05-11,119092,HDFC Money Market Fund - Growth Option - Direct Plan,4965.4888,HDFC Mutual Fund,Debt Scheme - Money Market Fund
2023-05-12,119092,HDFC Money Market Fund - Growth Option - Direct Plan,4966.2931,HDFC Mutual Fund,Debt Scheme - Money Market Fund
2023-05-15,119092,HDFC Money Market Fund - Growth Option - Direct Plan,4969.7348,HDFC Mutual Fund,Debt Scheme - Money Market Fund
2023-05-16,119092,HDFC Money Market Fund - Growth Option - Direct Plan,4971.8411,HDFC Mutual Fund,Debt Scheme - Money Market Fund
2023-05-17,119092,HDFC Money Market Fund - Growth Option - Direct Plan,4973.2457,HDFC Mutual Fund,Debt Scheme - Money Market Fund
2023-05-18,119092,HDFC Money Market Fund - Growth Option - Direct Plan,4974.5789,HDFC Mutual Fund,Debt Scheme - Money Market Fund
2023-05-19,119092,HDFC Money Market Fund - Growth Option - Direct Plan,4975.8054,HDFC Mutual Fund,Debt Scheme - Money Market Fund
2023-05-22,119092,HDFC Money Market Fund - Growth Option - Direct Plan,4981.3721,HDFC Mutual Fund,Debt Scheme - Money Market Fund
2023-05-23,119092,HDFC Money Market Fund - Growth Option - Direct Plan,4981.1777,HDFC Mutual Fund,Debt Scheme - Money Market Fund
2023-05-24,119092,HDFC Money Market Fund - Growth Option - Direct Plan,4981.7631,HDFC Mutual Fund,Debt Scheme - Money Market Fund
2023-05-25,119092,HDFC Money Market Fund - Growth Option - Direct Plan,4982.3941,HDFC Mutual Fund,Debt Scheme - Money Market Fund
2023-05-26,119092,HDFC Money Market Fund - Growth Option - Direct Plan,4983.2404,HDFC Mutual Fund,Debt Scheme - Money Market Fund
2023-05-29,119092,HDFC Money Market Fund - Growth Option - Direct Plan,4985.5343,HDFC Mutual Fund,Debt Scheme - Money Market Fund
2023-05-30,119092,HDFC Money Market Fund - Growth Option - Direct Plan,4986.4929,HDFC Mutual Fund,Debt Scheme - Money Market Fund
2023-05-31,119092,HDFC Money Market Fund - Growth Option - Direct Plan,4987.2829,HDFC Mutual Fund,Debt Scheme - Money Market Fund
2023-06-01,119092,HDFC Money Market Fund - Growth Option - Direct Plan,4988.8385,HDFC Mutual Fund,Debt Scheme - Money Market Fund
2023-06-02,119092,HDFC Money Market Fund - Growth Option - Direct Plan,4990.0511,HDFC Mutual Fund,Debt Scheme - Money Market Fund
2023-06-05,119092,HDFC Money Market Fund - Growth Option - Direct Plan,4993.0346,HDFC Mutual Fund,Debt Scheme - Money Market Fund
2023-06-06,119092,HDFC Money Market Fund - Growth Option - Direct Plan,4994.3002,HDFC Mutual Fund,Debt Scheme - Money Market Fund
2023-06-07,119092,HDFC Money Market Fund - Growth Option - Direct Plan,4995.4622,HDFC Mutual Fund,Debt Scheme - Money Market Fund
2023-06-08,119092,HDFC Money Market Fund - Growth Option - Direct Plan,4995.9409,HDFC Mutual Fund,Debt Scheme - Money Market Fund
2023-06-09,119092,HDFC Money Market Fund - Growth Option - Direct Plan,4996.2044,HDFC Mutual Fund,Debt Scheme - Money Market Fund
2023-06-12,119092,HDFC Money Market Fund - Growth Option - Direct Plan,4998.8233,HDFC Mutual Fund,Debt Scheme - Money Market Fund
2023-06-13,119092,HDFC Money Market Fund - Growth Option - Direct Plan,5000.2152,HDFC Mutual Fund,Debt Scheme - Money Market Fund
2023-06-14,119092,HDFC Money Market Fund - Growth Option - Direct Plan,5001.8616,HDFC Mutual Fund,Debt Scheme - Money Market Fund
2023-06-15,119092,HDFC Money Market Fund - Growth Option - Direct Plan,5002.8186,HDFC Mutual Fund,Debt Scheme - Money Market Fund
2023-06-16,119092,HDFC Money Market Fund - Growth Option - Direct Plan,5003.9814,HDFC Mutual Fund,Debt Scheme - Money Market Fund
2023-06-19,119092,HDFC Money Market Fund - Growth Option - Direct Plan,5006.9865,HDFC Mutual Fund,Debt Scheme - Money Market Fund
2023-06-20,119092,HDFC Money Market Fund - Growth Option - Direct Plan,5007.8745,HDFC Mutual Fund,Debt Scheme - Money Market Fund
2023-06-21,119092,HDFC Money Market Fund - Growth Option - Direct Plan,5008.6614,HDFC Mutual Fund,Debt Scheme - Money Market Fund
2023-06-22,119092,HDFC Money Market Fund - Growth Option - Direct Plan,5009.8954,HDFC Mutual Fund,Debt Scheme - Money Market Fund
2023-06-23,119092,HDFC Money Market Fund - Growth Option - Direct Plan,5010.3598,HDFC Mutual Fund,Debt Scheme - Money Market Fund
2023-06-26,119092,HDFC Money Market Fund - Growth Option - Direct Plan,5012.8809,HDFC Mutual Fund,Debt Scheme - Money Market Fund
2023-06-27,119092,HDFC Money Market Fund - Growth Option - Direct Plan,5013.5975,HDFC Mutual Fund,Debt Scheme - Money Market Fund
2023-06-28,119092,HDFC Money Market Fund - Growth Option - Direct Plan,5014.8176,HDFC Mutual Fund,Debt Scheme - Money Market Fund
2023-06-30,119092,HDFC Money Market Fund - Growth Option - Direct Plan,5016.9921,HDFC Mutual Fund,Debt Scheme - Money Market Fund
2023-07-03,119092,HDFC Money Market Fund - Growth Option - Direct Plan,5020.3836,HDFC Mutual Fund,Debt Scheme - Money Market Fund
2023-07-04,119092,HDFC Money Market Fund - Growth Option - Direct Plan,5022.0079,HDFC Mutual Fund,Debt Scheme - Money Market Fund
2023-07-05,119092,HDFC Money Market Fund - Growth Option - Direct Plan,5023.1911,HDFC Mutual Fund,Debt Scheme - Money Market Fund
2023-07-06,119092,HDFC Money Market Fund - Growth Option - Direct Plan,5024.0604,HDFC Mutual Fund,Debt Scheme - Money Market Fund
2023-07-07,119092,HDFC Money Market Fund - Growth Option - Direct Plan,5025.1711,HDFC Mutual Fund,Debt Scheme - Money Market Fund
2023-07-10,119092,HDFC Money Market Fund - Growth Option - Direct Plan,5027.7619,HDFC Mutual Fund,Debt Scheme - Money Market Fund
2023-07-11,119092,HDFC Money Market Fund - Growth Option - Direct Plan,5028.798,HDFC Mutual Fund,Debt Scheme - Money Market Fund
2023-07-12,119092,HDFC Money Market Fund - Growth Option - Direct Plan,5029.9035,HDFC Mutual Fund,Debt Scheme - Money Market Fund
2023-07-13,119092,HDFC Money Market Fund - Growth Option - Direct Plan,5031.2973,HDFC Mutual Fund,Debt Scheme - Money Market Fund
2023-07-14,119092,HDFC Money Market Fund - Growth Option - Direct Plan,5032.5397,HDFC Mutual Fund,Debt Scheme - Money Market Fund
2023-07-17,119092,HDFC Money Market Fund - Growth Option - Direct Plan,5035.2332,HDFC Mutual Fund,Debt Scheme - Money Market Fund
2023-07-18,119092,HDFC Money Market Fund - Growth Option - Direct Plan,5036.279,HDFC Mutual Fund,Debt Scheme - Money Market Fund
2023-07-19,119092,HDFC Money Market Fund - Growth Option - Direct Plan,5037.1063,HDFC Mutual Fund,Debt Scheme - Money Market Fund
2023-07-20,119092,HDFC Money Market Fund - Growth Option - Direct Plan,5038.5536,HDFC Mutual Fund,Debt Scheme - Money Market Fund
2023-07-21,119092,HDFC Money Market Fund - Growth Option - Direct Plan,5039.6374,HDFC Mutual Fund,Debt Scheme - Money Market Fund
2023-07-24,119092,HDFC Money Market Fund - Growth Option - Direct Plan,5042.5025,HDFC Mutual Fund,Debt Scheme - Money Market Fund
2023-07-25,119092,HDFC Money Market Fund - Growth Option - Direct Plan,5043.5119,HDFC Mutual Fund,Debt Scheme - Money Market Fund
2023-07-26,119092,HDFC Money Market Fund - Growth Option - Direct Plan,5044.5696,HDFC Mutual Fund,Debt Scheme - Money Market Fund
2023-07-27,119092,HDFC Money Market Fund - Growth Option - Direct Plan,5045.4077,HDFC Mutual Fund,Debt Scheme - Money Market Fund
2023-07-28,119092,HDFC Money Market Fund - Growth Option - Direct Plan,5046.2306,HDFC Mutual Fund,Debt Scheme - Money Market Fund
2023-07-31,119092,HDFC Money Market Fund - Growth Option - Direct Plan,5048.9266,HDFC Mutual Fund,Debt Scheme - Money Market Fund
2023-08-01,119092,HDFC Money Market Fund - Growth Option - Direct Plan,5049.9681,HDFC Mutual Fund,Debt Scheme - Money Market Fund
2023-08-02,119092,HDFC Money Market Fund - Growth Option - Direct Plan,5050.6815,HDFC Mutual Fund,Debt Scheme - Money Market Fund
2023-08-03,119092,HDFC Money Market Fund - Growth Option - Direct Plan,5051.485,HDFC Mutual Fund,Debt Scheme - Money Market Fund
2023-08-04,119092,HDFC Money Market Fund - Growth Option - Direct Plan,5052.3465,HDFC Mutual Fund,Debt Scheme - Money Market Fund
2023-08-07,119092,HDFC Money Market Fund - Growth Option - Direct Plan,5055.1632,HDFC Mutual Fund,Debt Scheme - Money Market Fund
2023-08-08,119092,HDFC Money Market Fund - Growth Option - Direct Plan,5056.1337,HDFC Mutual Fund,Debt Scheme - Money Market Fund
2023-08-09,119092,HDFC Money Market Fund - Growth Option - Direct Plan,5057.0763,HDFC Mutual Fund,Debt Scheme - Money Market Fund
2023-08-10,119092,HDFC Money Market Fund - Growth Option - Direct Plan,5057.6916,HDFC Mutual Fund,Debt Scheme - Money Market Fund
2023-08-11,119092,HDFC Money Market Fund - Growth Option - Direct Plan,5057.8363,HDFC Mutual Fund,Debt Scheme - Money Market Fund
2023-08-14,119092,HDFC Money Market Fund - Growth Option - Direct Plan,5060.4159,HDFC Mutual Fund,Debt Scheme - Money Market Fund
2023-08-17,119092,HDFC Money Market Fund - Growth Option - Direct Plan,5062.4447,HDFC Mutual Fund,Debt Scheme - Money Market Fund
2023-08-18,119092,HDFC Money Market Fund - Growth Option - Direct Plan,5063.5186,HDFC Mutual Fund,Debt Scheme - Money Market Fund
2023-08-21,119092,HDFC Money Market Fund - Growth Option - Direct Plan,5066.7137,HDFC Mutual Fund,Debt Scheme - Money Market Fund
2023-08-22,119092,HDFC Money Market Fund - Growth Option - Direct Plan,5067.7783,HDFC Mutual Fund,Debt Scheme - Money Market Fund
2023-08-23,119092,HDFC Money Market Fund - Growth Option - Direct Plan,5068.5481,HDFC Mutual Fund,Debt Scheme - Money Market Fund
2023-08-24,119092,HDFC Money Market Fund - Growth Option - Direct Plan,5069.6703,HDFC Mutual Fund,Debt Scheme - Money Market Fund
2023-08-25,119092,HDFC Money Market Fund - Growth Option - Direct Plan,5070.6754,HDFC Mutual Fund,Debt Scheme - Money Market Fund
2023-08-28,119092,HDFC Money Market Fund - Growth Option - Direct Plan,5073.6043,HDFC Mutual Fund,Debt Scheme - Money Market Fund
2023-08-29,119092,HDFC Money Market Fund - Growth Option - Direct Plan,5074.6012,HDFC Mutual Fund,Debt Scheme - Money Market Fund
2023-08-30,119092,HDFC Money Market Fund - Growth Option - Direct Plan,5075.8053,HDFC Mutual Fund,Debt Scheme - Money Market Fund
2023-08-31,119092,HDFC Money Market Fund - Growth Option - Direct Plan,5076.7648,HDFC Mutual Fund,Debt Scheme - Money Market Fund
2023-09-01,119092,HDFC Money Market Fund - Growth Option - Direct Plan,5077.8025,HDFC Mutual Fund,Debt Scheme - Money Market Fund
2023-09-04,119092,HDFC Money Market Fund - Growth Option - Direct Plan,5080.6577,HDFC Mutual Fund,Debt Scheme - Money Market Fund
2023-09-05,119092,HDFC Money Market Fund - Growth Option - Direct Plan,5081.8207,HDFC Mutual Fund,Debt Scheme - Money Market Fund
2023-09-06,119092,HDFC Money Market Fund - Growth Option - Direct Plan,5082.772,HDFC Mutual Fund,Debt Scheme - Money Market Fund
2023-09-07,119092,HDFC Money Market Fund - Growth Option - Direct Plan,5083.722,HDFC Mutual Fund,Debt Scheme - Money Market Fund
2023-09-08,119092,HDFC Money Market Fund - Growth Option - Direct Plan,5084.7079,HDFC Mutual Fund,Debt Scheme - Money Market Fund
2023-09-11,119092,HDFC Money Market Fund - Growth Option - Direct Plan,5087.4868,HDFC Mutual Fund,Debt Scheme - Money Market Fund
2023-09-12,119092,HDFC Money Market Fund - Growth Option - Direct Plan,5088.2771,HDFC Mutual Fund,Debt Scheme - Money Market Fund
2023-09-13,119092,HDFC Money Market Fund - Growth Option - Direct Plan,5089.1732,HDFC Mutual Fund,Debt Scheme - Money Market Fund
2023-09-14,119092,HDFC Money Market Fund - Growth Option - Direct Plan,5090.1453,HDFC Mutual Fund,Debt Scheme - Money Market Fund
2023-09-15,119092,HDFC Money Market Fund - Growth Option - Direct Plan,5091.1568,HDFC Mutual Fund,Debt Scheme - Money Market Fund
2023-09-18,119092,HDFC Money Market Fund - Growth Option - Direct Plan,5093.8039,HDFC Mutual Fund,Debt Scheme - Money Market Fund
2023-09-20,119092,HDFC Money Market Fund - Growth Option - Direct Plan,5095.7244,HDFC Mutual Fund,Debt Scheme - Money Market Fund
2023-09-21,119092,HDFC Money Market Fund - Growth Option - Direct Plan,5096.3256,HDFC Mutual Fund,Debt Scheme - Money Market Fund
2023-09-22,119092,HDFC Money Market Fund - Growth Option - Direct Plan,5097.3696,HDFC Mutual Fund,Debt Scheme - Money Market Fund
2023-09-25,119092,HDFC Money Market Fund - Growth Option - Direct Plan,5100.2951,HDFC Mutual Fund,Debt Scheme - Money Market Fund
2023-09-26,119092,HDFC Money Market Fund - Growth Option - Direct Plan,5100.8639,HDFC Mutual Fund,Debt Scheme - Money Market Fund
2023-09-27,119092,HDFC Money Market Fund - Growth Option - Direct Plan,5102.1423,HDFC Mutual Fund,Debt Scheme - Money Market Fund
2023-09-29,119092,HDFC Money Market Fund - Growth Option - Direct Plan,5104.5685,HDFC Mutual Fund,Debt Scheme - Money Market Fund
2023-09-30,119092,HDFC Money Market Fund - Growth Option - Direct Plan,5105.5501,HDFC Mutual Fund,Debt Scheme - Money Market Fund
2023-10-03,119092,HDFC Money Market Fund - Growth Option - Direct Plan,5108.6726,HDFC Mutual Fund,Debt Scheme - Money Market Fund
2023-10-04,119092,HDFC Money Market Fund - Growth Option - Direct Plan,5110.153,HDFC Mutual Fund,Debt Scheme - Money Market Fund
2023-10-05,119092,HDFC Money Market Fund - Growth Option - Direct Plan,5111.21,HDFC Mutual Fund,Debt Scheme - Money Market Fund
2023-10-06,119092,HDFC Money Market Fund - Growth Option - Direct Plan,5111.5197,HDFC Mutual Fund,Debt Scheme - Money Market Fund
2023-10-09,119092,HDFC Money Market Fund - Growth Option - Direct Plan,5114.2686,HDFC Mutual Fund,Debt Scheme - Money Market Fund
2023-10-10,119092,HDFC Money Market Fund - Growth Option - Direct Plan,5115.025,HDFC Mutual Fund,Debt Scheme - Money Market Fund
2023-10-11,119092,HDFC Money Market Fund - Growth Option - Direct Plan,5116.1458,HDFC Mutual Fund,Debt Scheme - Money Market Fund
2023-10-12,119092,HDFC Money Market Fund - Growth Option - Direct Plan,5117.0745,HDFC Mutual Fund,Debt Scheme - Money Market Fund
2023-10-13,119092,HDFC Money Market Fund - Growth Option - Direct Plan,5117.9674,HDFC Mutual Fund,Debt Scheme - Money Market Fund
2023-10-16,119092,HDFC Money Market Fund - Growth Option - Direct Plan,5120.5154,HDFC Mutual Fund,Debt Scheme - Money Market Fund
2023-10-17,119092,HDFC Money Market Fund - Growth Option - Direct Plan,5121.4613,HDFC Mutual Fund,Debt Scheme - Money Market Fund
2023-10-18,119092,HDFC Money Market Fund - Growth Option - Direct Plan,5122.5565,HDFC Mutual Fund,Debt Scheme - Money Market Fund
2023-10-19,119092,HDFC Money Market Fund - Growth Option - Direct Plan,5123.2239,HDFC Mutual Fund,Debt Scheme - Money Market Fund
2023-10-20,119092,HDFC Money Market Fund - Growth Option - Direct Plan,5124.0558,HDFC Mutual Fund,Debt Scheme - Money Market Fund
2023-10-23,119092,HDFC Money Market Fund - Growth Option - Direct Plan,5126.8681,HDFC Mutual Fund,Debt Scheme - Money Market Fund
2023-10-25,119092,HDFC Money Market Fund - Growth Option - Direct Plan,5128.7631,HDFC Mutual Fund,Debt Scheme - Money Market Fund
2023-10-26,119092,HDFC Money Market Fund - Growth Option - Direct Plan,5129.78,HDFC Mutual Fund,Debt Scheme - Money Market Fund
2023-10-27,119092,HDFC Money Market Fund - Growth Option - Direct Plan,5130.8988,HDFC Mutual Fund,Debt Scheme - Money Market Fund
2023-10-30,119092,HDFC Money Market Fund - Growth Option - Direct Plan,5133.2666,HDFC Mutual Fund,Debt Scheme - Money Market Fund
2023-10-31,119092,HDFC Money Market Fund - Growth Option - Direct Plan,5134.2875,HDFC Mutual Fund,Debt Scheme - Money Market Fund
2023-11-01,119092,HDFC Money Market Fund - Growth Option - Direct Plan,5135.4541,HDFC Mutual Fund,Debt Scheme - Money Market Fund
2023-11-02,119092,HDFC Money Market Fund - Growth Option - Direct Plan,5136.4273,HDFC Mutual Fund,Debt Scheme - Money Market Fund
2023-11-03,119092,HDFC Money Market Fund - Growth Option - Direct Plan,5137.6592,HDFC Mutual Fund,Debt Scheme - Money Market Fund
2023-11-06,119092,HDFC Money Market Fund - Growth Option - Direct Plan,5140.8425,HDFC Mutual Fund,Debt Scheme - Money Market Fund
2023-11-07,119092,HDFC Money Market Fund - Growth Option - Direct Plan,5141.9136,HDFC Mutual Fund,Debt Scheme - Money Market Fund
2023-11-08,119092,HDFC Money Market Fund - Growth Option - Direct Plan,5142.8513,HDFC Mutual Fund,Debt Scheme - Money Market Fund
2023-11-09,119092,HDFC Money Market Fund - Growth Option - Direct Plan,5143.6261,HDFC Mutual Fund,Debt Scheme - Money Market Fund
2023-11-10,119092,HDFC Money Market Fund - Growth Option - Direct Plan,5144.3649,HDFC Mutual Fund,Debt Scheme - Money Market Fund
2023-11-13,119092,HDFC Money Market Fund - Growth Option - Direct Plan,5147.5146,HDFC Mutual Fund,Debt Scheme - Money Market Fund
2023-11-15,119092,HDFC Money Market Fund - Growth Option - Direct Plan,5149.5885,HDFC Mutual Fund,Debt Scheme - Money Market Fund
2023-11-16,119092,HDFC Money Market Fund - Growth Option - Direct Plan,5150.4705,HDFC Mutual Fund,Debt Scheme - Money Market Fund
2023-11-17,119092,HDFC Money Market Fund - Growth Option - Direct Plan,5151.4842,HDFC Mutual Fund,Debt Scheme - Money Market Fund
2023-11-20,119092,HDFC Money Market Fund - Growth Option - Direct Plan,5154.4694,HDFC Mutual Fund,Debt Scheme - Money Market Fund
2023-11-21,119092,HDFC Money Market Fund - Growth Option - Direct Plan,5155.3252,HDFC Mutual Fund,Debt Scheme - Money Market Fund
2023-11-22,119092,HDFC Money Market Fund - Growth Option - Direct Plan,5156.2053,HDFC Mutual Fund,Debt Scheme - Money Market Fund
2023-11-23,119092,HDFC Money Market Fund - Growth Option - Direct Plan,5157.1238,HDFC Mutual Fund,Debt Scheme - Money Market Fund
2023-11-24,119092,HDFC Money Market Fund - Growth Option - Direct Plan,5158.0903,HDFC Mutual Fund,Debt Scheme - Money Market Fund
2023-11-28,119092,HDFC Money Market Fund - Growth Option - Direct Plan,5162.1408,HDFC Mutual Fund,Debt Scheme - Money Market Fund
2023-11-29,119092,HDFC Money Market Fund - Growth Option - Direct Plan,5163.0656,HDFC Mutual Fund,Debt Scheme - Money Market Fund
2023-11-30,119092,HDFC Money Market Fund - Growth Option - Direct Plan,5163.9629,HDFC Mutual Fund,Debt Scheme - Money Market Fund
2023-12-01,119092,HDFC Money Market Fund - Growth Option - Direct Plan,5164.7124,HDFC Mutual Fund,Debt Scheme - Money Market Fund
2023-12-04,119092,HDFC Money Market Fund - Growth Option - Direct Plan,5167.6094,HDFC Mutual Fund,Debt Scheme - Money Market Fund
2023-12-05,119092,HDFC Money Market Fund - Growth Option - Direct Plan,5168.7266,HDFC Mutual Fund,Debt Scheme - Money Market Fund
2023-12-06,119092,HDFC Money Market Fund - Growth Option - Direct Plan,5169.7717,HDFC Mutual Fund,Debt Scheme - Money Market Fund
2023-12-07,119092,HDFC Money Market Fund - Growth Option - Direct Plan,5170.8441,HDFC Mutual Fund,Debt Scheme - Money Market Fund
2023-12-08,119092,HDFC Money Market Fund - Growth Option - Direct Plan,5171.7529,HDFC Mutual Fund,Debt Scheme - Money Market Fund
2023-12-11,119092,HDFC Money Market Fund - Growth Option - Direct Plan,5174.6676,HDFC Mutual Fund,Debt Scheme - Money Market Fund
2023-12-12,119092,HDFC Money Market Fund - Growth Option - Direct Plan,5175.2278,HDFC Mutual Fund,Debt Scheme - Money Market Fund
2023-12-13,119092,HDFC Money Market Fund - Growth Option - Direct Plan,5176.1125,HDFC Mutual Fund,Debt Scheme - Money Market Fund
2023-12-14,119092,HDFC Money Market Fund - Growth Option - Direct Plan,5177.1524,HDFC Mutual Fund,Debt Scheme - Money Market Fund
2023-12-15,119092,HDFC Money Market Fund - Growth Option - Direct Plan,5178.0931,HDFC Mutual Fund,Debt Scheme - Money Market Fund
2023-12-18,119092,HDFC Money Market Fund - Growth Option - Direct Plan,5180.8939,HDFC Mutual Fund,Debt Scheme - Money Market Fund
2023-12-19,119092,HDFC Money Market Fund - Growth Option - Direct Plan,5182.0673,HDFC Mutual Fund,Debt Scheme - Money Market Fund
2023-12-20,119092,HDFC Money Market Fund - Growth Option - Direct Plan,5183.1792,HDFC Mutual Fund,Debt Scheme - Money Market Fund
2023-12-21,119092,HDFC Money Market Fund - Growth Option - Direct Plan,5184.3051,HDFC Mutual Fund,Debt Scheme - Money Market Fund
2023-12-22,119092,HDFC Money Market Fund - Growth Option - Direct Plan,5185.1321,HDFC Mutual Fund,Debt Scheme - Money Market Fund
2023-12-26,119092,HDFC Money Market Fund - Growth Option - Direct Plan,5189.3786,HDFC Mutual Fund,Debt Scheme - Money Market Fund
2023-12-27,119092,HDFC Money Market Fund - Growth Option - Direct Plan,5190.1856,HDFC Mutual Fund,Debt Scheme - Money Market Fund
2023-12-28,119092,HDFC Money Market Fund - Growth Option - Direct Plan,5191.4852,HDFC Mutual Fund,Debt Scheme - Money Market Fund
2023-12-29,119092,HDFC Money Market Fund - Growth Option - Direct Plan,5193.5766,HDFC Mutual Fund,Debt Scheme - Money Market Fund
2024-01-01,119092,HDFC Money Market Fund - Growth Option - Direct Plan,5197.2106,HDFC Mutual Fund,Debt Scheme - Money Market Fund
2024-01-02,119092,HDFC Money Market Fund - Growth Option - Direct Plan,5198.237,HDFC Mutual Fund,Debt Scheme - Money Market Fund
2024-01-03,119092,HDFC Money Market Fund - Growth Option - Direct Plan,5199.3473,HDFC Mutual Fund,Debt Scheme - Money Market Fund
2024-01-04,119092,HDFC Money Market Fund - Growth Option - Direct Plan,5200.3198,HDFC Mutual Fund,Debt Scheme - Money Market Fund
2024-01-05,119092,HDFC Money Market Fund - Growth Option - Direct Plan,5201.3986,HDFC Mutual Fund,Debt Scheme - Money Market Fund
2024-01-08,119092,HDFC Money Market Fund - Growth Option - Direct Plan,5204.44,HDFC Mutual Fund,Debt Scheme - Money Market Fund
2024-01-09,119092,HDFC Money Market Fund - Growth Option - Direct Plan,5205.5933,HDFC Mutual Fund,Debt Scheme - Money Market Fund
2024-01-10,119092,HDFC Money Market Fund - Growth Option - Direct Plan,5206.6308,HDFC Mutual Fund,Debt Scheme - Money Market Fund
2024-01-11,119092,HDFC Money Market Fund - Growth Option - Direct Plan,5207.6081,HDFC Mutual Fund,Debt Scheme - Money Market Fund
2024-01-12,119092,HDFC Money Market Fund - Growth Option - Direct Plan,5208.7335,HDFC Mutual Fund,Debt Scheme - Money Market Fund
2024-01-15,119092,HDFC Money Market Fund - Growth Option - Direct Plan,5211.8996,HDFC Mutual Fund,Debt Scheme - Money Market Fund
2024-01-16,119092,HDFC Money Market Fund - Growth Option - Direct Plan,5212.6448,HDFC Mutual Fund,Debt Scheme - Money Market Fund
2024-01-17,119092,HDFC Money Market Fund - Growth Option - Direct Plan,5213.6768,HDFC Mutual Fund,Debt Scheme - Money Market Fund
2024-01-18,119092,HDFC Money Market Fund - Growth Option - Direct Plan,5214.4832,HDFC Mutual Fund,Debt Scheme - Money Market Fund
2024-01-19,119092,HDFC Money Market Fund - Growth Option - Direct Plan,5215.4828,HDFC Mutual Fund,Debt Scheme - Money Market Fund
2024-01-23,119092,HDFC Money Market Fund - Growth Option - Direct Plan,5218.8964,HDFC Mutual Fund,Debt Scheme - Money Market Fund
2024-01-24,119092,HDFC Money Market Fund - Growth Option - Direct Plan,5219.4493,HDFC Mutual Fund,Debt Scheme - Money Market Fund
2024-01-25,119092,HDFC Money Market Fund - Growth Option - Direct Plan,5220.4806,HDFC Mutual Fund,Debt Scheme - Money Market Fund
2024-01-29,119092,HDFC Money Market Fund - Growth Option - Direct Plan,5224.7227,HDFC Mutual Fund,Debt Scheme - Money Market Fund
2024-01-30,119092,HDFC Money Market Fund - Growth Option - Direct Plan,5225.6473,HDFC Mutual Fund,Debt Scheme - Money Market Fund
2024-01-31,119092,HDFC Money Market Fund - Growth Option - Direct Plan,5226.6958,HDFC Mutual Fund,Debt Scheme - Money Market Fund
2024-02-01,119092,HDFC Money Market Fund - Growth Option - Direct Plan,5227.8426,HDFC Mutual Fund,Debt Scheme - Money Market Fund
2024-02-02,119092,HDFC Money Market Fund - Growth Option - Direct Plan,5228.987,HDFC Mutual Fund,Debt Scheme - Money Market Fund
2024-02-05,119092,HDFC Money Market Fund - Growth Option - Direct Plan,5232.0589,HDFC Mutual Fund,Debt Scheme - Money Market Fund
2024-02-06,119092,HDFC Money Market Fund - Growth Option - Direct Plan,5233.0702,HDFC Mutual Fund,Debt Scheme - Money Market Fund
2024-02-07,119092,HDFC Money Market Fund - Growth Option - Direct Plan,5234.3976,HDFC Mutual Fund,Debt Scheme - Money Market Fund
2024-02-08,119092,HDFC Money Market Fund - Growth Option - Direct Plan,5235.5175,HDFC Mutual Fund,Debt Scheme - Money Market Fund
2024-02-09,119092,HDFC Money Market Fund - Growth Option - Direct Plan,5236.1159,HDFC Mutual Fund,Debt Scheme - Money Market Fund
2024-02-12,119092,HDFC Money Market Fund - Growth Option - Direct Plan,5239.0724,HDFC Mutual Fund,Debt Scheme - Money Market Fund
2024-02-13,119092,HDFC Money Market Fund - Growth Option - Direct Plan,5240.0332,HDFC Mutual Fund,Debt Scheme - Money Market Fund
2024-02-14,119092,HDFC Money Market Fund - Growth Option - Direct Plan,5241.2555,HDFC Mutual Fund,Debt Scheme - Money Market Fund
2024-02-15,119092,HDFC Money Market Fund - Growth Option - Direct Plan,5242.6289,HDFC Mutual Fund,Debt Scheme - Money Market Fund
2024-02-16,119092,HDFC Money Market Fund - Growth Option - Direct Plan,5244.0761,HDFC Mutual Fund,Debt Scheme - Money Market Fund
2024-02-20,119092,HDFC Money Market Fund - Growth Option - Direct Plan,5248.6377,HDFC Mutual Fund,Debt Scheme - Money Market Fund
2024-02-21,119092,HDFC Money Market Fund - Growth Option - Direct Plan,5250.0855,HDFC Mutual Fund,Debt Scheme - Money Market Fund
2024-02-22,119092,HDFC Money Market Fund - Growth Option - Direct Plan,5252.4138,HDFC Mutual Fund,Debt Scheme - Money Market Fund
2024-02-23,119092,HDFC Money Market Fund - Growth Option - Direct Plan,5253.4712,HDFC Mutual Fund,Debt Scheme - Money Market Fund
2024-02-26,119092,HDFC Money Market Fund - Growth Option - Direct Plan,5256.6,HDFC Mutual Fund,Debt Scheme - Money Market Fund
2024-02-27,119092,HDFC Money Market Fund - Growth Option - Direct Plan,5257.5008,HDFC Mutual Fund,Debt Scheme - Money Market Fund
2024-02-28,119092,HDFC Money Market Fund - Growth Option - Direct Plan,5259.1081,HDFC Mutual Fund,Debt Scheme - Money Market Fund
2024-02-29,119092,HDFC Money Market Fund - Growth Option - Direct Plan,5260.251,HDFC Mutual Fund,Debt Scheme - Money Market Fund
2024-03-01,119092,HDFC Money Market Fund - Growth Option - Direct Plan,5261.5919,HDFC Mutual Fund,Debt Scheme - Money Market Fund
2024-03-04,119092,HDFC Money Market Fund - Growth Option - Direct Plan,5265.3638,HDFC Mutual Fund,Debt Scheme - Money Market Fund
2024-03-05,119092,HDFC Money Market Fund - Growth Option - Direct Plan,5266.8776,HDFC Mutual Fund,Debt Scheme - Money Market Fund
2024-03-06,119092,HDFC Money Market Fund - Growth Option - Direct Plan,5268.4947,HDFC Mutual Fund,Debt Scheme - Money Market Fund
2024-03-07,119092,HDFC Money Market Fund - Growth Option - Direct Plan,5269.8128,HDFC Mutual Fund,Debt Scheme - Money Market Fund
2024-03-11,119092,HDFC Money Market Fund - Growth Option - Direct Plan,5274.1498,HDFC Mutual Fund,Debt Scheme - Money Market Fund
2024-03-12,119092,HDFC Money Market Fund - Growth Option - Direct Plan,5275.5439,HDFC Mutual Fund,Debt Scheme - Money Market Fund
2024-03-13,119092,HDFC Money Market Fund - Growth Option - Direct Plan,5276.9295,HDFC Mutual Fund,Debt Scheme - Money Market Fund
2024-03-14,119092,HDFC Money Market Fund - Growth Option - Direct Plan,5277.4985,HDFC Mutual Fund,Debt Scheme - Money Market Fund
2024-03-15,119092,HDFC Money Market Fund - Growth Option - Direct Plan,5278.4609,HDFC Mutual Fund,Debt Scheme - Money Market Fund
2024-03-18,119092,HDFC Money Market Fund - Growth Option - Direct Plan,5282.1891,HDFC Mutual Fund,Debt Scheme - Money Market Fund
2024-03-19,119092,HDFC Money Market Fund - Growth Option - Direct Plan,5283.2986,HDFC Mutual Fund,Debt Scheme - Money Market Fund
2024-03-20,119092,HDFC Money Market Fund - Growth Option - Direct Plan,5284.6048,HDFC Mutual Fund,Debt Scheme - Money Market Fund
2024-03-21,119092,HDFC Money Market Fund - Growth Option - Direct Plan,5285.8535,HDFC Mutual Fund,Debt Scheme - Money Market Fund
2024-03-22,119092,HDFC Money Market Fund - Growth Option - Direct Plan,5286.4682,HDFC Mutual Fund,Debt Scheme - Money Market Fund
2024-03-26,119092,HDFC Money Market Fund - Growth Option - Direct Plan,5289.8511,HDFC Mutual Fund,Debt Scheme - Money Market Fund
2024-03-27,119092,HDFC Money Market Fund - Growth Option - Direct Plan,5290.4767,HDFC Mutual Fund,Debt Scheme - Money Market Fund
2024-03-28,119092,HDFC Money Market Fund - Growth Option - Direct Plan,5297.0087,HDFC Mutual Fund,Debt Scheme - Money Market Fund
2024-03-31,119092,HDFC Money Market Fund - Growth Option - Direct Plan,5300.0371,HDFC Mutual Fund,Debt Scheme - Money Market Fund
2024-04-02,119092,HDFC Money Market Fund - Growth Option - Direct Plan,5304.0112,HDFC Mutual Fund,Debt Scheme - Money Market Fund
2024-04-03,119092,HDFC Money Market Fund - Growth Option - Direct Plan,5304.7841,HDFC Mutual Fund,Debt Scheme - Money Market Fund
2024-04-04,119092,HDFC Money Market Fund - Growth Option - Direct Plan,5306.7555,HDFC Mutual Fund,Debt Scheme - Money Market Fund
2024-04-05,119092,HDFC Money Market Fund - Growth Option - Direct Plan,5308.5645,HDFC Mutual Fund,Debt Scheme - Money Market Fund
2024-04-08,119092,HDFC Money Market Fund - Growth Option - Direct Plan,5311.3856,HDFC Mutual Fund,Debt Scheme - Money Market Fund
2024-04-10,119092,HDFC Money Market Fund - Growth Option - Direct Plan,5315.0084,HDFC Mutual Fund,Debt Scheme - Money Market Fund
2024-04-12,119092,HDFC Money Market Fund - Growth Option - Direct Plan,5317.4247,HDFC Mutual Fund,Debt Scheme - Money Market Fund
2024-04-15,119092,HDFC Money Market Fund - Growth Option - Direct Plan,5320.2438,HDFC Mutual Fund,Debt Scheme - Money Market Fund
2024-04-16,119092,HDFC Money Market Fund - Growth Option - Direct Plan,5321.3584,HDFC Mutual Fund,Debt Scheme - Money Market Fund
2024-04-18,119092,HDFC Money Market Fund - Growth Option - Direct Plan,5322.9549,HDFC Mutual Fund,Debt Scheme - Money Market Fund
2024-04-19,119092,HDFC Money Market Fund - Growth Option - Direct Plan,5323.488,HDFC Mutual Fund,Debt Scheme - Money Market Fund
2024-04-22,119092,HDFC Money Market Fund - Growth Option - Direct Plan,5326.3075,HDFC Mutual Fund,Debt Scheme - Money Market Fund
2024-04-23,119092,HDFC Money Market Fund - Growth Option - Direct Plan,5327.986,HDFC Mutual Fund,Debt Scheme - Money Market Fund
2024-04-24,119092,HDFC Money Market Fund - Growth Option - Direct Plan,5328.1588,HDFC Mutual Fund,Debt Scheme - Money Market Fund
2024-04-25,119092,HDFC Money Market Fund - Growth Option - Direct Plan,5328.7384,HDFC Mutual Fund,Debt Scheme - Money Market Fund
2024-04-26,119092,HDFC Money Market Fund - Growth Option - Direct Plan,5329.7189,HDFC Mutual Fund,Debt Scheme - Money Market Fund
2024-04-29,119092,HDFC Money Market Fund - Growth Option - Direct Plan,5331.6499,HDFC Mutual Fund,Debt Scheme - Money Market Fund
2024-04-30,119092,HDFC Money Market Fund - Growth Option - Direct Plan,5332.5376,HDFC Mutual Fund,Debt Scheme - Money Market Fund
2024-05-02,119092,HDFC Money Market Fund - Growth Option - Direct Plan,5334.9028,HDFC Mutual Fund,Debt Scheme - Money Market Fund
2024-05-03,119092,HDFC Money Market Fund - Growth Option - Direct Plan,5336.1567,HDFC Mutual Fund,Debt Scheme - Money Market Fund
2024-05-06,119092,HDFC Money Market Fund - Growth Option - Direct Plan,5339.654,HDFC Mutual Fund,Debt Scheme - Money Market Fund
2024-05-07,119092,HDFC Money Market Fund - Growth Option - Direct Plan,5341.0415,HDFC Mutual Fund,Debt Scheme - Money Market Fund
2024-05-08,119092,HDFC Money Market Fund - Growth Option - Direct Plan,5341.9087,HDFC Mutual Fund,Debt Scheme - Money Market Fund
2024-05-09,119092,HDFC Money Market Fund - Growth Option - Direct Plan,5342.3428,HDFC Mutual Fund,Debt Scheme - Money Market Fund
2024-05-10,119092,HDFC Money Market Fund - Growth Option - Direct Plan,5342.7724,HDFC Mutual Fund,Debt Scheme - Money Market Fund
2024-05-13,119092,HDFC Money Market Fund - Growth Option - Direct Plan,5346.0212,HDFC Mutual Fund,Debt Scheme - Money Market Fund
2024-05-14,119092,HDFC Money Market Fund - Growth Option - Direct Plan,5347.522,HDFC Mutual Fund,Debt Scheme - Money Market Fund
2024-05-15,119092,HDFC Money Market Fund - Growth Option - Direct Plan,5348.7106,HDFC Mutual Fund,Debt Scheme - Money Market Fund
2024-05-16,119092,HDFC Money Market Fund - Growth Option - Direct Plan,5349.5038,HDFC Mutual Fund,Debt Scheme - Money Market Fund
2024-05-17,119092,HDFC Money Market Fund - Growth Option - Direct Plan,5350.4153,HDFC Mutual Fund,Debt Scheme - Money Market Fund
2024-05-21,119092,HDFC Money Market Fund - Growth Option - Direct Plan,5355.2502,HDFC Mutual Fund,Debt Scheme - Money Market Fund
2024-05-22,119092,HDFC Money Market Fund - Growth Option - Direct Plan,5356.3608,HDFC Mutual Fund,Debt Scheme - Money Market Fund
2024-05-24,119092,HDFC Money Market Fund - Growth Option - Direct Plan,5358.5147,HDFC Mutual Fund,Debt Scheme - Money Market Fund
2024-05-27,119092,HDFC Money Market Fund - Growth Option - Direct Plan,5361.4316,HDFC Mutual Fund,Debt Scheme - Money Market Fund
2024-05-28,119092,HDFC Money Market Fund - Growth Option - Direct Plan,5362.1042,HDFC Mutual Fund,Debt Scheme - Money Market Fund
2024-05-29,119092,HDFC Money Market Fund - Growth Option - Direct Plan,5363.2902,HDFC Mutual Fund,Debt Scheme - Money Market Fund
2024-05-30,119092,HDFC Money Market Fund - Growth Option - Direct Plan,5364.7137,HDFC Mutual Fund,Debt Scheme - Money Market Fund
2024-05-31,119092,HDFC Money Market Fund - Growth Option - Direct Plan,5365.8097,HDFC Mutual Fund,Debt Scheme - Money Market Fund
2024-06-03,119092,HDFC Money Market Fund - Growth Option - Direct Plan,5369.1209,HDFC Mutual Fund,Debt Scheme - Money Market Fund
2024-06-04,119092,HDFC Money Market Fund - Growth Option - Direct Plan,5369.0379,HDFC Mutual Fund,Debt Scheme - Money Market Fund
2024-06-05,119092,HDFC Money Market Fund - Growth Option - Direct Plan,5369.9555,HDFC Mutual Fund,Debt Scheme - Money Market Fund
2024-06-06,119092,HDFC Money Market Fund - Growth Option - Direct Plan,5371.2112,HDFC Mutual Fund,Debt Scheme - Money Market Fund
2024-06-07,119092,HDFC Money Market Fund - Growth Option - Direct Plan,5372.2291,HDFC Mutual Fund,Debt Scheme - Money Market Fund
2024-06-10,119092,HDFC Money Market Fund - Growth Option - Direct Plan,5375.5307,HDFC Mutual Fund,Debt Scheme - Money Market Fund
2024-06-11,119092,HDFC Money Market Fund - Growth Option - Direct Plan,5377.1007,HDFC Mutual Fund,Debt Scheme - Money Market Fund
2024-06-12,119092,HDFC Money Market Fund - Growth Option - Direct Plan,5378.4232,HDFC Mutual Fund,Debt Scheme - Money Market Fund
2024-06-13,119092,HDFC Money Market Fund - Growth Option - Direct Plan,5379.5388,HDFC Mutual Fund,Debt Scheme - Money Market Fund
2024-06-14,119092,HDFC Money Market Fund - Growth Option - Direct Plan,5380.5567,HDFC Mutual Fund,Debt Scheme - Money Market Fund
2024-06-18,119092,HDFC Money Market Fund - Growth Option - Direct Plan,5384.8341,HDFC Mutual Fund,Debt Scheme - Money Market Fund
2024-06-19,119092,HDFC Money Market Fund - Growth Option - Direct Plan,5386.0054,HDFC Mutual Fund,Debt Scheme - Money Market Fund
2024-06-20,119092,HDFC Money Market Fund - Growth Option - Direct Plan,5387.3667,HDFC Mutual Fund,Debt Scheme - Money Market Fund
2024-06-21,119092,HDFC Money Market Fund - Growth Option - Direct Plan,5388.5437,HDFC Mutual Fund,Debt Scheme - Money Market Fund
2024-06-24,119092,HDFC Money Market Fund - Growth Option - Direct Plan,5391.5451,HDFC Mutual Fund,Debt Scheme - Money Market Fund
2024-06-25,119092,HDFC Money Market Fund - Growth Option - Direct Plan,5392.2884,HDFC Mutual Fund,Debt Scheme - Money Market Fund
2024-06-26,119092,HDFC Money Market Fund - Growth Option - Direct Plan,5392.8702,HDFC Mutual Fund,Debt Scheme - Money Market Fund
2024-06-27,119092,HDFC Money Market Fund - Growth Option - Direct Plan,5393.747,HDFC Mutual Fund,Debt Scheme - Money Market Fund
2024-06-28,119092,HDFC Money Market Fund - Growth Option - Direct Plan,5395.8631,HDFC Mutual Fund,Debt Scheme - Money Market Fund
2024-07-01,119092,HDFC Money Market Fund - Growth Option - Direct Plan,5399.8431,HDFC Mutual Fund,Debt Scheme - Money Market Fund
2024-07-02,119092,HDFC Money Market Fund - Growth Option - Direct Plan,5402.0965,HDFC Mutual Fund,Debt Scheme - Money Market Fund
2024-07-03,119092,HDFC Money Market Fund - Growth Option - Direct Plan,5403.6893,HDFC Mutual Fund,Debt Scheme - Money Market Fund
2024-07-04,119092,HDFC Money Market Fund - Growth Option - Direct Plan,5404.8862,HDFC Mutual Fund,Debt Scheme - Money Market Fund
2024-07-05,119092,HDFC Money Market Fund - Growth Option - Direct Plan,5405.9933,HDFC Mutual Fund,Debt Scheme - Money Market Fund
2024-07-08,119092,HDFC Money Market Fund - Growth Option - Direct Plan,5408.9972,HDFC Mutual Fund,Debt Scheme - Money Market Fund
2024-07-09,119092,HDFC Money Market Fund - Growth Option - Direct Plan,5410.0477,HDFC Mutual Fund,Debt Scheme - Money Market Fund
2024-07-10,119092,HDFC Money Market Fund - Growth Option - Direct Plan,5411.1036,HDFC Mutual Fund,Debt Scheme - Money Market Fund
2024-07-11,119092,HDFC Money Market Fund - Growth Option - Direct Plan,5412.4014,HDFC Mutual Fund,Debt Scheme - Money Market Fund
2024-07-12,119092,HDFC Money Market Fund - Growth Option - Direct Plan,5413.3353,HDFC Mutual Fund,Debt Scheme - Money Market Fund
2024-07-15,119092,HDFC Money Market Fund - Growth Option - Direct Plan,5416.6718,HDFC Mutual Fund,Debt Scheme - Money Market Fund
2024-07-16,119092,HDFC Money Market Fund - Growth Option - Direct Plan,5417.6751,HDFC Mutual Fund,Debt Scheme - Money Market Fund
2024-07-18,119092,HDFC Money Market Fund - Growth Option - Direct Plan,5419.9047,HDFC Mutual Fund,Debt Scheme - Money Market Fund
2024-07-19,119092,HDFC Money Market Fund - Growth Option - Direct Plan,5421.0041,HDFC Mutual Fund,Debt Scheme - Money Market Fund
2024-07-22,119092,HDFC Money Market Fund - Growth Option - Direct Plan,5424.1728,HDFC Mutual Fund,Debt Scheme - Money Market Fund
2024-07-23,119092,HDFC Money Market Fund - Growth Option - Direct Plan,5425.4758,HDFC Mutual Fund,Debt Scheme - Money Market Fund
2024-07-24,119092,HDFC Money Market Fund - Growth Option - Direct Plan,5426.637,HDFC Mutual Fund,Debt Scheme - Money Market Fund
2024-07-25,119092,HDFC Money Market Fund - Growth Option - Direct Plan,5427.5873,HDFC Mutual Fund,Debt Scheme - Money Market Fund
2024-07-26,119092,HDFC Money Market Fund - Growth Option - Direct Plan,5428.5956,HDFC Mutual Fund,Debt Scheme - Money Market Fund
2024-07-29,119092,HDFC Money Market Fund - Growth Option - Direct Plan,5431.7904,HDFC Mutual Fund,Debt Scheme - Money Market Fund
2024-07-30,119092,HDFC Money Market Fund - Growth Option - Direct Plan,5432.772,HDFC Mutual Fund,Debt Scheme - Money Market Fund
2024-07-31,119092,HDFC Money Market Fund - Growth Option - Direct Plan,5433.6933,HDFC Mutual Fund,Debt Scheme - Money Market Fund
2024-08-01,119092,HDFC Money Market Fund - Growth Option - Direct Plan,5434.8589,HDFC Mutual Fund,Debt Scheme - Money Market Fund
2024-08-02,119092,HDFC Money Market Fund - Growth Option - Direct Plan,5435.8684,HDFC Mutual Fund,Debt Scheme - Money Market Fund
2024-08-05,119092,HDFC Money Market Fund - Growth Option - Direct Plan,5439.0651,HDFC Mutual Fund,Debt Scheme - Money Market Fund
2024-08-06,119092,HDFC Money Market Fund - Growth Option - Direct Plan,5439.9349,HDFC Mutual Fund,Debt Scheme - Money Market Fund
2024-08-07,119092,HDFC Money Market Fund - Growth Option - Direct Plan,5441.0345,HDFC Mutual Fund,Debt Scheme - Money Market Fund
2024-08-08,119092,HDFC Money Market Fund - Growth Option - Direct Plan,5441.9641,HDFC Mutual Fund,Debt Scheme - Money Market Fund
2024-08-09,119092,HDFC Money Market Fund - Growth Option - Direct Plan,5442.9315,HDFC Mutual Fund,Debt Scheme - Money Market Fund
2024-08-12,119092,HDFC Money Market Fund - Growth Option - Direct Plan,5445.8783,HDFC Mutual Fund,Debt Scheme - Money Market Fund
2024-08-13,119092,HDFC Money Market Fund - Growth Option - Direct Plan,5446.294,HDFC Mutual Fund,Debt Scheme - Money Market Fund
2024-08-14,119092,HDFC Money Market Fund - Growth Option - Direct Plan,5447.357,HDFC Mutual Fund,Debt Scheme - Money Market Fund
2024-08-16,119092,HDFC Money Market Fund - Growth Option - Direct Plan,5449.5862,HDFC Mutual Fund,Debt Scheme - Money Market Fund
2024-08-19,119092,HDFC Money Market Fund - Growth Option - Direct Plan,5452.8782,HDFC Mutual Fund,Debt Scheme - Money Market Fund
2024-08-20,119092,HDFC Money Market Fund - Growth Option - Direct Plan,5454.3508,HDFC Mutual Fund,Debt Scheme - Money Market Fund
2024-08-21,119092,HDFC Money Market Fund - Growth Option - Direct Plan,5455.8625,HDFC Mutual Fund,Debt Scheme - Money Market Fund
2024-08-22,119092,HDFC Money Market Fund - Growth Option - Direct Plan,5457.1012,HDFC Mutual Fund,Debt Scheme - Money Market Fund
2024-08-23,119092,HDFC Money Market Fund - Growth Option - Direct Plan,5458.18,HDFC Mutual Fund,Debt Scheme - Money Market Fund
2024-08-26,119092,HDFC Money Market Fund - Growth Option - Direct Plan,5461.0959,HDFC Mutual Fund,Debt Scheme - Money Market Fund
2024-08-27,119092,HDFC Money Market Fund - Growth Option - Direct Plan,5461.7292,HDFC Mutual Fund,Debt Scheme - Money Market Fund
2024-08-28,119092,HDFC Money Market Fund - Growth Option - Direct Plan,5462.7689,HDFC Mutual Fund,Debt Scheme - Money Market Fund
2024-08-29,119092,HDFC Money Market Fund - Growth Option - Direct Plan,5463.5324,HDFC Mutual Fund,Debt Scheme - Money Market Fund
2024-08-30,119092,HDFC Money Market Fund - Growth Option - Direct Plan,5464.4471,HDFC Mutual Fund,Debt Scheme - Money Market Fund
2024-09-02,119092,HDFC Money Market Fund - Growth Option - Direct Plan,5467.6346,HDFC Mutual Fund,Debt Scheme - Money Market Fund
2024-09-03,119092,HDFC Money Market Fund - Growth Option - Direct Plan,5468.8173,HDFC Mutual Fund,Debt Scheme - Money Market Fund
2024-09-04,119092,HDFC Money Market Fund - Growth Option - Direct Plan,5469.7871,HDFC Mutual Fund,Debt Scheme - Money Market Fund
2024-09-05,119092,HDFC Money Market Fund - Growth Option - Direct Plan,5470.9194,HDFC Mutual Fund,Debt Scheme - Money Market Fund
2024-09-06,119092,HDFC Money Market Fund - Growth Option - Direct Plan,5471.7431,HDFC Mutual Fund,Debt Scheme - Money Market Fund
2024-09-09,119092,HDFC Money Market Fund - Growth Option - Direct Plan,5475.0575,HDFC Mutual Fund,Debt Scheme - Money Market Fund
2024-09-10,119092,HDFC Money Market Fund - Growth Option - Direct Plan,5475.9756,HDFC Mutual Fund,Debt Scheme - Money Market Fund
2024-09-11,119092,HDFC Money Market Fund - Growth Option - Direct Plan,5477.0398,HDFC Mutual Fund,Debt Scheme - Money Market Fund
2024-09-12,119092,HDFC Money Market Fund - Growth Option - Direct Plan,5477.9222,HDFC Mutual Fund,Debt Scheme - Money Market Fund
2024-09-13,119092,HDFC Money Market Fund - Growth Option - Direct Plan,5479.344,HDFC Mutual Fund,Debt Scheme - Money Market Fund
2024-09-16,119092,HDFC Money Market Fund - Growth Option - Direct Plan,5482.4736,HDFC Mutual Fund,Debt Scheme - Money Market Fund
2024-09-17,119092,HDFC Money Market Fund - Growth Option - Direct Plan,5483.7926,HDFC Mutual Fund,Debt Scheme - Money Market Fund
2024-09-19,119092,HDFC Money Market Fund - Growth Option - Direct Plan,5486.1019,HDFC Mutual Fund,Debt Scheme - Money Market Fund
2024-09-20,119092,HDFC Money Market Fund - Growth Option - Direct Plan,5487.3347,HDFC Mutual Fund,Debt Scheme - Money Market Fund
2024-09-23,119092,HDFC Money Market Fund - Growth Option - Direct Plan,5490.5892,HDFC Mutual Fund,Debt Scheme - Money Market Fund
2024-09-24,119092,HDFC Money Market Fund - Growth Option - Direct Plan,5491.7099,HDFC Mutual Fund,Debt Scheme - Money Market Fund
2024-09-25,119092,HDFC Money Market Fund - Growth Option - Direct Plan,5492.655,HDFC Mutual Fund,Debt Scheme - Money Market Fund
2024-09-26,119092,HDFC Money Market Fund - Growth Option - Direct Plan,5493.8571,HDFC Mutual Fund,Debt Scheme - Money Market Fund
2024-09-27,119092,HDFC Money Market Fund - Growth Option - Direct Plan,5495.2936,HDFC Mutual Fund,Debt Scheme - Money Market Fund
2024-09-30,119092,HDFC Money Market Fund - Growth Option - Direct Plan,5500.7013,HDFC Mutual Fund,Debt Scheme - Money Market Fund
2024-10-01,119092,HDFC Money Market Fund - Growth Option - Direct Plan,5501.9906,HDFC Mutual Fund,Debt Scheme - Money Market Fund
2024-10-03,119092,HDFC Money Market Fund - Growth Option - Direct Plan,5504.5299,HDFC Mutual Fund,Debt Scheme - Money Market Fund
2024-10-04,119092,HDFC Money Market Fund - Growth Option - Direct Plan,5506.0251,HDFC Mutual Fund,Debt Scheme - Money Market Fund
2024-10-07,119092,HDFC Money Market Fund - Growth Option - Direct Plan,5509.299,HDFC Mutual Fund,Debt Scheme - Money Market Fund
2024-10-08,119092,HDFC Money Market Fund - Growth Option - Direct Plan,5510.3208,HDFC Mutual Fund,Debt Scheme - Money Market Fund
2024-10-09,119092,HDFC Money Market Fund - Growth Option - Direct Plan,5511.8431,HDFC Mutual Fund,Debt Scheme - Money Market Fund
2024-10-10,119092,HDFC Money Market Fund - Growth Option - Direct Plan,5512.9468,HDFC Mutual Fund,Debt Scheme - Money Market Fund
2024-10-11,119092,HDFC Money Market Fund - Growth Option - Direct Plan,5514.3907,HDFC Mutual Fund,Debt Scheme - Money Market Fund
2024-10-14,119092,HDFC Money Market Fund - Growth Option - Direct Plan,5517.3612,HDFC Mutual Fund,Debt Scheme - Money Market Fund
2024-10-15,119092,HDFC Money Market Fund - Growth Option - Direct Plan,5518.1759,HDFC Mutual Fund,Debt Scheme - Money Market Fund
2024-10-16,119092,HDFC Money Market Fund - Growth Option - Direct Plan,5519.2375,HDFC Mutual Fund,Debt Scheme - Money Market Fund
2024-10-17,119092,HDFC Money Market Fund - Growth Option - Direct Plan,5520.2522,HDFC Mutual Fund,Debt Scheme - Money Market Fund
2024-10-18,119092,HDFC Money Market Fund - Growth Option - Direct Plan,5521.333,HDFC Mutual Fund,Debt Scheme - Money Market Fund
2024-10-21,119092,HDFC Money Market Fund - Growth Option - Direct Plan,5524.1631,HDFC Mutual Fund,Debt Scheme - Money Market Fund
2024-10-22,119092,HDFC Money Market Fund - Growth Option - Direct Plan,5525.1776,HDFC Mutual Fund,Debt Scheme - Money Market Fund
2024-10-23,119092,HDFC Money Market Fund - Growth Option - Direct Plan,5526.2009,HDFC Mutual Fund,Debt Scheme - Money Market Fund
2024-10-24,119092,HDFC Money Market Fund - Growth Option - Direct Plan,5527.3884,HDFC Mutual Fund,Debt Scheme - Money Market Fund
2024-10-25,119092,HDFC Money Market Fund - Growth Option - Direct Plan,5528.4234,HDFC Mutual Fund,Debt Scheme - Money Market Fund
2024-10-28,119092,HDFC Money Market Fund - Growth Option - Direct Plan,5531.4854,HDFC Mutual Fund,Debt Scheme - Money Market Fund
2024-10-29,119092,HDFC Money Market Fund - Growth Option - Direct Plan,5532.5972,HDFC Mutual Fund,Debt Scheme - Money Market Fund
2024-10-30,119092,HDFC Money Market Fund - Growth Option - Direct Plan,5533.6549,HDFC Mutual Fund,Debt Scheme - Money Market Fund
2024-10-31,119092,HDFC Money Market Fund - Growth Option - Direct Plan,5535.049,HDFC Mutual Fund,Debt Scheme - Money Market Fund
2024-11-04,119092,HDFC Money Market Fund - Growth Option - Direct Plan,5539.5214,HDFC Mutual Fund,Debt Scheme - Money Market Fund
2024-11-05,119092,HDFC Money Market Fund - Growth Option - Direct Plan,5540.8795,HDFC Mutual Fund,Debt Scheme - Money Market Fund
2024-11-06,119092,HDFC Money Market Fund - Growth Option - Direct Plan,5541.99,HDFC Mutual Fund,Debt Scheme - Money Market Fund
2024-11-07,119092,HDFC Money Market Fund - Growth Option - Direct Plan,5543.2316,HDFC Mutual Fund,Debt Scheme - Money Market Fund
2024-11-08,119092,HDFC Money Market Fund - Growth Option - Direct Plan,5544.3048,HDFC Mutual Fund,Debt Scheme - Money Market Fund
2024-11-11,119092,HDFC Money Market Fund - Growth Option - Direct Plan,5547.5341,HDFC Mutual Fund,Debt Scheme - Money Market Fund
2024-11-12,119092,HDFC Money Market Fund - Growth Option - Direct Plan,5548.5622,HDFC Mutual Fund,Debt Scheme - Money Market Fund
2024-11-13,119092,HDFC Money Market Fund - Growth Option - Direct Plan,5549.7643,HDFC Mutual Fund,Debt Scheme - Money Market Fund
2024-11-14,119092,HDFC Money Market Fund - Growth Option - Direct Plan,5550.9097,HDFC Mutual Fund,Debt Scheme - Money Market Fund
2024-11-18,119092,HDFC Money Market Fund - Growth Option - Direct Plan,5555.0635,HDFC Mutual Fund,Debt Scheme - Money Market Fund
2024-11-19,119092,HDFC Money Market Fund - Growth Option - Direct Plan,5556.1305,HDFC Mutual Fund,Debt Scheme - Money Market Fund
2024-11-21,119092,HDFC Money Market Fund - Growth Option - Direct Plan,5557.9843,HDFC Mutual Fund,Debt Scheme - Money Market Fund
2024-11-22,119092,HDFC Money Market Fund - Growth Option - Direct Plan,5559.0282,HDFC Mutual Fund,Debt Scheme - Money Market Fund
2024-11-25,119092,HDFC Money Market Fund - Growth Option - Direct Plan,5562.2563,HDFC Mutual Fund,Debt Scheme - Money Market Fund
2024-11-26,119092,HDFC Money Market Fund - Growth Option - Direct Plan,5563.3251,HDFC Mutual Fund,Debt Scheme - Money Market Fund
2024-11-27,119092,HDFC Money Market Fund - Growth Option - Direct Plan,5564.3652,HDFC Mutual Fund,Debt Scheme - Money Market Fund
2024-11-28,119092,HDFC Money Market Fund - Growth Option - Direct Plan,5565.3431,HDFC Mutual Fund,Debt Scheme - Money Market Fund
2024-11-29,119092,HDFC Money Market Fund - Growth Option - Direct Plan,5566.4874,HDFC Mutual Fund,Debt Scheme - Money Market Fund
2024-12-02,119092,HDFC Money Market Fund - Growth Option - Direct Plan,5569.9305,HDFC Mutual Fund,Debt Scheme - Money Market Fund
2024-12-03,119092,HDFC Money Market Fund - Growth Option - Direct Plan,5570.896,HDFC Mutual Fund,Debt Scheme - Money Market Fund
2024-12-04,119092,HDFC Money Market Fund - Growth Option - Direct Plan,5572.0927,HDFC Mutual Fund,Debt Scheme - Money Market Fund
2024-12-05,119092,HDFC Money Market Fund - Growth Option - Direct Plan,5573.6012,HDFC Mutual Fund,Debt Scheme - Money Market Fund
2024-12-06,119092,HDFC Money Market Fund - Growth Option - Direct Plan,5575.0097,HDFC Mutual Fund,Debt Scheme - Money Market Fund
2024-12-09,119092,HDFC Money Market Fund - Growth Option - Direct Plan,5578.25,HDFC Mutual Fund,Debt Scheme - Money Market Fund
2024-12-10,119092,HDFC Money Market Fund - Growth Option - Direct Plan,5579.1651,HDFC Mutual Fund,Debt Scheme - Money Market Fund
2024-12-11,119092,HDFC Money Market Fund - Growth Option - Direct Plan,5580.1419,HDFC Mutual Fund,Debt Scheme - Money Market Fund
2024-12-12,119092,HDFC Money Market Fund - Growth Option - Direct Plan,5580.6696,HDFC Mutual Fund,Debt Scheme - Money Market Fund
2024-12-13,119092,HDFC Money Market Fund - Growth Option - Direct Plan,5580.9232,HDFC Mutual Fund,Debt Scheme - Money Market Fund
2024-12-16,119092,HDFC Money Market Fund - Growth Option - Direct Plan,5584.4671,HDFC Mutual Fund,Debt Scheme - Money Market Fund
2024-12-17,119092,HDFC Money Market Fund - Growth Option - Direct Plan,5585.572,HDFC Mutual Fund,Debt Scheme - Money Market Fund
2024-12-18,119092,HDFC Money Market Fund - Growth Option - Direct Plan,5586.4179,HDFC Mutual Fund,Debt Scheme - Money Market Fund
2024-12-19,119092,HDFC Money Market Fund - Growth Option - Direct Plan,5587.01,HDFC Mutual Fund,Debt Scheme - Money Market Fund
2024-12-20,119092,HDFC Money Market Fund - Growth Option - Direct Plan,5588.072,HDFC Mutual Fund,Debt Scheme - Money Market Fund
2024-12-23,119092,HDFC Money Market Fund - Growth Option - Direct Plan,5590.4471,HDFC Mutual Fund,Debt Scheme - Money Market Fund
2024-12-24,119092,HDFC Money Market Fund - Growth Option - Direct Plan,5590.9435,HDFC Mutual Fund,Debt Scheme - Money Market Fund
2024-12-26,119092,HDFC Money Market Fund - Growth Option - Direct Plan,5592.9244,HDFC Mutual Fund,Debt Scheme - Money Market Fund
2024-12-27,119092,HDFC Money Market Fund - Growth Option - Direct Plan,5594.0951,HDFC Mutual Fund,Debt Scheme - Money Market Fund
2024-12-30,119092,HDFC Money Market Fund - Growth Option - Direct Plan,5597.3384,HDFC Mutual Fund,Debt Scheme - Money Market Fund
2024-12-31,119092,HDFC Money Market Fund - Growth Option - Direct Plan,5600.5771,HDFC Mutual Fund,Debt Scheme - Money Market Fund
2025-01-01,119092,HDFC Money Market Fund - Growth Option - Direct Plan,5602.0594,HDFC Mutual Fund,Debt Scheme - Money Market Fund
2025-01-02,119092,HDFC Money Market Fund - Growth Option - Direct Plan,5603.5453,HDFC Mutual Fund,Debt Scheme - Money Market Fund
2025-01-03,119092,HDFC Money Market Fund - Growth Option - Direct Plan,5604.3724,HDFC Mutual Fund,Debt Scheme - Money Market Fund
2025-01-06,119092,HDFC Money Market Fund - Growth Option - Direct Plan,5607.5187,HDFC Mutual Fund,Debt Scheme - Money Market Fund
2025-01-07,119092,HDFC Money Market Fund - Growth Option - Direct Plan,5608.3364,HDFC Mutual Fund,Debt Scheme - Money Market Fund
2025-01-08,119092,HDFC Money Market Fund - Growth Option - Direct Plan,5608.6713,HDFC Mutual Fund,Debt Scheme - Money Market Fund
2025-01-09,119092,HDFC Money Market Fund - Growth Option - Direct Plan,5608.9131,HDFC Mutual Fund,Debt Scheme - Money Market Fund
2025-01-10,119092,HDFC Money Market Fund - Growth Option - Direct Plan,5610.3063,HDFC Mutual Fund,Debt Scheme - Money Market Fund
2025-01-13,119092,HDFC Money Market Fund - Growth Option - Direct Plan,5613.1264,HDFC Mutual Fund,Debt Scheme - Money Market Fund
2025-01-14,119092,HDFC Money Market Fund - Growth Option - Direct Plan,5613.9876,HDFC Mutual Fund,Debt Scheme - Money Market Fund
2025-01-15,119092,HDFC Money Market Fund - Growth Option - Direct Plan,5615.6509,HDFC Mutual Fund,Debt Scheme - Money Market Fund
2025-01-16,119092,HDFC Money Market Fund - Growth Option - Direct Plan,5617.329,HDFC Mutual Fund,Debt Scheme - Money Market Fund
2025-01-17,119092,HDFC Money Market Fund - Growth Option - Direct Plan,5618.584,HDFC Mutual Fund,Debt Scheme - Money Market Fund
2025-01-20,119092,HDFC Money Market Fund - Growth Option - Direct Plan,5621.8468,HDFC Mutual Fund,Debt Scheme - Money Market Fund
2025-01-21,119092,HDFC Money Market Fund - Growth Option - Direct Plan,5622.9541,HDFC Mutual Fund,Debt Scheme - Money Market Fund
2025-01-22,119092,HDFC Money Market Fund - Growth Option - Direct Plan,5623.6568,HDFC Mutual Fund,Debt Scheme - Money Market Fund
2025-01-23,119092,HDFC Money Market Fund - Growth Option - Direct Plan,5624.5255,HDFC Mutual Fund,Debt Scheme - Money Market Fund
2025-01-24,119092,HDFC Money Market Fund - Growth Option - Direct Plan,5625.5281,HDFC Mutual Fund,Debt Scheme - Money Market Fund
2025-01-27,119092,HDFC Money Market Fund - Growth Option - Direct Plan,5629.0101,HDFC Mutual Fund,Debt Scheme - Money Market Fund
2025-01-28,119092,HDFC Money Market Fund - Growth Option - Direct Plan,5630.4184,HDFC Mutual Fund,Debt Scheme - Money Market Fund
2025-01-29,119092,HDFC Money Market Fund - Growth Option - Direct Plan,5632.2632,HDFC Mutual Fund,Debt Scheme - Money Market Fund
2025-01-30,119092,HDFC Money Market Fund - Growth Option - Direct Plan,5633.6602,HDFC Mutual Fund,Debt Scheme - Money Market Fund
2025-01-31,119092,HDFC Money Market Fund - Growth Option - Direct Plan,5634.8733,HDFC Mutual Fund,Debt Scheme - Money Market Fund
2025-02-03,119092,HDFC Money Market Fund - Growth Option - Direct Plan,5638.0374,HDFC Mutual Fund,Debt Scheme - Money Market Fund
2025-02-04,119092,HDFC Money Market Fund - Growth Option - Direct Plan,5639.5493,HDFC Mutual Fund,Debt Scheme - Money Market Fund
2025-02-05,119092,HDFC Money Market Fund - Growth Option - Direct Plan,5641.2929,HDFC Mutual Fund,Debt Scheme - Money Market Fund
2025-02-06,119092,HDFC Money Market Fund - Growth Option - Direct Plan,5644.1449,HDFC Mutual Fund,Debt Scheme - Money Market Fund
2025-02-07,119092,HDFC Money Market Fund - Growth Option - Direct Plan,5644.185,HDFC Mutual Fund,Debt Scheme - Money Market Fund
2025-02-10,119092,HDFC Money Market Fund - Growth Option - Direct Plan,5646.022,HDFC Mutual Fund,Debt Scheme - Money Market Fund
2025-02-11,119092,HDFC Money Market Fund - Growth Option - Direct Plan,5647.2714,HDFC Mutual Fund,Debt Scheme - Money Market Fund
2025-02-12,119092,HDFC Money Market Fund - Growth Option - Direct Plan,5648.4814,HDFC Mutual Fund,Debt Scheme - Money Market Fund
2025-02-13,119092,HDFC Money Market Fund - Growth Option - Direct Plan,5650.1659,HDFC Mutual Fund,Debt Scheme - Money Market Fund
2025-02-14,119092,HDFC Money Market Fund - Growth Option - Direct Plan,5651.0746,HDFC Mutual Fund,Debt Scheme - Money Market Fund
2025-02-17,119092,HDFC Money Market Fund - Growth Option - Direct Plan,5654.1189,HDFC Mutual Fund,Debt Scheme - Money Market Fund
2025-02-18,119092,HDFC Money Market Fund - Growth Option - Direct Plan,5655.0607,HDFC Mutual Fund,Debt Scheme - Money Market Fund
2025-02-20,119092,HDFC Money Market Fund - Growth Option - Direct Plan,5657.2867,HDFC Mutual Fund,Debt Scheme - Money Market Fund
2025-02-21,119092,HDFC Money Market Fund - Growth Option - Direct Plan,5658.526,HDFC Mutual Fund,Debt Scheme - Money Market Fund
2025-02-24,119092,HDFC Money Market Fund - Growth Option - Direct Plan,5662.8036,HDFC Mutual Fund,Debt Scheme - Money Market Fund
2025-02-25,119092,HDFC Money Market Fund - Growth Option - Direct Plan,5663.4085,HDFC Mutual Fund,Debt Scheme - Money Market Fund
2025-02-27,119092,HDFC Money Market Fund - Growth Option - Direct Plan,5665.5035,HDFC Mutual Fund,Debt Scheme - Money Market Fund
2025-02-28,119092,HDFC Money Market Fund - Growth Option - Direct Plan,5666.3039,HDFC Mutual Fund,Debt Scheme - Money Market Fund
2025-03-03,119092,HDFC Money Market Fund - Growth Option - Direct Plan,5668.836,HDFC Mutual Fund,Debt Scheme - Money Market Fund
2025-03-04,119092,HDFC Money Market Fund - Growth Option - Direct Plan,5669.5153,HDFC Mutual Fund,Debt Scheme - Money Market Fund
2025-03-05,119092,HDFC Money Market Fund - Growth Option - Direct Plan,5669.8421,HDFC Mutual Fund,Debt Scheme - Money Market Fund
2025-03-06,119092,HDFC Money Market Fund - Growth Option - Direct Plan,5670.7057,HDFC Mutual Fund,Debt Scheme - Money Market Fund
2025-03-07,119092,HDFC Money Market Fund - Growth Option - Direct Plan,5671.5,HDFC Mutual Fund,Debt Scheme - Money Market Fund
2025-03-10,119092,HDFC Money Market Fund - Growth Option - Direct Plan,5675.2614,HDFC Mutual Fund,Debt Scheme - Money Market Fund
2025-03-11,119092,HDFC Money Market Fund - Growth Option - Direct Plan,5676.1432,HDFC Mutual Fund,Debt Scheme - Money Market Fund
2025-03-12,119092,HDFC Money Market Fund - Growth Option - Direct Plan,5677.2615,HDFC Mutual Fund,Debt Scheme - Money Market Fund
2025-03-13,119092,HDFC Money Market Fund - Growth Option - Direct Plan,5679.1086,HDFC Mutual Fund,Debt Scheme - Money Market Fund
2025-03-17,119092,HDFC Money Market Fund - Growth Option - Direct Plan,5683.8145,HDFC Mutual Fund,Debt Scheme - Money Market Fund
2025-03-18,119092,HDFC Money Market Fund - Growth Option - Direct Plan,5685.3043,HDFC Mutual Fund,Debt Scheme - Money Market Fund
2025-03-19,119092,HDFC Money Market Fund - Growth Option - Direct Plan,5687.3531,HDFC Mutual Fund,Debt Scheme - Money Market Fund
2025-03-20,119092,HDFC Money Market Fund - Growth Option - Direct Plan,5689.694,HDFC Mutual Fund,Debt Scheme - Money Market Fund
2025-03-21,119092,HDFC Money Market Fund - Growth Option - Direct Plan,5693.8851,HDFC Mutual Fund,Debt Scheme - Money Market Fund
2025-03-24,119092,HDFC Money Market Fund - Growth Option - Direct Plan,5700.1857,HDFC Mutual Fund,Debt Scheme - Money Market Fund
2025-03-25,119092,HDFC Money Market Fund - Growth Option - Direct Plan,5701.1631,HDFC Mutual Fund,Debt Scheme - Money Market Fund
2025-03-26,119092,HDFC Money Market Fund - Growth Option - Direct Plan,5704.2365,HDFC Mutual Fund,Debt Scheme - Money Market Fund
2025-03-27,119092,HDFC Money Market Fund - Growth Option - Direct Plan,5705.1533,HDFC Mutual Fund,Debt Scheme - Money Market Fund
2025-03-28,119092,HDFC Money Market Fund - Growth Option - Direct Plan,5713.7697,HDFC Mutual Fund,Debt Scheme - Money Market Fund
2025-03-31,119092,HDFC Money Market Fund - Growth Option - Direct Plan,5716.824,HDFC Mutual Fund,Debt Scheme - Money Market Fund
2025-04-02,119092,HDFC Money Market Fund - Growth Option - Direct Plan,5726.3244,HDFC Mutual Fund,Debt Scheme - Money Market Fund
2025-04-03,119092,HDFC Money Market Fund - Growth Option - Direct Plan,5730.5444,HDFC Mutual Fund,Debt Scheme - Money Market Fund
2025-04-04,119092,HDFC Money Market Fund - Growth Option - Direct Plan,5732.122,HDFC Mutual Fund,Debt Scheme - Money Market Fund
2025-04-07,119092,HDFC Money Market Fund - Growth Option - Direct Plan,5735.1937,HDFC Mutual Fund,Debt Scheme - Money Market Fund
2025-04-08,119092,HDFC Money Market Fund - Growth Option - Direct Plan,5736.6882,HDFC Mutual Fund,Debt Scheme - Money Market Fund
2025-04-09,119092,HDFC Money Market Fund - Growth Option - Direct Plan,5740.7071,HDFC Mutual Fund,Debt Scheme - Money Market Fund
2025-04-11,119092,HDFC Money Market Fund - Growth Option - Direct Plan,5744.5695,HDFC Mutual Fund,Debt Scheme - Money Market Fund
2025-04-15,119092,HDFC Money Market Fund - Growth Option - Direct Plan,5749.0705,HDFC Mutual Fund,Debt Scheme - Money Market Fund
2025-04-16,119092,HDFC Money Market Fund - Growth Option - Direct Plan,5750.2512,HDFC Mutual Fund,Debt Scheme - Money Market Fund
2025-04-17,119092,HDFC Money Market Fund - Growth Option - Direct Plan,5751.9598,HDFC Mutual Fund,Debt Scheme - Money Market Fund
2025-04-21,119092,HDFC Money Market Fund - Growth Option - Direct Plan,5758.0083,HDFC Mutual Fund,Debt Scheme - Money Market Fund
2025-04-22,119092,HDFC Money Market Fund - Growth Option - Direct Plan,5759.3888,HDFC Mutual Fund,Debt Scheme - Money Market Fund
2025-04-23,119092,HDFC Money Market Fund - Growth Option - Direct Plan,5760.6599,HDFC Mutual Fund,Debt Scheme - Money Market Fund
2025-04-24,119092,HDFC Money Market Fund - Growth Option - Direct Plan,5762.4655,HDFC Mutual Fund,Debt Scheme - Money Market Fund
2025-04-25,119092,HDFC Money Market Fund - Growth Option - Direct Plan,5762.4356,HDFC Mutual Fund,Debt Scheme - Money Market Fund
2025-04-28,119092,HDFC Money Market Fund - Growth Option - Direct Plan,5765.5012,HDFC Mutual Fund,Debt Scheme - Money Market Fund
2025-04-29,119092,HDFC Money Market Fund - Growth Option - Direct Plan,5766.6546,HDFC Mutual Fund,Debt Scheme - Money Market Fund
2025-04-30,119092,HDFC Money Market Fund - Growth Option - Direct Plan,5767.1752,HDFC Mutual Fund,Debt Scheme - Money Market Fund
2025-05-02,119092,HDFC Money Market Fund - Growth Option - Direct Plan,5769.7362,HDFC Mutual Fund,Debt Scheme - Money Market Fund
2025-05-05,119092,HDFC Money Market Fund - Growth Option - Direct Plan,5773.1211,HDFC Mutual Fund,Debt Scheme - Money Market Fund
2025-05-06,119092,HDFC Money Market Fund - Growth Option - Direct Plan,5774.9972,HDFC Mutual Fund,Debt Scheme - Money Market Fund
2025-05-07,119092,HDFC Money Market Fund - Growth Option - Direct Plan,5776.0155,HDFC Mutual Fund,Debt Scheme - Money Market Fund
2025-05-08,119092,HDFC Money Market Fund - Growth Option - Direct Plan,5774.8342,HDFC Mutual Fund,Debt Scheme - Money Market Fund
2025-05-09,119092,HDFC Money Market Fund - Growth Option - Direct Plan,5773.3156,HDFC Mutual Fund,Debt Scheme - Money Market Fund
2025-05-13,119092,HDFC Money Market Fund - Growth Option - Direct Plan,5780.0491,HDFC Mutual Fund,Debt Scheme - Money Market Fund
2025-05-14,119092,HDFC Money Market Fund - Growth Option - Direct Plan,5783.7466,HDFC Mutual Fund,Debt Scheme - Money Market Fund
2025-05-15,119092,HDFC Money Market Fund - Growth Option - Direct Plan,5784.8317,HDFC Mutual Fund,Debt Scheme - Money Market Fund
2025-05-16,119092,HDFC Money Market Fund - Growth Option - Direct Plan,5787.4816,HDFC Mutual Fund,Debt Scheme - Money Market Fund
2025-05-19,119092,HDFC Money Market Fund - Growth Option - Direct Plan,5791.2421,HDFC Mutual Fund,Debt Scheme - Money Market Fund
2025-05-20,119092,HDFC Money Market Fund - Growth Option - Direct Plan,5793.6894,HDFC Mutual Fund,Debt Scheme - Money Market Fund
2025-05-21,119092,HDFC Money Market Fund - Growth Option - Direct Plan,5795.4048,HDFC Mutual Fund,Debt Scheme - Money Market Fund
2025-05-22,119092,HDFC Money Market Fund - Growth Option - Direct Plan,5795.8073,HDFC Mutual Fund,Debt Scheme - Money Market Fund
2025-05-23,119092,HDFC Money Market Fund - Growth Option - Direct Plan,5797.5783,HDFC Mutual Fund,Debt Scheme - Money Market Fund
2025-05-26,119092,HDFC Money Market Fund - Growth Option - Direct Plan,5800.4584,HDFC Mutual Fund,Debt Scheme - Money Market Fund
2025-05-27,119092,HDFC Money Market Fund - Growth Option - Direct Plan,5801.7666,HDFC Mutual Fund,Debt Scheme - Money Market Fund
2025-05-28,119092,HDFC Money Market Fund - Growth Option - Direct Plan,5803.8799,HDFC Mutual Fund,Debt Scheme - Money Market Fund
2025-05-29,119092,HDFC Money Market Fund - Growth Option - Direct Plan,5805.6326,HDFC Mutual Fund,Debt Scheme - Money Market Fund
2025-05-30,119092,HDFC Money Market Fund - Growth Option - Direct Plan,5806.6169,HDFC Mutual Fund,Debt Scheme - Money Market Fund
2025-06-02,119092,HDFC Money Market Fund - Growth Option - Direct Plan,5810.056,HDFC Mutual Fund,Debt Scheme - Money Market Fund
2025-06-03,119092,HDFC Money Market Fund - Growth Option - Direct Plan,5812.5765,HDFC Mutual Fund,Debt Scheme - Money Market Fund
2025-06-04,119092,HDFC Money Market Fund - Growth Option - Direct Plan,5814.4359,HDFC Mutual Fund,Debt Scheme - Money Market Fund
2025-06-05,119092,HDFC Money Market Fund - Growth Option - Direct Plan,5816.4301,HDFC Mutual Fund,Debt Scheme - Money Market Fund
2025-06-06,119092,HDFC Money Market Fund - Growth Option - Direct Plan,5825.1945,HDFC Mutual Fund,Debt Scheme - Money Market Fund
2025-06-09,119092,HDFC Money Market Fund - Growth Option - Direct Plan,5829.1614,HDFC Mutual Fund,Debt Scheme - Money Market Fund
2025-06-10,119092,HDFC Money Market Fund - Growth Option - Direct Plan,5827.1891,HDFC Mutual Fund,Debt Scheme - Money Market Fund
2025-06-11,119092,HDFC Money Market Fund - Growth Option - Direct Plan,5825.4478,HDFC Mutual Fund,Debt Scheme - Money Market Fund
2025-06-12,119092,HDFC Money Market Fund - Growth Option - Direct Plan,5826.0507,HDFC Mutual Fund,Debt Scheme - Money Market Fund
2025-06-13,119092,HDFC Money Market Fund - Growth Option - Direct Plan,5826.4969,HDFC Mutual Fund,Debt Scheme - Money Market Fund
2025-06-16,119092,HDFC Money Market Fund - Growth Option - Direct Plan,5829.3242,HDFC Mutual Fund,Debt Scheme - Money Market Fund
2025-06-17,119092,HDFC Money Market Fund - Growth Option - Direct Plan,5830.1383,HDFC Mutual Fund,Debt Scheme - Money Market Fund
2025-06-18,119092,HDFC Money Market Fund - Growth Option - Direct Plan,5831.6321,HDFC Mutual Fund,Debt Scheme - Money Market Fund
2025-06-19,119092,HDFC Money Market Fund - Growth Option - Direct Plan,5832.8313,HDFC Mutual Fund,Debt Scheme - Money Market Fund
2025-06-20,119092,HDFC Money Market Fund - Growth Option - Direct Plan,5833.9386,HDFC Mutual Fund,Debt Scheme - Money Market Fund
2025-06-23,119092,HDFC Money Market Fund - Growth Option - Direct Plan,5837.2267,HDFC Mutual Fund,Debt Scheme - Money Market Fund
2025-06-24,119092,HDFC Money Market Fund - Growth Option - Direct Plan,5838.486,HDFC Mutual Fund,Debt Scheme - Money Market Fund
2025-06-25,119092,HDFC Money Market Fund - Growth Option - Direct Plan,5838.0925,HDFC Mutual Fund,Debt Scheme - Money Market Fund
2025-06-26,119092,HDFC Money Market Fund - Growth Option - Direct Plan,5839.2453,HDFC Mutual Fund,Debt Scheme - Money Market Fund
2025-06-27,119092,HDFC Money Market Fund - Growth Option - Direct Plan,5840.5596,HDFC Mutual Fund,Debt Scheme - Money Market Fund
2025-06-30,119092,HDFC Money Market Fund - Growth Option - Direct Plan,5843.7929,HDFC Mutual Fund,Debt Scheme - Money Market Fund
2025-07-01,119092,HDFC Money Market Fund - Growth Option - Direct Plan,5847.481,HDFC Mutual Fund,Debt Scheme - Money Market Fund
2025-07-02,119092,HDFC Money Market Fund - Growth Option - Direct Plan,5851.0981,HDFC Mutual Fund,Debt Scheme - Money Market Fund
2025-07-03,119092,HDFC Money Market Fund - Growth Option - Direct Plan,5852.4845,HDFC Mutual Fund,Debt Scheme - Money Market Fund
2025-07-04,119092,HDFC Money Market Fund - Growth Option - Direct Plan,5853.3606,HDFC Mutual Fund,Debt Scheme - Money Market Fund
2025-07-07,119092,HDFC Money Market Fund - Growth Option - Direct Plan,5856.2977,HDFC Mutual Fund,Debt Scheme - Money Market Fund
2025-07-08,119092,HDFC Money Market Fund - Growth Option - Direct Plan,5856.9332,HDFC Mutual Fund,Debt Scheme - Money Market Fund
2025-07-09,119092,HDFC Money Market Fund - Growth Option - Direct Plan,5857.2164,HDFC Mutual Fund,Debt Scheme - Money Market Fund
2025-07-10,119092,HDFC Money Market Fund - Growth Option - Direct Plan,5858.4766,HDFC Mutual Fund,Debt Scheme - Money Market Fund
2025-07-11,119092,HDFC Money Market Fund - Growth Option - Direct Plan,5858.9296,HDFC Mutual Fund,Debt Scheme - Money Market Fund
2025-07-14,119092,HDFC Money Market Fund - Growth Option - Direct Plan,5862.5908,HDFC Mutual Fund,Debt Scheme - Money Market Fund
2025-07-15,119092,HDFC Money Market Fund - Growth Option - Direct Plan,5863.6201,HDFC Mutual Fund,Debt Scheme - Money Market Fund
2025-07-16,119092,HDFC Money Market Fund - Growth Option - Direct Plan,5864.3753,HDFC Mutual Fund,Debt Scheme - Money Market Fund
2025-07-17,119092,HDFC Money Market Fund - Growth Option - Direct Plan,5865.3853,HDFC Mutual Fund,Debt Scheme - Money Market Fund
2025-07-18,119092,HDFC Money Market Fund - Growth Option - Direct Plan,5866.4951,HDFC Mutual Fund,Debt Scheme - Money Market Fund
2025-07-21,119092,HDFC Money Market Fund - Growth Option - Direct Plan,5869.1171,HDFC Mutual Fund,Debt Scheme - Money Market Fund
2025-07-22,119092,HDFC Money Market Fund - Growth Option - Direct Plan,5869.8417,HDFC Mutual Fund,Debt Scheme - Money Market Fund
2025-07-23,119092,HDFC Money Market Fund - Growth Option - Direct Plan,5871.1828,HDFC Mutual Fund,Debt Scheme - Money Market Fund
2025-07-24,119092,HDFC Money Market Fund - Growth Option - Direct Plan,5872.0366,HDFC Mutual Fund,Debt Scheme - Money Market Fund
2025-07-25,119092,HDFC Money Market Fund - Growth Option - Direct Plan,5872.8052,HDFC Mutual Fund,Debt Scheme - Money Market Fund
2025-07-28,119092,HDFC Money Market Fund - Growth Option - Direct Plan,5875.1043,HDFC Mutual Fund,Debt Scheme - Money Market Fund
2025-07-29,119092,HDFC Money Market Fund - Growth Option - Direct Plan,5875.6626,HDFC Mutual Fund,Debt Scheme - Money Market Fund
2025-07-30,119092,HDFC Money Market Fund - Growth Option - Direct Plan,5876.5092,HDFC Mutual Fund,Debt Scheme - Money Market Fund
2025-07-31,119092,HDFC Money Market Fund - Growth Option - Direct Plan,5877.5109,HDFC Mutual Fund,Debt Scheme - Money Market Fund
2025-08-01,119092,HDFC Money Market Fund - Growth Option - Direct Plan,5878.7932,HDFC Mutual Fund,Debt Scheme - Money Market Fund
2025-08-04,119092,HDFC Money Market Fund - Growth Option - Direct Plan,5882.1589,HDFC Mutual Fund,Debt Scheme - Money Market Fund
2025-08-05,119092,HDFC Money Market Fund - Growth Option - Direct Plan,5883.4482,HDFC Mutual Fund,Debt Scheme - Money Market Fund
2025-08-06,119092,HDFC Money Market Fund - Growth Option - Direct Plan,5883.3045,HDFC Mutual Fund,Debt Scheme - Money Market Fund
2025-08-07,119092,HDFC Money Market Fund - Growth Option - Direct Plan,5884.0837,HDFC Mutual Fund,Debt Scheme - Money Market Fund
2025-08-08,119092,HDFC Money Market Fund - Growth Option - Direct Plan,5884.8484,HDFC Mutual Fund,Debt Scheme - Money Market Fund
2025-08-11,119092,HDFC Money Market Fund - Growth Option - Direct Plan,5887.2286,HDFC Mutual Fund,Debt Scheme - Money Market Fund
2025-08-12,119092,HDFC Money Market Fund - Growth Option - Direct Plan,5887.3908,HDFC Mutual Fund,Debt Scheme - Money Market Fund
2025-08-13,119092,HDFC Money Market Fund - Growth Option - Direct Plan,5888.1247,HDFC Mutual Fund,Debt Scheme - Money Market Fund
2025-08-14,119092,HDFC Money Market Fund - Growth Option - Direct Plan,5889.2636,HDFC Mutual Fund,Debt Scheme - Money Market Fund
2025-08-18,119092,HDFC Money Market Fund - Growth Option - Direct Plan,5892.9896,HDFC Mutual Fund,Debt Scheme - Money Market Fund
2025-08-19,119092,HDFC Money Market Fund - Growth Option - Direct Plan,5894.2742,HDFC Mutual Fund,Debt Scheme - Money Market Fund
2025-08-20,119092,HDFC Money Market Fund - Growth Option - Direct Plan,5895.2164,HDFC Mutual Fund,Debt Scheme - Money Market Fund
2025-08-21,119092,HDFC Money Market Fund - Growth Option - Direct Plan,5896.2147,HDFC Mutual Fund,Debt Scheme - Money Market Fund
2025-08-22,119092,HDFC Money Market Fund - Growth Option - Direct Plan,5897.2374,HDFC Mutual Fund,Debt Scheme - Money Market Fund
2025-08-25,119092,HDFC Money Market Fund - Growth Option - Direct Plan,5899.9888,HDFC Mutual Fund,Debt Scheme - Money Market Fund
2025-08-26,119092,HDFC Money Market Fund - Growth Option - Direct Plan,5900.7107,HDFC Mutual Fund,Debt Scheme - Money Market Fund
2025-08-28,119092,HDFC Money Market Fund - Growth Option - Direct Plan,5902.4099,HDFC Mutual Fund,Debt Scheme - Money Market Fund
2025-08-29,119092,HDFC Money Market Fund - Growth Option - Direct Plan,5902.9876,HDFC Mutual Fund,Debt Scheme - Money Market Fund
2025-09-01,119092,HDFC Money Market Fund - Growth Option - Direct Plan,5905.5718,HDFC Mutual Fund,Debt Scheme - Money Market Fund
2025-09-02,119092,HDFC Money Market Fund - Growth Option - Direct Plan,5905.9868,HDFC Mutual Fund,Debt Scheme - Money Market Fund
2025-09-03,119092,HDFC Money Market Fund - Growth Option - Direct Plan,5906.7644,HDFC Mutual Fund,Debt Scheme - Money Market Fund
2025-09-04,119092,HDFC Money Market Fund - Growth Option - Direct Plan,5907.6123,HDFC Mutual Fund,Debt Scheme - Money Market Fund
2025-09-05,119092,HDFC Money Market Fund - Growth Option - Direct Plan,5908.5683,HDFC Mutual Fund,Debt Scheme - Money Market Fund
2025-09-09,119092,HDFC Money Market Fund - Growth Option - Direct Plan,5911.3924,HDFC Mutual Fund,Debt Scheme - Money Market Fund
2025-09-10,119092,HDFC Money Market Fund - Growth Option - Direct Plan,5912.0041,HDFC Mutual Fund,Debt Scheme - Money Market Fund
2025-09-11,119092,HDFC Money Market Fund - Growth Option - Direct Plan,5913.2938,HDFC Mutual Fund,Debt Scheme - Money Market Fund
2025-09-12,119092,HDFC Money Market Fund - Growth Option - Direct Plan,5913.8365,HDFC Mutual Fund,Debt Scheme - Money Market Fund
2025-09-15,119092,HDFC Money Market Fund - Growth Option - Direct Plan,5916.611,HDFC Mutual Fund,Debt Scheme - Money Market Fund
2025-09-16,119092,HDFC Money Market Fund - Growth Option - Direct Plan,5918.118,HDFC Mutual Fund,Debt Scheme - Money Market Fund
2025-09-17,119092,HDFC Money Market Fund - Growth Option - Direct Plan,5919.7048,HDFC Mutual Fund,Debt Scheme - Money Market Fund
2025-09-18,119092,HDFC Money Market Fund - Growth Option - Direct Plan,5921.2244,HDFC Mutual Fund,Debt Scheme - Money Market Fund
2025-09-19,119092,HDFC Money Market Fund - Growth Option - Direct Plan,5922.1357,HDFC Mutual Fund,Debt Scheme - Money Market Fund
2025-09-22,119092,HDFC Money Market Fund - Growth Option - Direct Plan,5924.9723,HDFC Mutual Fund,Debt Scheme - Money Market Fund
2025-09-23,119092,HDFC Money Market Fund - Growth Option - Direct Plan,5925.9531,HDFC Mutual Fund,Debt Scheme - Money Market Fund
2025-09-24,119092,HDFC Money Market Fund - Growth Option - Direct Plan,5926.6741,HDFC Mutual Fund,Debt Scheme - Money Market Fund
2025-09-25,119092,HDFC Money Market Fund - Growth Option - Direct Plan,5927.3108,HDFC Mutual Fund,Debt Scheme - Money Market Fund
2025-09-26,119092,HDFC Money Market Fund - Growth Option - Direct Plan,5928.0474,HDFC Mutual Fund,Debt Scheme - Money Market Fund
2025-09-30,119092,HDFC Money Market Fund - Growth Option - Direct Plan,5933.5373,HDFC Mutual Fund,Debt Scheme - Money Market Fund
2025-10-01,119092,HDFC Money Market Fund - Growth Option - Direct Plan,5935.6,HDFC Mutual Fund,Debt Scheme - Money Market Fund
2025-10-03,119092,HDFC Money Market Fund - Growth Option - Direct Plan,5938.4748,HDFC Mutual Fund,Debt Scheme - Money Market Fund
2025-10-06,119092,HDFC Money Market Fund - Growth Option - Direct Plan,5941.7936,HDFC Mutual Fund,Debt Scheme - Money Market Fund
2025-10-07,119092,HDFC Money Market Fund - Growth Option - Direct Plan,5942.4446,HDFC Mutual Fund,Debt Scheme - Money Market Fund
2025-10-08,119092,HDFC Money Market Fund - Growth Option - Direct Plan,5943.1699,HDFC Mutual Fund,Debt Scheme - Money Market Fund
2025-10-09,119092,HDFC Money Market Fund - Growth Option - Direct Plan,5943.9808,HDFC Mutual Fund,Debt Scheme - Money Market Fund
2025-10-10,119092,HDFC Money Market Fund - Growth Option - Direct Plan,5944.8495,HDFC Mutual Fund,Debt Scheme - Money Market Fund
2025-10-13,119092,HDFC Money Market Fund - Growth Option - Direct Plan,5947.7955,HDFC Mutual Fund,Debt Scheme - Money Market Fund
2025-10-14,119092,HDFC Money Market Fund - Growth Option - Direct Plan,5948.725,HDFC Mutual Fund,Debt Scheme - Money Market Fund
2025-10-15,119092,HDFC Money Market Fund - Growth Option - Direct Plan,5949.6158,HDFC Mutual Fund,Debt Scheme - Money Market Fund
2025-10-16,119092,HDFC Money Market Fund - Growth Option - Direct Plan,5949.9941,HDFC Mutual Fund,Debt Scheme - Money Market Fund
2025-10-17,119092,HDFC Money Market Fund - Growth Option - Direct Plan,5950.679,HDFC Mutual Fund,Debt Scheme - Money Market Fund
2025-10-20,119092,HDFC Money Market Fund - Growth Option - Direct Plan,5953.5542,HDFC Mutual Fund,Debt Scheme - Money Market Fund
2025-10-23,119092,HDFC Money Market Fund - Growth Option - Direct Plan,5956.2661,HDFC Mutual Fund,Debt Scheme - Money Market Fund
2025-10-24,119092,HDFC Money Market Fund - Growth Option - Direct Plan,5957.0133,HDFC Mutual Fund,Debt Scheme - Money Market Fund
2025-10-27,119092,HDFC Money Market Fund - Growth Option - Direct Plan,5959.9594,HDFC Mutual Fund,Debt Scheme - Money Market Fund
2025-10-28,119092,HDFC Money Market Fund - Growth Option - Direct Plan,5961.2816,HDFC Mutual Fund,Debt Scheme - Money Market Fund
2025-10-29,119092,HDFC Money Market Fund - Growth Option - Direct Plan,5962.2436,HDFC Mutual Fund,Debt Scheme - Money Market Fund
2025-10-30,119092,HDFC Money Market Fund - Growth Option - Direct Plan,5962.9105,HDFC Mutual Fund,Debt Scheme - Money Market Fund
2025-10-31,119092,HDFC Money Market Fund - Growth Option - Direct Plan,5963.9425,HDFC Mutual Fund,Debt Scheme - Money Market Fund
2025-11-03,119092,HDFC Money Market Fund - Growth Option - Direct Plan,5966.9646,HDFC Mutual Fund,Debt Scheme - Money Market Fund
2025-11-04,119092,HDFC Money Market Fund - Growth Option - Direct Plan,5967.9587,HDFC Mutual Fund,Debt Scheme - Money Market Fund
2025-11-06,119092,HDFC Money Market Fund - Growth Option - Direct Plan,5969.9256,HDFC Mutual Fund,Debt Scheme - Money Market Fund
2025-11-07,119092,HDFC Money Market Fund - Growth Option - Direct Plan,5971.0247,HDFC Mutual Fund,Debt Scheme - Money Market Fund
2025-11-10,119092,HDFC Money Market Fund - Growth Option - Direct Plan,5973.9734,HDFC Mutual Fund,Debt Scheme - Money Market Fund
2025-11-11,119092,HDFC Money Market Fund - Growth Option - Direct Plan,5975.0374,HDFC Mutual Fund,Debt Scheme - Money Market Fund
2025-11-12,119092,HDFC Money Market Fund - Growth Option - Direct Plan,5976.3688,HDFC Mutual Fund,Debt Scheme - Money Market Fund
2025-11-13,119092,HDFC Money Market Fund - Growth Option - Direct Plan,5977.4171,HDFC Mutual Fund,Debt Scheme - Money Market Fund
2025-11-14,119092,HDFC Money Market Fund - Growth Option - Direct Plan,5978.3518,HDFC Mutual Fund,Debt Scheme - Money Market Fund
2025-11-17,119092,HDFC Money Market Fund - Growth Option - Direct Plan,5981.2066,HDFC Mutual Fund,Debt Scheme - Money Market Fund
2025-11-18,119092,HDFC Money Market Fund - Growth Option - Direct Plan,5982.3808,HDFC Mutual Fund,Debt Scheme - Money Market Fund
2025-11-19,119092,HDFC Money Market Fund - Growth Option - Direct Plan,5983.4016,HDFC Mutual Fund,Debt Scheme - Money Market Fund
2025-11-20,119092,HDFC Money Market Fund - Growth Option - Direct Plan,5984.2663,HDFC Mutual Fund,Debt Scheme - Money Market Fund
2025-11-21,119092,HDFC Money Market Fund - Growth Option - Direct Plan,5985.1789,HDFC Mutual Fund,Debt Scheme - Money Market Fund
2025-11-24,119092,HDFC Money Market Fund - Growth Option - Direct Plan,5988.0799,HDFC Mutual Fund,Debt Scheme - Money Market Fund
2025-11-25,119092,HDFC Money Market Fund - Growth Option - Direct Plan,5989.3488,HDFC Mutual Fund,Debt Scheme - Money Market Fund
2025-11-26,119092,HDFC Money Market Fund - Growth Option - Direct Plan,5990.4554,HDFC Mutual Fund,Debt Scheme - Money Market Fund
2025-11-27,119092,HDFC Money Market Fund - Growth Option - Direct Plan,5991.5695,HDFC Mutual Fund,Debt Scheme - Money Market Fund
2025-11-28,119092,HDFC Money Market Fund - Growth Option - Direct Plan,5992.5375,HDFC Mutual Fund,Debt Scheme - Money Market Fund
2025-12-01,119092,HDFC Money Market Fund - Growth Option - Direct Plan,5994.9936,HDFC Mutual Fund,Debt Scheme - Money Market Fund
2025-12-02,119092,HDFC Money Market Fund - Growth Option - Direct Plan,5995.7798,HDFC Mutual Fund,Debt Scheme - Money Market Fund
2025-12-03,119092,HDFC Money Market Fund - Growth Option - Direct Plan,5996.3511,HDFC Mutual Fund,Debt Scheme - Money Market Fund
2025-12-04,119092,HDFC Money Market Fund - Growth Option - Direct Plan,5996.9391,HDFC Mutual Fund,Debt Scheme - Money Market Fund
2025-12-05,119092,HDFC Money Market Fund - Growth Option - Direct Plan,5999.0953,HDFC Mutual Fund,Debt Scheme - Money Market Fund
2025-12-08,119092,HDFC Money Market Fund - Growth Option - Direct Plan,6002.0388,HDFC Mutual Fund,Debt Scheme - Money Market Fund
2025-12-09,119092,HDFC Money Market Fund - Growth Option - Direct Plan,6002.302,HDFC Mutual Fund,Debt Scheme - Money Market Fund
2025-12-10,119092,HDFC Money Market Fund - Growth Option - Direct Plan,6002.278,HDFC Mutual Fund,Debt Scheme - Money Market Fund
2025-12-11,119092,HDFC Money Market Fund - Growth Option - Direct Plan,6003.0596,HDFC Mutual Fund,Debt Scheme - Money Market Fund
2025-12-12,119092,HDFC Money Market Fund - Growth Option - Direct Plan,6004.0068,HDFC Mutual Fund,Debt Scheme - Money Market Fund
2025-12-15,119092,HDFC Money Market Fund - Growth Option - Direct Plan,6006.304,HDFC Mutual Fund,Debt Scheme - Money Market Fund
2025-12-16,119092,HDFC Money Market Fund - Growth Option - Direct Plan,6007.2035,HDFC Mutual Fund,Debt Scheme - Money Market Fund
2025-12-17,119092,HDFC Money Market Fund - Growth Option - Direct Plan,6007.8902,HDFC Mutual Fund,Debt Scheme - Money Market Fund
2025-12-18,119092,HDFC Money Market Fund - Growth Option - Direct Plan,6008.9502,HDFC Mutual Fund,Debt Scheme - Money Market Fund
2025-12-19,119092,HDFC Money Market Fund - Growth Option - Direct Plan,6009.9347,HDFC Mutual Fund,Debt Scheme - Money Market Fund
2025-12-22,119092,HDFC Money Market Fund - Growth Option - Direct Plan,6012.9635,HDFC Mutual Fund,Debt Scheme - Money Market Fund
2025-12-23,119092,HDFC Money Market Fund - Growth Option - Direct Plan,6013.8267,HDFC Mutual Fund,Debt Scheme - Money Market Fund
2025-12-24,119092,HDFC Money Market Fund - Growth Option - Direct Plan,6015.9944,HDFC Mutual Fund,Debt Scheme - Money Market Fund
2025-12-26,119092,HDFC Money Market Fund - Growth Option - Direct Plan,6017.7227,HDFC Mutual Fund,Debt Scheme - Money Market Fund
2025-12-29,119092,HDFC Money Market Fund - Growth Option - Direct Plan,6020.5172,HDFC Mutual Fund,Debt Scheme - Money Market Fund
2025-12-30,119092,HDFC Money Market Fund - Growth Option - Direct Plan,6020.3988,HDFC Mutual Fund,Debt Scheme - Money Market Fund
2025-12-31,119092,HDFC Money Market Fund - Growth Option - Direct Plan,6023.5454,HDFC Mutual Fund,Debt Scheme - Money Market Fund
2026-01-01,119092,HDFC Money Market Fund - Growth Option - Direct Plan,6024.7187,HDFC Mutual Fund,Debt Scheme - Money Market Fund
2026-01-02,119092,HDFC Money Market Fund - Growth Option - Direct Plan,6025.268,HDFC Mutual Fund,Debt Scheme - Money Market Fund
2026-01-05,119092,HDFC Money Market Fund - Growth Option - Direct Plan,6027.6905,HDFC Mutual Fund,Debt Scheme - Money Market Fund
2026-01-06,119092,HDFC Money Market Fund - Growth Option - Direct Plan,6028.7271,HDFC Mutual Fund,Debt Scheme - Money Market Fund
2026-01-07,119092,HDFC Money Market Fund - Growth Option - Direct Plan,6028.3846,HDFC Mutual Fund,Debt Scheme - Money Market Fund
2026-01-08,119092,HDFC Money Market Fund - Growth Option - Direct Plan,6028.086,HDFC Mutual Fund,Debt Scheme - Money Market Fund
2026-01-09,119092,HDFC Money Market Fund - Growth Option - Direct Plan,6028.4591,HDFC Mutual Fund,Debt Scheme - Money Market Fund
2026-01-12,119092,HDFC Money Market Fund - Growth Option - Direct Plan,6031.2329,HDFC Mutual Fund,Debt Scheme - Money Market Fund
2026-01-13,119092,HDFC Money Market Fund - Growth Option - Direct Plan,6030.9953,HDFC Mutual Fund,Debt Scheme - Money Market Fund
2026-01-14,119092,HDFC Money Market Fund - Growth Option - Direct Plan,6031.499,HDFC Mutual Fund,Debt Scheme - Money Market Fund
2026-01-16,119092,HDFC Money Market Fund - Growth Option - Direct Plan,6031.7639,HDFC Mutual Fund,Debt Scheme - Money Market Fund
2026-01-19,119092,HDFC Money Market Fund - Growth Option - Direct Plan,6033.5639,HDFC Mutual Fund,Debt Scheme - Money Market Fund
2026-01-20,119092,HDFC Money Market Fund - Growth Option - Direct Plan,6033.4329,HDFC Mutual Fund,Debt Scheme - Money Market Fund
2026-01-21,119092,HDFC Money Market Fund - Growth Option - Direct Plan,6034.6246,HDFC Mutual Fund,Debt Scheme - Money Market Fund
2026-01-22,119092,HDFC Money Market Fund - Growth Option - Direct Plan,6037.506,HDFC Mutual Fund,Debt Scheme - Money Market Fund
2026-01-23,119092,HDFC Money Market Fund - Growth Option - Direct Plan,6037.6453,HDFC Mutual Fund,Debt Scheme - Money Market Fund
2026-01-27,119092,HDFC Money Market Fund - Growth Option - Direct Plan,6041.4977,HDFC Mutual Fund,Debt Scheme - Money Market Fund
2026-01-28,119092,HDFC Money Market Fund - Growth Option - Direct Plan,6040.7842,HDFC Mutual Fund,Debt Scheme - Money Market Fund
2026-01-29,119092,HDFC Money Market Fund - Growth Option - Direct Plan,6041.3173,HDFC Mutual Fund,Debt Scheme - Money Market Fund
2026-01-30,119092,HDFC Money Market Fund - Growth Option - Direct Plan,6043.7838,HDFC Mutual Fund,Debt Scheme - Money Market Fund
2026-02-02,119092,HDFC Money Market Fund - Growth Option - Direct Plan,6047.2159,HDFC Mutual Fund,Debt Scheme - Money Market Fund
2026-02-03,119092,HDFC Money Market Fund - Growth Option - Direct Plan,6050.7733,HDFC Mutual Fund,Debt Scheme - Money Market Fund
2026-02-04,119092,HDFC Money Market Fund - Growth Option - Direct Plan,6053.3313,HDFC Mutual Fund,Debt Scheme - Money Market Fund
2026-02-05,119092,HDFC Money Market Fund - Growth Option - Direct Plan,6055.7449,HDFC Mutual Fund,Debt Scheme - Money Market Fund
2026-02-06,119092,HDFC Money Market Fund - Growth Option - Direct Plan,6054.9686,HDFC Mutual Fund,Debt Scheme - Money Market Fund
2026-02-09,119092,HDFC Money Market Fund - Growth Option - Direct Plan,6057.5032,HDFC Mutual Fund,Debt Scheme - Money Market Fund
2026-02-10,119092,HDFC Money Market Fund - Growth Option - Direct Plan,6058.8643,HDFC Mutual Fund,Debt Scheme - Money Market Fund
2026-02-11,119092,HDFC Money Market Fund - Growth Option - Direct Plan,6061.1204,HDFC Mutual Fund,Debt Scheme - Money Market Fund
2026-02-12,119092,HDFC Money Market Fund - Growth Option - Direct Plan,6063.705,HDFC Mutual Fund,Debt Scheme - Money Market Fund
2026-02-13,119092,HDFC Money Market Fund - Growth Option - Direct Plan,6066.864,HDFC Mutual Fund,Debt Scheme - Money Market Fund
2026-02-16,119092,HDFC Money Market Fund - Growth Option - Direct Plan,6069.3783,HDFC Mutual Fund,Debt Scheme - Money Market Fund
2026-02-17,119092,HDFC Money Market Fund - Growth Option - Direct Plan,6069.7063,HDFC Mutual Fund,Debt Scheme - Money Market Fund
2026-02-18,119092,HDFC Money Market Fund - Growth Option - Direct Plan,6069.767,HDFC Mutual Fund,Debt Scheme - Money Market Fund
2026-02-20,119092,HDFC Money Market Fund - Growth Option - Direct Plan,6071.6571,HDFC Mutual Fund,Debt Scheme - Money Market Fund
2026-02-23,119092,HDFC Money Market Fund - Growth Option - Direct Plan,6074.6388,HDFC Mutual Fund,Debt Scheme - Money Market Fund
2026-02-24,119092,HDFC Money Market Fund - Growth Option - Direct Plan,6076.1758,HDFC Mutual Fund,Debt Scheme - Money Market Fund
2026-02-25,119092,HDFC Money Market Fund - Growth Option - Direct Plan,6077.5886,HDFC Mutual Fund,Debt Scheme - Money Market Fund
2026-02-26,119092,HDFC Money Market Fund - Growth Option - Direct Plan,6078.8123,HDFC Mutual Fund,Debt Scheme - Money Market Fund
2026-02-27,119092,HDFC Money Market Fund - Growth Option - Direct Plan,6079.9195,HDFC Mutual Fund,Debt Scheme - Money Market Fund
2026-03-02,119092,HDFC Money Market Fund - Growth Option - Direct Plan,6081.764,HDFC Mutual Fund,Debt Scheme - Money Market Fund
2026-03-04,119092,HDFC Money Market Fund - Growth Option - Direct Plan,6081.0589,HDFC Mutual Fund,Debt Scheme - Money Market Fund
2026-03-05,119092,HDFC Money Market Fund - Growth Option - Direct Plan,6082.3927,HDFC Mutual Fund,Debt Scheme - Money Market Fund
2026-03-06,119092,HDFC Money Market Fund - Growth Option - Direct Plan,6084.2962,HDFC Mutual Fund,Debt Scheme - Money Market Fund
2026-03-09,119092,HDFC Money Market Fund - Growth Option - Direct Plan,6085.2288,HDFC Mutual Fund,Debt Scheme - Money Market Fund
2026-03-10,119092,HDFC Money Market Fund - Growth Option - Direct Plan,6086.6516,HDFC Mutual Fund,Debt Scheme - Money Market Fund
2026-03-11,119092,HDFC Money Market Fund - Growth Option - Direct Plan,6088.3404,HDFC Mutual Fund,Debt Scheme - Money Market Fund
2026-03-12,119092,HDFC Money Market Fund - Growth Option - Direct Plan,6087.112,HDFC Mutual Fund,Debt Scheme - Money Market Fund
2026-03-13,119092,HDFC Money Market Fund - Growth Option - Direct Plan,6083.6197,HDFC Mutual Fund,Debt Scheme - Money Market Fund
2026-03-16,119092,HDFC Money Market Fund - Growth Option - Direct Plan,6086.3434,HDFC Mutual Fund,Debt Scheme - Money Market Fund
2026-03-17,119092,HDFC Money Market Fund - Growth Option - Direct Plan,6089.0993,HDFC Mutual Fund,Debt Scheme - Money Market Fund
2026-03-18,119092,HDFC Money Market Fund - Growth Option - Direct Plan,6093.8586,HDFC Mutual Fund,Debt Scheme - Money Market Fund
2026-03-20,119092,HDFC Money Market Fund - Growth Option - Direct Plan,6093.5261,HDFC Mutual Fund,Debt Scheme - Money Market Fund
2026-03-23,119092,HDFC Money Market Fund - Growth Option - Direct Plan,6090.1601,HDFC Mutual Fund,Debt Scheme - Money Market Fund
2026-03-24,119092,HDFC Money Market Fund - Growth Option - Direct Plan,6089.2045,HDFC Mutual Fund,Debt Scheme - Money Market Fund
2026-03-25,119092,HDFC Money Market Fund - Growth Option - Direct Plan,6090.541,HDFC Mutual Fund,Debt Scheme - Money Market Fund
2026-03-27,119092,HDFC Money Market Fund - Growth Option - Direct Plan,6095.1859,HDFC Mutual Fund,Debt Scheme - Money Market Fund
2026-03-30,119092,HDFC Money Market Fund - Growth Option - Direct Plan,6101.3858,HDFC Mutual Fund,Debt Scheme - Money Market Fund
2026-03-31,119092,HDFC Money Market Fund - Growth Option - Direct Plan,6102.5131,HDFC Mutual Fund,Debt Scheme - Money Market Fund
2026-04-02,119092,HDFC Money Market Fund - Growth Option - Direct Plan,6104.7264,HDFC Mutual Fund,Debt Scheme - Money Market Fund
2026-04-06,119092,HDFC Money Market Fund - Growth Option - Direct Plan,6107.3346,HDFC Mutual Fund,Debt Scheme - Money Market Fund
2026-04-07,119092,HDFC Money Market Fund - Growth Option - Direct Plan,6110.1834,HDFC Mutual Fund,Debt Scheme - Money Market Fund
2026-04-08,119092,HDFC Money Market Fund - Growth Option - Direct Plan,6119.1243,HDFC Mutual Fund,Debt Scheme - Money Market Fund
2026-04-09,119092,HDFC Money Market Fund - Growth Option - Direct Plan,6126.1544,HDFC Mutual Fund,Debt Scheme - Money Market Fund
2026-04-10,119092,HDFC Money Market Fund - Growth Option - Direct Plan,6129.7674,HDFC Mutual Fund,Debt Scheme - Money Market Fund
2026-04-13,119092,HDFC Money Market Fund - Growth Option - Direct Plan,6133.4071,HDFC Mutual Fund,Debt Scheme - Money Market Fund
2026-04-15,119092,HDFC Money Market Fund - Growth Option - Direct Plan,6137.6962,HDFC Mutual Fund,Debt Scheme - Money Market Fund
2026-04-16,119092,HDFC Money Market Fund - Growth Option - Direct Plan,6139.7004,HDFC Mutual Fund,Debt Scheme - Money Market Fund
2026-04-17,119092,HDFC Money Market Fund - Growth Option - Direct Plan,6139.2351,HDFC Mutual Fund,Debt Scheme - Money Market Fund
2026-04-20,119092,HDFC Money Market Fund - Growth Option - Direct Plan,6142.2537,HDFC Mutual Fund,Debt Scheme - Money Market Fund
2026-04-21,119092,HDFC Money Market Fund - Growth Option - Direct Plan,6142.9601,HDFC Mutual Fund,Debt Scheme - Money Market Fund
2026-04-22,119092,HDFC Money Market Fund - Growth Option - Direct Plan,6143.3663,HDFC Mutual Fund,Debt Scheme - Money Market Fund
2026-04-23,119092,HDFC Money Market Fund - Growth Option - Direct Plan,6141.9603,HDFC Mutual Fund,Debt Scheme - Money Market Fund
2026-04-24,119092,HDFC Money Market Fund - Growth Option - Direct Plan,6142.2018,HDFC Mutual Fund,Debt Scheme - Money Market Fund
2026-04-27,119092,HDFC Money Market Fund - Growth Option - Direct Plan,6142.5902,HDFC Mutual Fund,Debt Scheme - Money Market Fund
2026-04-28,119092,HDFC Money Market Fund - Growth Option - Direct Plan,6143.001,HDFC Mutual Fund,Debt Scheme - Money Market Fund
2026-04-29,119092,HDFC Money Market Fund - Growth Option - Direct Plan,6141.8799,HDFC Mutual Fund,Debt Scheme - Money Market Fund
2026-04-30,119092,HDFC Money Market Fund - Growth Option - Direct Plan,6140.1614,HDFC Mutual Fund,Debt Scheme - Money Market Fund
2026-05-04,119092,HDFC Money Market Fund - Growth Option - Direct Plan,6145.7049,HDFC Mutual Fund,Debt Scheme - Money Market Fund
2026-05-05,119092,HDFC Money Market Fund - Growth Option - Direct Plan,6146.0001,HDFC Mutual Fund,Debt Scheme - Money Market Fund
2026-05-06,119092,HDFC Money Market Fund - Growth Option - Direct Plan,6149.0307,HDFC Mutual Fund,Debt Scheme - Money Market Fund
2026-05-07,119092,HDFC Money Market Fund - Growth Option - Direct Plan,6149.9098,HDFC Mutual Fund,Debt Scheme - Money Market Fund
2026-05-08,119092,HDFC Money Market Fund - Growth Option - Direct Plan,6151.3707,HDFC Mutual Fund,Debt Scheme - Money Market Fund
2026-05-11,119092,HDFC Money Market Fund - Growth Option - Direct Plan,6151.8671,HDFC Mutual Fund,Debt Scheme - Money Market Fund
2026-05-12,119092,HDFC Money Market Fund - Growth Option - Direct Plan,6150.5076,HDFC Mutual Fund,Debt Scheme - Money Market Fund
2026-05-13,119092,HDFC Money Market Fund - Growth Option - Direct Plan,6150.1257,HDFC Mutual Fund,Debt Scheme - Money Market Fund
2026-05-14,119092,HDFC Money Market Fund - Growth Option - Direct Plan,6148.9361,HDFC Mutual Fund,Debt Scheme - Money Market Fund
2026-05-15,119092,HDFC Money Market Fund - Growth Option - Direct Plan,6148.3016,HDFC Mutual Fund,Debt Scheme - Money Market Fund
2026-05-18,119092,HDFC Money Market Fund - Growth Option - Direct Plan,6148.4847,HDFC Mutual Fund,Debt Scheme - Money Market Fund
2026-05-19,119092,HDFC Money Market Fund - Growth Option - Direct Plan,6149.7598,HDFC Mutual Fund,Debt Scheme - Money Market Fund
2026-05-20,119092,HDFC Money Market Fund - Growth Option - Direct Plan,6147.5856,HDFC Mutual Fund,Debt Scheme - Money Market Fund
2026-05-21,119092,HDFC Money Market Fund - Growth Option - Direct Plan,6142.8808,HDFC Mutual Fund,Debt Scheme - Money Market Fund
2026-05-22,119092,HDFC Money Market Fund - Growth Option - Direct Plan,6142.638,HDFC Mutual Fund,Debt Scheme - Money Market Fund
2026-05-25,119092,HDFC Money Market Fund - Growth Option - Direct Plan,6144.8478,HDFC Mutual Fund,Debt Scheme - Money Market Fund
2026-05-26,119092,HDFC Money Market Fund - Growth Option - Direct Plan,6144.0004,HDFC Mutual Fund,Debt Scheme - Money Market Fund
2026-05-27,119092,HDFC Money Market Fund - Growth Option - Direct Plan,6146.6118,HDFC Mutual Fund,Debt Scheme - Money Market Fund
2026-05-29,119092,HDFC Money Market Fund - Growth Option - Direct Plan,6151.1139,HDFC Mutual Fund,Debt Scheme - Money Market Fund
2026-06-01,119092,HDFC Money Market Fund - Growth Option - Direct Plan,6156.7532,HDFC Mutual Fund,Debt Scheme - Money Market Fund
2026-06-02,119092,HDFC Money Market Fund - Growth Option - Direct Plan,6158.9665,HDFC Mutual Fund,Debt Scheme - Money Market Fund
2026-06-03,119092,HDFC Money Market Fund - Growth Option - Direct Plan,6159.9626,HDFC Mutual Fund,Debt Scheme - Money Market Fund
2026-06-04,119092,HDFC Money Market Fund - Growth Option - Direct Plan,6160.9434,HDFC Mutual Fund,Debt Scheme - Money Market Fund
2026-06-05,119092,HDFC Money Market Fund - Growth Option - Direct Plan,6168.4755,HDFC Mutual Fund,Debt Scheme - Money Market Fund
2026-06-08,119092,HDFC Money Market Fund - Growth Option - Direct Plan,6174.2084,HDFC Mutual Fund,Debt Scheme - Money Market Fund
2026-06-09,119092,HDFC Money Market Fund - Growth Option - Direct Plan,6180.6685,HDFC Mutual Fund,Debt Scheme - Money Market Fund
2026-06-10,119092,HDFC Money Market Fund - Growth Option - Direct Plan,6181.7967,HDFC Mutual Fund,Debt Scheme - Money Market Fund
2026-06-11,119092,HDFC Money Market Fund - Growth Option - Direct Plan,6179.1996,HDFC Mutual Fund,Debt Scheme - Money Market Fund
2026-06-12,119092,HDFC Money Market Fund - Growth Option - Direct Plan,6181.8148,HDFC Mutual Fund,Debt Scheme - Money Market Fund
2026-06-15,119092,HDFC Money Market Fund - Growth Option - Direct Plan,6187.8223,HDFC Mutual Fund,Debt Scheme - Money Market Fund
2026-06-16,119092,HDFC Money Market Fund - Growth Option - Direct Plan,6191.812,HDFC Mutual Fund,Debt Scheme - Money Market Fund
2026-06-17,119092,HDFC Money Market Fund - Growth Option - Direct Plan,6193.3504,HDFC Mutual Fund,Debt Scheme - Money Market Fund
2026-06-18,119092,HDFC Money Market Fund - Growth Option - Direct Plan,6194.652,HDFC Mutual Fund,Debt Scheme - Money Market Fund
2026-06-19,119092,HDFC Money Market Fund - Growth Option - Direct Plan,6195.7815,HDFC Mutual Fund,Debt Scheme - Money Market Fund
2026-06-22,119092,HDFC Money Market Fund - Growth Option - Direct Plan,6199.4871,HDFC Mutual Fund,Debt Scheme - Money Market Fund
2026-06-23,119092,HDFC Money Market Fund - Growth Option - Direct Plan,6200.8511,HDFC Mutual Fund,Debt Scheme - Money Market Fund
2026-06-24,119092,HDFC Money Market Fund - Growth Option - Direct Plan,6204.477,HDFC Mutual Fund,Debt Scheme - Money Market Fund
2026-06-25,119092,HDFC Money Market Fund - Growth Option - Direct Plan,6209.1907,HDFC Mutual Fund,Debt Scheme - Money Market Fund
2026-06-29,119092,HDFC Money Market Fund - Growth Option - Direct Plan,6217.3124,HDFC Mutual Fund,Debt Scheme - Money Market Fund
2026-06-30,119092,HDFC Money Market Fund - Growth Option - Direct Plan,6220.8373,HDFC Mutual Fund,Debt Scheme - Money Market Fund
2026-07-01,119092,HDFC Money Market Fund - Growth Option - Direct Plan,6225.516,HDFC Mutual Fund,Debt Scheme - Money Market Fund
2026-07-02,119092,HDFC Money Market Fund - Growth Option - Direct Plan,6229.4422,HDFC Mutual Fund,Debt Scheme - Money Market Fund
2026-07-03,119092,HDFC Money Market Fund - Growth Option - Direct Plan,6229.0236,HDFC Mutual Fund,Debt Scheme - Money Market Fund
2026-07-06,119092,HDFC Money Market Fund - Growth Option - Direct Plan,6231.476,HDFC Mutual Fund,Debt Scheme - Money Market Fund
2026-07-07,119092,HDFC Money Market Fund - Growth Option - Direct Plan,6227.8516,HDFC Mutual Fund,Debt Scheme - Money Market Fund
2026-07-08,119092,HDFC Money Market Fund - Growth Option - Direct Plan,6224.3456,HDFC Mutual Fund,Debt Scheme - Money Market Fund
2026-07-09,119092,HDFC Money Market Fund - Growth Option - Direct Plan,6227.9863,HDFC Mutual Fund,Debt Scheme - Money Market Fund
2026-07-10,119092,HDFC Money Market Fund - Growth Option - Direct Plan,6228.9381,HDFC Mutual Fund,Debt Scheme - Money Market Fund
2026-07-13,119092,HDFC Money Market Fund - Growth Option - Direct Plan,6230.5791,HDFC Mutual Fund,Debt Scheme - Money Market Fund
2026-07-14,119092,HDFC Money Market Fund - Growth Option - Direct Plan,6227.1416,HDFC Mutual Fund,Debt Scheme - Money Market Fund
2026-07-15,119092,HDFC Money Market Fund - Growth Option - Direct Plan,6228.0939,HDFC Mutual Fund,Debt Scheme - Money Market Fund
2026-07-16,119092,HDFC Money Market Fund - Growth Option - Direct Plan,6230.8027,HDFC Mutual Fund,Debt Scheme - Money Market Fund
2026-07-17,119092,HDFC Money Market Fund - Growth Option - Direct Plan,6234.115,HDFC Mutual Fund,Debt Scheme - Money Market Fund
2026-07-20,119092,HDFC Money Market Fund - Growth Option - Direct Plan,6235.2804,HDFC Mutual Fund,Debt Scheme - Money Market Fund
2026-07-21,119092,HDFC Money Market Fund - Growth Option - Direct Plan,6238.7844,HDFC Mutual Fund,Debt Scheme - Money Market Fund
2026-07-22,119092,HDFC Money Market Fund - Growth Option - Direct Plan,6238.7028,HDFC Mutual Fund,Debt Scheme - Money Market Fund
2026-07-23,119092,HDFC Money Market Fund - Growth Option - Direct Plan,6240.5818,HDFC Mutual Fund,Debt Scheme - Money Market Fund
2026-07-24,119092,HDFC Money Market Fund - Growth Option - Direct Plan,6242.1652,HDFC Mutual Fund,Debt Scheme - Money Market Fund
2026-07-27,119092,HDFC Money Market Fund - Growth Option - Direct Plan,6246.9483,HDFC Mutual Fund,Debt Scheme - Money Market Fund
2026-07-28,119092,HDFC Money Market Fund - Growth Option - Direct Plan,6248.4821,HDFC Mutual Fund,Debt Scheme - Money Market Fund
