Date,Scheme_Code,Scheme_Name,NAV,Fund_House,Scheme_Category
2013-01-02,119551,Aditya Birla Sun Life Banking & PSU Debt Fund  - DIRECT - IDCW,103.0059,Aditya Birla Sun Life Mutual Fund,Debt Scheme - Banking and PSU Fund
2013-01-03,119551,Aditya Birla Sun Life Banking & PSU Debt Fund  - DIRECT - IDCW,103.0306,Aditya Birla Sun Life Mutual Fund,Debt Scheme - Banking and PSU Fund
2013-01-04,119551,Aditya Birla Sun Life Banking & PSU Debt Fund  - DIRECT - IDCW,103.0619,Aditya Birla Sun Life Mutual Fund,Debt Scheme - Banking and PSU Fund
2013-01-07,119551,Aditya Birla Sun Life Banking & PSU Debt Fund  - DIRECT - IDCW,103.1408,Aditya Birla Sun Life Mutual Fund,Debt Scheme - Banking and PSU Fund
2013-01-08,119551,Aditya Birla Sun Life Banking & PSU Debt Fund  - DIRECT - IDCW,103.1663,Aditya Birla Sun Life Mutual Fund,Debt Scheme - Banking and PSU Fund
2013-01-09,119551,Aditya Birla Sun Life Banking & PSU Debt Fund  - DIRECT - IDCW,103.1897,Aditya Birla Sun Life Mutual Fund,Debt Scheme - Banking and PSU Fund
2013-01-10,119551,Aditya Birla Sun Life Banking & PSU Debt Fund  - DIRECT - IDCW,103.2132,Aditya Birla Sun Life Mutual Fund,Debt Scheme - Banking and PSU Fund
2013-01-11,119551,Aditya Birla Sun Life Banking & PSU Debt Fund  - DIRECT - IDCW,103.2385,Aditya Birla Sun Life Mutual Fund,Debt Scheme - Banking and PSU Fund
2013-01-14,119551,Aditya Birla Sun Life Banking & PSU Debt Fund  - DIRECT - IDCW,103.3225,Aditya Birla Sun Life Mutual Fund,Debt Scheme - Banking and PSU Fund
2013-01-15,119551,Aditya Birla Sun Life Banking & PSU Debt Fund  - DIRECT - IDCW,102.9223,Aditya Birla Sun Life Mutual Fund,Debt Scheme - Banking and PSU Fund
2013-01-16,119551,Aditya Birla Sun Life Banking & PSU Debt Fund  - DIRECT - IDCW,102.9421,Aditya Birla Sun Life Mutual Fund,Debt Scheme - Banking and PSU Fund
2013-01-17,119551,Aditya Birla Sun Life Banking & PSU Debt Fund  - DIRECT - IDCW,102.9691,Aditya Birla Sun Life Mutual Fund,Debt Scheme - Banking and PSU Fund
2013-01-18,119551,Aditya Birla Sun Life Banking & PSU Debt Fund  - DIRECT - IDCW,102.9932,Aditya Birla Sun Life Mutual Fund,Debt Scheme - Banking and PSU Fund
2013-01-21,119551,Aditya Birla Sun Life Banking & PSU Debt Fund  - DIRECT - IDCW,103.0662,Aditya Birla Sun Life Mutual Fund,Debt Scheme - Banking and PSU Fund
2013-01-22,119551,Aditya Birla Sun Life Banking & PSU Debt Fund  - DIRECT - IDCW,103.0909,Aditya Birla Sun Life Mutual Fund,Debt Scheme - Banking and PSU Fund
2013-01-23,119551,Aditya Birla Sun Life Banking & PSU Debt Fund  - DIRECT - IDCW,103.1145,Aditya Birla Sun Life Mutual Fund,Debt Scheme - Banking and PSU Fund
2013-01-24,119551,Aditya Birla Sun Life Banking & PSU Debt Fund  - DIRECT - IDCW,103.1411,Aditya Birla Sun Life Mutual Fund,Debt Scheme - Banking and PSU Fund
2013-01-28,119551,Aditya Birla Sun Life Banking & PSU Debt Fund  - DIRECT - IDCW,103.2351,Aditya Birla Sun Life Mutual Fund,Debt Scheme - Banking and PSU Fund
2013-01-29,119551,Aditya Birla Sun Life Banking & PSU Debt Fund  - DIRECT - IDCW,102.9384,Aditya Birla Sun Life Mutual Fund,Debt Scheme - Banking and PSU Fund
2013-01-30,119551,Aditya Birla Sun Life Banking & PSU Debt Fund  - DIRECT - IDCW,102.959,Aditya Birla Sun Life Mutual Fund,Debt Scheme - Banking and PSU Fund
2013-01-31,119551,Aditya Birla Sun Life Banking & PSU Debt Fund  - DIRECT - IDCW,102.9778,Aditya Birla Sun Life Mutual Fund,Debt Scheme - Banking and PSU Fund
2013-02-01,119551,Aditya Birla Sun Life Banking & PSU Debt Fund  - DIRECT - IDCW,102.9976,Aditya Birla Sun Life Mutual Fund,Debt Scheme - Banking and PSU Fund
2013-02-04,119551,Aditya Birla Sun Life Banking & PSU Debt Fund  - DIRECT - IDCW,103.0659,Aditya Birla Sun Life Mutual Fund,Debt Scheme - Banking and PSU Fund
2013-02-05,119551,Aditya Birla Sun Life Banking & PSU Debt Fund  - DIRECT - IDCW,103.0886,Aditya Birla Sun Life Mutual Fund,Debt Scheme - Banking and PSU Fund
2013-02-06,119551,Aditya Birla Sun Life Banking & PSU Debt Fund  - DIRECT - IDCW,103.1119,Aditya Birla Sun Life Mutual Fund,Debt Scheme - Banking and PSU Fund
2013-02-07,119551,Aditya Birla Sun Life Banking & PSU Debt Fund  - DIRECT - IDCW,103.1356,Aditya Birla Sun Life Mutual Fund,Debt Scheme - Banking and PSU Fund
2013-02-08,119551,Aditya Birla Sun Life Banking & PSU Debt Fund  - DIRECT - IDCW,103.1594,Aditya Birla Sun Life Mutual Fund,Debt Scheme - Banking and PSU Fund
2013-02-11,119551,Aditya Birla Sun Life Banking & PSU Debt Fund  - DIRECT - IDCW,103.2303,Aditya Birla Sun Life Mutual Fund,Debt Scheme - Banking and PSU Fund
2013-02-12,119551,Aditya Birla Sun Life Banking & PSU Debt Fund  - DIRECT - IDCW,103.2523,Aditya Birla Sun Life Mutual Fund,Debt Scheme - Banking and PSU Fund
2013-02-13,119551,Aditya Birla Sun Life Banking & PSU Debt Fund  - DIRECT - IDCW,103.2745,Aditya Birla Sun Life Mutual Fund,Debt Scheme - Banking and PSU Fund
2013-02-14,119551,Aditya Birla Sun Life Banking & PSU Debt Fund  - DIRECT - IDCW,103.2937,Aditya Birla Sun Life Mutual Fund,Debt Scheme - Banking and PSU Fund
2013-02-15,119551,Aditya Birla Sun Life Banking & PSU Debt Fund  - DIRECT - IDCW,102.9522,Aditya Birla Sun Life Mutual Fund,Debt Scheme - Banking and PSU Fund
2013-02-18,119551,Aditya Birla Sun Life Banking & PSU Debt Fund  - DIRECT - IDCW,103.0229,Aditya Birla Sun Life Mutual Fund,Debt Scheme - Banking and PSU Fund
2013-02-20,119551,Aditya Birla Sun Life Banking & PSU Debt Fund  - DIRECT - IDCW,103.0725,Aditya Birla Sun Life Mutual Fund,Debt Scheme - Banking and PSU Fund
2013-02-21,119551,Aditya Birla Sun Life Banking & PSU Debt Fund  - DIRECT - IDCW,103.0965,Aditya Birla Sun Life Mutual Fund,Debt Scheme - Banking and PSU Fund
2013-02-22,119551,Aditya Birla Sun Life Banking & PSU Debt Fund  - DIRECT - IDCW,103.1226,Aditya Birla Sun Life Mutual Fund,Debt Scheme - Banking and PSU Fund
2013-02-25,119551,Aditya Birla Sun Life Banking & PSU Debt Fund  - DIRECT - IDCW,103.1919,Aditya Birla Sun Life Mutual Fund,Debt Scheme - Banking and PSU Fund
2013-02-26,119551,Aditya Birla Sun Life Banking & PSU Debt Fund  - DIRECT - IDCW,103.2097,Aditya Birla Sun Life Mutual Fund,Debt Scheme - Banking and PSU Fund
2013-02-27,119551,Aditya Birla Sun Life Banking & PSU Debt Fund  - DIRECT - IDCW,103.2322,Aditya Birla Sun Life Mutual Fund,Debt Scheme - Banking and PSU Fund
2013-02-28,119551,Aditya Birla Sun Life Banking & PSU Debt Fund  - DIRECT - IDCW,103.254,Aditya Birla Sun Life Mutual Fund,Debt Scheme - Banking and PSU Fund
2013-03-01,119551,Aditya Birla Sun Life Banking & PSU Debt Fund  - DIRECT - IDCW,102.9714,Aditya Birla Sun Life Mutual Fund,Debt Scheme - Banking and PSU Fund
2013-03-04,119551,Aditya Birla Sun Life Banking & PSU Debt Fund  - DIRECT - IDCW,103.0478,Aditya Birla Sun Life Mutual Fund,Debt Scheme - Banking and PSU Fund
2013-03-05,119551,Aditya Birla Sun Life Banking & PSU Debt Fund  - DIRECT - IDCW,103.0786,Aditya Birla Sun Life Mutual Fund,Debt Scheme - Banking and PSU Fund
2013-03-06,119551,Aditya Birla Sun Life Banking & PSU Debt Fund  - DIRECT - IDCW,103.1012,Aditya Birla Sun Life Mutual Fund,Debt Scheme - Banking and PSU Fund
2013-03-07,119551,Aditya Birla Sun Life Banking & PSU Debt Fund  - DIRECT - IDCW,103.129,Aditya Birla Sun Life Mutual Fund,Debt Scheme - Banking and PSU Fund
2013-03-08,119551,Aditya Birla Sun Life Banking & PSU Debt Fund  - DIRECT - IDCW,103.1462,Aditya Birla Sun Life Mutual Fund,Debt Scheme - Banking and PSU Fund
2013-03-11,119551,Aditya Birla Sun Life Banking & PSU Debt Fund  - DIRECT - IDCW,103.2199,Aditya Birla Sun Life Mutual Fund,Debt Scheme - Banking and PSU Fund
2013-03-12,119551,Aditya Birla Sun Life Banking & PSU Debt Fund  - DIRECT - IDCW,103.251,Aditya Birla Sun Life Mutual Fund,Debt Scheme - Banking and PSU Fund
2013-03-13,119551,Aditya Birla Sun Life Banking & PSU Debt Fund  - DIRECT - IDCW,103.2884,Aditya Birla Sun Life Mutual Fund,Debt Scheme - Banking and PSU Fund
2013-03-14,119551,Aditya Birla Sun Life Banking & PSU Debt Fund  - DIRECT - IDCW,103.34,Aditya Birla Sun Life Mutual Fund,Debt Scheme - Banking and PSU Fund
2013-03-15,119551,Aditya Birla Sun Life Banking & PSU Debt Fund  - DIRECT - IDCW,102.9975,Aditya Birla Sun Life Mutual Fund,Debt Scheme - Banking and PSU Fund
2013-03-18,119551,Aditya Birla Sun Life Banking & PSU Debt Fund  - DIRECT - IDCW,103.0355,Aditya Birla Sun Life Mutual Fund,Debt Scheme - Banking and PSU Fund
2013-03-19,119551,Aditya Birla Sun Life Banking & PSU Debt Fund  - DIRECT - IDCW,103.0632,Aditya Birla Sun Life Mutual Fund,Debt Scheme - Banking and PSU Fund
2013-03-20,119551,Aditya Birla Sun Life Banking & PSU Debt Fund  - DIRECT - IDCW,103.1016,Aditya Birla Sun Life Mutual Fund,Debt Scheme - Banking and PSU Fund
2013-03-21,119551,Aditya Birla Sun Life Banking & PSU Debt Fund  - DIRECT - IDCW,103.157,Aditya Birla Sun Life Mutual Fund,Debt Scheme - Banking and PSU Fund
2013-03-22,119551,Aditya Birla Sun Life Banking & PSU Debt Fund  - DIRECT - IDCW,103.1891,Aditya Birla Sun Life Mutual Fund,Debt Scheme - Banking and PSU Fund
2013-03-25,119551,Aditya Birla Sun Life Banking & PSU Debt Fund  - DIRECT - IDCW,103.2114,Aditya Birla Sun Life Mutual Fund,Debt Scheme - Banking and PSU Fund
2013-03-26,119551,Aditya Birla Sun Life Banking & PSU Debt Fund  - DIRECT - IDCW,103.2285,Aditya Birla Sun Life Mutual Fund,Debt Scheme - Banking and PSU Fund
2013-03-28,119551,Aditya Birla Sun Life Banking & PSU Debt Fund  - DIRECT - IDCW,103.2633,Aditya Birla Sun Life Mutual Fund,Debt Scheme - Banking and PSU Fund
2013-04-02,119551,Aditya Birla Sun Life Banking & PSU Debt Fund  - DIRECT - IDCW,103.2626,Aditya Birla Sun Life Mutual Fund,Debt Scheme - Banking and PSU Fund
2013-04-03,119551,Aditya Birla Sun Life Banking & PSU Debt Fund  - DIRECT - IDCW,103.3274,Aditya Birla Sun Life Mutual Fund,Debt Scheme - Banking and PSU Fund
2013-04-04,119551,Aditya Birla Sun Life Banking & PSU Debt Fund  - DIRECT - IDCW,103.4096,Aditya Birla Sun Life Mutual Fund,Debt Scheme - Banking and PSU Fund
2013-04-05,119551,Aditya Birla Sun Life Banking & PSU Debt Fund  - DIRECT - IDCW,103.4164,Aditya Birla Sun Life Mutual Fund,Debt Scheme - Banking and PSU Fund
2013-04-08,119551,Aditya Birla Sun Life Banking & PSU Debt Fund  - DIRECT - IDCW,103.462,Aditya Birla Sun Life Mutual Fund,Debt Scheme - Banking and PSU Fund
2013-04-09,119551,Aditya Birla Sun Life Banking & PSU Debt Fund  - DIRECT - IDCW,103.4716,Aditya Birla Sun Life Mutual Fund,Debt Scheme - Banking and PSU Fund
2013-04-10,119551,Aditya Birla Sun Life Banking & PSU Debt Fund  - DIRECT - IDCW,103.4653,Aditya Birla Sun Life Mutual Fund,Debt Scheme - Banking and PSU Fund
2013-04-12,119551,Aditya Birla Sun Life Banking & PSU Debt Fund  - DIRECT - IDCW,103.5704,Aditya Birla Sun Life Mutual Fund,Debt Scheme - Banking and PSU Fund
2013-04-15,119551,Aditya Birla Sun Life Banking & PSU Debt Fund  - DIRECT - IDCW,103.6711,Aditya Birla Sun Life Mutual Fund,Debt Scheme - Banking and PSU Fund
2013-04-16,119551,Aditya Birla Sun Life Banking & PSU Debt Fund  - DIRECT - IDCW,103.0719,Aditya Birla Sun Life Mutual Fund,Debt Scheme - Banking and PSU Fund
2013-04-17,119551,Aditya Birla Sun Life Banking & PSU Debt Fund  - DIRECT - IDCW,103.0866,Aditya Birla Sun Life Mutual Fund,Debt Scheme - Banking and PSU Fund
2013-04-18,119551,Aditya Birla Sun Life Banking & PSU Debt Fund  - DIRECT - IDCW,103.1589,Aditya Birla Sun Life Mutual Fund,Debt Scheme - Banking and PSU Fund
2013-04-22,119551,Aditya Birla Sun Life Banking & PSU Debt Fund  - DIRECT - IDCW,103.216,Aditya Birla Sun Life Mutual Fund,Debt Scheme - Banking and PSU Fund
2013-04-23,119551,Aditya Birla Sun Life Banking & PSU Debt Fund  - DIRECT - IDCW,103.2481,Aditya Birla Sun Life Mutual Fund,Debt Scheme - Banking and PSU Fund
2013-04-25,119551,Aditya Birla Sun Life Banking & PSU Debt Fund  - DIRECT - IDCW,103.2947,Aditya Birla Sun Life Mutual Fund,Debt Scheme - Banking and PSU Fund
2013-04-26,119551,Aditya Birla Sun Life Banking & PSU Debt Fund  - DIRECT - IDCW,103.3139,Aditya Birla Sun Life Mutual Fund,Debt Scheme - Banking and PSU Fund
2013-04-29,119551,Aditya Birla Sun Life Banking & PSU Debt Fund  - DIRECT - IDCW,103.3845,Aditya Birla Sun Life Mutual Fund,Debt Scheme - Banking and PSU Fund
2013-04-30,119551,Aditya Birla Sun Life Banking & PSU Debt Fund  - DIRECT - IDCW,103.0655,Aditya Birla Sun Life Mutual Fund,Debt Scheme - Banking and PSU Fund
2013-05-02,119551,Aditya Birla Sun Life Banking & PSU Debt Fund  - DIRECT - IDCW,103.2057,Aditya Birla Sun Life Mutual Fund,Debt Scheme - Banking and PSU Fund
2013-05-03,119551,Aditya Birla Sun Life Banking & PSU Debt Fund  - DIRECT - IDCW,103.2082,Aditya Birla Sun Life Mutual Fund,Debt Scheme - Banking and PSU Fund
2013-05-06,119551,Aditya Birla Sun Life Banking & PSU Debt Fund  - DIRECT - IDCW,103.2821,Aditya Birla Sun Life Mutual Fund,Debt Scheme - Banking and PSU Fund
2013-05-07,119551,Aditya Birla Sun Life Banking & PSU Debt Fund  - DIRECT - IDCW,103.3087,Aditya Birla Sun Life Mutual Fund,Debt Scheme - Banking and PSU Fund
2013-05-08,119551,Aditya Birla Sun Life Banking & PSU Debt Fund  - DIRECT - IDCW,103.3404,Aditya Birla Sun Life Mutual Fund,Debt Scheme - Banking and PSU Fund
2013-05-09,119551,Aditya Birla Sun Life Banking & PSU Debt Fund  - DIRECT - IDCW,103.3949,Aditya Birla Sun Life Mutual Fund,Debt Scheme - Banking and PSU Fund
2013-05-10,119551,Aditya Birla Sun Life Banking & PSU Debt Fund  - DIRECT - IDCW,103.4157,Aditya Birla Sun Life Mutual Fund,Debt Scheme - Banking and PSU Fund
2013-05-13,119551,Aditya Birla Sun Life Banking & PSU Debt Fund  - DIRECT - IDCW,103.4824,Aditya Birla Sun Life Mutual Fund,Debt Scheme - Banking and PSU Fund
2013-05-14,119551,Aditya Birla Sun Life Banking & PSU Debt Fund  - DIRECT - IDCW,103.5159,Aditya Birla Sun Life Mutual Fund,Debt Scheme - Banking and PSU Fund
2013-05-15,119551,Aditya Birla Sun Life Banking & PSU Debt Fund  - DIRECT - IDCW,103.113,Aditya Birla Sun Life Mutual Fund,Debt Scheme - Banking and PSU Fund
2013-05-16,119551,Aditya Birla Sun Life Banking & PSU Debt Fund  - DIRECT - IDCW,103.141,Aditya Birla Sun Life Mutual Fund,Debt Scheme - Banking and PSU Fund
2013-05-17,119551,Aditya Birla Sun Life Banking & PSU Debt Fund  - DIRECT - IDCW,103.1745,Aditya Birla Sun Life Mutual Fund,Debt Scheme - Banking and PSU Fund
2013-05-20,119551,Aditya Birla Sun Life Banking & PSU Debt Fund  - DIRECT - IDCW,103.2356,Aditya Birla Sun Life Mutual Fund,Debt Scheme - Banking and PSU Fund
2013-05-21,119551,Aditya Birla Sun Life Banking & PSU Debt Fund  - DIRECT - IDCW,103.2444,Aditya Birla Sun Life Mutual Fund,Debt Scheme - Banking and PSU Fund
2013-05-22,119551,Aditya Birla Sun Life Banking & PSU Debt Fund  - DIRECT - IDCW,103.2698,Aditya Birla Sun Life Mutual Fund,Debt Scheme - Banking and PSU Fund
2013-05-23,119551,Aditya Birla Sun Life Banking & PSU Debt Fund  - DIRECT - IDCW,103.2705,Aditya Birla Sun Life Mutual Fund,Debt Scheme - Banking and PSU Fund
2013-05-24,119551,Aditya Birla Sun Life Banking & PSU Debt Fund  - DIRECT - IDCW,103.2834,Aditya Birla Sun Life Mutual Fund,Debt Scheme - Banking and PSU Fund
2013-05-27,119551,Aditya Birla Sun Life Banking & PSU Debt Fund  - DIRECT - IDCW,103.349,Aditya Birla Sun Life Mutual Fund,Debt Scheme - Banking and PSU Fund
2013-05-28,119551,Aditya Birla Sun Life Banking & PSU Debt Fund  - DIRECT - IDCW,103.3617,Aditya Birla Sun Life Mutual Fund,Debt Scheme - Banking and PSU Fund
2013-05-29,119551,Aditya Birla Sun Life Banking & PSU Debt Fund  - DIRECT - IDCW,103.0877,Aditya Birla Sun Life Mutual Fund,Debt Scheme - Banking and PSU Fund
2013-05-30,119551,Aditya Birla Sun Life Banking & PSU Debt Fund  - DIRECT - IDCW,103.1152,Aditya Birla Sun Life Mutual Fund,Debt Scheme - Banking and PSU Fund
2013-05-31,119551,Aditya Birla Sun Life Banking & PSU Debt Fund  - DIRECT - IDCW,103.1296,Aditya Birla Sun Life Mutual Fund,Debt Scheme - Banking and PSU Fund
2013-06-03,119551,Aditya Birla Sun Life Banking & PSU Debt Fund  - DIRECT - IDCW,103.1984,Aditya Birla Sun Life Mutual Fund,Debt Scheme - Banking and PSU Fund
2013-06-04,119551,Aditya Birla Sun Life Banking & PSU Debt Fund  - DIRECT - IDCW,103.225,Aditya Birla Sun Life Mutual Fund,Debt Scheme - Banking and PSU Fund
2013-06-05,119551,Aditya Birla Sun Life Banking & PSU Debt Fund  - DIRECT - IDCW,103.2598,Aditya Birla Sun Life Mutual Fund,Debt Scheme - Banking and PSU Fund
2013-06-06,119551,Aditya Birla Sun Life Banking & PSU Debt Fund  - DIRECT - IDCW,103.2957,Aditya Birla Sun Life Mutual Fund,Debt Scheme - Banking and PSU Fund
2013-06-07,119551,Aditya Birla Sun Life Banking & PSU Debt Fund  - DIRECT - IDCW,103.3194,Aditya Birla Sun Life Mutual Fund,Debt Scheme - Banking and PSU Fund
2013-06-10,119551,Aditya Birla Sun Life Banking & PSU Debt Fund  - DIRECT - IDCW,103.3704,Aditya Birla Sun Life Mutual Fund,Debt Scheme - Banking and PSU Fund
2013-06-11,119551,Aditya Birla Sun Life Banking & PSU Debt Fund  - DIRECT - IDCW,103.3832,Aditya Birla Sun Life Mutual Fund,Debt Scheme - Banking and PSU Fund
2013-06-12,119551,Aditya Birla Sun Life Banking & PSU Debt Fund  - DIRECT - IDCW,103.3913,Aditya Birla Sun Life Mutual Fund,Debt Scheme - Banking and PSU Fund
2013-06-13,119551,Aditya Birla Sun Life Banking & PSU Debt Fund  - DIRECT - IDCW,103.4056,Aditya Birla Sun Life Mutual Fund,Debt Scheme - Banking and PSU Fund
2013-06-14,119551,Aditya Birla Sun Life Banking & PSU Debt Fund  - DIRECT - IDCW,103.4267,Aditya Birla Sun Life Mutual Fund,Debt Scheme - Banking and PSU Fund
2013-06-17,119551,Aditya Birla Sun Life Banking & PSU Debt Fund  - DIRECT - IDCW,103.154,Aditya Birla Sun Life Mutual Fund,Debt Scheme - Banking and PSU Fund
2013-06-18,119551,Aditya Birla Sun Life Banking & PSU Debt Fund  - DIRECT - IDCW,103.221,Aditya Birla Sun Life Mutual Fund,Debt Scheme - Banking and PSU Fund
2013-06-19,119551,Aditya Birla Sun Life Banking & PSU Debt Fund  - DIRECT - IDCW,103.2602,Aditya Birla Sun Life Mutual Fund,Debt Scheme - Banking and PSU Fund
2013-06-20,119551,Aditya Birla Sun Life Banking & PSU Debt Fund  - DIRECT - IDCW,103.2642,Aditya Birla Sun Life Mutual Fund,Debt Scheme - Banking and PSU Fund
2013-06-21,119551,Aditya Birla Sun Life Banking & PSU Debt Fund  - DIRECT - IDCW,103.2992,Aditya Birla Sun Life Mutual Fund,Debt Scheme - Banking and PSU Fund
2013-06-24,119551,Aditya Birla Sun Life Banking & PSU Debt Fund  - DIRECT - IDCW,103.3469,Aditya Birla Sun Life Mutual Fund,Debt Scheme - Banking and PSU Fund
2013-06-25,119551,Aditya Birla Sun Life Banking & PSU Debt Fund  - DIRECT - IDCW,103.3595,Aditya Birla Sun Life Mutual Fund,Debt Scheme - Banking and PSU Fund
2013-06-26,119551,Aditya Birla Sun Life Banking & PSU Debt Fund  - DIRECT - IDCW,103.3772,Aditya Birla Sun Life Mutual Fund,Debt Scheme - Banking and PSU Fund
2013-06-27,119551,Aditya Birla Sun Life Banking & PSU Debt Fund  - DIRECT - IDCW,103.3957,Aditya Birla Sun Life Mutual Fund,Debt Scheme - Banking and PSU Fund
2013-06-28,119551,Aditya Birla Sun Life Banking & PSU Debt Fund  - DIRECT - IDCW,103.4072,Aditya Birla Sun Life Mutual Fund,Debt Scheme - Banking and PSU Fund
2013-07-02,119551,Aditya Birla Sun Life Banking & PSU Debt Fund  - DIRECT - IDCW,103.2075,Aditya Birla Sun Life Mutual Fund,Debt Scheme - Banking and PSU Fund
2013-07-03,119551,Aditya Birla Sun Life Banking & PSU Debt Fund  - DIRECT - IDCW,103.2267,Aditya Birla Sun Life Mutual Fund,Debt Scheme - Banking and PSU Fund
2013-07-04,119551,Aditya Birla Sun Life Banking & PSU Debt Fund  - DIRECT - IDCW,103.265,Aditya Birla Sun Life Mutual Fund,Debt Scheme - Banking and PSU Fund
2013-07-05,119551,Aditya Birla Sun Life Banking & PSU Debt Fund  - DIRECT - IDCW,103.2854,Aditya Birla Sun Life Mutual Fund,Debt Scheme - Banking and PSU Fund
2013-07-08,119551,Aditya Birla Sun Life Banking & PSU Debt Fund  - DIRECT - IDCW,103.3431,Aditya Birla Sun Life Mutual Fund,Debt Scheme - Banking and PSU Fund
2013-07-09,119551,Aditya Birla Sun Life Banking & PSU Debt Fund  - DIRECT - IDCW,103.368,Aditya Birla Sun Life Mutual Fund,Debt Scheme - Banking and PSU Fund
2013-07-10,119551,Aditya Birla Sun Life Banking & PSU Debt Fund  - DIRECT - IDCW,103.3886,Aditya Birla Sun Life Mutual Fund,Debt Scheme - Banking and PSU Fund
2013-07-11,119551,Aditya Birla Sun Life Banking & PSU Debt Fund  - DIRECT - IDCW,103.4083,Aditya Birla Sun Life Mutual Fund,Debt Scheme - Banking and PSU Fund
2013-07-12,119551,Aditya Birla Sun Life Banking & PSU Debt Fund  - DIRECT - IDCW,103.4314,Aditya Birla Sun Life Mutual Fund,Debt Scheme - Banking and PSU Fund
2013-07-15,119551,Aditya Birla Sun Life Banking & PSU Debt Fund  - DIRECT - IDCW,103.4995,Aditya Birla Sun Life Mutual Fund,Debt Scheme - Banking and PSU Fund
2013-07-16,119551,Aditya Birla Sun Life Banking & PSU Debt Fund  - DIRECT - IDCW,102.6046,Aditya Birla Sun Life Mutual Fund,Debt Scheme - Banking and PSU Fund
2013-07-17,119551,Aditya Birla Sun Life Banking & PSU Debt Fund  - DIRECT - IDCW,102.7023,Aditya Birla Sun Life Mutual Fund,Debt Scheme - Banking and PSU Fund
2013-07-18,119551,Aditya Birla Sun Life Banking & PSU Debt Fund  - DIRECT - IDCW,102.8496,Aditya Birla Sun Life Mutual Fund,Debt Scheme - Banking and PSU Fund
2013-07-19,119551,Aditya Birla Sun Life Banking & PSU Debt Fund  - DIRECT - IDCW,102.8672,Aditya Birla Sun Life Mutual Fund,Debt Scheme - Banking and PSU Fund
2013-07-22,119551,Aditya Birla Sun Life Banking & PSU Debt Fund  - DIRECT - IDCW,102.9274,Aditya Birla Sun Life Mutual Fund,Debt Scheme - Banking and PSU Fund
2013-07-23,119551,Aditya Birla Sun Life Banking & PSU Debt Fund  - DIRECT - IDCW,102.8344,Aditya Birla Sun Life Mutual Fund,Debt Scheme - Banking and PSU Fund
2013-07-24,119551,Aditya Birla Sun Life Banking & PSU Debt Fund  - DIRECT - IDCW,102.6244,Aditya Birla Sun Life Mutual Fund,Debt Scheme - Banking and PSU Fund
2013-07-25,119551,Aditya Birla Sun Life Banking & PSU Debt Fund  - DIRECT - IDCW,102.6991,Aditya Birla Sun Life Mutual Fund,Debt Scheme - Banking and PSU Fund
2013-07-26,119551,Aditya Birla Sun Life Banking & PSU Debt Fund  - DIRECT - IDCW,102.7573,Aditya Birla Sun Life Mutual Fund,Debt Scheme - Banking and PSU Fund
2013-07-29,119551,Aditya Birla Sun Life Banking & PSU Debt Fund  - DIRECT - IDCW,102.8554,Aditya Birla Sun Life Mutual Fund,Debt Scheme - Banking and PSU Fund
2013-07-30,119551,Aditya Birla Sun Life Banking & PSU Debt Fund  - DIRECT - IDCW,102.8875,Aditya Birla Sun Life Mutual Fund,Debt Scheme - Banking and PSU Fund
2013-07-31,119551,Aditya Birla Sun Life Banking & PSU Debt Fund  - DIRECT - IDCW,102.9055,Aditya Birla Sun Life Mutual Fund,Debt Scheme - Banking and PSU Fund
2013-08-01,119551,Aditya Birla Sun Life Banking & PSU Debt Fund  - DIRECT - IDCW,102.9596,Aditya Birla Sun Life Mutual Fund,Debt Scheme - Banking and PSU Fund
2013-08-02,119551,Aditya Birla Sun Life Banking & PSU Debt Fund  - DIRECT - IDCW,103.0101,Aditya Birla Sun Life Mutual Fund,Debt Scheme - Banking and PSU Fund
2013-08-05,119551,Aditya Birla Sun Life Banking & PSU Debt Fund  - DIRECT - IDCW,103.1389,Aditya Birla Sun Life Mutual Fund,Debt Scheme - Banking and PSU Fund
2013-08-06,119551,Aditya Birla Sun Life Banking & PSU Debt Fund  - DIRECT - IDCW,103.1471,Aditya Birla Sun Life Mutual Fund,Debt Scheme - Banking and PSU Fund
2013-08-07,119551,Aditya Birla Sun Life Banking & PSU Debt Fund  - DIRECT - IDCW,103.1785,Aditya Birla Sun Life Mutual Fund,Debt Scheme - Banking and PSU Fund
2013-08-08,119551,Aditya Birla Sun Life Banking & PSU Debt Fund  - DIRECT - IDCW,103.2116,Aditya Birla Sun Life Mutual Fund,Debt Scheme - Banking and PSU Fund
2013-08-12,119551,Aditya Birla Sun Life Banking & PSU Debt Fund  - DIRECT - IDCW,103.2958,Aditya Birla Sun Life Mutual Fund,Debt Scheme - Banking and PSU Fund
2013-08-13,119551,Aditya Birla Sun Life Banking & PSU Debt Fund  - DIRECT - IDCW,103.3152,Aditya Birla Sun Life Mutual Fund,Debt Scheme - Banking and PSU Fund
2013-08-14,119551,Aditya Birla Sun Life Banking & PSU Debt Fund  - DIRECT - IDCW,103.364,Aditya Birla Sun Life Mutual Fund,Debt Scheme - Banking and PSU Fund
2013-08-16,119551,Aditya Birla Sun Life Banking & PSU Debt Fund  - DIRECT - IDCW,103.1558,Aditya Birla Sun Life Mutual Fund,Debt Scheme - Banking and PSU Fund
2013-08-19,119551,Aditya Birla Sun Life Banking & PSU Debt Fund  - DIRECT - IDCW,103.207,Aditya Birla Sun Life Mutual Fund,Debt Scheme - Banking and PSU Fund
2013-08-20,119551,Aditya Birla Sun Life Banking & PSU Debt Fund  - DIRECT - IDCW,103.2086,Aditya Birla Sun Life Mutual Fund,Debt Scheme - Banking and PSU Fund
2013-08-21,119551,Aditya Birla Sun Life Banking & PSU Debt Fund  - DIRECT - IDCW,103.3135,Aditya Birla Sun Life Mutual Fund,Debt Scheme - Banking and PSU Fund
2013-08-22,119551,Aditya Birla Sun Life Banking & PSU Debt Fund  - DIRECT - IDCW,103.3345,Aditya Birla Sun Life Mutual Fund,Debt Scheme - Banking and PSU Fund
2013-08-23,119551,Aditya Birla Sun Life Banking & PSU Debt Fund  - DIRECT - IDCW,103.3768,Aditya Birla Sun Life Mutual Fund,Debt Scheme - Banking and PSU Fund
2013-08-26,119551,Aditya Birla Sun Life Banking & PSU Debt Fund  - DIRECT - IDCW,103.4776,Aditya Birla Sun Life Mutual Fund,Debt Scheme - Banking and PSU Fund
2013-08-27,119551,Aditya Birla Sun Life Banking & PSU Debt Fund  - DIRECT - IDCW,103.4881,Aditya Birla Sun Life Mutual Fund,Debt Scheme - Banking and PSU Fund
2013-08-28,119551,Aditya Birla Sun Life Banking & PSU Debt Fund  - DIRECT - IDCW,103.4713,Aditya Birla Sun Life Mutual Fund,Debt Scheme - Banking and PSU Fund
2013-08-29,119551,Aditya Birla Sun Life Banking & PSU Debt Fund  - DIRECT - IDCW,103.1588,Aditya Birla Sun Life Mutual Fund,Debt Scheme - Banking and PSU Fund
2013-08-30,119551,Aditya Birla Sun Life Banking & PSU Debt Fund  - DIRECT - IDCW,103.214,Aditya Birla Sun Life Mutual Fund,Debt Scheme - Banking and PSU Fund
2013-09-02,119551,Aditya Birla Sun Life Banking & PSU Debt Fund  - DIRECT - IDCW,103.3253,Aditya Birla Sun Life Mutual Fund,Debt Scheme - Banking and PSU Fund
2013-09-03,119551,Aditya Birla Sun Life Banking & PSU Debt Fund  - DIRECT - IDCW,103.3815,Aditya Birla Sun Life Mutual Fund,Debt Scheme - Banking and PSU Fund
2013-09-04,119551,Aditya Birla Sun Life Banking & PSU Debt Fund  - DIRECT - IDCW,103.4408,Aditya Birla Sun Life Mutual Fund,Debt Scheme - Banking and PSU Fund
2013-09-05,119551,Aditya Birla Sun Life Banking & PSU Debt Fund  - DIRECT - IDCW,103.5445,Aditya Birla Sun Life Mutual Fund,Debt Scheme - Banking and PSU Fund
2013-09-06,119551,Aditya Birla Sun Life Banking & PSU Debt Fund  - DIRECT - IDCW,103.5778,Aditya Birla Sun Life Mutual Fund,Debt Scheme - Banking and PSU Fund
2013-09-10,119551,Aditya Birla Sun Life Banking & PSU Debt Fund  - DIRECT - IDCW,103.7133,Aditya Birla Sun Life Mutual Fund,Debt Scheme - Banking and PSU Fund
2013-09-11,119551,Aditya Birla Sun Life Banking & PSU Debt Fund  - DIRECT - IDCW,103.7462,Aditya Birla Sun Life Mutual Fund,Debt Scheme - Banking and PSU Fund
2013-09-12,119551,Aditya Birla Sun Life Banking & PSU Debt Fund  - DIRECT - IDCW,103.7831,Aditya Birla Sun Life Mutual Fund,Debt Scheme - Banking and PSU Fund
2013-09-13,119551,Aditya Birla Sun Life Banking & PSU Debt Fund  - DIRECT - IDCW,103.8036,Aditya Birla Sun Life Mutual Fund,Debt Scheme - Banking and PSU Fund
2013-09-16,119551,Aditya Birla Sun Life Banking & PSU Debt Fund  - DIRECT - IDCW,103.8949,Aditya Birla Sun Life Mutual Fund,Debt Scheme - Banking and PSU Fund
2013-09-17,119551,Aditya Birla Sun Life Banking & PSU Debt Fund  - DIRECT - IDCW,103.2261,Aditya Birla Sun Life Mutual Fund,Debt Scheme - Banking and PSU Fund
2013-09-18,119551,Aditya Birla Sun Life Banking & PSU Debt Fund  - DIRECT - IDCW,103.3108,Aditya Birla Sun Life Mutual Fund,Debt Scheme - Banking and PSU Fund
2013-09-19,119551,Aditya Birla Sun Life Banking & PSU Debt Fund  - DIRECT - IDCW,103.4545,Aditya Birla Sun Life Mutual Fund,Debt Scheme - Banking and PSU Fund
2013-09-20,119551,Aditya Birla Sun Life Banking & PSU Debt Fund  - DIRECT - IDCW,103.5346,Aditya Birla Sun Life Mutual Fund,Debt Scheme - Banking and PSU Fund
2013-09-23,119551,Aditya Birla Sun Life Banking & PSU Debt Fund  - DIRECT - IDCW,103.594,Aditya Birla Sun Life Mutual Fund,Debt Scheme - Banking and PSU Fund
2013-09-24,119551,Aditya Birla Sun Life Banking & PSU Debt Fund  - DIRECT - IDCW,103.6,Aditya Birla Sun Life Mutual Fund,Debt Scheme - Banking and PSU Fund
2013-09-25,119551,Aditya Birla Sun Life Banking & PSU Debt Fund  - DIRECT - IDCW,103.6534,Aditya Birla Sun Life Mutual Fund,Debt Scheme - Banking and PSU Fund
2013-09-26,119551,Aditya Birla Sun Life Banking & PSU Debt Fund  - DIRECT - IDCW,103.6866,Aditya Birla Sun Life Mutual Fund,Debt Scheme - Banking and PSU Fund
2013-09-27,119551,Aditya Birla Sun Life Banking & PSU Debt Fund  - DIRECT - IDCW,103.724,Aditya Birla Sun Life Mutual Fund,Debt Scheme - Banking and PSU Fund
2013-09-30,119551,Aditya Birla Sun Life Banking & PSU Debt Fund  - DIRECT - IDCW,103.7595,Aditya Birla Sun Life Mutual Fund,Debt Scheme - Banking and PSU Fund
2013-10-01,119551,Aditya Birla Sun Life Banking & PSU Debt Fund  - DIRECT - IDCW,103.2655,Aditya Birla Sun Life Mutual Fund,Debt Scheme - Banking and PSU Fund
2013-10-03,119551,Aditya Birla Sun Life Banking & PSU Debt Fund  - DIRECT - IDCW,103.3443,Aditya Birla Sun Life Mutual Fund,Debt Scheme - Banking and PSU Fund
2013-10-04,119551,Aditya Birla Sun Life Banking & PSU Debt Fund  - DIRECT - IDCW,103.4092,Aditya Birla Sun Life Mutual Fund,Debt Scheme - Banking and PSU Fund
2013-10-07,119551,Aditya Birla Sun Life Banking & PSU Debt Fund  - DIRECT - IDCW,103.5211,Aditya Birla Sun Life Mutual Fund,Debt Scheme - Banking and PSU Fund
2013-10-08,119551,Aditya Birla Sun Life Banking & PSU Debt Fund  - DIRECT - IDCW,103.7122,Aditya Birla Sun Life Mutual Fund,Debt Scheme - Banking and PSU Fund
2013-10-09,119551,Aditya Birla Sun Life Banking & PSU Debt Fund  - DIRECT - IDCW,103.7191,Aditya Birla Sun Life Mutual Fund,Debt Scheme - Banking and PSU Fund
2013-10-10,119551,Aditya Birla Sun Life Banking & PSU Debt Fund  - DIRECT - IDCW,103.7396,Aditya Birla Sun Life Mutual Fund,Debt Scheme - Banking and PSU Fund
2013-10-11,119551,Aditya Birla Sun Life Banking & PSU Debt Fund  - DIRECT - IDCW,103.7572,Aditya Birla Sun Life Mutual Fund,Debt Scheme - Banking and PSU Fund
2013-10-14,119551,Aditya Birla Sun Life Banking & PSU Debt Fund  - DIRECT - IDCW,103.8303,Aditya Birla Sun Life Mutual Fund,Debt Scheme - Banking and PSU Fund
2013-10-15,119551,Aditya Birla Sun Life Banking & PSU Debt Fund  - DIRECT - IDCW,103.2589,Aditya Birla Sun Life Mutual Fund,Debt Scheme - Banking and PSU Fund
2013-10-17,119551,Aditya Birla Sun Life Banking & PSU Debt Fund  - DIRECT - IDCW,103.3326,Aditya Birla Sun Life Mutual Fund,Debt Scheme - Banking and PSU Fund
2013-10-18,119551,Aditya Birla Sun Life Banking & PSU Debt Fund  - DIRECT - IDCW,103.3672,Aditya Birla Sun Life Mutual Fund,Debt Scheme - Banking and PSU Fund
2013-10-21,119551,Aditya Birla Sun Life Banking & PSU Debt Fund  - DIRECT - IDCW,103.4516,Aditya Birla Sun Life Mutual Fund,Debt Scheme - Banking and PSU Fund
2013-10-22,119551,Aditya Birla Sun Life Banking & PSU Debt Fund  - DIRECT - IDCW,103.4859,Aditya Birla Sun Life Mutual Fund,Debt Scheme - Banking and PSU Fund
2013-10-23,119551,Aditya Birla Sun Life Banking & PSU Debt Fund  - DIRECT - IDCW,103.4986,Aditya Birla Sun Life Mutual Fund,Debt Scheme - Banking and PSU Fund
2013-10-24,119551,Aditya Birla Sun Life Banking & PSU Debt Fund  - DIRECT - IDCW,103.5248,Aditya Birla Sun Life Mutual Fund,Debt Scheme - Banking and PSU Fund
2013-10-25,119551,Aditya Birla Sun Life Banking & PSU Debt Fund  - DIRECT - IDCW,103.5569,Aditya Birla Sun Life Mutual Fund,Debt Scheme - Banking and PSU Fund
2013-10-28,119551,Aditya Birla Sun Life Banking & PSU Debt Fund  - DIRECT - IDCW,103.6375,Aditya Birla Sun Life Mutual Fund,Debt Scheme - Banking and PSU Fund
2013-10-29,119551,Aditya Birla Sun Life Banking & PSU Debt Fund  - DIRECT - IDCW,103.332,Aditya Birla Sun Life Mutual Fund,Debt Scheme - Banking and PSU Fund
2013-10-30,119551,Aditya Birla Sun Life Banking & PSU Debt Fund  - DIRECT - IDCW,103.3571,Aditya Birla Sun Life Mutual Fund,Debt Scheme - Banking and PSU Fund
2013-10-31,119551,Aditya Birla Sun Life Banking & PSU Debt Fund  - DIRECT - IDCW,103.3858,Aditya Birla Sun Life Mutual Fund,Debt Scheme - Banking and PSU Fund
2013-11-01,119551,Aditya Birla Sun Life Banking & PSU Debt Fund  - DIRECT - IDCW,103.3966,Aditya Birla Sun Life Mutual Fund,Debt Scheme - Banking and PSU Fund
2013-11-05,119551,Aditya Birla Sun Life Banking & PSU Debt Fund  - DIRECT - IDCW,103.4962,Aditya Birla Sun Life Mutual Fund,Debt Scheme - Banking and PSU Fund
2013-11-06,119551,Aditya Birla Sun Life Banking & PSU Debt Fund  - DIRECT - IDCW,103.5239,Aditya Birla Sun Life Mutual Fund,Debt Scheme - Banking and PSU Fund
2013-11-07,119551,Aditya Birla Sun Life Banking & PSU Debt Fund  - DIRECT - IDCW,103.5073,Aditya Birla Sun Life Mutual Fund,Debt Scheme - Banking and PSU Fund
2013-11-08,119551,Aditya Birla Sun Life Banking & PSU Debt Fund  - DIRECT - IDCW,103.5326,Aditya Birla Sun Life Mutual Fund,Debt Scheme - Banking and PSU Fund
2013-11-11,119551,Aditya Birla Sun Life Banking & PSU Debt Fund  - DIRECT - IDCW,103.5975,Aditya Birla Sun Life Mutual Fund,Debt Scheme - Banking and PSU Fund
2013-11-12,119551,Aditya Birla Sun Life Banking & PSU Debt Fund  - DIRECT - IDCW,103.6068,Aditya Birla Sun Life Mutual Fund,Debt Scheme - Banking and PSU Fund
2013-11-13,119551,Aditya Birla Sun Life Banking & PSU Debt Fund  - DIRECT - IDCW,103.6314,Aditya Birla Sun Life Mutual Fund,Debt Scheme - Banking and PSU Fund
2013-11-14,119551,Aditya Birla Sun Life Banking & PSU Debt Fund  - DIRECT - IDCW,103.6701,Aditya Birla Sun Life Mutual Fund,Debt Scheme - Banking and PSU Fund
2013-11-18,119551,Aditya Birla Sun Life Banking & PSU Debt Fund  - DIRECT - IDCW,103.396,Aditya Birla Sun Life Mutual Fund,Debt Scheme - Banking and PSU Fund
2013-11-19,119551,Aditya Birla Sun Life Banking & PSU Debt Fund  - DIRECT - IDCW,103.4355,Aditya Birla Sun Life Mutual Fund,Debt Scheme - Banking and PSU Fund
2013-11-20,119551,Aditya Birla Sun Life Banking & PSU Debt Fund  - DIRECT - IDCW,103.4681,Aditya Birla Sun Life Mutual Fund,Debt Scheme - Banking and PSU Fund
2013-11-21,119551,Aditya Birla Sun Life Banking & PSU Debt Fund  - DIRECT - IDCW,103.474,Aditya Birla Sun Life Mutual Fund,Debt Scheme - Banking and PSU Fund
2013-11-22,119551,Aditya Birla Sun Life Banking & PSU Debt Fund  - DIRECT - IDCW,103.5041,Aditya Birla Sun Life Mutual Fund,Debt Scheme - Banking and PSU Fund
2013-11-25,119551,Aditya Birla Sun Life Banking & PSU Debt Fund  - DIRECT - IDCW,103.6001,Aditya Birla Sun Life Mutual Fund,Debt Scheme - Banking and PSU Fund
2013-11-26,119551,Aditya Birla Sun Life Banking & PSU Debt Fund  - DIRECT - IDCW,103.6402,Aditya Birla Sun Life Mutual Fund,Debt Scheme - Banking and PSU Fund
2013-11-27,119551,Aditya Birla Sun Life Banking & PSU Debt Fund  - DIRECT - IDCW,103.7259,Aditya Birla Sun Life Mutual Fund,Debt Scheme - Banking and PSU Fund
2013-11-28,119551,Aditya Birla Sun Life Banking & PSU Debt Fund  - DIRECT - IDCW,103.7346,Aditya Birla Sun Life Mutual Fund,Debt Scheme - Banking and PSU Fund
2013-11-29,119551,Aditya Birla Sun Life Banking & PSU Debt Fund  - DIRECT - IDCW,103.3436,Aditya Birla Sun Life Mutual Fund,Debt Scheme - Banking and PSU Fund
2013-12-02,119551,Aditya Birla Sun Life Banking & PSU Debt Fund  - DIRECT - IDCW,103.4284,Aditya Birla Sun Life Mutual Fund,Debt Scheme - Banking and PSU Fund
2013-12-03,119551,Aditya Birla Sun Life Banking & PSU Debt Fund  - DIRECT - IDCW,103.4693,Aditya Birla Sun Life Mutual Fund,Debt Scheme - Banking and PSU Fund
2013-12-04,119551,Aditya Birla Sun Life Banking & PSU Debt Fund  - DIRECT - IDCW,103.4962,Aditya Birla Sun Life Mutual Fund,Debt Scheme - Banking and PSU Fund
2013-12-05,119551,Aditya Birla Sun Life Banking & PSU Debt Fund  - DIRECT - IDCW,103.5545,Aditya Birla Sun Life Mutual Fund,Debt Scheme - Banking and PSU Fund
2013-12-06,119551,Aditya Birla Sun Life Banking & PSU Debt Fund  - DIRECT - IDCW,103.5593,Aditya Birla Sun Life Mutual Fund,Debt Scheme - Banking and PSU Fund
2013-12-09,119551,Aditya Birla Sun Life Banking & PSU Debt Fund  - DIRECT - IDCW,103.618,Aditya Birla Sun Life Mutual Fund,Debt Scheme - Banking and PSU Fund
2013-12-10,119551,Aditya Birla Sun Life Banking & PSU Debt Fund  - DIRECT - IDCW,103.6308,Aditya Birla Sun Life Mutual Fund,Debt Scheme - Banking and PSU Fund
2013-12-11,119551,Aditya Birla Sun Life Banking & PSU Debt Fund  - DIRECT - IDCW,103.6643,Aditya Birla Sun Life Mutual Fund,Debt Scheme - Banking and PSU Fund
2013-12-12,119551,Aditya Birla Sun Life Banking & PSU Debt Fund  - DIRECT - IDCW,103.7351,Aditya Birla Sun Life Mutual Fund,Debt Scheme - Banking and PSU Fund
2013-12-13,119551,Aditya Birla Sun Life Banking & PSU Debt Fund  - DIRECT - IDCW,103.7247,Aditya Birla Sun Life Mutual Fund,Debt Scheme - Banking and PSU Fund
2013-12-16,119551,Aditya Birla Sun Life Banking & PSU Debt Fund  - DIRECT - IDCW,103.8019,Aditya Birla Sun Life Mutual Fund,Debt Scheme - Banking and PSU Fund
2013-12-17,119551,Aditya Birla Sun Life Banking & PSU Debt Fund  - DIRECT - IDCW,103.3699,Aditya Birla Sun Life Mutual Fund,Debt Scheme - Banking and PSU Fund
2013-12-18,119551,Aditya Birla Sun Life Banking & PSU Debt Fund  - DIRECT - IDCW,103.4075,Aditya Birla Sun Life Mutual Fund,Debt Scheme - Banking and PSU Fund
2013-12-19,119551,Aditya Birla Sun Life Banking & PSU Debt Fund  - DIRECT - IDCW,103.4336,Aditya Birla Sun Life Mutual Fund,Debt Scheme - Banking and PSU Fund
2013-12-20,119551,Aditya Birla Sun Life Banking & PSU Debt Fund  - DIRECT - IDCW,103.4584,Aditya Birla Sun Life Mutual Fund,Debt Scheme - Banking and PSU Fund
2013-12-23,119551,Aditya Birla Sun Life Banking & PSU Debt Fund  - DIRECT - IDCW,103.5236,Aditya Birla Sun Life Mutual Fund,Debt Scheme - Banking and PSU Fund
2013-12-24,119551,Aditya Birla Sun Life Banking & PSU Debt Fund  - DIRECT - IDCW,103.534,Aditya Birla Sun Life Mutual Fund,Debt Scheme - Banking and PSU Fund
2013-12-26,119551,Aditya Birla Sun Life Banking & PSU Debt Fund  - DIRECT - IDCW,103.5763,Aditya Birla Sun Life Mutual Fund,Debt Scheme - Banking and PSU Fund
2013-12-27,119551,Aditya Birla Sun Life Banking & PSU Debt Fund  - DIRECT - IDCW,103.5893,Aditya Birla Sun Life Mutual Fund,Debt Scheme - Banking and PSU Fund
2013-12-30,119551,Aditya Birla Sun Life Banking & PSU Debt Fund  - DIRECT - IDCW,103.6429,Aditya Birla Sun Life Mutual Fund,Debt Scheme - Banking and PSU Fund
2013-12-31,119551,Aditya Birla Sun Life Banking & PSU Debt Fund  - DIRECT - IDCW,103.3941,Aditya Birla Sun Life Mutual Fund,Debt Scheme - Banking and PSU Fund
2014-01-01,119551,Aditya Birla Sun Life Banking & PSU Debt Fund  - DIRECT - IDCW,103.446,Aditya Birla Sun Life Mutual Fund,Debt Scheme - Banking and PSU Fund
2014-01-02,119551,Aditya Birla Sun Life Banking & PSU Debt Fund  - DIRECT - IDCW,103.4808,Aditya Birla Sun Life Mutual Fund,Debt Scheme - Banking and PSU Fund
2014-01-03,119551,Aditya Birla Sun Life Banking & PSU Debt Fund  - DIRECT - IDCW,103.506,Aditya Birla Sun Life Mutual Fund,Debt Scheme - Banking and PSU Fund
2014-01-06,119551,Aditya Birla Sun Life Banking & PSU Debt Fund  - DIRECT - IDCW,103.5815,Aditya Birla Sun Life Mutual Fund,Debt Scheme - Banking and PSU Fund
2014-01-07,119551,Aditya Birla Sun Life Banking & PSU Debt Fund  - DIRECT - IDCW,103.5881,Aditya Birla Sun Life Mutual Fund,Debt Scheme - Banking and PSU Fund
2014-01-08,119551,Aditya Birla Sun Life Banking & PSU Debt Fund  - DIRECT - IDCW,103.5945,Aditya Birla Sun Life Mutual Fund,Debt Scheme - Banking and PSU Fund
2014-01-09,119551,Aditya Birla Sun Life Banking & PSU Debt Fund  - DIRECT - IDCW,103.5989,Aditya Birla Sun Life Mutual Fund,Debt Scheme - Banking and PSU Fund
2014-01-10,119551,Aditya Birla Sun Life Banking & PSU Debt Fund  - DIRECT - IDCW,103.6477,Aditya Birla Sun Life Mutual Fund,Debt Scheme - Banking and PSU Fund
2014-01-13,119551,Aditya Birla Sun Life Banking & PSU Debt Fund  - DIRECT - IDCW,103.721,Aditya Birla Sun Life Mutual Fund,Debt Scheme - Banking and PSU Fund
2014-01-15,119551,Aditya Birla Sun Life Banking & PSU Debt Fund  - DIRECT - IDCW,103.7752,Aditya Birla Sun Life Mutual Fund,Debt Scheme - Banking and PSU Fund
2014-01-16,119551,Aditya Birla Sun Life Banking & PSU Debt Fund  - DIRECT - IDCW,103.3942,Aditya Birla Sun Life Mutual Fund,Debt Scheme - Banking and PSU Fund
2014-01-17,119551,Aditya Birla Sun Life Banking & PSU Debt Fund  - DIRECT - IDCW,103.4134,Aditya Birla Sun Life Mutual Fund,Debt Scheme - Banking and PSU Fund
2014-01-20,119551,Aditya Birla Sun Life Banking & PSU Debt Fund  - DIRECT - IDCW,103.4895,Aditya Birla Sun Life Mutual Fund,Debt Scheme - Banking and PSU Fund
2014-01-21,119551,Aditya Birla Sun Life Banking & PSU Debt Fund  - DIRECT - IDCW,103.5305,Aditya Birla Sun Life Mutual Fund,Debt Scheme - Banking and PSU Fund
2014-01-22,119551,Aditya Birla Sun Life Banking & PSU Debt Fund  - DIRECT - IDCW,103.5532,Aditya Birla Sun Life Mutual Fund,Debt Scheme - Banking and PSU Fund
2014-01-23,119551,Aditya Birla Sun Life Banking & PSU Debt Fund  - DIRECT - IDCW,103.5792,Aditya Birla Sun Life Mutual Fund,Debt Scheme - Banking and PSU Fund
2014-01-24,119551,Aditya Birla Sun Life Banking & PSU Debt Fund  - DIRECT - IDCW,103.6008,Aditya Birla Sun Life Mutual Fund,Debt Scheme - Banking and PSU Fund
2014-01-27,119551,Aditya Birla Sun Life Banking & PSU Debt Fund  - DIRECT - IDCW,103.6718,Aditya Birla Sun Life Mutual Fund,Debt Scheme - Banking and PSU Fund
2014-01-28,119551,Aditya Birla Sun Life Banking & PSU Debt Fund  - DIRECT - IDCW,103.6757,Aditya Birla Sun Life Mutual Fund,Debt Scheme - Banking and PSU Fund
2014-01-29,119551,Aditya Birla Sun Life Banking & PSU Debt Fund  - DIRECT - IDCW,103.4118,Aditya Birla Sun Life Mutual Fund,Debt Scheme - Banking and PSU Fund
2014-01-30,119551,Aditya Birla Sun Life Banking & PSU Debt Fund  - DIRECT - IDCW,103.4259,Aditya Birla Sun Life Mutual Fund,Debt Scheme - Banking and PSU Fund
2014-01-31,119551,Aditya Birla Sun Life Banking & PSU Debt Fund  - DIRECT - IDCW,103.4429,Aditya Birla Sun Life Mutual Fund,Debt Scheme - Banking and PSU Fund
2014-02-03,119551,Aditya Birla Sun Life Banking & PSU Debt Fund  - DIRECT - IDCW,103.5223,Aditya Birla Sun Life Mutual Fund,Debt Scheme - Banking and PSU Fund
2014-02-04,119551,Aditya Birla Sun Life Banking & PSU Debt Fund  - DIRECT - IDCW,103.5533,Aditya Birla Sun Life Mutual Fund,Debt Scheme - Banking and PSU Fund
2014-02-05,119551,Aditya Birla Sun Life Banking & PSU Debt Fund  - DIRECT - IDCW,103.5806,Aditya Birla Sun Life Mutual Fund,Debt Scheme - Banking and PSU Fund
2014-02-06,119551,Aditya Birla Sun Life Banking & PSU Debt Fund  - DIRECT - IDCW,103.6157,Aditya Birla Sun Life Mutual Fund,Debt Scheme - Banking and PSU Fund
2014-02-07,119551,Aditya Birla Sun Life Banking & PSU Debt Fund  - DIRECT - IDCW,103.6364,Aditya Birla Sun Life Mutual Fund,Debt Scheme - Banking and PSU Fund
2014-02-10,119551,Aditya Birla Sun Life Banking & PSU Debt Fund  - DIRECT - IDCW,103.7039,Aditya Birla Sun Life Mutual Fund,Debt Scheme - Banking and PSU Fund
2014-02-11,119551,Aditya Birla Sun Life Banking & PSU Debt Fund  - DIRECT - IDCW,103.7273,Aditya Birla Sun Life Mutual Fund,Debt Scheme - Banking and PSU Fund
2014-02-12,119551,Aditya Birla Sun Life Banking & PSU Debt Fund  - DIRECT - IDCW,103.7487,Aditya Birla Sun Life Mutual Fund,Debt Scheme - Banking and PSU Fund
2014-02-13,119551,Aditya Birla Sun Life Banking & PSU Debt Fund  - DIRECT - IDCW,103.7594,Aditya Birla Sun Life Mutual Fund,Debt Scheme - Banking and PSU Fund
2014-02-14,119551,Aditya Birla Sun Life Banking & PSU Debt Fund  - DIRECT - IDCW,103.785,Aditya Birla Sun Life Mutual Fund,Debt Scheme - Banking and PSU Fund
2014-02-17,119551,Aditya Birla Sun Life Banking & PSU Debt Fund  - DIRECT - IDCW,103.4821,Aditya Birla Sun Life Mutual Fund,Debt Scheme - Banking and PSU Fund
2014-02-18,119551,Aditya Birla Sun Life Banking & PSU Debt Fund  - DIRECT - IDCW,103.5059,Aditya Birla Sun Life Mutual Fund,Debt Scheme - Banking and PSU Fund
2014-02-20,119551,Aditya Birla Sun Life Banking & PSU Debt Fund  - DIRECT - IDCW,103.5667,Aditya Birla Sun Life Mutual Fund,Debt Scheme - Banking and PSU Fund
2014-02-21,119551,Aditya Birla Sun Life Banking & PSU Debt Fund  - DIRECT - IDCW,103.5927,Aditya Birla Sun Life Mutual Fund,Debt Scheme - Banking and PSU Fund
2014-02-24,119551,Aditya Birla Sun Life Banking & PSU Debt Fund  - DIRECT - IDCW,103.6626,Aditya Birla Sun Life Mutual Fund,Debt Scheme - Banking and PSU Fund
2014-02-25,119551,Aditya Birla Sun Life Banking & PSU Debt Fund  - DIRECT - IDCW,103.687,Aditya Birla Sun Life Mutual Fund,Debt Scheme - Banking and PSU Fund
2014-02-26,119551,Aditya Birla Sun Life Banking & PSU Debt Fund  - DIRECT - IDCW,103.7081,Aditya Birla Sun Life Mutual Fund,Debt Scheme - Banking and PSU Fund
2014-02-28,119551,Aditya Birla Sun Life Banking & PSU Debt Fund  - DIRECT - IDCW,103.7646,Aditya Birla Sun Life Mutual Fund,Debt Scheme - Banking and PSU Fund
2014-03-03,119551,Aditya Birla Sun Life Banking & PSU Debt Fund  - DIRECT - IDCW,103.4879,Aditya Birla Sun Life Mutual Fund,Debt Scheme - Banking and PSU Fund
2014-03-04,119551,Aditya Birla Sun Life Banking & PSU Debt Fund  - DIRECT - IDCW,103.4922,Aditya Birla Sun Life Mutual Fund,Debt Scheme - Banking and PSU Fund
2014-03-05,119551,Aditya Birla Sun Life Banking & PSU Debt Fund  - DIRECT - IDCW,103.5515,Aditya Birla Sun Life Mutual Fund,Debt Scheme - Banking and PSU Fund
2014-03-06,119551,Aditya Birla Sun Life Banking & PSU Debt Fund  - DIRECT - IDCW,103.5859,Aditya Birla Sun Life Mutual Fund,Debt Scheme - Banking and PSU Fund
2014-03-07,119551,Aditya Birla Sun Life Banking & PSU Debt Fund  - DIRECT - IDCW,103.6353,Aditya Birla Sun Life Mutual Fund,Debt Scheme - Banking and PSU Fund
2014-03-10,119551,Aditya Birla Sun Life Banking & PSU Debt Fund  - DIRECT - IDCW,103.746,Aditya Birla Sun Life Mutual Fund,Debt Scheme - Banking and PSU Fund
2014-03-11,119551,Aditya Birla Sun Life Banking & PSU Debt Fund  - DIRECT - IDCW,103.8533,Aditya Birla Sun Life Mutual Fund,Debt Scheme - Banking and PSU Fund
2014-03-12,119551,Aditya Birla Sun Life Banking & PSU Debt Fund  - DIRECT - IDCW,103.8563,Aditya Birla Sun Life Mutual Fund,Debt Scheme - Banking and PSU Fund
2014-03-13,119551,Aditya Birla Sun Life Banking & PSU Debt Fund  - DIRECT - IDCW,103.9202,Aditya Birla Sun Life Mutual Fund,Debt Scheme - Banking and PSU Fund
2014-03-14,119551,Aditya Birla Sun Life Banking & PSU Debt Fund  - DIRECT - IDCW,103.9564,Aditya Birla Sun Life Mutual Fund,Debt Scheme - Banking and PSU Fund
2014-03-18,119551,Aditya Birla Sun Life Banking & PSU Debt Fund  - DIRECT - IDCW,104.0619,Aditya Birla Sun Life Mutual Fund,Debt Scheme - Banking and PSU Fund
2014-03-19,119551,Aditya Birla Sun Life Banking & PSU Debt Fund  - DIRECT - IDCW,104.0916,Aditya Birla Sun Life Mutual Fund,Debt Scheme - Banking and PSU Fund
2014-03-20,119551,Aditya Birla Sun Life Banking & PSU Debt Fund  - DIRECT - IDCW,104.0972,Aditya Birla Sun Life Mutual Fund,Debt Scheme - Banking and PSU Fund
2014-03-21,119551,Aditya Birla Sun Life Banking & PSU Debt Fund  - DIRECT - IDCW,104.2069,Aditya Birla Sun Life Mutual Fund,Debt Scheme - Banking and PSU Fund
2014-03-24,119551,Aditya Birla Sun Life Banking & PSU Debt Fund  - DIRECT - IDCW,104.3035,Aditya Birla Sun Life Mutual Fund,Debt Scheme - Banking and PSU Fund
2014-03-25,119551,Aditya Birla Sun Life Banking & PSU Debt Fund  - DIRECT - IDCW,104.4319,Aditya Birla Sun Life Mutual Fund,Debt Scheme - Banking and PSU Fund
2014-03-26,119551,Aditya Birla Sun Life Banking & PSU Debt Fund  - DIRECT - IDCW,104.3934,Aditya Birla Sun Life Mutual Fund,Debt Scheme - Banking and PSU Fund
2014-03-27,119551,Aditya Birla Sun Life Banking & PSU Debt Fund  - DIRECT - IDCW,104.4245,Aditya Birla Sun Life Mutual Fund,Debt Scheme - Banking and PSU Fund
2014-03-28,119551,Aditya Birla Sun Life Banking & PSU Debt Fund  - DIRECT - IDCW,104.6408,Aditya Birla Sun Life Mutual Fund,Debt Scheme - Banking and PSU Fund
2014-03-31,119551,Aditya Birla Sun Life Banking & PSU Debt Fund  - DIRECT - IDCW,104.7403,Aditya Birla Sun Life Mutual Fund,Debt Scheme - Banking and PSU Fund
2014-04-02,119551,Aditya Birla Sun Life Banking & PSU Debt Fund  - DIRECT - IDCW,104.6459,Aditya Birla Sun Life Mutual Fund,Debt Scheme - Banking and PSU Fund
2014-04-03,119551,Aditya Birla Sun Life Banking & PSU Debt Fund  - DIRECT - IDCW,104.6613,Aditya Birla Sun Life Mutual Fund,Debt Scheme - Banking and PSU Fund
2014-04-04,119551,Aditya Birla Sun Life Banking & PSU Debt Fund  - DIRECT - IDCW,104.6173,Aditya Birla Sun Life Mutual Fund,Debt Scheme - Banking and PSU Fund
2014-04-07,119551,Aditya Birla Sun Life Banking & PSU Debt Fund  - DIRECT - IDCW,104.6708,Aditya Birla Sun Life Mutual Fund,Debt Scheme - Banking and PSU Fund
2014-04-09,119551,Aditya Birla Sun Life Banking & PSU Debt Fund  - DIRECT - IDCW,104.6926,Aditya Birla Sun Life Mutual Fund,Debt Scheme - Banking and PSU Fund
2014-04-10,119551,Aditya Birla Sun Life Banking & PSU Debt Fund  - DIRECT - IDCW,104.7079,Aditya Birla Sun Life Mutual Fund,Debt Scheme - Banking and PSU Fund
2014-04-11,119551,Aditya Birla Sun Life Banking & PSU Debt Fund  - DIRECT - IDCW,104.7961,Aditya Birla Sun Life Mutual Fund,Debt Scheme - Banking and PSU Fund
2014-04-15,119551,Aditya Birla Sun Life Banking & PSU Debt Fund  - DIRECT - IDCW,104.8973,Aditya Birla Sun Life Mutual Fund,Debt Scheme - Banking and PSU Fund
2014-04-16,119551,Aditya Birla Sun Life Banking & PSU Debt Fund  - DIRECT - IDCW,104.979,Aditya Birla Sun Life Mutual Fund,Debt Scheme - Banking and PSU Fund
2014-04-17,119551,Aditya Birla Sun Life Banking & PSU Debt Fund  - DIRECT - IDCW,104.9728,Aditya Birla Sun Life Mutual Fund,Debt Scheme - Banking and PSU Fund
2014-04-21,119551,Aditya Birla Sun Life Banking & PSU Debt Fund  - DIRECT - IDCW,105.1503,Aditya Birla Sun Life Mutual Fund,Debt Scheme - Banking and PSU Fund
2014-04-22,119551,Aditya Birla Sun Life Banking & PSU Debt Fund  - DIRECT - IDCW,105.3231,Aditya Birla Sun Life Mutual Fund,Debt Scheme - Banking and PSU Fund
2014-04-23,119551,Aditya Birla Sun Life Banking & PSU Debt Fund  - DIRECT - IDCW,105.3895,Aditya Birla Sun Life Mutual Fund,Debt Scheme - Banking and PSU Fund
2014-04-25,119551,Aditya Birla Sun Life Banking & PSU Debt Fund  - DIRECT - IDCW,105.4519,Aditya Birla Sun Life Mutual Fund,Debt Scheme - Banking and PSU Fund
2014-04-28,119551,Aditya Birla Sun Life Banking & PSU Debt Fund  - DIRECT - IDCW,105.5157,Aditya Birla Sun Life Mutual Fund,Debt Scheme - Banking and PSU Fund
2014-04-29,119551,Aditya Birla Sun Life Banking & PSU Debt Fund  - DIRECT - IDCW,105.6008,Aditya Birla Sun Life Mutual Fund,Debt Scheme - Banking and PSU Fund
2014-04-30,119551,Aditya Birla Sun Life Banking & PSU Debt Fund  - DIRECT - IDCW,105.6958,Aditya Birla Sun Life Mutual Fund,Debt Scheme - Banking and PSU Fund
2014-05-02,119551,Aditya Birla Sun Life Banking & PSU Debt Fund  - DIRECT - IDCW,105.7909,Aditya Birla Sun Life Mutual Fund,Debt Scheme - Banking and PSU Fund
2014-05-05,119551,Aditya Birla Sun Life Banking & PSU Debt Fund  - DIRECT - IDCW,105.9859,Aditya Birla Sun Life Mutual Fund,Debt Scheme - Banking and PSU Fund
2014-05-06,119551,Aditya Birla Sun Life Banking & PSU Debt Fund  - DIRECT - IDCW,106.009,Aditya Birla Sun Life Mutual Fund,Debt Scheme - Banking and PSU Fund
2014-05-07,119551,Aditya Birla Sun Life Banking & PSU Debt Fund  - DIRECT - IDCW,106.0297,Aditya Birla Sun Life Mutual Fund,Debt Scheme - Banking and PSU Fund
2014-05-08,119551,Aditya Birla Sun Life Banking & PSU Debt Fund  - DIRECT - IDCW,106.0486,Aditya Birla Sun Life Mutual Fund,Debt Scheme - Banking and PSU Fund
2014-05-09,119551,Aditya Birla Sun Life Banking & PSU Debt Fund  - DIRECT - IDCW,106.1508,Aditya Birla Sun Life Mutual Fund,Debt Scheme - Banking and PSU Fund
2014-05-12,119551,Aditya Birla Sun Life Banking & PSU Debt Fund  - DIRECT - IDCW,106.283,Aditya Birla Sun Life Mutual Fund,Debt Scheme - Banking and PSU Fund
2014-05-13,119551,Aditya Birla Sun Life Banking & PSU Debt Fund  - DIRECT - IDCW,106.2773,Aditya Birla Sun Life Mutual Fund,Debt Scheme - Banking and PSU Fund
2014-05-15,119551,Aditya Birla Sun Life Banking & PSU Debt Fund  - DIRECT - IDCW,106.371,Aditya Birla Sun Life Mutual Fund,Debt Scheme - Banking and PSU Fund
2014-05-16,119551,Aditya Birla Sun Life Banking & PSU Debt Fund  - DIRECT - IDCW,106.578,Aditya Birla Sun Life Mutual Fund,Debt Scheme - Banking and PSU Fund
2014-05-19,119551,Aditya Birla Sun Life Banking & PSU Debt Fund  - DIRECT - IDCW,106.5839,Aditya Birla Sun Life Mutual Fund,Debt Scheme - Banking and PSU Fund
2014-05-20,119551,Aditya Birla Sun Life Banking & PSU Debt Fund  - DIRECT - IDCW,106.5899,Aditya Birla Sun Life Mutual Fund,Debt Scheme - Banking and PSU Fund
2014-05-21,119551,Aditya Birla Sun Life Banking & PSU Debt Fund  - DIRECT - IDCW,106.6686,Aditya Birla Sun Life Mutual Fund,Debt Scheme - Banking and PSU Fund
2014-05-22,119551,Aditya Birla Sun Life Banking & PSU Debt Fund  - DIRECT - IDCW,106.7537,Aditya Birla Sun Life Mutual Fund,Debt Scheme - Banking and PSU Fund
2014-05-23,119551,Aditya Birla Sun Life Banking & PSU Debt Fund  - DIRECT - IDCW,106.9316,Aditya Birla Sun Life Mutual Fund,Debt Scheme - Banking and PSU Fund
2014-05-26,119551,Aditya Birla Sun Life Banking & PSU Debt Fund  - DIRECT - IDCW,106.9784,Aditya Birla Sun Life Mutual Fund,Debt Scheme - Banking and PSU Fund
2014-05-27,119551,Aditya Birla Sun Life Banking & PSU Debt Fund  - DIRECT - IDCW,107.0365,Aditya Birla Sun Life Mutual Fund,Debt Scheme - Banking and PSU Fund
2014-05-28,119551,Aditya Birla Sun Life Banking & PSU Debt Fund  - DIRECT - IDCW,107.0496,Aditya Birla Sun Life Mutual Fund,Debt Scheme - Banking and PSU Fund
2014-05-29,119551,Aditya Birla Sun Life Banking & PSU Debt Fund  - DIRECT - IDCW,107.1021,Aditya Birla Sun Life Mutual Fund,Debt Scheme - Banking and PSU Fund
2014-05-30,119551,Aditya Birla Sun Life Banking & PSU Debt Fund  - DIRECT - IDCW,107.1905,Aditya Birla Sun Life Mutual Fund,Debt Scheme - Banking and PSU Fund
2014-06-02,119551,Aditya Birla Sun Life Banking & PSU Debt Fund  - DIRECT - IDCW,107.236,Aditya Birla Sun Life Mutual Fund,Debt Scheme - Banking and PSU Fund
2014-06-03,119551,Aditya Birla Sun Life Banking & PSU Debt Fund  - DIRECT - IDCW,107.4231,Aditya Birla Sun Life Mutual Fund,Debt Scheme - Banking and PSU Fund
2014-06-04,119551,Aditya Birla Sun Life Banking & PSU Debt Fund  - DIRECT - IDCW,107.5222,Aditya Birla Sun Life Mutual Fund,Debt Scheme - Banking and PSU Fund
2014-06-05,119551,Aditya Birla Sun Life Banking & PSU Debt Fund  - DIRECT - IDCW,107.6529,Aditya Birla Sun Life Mutual Fund,Debt Scheme - Banking and PSU Fund
2014-06-06,119551,Aditya Birla Sun Life Banking & PSU Debt Fund  - DIRECT - IDCW,107.7408,Aditya Birla Sun Life Mutual Fund,Debt Scheme - Banking and PSU Fund
2014-06-09,119551,Aditya Birla Sun Life Banking & PSU Debt Fund  - DIRECT - IDCW,107.8767,Aditya Birla Sun Life Mutual Fund,Debt Scheme - Banking and PSU Fund
2014-06-10,119551,Aditya Birla Sun Life Banking & PSU Debt Fund  - DIRECT - IDCW,107.878,Aditya Birla Sun Life Mutual Fund,Debt Scheme - Banking and PSU Fund
2014-06-11,119551,Aditya Birla Sun Life Banking & PSU Debt Fund  - DIRECT - IDCW,107.8761,Aditya Birla Sun Life Mutual Fund,Debt Scheme - Banking and PSU Fund
2014-06-12,119551,Aditya Birla Sun Life Banking & PSU Debt Fund  - DIRECT - IDCW,107.9228,Aditya Birla Sun Life Mutual Fund,Debt Scheme - Banking and PSU Fund
2014-06-13,119551,Aditya Birla Sun Life Banking & PSU Debt Fund  - DIRECT - IDCW,107.976,Aditya Birla Sun Life Mutual Fund,Debt Scheme - Banking and PSU Fund
2014-06-16,119551,Aditya Birla Sun Life Banking & PSU Debt Fund  - DIRECT - IDCW,107.9536,Aditya Birla Sun Life Mutual Fund,Debt Scheme - Banking and PSU Fund
2014-06-17,119551,Aditya Birla Sun Life Banking & PSU Debt Fund  - DIRECT - IDCW,107.9426,Aditya Birla Sun Life Mutual Fund,Debt Scheme - Banking and PSU Fund
2014-06-18,119551,Aditya Birla Sun Life Banking & PSU Debt Fund  - DIRECT - IDCW,107.9489,Aditya Birla Sun Life Mutual Fund,Debt Scheme - Banking and PSU Fund
2014-06-19,119551,Aditya Birla Sun Life Banking & PSU Debt Fund  - DIRECT - IDCW,107.9016,Aditya Birla Sun Life Mutual Fund,Debt Scheme - Banking and PSU Fund
2014-06-20,119551,Aditya Birla Sun Life Banking & PSU Debt Fund  - DIRECT - IDCW,107.8502,Aditya Birla Sun Life Mutual Fund,Debt Scheme - Banking and PSU Fund
2014-06-23,119551,Aditya Birla Sun Life Banking & PSU Debt Fund  - DIRECT - IDCW,107.8791,Aditya Birla Sun Life Mutual Fund,Debt Scheme - Banking and PSU Fund
2014-06-24,119551,Aditya Birla Sun Life Banking & PSU Debt Fund  - DIRECT - IDCW,107.9086,Aditya Birla Sun Life Mutual Fund,Debt Scheme - Banking and PSU Fund
2014-06-25,119551,Aditya Birla Sun Life Banking & PSU Debt Fund  - DIRECT - IDCW,107.9552,Aditya Birla Sun Life Mutual Fund,Debt Scheme - Banking and PSU Fund
2014-06-26,119551,Aditya Birla Sun Life Banking & PSU Debt Fund  - DIRECT - IDCW,108.0195,Aditya Birla Sun Life Mutual Fund,Debt Scheme - Banking and PSU Fund
2014-06-27,119551,Aditya Birla Sun Life Banking & PSU Debt Fund  - DIRECT - IDCW,108.0211,Aditya Birla Sun Life Mutual Fund,Debt Scheme - Banking and PSU Fund
2014-06-30,119551,Aditya Birla Sun Life Banking & PSU Debt Fund  - DIRECT - IDCW,108.1211,Aditya Birla Sun Life Mutual Fund,Debt Scheme - Banking and PSU Fund
2014-07-02,119551,Aditya Birla Sun Life Banking & PSU Debt Fund  - DIRECT - IDCW,108.251,Aditya Birla Sun Life Mutual Fund,Debt Scheme - Banking and PSU Fund
2014-07-03,119551,Aditya Birla Sun Life Banking & PSU Debt Fund  - DIRECT - IDCW,108.2774,Aditya Birla Sun Life Mutual Fund,Debt Scheme - Banking and PSU Fund
2014-07-04,119551,Aditya Birla Sun Life Banking & PSU Debt Fund  - DIRECT - IDCW,108.3324,Aditya Birla Sun Life Mutual Fund,Debt Scheme - Banking and PSU Fund
2014-07-07,119551,Aditya Birla Sun Life Banking & PSU Debt Fund  - DIRECT - IDCW,108.3898,Aditya Birla Sun Life Mutual Fund,Debt Scheme - Banking and PSU Fund
2014-07-08,119551,Aditya Birla Sun Life Banking & PSU Debt Fund  - DIRECT - IDCW,108.3878,Aditya Birla Sun Life Mutual Fund,Debt Scheme - Banking and PSU Fund
2014-07-09,119551,Aditya Birla Sun Life Banking & PSU Debt Fund  - DIRECT - IDCW,108.4151,Aditya Birla Sun Life Mutual Fund,Debt Scheme - Banking and PSU Fund
2014-07-10,119551,Aditya Birla Sun Life Banking & PSU Debt Fund  - DIRECT - IDCW,108.4249,Aditya Birla Sun Life Mutual Fund,Debt Scheme - Banking and PSU Fund
2014-07-11,119551,Aditya Birla Sun Life Banking & PSU Debt Fund  - DIRECT - IDCW,108.1137,Aditya Birla Sun Life Mutual Fund,Debt Scheme - Banking and PSU Fund
2014-07-14,119551,Aditya Birla Sun Life Banking & PSU Debt Fund  - DIRECT - IDCW,107.9854,Aditya Birla Sun Life Mutual Fund,Debt Scheme - Banking and PSU Fund
2014-07-15,119551,Aditya Birla Sun Life Banking & PSU Debt Fund  - DIRECT - IDCW,108.0604,Aditya Birla Sun Life Mutual Fund,Debt Scheme - Banking and PSU Fund
2014-07-16,119551,Aditya Birla Sun Life Banking & PSU Debt Fund  - DIRECT - IDCW,108.1362,Aditya Birla Sun Life Mutual Fund,Debt Scheme - Banking and PSU Fund
2014-07-17,119551,Aditya Birla Sun Life Banking & PSU Debt Fund  - DIRECT - IDCW,108.2175,Aditya Birla Sun Life Mutual Fund,Debt Scheme - Banking and PSU Fund
2014-07-18,119551,Aditya Birla Sun Life Banking & PSU Debt Fund  - DIRECT - IDCW,108.2555,Aditya Birla Sun Life Mutual Fund,Debt Scheme - Banking and PSU Fund
2014-07-21,119551,Aditya Birla Sun Life Banking & PSU Debt Fund  - DIRECT - IDCW,108.3794,Aditya Birla Sun Life Mutual Fund,Debt Scheme - Banking and PSU Fund
2014-07-22,119551,Aditya Birla Sun Life Banking & PSU Debt Fund  - DIRECT - IDCW,108.4712,Aditya Birla Sun Life Mutual Fund,Debt Scheme - Banking and PSU Fund
2014-07-23,119551,Aditya Birla Sun Life Banking & PSU Debt Fund  - DIRECT - IDCW,108.5746,Aditya Birla Sun Life Mutual Fund,Debt Scheme - Banking and PSU Fund
2014-07-24,119551,Aditya Birla Sun Life Banking & PSU Debt Fund  - DIRECT - IDCW,108.6962,Aditya Birla Sun Life Mutual Fund,Debt Scheme - Banking and PSU Fund
2014-07-25,119551,Aditya Birla Sun Life Banking & PSU Debt Fund  - DIRECT - IDCW,108.7179,Aditya Birla Sun Life Mutual Fund,Debt Scheme - Banking and PSU Fund
2014-07-28,119551,Aditya Birla Sun Life Banking & PSU Debt Fund  - DIRECT - IDCW,108.7696,Aditya Birla Sun Life Mutual Fund,Debt Scheme - Banking and PSU Fund
2014-07-30,119551,Aditya Birla Sun Life Banking & PSU Debt Fund  - DIRECT - IDCW,108.7581,Aditya Birla Sun Life Mutual Fund,Debt Scheme - Banking and PSU Fund
2014-07-31,119551,Aditya Birla Sun Life Banking & PSU Debt Fund  - DIRECT - IDCW,108.8084,Aditya Birla Sun Life Mutual Fund,Debt Scheme - Banking and PSU Fund
2014-08-01,119551,Aditya Birla Sun Life Banking & PSU Debt Fund  - DIRECT - IDCW,108.7849,Aditya Birla Sun Life Mutual Fund,Debt Scheme - Banking and PSU Fund
2014-08-04,119551,Aditya Birla Sun Life Banking & PSU Debt Fund  - DIRECT - IDCW,108.8673,Aditya Birla Sun Life Mutual Fund,Debt Scheme - Banking and PSU Fund
2014-08-05,119551,Aditya Birla Sun Life Banking & PSU Debt Fund  - DIRECT - IDCW,108.7745,Aditya Birla Sun Life Mutual Fund,Debt Scheme - Banking and PSU Fund
2014-08-06,119551,Aditya Birla Sun Life Banking & PSU Debt Fund  - DIRECT - IDCW,108.6927,Aditya Birla Sun Life Mutual Fund,Debt Scheme - Banking and PSU Fund
2014-08-07,119551,Aditya Birla Sun Life Banking & PSU Debt Fund  - DIRECT - IDCW,108.7486,Aditya Birla Sun Life Mutual Fund,Debt Scheme - Banking and PSU Fund
2014-08-08,119551,Aditya Birla Sun Life Banking & PSU Debt Fund  - DIRECT - IDCW,108.7279,Aditya Birla Sun Life Mutual Fund,Debt Scheme - Banking and PSU Fund
2014-08-11,119551,Aditya Birla Sun Life Banking & PSU Debt Fund  - DIRECT - IDCW,108.8297,Aditya Birla Sun Life Mutual Fund,Debt Scheme - Banking and PSU Fund
2014-08-12,119551,Aditya Birla Sun Life Banking & PSU Debt Fund  - DIRECT - IDCW,108.8541,Aditya Birla Sun Life Mutual Fund,Debt Scheme - Banking and PSU Fund
2014-08-13,119551,Aditya Birla Sun Life Banking & PSU Debt Fund  - DIRECT - IDCW,108.9453,Aditya Birla Sun Life Mutual Fund,Debt Scheme - Banking and PSU Fund
2014-08-14,119551,Aditya Birla Sun Life Banking & PSU Debt Fund  - DIRECT - IDCW,108.9888,Aditya Birla Sun Life Mutual Fund,Debt Scheme - Banking and PSU Fund
2014-08-19,119551,Aditya Birla Sun Life Banking & PSU Debt Fund  - DIRECT - IDCW,109.1381,Aditya Birla Sun Life Mutual Fund,Debt Scheme - Banking and PSU Fund
2014-08-20,119551,Aditya Birla Sun Life Banking & PSU Debt Fund  - DIRECT - IDCW,109.199,Aditya Birla Sun Life Mutual Fund,Debt Scheme - Banking and PSU Fund
2014-08-21,119551,Aditya Birla Sun Life Banking & PSU Debt Fund  - DIRECT - IDCW,109.1791,Aditya Birla Sun Life Mutual Fund,Debt Scheme - Banking and PSU Fund
2014-08-22,119551,Aditya Birla Sun Life Banking & PSU Debt Fund  - DIRECT - IDCW,109.2192,Aditya Birla Sun Life Mutual Fund,Debt Scheme - Banking and PSU Fund
2014-08-25,119551,Aditya Birla Sun Life Banking & PSU Debt Fund  - DIRECT - IDCW,109.2596,Aditya Birla Sun Life Mutual Fund,Debt Scheme - Banking and PSU Fund
2014-08-26,119551,Aditya Birla Sun Life Banking & PSU Debt Fund  - DIRECT - IDCW,109.2961,Aditya Birla Sun Life Mutual Fund,Debt Scheme - Banking and PSU Fund
2014-08-27,119551,Aditya Birla Sun Life Banking & PSU Debt Fund  - DIRECT - IDCW,109.3655,Aditya Birla Sun Life Mutual Fund,Debt Scheme - Banking and PSU Fund
2014-08-28,119551,Aditya Birla Sun Life Banking & PSU Debt Fund  - DIRECT - IDCW,109.3934,Aditya Birla Sun Life Mutual Fund,Debt Scheme - Banking and PSU Fund
2014-09-01,119551,Aditya Birla Sun Life Banking & PSU Debt Fund  - DIRECT - IDCW,109.5116,Aditya Birla Sun Life Mutual Fund,Debt Scheme - Banking and PSU Fund
2014-09-02,119551,Aditya Birla Sun Life Banking & PSU Debt Fund  - DIRECT - IDCW,109.5448,Aditya Birla Sun Life Mutual Fund,Debt Scheme - Banking and PSU Fund
2014-09-03,119551,Aditya Birla Sun Life Banking & PSU Debt Fund  - DIRECT - IDCW,109.6166,Aditya Birla Sun Life Mutual Fund,Debt Scheme - Banking and PSU Fund
2014-09-04,119551,Aditya Birla Sun Life Banking & PSU Debt Fund  - DIRECT - IDCW,109.6473,Aditya Birla Sun Life Mutual Fund,Debt Scheme - Banking and PSU Fund
2014-09-05,119551,Aditya Birla Sun Life Banking & PSU Debt Fund  - DIRECT - IDCW,109.6985,Aditya Birla Sun Life Mutual Fund,Debt Scheme - Banking and PSU Fund
2014-09-08,119551,Aditya Birla Sun Life Banking & PSU Debt Fund  - DIRECT - IDCW,109.8163,Aditya Birla Sun Life Mutual Fund,Debt Scheme - Banking and PSU Fund
2014-09-09,119551,Aditya Birla Sun Life Banking & PSU Debt Fund  - DIRECT - IDCW,109.721,Aditya Birla Sun Life Mutual Fund,Debt Scheme - Banking and PSU Fund
2014-09-10,119551,Aditya Birla Sun Life Banking & PSU Debt Fund  - DIRECT - IDCW,109.8244,Aditya Birla Sun Life Mutual Fund,Debt Scheme - Banking and PSU Fund
2014-09-11,119551,Aditya Birla Sun Life Banking & PSU Debt Fund  - DIRECT - IDCW,109.8546,Aditya Birla Sun Life Mutual Fund,Debt Scheme - Banking and PSU Fund
2014-09-12,119551,Aditya Birla Sun Life Banking & PSU Debt Fund  - DIRECT - IDCW,109.8922,Aditya Birla Sun Life Mutual Fund,Debt Scheme - Banking and PSU Fund
2014-09-15,119551,Aditya Birla Sun Life Banking & PSU Debt Fund  - DIRECT - IDCW,109.9641,Aditya Birla Sun Life Mutual Fund,Debt Scheme - Banking and PSU Fund
2014-09-16,119551,Aditya Birla Sun Life Banking & PSU Debt Fund  - DIRECT - IDCW,109.9902,Aditya Birla Sun Life Mutual Fund,Debt Scheme - Banking and PSU Fund
2014-09-17,119551,Aditya Birla Sun Life Banking & PSU Debt Fund  - DIRECT - IDCW,110.0495,Aditya Birla Sun Life Mutual Fund,Debt Scheme - Banking and PSU Fund
2014-09-18,119551,Aditya Birla Sun Life Banking & PSU Debt Fund  - DIRECT - IDCW,110.1537,Aditya Birla Sun Life Mutual Fund,Debt Scheme - Banking and PSU Fund
2014-09-19,119551,Aditya Birla Sun Life Banking & PSU Debt Fund  - DIRECT - IDCW,110.2016,Aditya Birla Sun Life Mutual Fund,Debt Scheme - Banking and PSU Fund
2014-09-22,119551,Aditya Birla Sun Life Banking & PSU Debt Fund  - DIRECT - IDCW,110.3306,Aditya Birla Sun Life Mutual Fund,Debt Scheme - Banking and PSU Fund
2014-09-23,119551,Aditya Birla Sun Life Banking & PSU Debt Fund  - DIRECT - IDCW,110.361,Aditya Birla Sun Life Mutual Fund,Debt Scheme - Banking and PSU Fund
2014-09-24,119551,Aditya Birla Sun Life Banking & PSU Debt Fund  - DIRECT - IDCW,110.4004,Aditya Birla Sun Life Mutual Fund,Debt Scheme - Banking and PSU Fund
2014-09-25,119551,Aditya Birla Sun Life Banking & PSU Debt Fund  - DIRECT - IDCW,110.4443,Aditya Birla Sun Life Mutual Fund,Debt Scheme - Banking and PSU Fund
2014-09-26,119551,Aditya Birla Sun Life Banking & PSU Debt Fund  - DIRECT - IDCW,110.5813,Aditya Birla Sun Life Mutual Fund,Debt Scheme - Banking and PSU Fund
2014-09-29,119551,Aditya Birla Sun Life Banking & PSU Debt Fund  - DIRECT - IDCW,110.6058,Aditya Birla Sun Life Mutual Fund,Debt Scheme - Banking and PSU Fund
2014-09-30,119551,Aditya Birla Sun Life Banking & PSU Debt Fund  - DIRECT - IDCW,110.6084,Aditya Birla Sun Life Mutual Fund,Debt Scheme - Banking and PSU Fund
2014-10-01,119551,Aditya Birla Sun Life Banking & PSU Debt Fund  - DIRECT - IDCW,110.6379,Aditya Birla Sun Life Mutual Fund,Debt Scheme - Banking and PSU Fund
2014-10-07,119551,Aditya Birla Sun Life Banking & PSU Debt Fund  - DIRECT - IDCW,110.878,Aditya Birla Sun Life Mutual Fund,Debt Scheme - Banking and PSU Fund
2014-10-08,119551,Aditya Birla Sun Life Banking & PSU Debt Fund  - DIRECT - IDCW,110.9817,Aditya Birla Sun Life Mutual Fund,Debt Scheme - Banking and PSU Fund
2014-10-09,119551,Aditya Birla Sun Life Banking & PSU Debt Fund  - DIRECT - IDCW,110.9422,Aditya Birla Sun Life Mutual Fund,Debt Scheme - Banking and PSU Fund
2014-10-10,119551,Aditya Birla Sun Life Banking & PSU Debt Fund  - DIRECT - IDCW,111.0732,Aditya Birla Sun Life Mutual Fund,Debt Scheme - Banking and PSU Fund
2014-10-13,119551,Aditya Birla Sun Life Banking & PSU Debt Fund  - DIRECT - IDCW,111.165,Aditya Birla Sun Life Mutual Fund,Debt Scheme - Banking and PSU Fund
2014-10-14,119551,Aditya Birla Sun Life Banking & PSU Debt Fund  - DIRECT - IDCW,111.3032,Aditya Birla Sun Life Mutual Fund,Debt Scheme - Banking and PSU Fund
2014-10-16,119551,Aditya Birla Sun Life Banking & PSU Debt Fund  - DIRECT - IDCW,111.4989,Aditya Birla Sun Life Mutual Fund,Debt Scheme - Banking and PSU Fund
2014-10-17,119551,Aditya Birla Sun Life Banking & PSU Debt Fund  - DIRECT - IDCW,111.5184,Aditya Birla Sun Life Mutual Fund,Debt Scheme - Banking and PSU Fund
2014-10-20,119551,Aditya Birla Sun Life Banking & PSU Debt Fund  - DIRECT - IDCW,111.6753,Aditya Birla Sun Life Mutual Fund,Debt Scheme - Banking and PSU Fund
2014-10-21,119551,Aditya Birla Sun Life Banking & PSU Debt Fund  - DIRECT - IDCW,111.7859,Aditya Birla Sun Life Mutual Fund,Debt Scheme - Banking and PSU Fund
2014-10-22,119551,Aditya Birla Sun Life Banking & PSU Debt Fund  - DIRECT - IDCW,111.8628,Aditya Birla Sun Life Mutual Fund,Debt Scheme - Banking and PSU Fund
2014-10-27,119551,Aditya Birla Sun Life Banking & PSU Debt Fund  - DIRECT - IDCW,112.0815,Aditya Birla Sun Life Mutual Fund,Debt Scheme - Banking and PSU Fund
2014-10-28,119551,Aditya Birla Sun Life Banking & PSU Debt Fund  - DIRECT - IDCW,112.18,Aditya Birla Sun Life Mutual Fund,Debt Scheme - Banking and PSU Fund
2014-10-29,119551,Aditya Birla Sun Life Banking & PSU Debt Fund  - DIRECT - IDCW,112.2563,Aditya Birla Sun Life Mutual Fund,Debt Scheme - Banking and PSU Fund
2014-10-30,119551,Aditya Birla Sun Life Banking & PSU Debt Fund  - DIRECT - IDCW,112.3874,Aditya Birla Sun Life Mutual Fund,Debt Scheme - Banking and PSU Fund
2014-10-31,119551,Aditya Birla Sun Life Banking & PSU Debt Fund  - DIRECT - IDCW,112.549,Aditya Birla Sun Life Mutual Fund,Debt Scheme - Banking and PSU Fund
2014-11-03,119551,Aditya Birla Sun Life Banking & PSU Debt Fund  - DIRECT - IDCW,112.7413,Aditya Birla Sun Life Mutual Fund,Debt Scheme - Banking and PSU Fund
2014-11-05,119551,Aditya Birla Sun Life Banking & PSU Debt Fund  - DIRECT - IDCW,113.0,Aditya Birla Sun Life Mutual Fund,Debt Scheme - Banking and PSU Fund
2014-11-07,119551,Aditya Birla Sun Life Banking & PSU Debt Fund  - DIRECT - IDCW,113.0631,Aditya Birla Sun Life Mutual Fund,Debt Scheme - Banking and PSU Fund
2014-11-10,119551,Aditya Birla Sun Life Banking & PSU Debt Fund  - DIRECT - IDCW,113.2158,Aditya Birla Sun Life Mutual Fund,Debt Scheme - Banking and PSU Fund
2014-11-11,119551,Aditya Birla Sun Life Banking & PSU Debt Fund  - DIRECT - IDCW,113.233,Aditya Birla Sun Life Mutual Fund,Debt Scheme - Banking and PSU Fund
2014-11-12,119551,Aditya Birla Sun Life Banking & PSU Debt Fund  - DIRECT - IDCW,113.2863,Aditya Birla Sun Life Mutual Fund,Debt Scheme - Banking and PSU Fund
2014-11-13,119551,Aditya Birla Sun Life Banking & PSU Debt Fund  - DIRECT - IDCW,113.1662,Aditya Birla Sun Life Mutual Fund,Debt Scheme - Banking and PSU Fund
2014-11-14,119551,Aditya Birla Sun Life Banking & PSU Debt Fund  - DIRECT - IDCW,113.1821,Aditya Birla Sun Life Mutual Fund,Debt Scheme - Banking and PSU Fund
2014-11-17,119551,Aditya Birla Sun Life Banking & PSU Debt Fund  - DIRECT - IDCW,113.3374,Aditya Birla Sun Life Mutual Fund,Debt Scheme - Banking and PSU Fund
2014-11-18,119551,Aditya Birla Sun Life Banking & PSU Debt Fund  - DIRECT - IDCW,113.4102,Aditya Birla Sun Life Mutual Fund,Debt Scheme - Banking and PSU Fund
2014-11-19,119551,Aditya Birla Sun Life Banking & PSU Debt Fund  - DIRECT - IDCW,113.4418,Aditya Birla Sun Life Mutual Fund,Debt Scheme - Banking and PSU Fund
2014-11-20,119551,Aditya Birla Sun Life Banking & PSU Debt Fund  - DIRECT - IDCW,113.4823,Aditya Birla Sun Life Mutual Fund,Debt Scheme - Banking and PSU Fund
2014-11-21,119551,Aditya Birla Sun Life Banking & PSU Debt Fund  - DIRECT - IDCW,113.5065,Aditya Birla Sun Life Mutual Fund,Debt Scheme - Banking and PSU Fund
2014-11-24,119551,Aditya Birla Sun Life Banking & PSU Debt Fund  - DIRECT - IDCW,113.5794,Aditya Birla Sun Life Mutual Fund,Debt Scheme - Banking and PSU Fund
2014-11-25,119551,Aditya Birla Sun Life Banking & PSU Debt Fund  - DIRECT - IDCW,113.6379,Aditya Birla Sun Life Mutual Fund,Debt Scheme - Banking and PSU Fund
2014-11-26,119551,Aditya Birla Sun Life Banking & PSU Debt Fund  - DIRECT - IDCW,113.6632,Aditya Birla Sun Life Mutual Fund,Debt Scheme - Banking and PSU Fund
2014-11-27,119551,Aditya Birla Sun Life Banking & PSU Debt Fund  - DIRECT - IDCW,113.6867,Aditya Birla Sun Life Mutual Fund,Debt Scheme - Banking and PSU Fund
2014-11-28,119551,Aditya Birla Sun Life Banking & PSU Debt Fund  - DIRECT - IDCW,113.8838,Aditya Birla Sun Life Mutual Fund,Debt Scheme - Banking and PSU Fund
2014-12-01,119551,Aditya Birla Sun Life Banking & PSU Debt Fund  - DIRECT - IDCW,114.0367,Aditya Birla Sun Life Mutual Fund,Debt Scheme - Banking and PSU Fund
2014-12-02,119551,Aditya Birla Sun Life Banking & PSU Debt Fund  - DIRECT - IDCW,114.3339,Aditya Birla Sun Life Mutual Fund,Debt Scheme - Banking and PSU Fund
2014-12-03,119551,Aditya Birla Sun Life Banking & PSU Debt Fund  - DIRECT - IDCW,114.3739,Aditya Birla Sun Life Mutual Fund,Debt Scheme - Banking and PSU Fund
2014-12-04,119551,Aditya Birla Sun Life Banking & PSU Debt Fund  - DIRECT - IDCW,114.375,Aditya Birla Sun Life Mutual Fund,Debt Scheme - Banking and PSU Fund
2014-12-05,119551,Aditya Birla Sun Life Banking & PSU Debt Fund  - DIRECT - IDCW,114.4292,Aditya Birla Sun Life Mutual Fund,Debt Scheme - Banking and PSU Fund
2014-12-08,119551,Aditya Birla Sun Life Banking & PSU Debt Fund  - DIRECT - IDCW,114.5229,Aditya Birla Sun Life Mutual Fund,Debt Scheme - Banking and PSU Fund
2014-12-09,119551,Aditya Birla Sun Life Banking & PSU Debt Fund  - DIRECT - IDCW,114.6075,Aditya Birla Sun Life Mutual Fund,Debt Scheme - Banking and PSU Fund
2014-12-10,119551,Aditya Birla Sun Life Banking & PSU Debt Fund  - DIRECT - IDCW,114.5532,Aditya Birla Sun Life Mutual Fund,Debt Scheme - Banking and PSU Fund
2014-12-11,119551,Aditya Birla Sun Life Banking & PSU Debt Fund  - DIRECT - IDCW,114.6519,Aditya Birla Sun Life Mutual Fund,Debt Scheme - Banking and PSU Fund
2014-12-12,119551,Aditya Birla Sun Life Banking & PSU Debt Fund  - DIRECT - IDCW,114.7909,Aditya Birla Sun Life Mutual Fund,Debt Scheme - Banking and PSU Fund
2014-12-15,119551,Aditya Birla Sun Life Banking & PSU Debt Fund  - DIRECT - IDCW,114.8848,Aditya Birla Sun Life Mutual Fund,Debt Scheme - Banking and PSU Fund
2014-12-16,119551,Aditya Birla Sun Life Banking & PSU Debt Fund  - DIRECT - IDCW,114.3427,Aditya Birla Sun Life Mutual Fund,Debt Scheme - Banking and PSU Fund
2014-12-17,119551,Aditya Birla Sun Life Banking & PSU Debt Fund  - DIRECT - IDCW,114.3381,Aditya Birla Sun Life Mutual Fund,Debt Scheme - Banking and PSU Fund
2014-12-18,119551,Aditya Birla Sun Life Banking & PSU Debt Fund  - DIRECT - IDCW,114.4956,Aditya Birla Sun Life Mutual Fund,Debt Scheme - Banking and PSU Fund
2014-12-19,119551,Aditya Birla Sun Life Banking & PSU Debt Fund  - DIRECT - IDCW,114.4116,Aditya Birla Sun Life Mutual Fund,Debt Scheme - Banking and PSU Fund
2014-12-22,119551,Aditya Birla Sun Life Banking & PSU Debt Fund  - DIRECT - IDCW,114.5061,Aditya Birla Sun Life Mutual Fund,Debt Scheme - Banking and PSU Fund
2014-12-23,119551,Aditya Birla Sun Life Banking & PSU Debt Fund  - DIRECT - IDCW,114.6022,Aditya Birla Sun Life Mutual Fund,Debt Scheme - Banking and PSU Fund
2014-12-24,119551,Aditya Birla Sun Life Banking & PSU Debt Fund  - DIRECT - IDCW,114.5759,Aditya Birla Sun Life Mutual Fund,Debt Scheme - Banking and PSU Fund
2014-12-26,119551,Aditya Birla Sun Life Banking & PSU Debt Fund  - DIRECT - IDCW,114.5973,Aditya Birla Sun Life Mutual Fund,Debt Scheme - Banking and PSU Fund
2014-12-29,119551,Aditya Birla Sun Life Banking & PSU Debt Fund  - DIRECT - IDCW,114.7535,Aditya Birla Sun Life Mutual Fund,Debt Scheme - Banking and PSU Fund
2014-12-30,119551,Aditya Birla Sun Life Banking & PSU Debt Fund  - DIRECT - IDCW,114.9108,Aditya Birla Sun Life Mutual Fund,Debt Scheme - Banking and PSU Fund
2014-12-31,119551,Aditya Birla Sun Life Banking & PSU Debt Fund  - DIRECT - IDCW,115.0256,Aditya Birla Sun Life Mutual Fund,Debt Scheme - Banking and PSU Fund
2015-01-01,119551,Aditya Birla Sun Life Banking & PSU Debt Fund  - DIRECT - IDCW,115.0622,Aditya Birla Sun Life Mutual Fund,Debt Scheme - Banking and PSU Fund
2015-01-02,119551,Aditya Birla Sun Life Banking & PSU Debt Fund  - DIRECT - IDCW,115.0298,Aditya Birla Sun Life Mutual Fund,Debt Scheme - Banking and PSU Fund
2015-01-05,119551,Aditya Birla Sun Life Banking & PSU Debt Fund  - DIRECT - IDCW,115.0697,Aditya Birla Sun Life Mutual Fund,Debt Scheme - Banking and PSU Fund
2015-01-06,119551,Aditya Birla Sun Life Banking & PSU Debt Fund  - DIRECT - IDCW,115.0098,Aditya Birla Sun Life Mutual Fund,Debt Scheme - Banking and PSU Fund
2015-01-07,119551,Aditya Birla Sun Life Banking & PSU Debt Fund  - DIRECT - IDCW,115.0964,Aditya Birla Sun Life Mutual Fund,Debt Scheme - Banking and PSU Fund
2015-01-08,119551,Aditya Birla Sun Life Banking & PSU Debt Fund  - DIRECT - IDCW,115.1534,Aditya Birla Sun Life Mutual Fund,Debt Scheme - Banking and PSU Fund
2015-01-09,119551,Aditya Birla Sun Life Banking & PSU Debt Fund  - DIRECT - IDCW,115.2179,Aditya Birla Sun Life Mutual Fund,Debt Scheme - Banking and PSU Fund
2015-01-12,119551,Aditya Birla Sun Life Banking & PSU Debt Fund  - DIRECT - IDCW,115.4215,Aditya Birla Sun Life Mutual Fund,Debt Scheme - Banking and PSU Fund
2015-01-13,119551,Aditya Birla Sun Life Banking & PSU Debt Fund  - DIRECT - IDCW,115.5874,Aditya Birla Sun Life Mutual Fund,Debt Scheme - Banking and PSU Fund
2015-01-14,119551,Aditya Birla Sun Life Banking & PSU Debt Fund  - DIRECT - IDCW,115.6112,Aditya Birla Sun Life Mutual Fund,Debt Scheme - Banking and PSU Fund
2015-01-15,119551,Aditya Birla Sun Life Banking & PSU Debt Fund  - DIRECT - IDCW,115.9938,Aditya Birla Sun Life Mutual Fund,Debt Scheme - Banking and PSU Fund
2015-01-16,119551,Aditya Birla Sun Life Banking & PSU Debt Fund  - DIRECT - IDCW,116.1579,Aditya Birla Sun Life Mutual Fund,Debt Scheme - Banking and PSU Fund
2015-01-19,119551,Aditya Birla Sun Life Banking & PSU Debt Fund  - DIRECT - IDCW,116.243,Aditya Birla Sun Life Mutual Fund,Debt Scheme - Banking and PSU Fund
2015-01-20,119551,Aditya Birla Sun Life Banking & PSU Debt Fund  - DIRECT - IDCW,116.2527,Aditya Birla Sun Life Mutual Fund,Debt Scheme - Banking and PSU Fund
2015-01-21,119551,Aditya Birla Sun Life Banking & PSU Debt Fund  - DIRECT - IDCW,116.3456,Aditya Birla Sun Life Mutual Fund,Debt Scheme - Banking and PSU Fund
2015-01-22,119551,Aditya Birla Sun Life Banking & PSU Debt Fund  - DIRECT - IDCW,116.3811,Aditya Birla Sun Life Mutual Fund,Debt Scheme - Banking and PSU Fund
2015-01-23,119551,Aditya Birla Sun Life Banking & PSU Debt Fund  - DIRECT - IDCW,116.4146,Aditya Birla Sun Life Mutual Fund,Debt Scheme - Banking and PSU Fund
2015-01-27,119551,Aditya Birla Sun Life Banking & PSU Debt Fund  - DIRECT - IDCW,116.4896,Aditya Birla Sun Life Mutual Fund,Debt Scheme - Banking and PSU Fund
2015-01-28,119551,Aditya Birla Sun Life Banking & PSU Debt Fund  - DIRECT - IDCW,116.5474,Aditya Birla Sun Life Mutual Fund,Debt Scheme - Banking and PSU Fund
2015-01-29,119551,Aditya Birla Sun Life Banking & PSU Debt Fund  - DIRECT - IDCW,116.583,Aditya Birla Sun Life Mutual Fund,Debt Scheme - Banking and PSU Fund
2015-01-30,119551,Aditya Birla Sun Life Banking & PSU Debt Fund  - DIRECT - IDCW,116.5922,Aditya Birla Sun Life Mutual Fund,Debt Scheme - Banking and PSU Fund
2015-02-02,119551,Aditya Birla Sun Life Banking & PSU Debt Fund  - DIRECT - IDCW,116.7716,Aditya Birla Sun Life Mutual Fund,Debt Scheme - Banking and PSU Fund
2015-02-03,119551,Aditya Birla Sun Life Banking & PSU Debt Fund  - DIRECT - IDCW,116.6952,Aditya Birla Sun Life Mutual Fund,Debt Scheme - Banking and PSU Fund
2015-02-04,119551,Aditya Birla Sun Life Banking & PSU Debt Fund  - DIRECT - IDCW,116.6401,Aditya Birla Sun Life Mutual Fund,Debt Scheme - Banking and PSU Fund
2015-02-05,119551,Aditya Birla Sun Life Banking & PSU Debt Fund  - DIRECT - IDCW,116.6397,Aditya Birla Sun Life Mutual Fund,Debt Scheme - Banking and PSU Fund
2015-02-06,119551,Aditya Birla Sun Life Banking & PSU Debt Fund  - DIRECT - IDCW,116.6382,Aditya Birla Sun Life Mutual Fund,Debt Scheme - Banking and PSU Fund
2015-02-09,119551,Aditya Birla Sun Life Banking & PSU Debt Fund  - DIRECT - IDCW,116.6428,Aditya Birla Sun Life Mutual Fund,Debt Scheme - Banking and PSU Fund
2015-02-10,119551,Aditya Birla Sun Life Banking & PSU Debt Fund  - DIRECT - IDCW,116.6639,Aditya Birla Sun Life Mutual Fund,Debt Scheme - Banking and PSU Fund
2015-02-11,119551,Aditya Birla Sun Life Banking & PSU Debt Fund  - DIRECT - IDCW,116.669,Aditya Birla Sun Life Mutual Fund,Debt Scheme - Banking and PSU Fund
2015-02-12,119551,Aditya Birla Sun Life Banking & PSU Debt Fund  - DIRECT - IDCW,116.6546,Aditya Birla Sun Life Mutual Fund,Debt Scheme - Banking and PSU Fund
2015-02-13,119551,Aditya Birla Sun Life Banking & PSU Debt Fund  - DIRECT - IDCW,116.7452,Aditya Birla Sun Life Mutual Fund,Debt Scheme - Banking and PSU Fund
2015-02-16,119551,Aditya Birla Sun Life Banking & PSU Debt Fund  - DIRECT - IDCW,116.8223,Aditya Birla Sun Life Mutual Fund,Debt Scheme - Banking and PSU Fund
2015-02-18,119551,Aditya Birla Sun Life Banking & PSU Debt Fund  - DIRECT - IDCW,116.8588,Aditya Birla Sun Life Mutual Fund,Debt Scheme - Banking and PSU Fund
2015-02-20,119551,Aditya Birla Sun Life Banking & PSU Debt Fund  - DIRECT - IDCW,116.9274,Aditya Birla Sun Life Mutual Fund,Debt Scheme - Banking and PSU Fund
2015-02-23,119551,Aditya Birla Sun Life Banking & PSU Debt Fund  - DIRECT - IDCW,116.9984,Aditya Birla Sun Life Mutual Fund,Debt Scheme - Banking and PSU Fund
2015-02-24,119551,Aditya Birla Sun Life Banking & PSU Debt Fund  - DIRECT - IDCW,117.0714,Aditya Birla Sun Life Mutual Fund,Debt Scheme - Banking and PSU Fund
2015-02-25,119551,Aditya Birla Sun Life Banking & PSU Debt Fund  - DIRECT - IDCW,117.136,Aditya Birla Sun Life Mutual Fund,Debt Scheme - Banking and PSU Fund
2015-02-26,119551,Aditya Birla Sun Life Banking & PSU Debt Fund  - DIRECT - IDCW,117.1316,Aditya Birla Sun Life Mutual Fund,Debt Scheme - Banking and PSU Fund
2015-02-27,119551,Aditya Birla Sun Life Banking & PSU Debt Fund  - DIRECT - IDCW,117.1873,Aditya Birla Sun Life Mutual Fund,Debt Scheme - Banking and PSU Fund
2015-03-02,119551,Aditya Birla Sun Life Banking & PSU Debt Fund  - DIRECT - IDCW,117.2585,Aditya Birla Sun Life Mutual Fund,Debt Scheme - Banking and PSU Fund
2015-03-03,119551,Aditya Birla Sun Life Banking & PSU Debt Fund  - DIRECT - IDCW,117.2102,Aditya Birla Sun Life Mutual Fund,Debt Scheme - Banking and PSU Fund
2015-03-04,119551,Aditya Birla Sun Life Banking & PSU Debt Fund  - DIRECT - IDCW,117.4492,Aditya Birla Sun Life Mutual Fund,Debt Scheme - Banking and PSU Fund
2015-03-05,119551,Aditya Birla Sun Life Banking & PSU Debt Fund  - DIRECT - IDCW,117.4822,Aditya Birla Sun Life Mutual Fund,Debt Scheme - Banking and PSU Fund
2015-03-09,119551,Aditya Birla Sun Life Banking & PSU Debt Fund  - DIRECT - IDCW,117.449,Aditya Birla Sun Life Mutual Fund,Debt Scheme - Banking and PSU Fund
2015-03-10,119551,Aditya Birla Sun Life Banking & PSU Debt Fund  - DIRECT - IDCW,117.4224,Aditya Birla Sun Life Mutual Fund,Debt Scheme - Banking and PSU Fund
2015-03-11,119551,Aditya Birla Sun Life Banking & PSU Debt Fund  - DIRECT - IDCW,117.412,Aditya Birla Sun Life Mutual Fund,Debt Scheme - Banking and PSU Fund
2015-03-12,119551,Aditya Birla Sun Life Banking & PSU Debt Fund  - DIRECT - IDCW,117.4767,Aditya Birla Sun Life Mutual Fund,Debt Scheme - Banking and PSU Fund
2015-03-13,119551,Aditya Birla Sun Life Banking & PSU Debt Fund  - DIRECT - IDCW,117.3557,Aditya Birla Sun Life Mutual Fund,Debt Scheme - Banking and PSU Fund
2015-03-16,119551,Aditya Birla Sun Life Banking & PSU Debt Fund  - DIRECT - IDCW,117.4257,Aditya Birla Sun Life Mutual Fund,Debt Scheme - Banking and PSU Fund
2015-03-17,119551,Aditya Birla Sun Life Banking & PSU Debt Fund  - DIRECT - IDCW,117.4812,Aditya Birla Sun Life Mutual Fund,Debt Scheme - Banking and PSU Fund
2015-03-18,119551,Aditya Birla Sun Life Banking & PSU Debt Fund  - DIRECT - IDCW,117.4713,Aditya Birla Sun Life Mutual Fund,Debt Scheme - Banking and PSU Fund
2015-03-19,119551,Aditya Birla Sun Life Banking & PSU Debt Fund  - DIRECT - IDCW,117.5422,Aditya Birla Sun Life Mutual Fund,Debt Scheme - Banking and PSU Fund
2015-03-20,119551,Aditya Birla Sun Life Banking & PSU Debt Fund  - DIRECT - IDCW,117.6167,Aditya Birla Sun Life Mutual Fund,Debt Scheme - Banking and PSU Fund
2015-03-23,119551,Aditya Birla Sun Life Banking & PSU Debt Fund  - DIRECT - IDCW,117.6634,Aditya Birla Sun Life Mutual Fund,Debt Scheme - Banking and PSU Fund
2015-03-24,119551,Aditya Birla Sun Life Banking & PSU Debt Fund  - DIRECT - IDCW,117.7014,Aditya Birla Sun Life Mutual Fund,Debt Scheme - Banking and PSU Fund
2015-03-25,119551,Aditya Birla Sun Life Banking & PSU Debt Fund  - DIRECT - IDCW,117.721,Aditya Birla Sun Life Mutual Fund,Debt Scheme - Banking and PSU Fund
2015-03-26,119551,Aditya Birla Sun Life Banking & PSU Debt Fund  - DIRECT - IDCW,117.7366,Aditya Birla Sun Life Mutual Fund,Debt Scheme - Banking and PSU Fund
2015-03-27,119551,Aditya Birla Sun Life Banking & PSU Debt Fund  - DIRECT - IDCW,117.7888,Aditya Birla Sun Life Mutual Fund,Debt Scheme - Banking and PSU Fund
2015-03-30,119551,Aditya Birla Sun Life Banking & PSU Debt Fund  - DIRECT - IDCW,117.8781,Aditya Birla Sun Life Mutual Fund,Debt Scheme - Banking and PSU Fund
2015-03-31,119551,Aditya Birla Sun Life Banking & PSU Debt Fund  - DIRECT - IDCW,118.0538,Aditya Birla Sun Life Mutual Fund,Debt Scheme - Banking and PSU Fund
2015-04-06,119551,Aditya Birla Sun Life Banking & PSU Debt Fund  - DIRECT - IDCW,118.3359,Aditya Birla Sun Life Mutual Fund,Debt Scheme - Banking and PSU Fund
2015-04-07,119551,Aditya Birla Sun Life Banking & PSU Debt Fund  - DIRECT - IDCW,118.3426,Aditya Birla Sun Life Mutual Fund,Debt Scheme - Banking and PSU Fund
2015-04-08,119551,Aditya Birla Sun Life Banking & PSU Debt Fund  - DIRECT - IDCW,118.3201,Aditya Birla Sun Life Mutual Fund,Debt Scheme - Banking and PSU Fund
2015-04-09,119551,Aditya Birla Sun Life Banking & PSU Debt Fund  - DIRECT - IDCW,118.4202,Aditya Birla Sun Life Mutual Fund,Debt Scheme - Banking and PSU Fund
2015-04-10,119551,Aditya Birla Sun Life Banking & PSU Debt Fund  - DIRECT - IDCW,118.4427,Aditya Birla Sun Life Mutual Fund,Debt Scheme - Banking and PSU Fund
2015-04-13,119551,Aditya Birla Sun Life Banking & PSU Debt Fund  - DIRECT - IDCW,118.5303,Aditya Birla Sun Life Mutual Fund,Debt Scheme - Banking and PSU Fund
2015-04-15,119551,Aditya Birla Sun Life Banking & PSU Debt Fund  - DIRECT - IDCW,118.5848,Aditya Birla Sun Life Mutual Fund,Debt Scheme - Banking and PSU Fund
2015-04-16,119551,Aditya Birla Sun Life Banking & PSU Debt Fund  - DIRECT - IDCW,118.6022,Aditya Birla Sun Life Mutual Fund,Debt Scheme - Banking and PSU Fund
2015-04-17,119551,Aditya Birla Sun Life Banking & PSU Debt Fund  - DIRECT - IDCW,118.6016,Aditya Birla Sun Life Mutual Fund,Debt Scheme - Banking and PSU Fund
2015-04-20,119551,Aditya Birla Sun Life Banking & PSU Debt Fund  - DIRECT - IDCW,118.6696,Aditya Birla Sun Life Mutual Fund,Debt Scheme - Banking and PSU Fund
2015-04-21,119551,Aditya Birla Sun Life Banking & PSU Debt Fund  - DIRECT - IDCW,118.7199,Aditya Birla Sun Life Mutual Fund,Debt Scheme - Banking and PSU Fund
2015-04-22,119551,Aditya Birla Sun Life Banking & PSU Debt Fund  - DIRECT - IDCW,118.7833,Aditya Birla Sun Life Mutual Fund,Debt Scheme - Banking and PSU Fund
2015-04-23,119551,Aditya Birla Sun Life Banking & PSU Debt Fund  - DIRECT - IDCW,118.7552,Aditya Birla Sun Life Mutual Fund,Debt Scheme - Banking and PSU Fund
2015-04-24,119551,Aditya Birla Sun Life Banking & PSU Debt Fund  - DIRECT - IDCW,118.7424,Aditya Birla Sun Life Mutual Fund,Debt Scheme - Banking and PSU Fund
2015-04-27,119551,Aditya Birla Sun Life Banking & PSU Debt Fund  - DIRECT - IDCW,118.7981,Aditya Birla Sun Life Mutual Fund,Debt Scheme - Banking and PSU Fund
2015-04-28,119551,Aditya Birla Sun Life Banking & PSU Debt Fund  - DIRECT - IDCW,118.8214,Aditya Birla Sun Life Mutual Fund,Debt Scheme - Banking and PSU Fund
2015-04-29,119551,Aditya Birla Sun Life Banking & PSU Debt Fund  - DIRECT - IDCW,118.7676,Aditya Birla Sun Life Mutual Fund,Debt Scheme - Banking and PSU Fund
2015-04-30,119551,Aditya Birla Sun Life Banking & PSU Debt Fund  - DIRECT - IDCW,118.6387,Aditya Birla Sun Life Mutual Fund,Debt Scheme - Banking and PSU Fund
2015-05-05,119551,Aditya Birla Sun Life Banking & PSU Debt Fund  - DIRECT - IDCW,118.7349,Aditya Birla Sun Life Mutual Fund,Debt Scheme - Banking and PSU Fund
2015-05-06,119551,Aditya Birla Sun Life Banking & PSU Debt Fund  - DIRECT - IDCW,118.6148,Aditya Birla Sun Life Mutual Fund,Debt Scheme - Banking and PSU Fund
2015-05-07,119551,Aditya Birla Sun Life Banking & PSU Debt Fund  - DIRECT - IDCW,118.376,Aditya Birla Sun Life Mutual Fund,Debt Scheme - Banking and PSU Fund
2015-05-08,119551,Aditya Birla Sun Life Banking & PSU Debt Fund  - DIRECT - IDCW,118.3858,Aditya Birla Sun Life Mutual Fund,Debt Scheme - Banking and PSU Fund
2015-05-11,119551,Aditya Birla Sun Life Banking & PSU Debt Fund  - DIRECT - IDCW,118.671,Aditya Birla Sun Life Mutual Fund,Debt Scheme - Banking and PSU Fund
2015-05-12,119551,Aditya Birla Sun Life Banking & PSU Debt Fund  - DIRECT - IDCW,118.5949,Aditya Birla Sun Life Mutual Fund,Debt Scheme - Banking and PSU Fund
2015-05-13,119551,Aditya Birla Sun Life Banking & PSU Debt Fund  - DIRECT - IDCW,118.5796,Aditya Birla Sun Life Mutual Fund,Debt Scheme - Banking and PSU Fund
2015-05-14,119551,Aditya Birla Sun Life Banking & PSU Debt Fund  - DIRECT - IDCW,118.5984,Aditya Birla Sun Life Mutual Fund,Debt Scheme - Banking and PSU Fund
2015-05-15,119551,Aditya Birla Sun Life Banking & PSU Debt Fund  - DIRECT - IDCW,118.638,Aditya Birla Sun Life Mutual Fund,Debt Scheme - Banking and PSU Fund
2015-05-18,119551,Aditya Birla Sun Life Banking & PSU Debt Fund  - DIRECT - IDCW,118.8277,Aditya Birla Sun Life Mutual Fund,Debt Scheme - Banking and PSU Fund
2015-05-19,119551,Aditya Birla Sun Life Banking & PSU Debt Fund  - DIRECT - IDCW,119.0042,Aditya Birla Sun Life Mutual Fund,Debt Scheme - Banking and PSU Fund
2015-05-20,119551,Aditya Birla Sun Life Banking & PSU Debt Fund  - DIRECT - IDCW,119.0625,Aditya Birla Sun Life Mutual Fund,Debt Scheme - Banking and PSU Fund
2015-05-21,119551,Aditya Birla Sun Life Banking & PSU Debt Fund  - DIRECT - IDCW,119.0962,Aditya Birla Sun Life Mutual Fund,Debt Scheme - Banking and PSU Fund
2015-05-22,119551,Aditya Birla Sun Life Banking & PSU Debt Fund  - DIRECT - IDCW,119.1641,Aditya Birla Sun Life Mutual Fund,Debt Scheme - Banking and PSU Fund
2015-05-25,119551,Aditya Birla Sun Life Banking & PSU Debt Fund  - DIRECT - IDCW,119.2195,Aditya Birla Sun Life Mutual Fund,Debt Scheme - Banking and PSU Fund
2015-05-26,119551,Aditya Birla Sun Life Banking & PSU Debt Fund  - DIRECT - IDCW,119.1981,Aditya Birla Sun Life Mutual Fund,Debt Scheme - Banking and PSU Fund
2015-05-27,119551,Aditya Birla Sun Life Banking & PSU Debt Fund  - DIRECT - IDCW,119.2361,Aditya Birla Sun Life Mutual Fund,Debt Scheme - Banking and PSU Fund
2015-05-28,119551,Aditya Birla Sun Life Banking & PSU Debt Fund  - DIRECT - IDCW,119.3367,Aditya Birla Sun Life Mutual Fund,Debt Scheme - Banking and PSU Fund
2015-05-29,119551,Aditya Birla Sun Life Banking & PSU Debt Fund  - DIRECT - IDCW,119.4459,Aditya Birla Sun Life Mutual Fund,Debt Scheme - Banking and PSU Fund
2015-06-01,119551,Aditya Birla Sun Life Banking & PSU Debt Fund  - DIRECT - IDCW,119.5416,Aditya Birla Sun Life Mutual Fund,Debt Scheme - Banking and PSU Fund
2015-06-02,119551,Aditya Birla Sun Life Banking & PSU Debt Fund  - DIRECT - IDCW,119.1982,Aditya Birla Sun Life Mutual Fund,Debt Scheme - Banking and PSU Fund
2015-06-03,119551,Aditya Birla Sun Life Banking & PSU Debt Fund  - DIRECT - IDCW,119.0994,Aditya Birla Sun Life Mutual Fund,Debt Scheme - Banking and PSU Fund
2015-06-04,119551,Aditya Birla Sun Life Banking & PSU Debt Fund  - DIRECT - IDCW,118.9151,Aditya Birla Sun Life Mutual Fund,Debt Scheme - Banking and PSU Fund
2015-06-05,119551,Aditya Birla Sun Life Banking & PSU Debt Fund  - DIRECT - IDCW,119.0347,Aditya Birla Sun Life Mutual Fund,Debt Scheme - Banking and PSU Fund
2015-06-08,119551,Aditya Birla Sun Life Banking & PSU Debt Fund  - DIRECT - IDCW,119.0629,Aditya Birla Sun Life Mutual Fund,Debt Scheme - Banking and PSU Fund
2015-06-09,119551,Aditya Birla Sun Life Banking & PSU Debt Fund  - DIRECT - IDCW,119.1989,Aditya Birla Sun Life Mutual Fund,Debt Scheme - Banking and PSU Fund
2015-06-10,119551,Aditya Birla Sun Life Banking & PSU Debt Fund  - DIRECT - IDCW,119.091,Aditya Birla Sun Life Mutual Fund,Debt Scheme - Banking and PSU Fund
2015-06-11,119551,Aditya Birla Sun Life Banking & PSU Debt Fund  - DIRECT - IDCW,118.8986,Aditya Birla Sun Life Mutual Fund,Debt Scheme - Banking and PSU Fund
2015-06-12,119551,Aditya Birla Sun Life Banking & PSU Debt Fund  - DIRECT - IDCW,118.8557,Aditya Birla Sun Life Mutual Fund,Debt Scheme - Banking and PSU Fund
2015-06-15,119551,Aditya Birla Sun Life Banking & PSU Debt Fund  - DIRECT - IDCW,119.029,Aditya Birla Sun Life Mutual Fund,Debt Scheme - Banking and PSU Fund
2015-06-16,119551,Aditya Birla Sun Life Banking & PSU Debt Fund  - DIRECT - IDCW,118.9396,Aditya Birla Sun Life Mutual Fund,Debt Scheme - Banking and PSU Fund
2015-06-17,119551,Aditya Birla Sun Life Banking & PSU Debt Fund  - DIRECT - IDCW,119.1569,Aditya Birla Sun Life Mutual Fund,Debt Scheme - Banking and PSU Fund
2015-06-18,119551,Aditya Birla Sun Life Banking & PSU Debt Fund  - DIRECT - IDCW,119.5056,Aditya Birla Sun Life Mutual Fund,Debt Scheme - Banking and PSU Fund
2015-06-19,119551,Aditya Birla Sun Life Banking & PSU Debt Fund  - DIRECT - IDCW,119.761,Aditya Birla Sun Life Mutual Fund,Debt Scheme - Banking and PSU Fund
2015-06-22,119551,Aditya Birla Sun Life Banking & PSU Debt Fund  - DIRECT - IDCW,119.7631,Aditya Birla Sun Life Mutual Fund,Debt Scheme - Banking and PSU Fund
2015-06-23,119551,Aditya Birla Sun Life Banking & PSU Debt Fund  - DIRECT - IDCW,119.7242,Aditya Birla Sun Life Mutual Fund,Debt Scheme - Banking and PSU Fund
2015-06-24,119551,Aditya Birla Sun Life Banking & PSU Debt Fund  - DIRECT - IDCW,119.586,Aditya Birla Sun Life Mutual Fund,Debt Scheme - Banking and PSU Fund
2015-06-25,119551,Aditya Birla Sun Life Banking & PSU Debt Fund  - DIRECT - IDCW,119.4568,Aditya Birla Sun Life Mutual Fund,Debt Scheme - Banking and PSU Fund
2015-06-26,119551,Aditya Birla Sun Life Banking & PSU Debt Fund  - DIRECT - IDCW,119.5192,Aditya Birla Sun Life Mutual Fund,Debt Scheme - Banking and PSU Fund
2015-06-29,119551,Aditya Birla Sun Life Banking & PSU Debt Fund  - DIRECT - IDCW,119.3389,Aditya Birla Sun Life Mutual Fund,Debt Scheme - Banking and PSU Fund
2015-06-30,119551,Aditya Birla Sun Life Banking & PSU Debt Fund  - DIRECT - IDCW,119.4628,Aditya Birla Sun Life Mutual Fund,Debt Scheme - Banking and PSU Fund
2015-07-01,119551,Aditya Birla Sun Life Banking & PSU Debt Fund  - DIRECT - IDCW,119.6428,Aditya Birla Sun Life Mutual Fund,Debt Scheme - Banking and PSU Fund
2015-07-02,119551,Aditya Birla Sun Life Banking & PSU Debt Fund  - DIRECT - IDCW,119.7538,Aditya Birla Sun Life Mutual Fund,Debt Scheme - Banking and PSU Fund
2015-07-03,119551,Aditya Birla Sun Life Banking & PSU Debt Fund  - DIRECT - IDCW,119.8612,Aditya Birla Sun Life Mutual Fund,Debt Scheme - Banking and PSU Fund
2015-07-06,119551,Aditya Birla Sun Life Banking & PSU Debt Fund  - DIRECT - IDCW,120.0581,Aditya Birla Sun Life Mutual Fund,Debt Scheme - Banking and PSU Fund
2015-07-07,119551,Aditya Birla Sun Life Banking & PSU Debt Fund  - DIRECT - IDCW,120.0419,Aditya Birla Sun Life Mutual Fund,Debt Scheme - Banking and PSU Fund
2015-07-08,119551,Aditya Birla Sun Life Banking & PSU Debt Fund  - DIRECT - IDCW,120.0759,Aditya Birla Sun Life Mutual Fund,Debt Scheme - Banking and PSU Fund
2015-07-09,119551,Aditya Birla Sun Life Banking & PSU Debt Fund  - DIRECT - IDCW,120.0964,Aditya Birla Sun Life Mutual Fund,Debt Scheme - Banking and PSU Fund
2015-07-10,119551,Aditya Birla Sun Life Banking & PSU Debt Fund  - DIRECT - IDCW,120.1484,Aditya Birla Sun Life Mutual Fund,Debt Scheme - Banking and PSU Fund
2015-07-13,119551,Aditya Birla Sun Life Banking & PSU Debt Fund  - DIRECT - IDCW,119.9544,Aditya Birla Sun Life Mutual Fund,Debt Scheme - Banking and PSU Fund
2015-07-14,119551,Aditya Birla Sun Life Banking & PSU Debt Fund  - DIRECT - IDCW,120.0999,Aditya Birla Sun Life Mutual Fund,Debt Scheme - Banking and PSU Fund
2015-07-15,119551,Aditya Birla Sun Life Banking & PSU Debt Fund  - DIRECT - IDCW,120.1371,Aditya Birla Sun Life Mutual Fund,Debt Scheme - Banking and PSU Fund
2015-07-16,119551,Aditya Birla Sun Life Banking & PSU Debt Fund  - DIRECT - IDCW,120.1474,Aditya Birla Sun Life Mutual Fund,Debt Scheme - Banking and PSU Fund
2015-07-17,119551,Aditya Birla Sun Life Banking & PSU Debt Fund  - DIRECT - IDCW,120.1974,Aditya Birla Sun Life Mutual Fund,Debt Scheme - Banking and PSU Fund
2015-07-20,119551,Aditya Birla Sun Life Banking & PSU Debt Fund  - DIRECT - IDCW,120.227,Aditya Birla Sun Life Mutual Fund,Debt Scheme - Banking and PSU Fund
2015-07-21,119551,Aditya Birla Sun Life Banking & PSU Debt Fund  - DIRECT - IDCW,120.2742,Aditya Birla Sun Life Mutual Fund,Debt Scheme - Banking and PSU Fund
2015-07-22,119551,Aditya Birla Sun Life Banking & PSU Debt Fund  - DIRECT - IDCW,120.3286,Aditya Birla Sun Life Mutual Fund,Debt Scheme - Banking and PSU Fund
2015-07-23,119551,Aditya Birla Sun Life Banking & PSU Debt Fund  - DIRECT - IDCW,120.4142,Aditya Birla Sun Life Mutual Fund,Debt Scheme - Banking and PSU Fund
2015-07-24,119551,Aditya Birla Sun Life Banking & PSU Debt Fund  - DIRECT - IDCW,120.411,Aditya Birla Sun Life Mutual Fund,Debt Scheme - Banking and PSU Fund
2015-07-27,119551,Aditya Birla Sun Life Banking & PSU Debt Fund  - DIRECT - IDCW,120.5074,Aditya Birla Sun Life Mutual Fund,Debt Scheme - Banking and PSU Fund
2015-07-28,119551,Aditya Birla Sun Life Banking & PSU Debt Fund  - DIRECT - IDCW,120.7053,Aditya Birla Sun Life Mutual Fund,Debt Scheme - Banking and PSU Fund
2015-07-29,119551,Aditya Birla Sun Life Banking & PSU Debt Fund  - DIRECT - IDCW,120.7768,Aditya Birla Sun Life Mutual Fund,Debt Scheme - Banking and PSU Fund
2015-07-30,119551,Aditya Birla Sun Life Banking & PSU Debt Fund  - DIRECT - IDCW,120.7773,Aditya Birla Sun Life Mutual Fund,Debt Scheme - Banking and PSU Fund
2015-07-31,119551,Aditya Birla Sun Life Banking & PSU Debt Fund  - DIRECT - IDCW,120.858,Aditya Birla Sun Life Mutual Fund,Debt Scheme - Banking and PSU Fund
2015-08-03,119551,Aditya Birla Sun Life Banking & PSU Debt Fund  - DIRECT - IDCW,120.9192,Aditya Birla Sun Life Mutual Fund,Debt Scheme - Banking and PSU Fund
2015-08-04,119551,Aditya Birla Sun Life Banking & PSU Debt Fund  - DIRECT - IDCW,120.8481,Aditya Birla Sun Life Mutual Fund,Debt Scheme - Banking and PSU Fund
2015-08-05,119551,Aditya Birla Sun Life Banking & PSU Debt Fund  - DIRECT - IDCW,120.864,Aditya Birla Sun Life Mutual Fund,Debt Scheme - Banking and PSU Fund
2015-08-06,119551,Aditya Birla Sun Life Banking & PSU Debt Fund  - DIRECT - IDCW,120.9792,Aditya Birla Sun Life Mutual Fund,Debt Scheme - Banking and PSU Fund
2015-08-07,119551,Aditya Birla Sun Life Banking & PSU Debt Fund  - DIRECT - IDCW,120.9962,Aditya Birla Sun Life Mutual Fund,Debt Scheme - Banking and PSU Fund
2015-08-10,119551,Aditya Birla Sun Life Banking & PSU Debt Fund  - DIRECT - IDCW,121.1234,Aditya Birla Sun Life Mutual Fund,Debt Scheme - Banking and PSU Fund
2015-08-11,119551,Aditya Birla Sun Life Banking & PSU Debt Fund  - DIRECT - IDCW,121.1502,Aditya Birla Sun Life Mutual Fund,Debt Scheme - Banking and PSU Fund
2015-08-12,119551,Aditya Birla Sun Life Banking & PSU Debt Fund  - DIRECT - IDCW,121.1846,Aditya Birla Sun Life Mutual Fund,Debt Scheme - Banking and PSU Fund
2015-08-13,119551,Aditya Birla Sun Life Banking & PSU Debt Fund  - DIRECT - IDCW,121.3935,Aditya Birla Sun Life Mutual Fund,Debt Scheme - Banking and PSU Fund
2015-08-14,119551,Aditya Birla Sun Life Banking & PSU Debt Fund  - DIRECT - IDCW,121.4723,Aditya Birla Sun Life Mutual Fund,Debt Scheme - Banking and PSU Fund
2015-08-17,119551,Aditya Birla Sun Life Banking & PSU Debt Fund  - DIRECT - IDCW,121.5407,Aditya Birla Sun Life Mutual Fund,Debt Scheme - Banking and PSU Fund
2015-08-19,119551,Aditya Birla Sun Life Banking & PSU Debt Fund  - DIRECT - IDCW,121.6068,Aditya Birla Sun Life Mutual Fund,Debt Scheme - Banking and PSU Fund
2015-08-20,119551,Aditya Birla Sun Life Banking & PSU Debt Fund  - DIRECT - IDCW,121.6568,Aditya Birla Sun Life Mutual Fund,Debt Scheme - Banking and PSU Fund
2015-08-21,119551,Aditya Birla Sun Life Banking & PSU Debt Fund  - DIRECT - IDCW,121.5475,Aditya Birla Sun Life Mutual Fund,Debt Scheme - Banking and PSU Fund
2015-08-24,119551,Aditya Birla Sun Life Banking & PSU Debt Fund  - DIRECT - IDCW,121.2877,Aditya Birla Sun Life Mutual Fund,Debt Scheme - Banking and PSU Fund
2015-08-25,119551,Aditya Birla Sun Life Banking & PSU Debt Fund  - DIRECT - IDCW,121.4763,Aditya Birla Sun Life Mutual Fund,Debt Scheme - Banking and PSU Fund
2015-08-26,119551,Aditya Birla Sun Life Banking & PSU Debt Fund  - DIRECT - IDCW,121.5738,Aditya Birla Sun Life Mutual Fund,Debt Scheme - Banking and PSU Fund
2015-08-27,119551,Aditya Birla Sun Life Banking & PSU Debt Fund  - DIRECT - IDCW,121.6848,Aditya Birla Sun Life Mutual Fund,Debt Scheme - Banking and PSU Fund
2015-08-28,119551,Aditya Birla Sun Life Banking & PSU Debt Fund  - DIRECT - IDCW,121.688,Aditya Birla Sun Life Mutual Fund,Debt Scheme - Banking and PSU Fund
2015-08-31,119551,Aditya Birla Sun Life Banking & PSU Debt Fund  - DIRECT - IDCW,121.7255,Aditya Birla Sun Life Mutual Fund,Debt Scheme - Banking and PSU Fund
2015-09-01,119551,Aditya Birla Sun Life Banking & PSU Debt Fund  - DIRECT - IDCW,121.8545,Aditya Birla Sun Life Mutual Fund,Debt Scheme - Banking and PSU Fund
2015-09-02,119551,Aditya Birla Sun Life Banking & PSU Debt Fund  - DIRECT - IDCW,121.8592,Aditya Birla Sun Life Mutual Fund,Debt Scheme - Banking and PSU Fund
2015-09-03,119551,Aditya Birla Sun Life Banking & PSU Debt Fund  - DIRECT - IDCW,121.8344,Aditya Birla Sun Life Mutual Fund,Debt Scheme - Banking and PSU Fund
2015-09-04,119551,Aditya Birla Sun Life Banking & PSU Debt Fund  - DIRECT - IDCW,121.7976,Aditya Birla Sun Life Mutual Fund,Debt Scheme - Banking and PSU Fund
2015-09-07,119551,Aditya Birla Sun Life Banking & PSU Debt Fund  - DIRECT - IDCW,121.7402,Aditya Birla Sun Life Mutual Fund,Debt Scheme - Banking and PSU Fund
2015-09-08,119551,Aditya Birla Sun Life Banking & PSU Debt Fund  - DIRECT - IDCW,121.8281,Aditya Birla Sun Life Mutual Fund,Debt Scheme - Banking and PSU Fund
2015-09-09,119551,Aditya Birla Sun Life Banking & PSU Debt Fund  - DIRECT - IDCW,121.8833,Aditya Birla Sun Life Mutual Fund,Debt Scheme - Banking and PSU Fund
2015-09-10,119551,Aditya Birla Sun Life Banking & PSU Debt Fund  - DIRECT - IDCW,121.8109,Aditya Birla Sun Life Mutual Fund,Debt Scheme - Banking and PSU Fund
2015-09-11,119551,Aditya Birla Sun Life Banking & PSU Debt Fund  - DIRECT - IDCW,121.8402,Aditya Birla Sun Life Mutual Fund,Debt Scheme - Banking and PSU Fund
2015-09-14,119551,Aditya Birla Sun Life Banking & PSU Debt Fund  - DIRECT - IDCW,121.9531,Aditya Birla Sun Life Mutual Fund,Debt Scheme - Banking and PSU Fund
2015-09-15,119551,Aditya Birla Sun Life Banking & PSU Debt Fund  - DIRECT - IDCW,121.9858,Aditya Birla Sun Life Mutual Fund,Debt Scheme - Banking and PSU Fund
2015-09-16,119551,Aditya Birla Sun Life Banking & PSU Debt Fund  - DIRECT - IDCW,121.9789,Aditya Birla Sun Life Mutual Fund,Debt Scheme - Banking and PSU Fund
2015-09-18,119551,Aditya Birla Sun Life Banking & PSU Debt Fund  - DIRECT - IDCW,122.2648,Aditya Birla Sun Life Mutual Fund,Debt Scheme - Banking and PSU Fund
2015-09-21,119551,Aditya Birla Sun Life Banking & PSU Debt Fund  - DIRECT - IDCW,122.338,Aditya Birla Sun Life Mutual Fund,Debt Scheme - Banking and PSU Fund
2015-09-22,119551,Aditya Birla Sun Life Banking & PSU Debt Fund  - DIRECT - IDCW,122.3174,Aditya Birla Sun Life Mutual Fund,Debt Scheme - Banking and PSU Fund
2015-09-23,119551,Aditya Birla Sun Life Banking & PSU Debt Fund  - DIRECT - IDCW,122.3206,Aditya Birla Sun Life Mutual Fund,Debt Scheme - Banking and PSU Fund
2015-09-24,119551,Aditya Birla Sun Life Banking & PSU Debt Fund  - DIRECT - IDCW,122.3672,Aditya Birla Sun Life Mutual Fund,Debt Scheme - Banking and PSU Fund
2015-09-28,119551,Aditya Birla Sun Life Banking & PSU Debt Fund  - DIRECT - IDCW,122.4558,Aditya Birla Sun Life Mutual Fund,Debt Scheme - Banking and PSU Fund
2015-09-29,119551,Aditya Birla Sun Life Banking & PSU Debt Fund  - DIRECT - IDCW,123.1053,Aditya Birla Sun Life Mutual Fund,Debt Scheme - Banking and PSU Fund
2015-09-30,119551,Aditya Birla Sun Life Banking & PSU Debt Fund  - DIRECT - IDCW,123.4889,Aditya Birla Sun Life Mutual Fund,Debt Scheme - Banking and PSU Fund
2015-10-01,119551,Aditya Birla Sun Life Banking & PSU Debt Fund  - DIRECT - IDCW,123.4236,Aditya Birla Sun Life Mutual Fund,Debt Scheme - Banking and PSU Fund
2015-10-05,119551,Aditya Birla Sun Life Banking & PSU Debt Fund  - DIRECT - IDCW,123.7102,Aditya Birla Sun Life Mutual Fund,Debt Scheme - Banking and PSU Fund
2015-10-06,119551,Aditya Birla Sun Life Banking & PSU Debt Fund  - DIRECT - IDCW,123.7049,Aditya Birla Sun Life Mutual Fund,Debt Scheme - Banking and PSU Fund
2015-10-07,119551,Aditya Birla Sun Life Banking & PSU Debt Fund  - DIRECT - IDCW,123.6703,Aditya Birla Sun Life Mutual Fund,Debt Scheme - Banking and PSU Fund
2015-10-08,119551,Aditya Birla Sun Life Banking & PSU Debt Fund  - DIRECT - IDCW,123.7508,Aditya Birla Sun Life Mutual Fund,Debt Scheme - Banking and PSU Fund
2015-10-09,119551,Aditya Birla Sun Life Banking & PSU Debt Fund  - DIRECT - IDCW,123.8076,Aditya Birla Sun Life Mutual Fund,Debt Scheme - Banking and PSU Fund
2015-10-12,119551,Aditya Birla Sun Life Banking & PSU Debt Fund  - DIRECT - IDCW,123.7532,Aditya Birla Sun Life Mutual Fund,Debt Scheme - Banking and PSU Fund
2015-10-13,119551,Aditya Birla Sun Life Banking & PSU Debt Fund  - DIRECT - IDCW,123.7951,Aditya Birla Sun Life Mutual Fund,Debt Scheme - Banking and PSU Fund
2015-10-14,119551,Aditya Birla Sun Life Banking & PSU Debt Fund  - DIRECT - IDCW,123.8612,Aditya Birla Sun Life Mutual Fund,Debt Scheme - Banking and PSU Fund
2015-10-15,119551,Aditya Birla Sun Life Banking & PSU Debt Fund  - DIRECT - IDCW,123.9272,Aditya Birla Sun Life Mutual Fund,Debt Scheme - Banking and PSU Fund
2015-10-16,119551,Aditya Birla Sun Life Banking & PSU Debt Fund  - DIRECT - IDCW,123.9423,Aditya Birla Sun Life Mutual Fund,Debt Scheme - Banking and PSU Fund
2015-10-19,119551,Aditya Birla Sun Life Banking & PSU Debt Fund  - DIRECT - IDCW,124.0158,Aditya Birla Sun Life Mutual Fund,Debt Scheme - Banking and PSU Fund
2015-10-20,119551,Aditya Birla Sun Life Banking & PSU Debt Fund  - DIRECT - IDCW,124.0561,Aditya Birla Sun Life Mutual Fund,Debt Scheme - Banking and PSU Fund
2015-10-21,119551,Aditya Birla Sun Life Banking & PSU Debt Fund  - DIRECT - IDCW,124.0459,Aditya Birla Sun Life Mutual Fund,Debt Scheme - Banking and PSU Fund
2015-10-23,119551,Aditya Birla Sun Life Banking & PSU Debt Fund  - DIRECT - IDCW,124.1065,Aditya Birla Sun Life Mutual Fund,Debt Scheme - Banking and PSU Fund
2015-10-26,119551,Aditya Birla Sun Life Banking & PSU Debt Fund  - DIRECT - IDCW,124.0884,Aditya Birla Sun Life Mutual Fund,Debt Scheme - Banking and PSU Fund
2015-10-27,119551,Aditya Birla Sun Life Banking & PSU Debt Fund  - DIRECT - IDCW,124.1443,Aditya Birla Sun Life Mutual Fund,Debt Scheme - Banking and PSU Fund
2015-10-28,119551,Aditya Birla Sun Life Banking & PSU Debt Fund  - DIRECT - IDCW,124.2162,Aditya Birla Sun Life Mutual Fund,Debt Scheme - Banking and PSU Fund
2015-10-29,119551,Aditya Birla Sun Life Banking & PSU Debt Fund  - DIRECT - IDCW,124.1596,Aditya Birla Sun Life Mutual Fund,Debt Scheme - Banking and PSU Fund
2015-10-30,119551,Aditya Birla Sun Life Banking & PSU Debt Fund  - DIRECT - IDCW,124.1571,Aditya Birla Sun Life Mutual Fund,Debt Scheme - Banking and PSU Fund
2015-11-02,119551,Aditya Birla Sun Life Banking & PSU Debt Fund  - DIRECT - IDCW,124.2771,Aditya Birla Sun Life Mutual Fund,Debt Scheme - Banking and PSU Fund
2015-11-03,119551,Aditya Birla Sun Life Banking & PSU Debt Fund  - DIRECT - IDCW,124.2894,Aditya Birla Sun Life Mutual Fund,Debt Scheme - Banking and PSU Fund
2015-11-04,119551,Aditya Birla Sun Life Banking & PSU Debt Fund  - DIRECT - IDCW,124.2333,Aditya Birla Sun Life Mutual Fund,Debt Scheme - Banking and PSU Fund
2015-11-05,119551,Aditya Birla Sun Life Banking & PSU Debt Fund  - DIRECT - IDCW,124.1902,Aditya Birla Sun Life Mutual Fund,Debt Scheme - Banking and PSU Fund
2015-11-06,119551,Aditya Birla Sun Life Banking & PSU Debt Fund  - DIRECT - IDCW,124.1927,Aditya Birla Sun Life Mutual Fund,Debt Scheme - Banking and PSU Fund
2015-11-09,119551,Aditya Birla Sun Life Banking & PSU Debt Fund  - DIRECT - IDCW,124.1346,Aditya Birla Sun Life Mutual Fund,Debt Scheme - Banking and PSU Fund
2015-11-10,119551,Aditya Birla Sun Life Banking & PSU Debt Fund  - DIRECT - IDCW,124.236,Aditya Birla Sun Life Mutual Fund,Debt Scheme - Banking and PSU Fund
2015-11-13,119551,Aditya Birla Sun Life Banking & PSU Debt Fund  - DIRECT - IDCW,124.4146,Aditya Birla Sun Life Mutual Fund,Debt Scheme - Banking and PSU Fund
2015-11-16,119551,Aditya Birla Sun Life Banking & PSU Debt Fund  - DIRECT - IDCW,124.5039,Aditya Birla Sun Life Mutual Fund,Debt Scheme - Banking and PSU Fund
2015-11-17,119551,Aditya Birla Sun Life Banking & PSU Debt Fund  - DIRECT - IDCW,124.471,Aditya Birla Sun Life Mutual Fund,Debt Scheme - Banking and PSU Fund
2015-11-18,119551,Aditya Birla Sun Life Banking & PSU Debt Fund  - DIRECT - IDCW,124.4731,Aditya Birla Sun Life Mutual Fund,Debt Scheme - Banking and PSU Fund
2015-11-19,119551,Aditya Birla Sun Life Banking & PSU Debt Fund  - DIRECT - IDCW,124.5005,Aditya Birla Sun Life Mutual Fund,Debt Scheme - Banking and PSU Fund
2015-11-20,119551,Aditya Birla Sun Life Banking & PSU Debt Fund  - DIRECT - IDCW,124.4288,Aditya Birla Sun Life Mutual Fund,Debt Scheme - Banking and PSU Fund
2015-11-23,119551,Aditya Birla Sun Life Banking & PSU Debt Fund  - DIRECT - IDCW,124.4523,Aditya Birla Sun Life Mutual Fund,Debt Scheme - Banking and PSU Fund
2015-11-24,119551,Aditya Birla Sun Life Banking & PSU Debt Fund  - DIRECT - IDCW,124.5215,Aditya Birla Sun Life Mutual Fund,Debt Scheme - Banking and PSU Fund
2015-11-26,119551,Aditya Birla Sun Life Banking & PSU Debt Fund  - DIRECT - IDCW,124.5172,Aditya Birla Sun Life Mutual Fund,Debt Scheme - Banking and PSU Fund
2015-11-27,119551,Aditya Birla Sun Life Banking & PSU Debt Fund  - DIRECT - IDCW,124.423,Aditya Birla Sun Life Mutual Fund,Debt Scheme - Banking and PSU Fund
2015-11-30,119551,Aditya Birla Sun Life Banking & PSU Debt Fund  - DIRECT - IDCW,124.4419,Aditya Birla Sun Life Mutual Fund,Debt Scheme - Banking and PSU Fund
2015-12-01,119551,Aditya Birla Sun Life Banking & PSU Debt Fund  - DIRECT - IDCW,124.6288,Aditya Birla Sun Life Mutual Fund,Debt Scheme - Banking and PSU Fund
2015-12-02,119551,Aditya Birla Sun Life Banking & PSU Debt Fund  - DIRECT - IDCW,124.6293,Aditya Birla Sun Life Mutual Fund,Debt Scheme - Banking and PSU Fund
2015-12-03,119551,Aditya Birla Sun Life Banking & PSU Debt Fund  - DIRECT - IDCW,124.7928,Aditya Birla Sun Life Mutual Fund,Debt Scheme - Banking and PSU Fund
2015-12-04,119551,Aditya Birla Sun Life Banking & PSU Debt Fund  - DIRECT - IDCW,124.672,Aditya Birla Sun Life Mutual Fund,Debt Scheme - Banking and PSU Fund
2015-12-07,119551,Aditya Birla Sun Life Banking & PSU Debt Fund  - DIRECT - IDCW,124.7185,Aditya Birla Sun Life Mutual Fund,Debt Scheme - Banking and PSU Fund
2015-12-08,119551,Aditya Birla Sun Life Banking & PSU Debt Fund  - DIRECT - IDCW,124.6356,Aditya Birla Sun Life Mutual Fund,Debt Scheme - Banking and PSU Fund
2015-12-09,119551,Aditya Birla Sun Life Banking & PSU Debt Fund  - DIRECT - IDCW,124.6578,Aditya Birla Sun Life Mutual Fund,Debt Scheme - Banking and PSU Fund
2015-12-10,119551,Aditya Birla Sun Life Banking & PSU Debt Fund  - DIRECT - IDCW,124.6787,Aditya Birla Sun Life Mutual Fund,Debt Scheme - Banking and PSU Fund
2015-12-11,119551,Aditya Birla Sun Life Banking & PSU Debt Fund  - DIRECT - IDCW,124.7011,Aditya Birla Sun Life Mutual Fund,Debt Scheme - Banking and PSU Fund
2015-12-14,119551,Aditya Birla Sun Life Banking & PSU Debt Fund  - DIRECT - IDCW,124.6657,Aditya Birla Sun Life Mutual Fund,Debt Scheme - Banking and PSU Fund
2015-12-15,119551,Aditya Birla Sun Life Banking & PSU Debt Fund  - DIRECT - IDCW,124.6736,Aditya Birla Sun Life Mutual Fund,Debt Scheme - Banking and PSU Fund
2015-12-16,119551,Aditya Birla Sun Life Banking & PSU Debt Fund  - DIRECT - IDCW,124.852,Aditya Birla Sun Life Mutual Fund,Debt Scheme - Banking and PSU Fund
2015-12-17,119551,Aditya Birla Sun Life Banking & PSU Debt Fund  - DIRECT - IDCW,124.9378,Aditya Birla Sun Life Mutual Fund,Debt Scheme - Banking and PSU Fund
2015-12-18,119551,Aditya Birla Sun Life Banking & PSU Debt Fund  - DIRECT - IDCW,124.8784,Aditya Birla Sun Life Mutual Fund,Debt Scheme - Banking and PSU Fund
2015-12-21,119551,Aditya Birla Sun Life Banking & PSU Debt Fund  - DIRECT - IDCW,124.826,Aditya Birla Sun Life Mutual Fund,Debt Scheme - Banking and PSU Fund
2015-12-22,119551,Aditya Birla Sun Life Banking & PSU Debt Fund  - DIRECT - IDCW,124.8958,Aditya Birla Sun Life Mutual Fund,Debt Scheme - Banking and PSU Fund
2015-12-23,119551,Aditya Birla Sun Life Banking & PSU Debt Fund  - DIRECT - IDCW,125.0151,Aditya Birla Sun Life Mutual Fund,Debt Scheme - Banking and PSU Fund
2015-12-28,119551,Aditya Birla Sun Life Banking & PSU Debt Fund  - DIRECT - IDCW,125.1004,Aditya Birla Sun Life Mutual Fund,Debt Scheme - Banking and PSU Fund
2015-12-29,119551,Aditya Birla Sun Life Banking & PSU Debt Fund  - DIRECT - IDCW,125.097,Aditya Birla Sun Life Mutual Fund,Debt Scheme - Banking and PSU Fund
2015-12-30,119551,Aditya Birla Sun Life Banking & PSU Debt Fund  - DIRECT - IDCW,125.18,Aditya Birla Sun Life Mutual Fund,Debt Scheme - Banking and PSU Fund
2015-12-31,119551,Aditya Birla Sun Life Banking & PSU Debt Fund  - DIRECT - IDCW,125.202,Aditya Birla Sun Life Mutual Fund,Debt Scheme - Banking and PSU Fund
2016-01-01,119551,Aditya Birla Sun Life Banking & PSU Debt Fund  - DIRECT - IDCW,125.3359,Aditya Birla Sun Life Mutual Fund,Debt Scheme - Banking and PSU Fund
2016-01-04,119551,Aditya Birla Sun Life Banking & PSU Debt Fund  - DIRECT - IDCW,125.4695,Aditya Birla Sun Life Mutual Fund,Debt Scheme - Banking and PSU Fund
2016-01-05,119551,Aditya Birla Sun Life Banking & PSU Debt Fund  - DIRECT - IDCW,125.538,Aditya Birla Sun Life Mutual Fund,Debt Scheme - Banking and PSU Fund
2016-01-06,119551,Aditya Birla Sun Life Banking & PSU Debt Fund  - DIRECT - IDCW,125.5842,Aditya Birla Sun Life Mutual Fund,Debt Scheme - Banking and PSU Fund
2016-01-07,119551,Aditya Birla Sun Life Banking & PSU Debt Fund  - DIRECT - IDCW,125.6648,Aditya Birla Sun Life Mutual Fund,Debt Scheme - Banking and PSU Fund
2016-01-08,119551,Aditya Birla Sun Life Banking & PSU Debt Fund  - DIRECT - IDCW,125.7146,Aditya Birla Sun Life Mutual Fund,Debt Scheme - Banking and PSU Fund
2016-01-11,119551,Aditya Birla Sun Life Banking & PSU Debt Fund  - DIRECT - IDCW,125.7259,Aditya Birla Sun Life Mutual Fund,Debt Scheme - Banking and PSU Fund
2016-01-12,119551,Aditya Birla Sun Life Banking & PSU Debt Fund  - DIRECT - IDCW,125.6591,Aditya Birla Sun Life Mutual Fund,Debt Scheme - Banking and PSU Fund
2016-01-13,119551,Aditya Birla Sun Life Banking & PSU Debt Fund  - DIRECT - IDCW,125.6079,Aditya Birla Sun Life Mutual Fund,Debt Scheme - Banking and PSU Fund
2016-01-14,119551,Aditya Birla Sun Life Banking & PSU Debt Fund  - DIRECT - IDCW,125.5527,Aditya Birla Sun Life Mutual Fund,Debt Scheme - Banking and PSU Fund
2016-01-15,119551,Aditya Birla Sun Life Banking & PSU Debt Fund  - DIRECT - IDCW,125.4498,Aditya Birla Sun Life Mutual Fund,Debt Scheme - Banking and PSU Fund
2016-01-18,119551,Aditya Birla Sun Life Banking & PSU Debt Fund  - DIRECT - IDCW,125.4931,Aditya Birla Sun Life Mutual Fund,Debt Scheme - Banking and PSU Fund
2016-01-19,119551,Aditya Birla Sun Life Banking & PSU Debt Fund  - DIRECT - IDCW,125.6369,Aditya Birla Sun Life Mutual Fund,Debt Scheme - Banking and PSU Fund
2016-01-20,119551,Aditya Birla Sun Life Banking & PSU Debt Fund  - DIRECT - IDCW,125.7354,Aditya Birla Sun Life Mutual Fund,Debt Scheme - Banking and PSU Fund
2016-01-21,119551,Aditya Birla Sun Life Banking & PSU Debt Fund  - DIRECT - IDCW,125.8865,Aditya Birla Sun Life Mutual Fund,Debt Scheme - Banking and PSU Fund
2016-01-22,119551,Aditya Birla Sun Life Banking & PSU Debt Fund  - DIRECT - IDCW,125.8176,Aditya Birla Sun Life Mutual Fund,Debt Scheme - Banking and PSU Fund
2016-01-25,119551,Aditya Birla Sun Life Banking & PSU Debt Fund  - DIRECT - IDCW,125.8071,Aditya Birla Sun Life Mutual Fund,Debt Scheme - Banking and PSU Fund
2016-01-27,119551,Aditya Birla Sun Life Banking & PSU Debt Fund  - DIRECT - IDCW,125.8925,Aditya Birla Sun Life Mutual Fund,Debt Scheme - Banking and PSU Fund
2016-01-28,119551,Aditya Birla Sun Life Banking & PSU Debt Fund  - DIRECT - IDCW,125.8512,Aditya Birla Sun Life Mutual Fund,Debt Scheme - Banking and PSU Fund
2016-01-29,119551,Aditya Birla Sun Life Banking & PSU Debt Fund  - DIRECT - IDCW,125.9632,Aditya Birla Sun Life Mutual Fund,Debt Scheme - Banking and PSU Fund
2016-02-01,119551,Aditya Birla Sun Life Banking & PSU Debt Fund  - DIRECT - IDCW,125.9933,Aditya Birla Sun Life Mutual Fund,Debt Scheme - Banking and PSU Fund
2016-02-02,119551,Aditya Birla Sun Life Banking & PSU Debt Fund  - DIRECT - IDCW,125.809,Aditya Birla Sun Life Mutual Fund,Debt Scheme - Banking and PSU Fund
2016-02-03,119551,Aditya Birla Sun Life Banking & PSU Debt Fund  - DIRECT - IDCW,125.7466,Aditya Birla Sun Life Mutual Fund,Debt Scheme - Banking and PSU Fund
2016-02-04,119551,Aditya Birla Sun Life Banking & PSU Debt Fund  - DIRECT - IDCW,125.8428,Aditya Birla Sun Life Mutual Fund,Debt Scheme - Banking and PSU Fund
2016-02-05,119551,Aditya Birla Sun Life Banking & PSU Debt Fund  - DIRECT - IDCW,125.9207,Aditya Birla Sun Life Mutual Fund,Debt Scheme - Banking and PSU Fund
2016-02-08,119551,Aditya Birla Sun Life Banking & PSU Debt Fund  - DIRECT - IDCW,125.9596,Aditya Birla Sun Life Mutual Fund,Debt Scheme - Banking and PSU Fund
2016-02-09,119551,Aditya Birla Sun Life Banking & PSU Debt Fund  - DIRECT - IDCW,125.937,Aditya Birla Sun Life Mutual Fund,Debt Scheme - Banking and PSU Fund
2016-02-10,119551,Aditya Birla Sun Life Banking & PSU Debt Fund  - DIRECT - IDCW,125.9592,Aditya Birla Sun Life Mutual Fund,Debt Scheme - Banking and PSU Fund
2016-02-11,119551,Aditya Birla Sun Life Banking & PSU Debt Fund  - DIRECT - IDCW,125.9517,Aditya Birla Sun Life Mutual Fund,Debt Scheme - Banking and PSU Fund
2016-02-12,119551,Aditya Birla Sun Life Banking & PSU Debt Fund  - DIRECT - IDCW,125.9254,Aditya Birla Sun Life Mutual Fund,Debt Scheme - Banking and PSU Fund
2016-02-15,119551,Aditya Birla Sun Life Banking & PSU Debt Fund  - DIRECT - IDCW,125.8746,Aditya Birla Sun Life Mutual Fund,Debt Scheme - Banking and PSU Fund
2016-02-16,119551,Aditya Birla Sun Life Banking & PSU Debt Fund  - DIRECT - IDCW,125.7149,Aditya Birla Sun Life Mutual Fund,Debt Scheme - Banking and PSU Fund
2016-02-17,119551,Aditya Birla Sun Life Banking & PSU Debt Fund  - DIRECT - IDCW,125.6237,Aditya Birla Sun Life Mutual Fund,Debt Scheme - Banking and PSU Fund
2016-02-18,119551,Aditya Birla Sun Life Banking & PSU Debt Fund  - DIRECT - IDCW,125.6948,Aditya Birla Sun Life Mutual Fund,Debt Scheme - Banking and PSU Fund
2016-02-22,119551,Aditya Birla Sun Life Banking & PSU Debt Fund  - DIRECT - IDCW,125.6262,Aditya Birla Sun Life Mutual Fund,Debt Scheme - Banking and PSU Fund
2016-02-23,119551,Aditya Birla Sun Life Banking & PSU Debt Fund  - DIRECT - IDCW,125.3408,Aditya Birla Sun Life Mutual Fund,Debt Scheme - Banking and PSU Fund
2016-02-24,119551,Aditya Birla Sun Life Banking & PSU Debt Fund  - DIRECT - IDCW,125.2591,Aditya Birla Sun Life Mutual Fund,Debt Scheme - Banking and PSU Fund
2016-02-25,119551,Aditya Birla Sun Life Banking & PSU Debt Fund  - DIRECT - IDCW,124.949,Aditya Birla Sun Life Mutual Fund,Debt Scheme - Banking and PSU Fund
2016-02-26,119551,Aditya Birla Sun Life Banking & PSU Debt Fund  - DIRECT - IDCW,125.1214,Aditya Birla Sun Life Mutual Fund,Debt Scheme - Banking and PSU Fund
2016-02-29,119551,Aditya Birla Sun Life Banking & PSU Debt Fund  - DIRECT - IDCW,126.2203,Aditya Birla Sun Life Mutual Fund,Debt Scheme - Banking and PSU Fund
2016-03-01,119551,Aditya Birla Sun Life Banking & PSU Debt Fund  - DIRECT - IDCW,126.3215,Aditya Birla Sun Life Mutual Fund,Debt Scheme - Banking and PSU Fund
2016-03-02,119551,Aditya Birla Sun Life Banking & PSU Debt Fund  - DIRECT - IDCW,126.329,Aditya Birla Sun Life Mutual Fund,Debt Scheme - Banking and PSU Fund
2016-03-03,119551,Aditya Birla Sun Life Banking & PSU Debt Fund  - DIRECT - IDCW,126.2671,Aditya Birla Sun Life Mutual Fund,Debt Scheme - Banking and PSU Fund
2016-03-04,119551,Aditya Birla Sun Life Banking & PSU Debt Fund  - DIRECT - IDCW,126.4923,Aditya Birla Sun Life Mutual Fund,Debt Scheme - Banking and PSU Fund
2016-03-08,119551,Aditya Birla Sun Life Banking & PSU Debt Fund  - DIRECT - IDCW,126.6189,Aditya Birla Sun Life Mutual Fund,Debt Scheme - Banking and PSU Fund
2016-03-09,119551,Aditya Birla Sun Life Banking & PSU Debt Fund  - DIRECT - IDCW,126.6695,Aditya Birla Sun Life Mutual Fund,Debt Scheme - Banking and PSU Fund
2016-03-10,119551,Aditya Birla Sun Life Banking & PSU Debt Fund  - DIRECT - IDCW,126.723,Aditya Birla Sun Life Mutual Fund,Debt Scheme - Banking and PSU Fund
2016-03-11,119551,Aditya Birla Sun Life Banking & PSU Debt Fund  - DIRECT - IDCW,126.7653,Aditya Birla Sun Life Mutual Fund,Debt Scheme - Banking and PSU Fund
2016-03-14,119551,Aditya Birla Sun Life Banking & PSU Debt Fund  - DIRECT - IDCW,127.0352,Aditya Birla Sun Life Mutual Fund,Debt Scheme - Banking and PSU Fund
2016-03-15,119551,Aditya Birla Sun Life Banking & PSU Debt Fund  - DIRECT - IDCW,127.1887,Aditya Birla Sun Life Mutual Fund,Debt Scheme - Banking and PSU Fund
2016-03-16,119551,Aditya Birla Sun Life Banking & PSU Debt Fund  - DIRECT - IDCW,127.3719,Aditya Birla Sun Life Mutual Fund,Debt Scheme - Banking and PSU Fund
2016-03-17,119551,Aditya Birla Sun Life Banking & PSU Debt Fund  - DIRECT - IDCW,127.7124,Aditya Birla Sun Life Mutual Fund,Debt Scheme - Banking and PSU Fund
2016-03-18,119551,Aditya Birla Sun Life Banking & PSU Debt Fund  - DIRECT - IDCW,127.7673,Aditya Birla Sun Life Mutual Fund,Debt Scheme - Banking and PSU Fund
2016-03-21,119551,Aditya Birla Sun Life Banking & PSU Debt Fund  - DIRECT - IDCW,128.0543,Aditya Birla Sun Life Mutual Fund,Debt Scheme - Banking and PSU Fund
2016-03-22,119551,Aditya Birla Sun Life Banking & PSU Debt Fund  - DIRECT - IDCW,128.0579,Aditya Birla Sun Life Mutual Fund,Debt Scheme - Banking and PSU Fund
2016-03-23,119551,Aditya Birla Sun Life Banking & PSU Debt Fund  - DIRECT - IDCW,128.0675,Aditya Birla Sun Life Mutual Fund,Debt Scheme - Banking and PSU Fund
2016-03-28,119551,Aditya Birla Sun Life Banking & PSU Debt Fund  - DIRECT - IDCW,128.3103,Aditya Birla Sun Life Mutual Fund,Debt Scheme - Banking and PSU Fund
2016-03-29,119551,Aditya Birla Sun Life Banking & PSU Debt Fund  - DIRECT - IDCW,128.2341,Aditya Birla Sun Life Mutual Fund,Debt Scheme - Banking and PSU Fund
2016-03-30,119551,Aditya Birla Sun Life Banking & PSU Debt Fund  - DIRECT - IDCW,128.2653,Aditya Birla Sun Life Mutual Fund,Debt Scheme - Banking and PSU Fund
2016-03-31,119551,Aditya Birla Sun Life Banking & PSU Debt Fund  - DIRECT - IDCW,128.5789,Aditya Birla Sun Life Mutual Fund,Debt Scheme - Banking and PSU Fund
2016-04-04,119551,Aditya Birla Sun Life Banking & PSU Debt Fund  - DIRECT - IDCW,129.038,Aditya Birla Sun Life Mutual Fund,Debt Scheme - Banking and PSU Fund
2016-04-05,119551,Aditya Birla Sun Life Banking & PSU Debt Fund  - DIRECT - IDCW,129.0831,Aditya Birla Sun Life Mutual Fund,Debt Scheme - Banking and PSU Fund
2016-04-06,119551,Aditya Birla Sun Life Banking & PSU Debt Fund  - DIRECT - IDCW,129.1903,Aditya Birla Sun Life Mutual Fund,Debt Scheme - Banking and PSU Fund
2016-04-07,119551,Aditya Birla Sun Life Banking & PSU Debt Fund  - DIRECT - IDCW,129.3494,Aditya Birla Sun Life Mutual Fund,Debt Scheme - Banking and PSU Fund
2016-04-11,119551,Aditya Birla Sun Life Banking & PSU Debt Fund  - DIRECT - IDCW,129.6038,Aditya Birla Sun Life Mutual Fund,Debt Scheme - Banking and PSU Fund
2016-04-12,119551,Aditya Birla Sun Life Banking & PSU Debt Fund  - DIRECT - IDCW,129.6858,Aditya Birla Sun Life Mutual Fund,Debt Scheme - Banking and PSU Fund
2016-04-13,119551,Aditya Birla Sun Life Banking & PSU Debt Fund  - DIRECT - IDCW,129.5595,Aditya Birla Sun Life Mutual Fund,Debt Scheme - Banking and PSU Fund
2016-04-18,119551,Aditya Birla Sun Life Banking & PSU Debt Fund  - DIRECT - IDCW,129.752,Aditya Birla Sun Life Mutual Fund,Debt Scheme - Banking and PSU Fund
2016-04-20,119551,Aditya Birla Sun Life Banking & PSU Debt Fund  - DIRECT - IDCW,129.7601,Aditya Birla Sun Life Mutual Fund,Debt Scheme - Banking and PSU Fund
2016-04-21,119551,Aditya Birla Sun Life Banking & PSU Debt Fund  - DIRECT - IDCW,129.6356,Aditya Birla Sun Life Mutual Fund,Debt Scheme - Banking and PSU Fund
2016-04-22,119551,Aditya Birla Sun Life Banking & PSU Debt Fund  - DIRECT - IDCW,129.7155,Aditya Birla Sun Life Mutual Fund,Debt Scheme - Banking and PSU Fund
2016-04-25,119551,Aditya Birla Sun Life Banking & PSU Debt Fund  - DIRECT - IDCW,129.7723,Aditya Birla Sun Life Mutual Fund,Debt Scheme - Banking and PSU Fund
2016-04-26,119551,Aditya Birla Sun Life Banking & PSU Debt Fund  - DIRECT - IDCW,129.7797,Aditya Birla Sun Life Mutual Fund,Debt Scheme - Banking and PSU Fund
2016-04-27,119551,Aditya Birla Sun Life Banking & PSU Debt Fund  - DIRECT - IDCW,129.7993,Aditya Birla Sun Life Mutual Fund,Debt Scheme - Banking and PSU Fund
2016-04-28,119551,Aditya Birla Sun Life Banking & PSU Debt Fund  - DIRECT - IDCW,129.8405,Aditya Birla Sun Life Mutual Fund,Debt Scheme - Banking and PSU Fund
2016-04-29,119551,Aditya Birla Sun Life Banking & PSU Debt Fund  - DIRECT - IDCW,129.9119,Aditya Birla Sun Life Mutual Fund,Debt Scheme - Banking and PSU Fund
2016-05-02,119551,Aditya Birla Sun Life Banking & PSU Debt Fund  - DIRECT - IDCW,129.9765,Aditya Birla Sun Life Mutual Fund,Debt Scheme - Banking and PSU Fund
2016-05-03,119551,Aditya Birla Sun Life Banking & PSU Debt Fund  - DIRECT - IDCW,129.9719,Aditya Birla Sun Life Mutual Fund,Debt Scheme - Banking and PSU Fund
2016-05-04,119551,Aditya Birla Sun Life Banking & PSU Debt Fund  - DIRECT - IDCW,130.0353,Aditya Birla Sun Life Mutual Fund,Debt Scheme - Banking and PSU Fund
2016-05-05,119551,Aditya Birla Sun Life Banking & PSU Debt Fund  - DIRECT - IDCW,130.0702,Aditya Birla Sun Life Mutual Fund,Debt Scheme - Banking and PSU Fund
2016-05-06,119551,Aditya Birla Sun Life Banking & PSU Debt Fund  - DIRECT - IDCW,130.0972,Aditya Birla Sun Life Mutual Fund,Debt Scheme - Banking and PSU Fund
2016-05-09,119551,Aditya Birla Sun Life Banking & PSU Debt Fund  - DIRECT - IDCW,130.2163,Aditya Birla Sun Life Mutual Fund,Debt Scheme - Banking and PSU Fund
2016-05-10,119551,Aditya Birla Sun Life Banking & PSU Debt Fund  - DIRECT - IDCW,130.2617,Aditya Birla Sun Life Mutual Fund,Debt Scheme - Banking and PSU Fund
2016-05-11,119551,Aditya Birla Sun Life Banking & PSU Debt Fund  - DIRECT - IDCW,130.3016,Aditya Birla Sun Life Mutual Fund,Debt Scheme - Banking and PSU Fund
2016-05-12,119551,Aditya Birla Sun Life Banking & PSU Debt Fund  - DIRECT - IDCW,130.371,Aditya Birla Sun Life Mutual Fund,Debt Scheme - Banking and PSU Fund
2016-05-13,119551,Aditya Birla Sun Life Banking & PSU Debt Fund  - DIRECT - IDCW,130.3528,Aditya Birla Sun Life Mutual Fund,Debt Scheme - Banking and PSU Fund
2016-05-16,119551,Aditya Birla Sun Life Banking & PSU Debt Fund  - DIRECT - IDCW,130.426,Aditya Birla Sun Life Mutual Fund,Debt Scheme - Banking and PSU Fund
2016-05-17,119551,Aditya Birla Sun Life Banking & PSU Debt Fund  - DIRECT - IDCW,130.4413,Aditya Birla Sun Life Mutual Fund,Debt Scheme - Banking and PSU Fund
2016-05-18,119551,Aditya Birla Sun Life Banking & PSU Debt Fund  - DIRECT - IDCW,130.4225,Aditya Birla Sun Life Mutual Fund,Debt Scheme - Banking and PSU Fund
2016-05-19,119551,Aditya Birla Sun Life Banking & PSU Debt Fund  - DIRECT - IDCW,130.4821,Aditya Birla Sun Life Mutual Fund,Debt Scheme - Banking and PSU Fund
2016-05-20,119551,Aditya Birla Sun Life Banking & PSU Debt Fund  - DIRECT - IDCW,130.4614,Aditya Birla Sun Life Mutual Fund,Debt Scheme - Banking and PSU Fund
2016-05-23,119551,Aditya Birla Sun Life Banking & PSU Debt Fund  - DIRECT - IDCW,130.5755,Aditya Birla Sun Life Mutual Fund,Debt Scheme - Banking and PSU Fund
2016-05-24,119551,Aditya Birla Sun Life Banking & PSU Debt Fund  - DIRECT - IDCW,130.6043,Aditya Birla Sun Life Mutual Fund,Debt Scheme - Banking and PSU Fund
2016-05-25,119551,Aditya Birla Sun Life Banking & PSU Debt Fund  - DIRECT - IDCW,130.6325,Aditya Birla Sun Life Mutual Fund,Debt Scheme - Banking and PSU Fund
2016-05-26,119551,Aditya Birla Sun Life Banking & PSU Debt Fund  - DIRECT - IDCW,130.6326,Aditya Birla Sun Life Mutual Fund,Debt Scheme - Banking and PSU Fund
2016-05-27,119551,Aditya Birla Sun Life Banking & PSU Debt Fund  - DIRECT - IDCW,130.6615,Aditya Birla Sun Life Mutual Fund,Debt Scheme - Banking and PSU Fund
2016-05-30,119551,Aditya Birla Sun Life Banking & PSU Debt Fund  - DIRECT - IDCW,130.7441,Aditya Birla Sun Life Mutual Fund,Debt Scheme - Banking and PSU Fund
2016-05-31,119551,Aditya Birla Sun Life Banking & PSU Debt Fund  - DIRECT - IDCW,130.7549,Aditya Birla Sun Life Mutual Fund,Debt Scheme - Banking and PSU Fund
2016-06-01,119551,Aditya Birla Sun Life Banking & PSU Debt Fund  - DIRECT - IDCW,130.7344,Aditya Birla Sun Life Mutual Fund,Debt Scheme - Banking and PSU Fund
2016-06-02,119551,Aditya Birla Sun Life Banking & PSU Debt Fund  - DIRECT - IDCW,130.7746,Aditya Birla Sun Life Mutual Fund,Debt Scheme - Banking and PSU Fund
2016-06-03,119551,Aditya Birla Sun Life Banking & PSU Debt Fund  - DIRECT - IDCW,130.8097,Aditya Birla Sun Life Mutual Fund,Debt Scheme - Banking and PSU Fund
2016-06-06,119551,Aditya Birla Sun Life Banking & PSU Debt Fund  - DIRECT - IDCW,130.9418,Aditya Birla Sun Life Mutual Fund,Debt Scheme - Banking and PSU Fund
2016-06-07,119551,Aditya Birla Sun Life Banking & PSU Debt Fund  - DIRECT - IDCW,130.9498,Aditya Birla Sun Life Mutual Fund,Debt Scheme - Banking and PSU Fund
2016-06-08,119551,Aditya Birla Sun Life Banking & PSU Debt Fund  - DIRECT - IDCW,130.9713,Aditya Birla Sun Life Mutual Fund,Debt Scheme - Banking and PSU Fund
2016-06-09,119551,Aditya Birla Sun Life Banking & PSU Debt Fund  - DIRECT - IDCW,131.006,Aditya Birla Sun Life Mutual Fund,Debt Scheme - Banking and PSU Fund
2016-06-10,119551,Aditya Birla Sun Life Banking & PSU Debt Fund  - DIRECT - IDCW,131.0328,Aditya Birla Sun Life Mutual Fund,Debt Scheme - Banking and PSU Fund
2016-06-13,119551,Aditya Birla Sun Life Banking & PSU Debt Fund  - DIRECT - IDCW,131.0126,Aditya Birla Sun Life Mutual Fund,Debt Scheme - Banking and PSU Fund
2016-06-14,119551,Aditya Birla Sun Life Banking & PSU Debt Fund  - DIRECT - IDCW,131.0472,Aditya Birla Sun Life Mutual Fund,Debt Scheme - Banking and PSU Fund
2016-06-15,119551,Aditya Birla Sun Life Banking & PSU Debt Fund  - DIRECT - IDCW,131.088,Aditya Birla Sun Life Mutual Fund,Debt Scheme - Banking and PSU Fund
2016-06-16,119551,Aditya Birla Sun Life Banking & PSU Debt Fund  - DIRECT - IDCW,131.1648,Aditya Birla Sun Life Mutual Fund,Debt Scheme - Banking and PSU Fund
2016-06-17,119551,Aditya Birla Sun Life Banking & PSU Debt Fund  - DIRECT - IDCW,131.1983,Aditya Birla Sun Life Mutual Fund,Debt Scheme - Banking and PSU Fund
2016-06-20,119551,Aditya Birla Sun Life Banking & PSU Debt Fund  - DIRECT - IDCW,131.2455,Aditya Birla Sun Life Mutual Fund,Debt Scheme - Banking and PSU Fund
2016-06-21,119551,Aditya Birla Sun Life Banking & PSU Debt Fund  - DIRECT - IDCW,131.3168,Aditya Birla Sun Life Mutual Fund,Debt Scheme - Banking and PSU Fund
2016-06-22,119551,Aditya Birla Sun Life Banking & PSU Debt Fund  - DIRECT - IDCW,131.4024,Aditya Birla Sun Life Mutual Fund,Debt Scheme - Banking and PSU Fund
2016-06-23,119551,Aditya Birla Sun Life Banking & PSU Debt Fund  - DIRECT - IDCW,131.4681,Aditya Birla Sun Life Mutual Fund,Debt Scheme - Banking and PSU Fund
2016-06-24,119551,Aditya Birla Sun Life Banking & PSU Debt Fund  - DIRECT - IDCW,131.4875,Aditya Birla Sun Life Mutual Fund,Debt Scheme - Banking and PSU Fund
2016-06-27,119551,Aditya Birla Sun Life Banking & PSU Debt Fund  - DIRECT - IDCW,131.6653,Aditya Birla Sun Life Mutual Fund,Debt Scheme - Banking and PSU Fund
2016-06-28,119551,Aditya Birla Sun Life Banking & PSU Debt Fund  - DIRECT - IDCW,131.7077,Aditya Birla Sun Life Mutual Fund,Debt Scheme - Banking and PSU Fund
2016-06-29,119551,Aditya Birla Sun Life Banking & PSU Debt Fund  - DIRECT - IDCW,131.8008,Aditya Birla Sun Life Mutual Fund,Debt Scheme - Banking and PSU Fund
2016-06-30,119551,Aditya Birla Sun Life Banking & PSU Debt Fund  - DIRECT - IDCW,131.8646,Aditya Birla Sun Life Mutual Fund,Debt Scheme - Banking and PSU Fund
2016-07-01,119551,Aditya Birla Sun Life Banking & PSU Debt Fund  - DIRECT - IDCW,132.0459,Aditya Birla Sun Life Mutual Fund,Debt Scheme - Banking and PSU Fund
2016-07-04,119551,Aditya Birla Sun Life Banking & PSU Debt Fund  - DIRECT - IDCW,132.1492,Aditya Birla Sun Life Mutual Fund,Debt Scheme - Banking and PSU Fund
2016-07-05,119551,Aditya Birla Sun Life Banking & PSU Debt Fund  - DIRECT - IDCW,132.3858,Aditya Birla Sun Life Mutual Fund,Debt Scheme - Banking and PSU Fund
2016-07-07,119551,Aditya Birla Sun Life Banking & PSU Debt Fund  - DIRECT - IDCW,132.5112,Aditya Birla Sun Life Mutual Fund,Debt Scheme - Banking and PSU Fund
2016-07-08,119551,Aditya Birla Sun Life Banking & PSU Debt Fund  - DIRECT - IDCW,132.5679,Aditya Birla Sun Life Mutual Fund,Debt Scheme - Banking and PSU Fund
2016-07-11,119551,Aditya Birla Sun Life Banking & PSU Debt Fund  - DIRECT - IDCW,132.6835,Aditya Birla Sun Life Mutual Fund,Debt Scheme - Banking and PSU Fund
2016-07-12,119551,Aditya Birla Sun Life Banking & PSU Debt Fund  - DIRECT - IDCW,133.0156,Aditya Birla Sun Life Mutual Fund,Debt Scheme - Banking and PSU Fund
2016-07-13,119551,Aditya Birla Sun Life Banking & PSU Debt Fund  - DIRECT - IDCW,133.3212,Aditya Birla Sun Life Mutual Fund,Debt Scheme - Banking and PSU Fund
2016-07-14,119551,Aditya Birla Sun Life Banking & PSU Debt Fund  - DIRECT - IDCW,133.3927,Aditya Birla Sun Life Mutual Fund,Debt Scheme - Banking and PSU Fund
2016-07-15,119551,Aditya Birla Sun Life Banking & PSU Debt Fund  - DIRECT - IDCW,133.4658,Aditya Birla Sun Life Mutual Fund,Debt Scheme - Banking and PSU Fund
2016-07-18,119551,Aditya Birla Sun Life Banking & PSU Debt Fund  - DIRECT - IDCW,133.4825,Aditya Birla Sun Life Mutual Fund,Debt Scheme - Banking and PSU Fund
2016-07-19,119551,Aditya Birla Sun Life Banking & PSU Debt Fund  - DIRECT - IDCW,133.6134,Aditya Birla Sun Life Mutual Fund,Debt Scheme - Banking and PSU Fund
2016-07-20,119551,Aditya Birla Sun Life Banking & PSU Debt Fund  - DIRECT - IDCW,133.7495,Aditya Birla Sun Life Mutual Fund,Debt Scheme - Banking and PSU Fund
2016-07-21,119551,Aditya Birla Sun Life Banking & PSU Debt Fund  - DIRECT - IDCW,133.8544,Aditya Birla Sun Life Mutual Fund,Debt Scheme - Banking and PSU Fund
2016-07-22,119551,Aditya Birla Sun Life Banking & PSU Debt Fund  - DIRECT - IDCW,133.9622,Aditya Birla Sun Life Mutual Fund,Debt Scheme - Banking and PSU Fund
2016-07-25,119551,Aditya Birla Sun Life Banking & PSU Debt Fund  - DIRECT - IDCW,134.0989,Aditya Birla Sun Life Mutual Fund,Debt Scheme - Banking and PSU Fund
2016-07-26,119551,Aditya Birla Sun Life Banking & PSU Debt Fund  - DIRECT - IDCW,134.1531,Aditya Birla Sun Life Mutual Fund,Debt Scheme - Banking and PSU Fund
2016-07-27,119551,Aditya Birla Sun Life Banking & PSU Debt Fund  - DIRECT - IDCW,134.1788,Aditya Birla Sun Life Mutual Fund,Debt Scheme - Banking and PSU Fund
2016-07-28,119551,Aditya Birla Sun Life Banking & PSU Debt Fund  - DIRECT - IDCW,134.5985,Aditya Birla Sun Life Mutual Fund,Debt Scheme - Banking and PSU Fund
2016-07-29,119551,Aditya Birla Sun Life Banking & PSU Debt Fund  - DIRECT - IDCW,134.7325,Aditya Birla Sun Life Mutual Fund,Debt Scheme - Banking and PSU Fund
2016-08-01,119551,Aditya Birla Sun Life Banking & PSU Debt Fund  - DIRECT - IDCW,134.9712,Aditya Birla Sun Life Mutual Fund,Debt Scheme - Banking and PSU Fund
2016-08-02,119551,Aditya Birla Sun Life Banking & PSU Debt Fund  - DIRECT - IDCW,134.8488,Aditya Birla Sun Life Mutual Fund,Debt Scheme - Banking and PSU Fund
2016-08-03,119551,Aditya Birla Sun Life Banking & PSU Debt Fund  - DIRECT - IDCW,134.7377,Aditya Birla Sun Life Mutual Fund,Debt Scheme - Banking and PSU Fund
2016-08-04,119551,Aditya Birla Sun Life Banking & PSU Debt Fund  - DIRECT - IDCW,134.8655,Aditya Birla Sun Life Mutual Fund,Debt Scheme - Banking and PSU Fund
2016-08-05,119551,Aditya Birla Sun Life Banking & PSU Debt Fund  - DIRECT - IDCW,134.9377,Aditya Birla Sun Life Mutual Fund,Debt Scheme - Banking and PSU Fund
2016-08-08,119551,Aditya Birla Sun Life Banking & PSU Debt Fund  - DIRECT - IDCW,135.0387,Aditya Birla Sun Life Mutual Fund,Debt Scheme - Banking and PSU Fund
2016-08-09,119551,Aditya Birla Sun Life Banking & PSU Debt Fund  - DIRECT - IDCW,135.3606,Aditya Birla Sun Life Mutual Fund,Debt Scheme - Banking and PSU Fund
2016-08-10,119551,Aditya Birla Sun Life Banking & PSU Debt Fund  - DIRECT - IDCW,135.5838,Aditya Birla Sun Life Mutual Fund,Debt Scheme - Banking and PSU Fund
2016-08-11,119551,Aditya Birla Sun Life Banking & PSU Debt Fund  - DIRECT - IDCW,135.8291,Aditya Birla Sun Life Mutual Fund,Debt Scheme - Banking and PSU Fund
2016-08-12,119551,Aditya Birla Sun Life Banking & PSU Debt Fund  - DIRECT - IDCW,135.8182,Aditya Birla Sun Life Mutual Fund,Debt Scheme - Banking and PSU Fund
2016-08-16,119551,Aditya Birla Sun Life Banking & PSU Debt Fund  - DIRECT - IDCW,135.8902,Aditya Birla Sun Life Mutual Fund,Debt Scheme - Banking and PSU Fund
2016-08-18,119551,Aditya Birla Sun Life Banking & PSU Debt Fund  - DIRECT - IDCW,135.7343,Aditya Birla Sun Life Mutual Fund,Debt Scheme - Banking and PSU Fund
2016-08-19,119551,Aditya Birla Sun Life Banking & PSU Debt Fund  - DIRECT - IDCW,135.8687,Aditya Birla Sun Life Mutual Fund,Debt Scheme - Banking and PSU Fund
2016-08-22,119551,Aditya Birla Sun Life Banking & PSU Debt Fund  - DIRECT - IDCW,135.7183,Aditya Birla Sun Life Mutual Fund,Debt Scheme - Banking and PSU Fund
2016-08-23,119551,Aditya Birla Sun Life Banking & PSU Debt Fund  - DIRECT - IDCW,135.7506,Aditya Birla Sun Life Mutual Fund,Debt Scheme - Banking and PSU Fund
2016-08-24,119551,Aditya Birla Sun Life Banking & PSU Debt Fund  - DIRECT - IDCW,135.9112,Aditya Birla Sun Life Mutual Fund,Debt Scheme - Banking and PSU Fund
2016-08-25,119551,Aditya Birla Sun Life Banking & PSU Debt Fund  - DIRECT - IDCW,136.0296,Aditya Birla Sun Life Mutual Fund,Debt Scheme - Banking and PSU Fund
2016-08-26,119551,Aditya Birla Sun Life Banking & PSU Debt Fund  - DIRECT - IDCW,136.0743,Aditya Birla Sun Life Mutual Fund,Debt Scheme - Banking and PSU Fund
2016-08-29,119551,Aditya Birla Sun Life Banking & PSU Debt Fund  - DIRECT - IDCW,136.2205,Aditya Birla Sun Life Mutual Fund,Debt Scheme - Banking and PSU Fund
2016-08-30,119551,Aditya Birla Sun Life Banking & PSU Debt Fund  - DIRECT - IDCW,136.312,Aditya Birla Sun Life Mutual Fund,Debt Scheme - Banking and PSU Fund
2016-08-31,119551,Aditya Birla Sun Life Banking & PSU Debt Fund  - DIRECT - IDCW,136.3515,Aditya Birla Sun Life Mutual Fund,Debt Scheme - Banking and PSU Fund
2016-09-01,119551,Aditya Birla Sun Life Banking & PSU Debt Fund  - DIRECT - IDCW,136.3584,Aditya Birla Sun Life Mutual Fund,Debt Scheme - Banking and PSU Fund
2016-09-02,119551,Aditya Birla Sun Life Banking & PSU Debt Fund  - DIRECT - IDCW,136.3517,Aditya Birla Sun Life Mutual Fund,Debt Scheme - Banking and PSU Fund
2016-09-06,119551,Aditya Birla Sun Life Banking & PSU Debt Fund  - DIRECT - IDCW,136.541,Aditya Birla Sun Life Mutual Fund,Debt Scheme - Banking and PSU Fund
2016-09-07,119551,Aditya Birla Sun Life Banking & PSU Debt Fund  - DIRECT - IDCW,136.7979,Aditya Birla Sun Life Mutual Fund,Debt Scheme - Banking and PSU Fund
2016-09-08,119551,Aditya Birla Sun Life Banking & PSU Debt Fund  - DIRECT - IDCW,136.8589,Aditya Birla Sun Life Mutual Fund,Debt Scheme - Banking and PSU Fund
2016-09-09,119551,Aditya Birla Sun Life Banking & PSU Debt Fund  - DIRECT - IDCW,136.9063,Aditya Birla Sun Life Mutual Fund,Debt Scheme - Banking and PSU Fund
2016-09-12,119551,Aditya Birla Sun Life Banking & PSU Debt Fund  - DIRECT - IDCW,136.85,Aditya Birla Sun Life Mutual Fund,Debt Scheme - Banking and PSU Fund
2016-09-14,119551,Aditya Birla Sun Life Banking & PSU Debt Fund  - DIRECT - IDCW,136.8219,Aditya Birla Sun Life Mutual Fund,Debt Scheme - Banking and PSU Fund
2016-09-15,119551,Aditya Birla Sun Life Banking & PSU Debt Fund  - DIRECT - IDCW,136.8926,Aditya Birla Sun Life Mutual Fund,Debt Scheme - Banking and PSU Fund
2016-09-16,119551,Aditya Birla Sun Life Banking & PSU Debt Fund  - DIRECT - IDCW,136.971,Aditya Birla Sun Life Mutual Fund,Debt Scheme - Banking and PSU Fund
2016-09-19,119551,Aditya Birla Sun Life Banking & PSU Debt Fund  - DIRECT - IDCW,137.0139,Aditya Birla Sun Life Mutual Fund,Debt Scheme - Banking and PSU Fund
2016-09-20,119551,Aditya Birla Sun Life Banking & PSU Debt Fund  - DIRECT - IDCW,136.9986,Aditya Birla Sun Life Mutual Fund,Debt Scheme - Banking and PSU Fund
2016-09-21,119551,Aditya Birla Sun Life Banking & PSU Debt Fund  - DIRECT - IDCW,137.097,Aditya Birla Sun Life Mutual Fund,Debt Scheme - Banking and PSU Fund
2016-09-22,119551,Aditya Birla Sun Life Banking & PSU Debt Fund  - DIRECT - IDCW,137.4241,Aditya Birla Sun Life Mutual Fund,Debt Scheme - Banking and PSU Fund
2016-09-23,119551,Aditya Birla Sun Life Banking & PSU Debt Fund  - DIRECT - IDCW,137.5601,Aditya Birla Sun Life Mutual Fund,Debt Scheme - Banking and PSU Fund
2016-09-26,119551,Aditya Birla Sun Life Banking & PSU Debt Fund  - DIRECT - IDCW,137.8324,Aditya Birla Sun Life Mutual Fund,Debt Scheme - Banking and PSU Fund
2016-09-27,119551,Aditya Birla Sun Life Banking & PSU Debt Fund  - DIRECT - IDCW,137.947,Aditya Birla Sun Life Mutual Fund,Debt Scheme - Banking and PSU Fund
2016-09-28,119551,Aditya Birla Sun Life Banking & PSU Debt Fund  - DIRECT - IDCW,138.0284,Aditya Birla Sun Life Mutual Fund,Debt Scheme - Banking and PSU Fund
2016-09-29,119551,Aditya Birla Sun Life Banking & PSU Debt Fund  - DIRECT - IDCW,137.7307,Aditya Birla Sun Life Mutual Fund,Debt Scheme - Banking and PSU Fund
2016-09-30,119551,Aditya Birla Sun Life Banking & PSU Debt Fund  - DIRECT - IDCW,137.8665,Aditya Birla Sun Life Mutual Fund,Debt Scheme - Banking and PSU Fund
2016-10-03,119551,Aditya Birla Sun Life Banking & PSU Debt Fund  - DIRECT - IDCW,138.2415,Aditya Birla Sun Life Mutual Fund,Debt Scheme - Banking and PSU Fund
2016-10-04,119551,Aditya Birla Sun Life Banking & PSU Debt Fund  - DIRECT - IDCW,138.5007,Aditya Birla Sun Life Mutual Fund,Debt Scheme - Banking and PSU Fund
2016-10-05,119551,Aditya Birla Sun Life Banking & PSU Debt Fund  - DIRECT - IDCW,138.9268,Aditya Birla Sun Life Mutual Fund,Debt Scheme - Banking and PSU Fund
2016-10-06,119551,Aditya Birla Sun Life Banking & PSU Debt Fund  - DIRECT - IDCW,138.8924,Aditya Birla Sun Life Mutual Fund,Debt Scheme - Banking and PSU Fund
2016-10-07,119551,Aditya Birla Sun Life Banking & PSU Debt Fund  - DIRECT - IDCW,138.7764,Aditya Birla Sun Life Mutual Fund,Debt Scheme - Banking and PSU Fund
2016-10-10,119551,Aditya Birla Sun Life Banking & PSU Debt Fund  - DIRECT - IDCW,139.0035,Aditya Birla Sun Life Mutual Fund,Debt Scheme - Banking and PSU Fund
2016-10-13,119551,Aditya Birla Sun Life Banking & PSU Debt Fund  - DIRECT - IDCW,138.9711,Aditya Birla Sun Life Mutual Fund,Debt Scheme - Banking and PSU Fund
2016-10-14,119551,Aditya Birla Sun Life Banking & PSU Debt Fund  - DIRECT - IDCW,138.8584,Aditya Birla Sun Life Mutual Fund,Debt Scheme - Banking and PSU Fund
2016-10-17,119551,Aditya Birla Sun Life Banking & PSU Debt Fund  - DIRECT - IDCW,138.8696,Aditya Birla Sun Life Mutual Fund,Debt Scheme - Banking and PSU Fund
2016-10-18,119551,Aditya Birla Sun Life Banking & PSU Debt Fund  - DIRECT - IDCW,138.9771,Aditya Birla Sun Life Mutual Fund,Debt Scheme - Banking and PSU Fund
2016-10-19,119551,Aditya Birla Sun Life Banking & PSU Debt Fund  - DIRECT - IDCW,138.9686,Aditya Birla Sun Life Mutual Fund,Debt Scheme - Banking and PSU Fund
2016-10-20,119551,Aditya Birla Sun Life Banking & PSU Debt Fund  - DIRECT - IDCW,138.92,Aditya Birla Sun Life Mutual Fund,Debt Scheme - Banking and PSU Fund
2016-10-21,119551,Aditya Birla Sun Life Banking & PSU Debt Fund  - DIRECT - IDCW,138.9252,Aditya Birla Sun Life Mutual Fund,Debt Scheme - Banking and PSU Fund
2016-10-24,119551,Aditya Birla Sun Life Banking & PSU Debt Fund  - DIRECT - IDCW,138.9892,Aditya Birla Sun Life Mutual Fund,Debt Scheme - Banking and PSU Fund
2016-10-25,119551,Aditya Birla Sun Life Banking & PSU Debt Fund  - DIRECT - IDCW,138.917,Aditya Birla Sun Life Mutual Fund,Debt Scheme - Banking and PSU Fund
2016-10-26,119551,Aditya Birla Sun Life Banking & PSU Debt Fund  - DIRECT - IDCW,138.9324,Aditya Birla Sun Life Mutual Fund,Debt Scheme - Banking and PSU Fund
2016-10-27,119551,Aditya Birla Sun Life Banking & PSU Debt Fund  - DIRECT - IDCW,138.8932,Aditya Birla Sun Life Mutual Fund,Debt Scheme - Banking and PSU Fund
2016-10-28,119551,Aditya Birla Sun Life Banking & PSU Debt Fund  - DIRECT - IDCW,138.9002,Aditya Birla Sun Life Mutual Fund,Debt Scheme - Banking and PSU Fund
2016-11-01,119551,Aditya Birla Sun Life Banking & PSU Debt Fund  - DIRECT - IDCW,138.9285,Aditya Birla Sun Life Mutual Fund,Debt Scheme - Banking and PSU Fund
2016-11-02,119551,Aditya Birla Sun Life Banking & PSU Debt Fund  - DIRECT - IDCW,138.9201,Aditya Birla Sun Life Mutual Fund,Debt Scheme - Banking and PSU Fund
2016-11-03,119551,Aditya Birla Sun Life Banking & PSU Debt Fund  - DIRECT - IDCW,138.9047,Aditya Birla Sun Life Mutual Fund,Debt Scheme - Banking and PSU Fund
2016-11-04,119551,Aditya Birla Sun Life Banking & PSU Debt Fund  - DIRECT - IDCW,138.8435,Aditya Birla Sun Life Mutual Fund,Debt Scheme - Banking and PSU Fund
2016-11-07,119551,Aditya Birla Sun Life Banking & PSU Debt Fund  - DIRECT - IDCW,138.9342,Aditya Birla Sun Life Mutual Fund,Debt Scheme - Banking and PSU Fund
2016-11-08,119551,Aditya Birla Sun Life Banking & PSU Debt Fund  - DIRECT - IDCW,139.0289,Aditya Birla Sun Life Mutual Fund,Debt Scheme - Banking and PSU Fund
2016-11-09,119551,Aditya Birla Sun Life Banking & PSU Debt Fund  - DIRECT - IDCW,139.5353,Aditya Birla Sun Life Mutual Fund,Debt Scheme - Banking and PSU Fund
2016-11-10,119551,Aditya Birla Sun Life Banking & PSU Debt Fund  - DIRECT - IDCW,139.7669,Aditya Birla Sun Life Mutual Fund,Debt Scheme - Banking and PSU Fund
2016-11-11,119551,Aditya Birla Sun Life Banking & PSU Debt Fund  - DIRECT - IDCW,139.5813,Aditya Birla Sun Life Mutual Fund,Debt Scheme - Banking and PSU Fund
2016-11-15,119551,Aditya Birla Sun Life Banking & PSU Debt Fund  - DIRECT - IDCW,140.6312,Aditya Birla Sun Life Mutual Fund,Debt Scheme - Banking and PSU Fund
2016-11-16,119551,Aditya Birla Sun Life Banking & PSU Debt Fund  - DIRECT - IDCW,141.2151,Aditya Birla Sun Life Mutual Fund,Debt Scheme - Banking and PSU Fund
2016-11-17,119551,Aditya Birla Sun Life Banking & PSU Debt Fund  - DIRECT - IDCW,141.2957,Aditya Birla Sun Life Mutual Fund,Debt Scheme - Banking and PSU Fund
2016-11-18,119551,Aditya Birla Sun Life Banking & PSU Debt Fund  - DIRECT - IDCW,141.2116,Aditya Birla Sun Life Mutual Fund,Debt Scheme - Banking and PSU Fund
2016-11-21,119551,Aditya Birla Sun Life Banking & PSU Debt Fund  - DIRECT - IDCW,142.0013,Aditya Birla Sun Life Mutual Fund,Debt Scheme - Banking and PSU Fund
2016-11-22,119551,Aditya Birla Sun Life Banking & PSU Debt Fund  - DIRECT - IDCW,142.0614,Aditya Birla Sun Life Mutual Fund,Debt Scheme - Banking and PSU Fund
2016-11-23,119551,Aditya Birla Sun Life Banking & PSU Debt Fund  - DIRECT - IDCW,142.3794,Aditya Birla Sun Life Mutual Fund,Debt Scheme - Banking and PSU Fund
2016-11-24,119551,Aditya Birla Sun Life Banking & PSU Debt Fund  - DIRECT - IDCW,142.9418,Aditya Birla Sun Life Mutual Fund,Debt Scheme - Banking and PSU Fund
2016-11-25,119551,Aditya Birla Sun Life Banking & PSU Debt Fund  - DIRECT - IDCW,142.7966,Aditya Birla Sun Life Mutual Fund,Debt Scheme - Banking and PSU Fund
2016-11-28,119551,Aditya Birla Sun Life Banking & PSU Debt Fund  - DIRECT - IDCW,142.3286,Aditya Birla Sun Life Mutual Fund,Debt Scheme - Banking and PSU Fund
2016-11-29,119551,Aditya Birla Sun Life Banking & PSU Debt Fund  - DIRECT - IDCW,142.2212,Aditya Birla Sun Life Mutual Fund,Debt Scheme - Banking and PSU Fund
2016-11-30,119551,Aditya Birla Sun Life Banking & PSU Debt Fund  - DIRECT - IDCW,142.5417,Aditya Birla Sun Life Mutual Fund,Debt Scheme - Banking and PSU Fund
2016-12-01,119551,Aditya Birla Sun Life Banking & PSU Debt Fund  - DIRECT - IDCW,142.6678,Aditya Birla Sun Life Mutual Fund,Debt Scheme - Banking and PSU Fund
2016-12-02,119551,Aditya Birla Sun Life Banking & PSU Debt Fund  - DIRECT - IDCW,142.5539,Aditya Birla Sun Life Mutual Fund,Debt Scheme - Banking and PSU Fund
2016-12-05,119551,Aditya Birla Sun Life Banking & PSU Debt Fund  - DIRECT - IDCW,142.6727,Aditya Birla Sun Life Mutual Fund,Debt Scheme - Banking and PSU Fund
2016-12-06,119551,Aditya Birla Sun Life Banking & PSU Debt Fund  - DIRECT - IDCW,142.7747,Aditya Birla Sun Life Mutual Fund,Debt Scheme - Banking and PSU Fund
2016-12-07,119551,Aditya Birla Sun Life Banking & PSU Debt Fund  - DIRECT - IDCW,141.4759,Aditya Birla Sun Life Mutual Fund,Debt Scheme - Banking and PSU Fund
2016-12-08,119551,Aditya Birla Sun Life Banking & PSU Debt Fund  - DIRECT - IDCW,141.328,Aditya Birla Sun Life Mutual Fund,Debt Scheme - Banking and PSU Fund
2016-12-09,119551,Aditya Birla Sun Life Banking & PSU Debt Fund  - DIRECT - IDCW,141.2674,Aditya Birla Sun Life Mutual Fund,Debt Scheme - Banking and PSU Fund
2016-12-13,119551,Aditya Birla Sun Life Banking & PSU Debt Fund  - DIRECT - IDCW,141.4149,Aditya Birla Sun Life Mutual Fund,Debt Scheme - Banking and PSU Fund
2016-12-14,119551,Aditya Birla Sun Life Banking & PSU Debt Fund  - DIRECT - IDCW,141.4995,Aditya Birla Sun Life Mutual Fund,Debt Scheme - Banking and PSU Fund
2016-12-15,119551,Aditya Birla Sun Life Banking & PSU Debt Fund  - DIRECT - IDCW,140.9543,Aditya Birla Sun Life Mutual Fund,Debt Scheme - Banking and PSU Fund
2016-12-16,119551,Aditya Birla Sun Life Banking & PSU Debt Fund  - DIRECT - IDCW,140.9144,Aditya Birla Sun Life Mutual Fund,Debt Scheme - Banking and PSU Fund
2016-12-19,119551,Aditya Birla Sun Life Banking & PSU Debt Fund  - DIRECT - IDCW,140.9731,Aditya Birla Sun Life Mutual Fund,Debt Scheme - Banking and PSU Fund
2016-12-20,119551,Aditya Birla Sun Life Banking & PSU Debt Fund  - DIRECT - IDCW,141.0514,Aditya Birla Sun Life Mutual Fund,Debt Scheme - Banking and PSU Fund
2016-12-21,119551,Aditya Birla Sun Life Banking & PSU Debt Fund  - DIRECT - IDCW,141.1187,Aditya Birla Sun Life Mutual Fund,Debt Scheme - Banking and PSU Fund
2016-12-22,119551,Aditya Birla Sun Life Banking & PSU Debt Fund  - DIRECT - IDCW,140.8922,Aditya Birla Sun Life Mutual Fund,Debt Scheme - Banking and PSU Fund
2016-12-23,119551,Aditya Birla Sun Life Banking & PSU Debt Fund  - DIRECT - IDCW,140.754,Aditya Birla Sun Life Mutual Fund,Debt Scheme - Banking and PSU Fund
2016-12-26,119551,Aditya Birla Sun Life Banking & PSU Debt Fund  - DIRECT - IDCW,140.5763,Aditya Birla Sun Life Mutual Fund,Debt Scheme - Banking and PSU Fund
2016-12-27,119551,Aditya Birla Sun Life Banking & PSU Debt Fund  - DIRECT - IDCW,140.4635,Aditya Birla Sun Life Mutual Fund,Debt Scheme - Banking and PSU Fund
2016-12-28,119551,Aditya Birla Sun Life Banking & PSU Debt Fund  - DIRECT - IDCW,140.4799,Aditya Birla Sun Life Mutual Fund,Debt Scheme - Banking and PSU Fund
2016-12-29,119551,Aditya Birla Sun Life Banking & PSU Debt Fund  - DIRECT - IDCW,140.8539,Aditya Birla Sun Life Mutual Fund,Debt Scheme - Banking and PSU Fund
2016-12-30,119551,Aditya Birla Sun Life Banking & PSU Debt Fund  - DIRECT - IDCW,141.0653,Aditya Birla Sun Life Mutual Fund,Debt Scheme - Banking and PSU Fund
2017-01-02,119551,Aditya Birla Sun Life Banking & PSU Debt Fund  - DIRECT - IDCW,142.0128,Aditya Birla Sun Life Mutual Fund,Debt Scheme - Banking and PSU Fund
2017-01-03,119551,Aditya Birla Sun Life Banking & PSU Debt Fund  - DIRECT - IDCW,141.8637,Aditya Birla Sun Life Mutual Fund,Debt Scheme - Banking and PSU Fund
2017-01-04,119551,Aditya Birla Sun Life Banking & PSU Debt Fund  - DIRECT - IDCW,142.1884,Aditya Birla Sun Life Mutual Fund,Debt Scheme - Banking and PSU Fund
2017-01-05,119551,Aditya Birla Sun Life Banking & PSU Debt Fund  - DIRECT - IDCW,142.1662,Aditya Birla Sun Life Mutual Fund,Debt Scheme - Banking and PSU Fund
2017-01-06,119551,Aditya Birla Sun Life Banking & PSU Debt Fund  - DIRECT - IDCW,142.1645,Aditya Birla Sun Life Mutual Fund,Debt Scheme - Banking and PSU Fund
2017-01-09,119551,Aditya Birla Sun Life Banking & PSU Debt Fund  - DIRECT - IDCW,142.1957,Aditya Birla Sun Life Mutual Fund,Debt Scheme - Banking and PSU Fund
2017-01-10,119551,Aditya Birla Sun Life Banking & PSU Debt Fund  - DIRECT - IDCW,142.2226,Aditya Birla Sun Life Mutual Fund,Debt Scheme - Banking and PSU Fund
2017-01-11,119551,Aditya Birla Sun Life Banking & PSU Debt Fund  - DIRECT - IDCW,142.2559,Aditya Birla Sun Life Mutual Fund,Debt Scheme - Banking and PSU Fund
2017-01-12,119551,Aditya Birla Sun Life Banking & PSU Debt Fund  - DIRECT - IDCW,142.4383,Aditya Birla Sun Life Mutual Fund,Debt Scheme - Banking and PSU Fund
2017-01-13,119551,Aditya Birla Sun Life Banking & PSU Debt Fund  - DIRECT - IDCW,142.3455,Aditya Birla Sun Life Mutual Fund,Debt Scheme - Banking and PSU Fund
2017-01-16,119551,Aditya Birla Sun Life Banking & PSU Debt Fund  - DIRECT - IDCW,142.3247,Aditya Birla Sun Life Mutual Fund,Debt Scheme - Banking and PSU Fund
2017-01-17,119551,Aditya Birla Sun Life Banking & PSU Debt Fund  - DIRECT - IDCW,142.4058,Aditya Birla Sun Life Mutual Fund,Debt Scheme - Banking and PSU Fund
2017-01-18,119551,Aditya Birla Sun Life Banking & PSU Debt Fund  - DIRECT - IDCW,142.3467,Aditya Birla Sun Life Mutual Fund,Debt Scheme - Banking and PSU Fund
2017-01-19,119551,Aditya Birla Sun Life Banking & PSU Debt Fund  - DIRECT - IDCW,142.2584,Aditya Birla Sun Life Mutual Fund,Debt Scheme - Banking and PSU Fund
2017-01-20,119551,Aditya Birla Sun Life Banking & PSU Debt Fund  - DIRECT - IDCW,142.294,Aditya Birla Sun Life Mutual Fund,Debt Scheme - Banking and PSU Fund
2017-01-23,119551,Aditya Birla Sun Life Banking & PSU Debt Fund  - DIRECT - IDCW,142.362,Aditya Birla Sun Life Mutual Fund,Debt Scheme - Banking and PSU Fund
2017-01-24,119551,Aditya Birla Sun Life Banking & PSU Debt Fund  - DIRECT - IDCW,142.4236,Aditya Birla Sun Life Mutual Fund,Debt Scheme - Banking and PSU Fund
2017-01-25,119551,Aditya Birla Sun Life Banking & PSU Debt Fund  - DIRECT - IDCW,142.5021,Aditya Birla Sun Life Mutual Fund,Debt Scheme - Banking and PSU Fund
2017-01-27,119551,Aditya Birla Sun Life Banking & PSU Debt Fund  - DIRECT - IDCW,142.5803,Aditya Birla Sun Life Mutual Fund,Debt Scheme - Banking and PSU Fund
2017-01-30,119551,Aditya Birla Sun Life Banking & PSU Debt Fund  - DIRECT - IDCW,142.6424,Aditya Birla Sun Life Mutual Fund,Debt Scheme - Banking and PSU Fund
2017-01-31,119551,Aditya Birla Sun Life Banking & PSU Debt Fund  - DIRECT - IDCW,142.6513,Aditya Birla Sun Life Mutual Fund,Debt Scheme - Banking and PSU Fund
2017-02-01,119551,Aditya Birla Sun Life Banking & PSU Debt Fund  - DIRECT - IDCW,142.708,Aditya Birla Sun Life Mutual Fund,Debt Scheme - Banking and PSU Fund
2017-02-02,119551,Aditya Birla Sun Life Banking & PSU Debt Fund  - DIRECT - IDCW,142.8498,Aditya Birla Sun Life Mutual Fund,Debt Scheme - Banking and PSU Fund
2017-02-03,119551,Aditya Birla Sun Life Banking & PSU Debt Fund  - DIRECT - IDCW,142.8411,Aditya Birla Sun Life Mutual Fund,Debt Scheme - Banking and PSU Fund
2017-02-06,119551,Aditya Birla Sun Life Banking & PSU Debt Fund  - DIRECT - IDCW,142.8673,Aditya Birla Sun Life Mutual Fund,Debt Scheme - Banking and PSU Fund
2017-02-07,119551,Aditya Birla Sun Life Banking & PSU Debt Fund  - DIRECT - IDCW,142.8426,Aditya Birla Sun Life Mutual Fund,Debt Scheme - Banking and PSU Fund
2017-02-08,119551,Aditya Birla Sun Life Banking & PSU Debt Fund  - DIRECT - IDCW,141.0498,Aditya Birla Sun Life Mutual Fund,Debt Scheme - Banking and PSU Fund
2017-02-09,119551,Aditya Birla Sun Life Banking & PSU Debt Fund  - DIRECT - IDCW,140.3961,Aditya Birla Sun Life Mutual Fund,Debt Scheme - Banking and PSU Fund
2017-02-10,119551,Aditya Birla Sun Life Banking & PSU Debt Fund  - DIRECT - IDCW,140.6958,Aditya Birla Sun Life Mutual Fund,Debt Scheme - Banking and PSU Fund
2017-02-13,119551,Aditya Birla Sun Life Banking & PSU Debt Fund  - DIRECT - IDCW,140.7741,Aditya Birla Sun Life Mutual Fund,Debt Scheme - Banking and PSU Fund
2017-02-14,119551,Aditya Birla Sun Life Banking & PSU Debt Fund  - DIRECT - IDCW,140.6769,Aditya Birla Sun Life Mutual Fund,Debt Scheme - Banking and PSU Fund
2017-02-15,119551,Aditya Birla Sun Life Banking & PSU Debt Fund  - DIRECT - IDCW,140.7425,Aditya Birla Sun Life Mutual Fund,Debt Scheme - Banking and PSU Fund
2017-02-16,119551,Aditya Birla Sun Life Banking & PSU Debt Fund  - DIRECT - IDCW,140.855,Aditya Birla Sun Life Mutual Fund,Debt Scheme - Banking and PSU Fund
2017-02-17,119551,Aditya Birla Sun Life Banking & PSU Debt Fund  - DIRECT - IDCW,140.8544,Aditya Birla Sun Life Mutual Fund,Debt Scheme - Banking and PSU Fund
2017-02-20,119551,Aditya Birla Sun Life Banking & PSU Debt Fund  - DIRECT - IDCW,140.7201,Aditya Birla Sun Life Mutual Fund,Debt Scheme - Banking and PSU Fund
2017-02-22,119551,Aditya Birla Sun Life Banking & PSU Debt Fund  - DIRECT - IDCW,140.5482,Aditya Birla Sun Life Mutual Fund,Debt Scheme - Banking and PSU Fund
2017-02-23,119551,Aditya Birla Sun Life Banking & PSU Debt Fund  - DIRECT - IDCW,140.656,Aditya Birla Sun Life Mutual Fund,Debt Scheme - Banking and PSU Fund
2017-02-27,119551,Aditya Birla Sun Life Banking & PSU Debt Fund  - DIRECT - IDCW,140.8612,Aditya Birla Sun Life Mutual Fund,Debt Scheme - Banking and PSU Fund
2017-02-28,119551,Aditya Birla Sun Life Banking & PSU Debt Fund  - DIRECT - IDCW,140.8785,Aditya Birla Sun Life Mutual Fund,Debt Scheme - Banking and PSU Fund
2017-03-01,119551,Aditya Birla Sun Life Banking & PSU Debt Fund  - DIRECT - IDCW,140.6291,Aditya Birla Sun Life Mutual Fund,Debt Scheme - Banking and PSU Fund
2017-03-02,119551,Aditya Birla Sun Life Banking & PSU Debt Fund  - DIRECT - IDCW,140.6931,Aditya Birla Sun Life Mutual Fund,Debt Scheme - Banking and PSU Fund
2017-03-03,119551,Aditya Birla Sun Life Banking & PSU Debt Fund  - DIRECT - IDCW,140.8939,Aditya Birla Sun Life Mutual Fund,Debt Scheme - Banking and PSU Fund
2017-03-06,119551,Aditya Birla Sun Life Banking & PSU Debt Fund  - DIRECT - IDCW,140.7214,Aditya Birla Sun Life Mutual Fund,Debt Scheme - Banking and PSU Fund
2017-03-07,119551,Aditya Birla Sun Life Banking & PSU Debt Fund  - DIRECT - IDCW,140.6715,Aditya Birla Sun Life Mutual Fund,Debt Scheme - Banking and PSU Fund
2017-03-08,119551,Aditya Birla Sun Life Banking & PSU Debt Fund  - DIRECT - IDCW,140.6217,Aditya Birla Sun Life Mutual Fund,Debt Scheme - Banking and PSU Fund
2017-03-09,119551,Aditya Birla Sun Life Banking & PSU Debt Fund  - DIRECT - IDCW,140.5925,Aditya Birla Sun Life Mutual Fund,Debt Scheme - Banking and PSU Fund
2017-03-10,119551,Aditya Birla Sun Life Banking & PSU Debt Fund  - DIRECT - IDCW,140.3602,Aditya Birla Sun Life Mutual Fund,Debt Scheme - Banking and PSU Fund
2017-03-14,119551,Aditya Birla Sun Life Banking & PSU Debt Fund  - DIRECT - IDCW,140.4476,Aditya Birla Sun Life Mutual Fund,Debt Scheme - Banking and PSU Fund
2017-03-15,119551,Aditya Birla Sun Life Banking & PSU Debt Fund  - DIRECT - IDCW,140.8803,Aditya Birla Sun Life Mutual Fund,Debt Scheme - Banking and PSU Fund
2017-03-16,119551,Aditya Birla Sun Life Banking & PSU Debt Fund  - DIRECT - IDCW,141.011,Aditya Birla Sun Life Mutual Fund,Debt Scheme - Banking and PSU Fund
2017-03-17,119551,Aditya Birla Sun Life Banking & PSU Debt Fund  - DIRECT - IDCW,141.0134,Aditya Birla Sun Life Mutual Fund,Debt Scheme - Banking and PSU Fund
2017-03-20,119551,Aditya Birla Sun Life Banking & PSU Debt Fund  - DIRECT - IDCW,141.0427,Aditya Birla Sun Life Mutual Fund,Debt Scheme - Banking and PSU Fund
2017-03-21,119551,Aditya Birla Sun Life Banking & PSU Debt Fund  - DIRECT - IDCW,141.1567,Aditya Birla Sun Life Mutual Fund,Debt Scheme - Banking and PSU Fund
2017-03-22,119551,Aditya Birla Sun Life Banking & PSU Debt Fund  - DIRECT - IDCW,141.6441,Aditya Birla Sun Life Mutual Fund,Debt Scheme - Banking and PSU Fund
2017-03-23,119551,Aditya Birla Sun Life Banking & PSU Debt Fund  - DIRECT - IDCW,141.7341,Aditya Birla Sun Life Mutual Fund,Debt Scheme - Banking and PSU Fund
2017-03-24,119551,Aditya Birla Sun Life Banking & PSU Debt Fund  - DIRECT - IDCW,141.7796,Aditya Birla Sun Life Mutual Fund,Debt Scheme - Banking and PSU Fund
2017-03-27,119551,Aditya Birla Sun Life Banking & PSU Debt Fund  - DIRECT - IDCW,142.1702,Aditya Birla Sun Life Mutual Fund,Debt Scheme - Banking and PSU Fund
2017-03-29,119551,Aditya Birla Sun Life Banking & PSU Debt Fund  - DIRECT - IDCW,142.1405,Aditya Birla Sun Life Mutual Fund,Debt Scheme - Banking and PSU Fund
2017-03-30,119551,Aditya Birla Sun Life Banking & PSU Debt Fund  - DIRECT - IDCW,142.2701,Aditya Birla Sun Life Mutual Fund,Debt Scheme - Banking and PSU Fund
2017-03-31,119551,Aditya Birla Sun Life Banking & PSU Debt Fund  - DIRECT - IDCW,142.3365,Aditya Birla Sun Life Mutual Fund,Debt Scheme - Banking and PSU Fund
2017-04-03,119551,Aditya Birla Sun Life Banking & PSU Debt Fund  - DIRECT - IDCW,142.491,Aditya Birla Sun Life Mutual Fund,Debt Scheme - Banking and PSU Fund
2017-04-05,119551,Aditya Birla Sun Life Banking & PSU Debt Fund  - DIRECT - IDCW,142.456,Aditya Birla Sun Life Mutual Fund,Debt Scheme - Banking and PSU Fund
2017-04-06,119551,Aditya Birla Sun Life Banking & PSU Debt Fund  - DIRECT - IDCW,142.0344,Aditya Birla Sun Life Mutual Fund,Debt Scheme - Banking and PSU Fund
2017-04-07,119551,Aditya Birla Sun Life Banking & PSU Debt Fund  - DIRECT - IDCW,141.9749,Aditya Birla Sun Life Mutual Fund,Debt Scheme - Banking and PSU Fund
2017-04-10,119551,Aditya Birla Sun Life Banking & PSU Debt Fund  - DIRECT - IDCW,142.0721,Aditya Birla Sun Life Mutual Fund,Debt Scheme - Banking and PSU Fund
2017-04-11,119551,Aditya Birla Sun Life Banking & PSU Debt Fund  - DIRECT - IDCW,142.2557,Aditya Birla Sun Life Mutual Fund,Debt Scheme - Banking and PSU Fund
2017-04-12,119551,Aditya Birla Sun Life Banking & PSU Debt Fund  - DIRECT - IDCW,142.4196,Aditya Birla Sun Life Mutual Fund,Debt Scheme - Banking and PSU Fund
2017-04-13,119551,Aditya Birla Sun Life Banking & PSU Debt Fund  - DIRECT - IDCW,142.5844,Aditya Birla Sun Life Mutual Fund,Debt Scheme - Banking and PSU Fund
2017-04-17,119551,Aditya Birla Sun Life Banking & PSU Debt Fund  - DIRECT - IDCW,142.6317,Aditya Birla Sun Life Mutual Fund,Debt Scheme - Banking and PSU Fund
2017-04-18,119551,Aditya Birla Sun Life Banking & PSU Debt Fund  - DIRECT - IDCW,142.6525,Aditya Birla Sun Life Mutual Fund,Debt Scheme - Banking and PSU Fund
2017-04-19,119551,Aditya Birla Sun Life Banking & PSU Debt Fund  - DIRECT - IDCW,142.7966,Aditya Birla Sun Life Mutual Fund,Debt Scheme - Banking and PSU Fund
2017-04-20,119551,Aditya Birla Sun Life Banking & PSU Debt Fund  - DIRECT - IDCW,142.7991,Aditya Birla Sun Life Mutual Fund,Debt Scheme - Banking and PSU Fund
2017-04-21,119551,Aditya Birla Sun Life Banking & PSU Debt Fund  - DIRECT - IDCW,142.6345,Aditya Birla Sun Life Mutual Fund,Debt Scheme - Banking and PSU Fund
2017-04-24,119551,Aditya Birla Sun Life Banking & PSU Debt Fund  - DIRECT - IDCW,142.7063,Aditya Birla Sun Life Mutual Fund,Debt Scheme - Banking and PSU Fund
2017-04-25,119551,Aditya Birla Sun Life Banking & PSU Debt Fund  - DIRECT - IDCW,142.8376,Aditya Birla Sun Life Mutual Fund,Debt Scheme - Banking and PSU Fund
2017-04-26,119551,Aditya Birla Sun Life Banking & PSU Debt Fund  - DIRECT - IDCW,142.7088,Aditya Birla Sun Life Mutual Fund,Debt Scheme - Banking and PSU Fund
2017-04-27,119551,Aditya Birla Sun Life Banking & PSU Debt Fund  - DIRECT - IDCW,142.7118,Aditya Birla Sun Life Mutual Fund,Debt Scheme - Banking and PSU Fund
2017-04-28,119551,Aditya Birla Sun Life Banking & PSU Debt Fund  - DIRECT - IDCW,142.7091,Aditya Birla Sun Life Mutual Fund,Debt Scheme - Banking and PSU Fund
2017-05-02,119551,Aditya Birla Sun Life Banking & PSU Debt Fund  - DIRECT - IDCW,142.7261,Aditya Birla Sun Life Mutual Fund,Debt Scheme - Banking and PSU Fund
2017-05-03,119551,Aditya Birla Sun Life Banking & PSU Debt Fund  - DIRECT - IDCW,142.7804,Aditya Birla Sun Life Mutual Fund,Debt Scheme - Banking and PSU Fund
2017-05-04,119551,Aditya Birla Sun Life Banking & PSU Debt Fund  - DIRECT - IDCW,142.781,Aditya Birla Sun Life Mutual Fund,Debt Scheme - Banking and PSU Fund
2017-05-05,119551,Aditya Birla Sun Life Banking & PSU Debt Fund  - DIRECT - IDCW,142.8881,Aditya Birla Sun Life Mutual Fund,Debt Scheme - Banking and PSU Fund
2017-05-08,119551,Aditya Birla Sun Life Banking & PSU Debt Fund  - DIRECT - IDCW,143.0171,Aditya Birla Sun Life Mutual Fund,Debt Scheme - Banking and PSU Fund
2017-05-09,119551,Aditya Birla Sun Life Banking & PSU Debt Fund  - DIRECT - IDCW,143.0225,Aditya Birla Sun Life Mutual Fund,Debt Scheme - Banking and PSU Fund
2017-05-11,119551,Aditya Birla Sun Life Banking & PSU Debt Fund  - DIRECT - IDCW,143.0782,Aditya Birla Sun Life Mutual Fund,Debt Scheme - Banking and PSU Fund
2017-05-12,119551,Aditya Birla Sun Life Banking & PSU Debt Fund  - DIRECT - IDCW,143.191,Aditya Birla Sun Life Mutual Fund,Debt Scheme - Banking and PSU Fund
2017-05-15,119551,Aditya Birla Sun Life Banking & PSU Debt Fund  - DIRECT - IDCW,143.5718,Aditya Birla Sun Life Mutual Fund,Debt Scheme - Banking and PSU Fund
2017-05-16,119551,Aditya Birla Sun Life Banking & PSU Debt Fund  - DIRECT - IDCW,143.5436,Aditya Birla Sun Life Mutual Fund,Debt Scheme - Banking and PSU Fund
2017-05-17,119551,Aditya Birla Sun Life Banking & PSU Debt Fund  - DIRECT - IDCW,143.5683,Aditya Birla Sun Life Mutual Fund,Debt Scheme - Banking and PSU Fund
2017-05-18,119551,Aditya Birla Sun Life Banking & PSU Debt Fund  - DIRECT - IDCW,143.5992,Aditya Birla Sun Life Mutual Fund,Debt Scheme - Banking and PSU Fund
2017-05-19,119551,Aditya Birla Sun Life Banking & PSU Debt Fund  - DIRECT - IDCW,143.6111,Aditya Birla Sun Life Mutual Fund,Debt Scheme - Banking and PSU Fund
2017-05-22,119551,Aditya Birla Sun Life Banking & PSU Debt Fund  - DIRECT - IDCW,143.7899,Aditya Birla Sun Life Mutual Fund,Debt Scheme - Banking and PSU Fund
2017-05-23,119551,Aditya Birla Sun Life Banking & PSU Debt Fund  - DIRECT - IDCW,143.8682,Aditya Birla Sun Life Mutual Fund,Debt Scheme - Banking and PSU Fund
2017-05-24,119551,Aditya Birla Sun Life Banking & PSU Debt Fund  - DIRECT - IDCW,143.9093,Aditya Birla Sun Life Mutual Fund,Debt Scheme - Banking and PSU Fund
2017-05-25,119551,Aditya Birla Sun Life Banking & PSU Debt Fund  - DIRECT - IDCW,144.0182,Aditya Birla Sun Life Mutual Fund,Debt Scheme - Banking and PSU Fund
2017-05-26,119551,Aditya Birla Sun Life Banking & PSU Debt Fund  - DIRECT - IDCW,144.139,Aditya Birla Sun Life Mutual Fund,Debt Scheme - Banking and PSU Fund
2017-05-29,119551,Aditya Birla Sun Life Banking & PSU Debt Fund  - DIRECT - IDCW,144.139,Aditya Birla Sun Life Mutual Fund,Debt Scheme - Banking and PSU Fund
2017-05-30,119551,Aditya Birla Sun Life Banking & PSU Debt Fund  - DIRECT - IDCW,144.1695,Aditya Birla Sun Life Mutual Fund,Debt Scheme - Banking and PSU Fund
2017-05-31,119551,Aditya Birla Sun Life Banking & PSU Debt Fund  - DIRECT - IDCW,144.2526,Aditya Birla Sun Life Mutual Fund,Debt Scheme - Banking and PSU Fund
2017-06-01,119551,Aditya Birla Sun Life Banking & PSU Debt Fund  - DIRECT - IDCW,144.4377,Aditya Birla Sun Life Mutual Fund,Debt Scheme - Banking and PSU Fund
2017-06-02,119551,Aditya Birla Sun Life Banking & PSU Debt Fund  - DIRECT - IDCW,144.495,Aditya Birla Sun Life Mutual Fund,Debt Scheme - Banking and PSU Fund
2017-06-05,119551,Aditya Birla Sun Life Banking & PSU Debt Fund  - DIRECT - IDCW,144.5409,Aditya Birla Sun Life Mutual Fund,Debt Scheme - Banking and PSU Fund
2017-06-06,119551,Aditya Birla Sun Life Banking & PSU Debt Fund  - DIRECT - IDCW,144.5701,Aditya Birla Sun Life Mutual Fund,Debt Scheme - Banking and PSU Fund
2017-06-07,119551,Aditya Birla Sun Life Banking & PSU Debt Fund  - DIRECT - IDCW,144.9507,Aditya Birla Sun Life Mutual Fund,Debt Scheme - Banking and PSU Fund
2017-06-08,119551,Aditya Birla Sun Life Banking & PSU Debt Fund  - DIRECT - IDCW,145.3316,Aditya Birla Sun Life Mutual Fund,Debt Scheme - Banking and PSU Fund
2017-06-09,119551,Aditya Birla Sun Life Banking & PSU Debt Fund  - DIRECT - IDCW,145.4447,Aditya Birla Sun Life Mutual Fund,Debt Scheme - Banking and PSU Fund
2017-06-12,119551,Aditya Birla Sun Life Banking & PSU Debt Fund  - DIRECT - IDCW,145.5341,Aditya Birla Sun Life Mutual Fund,Debt Scheme - Banking and PSU Fund
2017-06-13,119551,Aditya Birla Sun Life Banking & PSU Debt Fund  - DIRECT - IDCW,145.6403,Aditya Birla Sun Life Mutual Fund,Debt Scheme - Banking and PSU Fund
2017-06-14,119551,Aditya Birla Sun Life Banking & PSU Debt Fund  - DIRECT - IDCW,145.6607,Aditya Birla Sun Life Mutual Fund,Debt Scheme - Banking and PSU Fund
2017-06-15,119551,Aditya Birla Sun Life Banking & PSU Debt Fund  - DIRECT - IDCW,145.6979,Aditya Birla Sun Life Mutual Fund,Debt Scheme - Banking and PSU Fund
2017-06-16,119551,Aditya Birla Sun Life Banking & PSU Debt Fund  - DIRECT - IDCW,145.6798,Aditya Birla Sun Life Mutual Fund,Debt Scheme - Banking and PSU Fund
2017-06-19,119551,Aditya Birla Sun Life Banking & PSU Debt Fund  - DIRECT - IDCW,145.7742,Aditya Birla Sun Life Mutual Fund,Debt Scheme - Banking and PSU Fund
2017-06-20,119551,Aditya Birla Sun Life Banking & PSU Debt Fund  - DIRECT - IDCW,145.8016,Aditya Birla Sun Life Mutual Fund,Debt Scheme - Banking and PSU Fund
2017-06-21,119551,Aditya Birla Sun Life Banking & PSU Debt Fund  - DIRECT - IDCW,145.8889,Aditya Birla Sun Life Mutual Fund,Debt Scheme - Banking and PSU Fund
2017-06-22,119551,Aditya Birla Sun Life Banking & PSU Debt Fund  - DIRECT - IDCW,145.8735,Aditya Birla Sun Life Mutual Fund,Debt Scheme - Banking and PSU Fund
2017-06-23,119551,Aditya Birla Sun Life Banking & PSU Debt Fund  - DIRECT - IDCW,145.8813,Aditya Birla Sun Life Mutual Fund,Debt Scheme - Banking and PSU Fund
2017-06-27,119551,Aditya Birla Sun Life Banking & PSU Debt Fund  - DIRECT - IDCW,145.9449,Aditya Birla Sun Life Mutual Fund,Debt Scheme - Banking and PSU Fund
2017-06-28,119551,Aditya Birla Sun Life Banking & PSU Debt Fund  - DIRECT - IDCW,145.8491,Aditya Birla Sun Life Mutual Fund,Debt Scheme - Banking and PSU Fund
2017-06-29,119551,Aditya Birla Sun Life Banking & PSU Debt Fund  - DIRECT - IDCW,145.8476,Aditya Birla Sun Life Mutual Fund,Debt Scheme - Banking and PSU Fund
2017-06-30,119551,Aditya Birla Sun Life Banking & PSU Debt Fund  - DIRECT - IDCW,145.8394,Aditya Birla Sun Life Mutual Fund,Debt Scheme - Banking and PSU Fund
2017-07-03,119551,Aditya Birla Sun Life Banking & PSU Debt Fund  - DIRECT - IDCW,145.6663,Aditya Birla Sun Life Mutual Fund,Debt Scheme - Banking and PSU Fund
2017-07-04,119551,Aditya Birla Sun Life Banking & PSU Debt Fund  - DIRECT - IDCW,145.7582,Aditya Birla Sun Life Mutual Fund,Debt Scheme - Banking and PSU Fund
2017-07-05,119551,Aditya Birla Sun Life Banking & PSU Debt Fund  - DIRECT - IDCW,145.8498,Aditya Birla Sun Life Mutual Fund,Debt Scheme - Banking and PSU Fund
2017-07-06,119551,Aditya Birla Sun Life Banking & PSU Debt Fund  - DIRECT - IDCW,145.9371,Aditya Birla Sun Life Mutual Fund,Debt Scheme - Banking and PSU Fund
2017-07-07,119551,Aditya Birla Sun Life Banking & PSU Debt Fund  - DIRECT - IDCW,145.9888,Aditya Birla Sun Life Mutual Fund,Debt Scheme - Banking and PSU Fund
2017-07-10,119551,Aditya Birla Sun Life Banking & PSU Debt Fund  - DIRECT - IDCW,146.2443,Aditya Birla Sun Life Mutual Fund,Debt Scheme - Banking and PSU Fund
2017-07-11,119551,Aditya Birla Sun Life Banking & PSU Debt Fund  - DIRECT - IDCW,146.3105,Aditya Birla Sun Life Mutual Fund,Debt Scheme - Banking and PSU Fund
2017-07-12,119551,Aditya Birla Sun Life Banking & PSU Debt Fund  - DIRECT - IDCW,146.3824,Aditya Birla Sun Life Mutual Fund,Debt Scheme - Banking and PSU Fund
2017-07-13,119551,Aditya Birla Sun Life Banking & PSU Debt Fund  - DIRECT - IDCW,146.4568,Aditya Birla Sun Life Mutual Fund,Debt Scheme - Banking and PSU Fund
2017-07-14,119551,Aditya Birla Sun Life Banking & PSU Debt Fund  - DIRECT - IDCW,146.4802,Aditya Birla Sun Life Mutual Fund,Debt Scheme - Banking and PSU Fund
2017-07-17,119551,Aditya Birla Sun Life Banking & PSU Debt Fund  - DIRECT - IDCW,146.6141,Aditya Birla Sun Life Mutual Fund,Debt Scheme - Banking and PSU Fund
2017-07-18,119551,Aditya Birla Sun Life Banking & PSU Debt Fund  - DIRECT - IDCW,146.6789,Aditya Birla Sun Life Mutual Fund,Debt Scheme - Banking and PSU Fund
2017-07-19,119551,Aditya Birla Sun Life Banking & PSU Debt Fund  - DIRECT - IDCW,146.7668,Aditya Birla Sun Life Mutual Fund,Debt Scheme - Banking and PSU Fund
2017-07-20,119551,Aditya Birla Sun Life Banking & PSU Debt Fund  - DIRECT - IDCW,146.8157,Aditya Birla Sun Life Mutual Fund,Debt Scheme - Banking and PSU Fund
2017-07-21,119551,Aditya Birla Sun Life Banking & PSU Debt Fund  - DIRECT - IDCW,146.9821,Aditya Birla Sun Life Mutual Fund,Debt Scheme - Banking and PSU Fund
2017-07-24,119551,Aditya Birla Sun Life Banking & PSU Debt Fund  - DIRECT - IDCW,147.1328,Aditya Birla Sun Life Mutual Fund,Debt Scheme - Banking and PSU Fund
2017-07-25,119551,Aditya Birla Sun Life Banking & PSU Debt Fund  - DIRECT - IDCW,147.1373,Aditya Birla Sun Life Mutual Fund,Debt Scheme - Banking and PSU Fund
2017-07-26,119551,Aditya Birla Sun Life Banking & PSU Debt Fund  - DIRECT - IDCW,147.0997,Aditya Birla Sun Life Mutual Fund,Debt Scheme - Banking and PSU Fund
2017-07-27,119551,Aditya Birla Sun Life Banking & PSU Debt Fund  - DIRECT - IDCW,147.1708,Aditya Birla Sun Life Mutual Fund,Debt Scheme - Banking and PSU Fund
2017-07-28,119551,Aditya Birla Sun Life Banking & PSU Debt Fund  - DIRECT - IDCW,147.1604,Aditya Birla Sun Life Mutual Fund,Debt Scheme - Banking and PSU Fund
2017-07-31,119551,Aditya Birla Sun Life Banking & PSU Debt Fund  - DIRECT - IDCW,147.1981,Aditya Birla Sun Life Mutual Fund,Debt Scheme - Banking and PSU Fund
2017-08-01,119551,Aditya Birla Sun Life Banking & PSU Debt Fund  - DIRECT - IDCW,147.2654,Aditya Birla Sun Life Mutual Fund,Debt Scheme - Banking and PSU Fund
2017-08-02,119551,Aditya Birla Sun Life Banking & PSU Debt Fund  - DIRECT - IDCW,147.3359,Aditya Birla Sun Life Mutual Fund,Debt Scheme - Banking and PSU Fund
2017-08-03,119551,Aditya Birla Sun Life Banking & PSU Debt Fund  - DIRECT - IDCW,147.6212,Aditya Birla Sun Life Mutual Fund,Debt Scheme - Banking and PSU Fund
2017-08-04,119551,Aditya Birla Sun Life Banking & PSU Debt Fund  - DIRECT - IDCW,147.6495,Aditya Birla Sun Life Mutual Fund,Debt Scheme - Banking and PSU Fund
2017-08-07,119551,Aditya Birla Sun Life Banking & PSU Debt Fund  - DIRECT - IDCW,147.6821,Aditya Birla Sun Life Mutual Fund,Debt Scheme - Banking and PSU Fund
2017-08-08,119551,Aditya Birla Sun Life Banking & PSU Debt Fund  - DIRECT - IDCW,147.7057,Aditya Birla Sun Life Mutual Fund,Debt Scheme - Banking and PSU Fund
2017-08-09,119551,Aditya Birla Sun Life Banking & PSU Debt Fund  - DIRECT - IDCW,147.7244,Aditya Birla Sun Life Mutual Fund,Debt Scheme - Banking and PSU Fund
2017-08-10,119551,Aditya Birla Sun Life Banking & PSU Debt Fund  - DIRECT - IDCW,147.6744,Aditya Birla Sun Life Mutual Fund,Debt Scheme - Banking and PSU Fund
2017-08-11,119551,Aditya Birla Sun Life Banking & PSU Debt Fund  - DIRECT - IDCW,147.6561,Aditya Birla Sun Life Mutual Fund,Debt Scheme - Banking and PSU Fund
2017-08-14,119551,Aditya Birla Sun Life Banking & PSU Debt Fund  - DIRECT - IDCW,147.7087,Aditya Birla Sun Life Mutual Fund,Debt Scheme - Banking and PSU Fund
2017-08-16,119551,Aditya Birla Sun Life Banking & PSU Debt Fund  - DIRECT - IDCW,147.7053,Aditya Birla Sun Life Mutual Fund,Debt Scheme - Banking and PSU Fund
2017-08-18,119551,Aditya Birla Sun Life Banking & PSU Debt Fund  - DIRECT - IDCW,147.8182,Aditya Birla Sun Life Mutual Fund,Debt Scheme - Banking and PSU Fund
2017-08-21,119551,Aditya Birla Sun Life Banking & PSU Debt Fund  - DIRECT - IDCW,147.903,Aditya Birla Sun Life Mutual Fund,Debt Scheme - Banking and PSU Fund
2017-08-22,119551,Aditya Birla Sun Life Banking & PSU Debt Fund  - DIRECT - IDCW,147.9018,Aditya Birla Sun Life Mutual Fund,Debt Scheme - Banking and PSU Fund
2017-08-23,119551,Aditya Birla Sun Life Banking & PSU Debt Fund  - DIRECT - IDCW,147.9146,Aditya Birla Sun Life Mutual Fund,Debt Scheme - Banking and PSU Fund
2017-08-24,119551,Aditya Birla Sun Life Banking & PSU Debt Fund  - DIRECT - IDCW,147.945,Aditya Birla Sun Life Mutual Fund,Debt Scheme - Banking and PSU Fund
2017-08-28,119551,Aditya Birla Sun Life Banking & PSU Debt Fund  - DIRECT - IDCW,148.0222,Aditya Birla Sun Life Mutual Fund,Debt Scheme - Banking and PSU Fund
2017-08-29,119551,Aditya Birla Sun Life Banking & PSU Debt Fund  - DIRECT - IDCW,148.0933,Aditya Birla Sun Life Mutual Fund,Debt Scheme - Banking and PSU Fund
2017-08-30,119551,Aditya Birla Sun Life Banking & PSU Debt Fund  - DIRECT - IDCW,148.1091,Aditya Birla Sun Life Mutual Fund,Debt Scheme - Banking and PSU Fund
2017-08-31,119551,Aditya Birla Sun Life Banking & PSU Debt Fund  - DIRECT - IDCW,148.181,Aditya Birla Sun Life Mutual Fund,Debt Scheme - Banking and PSU Fund
2017-09-01,119551,Aditya Birla Sun Life Banking & PSU Debt Fund  - DIRECT - IDCW,148.359,Aditya Birla Sun Life Mutual Fund,Debt Scheme - Banking and PSU Fund
2017-09-04,119551,Aditya Birla Sun Life Banking & PSU Debt Fund  - DIRECT - IDCW,148.4419,Aditya Birla Sun Life Mutual Fund,Debt Scheme - Banking and PSU Fund
2017-09-05,119551,Aditya Birla Sun Life Banking & PSU Debt Fund  - DIRECT - IDCW,148.4461,Aditya Birla Sun Life Mutual Fund,Debt Scheme - Banking and PSU Fund
2017-09-06,119551,Aditya Birla Sun Life Banking & PSU Debt Fund  - DIRECT - IDCW,148.4973,Aditya Birla Sun Life Mutual Fund,Debt Scheme - Banking and PSU Fund
2017-09-07,119551,Aditya Birla Sun Life Banking & PSU Debt Fund  - DIRECT - IDCW,148.4821,Aditya Birla Sun Life Mutual Fund,Debt Scheme - Banking and PSU Fund
2017-09-08,119551,Aditya Birla Sun Life Banking & PSU Debt Fund  - DIRECT - IDCW,148.4706,Aditya Birla Sun Life Mutual Fund,Debt Scheme - Banking and PSU Fund
2017-09-11,119551,Aditya Birla Sun Life Banking & PSU Debt Fund  - DIRECT - IDCW,148.5133,Aditya Birla Sun Life Mutual Fund,Debt Scheme - Banking and PSU Fund
2017-09-12,119551,Aditya Birla Sun Life Banking & PSU Debt Fund  - DIRECT - IDCW,148.48,Aditya Birla Sun Life Mutual Fund,Debt Scheme - Banking and PSU Fund
2017-09-13,119551,Aditya Birla Sun Life Banking & PSU Debt Fund  - DIRECT - IDCW,148.4446,Aditya Birla Sun Life Mutual Fund,Debt Scheme - Banking and PSU Fund
2017-09-14,119551,Aditya Birla Sun Life Banking & PSU Debt Fund  - DIRECT - IDCW,148.4631,Aditya Birla Sun Life Mutual Fund,Debt Scheme - Banking and PSU Fund
2017-09-15,119551,Aditya Birla Sun Life Banking & PSU Debt Fund  - DIRECT - IDCW,148.4365,Aditya Birla Sun Life Mutual Fund,Debt Scheme - Banking and PSU Fund
2017-09-18,119551,Aditya Birla Sun Life Banking & PSU Debt Fund  - DIRECT - IDCW,148.4466,Aditya Birla Sun Life Mutual Fund,Debt Scheme - Banking and PSU Fund
2017-09-19,119551,Aditya Birla Sun Life Banking & PSU Debt Fund  - DIRECT - IDCW,148.4897,Aditya Birla Sun Life Mutual Fund,Debt Scheme - Banking and PSU Fund
2017-09-20,119551,Aditya Birla Sun Life Banking & PSU Debt Fund  - DIRECT - IDCW,148.5343,Aditya Birla Sun Life Mutual Fund,Debt Scheme - Banking and PSU Fund
2017-09-21,119551,Aditya Birla Sun Life Banking & PSU Debt Fund  - DIRECT - IDCW,148.2842,Aditya Birla Sun Life Mutual Fund,Debt Scheme - Banking and PSU Fund
2017-09-22,119551,Aditya Birla Sun Life Banking & PSU Debt Fund  - DIRECT - IDCW,148.2649,Aditya Birla Sun Life Mutual Fund,Debt Scheme - Banking and PSU Fund
2017-09-25,119551,Aditya Birla Sun Life Banking & PSU Debt Fund  - DIRECT - IDCW,148.4371,Aditya Birla Sun Life Mutual Fund,Debt Scheme - Banking and PSU Fund
2017-09-26,119551,Aditya Birla Sun Life Banking & PSU Debt Fund  - DIRECT - IDCW,148.362,Aditya Birla Sun Life Mutual Fund,Debt Scheme - Banking and PSU Fund
2017-09-27,119551,Aditya Birla Sun Life Banking & PSU Debt Fund  - DIRECT - IDCW,148.3767,Aditya Birla Sun Life Mutual Fund,Debt Scheme - Banking and PSU Fund
2017-09-28,119551,Aditya Birla Sun Life Banking & PSU Debt Fund  - DIRECT - IDCW,148.4835,Aditya Birla Sun Life Mutual Fund,Debt Scheme - Banking and PSU Fund
2017-09-29,119551,Aditya Birla Sun Life Banking & PSU Debt Fund  - DIRECT - IDCW,148.491,Aditya Birla Sun Life Mutual Fund,Debt Scheme - Banking and PSU Fund
2017-10-03,119551,Aditya Birla Sun Life Banking & PSU Debt Fund  - DIRECT - IDCW,148.7205,Aditya Birla Sun Life Mutual Fund,Debt Scheme - Banking and PSU Fund
2017-10-04,119551,Aditya Birla Sun Life Banking & PSU Debt Fund  - DIRECT - IDCW,148.6351,Aditya Birla Sun Life Mutual Fund,Debt Scheme - Banking and PSU Fund
2017-10-05,119551,Aditya Birla Sun Life Banking & PSU Debt Fund  - DIRECT - IDCW,148.5783,Aditya Birla Sun Life Mutual Fund,Debt Scheme - Banking and PSU Fund
2017-10-06,119551,Aditya Birla Sun Life Banking & PSU Debt Fund  - DIRECT - IDCW,148.5744,Aditya Birla Sun Life Mutual Fund,Debt Scheme - Banking and PSU Fund
2017-10-09,119551,Aditya Birla Sun Life Banking & PSU Debt Fund  - DIRECT - IDCW,148.6113,Aditya Birla Sun Life Mutual Fund,Debt Scheme - Banking and PSU Fund
2017-10-10,119551,Aditya Birla Sun Life Banking & PSU Debt Fund  - DIRECT - IDCW,148.6506,Aditya Birla Sun Life Mutual Fund,Debt Scheme - Banking and PSU Fund
2017-10-11,119551,Aditya Birla Sun Life Banking & PSU Debt Fund  - DIRECT - IDCW,148.6958,Aditya Birla Sun Life Mutual Fund,Debt Scheme - Banking and PSU Fund
2017-10-12,119551,Aditya Birla Sun Life Banking & PSU Debt Fund  - DIRECT - IDCW,148.7248,Aditya Birla Sun Life Mutual Fund,Debt Scheme - Banking and PSU Fund
2017-10-13,119551,Aditya Birla Sun Life Banking & PSU Debt Fund  - DIRECT - IDCW,148.8495,Aditya Birla Sun Life Mutual Fund,Debt Scheme - Banking and PSU Fund
2017-10-16,119551,Aditya Birla Sun Life Banking & PSU Debt Fund  - DIRECT - IDCW,148.9557,Aditya Birla Sun Life Mutual Fund,Debt Scheme - Banking and PSU Fund
2017-10-17,119551,Aditya Birla Sun Life Banking & PSU Debt Fund  - DIRECT - IDCW,148.9725,Aditya Birla Sun Life Mutual Fund,Debt Scheme - Banking and PSU Fund
2017-10-18,119551,Aditya Birla Sun Life Banking & PSU Debt Fund  - DIRECT - IDCW,148.9933,Aditya Birla Sun Life Mutual Fund,Debt Scheme - Banking and PSU Fund
2017-10-23,119551,Aditya Birla Sun Life Banking & PSU Debt Fund  - DIRECT - IDCW,149.0299,Aditya Birla Sun Life Mutual Fund,Debt Scheme - Banking and PSU Fund
2017-10-24,119551,Aditya Birla Sun Life Banking & PSU Debt Fund  - DIRECT - IDCW,149.0872,Aditya Birla Sun Life Mutual Fund,Debt Scheme - Banking and PSU Fund
2017-10-25,119551,Aditya Birla Sun Life Banking & PSU Debt Fund  - DIRECT - IDCW,149.0757,Aditya Birla Sun Life Mutual Fund,Debt Scheme - Banking and PSU Fund
2017-10-26,119551,Aditya Birla Sun Life Banking & PSU Debt Fund  - DIRECT - IDCW,149.1089,Aditya Birla Sun Life Mutual Fund,Debt Scheme - Banking and PSU Fund
2017-10-27,119551,Aditya Birla Sun Life Banking & PSU Debt Fund  - DIRECT - IDCW,149.116,Aditya Birla Sun Life Mutual Fund,Debt Scheme - Banking and PSU Fund
2017-10-30,119551,Aditya Birla Sun Life Banking & PSU Debt Fund  - DIRECT - IDCW,149.1095,Aditya Birla Sun Life Mutual Fund,Debt Scheme - Banking and PSU Fund
2017-10-31,119551,Aditya Birla Sun Life Banking & PSU Debt Fund  - DIRECT - IDCW,149.166,Aditya Birla Sun Life Mutual Fund,Debt Scheme - Banking and PSU Fund
2017-11-01,119551,Aditya Birla Sun Life Banking & PSU Debt Fund  - DIRECT - IDCW,149.1872,Aditya Birla Sun Life Mutual Fund,Debt Scheme - Banking and PSU Fund
2017-11-02,119551,Aditya Birla Sun Life Banking & PSU Debt Fund  - DIRECT - IDCW,149.2423,Aditya Birla Sun Life Mutual Fund,Debt Scheme - Banking and PSU Fund
2017-11-03,119551,Aditya Birla Sun Life Banking & PSU Debt Fund  - DIRECT - IDCW,149.2935,Aditya Birla Sun Life Mutual Fund,Debt Scheme - Banking and PSU Fund
2017-11-06,119551,Aditya Birla Sun Life Banking & PSU Debt Fund  - DIRECT - IDCW,149.3344,Aditya Birla Sun Life Mutual Fund,Debt Scheme - Banking and PSU Fund
2017-11-07,119551,Aditya Birla Sun Life Banking & PSU Debt Fund  - DIRECT - IDCW,149.2845,Aditya Birla Sun Life Mutual Fund,Debt Scheme - Banking and PSU Fund
2017-11-08,119551,Aditya Birla Sun Life Banking & PSU Debt Fund  - DIRECT - IDCW,149.2964,Aditya Birla Sun Life Mutual Fund,Debt Scheme - Banking and PSU Fund
2017-11-09,119551,Aditya Birla Sun Life Banking & PSU Debt Fund  - DIRECT - IDCW,149.335,Aditya Birla Sun Life Mutual Fund,Debt Scheme - Banking and PSU Fund
2017-11-10,119551,Aditya Birla Sun Life Banking & PSU Debt Fund  - DIRECT - IDCW,149.3439,Aditya Birla Sun Life Mutual Fund,Debt Scheme - Banking and PSU Fund
2017-11-13,119551,Aditya Birla Sun Life Banking & PSU Debt Fund  - DIRECT - IDCW,149.3946,Aditya Birla Sun Life Mutual Fund,Debt Scheme - Banking and PSU Fund
2017-11-14,119551,Aditya Birla Sun Life Banking & PSU Debt Fund  - DIRECT - IDCW,149.2009,Aditya Birla Sun Life Mutual Fund,Debt Scheme - Banking and PSU Fund
2017-11-15,119551,Aditya Birla Sun Life Banking & PSU Debt Fund  - DIRECT - IDCW,149.2653,Aditya Birla Sun Life Mutual Fund,Debt Scheme - Banking and PSU Fund
2017-11-16,119551,Aditya Birla Sun Life Banking & PSU Debt Fund  - DIRECT - IDCW,149.1355,Aditya Birla Sun Life Mutual Fund,Debt Scheme - Banking and PSU Fund
2017-11-17,119551,Aditya Birla Sun Life Banking & PSU Debt Fund  - DIRECT - IDCW,149.2227,Aditya Birla Sun Life Mutual Fund,Debt Scheme - Banking and PSU Fund
2017-11-20,119551,Aditya Birla Sun Life Banking & PSU Debt Fund  - DIRECT - IDCW,149.5677,Aditya Birla Sun Life Mutual Fund,Debt Scheme - Banking and PSU Fund
2017-11-21,119551,Aditya Birla Sun Life Banking & PSU Debt Fund  - DIRECT - IDCW,149.5741,Aditya Birla Sun Life Mutual Fund,Debt Scheme - Banking and PSU Fund
2017-11-22,119551,Aditya Birla Sun Life Banking & PSU Debt Fund  - DIRECT - IDCW,149.4299,Aditya Birla Sun Life Mutual Fund,Debt Scheme - Banking and PSU Fund
2017-11-23,119551,Aditya Birla Sun Life Banking & PSU Debt Fund  - DIRECT - IDCW,149.3581,Aditya Birla Sun Life Mutual Fund,Debt Scheme - Banking and PSU Fund
2017-11-24,119551,Aditya Birla Sun Life Banking & PSU Debt Fund  - DIRECT - IDCW,149.3708,Aditya Birla Sun Life Mutual Fund,Debt Scheme - Banking and PSU Fund
2017-11-27,119551,Aditya Birla Sun Life Banking & PSU Debt Fund  - DIRECT - IDCW,149.4131,Aditya Birla Sun Life Mutual Fund,Debt Scheme - Banking and PSU Fund
2017-11-28,119551,Aditya Birla Sun Life Banking & PSU Debt Fund  - DIRECT - IDCW,149.4371,Aditya Birla Sun Life Mutual Fund,Debt Scheme - Banking and PSU Fund
2017-11-29,119551,Aditya Birla Sun Life Banking & PSU Debt Fund  - DIRECT - IDCW,149.4737,Aditya Birla Sun Life Mutual Fund,Debt Scheme - Banking and PSU Fund
2017-11-30,119551,Aditya Birla Sun Life Banking & PSU Debt Fund  - DIRECT - IDCW,149.4913,Aditya Birla Sun Life Mutual Fund,Debt Scheme - Banking and PSU Fund
2017-12-04,119551,Aditya Birla Sun Life Banking & PSU Debt Fund  - DIRECT - IDCW,149.5704,Aditya Birla Sun Life Mutual Fund,Debt Scheme - Banking and PSU Fund
2017-12-05,119551,Aditya Birla Sun Life Banking & PSU Debt Fund  - DIRECT - IDCW,149.6015,Aditya Birla Sun Life Mutual Fund,Debt Scheme - Banking and PSU Fund
2017-12-06,119551,Aditya Birla Sun Life Banking & PSU Debt Fund  - DIRECT - IDCW,149.6636,Aditya Birla Sun Life Mutual Fund,Debt Scheme - Banking and PSU Fund
2017-12-07,119551,Aditya Birla Sun Life Banking & PSU Debt Fund  - DIRECT - IDCW,149.6687,Aditya Birla Sun Life Mutual Fund,Debt Scheme - Banking and PSU Fund
2017-12-08,119551,Aditya Birla Sun Life Banking & PSU Debt Fund  - DIRECT - IDCW,149.6701,Aditya Birla Sun Life Mutual Fund,Debt Scheme - Banking and PSU Fund
2017-12-11,119551,Aditya Birla Sun Life Banking & PSU Debt Fund  - DIRECT - IDCW,149.5962,Aditya Birla Sun Life Mutual Fund,Debt Scheme - Banking and PSU Fund
2017-12-12,119551,Aditya Birla Sun Life Banking & PSU Debt Fund  - DIRECT - IDCW,149.544,Aditya Birla Sun Life Mutual Fund,Debt Scheme - Banking and PSU Fund
2017-12-13,119551,Aditya Birla Sun Life Banking & PSU Debt Fund  - DIRECT - IDCW,149.4922,Aditya Birla Sun Life Mutual Fund,Debt Scheme - Banking and PSU Fund
2017-12-14,119551,Aditya Birla Sun Life Banking & PSU Debt Fund  - DIRECT - IDCW,149.5076,Aditya Birla Sun Life Mutual Fund,Debt Scheme - Banking and PSU Fund
2017-12-15,119551,Aditya Birla Sun Life Banking & PSU Debt Fund  - DIRECT - IDCW,149.4853,Aditya Birla Sun Life Mutual Fund,Debt Scheme - Banking and PSU Fund
2017-12-18,119551,Aditya Birla Sun Life Banking & PSU Debt Fund  - DIRECT - IDCW,149.5292,Aditya Birla Sun Life Mutual Fund,Debt Scheme - Banking and PSU Fund
2017-12-19,119551,Aditya Birla Sun Life Banking & PSU Debt Fund  - DIRECT - IDCW,149.559,Aditya Birla Sun Life Mutual Fund,Debt Scheme - Banking and PSU Fund
2017-12-20,119551,Aditya Birla Sun Life Banking & PSU Debt Fund  - DIRECT - IDCW,149.4474,Aditya Birla Sun Life Mutual Fund,Debt Scheme - Banking and PSU Fund
2017-12-21,119551,Aditya Birla Sun Life Banking & PSU Debt Fund  - DIRECT - IDCW,149.3699,Aditya Birla Sun Life Mutual Fund,Debt Scheme - Banking and PSU Fund
2017-12-22,119551,Aditya Birla Sun Life Banking & PSU Debt Fund  - DIRECT - IDCW,149.2793,Aditya Birla Sun Life Mutual Fund,Debt Scheme - Banking and PSU Fund
2017-12-26,119551,Aditya Birla Sun Life Banking & PSU Debt Fund  - DIRECT - IDCW,149.2864,Aditya Birla Sun Life Mutual Fund,Debt Scheme - Banking and PSU Fund
2017-12-27,119551,Aditya Birla Sun Life Banking & PSU Debt Fund  - DIRECT - IDCW,149.3157,Aditya Birla Sun Life Mutual Fund,Debt Scheme - Banking and PSU Fund
2017-12-28,119551,Aditya Birla Sun Life Banking & PSU Debt Fund  - DIRECT - IDCW,149.1113,Aditya Birla Sun Life Mutual Fund,Debt Scheme - Banking and PSU Fund
2017-12-29,119551,Aditya Birla Sun Life Banking & PSU Debt Fund  - DIRECT - IDCW,149.4545,Aditya Birla Sun Life Mutual Fund,Debt Scheme - Banking and PSU Fund
2018-01-01,119551,Aditya Birla Sun Life Banking & PSU Debt Fund  - DIRECT - IDCW,149.4635,Aditya Birla Sun Life Mutual Fund,Debt Scheme - Banking and PSU Fund
2018-01-02,119551,Aditya Birla Sun Life Banking & PSU Debt Fund  - DIRECT - IDCW,149.4785,Aditya Birla Sun Life Mutual Fund,Debt Scheme - Banking and PSU Fund
2018-01-03,119551,Aditya Birla Sun Life Banking & PSU Debt Fund  - DIRECT - IDCW,149.5011,Aditya Birla Sun Life Mutual Fund,Debt Scheme - Banking and PSU Fund
2018-01-04,119551,Aditya Birla Sun Life Banking & PSU Debt Fund  - DIRECT - IDCW,149.4562,Aditya Birla Sun Life Mutual Fund,Debt Scheme - Banking and PSU Fund
2018-01-05,119551,Aditya Birla Sun Life Banking & PSU Debt Fund  - DIRECT - IDCW,149.6129,Aditya Birla Sun Life Mutual Fund,Debt Scheme - Banking and PSU Fund
2018-01-08,119551,Aditya Birla Sun Life Banking & PSU Debt Fund  - DIRECT - IDCW,149.663,Aditya Birla Sun Life Mutual Fund,Debt Scheme - Banking and PSU Fund
2018-01-09,119551,Aditya Birla Sun Life Banking & PSU Debt Fund  - DIRECT - IDCW,149.6376,Aditya Birla Sun Life Mutual Fund,Debt Scheme - Banking and PSU Fund
2018-01-10,119551,Aditya Birla Sun Life Banking & PSU Debt Fund  - DIRECT - IDCW,149.4919,Aditya Birla Sun Life Mutual Fund,Debt Scheme - Banking and PSU Fund
2018-01-11,119551,Aditya Birla Sun Life Banking & PSU Debt Fund  - DIRECT - IDCW,149.4769,Aditya Birla Sun Life Mutual Fund,Debt Scheme - Banking and PSU Fund
2018-01-12,119551,Aditya Birla Sun Life Banking & PSU Debt Fund  - DIRECT - IDCW,149.4891,Aditya Birla Sun Life Mutual Fund,Debt Scheme - Banking and PSU Fund
2018-01-15,119551,Aditya Birla Sun Life Banking & PSU Debt Fund  - DIRECT - IDCW,149.6009,Aditya Birla Sun Life Mutual Fund,Debt Scheme - Banking and PSU Fund
2018-01-16,119551,Aditya Birla Sun Life Banking & PSU Debt Fund  - DIRECT - IDCW,149.44,Aditya Birla Sun Life Mutual Fund,Debt Scheme - Banking and PSU Fund
2018-01-17,119551,Aditya Birla Sun Life Banking & PSU Debt Fund  - DIRECT - IDCW,149.6553,Aditya Birla Sun Life Mutual Fund,Debt Scheme - Banking and PSU Fund
2018-01-18,119551,Aditya Birla Sun Life Banking & PSU Debt Fund  - DIRECT - IDCW,149.6057,Aditya Birla Sun Life Mutual Fund,Debt Scheme - Banking and PSU Fund
2018-01-19,119551,Aditya Birla Sun Life Banking & PSU Debt Fund  - DIRECT - IDCW,149.6247,Aditya Birla Sun Life Mutual Fund,Debt Scheme - Banking and PSU Fund
2018-01-22,119551,Aditya Birla Sun Life Banking & PSU Debt Fund  - DIRECT - IDCW,149.6942,Aditya Birla Sun Life Mutual Fund,Debt Scheme - Banking and PSU Fund
2018-01-23,119551,Aditya Birla Sun Life Banking & PSU Debt Fund  - DIRECT - IDCW,149.8059,Aditya Birla Sun Life Mutual Fund,Debt Scheme - Banking and PSU Fund
2018-01-24,119551,Aditya Birla Sun Life Banking & PSU Debt Fund  - DIRECT - IDCW,149.783,Aditya Birla Sun Life Mutual Fund,Debt Scheme - Banking and PSU Fund
2018-01-25,119551,Aditya Birla Sun Life Banking & PSU Debt Fund  - DIRECT - IDCW,149.7498,Aditya Birla Sun Life Mutual Fund,Debt Scheme - Banking and PSU Fund
2018-01-29,119551,Aditya Birla Sun Life Banking & PSU Debt Fund  - DIRECT - IDCW,149.7264,Aditya Birla Sun Life Mutual Fund,Debt Scheme - Banking and PSU Fund
2018-01-30,119551,Aditya Birla Sun Life Banking & PSU Debt Fund  - DIRECT - IDCW,149.6944,Aditya Birla Sun Life Mutual Fund,Debt Scheme - Banking and PSU Fund
2018-01-31,119551,Aditya Birla Sun Life Banking & PSU Debt Fund  - DIRECT - IDCW,149.7354,Aditya Birla Sun Life Mutual Fund,Debt Scheme - Banking and PSU Fund
2018-02-01,119551,Aditya Birla Sun Life Banking & PSU Debt Fund  - DIRECT - IDCW,149.4309,Aditya Birla Sun Life Mutual Fund,Debt Scheme - Banking and PSU Fund
2018-02-02,119551,Aditya Birla Sun Life Banking & PSU Debt Fund  - DIRECT - IDCW,149.4766,Aditya Birla Sun Life Mutual Fund,Debt Scheme - Banking and PSU Fund
2018-02-05,119551,Aditya Birla Sun Life Banking & PSU Debt Fund  - DIRECT - IDCW,149.5419,Aditya Birla Sun Life Mutual Fund,Debt Scheme - Banking and PSU Fund
2018-02-06,119551,Aditya Birla Sun Life Banking & PSU Debt Fund  - DIRECT - IDCW,149.6109,Aditya Birla Sun Life Mutual Fund,Debt Scheme - Banking and PSU Fund
2018-02-07,119551,Aditya Birla Sun Life Banking & PSU Debt Fund  - DIRECT - IDCW,149.7571,Aditya Birla Sun Life Mutual Fund,Debt Scheme - Banking and PSU Fund
2018-02-08,119551,Aditya Birla Sun Life Banking & PSU Debt Fund  - DIRECT - IDCW,149.8999,Aditya Birla Sun Life Mutual Fund,Debt Scheme - Banking and PSU Fund
2018-02-09,119551,Aditya Birla Sun Life Banking & PSU Debt Fund  - DIRECT - IDCW,149.9118,Aditya Birla Sun Life Mutual Fund,Debt Scheme - Banking and PSU Fund
2018-02-12,119551,Aditya Birla Sun Life Banking & PSU Debt Fund  - DIRECT - IDCW,149.9962,Aditya Birla Sun Life Mutual Fund,Debt Scheme - Banking and PSU Fund
2018-02-14,119551,Aditya Birla Sun Life Banking & PSU Debt Fund  - DIRECT - IDCW,150.0741,Aditya Birla Sun Life Mutual Fund,Debt Scheme - Banking and PSU Fund
2018-02-15,119551,Aditya Birla Sun Life Banking & PSU Debt Fund  - DIRECT - IDCW,149.9765,Aditya Birla Sun Life Mutual Fund,Debt Scheme - Banking and PSU Fund
2018-02-16,119551,Aditya Birla Sun Life Banking & PSU Debt Fund  - DIRECT - IDCW,150.0015,Aditya Birla Sun Life Mutual Fund,Debt Scheme - Banking and PSU Fund
2018-02-20,119551,Aditya Birla Sun Life Banking & PSU Debt Fund  - DIRECT - IDCW,149.9696,Aditya Birla Sun Life Mutual Fund,Debt Scheme - Banking and PSU Fund
2018-02-21,119551,Aditya Birla Sun Life Banking & PSU Debt Fund  - DIRECT - IDCW,149.9303,Aditya Birla Sun Life Mutual Fund,Debt Scheme - Banking and PSU Fund
2018-02-22,119551,Aditya Birla Sun Life Banking & PSU Debt Fund  - DIRECT - IDCW,149.8158,Aditya Birla Sun Life Mutual Fund,Debt Scheme - Banking and PSU Fund
2018-02-23,119551,Aditya Birla Sun Life Banking & PSU Debt Fund  - DIRECT - IDCW,149.9491,Aditya Birla Sun Life Mutual Fund,Debt Scheme - Banking and PSU Fund
2018-02-26,119551,Aditya Birla Sun Life Banking & PSU Debt Fund  - DIRECT - IDCW,149.9922,Aditya Birla Sun Life Mutual Fund,Debt Scheme - Banking and PSU Fund
2018-02-27,119551,Aditya Birla Sun Life Banking & PSU Debt Fund  - DIRECT - IDCW,140.649,Aditya Birla Sun Life Mutual Fund,Debt Scheme - Banking and PSU Fund
2018-02-28,119551,Aditya Birla Sun Life Banking & PSU Debt Fund  - DIRECT - IDCW,140.6412,Aditya Birla Sun Life Mutual Fund,Debt Scheme - Banking and PSU Fund
2018-03-01,119551,Aditya Birla Sun Life Banking & PSU Debt Fund  - DIRECT - IDCW,140.6243,Aditya Birla Sun Life Mutual Fund,Debt Scheme - Banking and PSU Fund
2018-03-05,119551,Aditya Birla Sun Life Banking & PSU Debt Fund  - DIRECT - IDCW,140.7265,Aditya Birla Sun Life Mutual Fund,Debt Scheme - Banking and PSU Fund
2018-03-06,119551,Aditya Birla Sun Life Banking & PSU Debt Fund  - DIRECT - IDCW,140.77,Aditya Birla Sun Life Mutual Fund,Debt Scheme - Banking and PSU Fund
2018-03-07,119551,Aditya Birla Sun Life Banking & PSU Debt Fund  - DIRECT - IDCW,140.9803,Aditya Birla Sun Life Mutual Fund,Debt Scheme - Banking and PSU Fund
2018-03-08,119551,Aditya Birla Sun Life Banking & PSU Debt Fund  - DIRECT - IDCW,141.0882,Aditya Birla Sun Life Mutual Fund,Debt Scheme - Banking and PSU Fund
2018-03-09,119551,Aditya Birla Sun Life Banking & PSU Debt Fund  - DIRECT - IDCW,141.0964,Aditya Birla Sun Life Mutual Fund,Debt Scheme - Banking and PSU Fund
2018-03-12,119551,Aditya Birla Sun Life Banking & PSU Debt Fund  - DIRECT - IDCW,141.271,Aditya Birla Sun Life Mutual Fund,Debt Scheme - Banking and PSU Fund
2018-03-13,119551,Aditya Birla Sun Life Banking & PSU Debt Fund  - DIRECT - IDCW,141.3517,Aditya Birla Sun Life Mutual Fund,Debt Scheme - Banking and PSU Fund
2018-03-14,119551,Aditya Birla Sun Life Banking & PSU Debt Fund  - DIRECT - IDCW,141.3686,Aditya Birla Sun Life Mutual Fund,Debt Scheme - Banking and PSU Fund
2018-03-15,119551,Aditya Birla Sun Life Banking & PSU Debt Fund  - DIRECT - IDCW,141.4873,Aditya Birla Sun Life Mutual Fund,Debt Scheme - Banking and PSU Fund
2018-03-16,119551,Aditya Birla Sun Life Banking & PSU Debt Fund  - DIRECT - IDCW,141.6912,Aditya Birla Sun Life Mutual Fund,Debt Scheme - Banking and PSU Fund
2018-03-19,119551,Aditya Birla Sun Life Banking & PSU Debt Fund  - DIRECT - IDCW,141.7148,Aditya Birla Sun Life Mutual Fund,Debt Scheme - Banking and PSU Fund
2018-03-20,119551,Aditya Birla Sun Life Banking & PSU Debt Fund  - DIRECT - IDCW,141.7269,Aditya Birla Sun Life Mutual Fund,Debt Scheme - Banking and PSU Fund
2018-03-21,119551,Aditya Birla Sun Life Banking & PSU Debt Fund  - DIRECT - IDCW,141.7391,Aditya Birla Sun Life Mutual Fund,Debt Scheme - Banking and PSU Fund
2018-03-22,119551,Aditya Birla Sun Life Banking & PSU Debt Fund  - DIRECT - IDCW,141.7848,Aditya Birla Sun Life Mutual Fund,Debt Scheme - Banking and PSU Fund
2018-03-23,119551,Aditya Birla Sun Life Banking & PSU Debt Fund  - DIRECT - IDCW,141.8272,Aditya Birla Sun Life Mutual Fund,Debt Scheme - Banking and PSU Fund
2018-03-26,119551,Aditya Birla Sun Life Banking & PSU Debt Fund  - DIRECT - IDCW,141.858,Aditya Birla Sun Life Mutual Fund,Debt Scheme - Banking and PSU Fund
2018-03-27,119551,Aditya Birla Sun Life Banking & PSU Debt Fund  - DIRECT - IDCW,142.3556,Aditya Birla Sun Life Mutual Fund,Debt Scheme - Banking and PSU Fund
2018-03-28,119551,Aditya Birla Sun Life Banking & PSU Debt Fund  - DIRECT - IDCW,142.4392,Aditya Birla Sun Life Mutual Fund,Debt Scheme - Banking and PSU Fund
2018-04-03,119551,Aditya Birla Sun Life Banking & PSU Debt Fund  - DIRECT - IDCW,142.7428,Aditya Birla Sun Life Mutual Fund,Debt Scheme - Banking and PSU Fund
2018-04-04,119551,Aditya Birla Sun Life Banking & PSU Debt Fund  - DIRECT - IDCW,142.7382,Aditya Birla Sun Life Mutual Fund,Debt Scheme - Banking and PSU Fund
2018-04-05,119551,Aditya Birla Sun Life Banking & PSU Debt Fund  - DIRECT - IDCW,143.1275,Aditya Birla Sun Life Mutual Fund,Debt Scheme - Banking and PSU Fund
2018-04-06,119551,Aditya Birla Sun Life Banking & PSU Debt Fund  - DIRECT - IDCW,143.1533,Aditya Birla Sun Life Mutual Fund,Debt Scheme - Banking and PSU Fund
2018-04-09,119551,Aditya Birla Sun Life Banking & PSU Debt Fund  - DIRECT - IDCW,143.1851,Aditya Birla Sun Life Mutual Fund,Debt Scheme - Banking and PSU Fund
2018-04-10,119551,Aditya Birla Sun Life Banking & PSU Debt Fund  - DIRECT - IDCW,142.9838,Aditya Birla Sun Life Mutual Fund,Debt Scheme - Banking and PSU Fund
2018-04-11,119551,Aditya Birla Sun Life Banking & PSU Debt Fund  - DIRECT - IDCW,142.7892,Aditya Birla Sun Life Mutual Fund,Debt Scheme - Banking and PSU Fund
2018-04-12,119551,Aditya Birla Sun Life Banking & PSU Debt Fund  - DIRECT - IDCW,142.8123,Aditya Birla Sun Life Mutual Fund,Debt Scheme - Banking and PSU Fund
2018-04-13,119551,Aditya Birla Sun Life Banking & PSU Debt Fund  - DIRECT - IDCW,142.8596,Aditya Birla Sun Life Mutual Fund,Debt Scheme - Banking and PSU Fund
2018-04-16,119551,Aditya Birla Sun Life Banking & PSU Debt Fund  - DIRECT - IDCW,142.9083,Aditya Birla Sun Life Mutual Fund,Debt Scheme - Banking and PSU Fund
2018-04-17,119551,Aditya Birla Sun Life Banking & PSU Debt Fund  - DIRECT - IDCW,142.9028,Aditya Birla Sun Life Mutual Fund,Debt Scheme - Banking and PSU Fund
2018-04-18,119551,Aditya Birla Sun Life Banking & PSU Debt Fund  - DIRECT - IDCW,142.8035,Aditya Birla Sun Life Mutual Fund,Debt Scheme - Banking and PSU Fund
2018-04-19,119551,Aditya Birla Sun Life Banking & PSU Debt Fund  - DIRECT - IDCW,142.5817,Aditya Birla Sun Life Mutual Fund,Debt Scheme - Banking and PSU Fund
2018-04-20,119551,Aditya Birla Sun Life Banking & PSU Debt Fund  - DIRECT - IDCW,142.3818,Aditya Birla Sun Life Mutual Fund,Debt Scheme - Banking and PSU Fund
2018-04-23,119551,Aditya Birla Sun Life Banking & PSU Debt Fund  - DIRECT - IDCW,142.3797,Aditya Birla Sun Life Mutual Fund,Debt Scheme - Banking and PSU Fund
2018-04-24,119551,Aditya Birla Sun Life Banking & PSU Debt Fund  - DIRECT - IDCW,142.3569,Aditya Birla Sun Life Mutual Fund,Debt Scheme - Banking and PSU Fund
2018-04-25,119551,Aditya Birla Sun Life Banking & PSU Debt Fund  - DIRECT - IDCW,142.2185,Aditya Birla Sun Life Mutual Fund,Debt Scheme - Banking and PSU Fund
2018-04-26,119551,Aditya Birla Sun Life Banking & PSU Debt Fund  - DIRECT - IDCW,142.1109,Aditya Birla Sun Life Mutual Fund,Debt Scheme - Banking and PSU Fund
2018-04-27,119551,Aditya Birla Sun Life Banking & PSU Debt Fund  - DIRECT - IDCW,142.0784,Aditya Birla Sun Life Mutual Fund,Debt Scheme - Banking and PSU Fund
2018-05-02,119551,Aditya Birla Sun Life Banking & PSU Debt Fund  - DIRECT - IDCW,142.3015,Aditya Birla Sun Life Mutual Fund,Debt Scheme - Banking and PSU Fund
2018-05-03,119551,Aditya Birla Sun Life Banking & PSU Debt Fund  - DIRECT - IDCW,142.3179,Aditya Birla Sun Life Mutual Fund,Debt Scheme - Banking and PSU Fund
2018-05-04,119551,Aditya Birla Sun Life Banking & PSU Debt Fund  - DIRECT - IDCW,142.3165,Aditya Birla Sun Life Mutual Fund,Debt Scheme - Banking and PSU Fund
2018-05-07,119551,Aditya Birla Sun Life Banking & PSU Debt Fund  - DIRECT - IDCW,142.4808,Aditya Birla Sun Life Mutual Fund,Debt Scheme - Banking and PSU Fund
2018-05-08,119551,Aditya Birla Sun Life Banking & PSU Debt Fund  - DIRECT - IDCW,142.5187,Aditya Birla Sun Life Mutual Fund,Debt Scheme - Banking and PSU Fund
2018-05-09,119551,Aditya Birla Sun Life Banking & PSU Debt Fund  - DIRECT - IDCW,142.3563,Aditya Birla Sun Life Mutual Fund,Debt Scheme - Banking and PSU Fund
2018-05-10,119551,Aditya Birla Sun Life Banking & PSU Debt Fund  - DIRECT - IDCW,142.3077,Aditya Birla Sun Life Mutual Fund,Debt Scheme - Banking and PSU Fund
2018-05-11,119551,Aditya Birla Sun Life Banking & PSU Debt Fund  - DIRECT - IDCW,142.2857,Aditya Birla Sun Life Mutual Fund,Debt Scheme - Banking and PSU Fund
2018-05-14,119551,Aditya Birla Sun Life Banking & PSU Debt Fund  - DIRECT - IDCW,142.2398,Aditya Birla Sun Life Mutual Fund,Debt Scheme - Banking and PSU Fund
2018-05-15,119551,Aditya Birla Sun Life Banking & PSU Debt Fund  - DIRECT - IDCW,142.0914,Aditya Birla Sun Life Mutual Fund,Debt Scheme - Banking and PSU Fund
2018-05-16,119551,Aditya Birla Sun Life Banking & PSU Debt Fund  - DIRECT - IDCW,141.9575,Aditya Birla Sun Life Mutual Fund,Debt Scheme - Banking and PSU Fund
2018-05-17,119551,Aditya Birla Sun Life Banking & PSU Debt Fund  - DIRECT - IDCW,141.9005,Aditya Birla Sun Life Mutual Fund,Debt Scheme - Banking and PSU Fund
2018-05-18,119551,Aditya Birla Sun Life Banking & PSU Debt Fund  - DIRECT - IDCW,142.0857,Aditya Birla Sun Life Mutual Fund,Debt Scheme - Banking and PSU Fund
2018-05-21,119551,Aditya Birla Sun Life Banking & PSU Debt Fund  - DIRECT - IDCW,142.1174,Aditya Birla Sun Life Mutual Fund,Debt Scheme - Banking and PSU Fund
2018-05-22,119551,Aditya Birla Sun Life Banking & PSU Debt Fund  - DIRECT - IDCW,142.1472,Aditya Birla Sun Life Mutual Fund,Debt Scheme - Banking and PSU Fund
2018-05-23,119551,Aditya Birla Sun Life Banking & PSU Debt Fund  - DIRECT - IDCW,142.1357,Aditya Birla Sun Life Mutual Fund,Debt Scheme - Banking and PSU Fund
2018-05-24,119551,Aditya Birla Sun Life Banking & PSU Debt Fund  - DIRECT - IDCW,142.1165,Aditya Birla Sun Life Mutual Fund,Debt Scheme - Banking and PSU Fund
2018-05-25,119551,Aditya Birla Sun Life Banking & PSU Debt Fund  - DIRECT - IDCW,142.2487,Aditya Birla Sun Life Mutual Fund,Debt Scheme - Banking and PSU Fund
2018-05-28,119551,Aditya Birla Sun Life Banking & PSU Debt Fund  - DIRECT - IDCW,142.4224,Aditya Birla Sun Life Mutual Fund,Debt Scheme - Banking and PSU Fund
2018-05-29,119551,Aditya Birla Sun Life Banking & PSU Debt Fund  - DIRECT - IDCW,142.4726,Aditya Birla Sun Life Mutual Fund,Debt Scheme - Banking and PSU Fund
2018-05-30,119551,Aditya Birla Sun Life Banking & PSU Debt Fund  - DIRECT - IDCW,142.5296,Aditya Birla Sun Life Mutual Fund,Debt Scheme - Banking and PSU Fund
2018-05-31,119551,Aditya Birla Sun Life Banking & PSU Debt Fund  - DIRECT - IDCW,142.42,Aditya Birla Sun Life Mutual Fund,Debt Scheme - Banking and PSU Fund
2018-06-01,119551,Aditya Birla Sun Life Banking & PSU Debt Fund  - DIRECT - IDCW,142.3674,Aditya Birla Sun Life Mutual Fund,Debt Scheme - Banking and PSU Fund
2018-06-04,119551,Aditya Birla Sun Life Banking & PSU Debt Fund  - DIRECT - IDCW,142.3998,Aditya Birla Sun Life Mutual Fund,Debt Scheme - Banking and PSU Fund
2018-06-05,119551,Aditya Birla Sun Life Banking & PSU Debt Fund  - DIRECT - IDCW,142.4665,Aditya Birla Sun Life Mutual Fund,Debt Scheme - Banking and PSU Fund
2018-06-06,119551,Aditya Birla Sun Life Banking & PSU Debt Fund  - DIRECT - IDCW,142.3972,Aditya Birla Sun Life Mutual Fund,Debt Scheme - Banking and PSU Fund
2018-06-07,119551,Aditya Birla Sun Life Banking & PSU Debt Fund  - DIRECT - IDCW,142.2812,Aditya Birla Sun Life Mutual Fund,Debt Scheme - Banking and PSU Fund
2018-06-08,119551,Aditya Birla Sun Life Banking & PSU Debt Fund  - DIRECT - IDCW,142.4035,Aditya Birla Sun Life Mutual Fund,Debt Scheme - Banking and PSU Fund
2018-06-11,119551,Aditya Birla Sun Life Banking & PSU Debt Fund  - DIRECT - IDCW,142.4551,Aditya Birla Sun Life Mutual Fund,Debt Scheme - Banking and PSU Fund
2018-06-12,119551,Aditya Birla Sun Life Banking & PSU Debt Fund  - DIRECT - IDCW,142.4837,Aditya Birla Sun Life Mutual Fund,Debt Scheme - Banking and PSU Fund
2018-06-13,119551,Aditya Birla Sun Life Banking & PSU Debt Fund  - DIRECT - IDCW,142.5907,Aditya Birla Sun Life Mutual Fund,Debt Scheme - Banking and PSU Fund
2018-06-14,119551,Aditya Birla Sun Life Banking & PSU Debt Fund  - DIRECT - IDCW,142.6874,Aditya Birla Sun Life Mutual Fund,Debt Scheme - Banking and PSU Fund
2018-06-15,119551,Aditya Birla Sun Life Banking & PSU Debt Fund  - DIRECT - IDCW,142.7832,Aditya Birla Sun Life Mutual Fund,Debt Scheme - Banking and PSU Fund
2018-06-18,119551,Aditya Birla Sun Life Banking & PSU Debt Fund  - DIRECT - IDCW,142.9393,Aditya Birla Sun Life Mutual Fund,Debt Scheme - Banking and PSU Fund
2018-06-19,119551,Aditya Birla Sun Life Banking & PSU Debt Fund  - DIRECT - IDCW,142.9936,Aditya Birla Sun Life Mutual Fund,Debt Scheme - Banking and PSU Fund
2018-06-20,119551,Aditya Birla Sun Life Banking & PSU Debt Fund  - DIRECT - IDCW,143.0785,Aditya Birla Sun Life Mutual Fund,Debt Scheme - Banking and PSU Fund
2018-06-21,119551,Aditya Birla Sun Life Banking & PSU Debt Fund  - DIRECT - IDCW,143.2127,Aditya Birla Sun Life Mutual Fund,Debt Scheme - Banking and PSU Fund
2018-06-22,119551,Aditya Birla Sun Life Banking & PSU Debt Fund  - DIRECT - IDCW,143.2155,Aditya Birla Sun Life Mutual Fund,Debt Scheme - Banking and PSU Fund
2018-06-25,119551,Aditya Birla Sun Life Banking & PSU Debt Fund  - DIRECT - IDCW,143.2898,Aditya Birla Sun Life Mutual Fund,Debt Scheme - Banking and PSU Fund
2018-06-26,119551,Aditya Birla Sun Life Banking & PSU Debt Fund  - DIRECT - IDCW,143.3068,Aditya Birla Sun Life Mutual Fund,Debt Scheme - Banking and PSU Fund
2018-06-27,119551,Aditya Birla Sun Life Banking & PSU Debt Fund  - DIRECT - IDCW,143.2581,Aditya Birla Sun Life Mutual Fund,Debt Scheme - Banking and PSU Fund
2018-06-28,119551,Aditya Birla Sun Life Banking & PSU Debt Fund  - DIRECT - IDCW,143.195,Aditya Birla Sun Life Mutual Fund,Debt Scheme - Banking and PSU Fund
2018-06-29,119551,Aditya Birla Sun Life Banking & PSU Debt Fund  - DIRECT - IDCW,143.2428,Aditya Birla Sun Life Mutual Fund,Debt Scheme - Banking and PSU Fund
2018-07-02,119551,Aditya Birla Sun Life Banking & PSU Debt Fund  - DIRECT - IDCW,143.3715,Aditya Birla Sun Life Mutual Fund,Debt Scheme - Banking and PSU Fund
2018-07-03,119551,Aditya Birla Sun Life Banking & PSU Debt Fund  - DIRECT - IDCW,143.418,Aditya Birla Sun Life Mutual Fund,Debt Scheme - Banking and PSU Fund
2018-07-04,119551,Aditya Birla Sun Life Banking & PSU Debt Fund  - DIRECT - IDCW,143.5283,Aditya Birla Sun Life Mutual Fund,Debt Scheme - Banking and PSU Fund
2018-07-05,119551,Aditya Birla Sun Life Banking & PSU Debt Fund  - DIRECT - IDCW,143.5272,Aditya Birla Sun Life Mutual Fund,Debt Scheme - Banking and PSU Fund
2018-07-06,119551,Aditya Birla Sun Life Banking & PSU Debt Fund  - DIRECT - IDCW,143.5656,Aditya Birla Sun Life Mutual Fund,Debt Scheme - Banking and PSU Fund
2018-07-09,119551,Aditya Birla Sun Life Banking & PSU Debt Fund  - DIRECT - IDCW,143.6666,Aditya Birla Sun Life Mutual Fund,Debt Scheme - Banking and PSU Fund
2018-07-10,119551,Aditya Birla Sun Life Banking & PSU Debt Fund  - DIRECT - IDCW,143.7153,Aditya Birla Sun Life Mutual Fund,Debt Scheme - Banking and PSU Fund
2018-07-11,119551,Aditya Birla Sun Life Banking & PSU Debt Fund  - DIRECT - IDCW,143.7636,Aditya Birla Sun Life Mutual Fund,Debt Scheme - Banking and PSU Fund
2018-07-12,119551,Aditya Birla Sun Life Banking & PSU Debt Fund  - DIRECT - IDCW,143.9137,Aditya Birla Sun Life Mutual Fund,Debt Scheme - Banking and PSU Fund
2018-07-13,119551,Aditya Birla Sun Life Banking & PSU Debt Fund  - DIRECT - IDCW,143.9932,Aditya Birla Sun Life Mutual Fund,Debt Scheme - Banking and PSU Fund
2018-07-16,119551,Aditya Birla Sun Life Banking & PSU Debt Fund  - DIRECT - IDCW,144.0332,Aditya Birla Sun Life Mutual Fund,Debt Scheme - Banking and PSU Fund
2018-07-17,119551,Aditya Birla Sun Life Banking & PSU Debt Fund  - DIRECT - IDCW,144.1534,Aditya Birla Sun Life Mutual Fund,Debt Scheme - Banking and PSU Fund
2018-07-18,119551,Aditya Birla Sun Life Banking & PSU Debt Fund  - DIRECT - IDCW,144.1784,Aditya Birla Sun Life Mutual Fund,Debt Scheme - Banking and PSU Fund
2018-07-19,119551,Aditya Birla Sun Life Banking & PSU Debt Fund  - DIRECT - IDCW,144.1604,Aditya Birla Sun Life Mutual Fund,Debt Scheme - Banking and PSU Fund
2018-07-20,119551,Aditya Birla Sun Life Banking & PSU Debt Fund  - DIRECT - IDCW,144.1651,Aditya Birla Sun Life Mutual Fund,Debt Scheme - Banking and PSU Fund
2018-07-23,119551,Aditya Birla Sun Life Banking & PSU Debt Fund  - DIRECT - IDCW,144.2217,Aditya Birla Sun Life Mutual Fund,Debt Scheme - Banking and PSU Fund
2018-07-24,119551,Aditya Birla Sun Life Banking & PSU Debt Fund  - DIRECT - IDCW,144.2543,Aditya Birla Sun Life Mutual Fund,Debt Scheme - Banking and PSU Fund
2018-07-25,119551,Aditya Birla Sun Life Banking & PSU Debt Fund  - DIRECT - IDCW,144.2857,Aditya Birla Sun Life Mutual Fund,Debt Scheme - Banking and PSU Fund
2018-07-26,119551,Aditya Birla Sun Life Banking & PSU Debt Fund  - DIRECT - IDCW,144.3561,Aditya Birla Sun Life Mutual Fund,Debt Scheme - Banking and PSU Fund
2018-07-27,119551,Aditya Birla Sun Life Banking & PSU Debt Fund  - DIRECT - IDCW,144.3967,Aditya Birla Sun Life Mutual Fund,Debt Scheme - Banking and PSU Fund
2018-07-30,119551,Aditya Birla Sun Life Banking & PSU Debt Fund  - DIRECT - IDCW,144.4708,Aditya Birla Sun Life Mutual Fund,Debt Scheme - Banking and PSU Fund
2018-07-31,119551,Aditya Birla Sun Life Banking & PSU Debt Fund  - DIRECT - IDCW,144.5473,Aditya Birla Sun Life Mutual Fund,Debt Scheme - Banking and PSU Fund
2018-08-01,119551,Aditya Birla Sun Life Banking & PSU Debt Fund  - DIRECT - IDCW,144.6898,Aditya Birla Sun Life Mutual Fund,Debt Scheme - Banking and PSU Fund
2018-08-02,119551,Aditya Birla Sun Life Banking & PSU Debt Fund  - DIRECT - IDCW,144.717,Aditya Birla Sun Life Mutual Fund,Debt Scheme - Banking and PSU Fund
2018-08-03,119551,Aditya Birla Sun Life Banking & PSU Debt Fund  - DIRECT - IDCW,144.6829,Aditya Birla Sun Life Mutual Fund,Debt Scheme - Banking and PSU Fund
2018-08-06,119551,Aditya Birla Sun Life Banking & PSU Debt Fund  - DIRECT - IDCW,144.7287,Aditya Birla Sun Life Mutual Fund,Debt Scheme - Banking and PSU Fund
2018-08-07,119551,Aditya Birla Sun Life Banking & PSU Debt Fund  - DIRECT - IDCW,144.736,Aditya Birla Sun Life Mutual Fund,Debt Scheme - Banking and PSU Fund
2018-08-08,119551,Aditya Birla Sun Life Banking & PSU Debt Fund  - DIRECT - IDCW,144.7751,Aditya Birla Sun Life Mutual Fund,Debt Scheme - Banking and PSU Fund
2018-08-09,119551,Aditya Birla Sun Life Banking & PSU Debt Fund  - DIRECT - IDCW,144.8547,Aditya Birla Sun Life Mutual Fund,Debt Scheme - Banking and PSU Fund
2018-08-10,119551,Aditya Birla Sun Life Banking & PSU Debt Fund  - DIRECT - IDCW,144.8834,Aditya Birla Sun Life Mutual Fund,Debt Scheme - Banking and PSU Fund
2018-08-13,119551,Aditya Birla Sun Life Banking & PSU Debt Fund  - DIRECT - IDCW,144.8638,Aditya Birla Sun Life Mutual Fund,Debt Scheme - Banking and PSU Fund
2018-08-14,119551,Aditya Birla Sun Life Banking & PSU Debt Fund  - DIRECT - IDCW,144.8983,Aditya Birla Sun Life Mutual Fund,Debt Scheme - Banking and PSU Fund
2018-08-16,119551,Aditya Birla Sun Life Banking & PSU Debt Fund  - DIRECT - IDCW,144.8889,Aditya Birla Sun Life Mutual Fund,Debt Scheme - Banking and PSU Fund
2018-08-20,119551,Aditya Birla Sun Life Banking & PSU Debt Fund  - DIRECT - IDCW,145.0363,Aditya Birla Sun Life Mutual Fund,Debt Scheme - Banking and PSU Fund
2018-08-21,119551,Aditya Birla Sun Life Banking & PSU Debt Fund  - DIRECT - IDCW,145.0737,Aditya Birla Sun Life Mutual Fund,Debt Scheme - Banking and PSU Fund
2018-08-23,119551,Aditya Birla Sun Life Banking & PSU Debt Fund  - DIRECT - IDCW,145.063,Aditya Birla Sun Life Mutual Fund,Debt Scheme - Banking and PSU Fund
2018-08-24,119551,Aditya Birla Sun Life Banking & PSU Debt Fund  - DIRECT - IDCW,145.0713,Aditya Birla Sun Life Mutual Fund,Debt Scheme - Banking and PSU Fund
2018-08-27,119551,Aditya Birla Sun Life Banking & PSU Debt Fund  - DIRECT - IDCW,145.1487,Aditya Birla Sun Life Mutual Fund,Debt Scheme - Banking and PSU Fund
2018-08-28,119551,Aditya Birla Sun Life Banking & PSU Debt Fund  - DIRECT - IDCW,145.1743,Aditya Birla Sun Life Mutual Fund,Debt Scheme - Banking and PSU Fund
2018-08-29,119551,Aditya Birla Sun Life Banking & PSU Debt Fund  - DIRECT - IDCW,145.1777,Aditya Birla Sun Life Mutual Fund,Debt Scheme - Banking and PSU Fund
2018-08-30,119551,Aditya Birla Sun Life Banking & PSU Debt Fund  - DIRECT - IDCW,145.153,Aditya Birla Sun Life Mutual Fund,Debt Scheme - Banking and PSU Fund
2018-08-31,119551,Aditya Birla Sun Life Banking & PSU Debt Fund  - DIRECT - IDCW,145.157,Aditya Birla Sun Life Mutual Fund,Debt Scheme - Banking and PSU Fund
2018-09-03,119551,Aditya Birla Sun Life Banking & PSU Debt Fund  - DIRECT - IDCW,145.1981,Aditya Birla Sun Life Mutual Fund,Debt Scheme - Banking and PSU Fund
2018-09-04,119551,Aditya Birla Sun Life Banking & PSU Debt Fund  - DIRECT - IDCW,145.091,Aditya Birla Sun Life Mutual Fund,Debt Scheme - Banking and PSU Fund
2018-09-05,119551,Aditya Birla Sun Life Banking & PSU Debt Fund  - DIRECT - IDCW,145.064,Aditya Birla Sun Life Mutual Fund,Debt Scheme - Banking and PSU Fund
2018-09-06,119551,Aditya Birla Sun Life Banking & PSU Debt Fund  - DIRECT - IDCW,145.0798,Aditya Birla Sun Life Mutual Fund,Debt Scheme - Banking and PSU Fund
2018-09-07,119551,Aditya Birla Sun Life Banking & PSU Debt Fund  - DIRECT - IDCW,145.1503,Aditya Birla Sun Life Mutual Fund,Debt Scheme - Banking and PSU Fund
2018-09-10,119551,Aditya Birla Sun Life Banking & PSU Debt Fund  - DIRECT - IDCW,145.0029,Aditya Birla Sun Life Mutual Fund,Debt Scheme - Banking and PSU Fund
2018-09-11,119551,Aditya Birla Sun Life Banking & PSU Debt Fund  - DIRECT - IDCW,144.9724,Aditya Birla Sun Life Mutual Fund,Debt Scheme - Banking and PSU Fund
2018-09-12,119551,Aditya Birla Sun Life Banking & PSU Debt Fund  - DIRECT - IDCW,144.9921,Aditya Birla Sun Life Mutual Fund,Debt Scheme - Banking and PSU Fund
2018-09-14,119551,Aditya Birla Sun Life Banking & PSU Debt Fund  - DIRECT - IDCW,145.0718,Aditya Birla Sun Life Mutual Fund,Debt Scheme - Banking and PSU Fund
2018-09-17,119551,Aditya Birla Sun Life Banking & PSU Debt Fund  - DIRECT - IDCW,145.1591,Aditya Birla Sun Life Mutual Fund,Debt Scheme - Banking and PSU Fund
2018-09-18,119551,Aditya Birla Sun Life Banking & PSU Debt Fund  - DIRECT - IDCW,145.1769,Aditya Birla Sun Life Mutual Fund,Debt Scheme - Banking and PSU Fund
2018-09-19,119551,Aditya Birla Sun Life Banking & PSU Debt Fund  - DIRECT - IDCW,145.2511,Aditya Birla Sun Life Mutual Fund,Debt Scheme - Banking and PSU Fund
2018-09-21,119551,Aditya Birla Sun Life Banking & PSU Debt Fund  - DIRECT - IDCW,145.2703,Aditya Birla Sun Life Mutual Fund,Debt Scheme - Banking and PSU Fund
2018-09-24,119551,Aditya Birla Sun Life Banking & PSU Debt Fund  - DIRECT - IDCW,145.129,Aditya Birla Sun Life Mutual Fund,Debt Scheme - Banking and PSU Fund
2018-09-25,119551,Aditya Birla Sun Life Banking & PSU Debt Fund  - DIRECT - IDCW,145.0404,Aditya Birla Sun Life Mutual Fund,Debt Scheme - Banking and PSU Fund
2018-09-26,119551,Aditya Birla Sun Life Banking & PSU Debt Fund  - DIRECT - IDCW,145.1397,Aditya Birla Sun Life Mutual Fund,Debt Scheme - Banking and PSU Fund
2018-09-27,119551,Aditya Birla Sun Life Banking & PSU Debt Fund  - DIRECT - IDCW,145.5014,Aditya Birla Sun Life Mutual Fund,Debt Scheme - Banking and PSU Fund
2018-09-28,119551,Aditya Birla Sun Life Banking & PSU Debt Fund  - DIRECT - IDCW,145.6347,Aditya Birla Sun Life Mutual Fund,Debt Scheme - Banking and PSU Fund
2018-10-01,119551,Aditya Birla Sun Life Banking & PSU Debt Fund  - DIRECT - IDCW,145.82,Aditya Birla Sun Life Mutual Fund,Debt Scheme - Banking and PSU Fund
2018-10-03,119551,Aditya Birla Sun Life Banking & PSU Debt Fund  - DIRECT - IDCW,145.7273,Aditya Birla Sun Life Mutual Fund,Debt Scheme - Banking and PSU Fund
2018-10-04,119551,Aditya Birla Sun Life Banking & PSU Debt Fund  - DIRECT - IDCW,145.5923,Aditya Birla Sun Life Mutual Fund,Debt Scheme - Banking and PSU Fund
2018-10-05,119551,Aditya Birla Sun Life Banking & PSU Debt Fund  - DIRECT - IDCW,145.947,Aditya Birla Sun Life Mutual Fund,Debt Scheme - Banking and PSU Fund
2018-10-08,119551,Aditya Birla Sun Life Banking & PSU Debt Fund  - DIRECT - IDCW,146.0791,Aditya Birla Sun Life Mutual Fund,Debt Scheme - Banking and PSU Fund
2018-10-09,119551,Aditya Birla Sun Life Banking & PSU Debt Fund  - DIRECT - IDCW,145.9393,Aditya Birla Sun Life Mutual Fund,Debt Scheme - Banking and PSU Fund
2018-10-10,119551,Aditya Birla Sun Life Banking & PSU Debt Fund  - DIRECT - IDCW,145.9908,Aditya Birla Sun Life Mutual Fund,Debt Scheme - Banking and PSU Fund
2018-10-11,119551,Aditya Birla Sun Life Banking & PSU Debt Fund  - DIRECT - IDCW,146.0455,Aditya Birla Sun Life Mutual Fund,Debt Scheme - Banking and PSU Fund
2018-10-12,119551,Aditya Birla Sun Life Banking & PSU Debt Fund  - DIRECT - IDCW,146.0817,Aditya Birla Sun Life Mutual Fund,Debt Scheme - Banking and PSU Fund
2018-10-15,119551,Aditya Birla Sun Life Banking & PSU Debt Fund  - DIRECT - IDCW,146.2801,Aditya Birla Sun Life Mutual Fund,Debt Scheme - Banking and PSU Fund
2018-10-16,119551,Aditya Birla Sun Life Banking & PSU Debt Fund  - DIRECT - IDCW,146.3846,Aditya Birla Sun Life Mutual Fund,Debt Scheme - Banking and PSU Fund
2018-10-17,119551,Aditya Birla Sun Life Banking & PSU Debt Fund  - DIRECT - IDCW,146.3738,Aditya Birla Sun Life Mutual Fund,Debt Scheme - Banking and PSU Fund
2018-10-19,119551,Aditya Birla Sun Life Banking & PSU Debt Fund  - DIRECT - IDCW,146.4328,Aditya Birla Sun Life Mutual Fund,Debt Scheme - Banking and PSU Fund
2018-10-22,119551,Aditya Birla Sun Life Banking & PSU Debt Fund  - DIRECT - IDCW,146.5009,Aditya Birla Sun Life Mutual Fund,Debt Scheme - Banking and PSU Fund
2018-10-23,119551,Aditya Birla Sun Life Banking & PSU Debt Fund  - DIRECT - IDCW,146.5481,Aditya Birla Sun Life Mutual Fund,Debt Scheme - Banking and PSU Fund
2018-10-24,119551,Aditya Birla Sun Life Banking & PSU Debt Fund  - DIRECT - IDCW,146.6004,Aditya Birla Sun Life Mutual Fund,Debt Scheme - Banking and PSU Fund
2018-10-25,119551,Aditya Birla Sun Life Banking & PSU Debt Fund  - DIRECT - IDCW,146.6004,Aditya Birla Sun Life Mutual Fund,Debt Scheme - Banking and PSU Fund
2018-10-26,119551,Aditya Birla Sun Life Banking & PSU Debt Fund  - DIRECT - IDCW,146.59,Aditya Birla Sun Life Mutual Fund,Debt Scheme - Banking and PSU Fund
2018-10-29,119551,Aditya Birla Sun Life Banking & PSU Debt Fund  - DIRECT - IDCW,146.7445,Aditya Birla Sun Life Mutual Fund,Debt Scheme - Banking and PSU Fund
2018-10-30,119551,Aditya Birla Sun Life Banking & PSU Debt Fund  - DIRECT - IDCW,146.7452,Aditya Birla Sun Life Mutual Fund,Debt Scheme - Banking and PSU Fund
2018-10-31,119551,Aditya Birla Sun Life Banking & PSU Debt Fund  - DIRECT - IDCW,146.7339,Aditya Birla Sun Life Mutual Fund,Debt Scheme - Banking and PSU Fund
2018-11-01,119551,Aditya Birla Sun Life Banking & PSU Debt Fund  - DIRECT - IDCW,146.8128,Aditya Birla Sun Life Mutual Fund,Debt Scheme - Banking and PSU Fund
2018-11-02,119551,Aditya Birla Sun Life Banking & PSU Debt Fund  - DIRECT - IDCW,146.9597,Aditya Birla Sun Life Mutual Fund,Debt Scheme - Banking and PSU Fund
2018-11-05,119551,Aditya Birla Sun Life Banking & PSU Debt Fund  - DIRECT - IDCW,147.0216,Aditya Birla Sun Life Mutual Fund,Debt Scheme - Banking and PSU Fund
2018-11-06,119551,Aditya Birla Sun Life Banking & PSU Debt Fund  - DIRECT - IDCW,147.0712,Aditya Birla Sun Life Mutual Fund,Debt Scheme - Banking and PSU Fund
2018-11-09,119551,Aditya Birla Sun Life Banking & PSU Debt Fund  - DIRECT - IDCW,147.2208,Aditya Birla Sun Life Mutual Fund,Debt Scheme - Banking and PSU Fund
2018-11-12,119551,Aditya Birla Sun Life Banking & PSU Debt Fund  - DIRECT - IDCW,147.2561,Aditya Birla Sun Life Mutual Fund,Debt Scheme - Banking and PSU Fund
2018-11-13,119551,Aditya Birla Sun Life Banking & PSU Debt Fund  - DIRECT - IDCW,147.3771,Aditya Birla Sun Life Mutual Fund,Debt Scheme - Banking and PSU Fund
2018-11-14,119551,Aditya Birla Sun Life Banking & PSU Debt Fund  - DIRECT - IDCW,147.492,Aditya Birla Sun Life Mutual Fund,Debt Scheme - Banking and PSU Fund
2018-11-15,119551,Aditya Birla Sun Life Banking & PSU Debt Fund  - DIRECT - IDCW,147.5302,Aditya Birla Sun Life Mutual Fund,Debt Scheme - Banking and PSU Fund
2018-11-16,119551,Aditya Birla Sun Life Banking & PSU Debt Fund  - DIRECT - IDCW,147.4611,Aditya Birla Sun Life Mutual Fund,Debt Scheme - Banking and PSU Fund
2018-11-19,119551,Aditya Birla Sun Life Banking & PSU Debt Fund  - DIRECT - IDCW,147.5923,Aditya Birla Sun Life Mutual Fund,Debt Scheme - Banking and PSU Fund
2018-11-20,119551,Aditya Birla Sun Life Banking & PSU Debt Fund  - DIRECT - IDCW,147.635,Aditya Birla Sun Life Mutual Fund,Debt Scheme - Banking and PSU Fund
2018-11-22,119551,Aditya Birla Sun Life Banking & PSU Debt Fund  - DIRECT - IDCW,147.8603,Aditya Birla Sun Life Mutual Fund,Debt Scheme - Banking and PSU Fund
2018-11-26,119551,Aditya Birla Sun Life Banking & PSU Debt Fund  - DIRECT - IDCW,147.9388,Aditya Birla Sun Life Mutual Fund,Debt Scheme - Banking and PSU Fund
2018-11-27,119551,Aditya Birla Sun Life Banking & PSU Debt Fund  - DIRECT - IDCW,147.9633,Aditya Birla Sun Life Mutual Fund,Debt Scheme - Banking and PSU Fund
2018-11-28,119551,Aditya Birla Sun Life Banking & PSU Debt Fund  - DIRECT - IDCW,148.1433,Aditya Birla Sun Life Mutual Fund,Debt Scheme - Banking and PSU Fund
2018-11-29,119551,Aditya Birla Sun Life Banking & PSU Debt Fund  - DIRECT - IDCW,148.2735,Aditya Birla Sun Life Mutual Fund,Debt Scheme - Banking and PSU Fund
2018-11-30,119551,Aditya Birla Sun Life Banking & PSU Debt Fund  - DIRECT - IDCW,148.3579,Aditya Birla Sun Life Mutual Fund,Debt Scheme - Banking and PSU Fund
2018-12-03,119551,Aditya Birla Sun Life Banking & PSU Debt Fund  - DIRECT - IDCW,148.4128,Aditya Birla Sun Life Mutual Fund,Debt Scheme - Banking and PSU Fund
2018-12-04,119551,Aditya Birla Sun Life Banking & PSU Debt Fund  - DIRECT - IDCW,148.5429,Aditya Birla Sun Life Mutual Fund,Debt Scheme - Banking and PSU Fund
2018-12-05,119551,Aditya Birla Sun Life Banking & PSU Debt Fund  - DIRECT - IDCW,148.846,Aditya Birla Sun Life Mutual Fund,Debt Scheme - Banking and PSU Fund
2018-12-06,119551,Aditya Birla Sun Life Banking & PSU Debt Fund  - DIRECT - IDCW,149.0535,Aditya Birla Sun Life Mutual Fund,Debt Scheme - Banking and PSU Fund
2018-12-07,119551,Aditya Birla Sun Life Banking & PSU Debt Fund  - DIRECT - IDCW,149.0015,Aditya Birla Sun Life Mutual Fund,Debt Scheme - Banking and PSU Fund
2018-12-10,119551,Aditya Birla Sun Life Banking & PSU Debt Fund  - DIRECT - IDCW,148.7642,Aditya Birla Sun Life Mutual Fund,Debt Scheme - Banking and PSU Fund
2018-12-11,119551,Aditya Birla Sun Life Banking & PSU Debt Fund  - DIRECT - IDCW,148.8009,Aditya Birla Sun Life Mutual Fund,Debt Scheme - Banking and PSU Fund
2018-12-12,119551,Aditya Birla Sun Life Banking & PSU Debt Fund  - DIRECT - IDCW,149.0278,Aditya Birla Sun Life Mutual Fund,Debt Scheme - Banking and PSU Fund
2018-12-13,119551,Aditya Birla Sun Life Banking & PSU Debt Fund  - DIRECT - IDCW,149.0154,Aditya Birla Sun Life Mutual Fund,Debt Scheme - Banking and PSU Fund
2018-12-14,119551,Aditya Birla Sun Life Banking & PSU Debt Fund  - DIRECT - IDCW,148.9564,Aditya Birla Sun Life Mutual Fund,Debt Scheme - Banking and PSU Fund
2018-12-17,119551,Aditya Birla Sun Life Banking & PSU Debt Fund  - DIRECT - IDCW,149.0283,Aditya Birla Sun Life Mutual Fund,Debt Scheme - Banking and PSU Fund
2018-12-18,119551,Aditya Birla Sun Life Banking & PSU Debt Fund  - DIRECT - IDCW,149.195,Aditya Birla Sun Life Mutual Fund,Debt Scheme - Banking and PSU Fund
2018-12-19,119551,Aditya Birla Sun Life Banking & PSU Debt Fund  - DIRECT - IDCW,149.5278,Aditya Birla Sun Life Mutual Fund,Debt Scheme - Banking and PSU Fund
2018-12-20,119551,Aditya Birla Sun Life Banking & PSU Debt Fund  - DIRECT - IDCW,149.5464,Aditya Birla Sun Life Mutual Fund,Debt Scheme - Banking and PSU Fund
2018-12-21,119551,Aditya Birla Sun Life Banking & PSU Debt Fund  - DIRECT - IDCW,149.563,Aditya Birla Sun Life Mutual Fund,Debt Scheme - Banking and PSU Fund
2018-12-24,119551,Aditya Birla Sun Life Banking & PSU Debt Fund  - DIRECT - IDCW,149.6544,Aditya Birla Sun Life Mutual Fund,Debt Scheme - Banking and PSU Fund
2018-12-26,119551,Aditya Birla Sun Life Banking & PSU Debt Fund  - DIRECT - IDCW,149.8596,Aditya Birla Sun Life Mutual Fund,Debt Scheme - Banking and PSU Fund
2018-12-27,119551,Aditya Birla Sun Life Banking & PSU Debt Fund  - DIRECT - IDCW,149.9247,Aditya Birla Sun Life Mutual Fund,Debt Scheme - Banking and PSU Fund
2018-12-28,119551,Aditya Birla Sun Life Banking & PSU Debt Fund  - DIRECT - IDCW,149.7844,Aditya Birla Sun Life Mutual Fund,Debt Scheme - Banking and PSU Fund
2018-12-31,119551,Aditya Birla Sun Life Banking & PSU Debt Fund  - DIRECT - IDCW,149.9206,Aditya Birla Sun Life Mutual Fund,Debt Scheme - Banking and PSU Fund
2019-01-01,119551,Aditya Birla Sun Life Banking & PSU Debt Fund  - DIRECT - IDCW,149.8452,Aditya Birla Sun Life Mutual Fund,Debt Scheme - Banking and PSU Fund
2019-01-02,119551,Aditya Birla Sun Life Banking & PSU Debt Fund  - DIRECT - IDCW,149.9431,Aditya Birla Sun Life Mutual Fund,Debt Scheme - Banking and PSU Fund
2019-01-03,119551,Aditya Birla Sun Life Banking & PSU Debt Fund  - DIRECT - IDCW,149.8859,Aditya Birla Sun Life Mutual Fund,Debt Scheme - Banking and PSU Fund
2019-01-04,119551,Aditya Birla Sun Life Banking & PSU Debt Fund  - DIRECT - IDCW,149.8954,Aditya Birla Sun Life Mutual Fund,Debt Scheme - Banking and PSU Fund
2019-01-07,119551,Aditya Birla Sun Life Banking & PSU Debt Fund  - DIRECT - IDCW,149.9279,Aditya Birla Sun Life Mutual Fund,Debt Scheme - Banking and PSU Fund
2019-01-08,119551,Aditya Birla Sun Life Banking & PSU Debt Fund  - DIRECT - IDCW,150.0955,Aditya Birla Sun Life Mutual Fund,Debt Scheme - Banking and PSU Fund
2019-01-09,119551,Aditya Birla Sun Life Banking & PSU Debt Fund  - DIRECT - IDCW,150.1373,Aditya Birla Sun Life Mutual Fund,Debt Scheme - Banking and PSU Fund
2019-01-10,119551,Aditya Birla Sun Life Banking & PSU Debt Fund  - DIRECT - IDCW,150.1803,Aditya Birla Sun Life Mutual Fund,Debt Scheme - Banking and PSU Fund
2019-01-11,119551,Aditya Birla Sun Life Banking & PSU Debt Fund  - DIRECT - IDCW,150.2791,Aditya Birla Sun Life Mutual Fund,Debt Scheme - Banking and PSU Fund
2019-01-14,119551,Aditya Birla Sun Life Banking & PSU Debt Fund  - DIRECT - IDCW,150.456,Aditya Birla Sun Life Mutual Fund,Debt Scheme - Banking and PSU Fund
2019-01-15,119551,Aditya Birla Sun Life Banking & PSU Debt Fund  - DIRECT - IDCW,150.4854,Aditya Birla Sun Life Mutual Fund,Debt Scheme - Banking and PSU Fund
2019-01-16,119551,Aditya Birla Sun Life Banking & PSU Debt Fund  - DIRECT - IDCW,150.4555,Aditya Birla Sun Life Mutual Fund,Debt Scheme - Banking and PSU Fund
2019-01-17,119551,Aditya Birla Sun Life Banking & PSU Debt Fund  - DIRECT - IDCW,150.4768,Aditya Birla Sun Life Mutual Fund,Debt Scheme - Banking and PSU Fund
2019-01-18,119551,Aditya Birla Sun Life Banking & PSU Debt Fund  - DIRECT - IDCW,150.4759,Aditya Birla Sun Life Mutual Fund,Debt Scheme - Banking and PSU Fund
2019-01-21,119551,Aditya Birla Sun Life Banking & PSU Debt Fund  - DIRECT - IDCW,150.3954,Aditya Birla Sun Life Mutual Fund,Debt Scheme - Banking and PSU Fund
2019-01-22,119551,Aditya Birla Sun Life Banking & PSU Debt Fund  - DIRECT - IDCW,150.5028,Aditya Birla Sun Life Mutual Fund,Debt Scheme - Banking and PSU Fund
2019-01-23,119551,Aditya Birla Sun Life Banking & PSU Debt Fund  - DIRECT - IDCW,150.5101,Aditya Birla Sun Life Mutual Fund,Debt Scheme - Banking and PSU Fund
2019-01-24,119551,Aditya Birla Sun Life Banking & PSU Debt Fund  - DIRECT - IDCW,150.5348,Aditya Birla Sun Life Mutual Fund,Debt Scheme - Banking and PSU Fund
2019-01-25,119551,Aditya Birla Sun Life Banking & PSU Debt Fund  - DIRECT - IDCW,150.5547,Aditya Birla Sun Life Mutual Fund,Debt Scheme - Banking and PSU Fund
2019-01-28,119551,Aditya Birla Sun Life Banking & PSU Debt Fund  - DIRECT - IDCW,150.6576,Aditya Birla Sun Life Mutual Fund,Debt Scheme - Banking and PSU Fund
2019-01-29,119551,Aditya Birla Sun Life Banking & PSU Debt Fund  - DIRECT - IDCW,150.6845,Aditya Birla Sun Life Mutual Fund,Debt Scheme - Banking and PSU Fund
2019-01-30,119551,Aditya Birla Sun Life Banking & PSU Debt Fund  - DIRECT - IDCW,150.6693,Aditya Birla Sun Life Mutual Fund,Debt Scheme - Banking and PSU Fund
2019-01-31,119551,Aditya Birla Sun Life Banking & PSU Debt Fund  - DIRECT - IDCW,150.7049,Aditya Birla Sun Life Mutual Fund,Debt Scheme - Banking and PSU Fund
2019-02-01,119551,Aditya Birla Sun Life Banking & PSU Debt Fund  - DIRECT - IDCW,150.5492,Aditya Birla Sun Life Mutual Fund,Debt Scheme - Banking and PSU Fund
2019-02-04,119551,Aditya Birla Sun Life Banking & PSU Debt Fund  - DIRECT - IDCW,150.5633,Aditya Birla Sun Life Mutual Fund,Debt Scheme - Banking and PSU Fund
2019-02-05,119551,Aditya Birla Sun Life Banking & PSU Debt Fund  - DIRECT - IDCW,150.5966,Aditya Birla Sun Life Mutual Fund,Debt Scheme - Banking and PSU Fund
2019-02-06,119551,Aditya Birla Sun Life Banking & PSU Debt Fund  - DIRECT - IDCW,150.6666,Aditya Birla Sun Life Mutual Fund,Debt Scheme - Banking and PSU Fund
2019-02-07,119551,Aditya Birla Sun Life Banking & PSU Debt Fund  - DIRECT - IDCW,150.9077,Aditya Birla Sun Life Mutual Fund,Debt Scheme - Banking and PSU Fund
2019-02-08,119551,Aditya Birla Sun Life Banking & PSU Debt Fund  - DIRECT - IDCW,151.009,Aditya Birla Sun Life Mutual Fund,Debt Scheme - Banking and PSU Fund
2019-02-11,119551,Aditya Birla Sun Life Banking & PSU Debt Fund  - DIRECT - IDCW,151.0908,Aditya Birla Sun Life Mutual Fund,Debt Scheme - Banking and PSU Fund
2019-02-12,119551,Aditya Birla Sun Life Banking & PSU Debt Fund  - DIRECT - IDCW,151.05,Aditya Birla Sun Life Mutual Fund,Debt Scheme - Banking and PSU Fund
2019-02-13,119551,Aditya Birla Sun Life Banking & PSU Debt Fund  - DIRECT - IDCW,151.3451,Aditya Birla Sun Life Mutual Fund,Debt Scheme - Banking and PSU Fund
2019-02-14,119551,Aditya Birla Sun Life Banking & PSU Debt Fund  - DIRECT - IDCW,151.2698,Aditya Birla Sun Life Mutual Fund,Debt Scheme - Banking and PSU Fund
2019-02-15,119551,Aditya Birla Sun Life Banking & PSU Debt Fund  - DIRECT - IDCW,151.1932,Aditya Birla Sun Life Mutual Fund,Debt Scheme - Banking and PSU Fund
2019-02-18,119551,Aditya Birla Sun Life Banking & PSU Debt Fund  - DIRECT - IDCW,151.131,Aditya Birla Sun Life Mutual Fund,Debt Scheme - Banking and PSU Fund
2019-02-20,119551,Aditya Birla Sun Life Banking & PSU Debt Fund  - DIRECT - IDCW,151.2149,Aditya Birla Sun Life Mutual Fund,Debt Scheme - Banking and PSU Fund
2019-02-21,119551,Aditya Birla Sun Life Banking & PSU Debt Fund  - DIRECT - IDCW,151.2293,Aditya Birla Sun Life Mutual Fund,Debt Scheme - Banking and PSU Fund
2019-02-22,119551,Aditya Birla Sun Life Banking & PSU Debt Fund  - DIRECT - IDCW,151.2599,Aditya Birla Sun Life Mutual Fund,Debt Scheme - Banking and PSU Fund
2019-02-25,119551,Aditya Birla Sun Life Banking & PSU Debt Fund  - DIRECT - IDCW,151.3599,Aditya Birla Sun Life Mutual Fund,Debt Scheme - Banking and PSU Fund
2019-02-26,119551,Aditya Birla Sun Life Banking & PSU Debt Fund  - DIRECT - IDCW,151.362,Aditya Birla Sun Life Mutual Fund,Debt Scheme - Banking and PSU Fund
2019-02-27,119551,Aditya Birla Sun Life Banking & PSU Debt Fund  - DIRECT - IDCW,151.2991,Aditya Birla Sun Life Mutual Fund,Debt Scheme - Banking and PSU Fund
2019-02-28,119551,Aditya Birla Sun Life Banking & PSU Debt Fund  - DIRECT - IDCW,151.357,Aditya Birla Sun Life Mutual Fund,Debt Scheme - Banking and PSU Fund
2019-03-01,119551,Aditya Birla Sun Life Banking & PSU Debt Fund  - DIRECT - IDCW,151.443,Aditya Birla Sun Life Mutual Fund,Debt Scheme - Banking and PSU Fund
2019-03-05,119551,Aditya Birla Sun Life Banking & PSU Debt Fund  - DIRECT - IDCW,151.6357,Aditya Birla Sun Life Mutual Fund,Debt Scheme - Banking and PSU Fund
2019-03-06,119551,Aditya Birla Sun Life Banking & PSU Debt Fund  - DIRECT - IDCW,151.7285,Aditya Birla Sun Life Mutual Fund,Debt Scheme - Banking and PSU Fund
2019-03-07,119551,Aditya Birla Sun Life Banking & PSU Debt Fund  - DIRECT - IDCW,151.8551,Aditya Birla Sun Life Mutual Fund,Debt Scheme - Banking and PSU Fund
2019-03-08,119551,Aditya Birla Sun Life Banking & PSU Debt Fund  - DIRECT - IDCW,151.9735,Aditya Birla Sun Life Mutual Fund,Debt Scheme - Banking and PSU Fund
2019-03-11,119551,Aditya Birla Sun Life Banking & PSU Debt Fund  - DIRECT - IDCW,152.1524,Aditya Birla Sun Life Mutual Fund,Debt Scheme - Banking and PSU Fund
2019-03-12,119551,Aditya Birla Sun Life Banking & PSU Debt Fund  - DIRECT - IDCW,152.2662,Aditya Birla Sun Life Mutual Fund,Debt Scheme - Banking and PSU Fund
2019-03-13,119551,Aditya Birla Sun Life Banking & PSU Debt Fund  - DIRECT - IDCW,152.2831,Aditya Birla Sun Life Mutual Fund,Debt Scheme - Banking and PSU Fund
2019-03-14,119551,Aditya Birla Sun Life Banking & PSU Debt Fund  - DIRECT - IDCW,152.4552,Aditya Birla Sun Life Mutual Fund,Debt Scheme - Banking and PSU Fund
2019-03-15,119551,Aditya Birla Sun Life Banking & PSU Debt Fund  - DIRECT - IDCW,152.5838,Aditya Birla Sun Life Mutual Fund,Debt Scheme - Banking and PSU Fund
2019-03-18,119551,Aditya Birla Sun Life Banking & PSU Debt Fund  - DIRECT - IDCW,152.7412,Aditya Birla Sun Life Mutual Fund,Debt Scheme - Banking and PSU Fund
2019-03-19,119551,Aditya Birla Sun Life Banking & PSU Debt Fund  - DIRECT - IDCW,152.7005,Aditya Birla Sun Life Mutual Fund,Debt Scheme - Banking and PSU Fund
2019-03-20,119551,Aditya Birla Sun Life Banking & PSU Debt Fund  - DIRECT - IDCW,152.7699,Aditya Birla Sun Life Mutual Fund,Debt Scheme - Banking and PSU Fund
2019-03-22,119551,Aditya Birla Sun Life Banking & PSU Debt Fund  - DIRECT - IDCW,152.9006,Aditya Birla Sun Life Mutual Fund,Debt Scheme - Banking and PSU Fund
2019-03-25,119551,Aditya Birla Sun Life Banking & PSU Debt Fund  - DIRECT - IDCW,142.4171,Aditya Birla Sun Life Mutual Fund,Debt Scheme - Banking and PSU Fund
2019-03-26,119551,Aditya Birla Sun Life Banking & PSU Debt Fund  - DIRECT - IDCW,142.4063,Aditya Birla Sun Life Mutual Fund,Debt Scheme - Banking and PSU Fund
2019-03-27,119551,Aditya Birla Sun Life Banking & PSU Debt Fund  - DIRECT - IDCW,142.4266,Aditya Birla Sun Life Mutual Fund,Debt Scheme - Banking and PSU Fund
2019-03-28,119551,Aditya Birla Sun Life Banking & PSU Debt Fund  - DIRECT - IDCW,142.444,Aditya Birla Sun Life Mutual Fund,Debt Scheme - Banking and PSU Fund
2019-03-29,119551,Aditya Birla Sun Life Banking & PSU Debt Fund  - DIRECT - IDCW,142.8143,Aditya Birla Sun Life Mutual Fund,Debt Scheme - Banking and PSU Fund
2019-04-02,119551,Aditya Birla Sun Life Banking & PSU Debt Fund  - DIRECT - IDCW,143.2454,Aditya Birla Sun Life Mutual Fund,Debt Scheme - Banking and PSU Fund
2019-04-03,119551,Aditya Birla Sun Life Banking & PSU Debt Fund  - DIRECT - IDCW,143.216,Aditya Birla Sun Life Mutual Fund,Debt Scheme - Banking and PSU Fund
2019-04-04,119551,Aditya Birla Sun Life Banking & PSU Debt Fund  - DIRECT - IDCW,143.0993,Aditya Birla Sun Life Mutual Fund,Debt Scheme - Banking and PSU Fund
2019-04-05,119551,Aditya Birla Sun Life Banking & PSU Debt Fund  - DIRECT - IDCW,142.9577,Aditya Birla Sun Life Mutual Fund,Debt Scheme - Banking and PSU Fund
2019-04-08,119551,Aditya Birla Sun Life Banking & PSU Debt Fund  - DIRECT - IDCW,142.8229,Aditya Birla Sun Life Mutual Fund,Debt Scheme - Banking and PSU Fund
2019-04-09,119551,Aditya Birla Sun Life Banking & PSU Debt Fund  - DIRECT - IDCW,142.8298,Aditya Birla Sun Life Mutual Fund,Debt Scheme - Banking and PSU Fund
2019-04-10,119551,Aditya Birla Sun Life Banking & PSU Debt Fund  - DIRECT - IDCW,142.9046,Aditya Birla Sun Life Mutual Fund,Debt Scheme - Banking and PSU Fund
2019-04-11,119551,Aditya Birla Sun Life Banking & PSU Debt Fund  - DIRECT - IDCW,142.8471,Aditya Birla Sun Life Mutual Fund,Debt Scheme - Banking and PSU Fund
2019-04-12,119551,Aditya Birla Sun Life Banking & PSU Debt Fund  - DIRECT - IDCW,142.8054,Aditya Birla Sun Life Mutual Fund,Debt Scheme - Banking and PSU Fund
2019-04-15,119551,Aditya Birla Sun Life Banking & PSU Debt Fund  - DIRECT - IDCW,142.7628,Aditya Birla Sun Life Mutual Fund,Debt Scheme - Banking and PSU Fund
2019-04-16,119551,Aditya Birla Sun Life Banking & PSU Debt Fund  - DIRECT - IDCW,142.7755,Aditya Birla Sun Life Mutual Fund,Debt Scheme - Banking and PSU Fund
2019-04-18,119551,Aditya Birla Sun Life Banking & PSU Debt Fund  - DIRECT - IDCW,142.8003,Aditya Birla Sun Life Mutual Fund,Debt Scheme - Banking and PSU Fund
2019-04-22,119551,Aditya Birla Sun Life Banking & PSU Debt Fund  - DIRECT - IDCW,142.7099,Aditya Birla Sun Life Mutual Fund,Debt Scheme - Banking and PSU Fund
2019-04-23,119551,Aditya Birla Sun Life Banking & PSU Debt Fund  - DIRECT - IDCW,142.717,Aditya Birla Sun Life Mutual Fund,Debt Scheme - Banking and PSU Fund
2019-04-24,119551,Aditya Birla Sun Life Banking & PSU Debt Fund  - DIRECT - IDCW,142.817,Aditya Birla Sun Life Mutual Fund,Debt Scheme - Banking and PSU Fund
2019-04-25,119551,Aditya Birla Sun Life Banking & PSU Debt Fund  - DIRECT - IDCW,142.7254,Aditya Birla Sun Life Mutual Fund,Debt Scheme - Banking and PSU Fund
2019-04-26,119551,Aditya Birla Sun Life Banking & PSU Debt Fund  - DIRECT - IDCW,142.8116,Aditya Birla Sun Life Mutual Fund,Debt Scheme - Banking and PSU Fund
2019-04-30,119551,Aditya Birla Sun Life Banking & PSU Debt Fund  - DIRECT - IDCW,142.9462,Aditya Birla Sun Life Mutual Fund,Debt Scheme - Banking and PSU Fund
2019-05-02,119551,Aditya Birla Sun Life Banking & PSU Debt Fund  - DIRECT - IDCW,142.9669,Aditya Birla Sun Life Mutual Fund,Debt Scheme - Banking and PSU Fund
2019-05-03,119551,Aditya Birla Sun Life Banking & PSU Debt Fund  - DIRECT - IDCW,142.9162,Aditya Birla Sun Life Mutual Fund,Debt Scheme - Banking and PSU Fund
2019-05-06,119551,Aditya Birla Sun Life Banking & PSU Debt Fund  - DIRECT - IDCW,143.0201,Aditya Birla Sun Life Mutual Fund,Debt Scheme - Banking and PSU Fund
2019-05-07,119551,Aditya Birla Sun Life Banking & PSU Debt Fund  - DIRECT - IDCW,143.0787,Aditya Birla Sun Life Mutual Fund,Debt Scheme - Banking and PSU Fund
2019-05-08,119551,Aditya Birla Sun Life Banking & PSU Debt Fund  - DIRECT - IDCW,143.1504,Aditya Birla Sun Life Mutual Fund,Debt Scheme - Banking and PSU Fund
2019-05-09,119551,Aditya Birla Sun Life Banking & PSU Debt Fund  - DIRECT - IDCW,143.18,Aditya Birla Sun Life Mutual Fund,Debt Scheme - Banking and PSU Fund
2019-05-10,119551,Aditya Birla Sun Life Banking & PSU Debt Fund  - DIRECT - IDCW,143.2079,Aditya Birla Sun Life Mutual Fund,Debt Scheme - Banking and PSU Fund
2019-05-13,119551,Aditya Birla Sun Life Banking & PSU Debt Fund  - DIRECT - IDCW,143.3346,Aditya Birla Sun Life Mutual Fund,Debt Scheme - Banking and PSU Fund
2019-05-14,119551,Aditya Birla Sun Life Banking & PSU Debt Fund  - DIRECT - IDCW,143.4783,Aditya Birla Sun Life Mutual Fund,Debt Scheme - Banking and PSU Fund
2019-05-15,119551,Aditya Birla Sun Life Banking & PSU Debt Fund  - DIRECT - IDCW,143.5038,Aditya Birla Sun Life Mutual Fund,Debt Scheme - Banking and PSU Fund
2019-05-16,119551,Aditya Birla Sun Life Banking & PSU Debt Fund  - DIRECT - IDCW,143.5546,Aditya Birla Sun Life Mutual Fund,Debt Scheme - Banking and PSU Fund
2019-05-17,119551,Aditya Birla Sun Life Banking & PSU Debt Fund  - DIRECT - IDCW,143.6887,Aditya Birla Sun Life Mutual Fund,Debt Scheme - Banking and PSU Fund
2019-05-20,119551,Aditya Birla Sun Life Banking & PSU Debt Fund  - DIRECT - IDCW,143.9976,Aditya Birla Sun Life Mutual Fund,Debt Scheme - Banking and PSU Fund
2019-05-21,119551,Aditya Birla Sun Life Banking & PSU Debt Fund  - DIRECT - IDCW,144.0003,Aditya Birla Sun Life Mutual Fund,Debt Scheme - Banking and PSU Fund
2019-05-22,119551,Aditya Birla Sun Life Banking & PSU Debt Fund  - DIRECT - IDCW,144.0646,Aditya Birla Sun Life Mutual Fund,Debt Scheme - Banking and PSU Fund
2019-05-23,119551,Aditya Birla Sun Life Banking & PSU Debt Fund  - DIRECT - IDCW,144.3538,Aditya Birla Sun Life Mutual Fund,Debt Scheme - Banking and PSU Fund
2019-05-24,119551,Aditya Birla Sun Life Banking & PSU Debt Fund  - DIRECT - IDCW,144.51,Aditya Birla Sun Life Mutual Fund,Debt Scheme - Banking and PSU Fund
2019-05-27,119551,Aditya Birla Sun Life Banking & PSU Debt Fund  - DIRECT - IDCW,145.0011,Aditya Birla Sun Life Mutual Fund,Debt Scheme - Banking and PSU Fund
2019-05-28,119551,Aditya Birla Sun Life Banking & PSU Debt Fund  - DIRECT - IDCW,145.1418,Aditya Birla Sun Life Mutual Fund,Debt Scheme - Banking and PSU Fund
2019-05-29,119551,Aditya Birla Sun Life Banking & PSU Debt Fund  - DIRECT - IDCW,145.1587,Aditya Birla Sun Life Mutual Fund,Debt Scheme - Banking and PSU Fund
2019-05-30,119551,Aditya Birla Sun Life Banking & PSU Debt Fund  - DIRECT - IDCW,145.1312,Aditya Birla Sun Life Mutual Fund,Debt Scheme - Banking and PSU Fund
2019-05-31,119551,Aditya Birla Sun Life Banking & PSU Debt Fund  - DIRECT - IDCW,145.5041,Aditya Birla Sun Life Mutual Fund,Debt Scheme - Banking and PSU Fund
2019-06-03,119551,Aditya Birla Sun Life Banking & PSU Debt Fund  - DIRECT - IDCW,145.7548,Aditya Birla Sun Life Mutual Fund,Debt Scheme - Banking and PSU Fund
2019-06-04,119551,Aditya Birla Sun Life Banking & PSU Debt Fund  - DIRECT - IDCW,145.6843,Aditya Birla Sun Life Mutual Fund,Debt Scheme - Banking and PSU Fund
2019-06-06,119551,Aditya Birla Sun Life Banking & PSU Debt Fund  - DIRECT - IDCW,146.0295,Aditya Birla Sun Life Mutual Fund,Debt Scheme - Banking and PSU Fund
2019-06-07,119551,Aditya Birla Sun Life Banking & PSU Debt Fund  - DIRECT - IDCW,145.8035,Aditya Birla Sun Life Mutual Fund,Debt Scheme - Banking and PSU Fund
2019-06-10,119551,Aditya Birla Sun Life Banking & PSU Debt Fund  - DIRECT - IDCW,145.5955,Aditya Birla Sun Life Mutual Fund,Debt Scheme - Banking and PSU Fund
2019-06-11,119551,Aditya Birla Sun Life Banking & PSU Debt Fund  - DIRECT - IDCW,145.6404,Aditya Birla Sun Life Mutual Fund,Debt Scheme - Banking and PSU Fund
2019-06-12,119551,Aditya Birla Sun Life Banking & PSU Debt Fund  - DIRECT - IDCW,145.775,Aditya Birla Sun Life Mutual Fund,Debt Scheme - Banking and PSU Fund
2019-06-13,119551,Aditya Birla Sun Life Banking & PSU Debt Fund  - DIRECT - IDCW,145.8517,Aditya Birla Sun Life Mutual Fund,Debt Scheme - Banking and PSU Fund
2019-06-14,119551,Aditya Birla Sun Life Banking & PSU Debt Fund  - DIRECT - IDCW,146.087,Aditya Birla Sun Life Mutual Fund,Debt Scheme - Banking and PSU Fund
2019-06-17,119551,Aditya Birla Sun Life Banking & PSU Debt Fund  - DIRECT - IDCW,146.1223,Aditya Birla Sun Life Mutual Fund,Debt Scheme - Banking and PSU Fund
2019-06-18,119551,Aditya Birla Sun Life Banking & PSU Debt Fund  - DIRECT - IDCW,146.4654,Aditya Birla Sun Life Mutual Fund,Debt Scheme - Banking and PSU Fund
2019-06-19,119551,Aditya Birla Sun Life Banking & PSU Debt Fund  - DIRECT - IDCW,146.5025,Aditya Birla Sun Life Mutual Fund,Debt Scheme - Banking and PSU Fund
2019-06-20,119551,Aditya Birla Sun Life Banking & PSU Debt Fund  - DIRECT - IDCW,146.6796,Aditya Birla Sun Life Mutual Fund,Debt Scheme - Banking and PSU Fund
2019-06-21,119551,Aditya Birla Sun Life Banking & PSU Debt Fund  - DIRECT - IDCW,146.4745,Aditya Birla Sun Life Mutual Fund,Debt Scheme - Banking and PSU Fund
2019-06-24,119551,Aditya Birla Sun Life Banking & PSU Debt Fund  - DIRECT - IDCW,146.4771,Aditya Birla Sun Life Mutual Fund,Debt Scheme - Banking and PSU Fund
2019-06-25,119551,Aditya Birla Sun Life Banking & PSU Debt Fund  - DIRECT - IDCW,146.3663,Aditya Birla Sun Life Mutual Fund,Debt Scheme - Banking and PSU Fund
2019-06-26,119551,Aditya Birla Sun Life Banking & PSU Debt Fund  - DIRECT - IDCW,146.2151,Aditya Birla Sun Life Mutual Fund,Debt Scheme - Banking and PSU Fund
2019-06-27,119551,Aditya Birla Sun Life Banking & PSU Debt Fund  - DIRECT - IDCW,146.3061,Aditya Birla Sun Life Mutual Fund,Debt Scheme - Banking and PSU Fund
2019-06-28,119551,Aditya Birla Sun Life Banking & PSU Debt Fund  - DIRECT - IDCW,146.3797,Aditya Birla Sun Life Mutual Fund,Debt Scheme - Banking and PSU Fund
2019-07-01,119551,Aditya Birla Sun Life Banking & PSU Debt Fund  - DIRECT - IDCW,146.3903,Aditya Birla Sun Life Mutual Fund,Debt Scheme - Banking and PSU Fund
2019-07-02,119551,Aditya Birla Sun Life Banking & PSU Debt Fund  - DIRECT - IDCW,146.4817,Aditya Birla Sun Life Mutual Fund,Debt Scheme - Banking and PSU Fund
2019-07-03,119551,Aditya Birla Sun Life Banking & PSU Debt Fund  - DIRECT - IDCW,146.678,Aditya Birla Sun Life Mutual Fund,Debt Scheme - Banking and PSU Fund
2019-07-04,119551,Aditya Birla Sun Life Banking & PSU Debt Fund  - DIRECT - IDCW,146.9134,Aditya Birla Sun Life Mutual Fund,Debt Scheme - Banking and PSU Fund
2019-07-05,119551,Aditya Birla Sun Life Banking & PSU Debt Fund  - DIRECT - IDCW,147.2972,Aditya Birla Sun Life Mutual Fund,Debt Scheme - Banking and PSU Fund
2019-07-08,119551,Aditya Birla Sun Life Banking & PSU Debt Fund  - DIRECT - IDCW,147.8277,Aditya Birla Sun Life Mutual Fund,Debt Scheme - Banking and PSU Fund
2019-07-09,119551,Aditya Birla Sun Life Banking & PSU Debt Fund  - DIRECT - IDCW,147.8228,Aditya Birla Sun Life Mutual Fund,Debt Scheme - Banking and PSU Fund
2019-07-10,119551,Aditya Birla Sun Life Banking & PSU Debt Fund  - DIRECT - IDCW,148.0034,Aditya Birla Sun Life Mutual Fund,Debt Scheme - Banking and PSU Fund
2019-07-11,119551,Aditya Birla Sun Life Banking & PSU Debt Fund  - DIRECT - IDCW,148.2166,Aditya Birla Sun Life Mutual Fund,Debt Scheme - Banking and PSU Fund
2019-07-12,119551,Aditya Birla Sun Life Banking & PSU Debt Fund  - DIRECT - IDCW,148.2944,Aditya Birla Sun Life Mutual Fund,Debt Scheme - Banking and PSU Fund
2019-07-15,119551,Aditya Birla Sun Life Banking & PSU Debt Fund  - DIRECT - IDCW,148.5678,Aditya Birla Sun Life Mutual Fund,Debt Scheme - Banking and PSU Fund
2019-07-16,119551,Aditya Birla Sun Life Banking & PSU Debt Fund  - DIRECT - IDCW,148.9102,Aditya Birla Sun Life Mutual Fund,Debt Scheme - Banking and PSU Fund
2019-07-17,119551,Aditya Birla Sun Life Banking & PSU Debt Fund  - DIRECT - IDCW,148.8778,Aditya Birla Sun Life Mutual Fund,Debt Scheme - Banking and PSU Fund
2019-07-18,119551,Aditya Birla Sun Life Banking & PSU Debt Fund  - DIRECT - IDCW,148.8109,Aditya Birla Sun Life Mutual Fund,Debt Scheme - Banking and PSU Fund
2019-07-19,119551,Aditya Birla Sun Life Banking & PSU Debt Fund  - DIRECT - IDCW,148.8542,Aditya Birla Sun Life Mutual Fund,Debt Scheme - Banking and PSU Fund
2019-07-22,119551,Aditya Birla Sun Life Banking & PSU Debt Fund  - DIRECT - IDCW,148.7174,Aditya Birla Sun Life Mutual Fund,Debt Scheme - Banking and PSU Fund
2019-07-23,119551,Aditya Birla Sun Life Banking & PSU Debt Fund  - DIRECT - IDCW,148.6097,Aditya Birla Sun Life Mutual Fund,Debt Scheme - Banking and PSU Fund
2019-07-24,119551,Aditya Birla Sun Life Banking & PSU Debt Fund  - DIRECT - IDCW,148.6858,Aditya Birla Sun Life Mutual Fund,Debt Scheme - Banking and PSU Fund
2019-07-25,119551,Aditya Birla Sun Life Banking & PSU Debt Fund  - DIRECT - IDCW,148.3413,Aditya Birla Sun Life Mutual Fund,Debt Scheme - Banking and PSU Fund
2019-07-26,119551,Aditya Birla Sun Life Banking & PSU Debt Fund  - DIRECT - IDCW,148.3704,Aditya Birla Sun Life Mutual Fund,Debt Scheme - Banking and PSU Fund
2019-07-29,119551,Aditya Birla Sun Life Banking & PSU Debt Fund  - DIRECT - IDCW,148.7487,Aditya Birla Sun Life Mutual Fund,Debt Scheme - Banking and PSU Fund
2019-07-30,119551,Aditya Birla Sun Life Banking & PSU Debt Fund  - DIRECT - IDCW,148.892,Aditya Birla Sun Life Mutual Fund,Debt Scheme - Banking and PSU Fund
2019-07-31,119551,Aditya Birla Sun Life Banking & PSU Debt Fund  - DIRECT - IDCW,149.0512,Aditya Birla Sun Life Mutual Fund,Debt Scheme - Banking and PSU Fund
2019-08-01,119551,Aditya Birla Sun Life Banking & PSU Debt Fund  - DIRECT - IDCW,149.0367,Aditya Birla Sun Life Mutual Fund,Debt Scheme - Banking and PSU Fund
2019-08-02,119551,Aditya Birla Sun Life Banking & PSU Debt Fund  - DIRECT - IDCW,149.3724,Aditya Birla Sun Life Mutual Fund,Debt Scheme - Banking and PSU Fund
2019-08-05,119551,Aditya Birla Sun Life Banking & PSU Debt Fund  - DIRECT - IDCW,149.2155,Aditya Birla Sun Life Mutual Fund,Debt Scheme - Banking and PSU Fund
2019-08-06,119551,Aditya Birla Sun Life Banking & PSU Debt Fund  - DIRECT - IDCW,149.4147,Aditya Birla Sun Life Mutual Fund,Debt Scheme - Banking and PSU Fund
2019-08-07,119551,Aditya Birla Sun Life Banking & PSU Debt Fund  - DIRECT - IDCW,149.5577,Aditya Birla Sun Life Mutual Fund,Debt Scheme - Banking and PSU Fund
2019-08-08,119551,Aditya Birla Sun Life Banking & PSU Debt Fund  - DIRECT - IDCW,149.6843,Aditya Birla Sun Life Mutual Fund,Debt Scheme - Banking and PSU Fund
2019-08-09,119551,Aditya Birla Sun Life Banking & PSU Debt Fund  - DIRECT - IDCW,149.4248,Aditya Birla Sun Life Mutual Fund,Debt Scheme - Banking and PSU Fund
2019-08-13,119551,Aditya Birla Sun Life Banking & PSU Debt Fund  - DIRECT - IDCW,149.4511,Aditya Birla Sun Life Mutual Fund,Debt Scheme - Banking and PSU Fund
2019-08-14,119551,Aditya Birla Sun Life Banking & PSU Debt Fund  - DIRECT - IDCW,149.0809,Aditya Birla Sun Life Mutual Fund,Debt Scheme - Banking and PSU Fund
2019-08-16,119551,Aditya Birla Sun Life Banking & PSU Debt Fund  - DIRECT - IDCW,149.3311,Aditya Birla Sun Life Mutual Fund,Debt Scheme - Banking and PSU Fund
2019-08-19,119551,Aditya Birla Sun Life Banking & PSU Debt Fund  - DIRECT - IDCW,149.373,Aditya Birla Sun Life Mutual Fund,Debt Scheme - Banking and PSU Fund
2019-08-20,119551,Aditya Birla Sun Life Banking & PSU Debt Fund  - DIRECT - IDCW,149.4864,Aditya Birla Sun Life Mutual Fund,Debt Scheme - Banking and PSU Fund
2019-08-21,119551,Aditya Birla Sun Life Banking & PSU Debt Fund  - DIRECT - IDCW,149.6765,Aditya Birla Sun Life Mutual Fund,Debt Scheme - Banking and PSU Fund
2019-08-22,119551,Aditya Birla Sun Life Banking & PSU Debt Fund  - DIRECT - IDCW,149.8404,Aditya Birla Sun Life Mutual Fund,Debt Scheme - Banking and PSU Fund
2019-08-23,119551,Aditya Birla Sun Life Banking & PSU Debt Fund  - DIRECT - IDCW,149.9347,Aditya Birla Sun Life Mutual Fund,Debt Scheme - Banking and PSU Fund
2019-08-26,119551,Aditya Birla Sun Life Banking & PSU Debt Fund  - DIRECT - IDCW,150.2418,Aditya Birla Sun Life Mutual Fund,Debt Scheme - Banking and PSU Fund
2019-08-27,119551,Aditya Birla Sun Life Banking & PSU Debt Fund  - DIRECT - IDCW,150.2496,Aditya Birla Sun Life Mutual Fund,Debt Scheme - Banking and PSU Fund
2019-08-28,119551,Aditya Birla Sun Life Banking & PSU Debt Fund  - DIRECT - IDCW,150.1914,Aditya Birla Sun Life Mutual Fund,Debt Scheme - Banking and PSU Fund
2019-08-29,119551,Aditya Birla Sun Life Banking & PSU Debt Fund  - DIRECT - IDCW,150.0625,Aditya Birla Sun Life Mutual Fund,Debt Scheme - Banking and PSU Fund
2019-08-30,119551,Aditya Birla Sun Life Banking & PSU Debt Fund  - DIRECT - IDCW,150.1076,Aditya Birla Sun Life Mutual Fund,Debt Scheme - Banking and PSU Fund
2019-09-03,119551,Aditya Birla Sun Life Banking & PSU Debt Fund  - DIRECT - IDCW,150.4088,Aditya Birla Sun Life Mutual Fund,Debt Scheme - Banking and PSU Fund
2019-09-04,119551,Aditya Birla Sun Life Banking & PSU Debt Fund  - DIRECT - IDCW,150.4906,Aditya Birla Sun Life Mutual Fund,Debt Scheme - Banking and PSU Fund
2019-09-05,119551,Aditya Birla Sun Life Banking & PSU Debt Fund  - DIRECT - IDCW,150.4076,Aditya Birla Sun Life Mutual Fund,Debt Scheme - Banking and PSU Fund
2019-09-06,119551,Aditya Birla Sun Life Banking & PSU Debt Fund  - DIRECT - IDCW,150.3414,Aditya Birla Sun Life Mutual Fund,Debt Scheme - Banking and PSU Fund
2019-09-09,119551,Aditya Birla Sun Life Banking & PSU Debt Fund  - DIRECT - IDCW,150.5778,Aditya Birla Sun Life Mutual Fund,Debt Scheme - Banking and PSU Fund
2019-09-11,119551,Aditya Birla Sun Life Banking & PSU Debt Fund  - DIRECT - IDCW,150.4797,Aditya Birla Sun Life Mutual Fund,Debt Scheme - Banking and PSU Fund
2019-09-12,119551,Aditya Birla Sun Life Banking & PSU Debt Fund  - DIRECT - IDCW,150.3828,Aditya Birla Sun Life Mutual Fund,Debt Scheme - Banking and PSU Fund
2019-09-13,119551,Aditya Birla Sun Life Banking & PSU Debt Fund  - DIRECT - IDCW,150.4937,Aditya Birla Sun Life Mutual Fund,Debt Scheme - Banking and PSU Fund
2019-09-16,119551,Aditya Birla Sun Life Banking & PSU Debt Fund  - DIRECT - IDCW,150.4476,Aditya Birla Sun Life Mutual Fund,Debt Scheme - Banking and PSU Fund
2019-09-17,119551,Aditya Birla Sun Life Banking & PSU Debt Fund  - DIRECT - IDCW,150.3688,Aditya Birla Sun Life Mutual Fund,Debt Scheme - Banking and PSU Fund
2019-09-18,119551,Aditya Birla Sun Life Banking & PSU Debt Fund  - DIRECT - IDCW,150.6191,Aditya Birla Sun Life Mutual Fund,Debt Scheme - Banking and PSU Fund
2019-09-19,119551,Aditya Birla Sun Life Banking & PSU Debt Fund  - DIRECT - IDCW,150.6828,Aditya Birla Sun Life Mutual Fund,Debt Scheme - Banking and PSU Fund
2019-09-20,119551,Aditya Birla Sun Life Banking & PSU Debt Fund  - DIRECT - IDCW,150.0993,Aditya Birla Sun Life Mutual Fund,Debt Scheme - Banking and PSU Fund
2019-09-23,119551,Aditya Birla Sun Life Banking & PSU Debt Fund  - DIRECT - IDCW,150.1778,Aditya Birla Sun Life Mutual Fund,Debt Scheme - Banking and PSU Fund
2019-09-24,119551,Aditya Birla Sun Life Banking & PSU Debt Fund  - DIRECT - IDCW,150.1503,Aditya Birla Sun Life Mutual Fund,Debt Scheme - Banking and PSU Fund
2019-09-25,119551,Aditya Birla Sun Life Banking & PSU Debt Fund  - DIRECT - IDCW,150.1731,Aditya Birla Sun Life Mutual Fund,Debt Scheme - Banking and PSU Fund
2019-09-26,119551,Aditya Birla Sun Life Banking & PSU Debt Fund  - DIRECT - IDCW,150.2039,Aditya Birla Sun Life Mutual Fund,Debt Scheme - Banking and PSU Fund
2019-09-27,119551,Aditya Birla Sun Life Banking & PSU Debt Fund  - DIRECT - IDCW,150.2231,Aditya Birla Sun Life Mutual Fund,Debt Scheme - Banking and PSU Fund
2019-09-30,119551,Aditya Birla Sun Life Banking & PSU Debt Fund  - DIRECT - IDCW,150.4539,Aditya Birla Sun Life Mutual Fund,Debt Scheme - Banking and PSU Fund
2019-10-01,119551,Aditya Birla Sun Life Banking & PSU Debt Fund  - DIRECT - IDCW,150.5812,Aditya Birla Sun Life Mutual Fund,Debt Scheme - Banking and PSU Fund
2019-10-03,119551,Aditya Birla Sun Life Banking & PSU Debt Fund  - DIRECT - IDCW,150.7936,Aditya Birla Sun Life Mutual Fund,Debt Scheme - Banking and PSU Fund
2019-10-04,119551,Aditya Birla Sun Life Banking & PSU Debt Fund  - DIRECT - IDCW,150.7287,Aditya Birla Sun Life Mutual Fund,Debt Scheme - Banking and PSU Fund
2019-10-07,119551,Aditya Birla Sun Life Banking & PSU Debt Fund  - DIRECT - IDCW,150.8064,Aditya Birla Sun Life Mutual Fund,Debt Scheme - Banking and PSU Fund
2019-10-09,119551,Aditya Birla Sun Life Banking & PSU Debt Fund  - DIRECT - IDCW,150.861,Aditya Birla Sun Life Mutual Fund,Debt Scheme - Banking and PSU Fund
2019-10-10,119551,Aditya Birla Sun Life Banking & PSU Debt Fund  - DIRECT - IDCW,150.8965,Aditya Birla Sun Life Mutual Fund,Debt Scheme - Banking and PSU Fund
2019-10-11,119551,Aditya Birla Sun Life Banking & PSU Debt Fund  - DIRECT - IDCW,150.938,Aditya Birla Sun Life Mutual Fund,Debt Scheme - Banking and PSU Fund
2019-10-14,119551,Aditya Birla Sun Life Banking & PSU Debt Fund  - DIRECT - IDCW,151.0676,Aditya Birla Sun Life Mutual Fund,Debt Scheme - Banking and PSU Fund
2019-10-15,119551,Aditya Birla Sun Life Banking & PSU Debt Fund  - DIRECT - IDCW,151.1294,Aditya Birla Sun Life Mutual Fund,Debt Scheme - Banking and PSU Fund
2019-10-16,119551,Aditya Birla Sun Life Banking & PSU Debt Fund  - DIRECT - IDCW,151.2289,Aditya Birla Sun Life Mutual Fund,Debt Scheme - Banking and PSU Fund
2019-10-17,119551,Aditya Birla Sun Life Banking & PSU Debt Fund  - DIRECT - IDCW,151.266,Aditya Birla Sun Life Mutual Fund,Debt Scheme - Banking and PSU Fund
2019-10-18,119551,Aditya Birla Sun Life Banking & PSU Debt Fund  - DIRECT - IDCW,151.4029,Aditya Birla Sun Life Mutual Fund,Debt Scheme - Banking and PSU Fund
2019-10-22,119551,Aditya Birla Sun Life Banking & PSU Debt Fund  - DIRECT - IDCW,151.5632,Aditya Birla Sun Life Mutual Fund,Debt Scheme - Banking and PSU Fund
2019-10-23,119551,Aditya Birla Sun Life Banking & PSU Debt Fund  - DIRECT - IDCW,151.6974,Aditya Birla Sun Life Mutual Fund,Debt Scheme - Banking and PSU Fund
2019-10-24,119551,Aditya Birla Sun Life Banking & PSU Debt Fund  - DIRECT - IDCW,151.7896,Aditya Birla Sun Life Mutual Fund,Debt Scheme - Banking and PSU Fund
2019-10-25,119551,Aditya Birla Sun Life Banking & PSU Debt Fund  - DIRECT - IDCW,151.8433,Aditya Birla Sun Life Mutual Fund,Debt Scheme - Banking and PSU Fund
2019-10-29,119551,Aditya Birla Sun Life Banking & PSU Debt Fund  - DIRECT - IDCW,151.965,Aditya Birla Sun Life Mutual Fund,Debt Scheme - Banking and PSU Fund
2019-10-30,119551,Aditya Birla Sun Life Banking & PSU Debt Fund  - DIRECT - IDCW,152.1072,Aditya Birla Sun Life Mutual Fund,Debt Scheme - Banking and PSU Fund
2019-10-31,119551,Aditya Birla Sun Life Banking & PSU Debt Fund  - DIRECT - IDCW,152.3324,Aditya Birla Sun Life Mutual Fund,Debt Scheme - Banking and PSU Fund
2019-11-01,119551,Aditya Birla Sun Life Banking & PSU Debt Fund  - DIRECT - IDCW,152.4285,Aditya Birla Sun Life Mutual Fund,Debt Scheme - Banking and PSU Fund
2019-11-04,119551,Aditya Birla Sun Life Banking & PSU Debt Fund  - DIRECT - IDCW,152.4901,Aditya Birla Sun Life Mutual Fund,Debt Scheme - Banking and PSU Fund
2019-11-05,119551,Aditya Birla Sun Life Banking & PSU Debt Fund  - DIRECT - IDCW,152.4692,Aditya Birla Sun Life Mutual Fund,Debt Scheme - Banking and PSU Fund
2019-11-06,119551,Aditya Birla Sun Life Banking & PSU Debt Fund  - DIRECT - IDCW,152.4607,Aditya Birla Sun Life Mutual Fund,Debt Scheme - Banking and PSU Fund
2019-11-07,119551,Aditya Birla Sun Life Banking & PSU Debt Fund  - DIRECT - IDCW,152.4911,Aditya Birla Sun Life Mutual Fund,Debt Scheme - Banking and PSU Fund
2019-11-08,119551,Aditya Birla Sun Life Banking & PSU Debt Fund  - DIRECT - IDCW,152.3985,Aditya Birla Sun Life Mutual Fund,Debt Scheme - Banking and PSU Fund
2019-11-11,119551,Aditya Birla Sun Life Banking & PSU Debt Fund  - DIRECT - IDCW,152.4214,Aditya Birla Sun Life Mutual Fund,Debt Scheme - Banking and PSU Fund
2019-11-13,119551,Aditya Birla Sun Life Banking & PSU Debt Fund  - DIRECT - IDCW,152.5581,Aditya Birla Sun Life Mutual Fund,Debt Scheme - Banking and PSU Fund
2019-11-14,119551,Aditya Birla Sun Life Banking & PSU Debt Fund  - DIRECT - IDCW,152.6957,Aditya Birla Sun Life Mutual Fund,Debt Scheme - Banking and PSU Fund
2019-11-15,119551,Aditya Birla Sun Life Banking & PSU Debt Fund  - DIRECT - IDCW,152.7979,Aditya Birla Sun Life Mutual Fund,Debt Scheme - Banking and PSU Fund
2019-11-18,119551,Aditya Birla Sun Life Banking & PSU Debt Fund  - DIRECT - IDCW,152.9316,Aditya Birla Sun Life Mutual Fund,Debt Scheme - Banking and PSU Fund
2019-11-19,119551,Aditya Birla Sun Life Banking & PSU Debt Fund  - DIRECT - IDCW,152.9853,Aditya Birla Sun Life Mutual Fund,Debt Scheme - Banking and PSU Fund
2019-11-20,119551,Aditya Birla Sun Life Banking & PSU Debt Fund  - DIRECT - IDCW,153.0708,Aditya Birla Sun Life Mutual Fund,Debt Scheme - Banking and PSU Fund
2019-11-21,119551,Aditya Birla Sun Life Banking & PSU Debt Fund  - DIRECT - IDCW,153.0927,Aditya Birla Sun Life Mutual Fund,Debt Scheme - Banking and PSU Fund
2019-11-22,119551,Aditya Birla Sun Life Banking & PSU Debt Fund  - DIRECT - IDCW,153.1436,Aditya Birla Sun Life Mutual Fund,Debt Scheme - Banking and PSU Fund
2019-11-25,119551,Aditya Birla Sun Life Banking & PSU Debt Fund  - DIRECT - IDCW,153.296,Aditya Birla Sun Life Mutual Fund,Debt Scheme - Banking and PSU Fund
2019-11-26,119551,Aditya Birla Sun Life Banking & PSU Debt Fund  - DIRECT - IDCW,153.3485,Aditya Birla Sun Life Mutual Fund,Debt Scheme - Banking and PSU Fund
2019-11-27,119551,Aditya Birla Sun Life Banking & PSU Debt Fund  - DIRECT - IDCW,153.3903,Aditya Birla Sun Life Mutual Fund,Debt Scheme - Banking and PSU Fund
2019-11-28,119551,Aditya Birla Sun Life Banking & PSU Debt Fund  - DIRECT - IDCW,153.4934,Aditya Birla Sun Life Mutual Fund,Debt Scheme - Banking and PSU Fund
2019-11-29,119551,Aditya Birla Sun Life Banking & PSU Debt Fund  - DIRECT - IDCW,153.5381,Aditya Birla Sun Life Mutual Fund,Debt Scheme - Banking and PSU Fund
2019-12-02,119551,Aditya Birla Sun Life Banking & PSU Debt Fund  - DIRECT - IDCW,153.6046,Aditya Birla Sun Life Mutual Fund,Debt Scheme - Banking and PSU Fund
2019-12-03,119551,Aditya Birla Sun Life Banking & PSU Debt Fund  - DIRECT - IDCW,153.6259,Aditya Birla Sun Life Mutual Fund,Debt Scheme - Banking and PSU Fund
2019-12-04,119551,Aditya Birla Sun Life Banking & PSU Debt Fund  - DIRECT - IDCW,153.7405,Aditya Birla Sun Life Mutual Fund,Debt Scheme - Banking and PSU Fund
2019-12-05,119551,Aditya Birla Sun Life Banking & PSU Debt Fund  - DIRECT - IDCW,153.2483,Aditya Birla Sun Life Mutual Fund,Debt Scheme - Banking and PSU Fund
2019-12-06,119551,Aditya Birla Sun Life Banking & PSU Debt Fund  - DIRECT - IDCW,153.1405,Aditya Birla Sun Life Mutual Fund,Debt Scheme - Banking and PSU Fund
2019-12-09,119551,Aditya Birla Sun Life Banking & PSU Debt Fund  - DIRECT - IDCW,153.1183,Aditya Birla Sun Life Mutual Fund,Debt Scheme - Banking and PSU Fund
2019-12-10,119551,Aditya Birla Sun Life Banking & PSU Debt Fund  - DIRECT - IDCW,153.0738,Aditya Birla Sun Life Mutual Fund,Debt Scheme - Banking and PSU Fund
2019-12-11,119551,Aditya Birla Sun Life Banking & PSU Debt Fund  - DIRECT - IDCW,152.9832,Aditya Birla Sun Life Mutual Fund,Debt Scheme - Banking and PSU Fund
2019-12-12,119551,Aditya Birla Sun Life Banking & PSU Debt Fund  - DIRECT - IDCW,152.9682,Aditya Birla Sun Life Mutual Fund,Debt Scheme - Banking and PSU Fund
2019-12-13,119551,Aditya Birla Sun Life Banking & PSU Debt Fund  - DIRECT - IDCW,152.8576,Aditya Birla Sun Life Mutual Fund,Debt Scheme - Banking and PSU Fund
2019-12-16,119551,Aditya Birla Sun Life Banking & PSU Debt Fund  - DIRECT - IDCW,152.9814,Aditya Birla Sun Life Mutual Fund,Debt Scheme - Banking and PSU Fund
2019-12-17,119551,Aditya Birla Sun Life Banking & PSU Debt Fund  - DIRECT - IDCW,153.0346,Aditya Birla Sun Life Mutual Fund,Debt Scheme - Banking and PSU Fund
2019-12-18,119551,Aditya Birla Sun Life Banking & PSU Debt Fund  - DIRECT - IDCW,153.1337,Aditya Birla Sun Life Mutual Fund,Debt Scheme - Banking and PSU Fund
2019-12-19,119551,Aditya Birla Sun Life Banking & PSU Debt Fund  - DIRECT - IDCW,153.1526,Aditya Birla Sun Life Mutual Fund,Debt Scheme - Banking and PSU Fund
2019-12-20,119551,Aditya Birla Sun Life Banking & PSU Debt Fund  - DIRECT - IDCW,153.4572,Aditya Birla Sun Life Mutual Fund,Debt Scheme - Banking and PSU Fund
2019-12-23,119551,Aditya Birla Sun Life Banking & PSU Debt Fund  - DIRECT - IDCW,153.5537,Aditya Birla Sun Life Mutual Fund,Debt Scheme - Banking and PSU Fund
2019-12-24,119551,Aditya Birla Sun Life Banking & PSU Debt Fund  - DIRECT - IDCW,153.5626,Aditya Birla Sun Life Mutual Fund,Debt Scheme - Banking and PSU Fund
2019-12-26,119551,Aditya Birla Sun Life Banking & PSU Debt Fund  - DIRECT - IDCW,153.5576,Aditya Birla Sun Life Mutual Fund,Debt Scheme - Banking and PSU Fund
2019-12-27,119551,Aditya Birla Sun Life Banking & PSU Debt Fund  - DIRECT - IDCW,153.6346,Aditya Birla Sun Life Mutual Fund,Debt Scheme - Banking and PSU Fund
2019-12-30,119551,Aditya Birla Sun Life Banking & PSU Debt Fund  - DIRECT - IDCW,153.701,Aditya Birla Sun Life Mutual Fund,Debt Scheme - Banking and PSU Fund
2019-12-31,119551,Aditya Birla Sun Life Banking & PSU Debt Fund  - DIRECT - IDCW,153.7054,Aditya Birla Sun Life Mutual Fund,Debt Scheme - Banking and PSU Fund
2020-01-01,119551,Aditya Birla Sun Life Banking & PSU Debt Fund  - DIRECT - IDCW,153.8193,Aditya Birla Sun Life Mutual Fund,Debt Scheme - Banking and PSU Fund
2020-01-02,119551,Aditya Birla Sun Life Banking & PSU Debt Fund  - DIRECT - IDCW,153.8742,Aditya Birla Sun Life Mutual Fund,Debt Scheme - Banking and PSU Fund
2020-01-03,119551,Aditya Birla Sun Life Banking & PSU Debt Fund  - DIRECT - IDCW,154.0323,Aditya Birla Sun Life Mutual Fund,Debt Scheme - Banking and PSU Fund
2020-01-06,119551,Aditya Birla Sun Life Banking & PSU Debt Fund  - DIRECT - IDCW,154.0036,Aditya Birla Sun Life Mutual Fund,Debt Scheme - Banking and PSU Fund
2020-01-07,119551,Aditya Birla Sun Life Banking & PSU Debt Fund  - DIRECT - IDCW,154.0751,Aditya Birla Sun Life Mutual Fund,Debt Scheme - Banking and PSU Fund
2020-01-08,119551,Aditya Birla Sun Life Banking & PSU Debt Fund  - DIRECT - IDCW,154.127,Aditya Birla Sun Life Mutual Fund,Debt Scheme - Banking and PSU Fund
2020-01-09,119551,Aditya Birla Sun Life Banking & PSU Debt Fund  - DIRECT - IDCW,154.2202,Aditya Birla Sun Life Mutual Fund,Debt Scheme - Banking and PSU Fund
2020-01-10,119551,Aditya Birla Sun Life Banking & PSU Debt Fund  - DIRECT - IDCW,154.1672,Aditya Birla Sun Life Mutual Fund,Debt Scheme - Banking and PSU Fund
2020-01-13,119551,Aditya Birla Sun Life Banking & PSU Debt Fund  - DIRECT - IDCW,154.2362,Aditya Birla Sun Life Mutual Fund,Debt Scheme - Banking and PSU Fund
2020-01-14,119551,Aditya Birla Sun Life Banking & PSU Debt Fund  - DIRECT - IDCW,154.1151,Aditya Birla Sun Life Mutual Fund,Debt Scheme - Banking and PSU Fund
2020-01-15,119551,Aditya Birla Sun Life Banking & PSU Debt Fund  - DIRECT - IDCW,154.1889,Aditya Birla Sun Life Mutual Fund,Debt Scheme - Banking and PSU Fund
2020-01-16,119551,Aditya Birla Sun Life Banking & PSU Debt Fund  - DIRECT - IDCW,154.2713,Aditya Birla Sun Life Mutual Fund,Debt Scheme - Banking and PSU Fund
2020-01-17,119551,Aditya Birla Sun Life Banking & PSU Debt Fund  - DIRECT - IDCW,154.3249,Aditya Birla Sun Life Mutual Fund,Debt Scheme - Banking and PSU Fund
2020-01-20,119551,Aditya Birla Sun Life Banking & PSU Debt Fund  - DIRECT - IDCW,154.4228,Aditya Birla Sun Life Mutual Fund,Debt Scheme - Banking and PSU Fund
2020-01-21,119551,Aditya Birla Sun Life Banking & PSU Debt Fund  - DIRECT - IDCW,154.4776,Aditya Birla Sun Life Mutual Fund,Debt Scheme - Banking and PSU Fund
2020-01-22,119551,Aditya Birla Sun Life Banking & PSU Debt Fund  - DIRECT - IDCW,154.5903,Aditya Birla Sun Life Mutual Fund,Debt Scheme - Banking and PSU Fund
2020-01-23,119551,Aditya Birla Sun Life Banking & PSU Debt Fund  - DIRECT - IDCW,154.6714,Aditya Birla Sun Life Mutual Fund,Debt Scheme - Banking and PSU Fund
2020-01-24,119551,Aditya Birla Sun Life Banking & PSU Debt Fund  - DIRECT - IDCW,154.749,Aditya Birla Sun Life Mutual Fund,Debt Scheme - Banking and PSU Fund
2020-01-27,119551,Aditya Birla Sun Life Banking & PSU Debt Fund  - DIRECT - IDCW,154.8703,Aditya Birla Sun Life Mutual Fund,Debt Scheme - Banking and PSU Fund
2020-01-28,119551,Aditya Birla Sun Life Banking & PSU Debt Fund  - DIRECT - IDCW,154.9202,Aditya Birla Sun Life Mutual Fund,Debt Scheme - Banking and PSU Fund
2020-01-29,119551,Aditya Birla Sun Life Banking & PSU Debt Fund  - DIRECT - IDCW,154.8904,Aditya Birla Sun Life Mutual Fund,Debt Scheme - Banking and PSU Fund
2020-01-30,119551,Aditya Birla Sun Life Banking & PSU Debt Fund  - DIRECT - IDCW,154.9146,Aditya Birla Sun Life Mutual Fund,Debt Scheme - Banking and PSU Fund
2020-01-31,119551,Aditya Birla Sun Life Banking & PSU Debt Fund  - DIRECT - IDCW,154.9392,Aditya Birla Sun Life Mutual Fund,Debt Scheme - Banking and PSU Fund
2020-02-03,119551,Aditya Birla Sun Life Banking & PSU Debt Fund  - DIRECT - IDCW,155.2432,Aditya Birla Sun Life Mutual Fund,Debt Scheme - Banking and PSU Fund
2020-02-04,119551,Aditya Birla Sun Life Banking & PSU Debt Fund  - DIRECT - IDCW,155.3587,Aditya Birla Sun Life Mutual Fund,Debt Scheme - Banking and PSU Fund
2020-02-05,119551,Aditya Birla Sun Life Banking & PSU Debt Fund  - DIRECT - IDCW,155.3768,Aditya Birla Sun Life Mutual Fund,Debt Scheme - Banking and PSU Fund
2020-02-06,119551,Aditya Birla Sun Life Banking & PSU Debt Fund  - DIRECT - IDCW,155.9182,Aditya Birla Sun Life Mutual Fund,Debt Scheme - Banking and PSU Fund
2020-02-07,119551,Aditya Birla Sun Life Banking & PSU Debt Fund  - DIRECT - IDCW,156.3627,Aditya Birla Sun Life Mutual Fund,Debt Scheme - Banking and PSU Fund
2020-02-10,119551,Aditya Birla Sun Life Banking & PSU Debt Fund  - DIRECT - IDCW,156.5138,Aditya Birla Sun Life Mutual Fund,Debt Scheme - Banking and PSU Fund
2020-02-11,119551,Aditya Birla Sun Life Banking & PSU Debt Fund  - DIRECT - IDCW,156.5581,Aditya Birla Sun Life Mutual Fund,Debt Scheme - Banking and PSU Fund
2020-02-12,119551,Aditya Birla Sun Life Banking & PSU Debt Fund  - DIRECT - IDCW,156.5516,Aditya Birla Sun Life Mutual Fund,Debt Scheme - Banking and PSU Fund
2020-02-13,119551,Aditya Birla Sun Life Banking & PSU Debt Fund  - DIRECT - IDCW,156.7233,Aditya Birla Sun Life Mutual Fund,Debt Scheme - Banking and PSU Fund
2020-02-14,119551,Aditya Birla Sun Life Banking & PSU Debt Fund  - DIRECT - IDCW,156.828,Aditya Birla Sun Life Mutual Fund,Debt Scheme - Banking and PSU Fund
2020-02-17,119551,Aditya Birla Sun Life Banking & PSU Debt Fund  - DIRECT - IDCW,157.0124,Aditya Birla Sun Life Mutual Fund,Debt Scheme - Banking and PSU Fund
2020-02-18,119551,Aditya Birla Sun Life Banking & PSU Debt Fund  - DIRECT - IDCW,156.9444,Aditya Birla Sun Life Mutual Fund,Debt Scheme - Banking and PSU Fund
2020-02-20,119551,Aditya Birla Sun Life Banking & PSU Debt Fund  - DIRECT - IDCW,156.9353,Aditya Birla Sun Life Mutual Fund,Debt Scheme - Banking and PSU Fund
2020-02-24,119551,Aditya Birla Sun Life Banking & PSU Debt Fund  - DIRECT - IDCW,157.1105,Aditya Birla Sun Life Mutual Fund,Debt Scheme - Banking and PSU Fund
2020-02-25,119551,Aditya Birla Sun Life Banking & PSU Debt Fund  - DIRECT - IDCW,157.0423,Aditya Birla Sun Life Mutual Fund,Debt Scheme - Banking and PSU Fund
2020-02-26,119551,Aditya Birla Sun Life Banking & PSU Debt Fund  - DIRECT - IDCW,147.7681,Aditya Birla Sun Life Mutual Fund,Debt Scheme - Banking and PSU Fund
2020-02-27,119551,Aditya Birla Sun Life Banking & PSU Debt Fund  - DIRECT - IDCW,147.6783,Aditya Birla Sun Life Mutual Fund,Debt Scheme - Banking and PSU Fund
2020-02-28,119551,Aditya Birla Sun Life Banking & PSU Debt Fund  - DIRECT - IDCW,147.542,Aditya Birla Sun Life Mutual Fund,Debt Scheme - Banking and PSU Fund
2020-03-02,119551,Aditya Birla Sun Life Banking & PSU Debt Fund  - DIRECT - IDCW,147.6198,Aditya Birla Sun Life Mutual Fund,Debt Scheme - Banking and PSU Fund
2020-03-03,119551,Aditya Birla Sun Life Banking & PSU Debt Fund  - DIRECT - IDCW,147.6457,Aditya Birla Sun Life Mutual Fund,Debt Scheme - Banking and PSU Fund
2020-03-04,119551,Aditya Birla Sun Life Banking & PSU Debt Fund  - DIRECT - IDCW,148.0648,Aditya Birla Sun Life Mutual Fund,Debt Scheme - Banking and PSU Fund
2020-03-05,119551,Aditya Birla Sun Life Banking & PSU Debt Fund  - DIRECT - IDCW,148.039,Aditya Birla Sun Life Mutual Fund,Debt Scheme - Banking and PSU Fund
2020-03-06,119551,Aditya Birla Sun Life Banking & PSU Debt Fund  - DIRECT - IDCW,148.22,Aditya Birla Sun Life Mutual Fund,Debt Scheme - Banking and PSU Fund
2020-03-09,119551,Aditya Birla Sun Life Banking & PSU Debt Fund  - DIRECT - IDCW,148.1911,Aditya Birla Sun Life Mutual Fund,Debt Scheme - Banking and PSU Fund
2020-03-11,119551,Aditya Birla Sun Life Banking & PSU Debt Fund  - DIRECT - IDCW,147.9299,Aditya Birla Sun Life Mutual Fund,Debt Scheme - Banking and PSU Fund
2020-03-12,119551,Aditya Birla Sun Life Banking & PSU Debt Fund  - DIRECT - IDCW,147.1302,Aditya Birla Sun Life Mutual Fund,Debt Scheme - Banking and PSU Fund
2020-03-13,119551,Aditya Birla Sun Life Banking & PSU Debt Fund  - DIRECT - IDCW,146.4248,Aditya Birla Sun Life Mutual Fund,Debt Scheme - Banking and PSU Fund
2020-03-16,119551,Aditya Birla Sun Life Banking & PSU Debt Fund  - DIRECT - IDCW,146.3857,Aditya Birla Sun Life Mutual Fund,Debt Scheme - Banking and PSU Fund
2020-03-17,119551,Aditya Birla Sun Life Banking & PSU Debt Fund  - DIRECT - IDCW,145.7796,Aditya Birla Sun Life Mutual Fund,Debt Scheme - Banking and PSU Fund
2020-03-18,119551,Aditya Birla Sun Life Banking & PSU Debt Fund  - DIRECT - IDCW,145.1779,Aditya Birla Sun Life Mutual Fund,Debt Scheme - Banking and PSU Fund
2020-03-19,119551,Aditya Birla Sun Life Banking & PSU Debt Fund  - DIRECT - IDCW,143.9765,Aditya Birla Sun Life Mutual Fund,Debt Scheme - Banking and PSU Fund
2020-03-20,119551,Aditya Birla Sun Life Banking & PSU Debt Fund  - DIRECT - IDCW,144.6272,Aditya Birla Sun Life Mutual Fund,Debt Scheme - Banking and PSU Fund
2020-03-23,119551,Aditya Birla Sun Life Banking & PSU Debt Fund  - DIRECT - IDCW,143.7194,Aditya Birla Sun Life Mutual Fund,Debt Scheme - Banking and PSU Fund
2020-03-24,119551,Aditya Birla Sun Life Banking & PSU Debt Fund  - DIRECT - IDCW,143.8304,Aditya Birla Sun Life Mutual Fund,Debt Scheme - Banking and PSU Fund
2020-03-26,119551,Aditya Birla Sun Life Banking & PSU Debt Fund  - DIRECT - IDCW,144.1796,Aditya Birla Sun Life Mutual Fund,Debt Scheme - Banking and PSU Fund
2020-03-27,119551,Aditya Birla Sun Life Banking & PSU Debt Fund  - DIRECT - IDCW,147.851,Aditya Birla Sun Life Mutual Fund,Debt Scheme - Banking and PSU Fund
2020-03-30,119551,Aditya Birla Sun Life Banking & PSU Debt Fund  - DIRECT - IDCW,147.6988,Aditya Birla Sun Life Mutual Fund,Debt Scheme - Banking and PSU Fund
2020-03-31,119551,Aditya Birla Sun Life Banking & PSU Debt Fund  - DIRECT - IDCW,148.1709,Aditya Birla Sun Life Mutual Fund,Debt Scheme - Banking and PSU Fund
2020-04-03,119551,Aditya Birla Sun Life Banking & PSU Debt Fund  - DIRECT - IDCW,147.8815,Aditya Birla Sun Life Mutual Fund,Debt Scheme - Banking and PSU Fund
2020-04-07,119551,Aditya Birla Sun Life Banking & PSU Debt Fund  - DIRECT - IDCW,147.1769,Aditya Birla Sun Life Mutual Fund,Debt Scheme - Banking and PSU Fund
2020-04-08,119551,Aditya Birla Sun Life Banking & PSU Debt Fund  - DIRECT - IDCW,146.4112,Aditya Birla Sun Life Mutual Fund,Debt Scheme - Banking and PSU Fund
2020-04-09,119551,Aditya Birla Sun Life Banking & PSU Debt Fund  - DIRECT - IDCW,146.4196,Aditya Birla Sun Life Mutual Fund,Debt Scheme - Banking and PSU Fund
2020-04-13,119551,Aditya Birla Sun Life Banking & PSU Debt Fund  - DIRECT - IDCW,146.5785,Aditya Birla Sun Life Mutual Fund,Debt Scheme - Banking and PSU Fund
2020-04-15,119551,Aditya Birla Sun Life Banking & PSU Debt Fund  - DIRECT - IDCW,146.8633,Aditya Birla Sun Life Mutual Fund,Debt Scheme - Banking and PSU Fund
2020-04-16,119551,Aditya Birla Sun Life Banking & PSU Debt Fund  - DIRECT - IDCW,147.1239,Aditya Birla Sun Life Mutual Fund,Debt Scheme - Banking and PSU Fund
2020-04-17,119551,Aditya Birla Sun Life Banking & PSU Debt Fund  - DIRECT - IDCW,147.947,Aditya Birla Sun Life Mutual Fund,Debt Scheme - Banking and PSU Fund
2020-04-20,119551,Aditya Birla Sun Life Banking & PSU Debt Fund  - DIRECT - IDCW,148.7201,Aditya Birla Sun Life Mutual Fund,Debt Scheme - Banking and PSU Fund
2020-04-21,119551,Aditya Birla Sun Life Banking & PSU Debt Fund  - DIRECT - IDCW,149.0212,Aditya Birla Sun Life Mutual Fund,Debt Scheme - Banking and PSU Fund
2020-04-22,119551,Aditya Birla Sun Life Banking & PSU Debt Fund  - DIRECT - IDCW,149.0793,Aditya Birla Sun Life Mutual Fund,Debt Scheme - Banking and PSU Fund
2020-04-23,119551,Aditya Birla Sun Life Banking & PSU Debt Fund  - DIRECT - IDCW,149.5527,Aditya Birla Sun Life Mutual Fund,Debt Scheme - Banking and PSU Fund
2020-04-24,119551,Aditya Birla Sun Life Banking & PSU Debt Fund  - DIRECT - IDCW,148.6647,Aditya Birla Sun Life Mutual Fund,Debt Scheme - Banking and PSU Fund
2020-04-27,119551,Aditya Birla Sun Life Banking & PSU Debt Fund  - DIRECT - IDCW,148.6922,Aditya Birla Sun Life Mutual Fund,Debt Scheme - Banking and PSU Fund
2020-04-28,119551,Aditya Birla Sun Life Banking & PSU Debt Fund  - DIRECT - IDCW,148.5148,Aditya Birla Sun Life Mutual Fund,Debt Scheme - Banking and PSU Fund
2020-04-29,119551,Aditya Birla Sun Life Banking & PSU Debt Fund  - DIRECT - IDCW,148.549,Aditya Birla Sun Life Mutual Fund,Debt Scheme - Banking and PSU Fund
2020-04-30,119551,Aditya Birla Sun Life Banking & PSU Debt Fund  - DIRECT - IDCW,148.6556,Aditya Birla Sun Life Mutual Fund,Debt Scheme - Banking and PSU Fund
2020-05-04,119551,Aditya Birla Sun Life Banking & PSU Debt Fund  - DIRECT - IDCW,149.0855,Aditya Birla Sun Life Mutual Fund,Debt Scheme - Banking and PSU Fund
2020-05-05,119551,Aditya Birla Sun Life Banking & PSU Debt Fund  - DIRECT - IDCW,149.4229,Aditya Birla Sun Life Mutual Fund,Debt Scheme - Banking and PSU Fund
2020-05-06,119551,Aditya Birla Sun Life Banking & PSU Debt Fund  - DIRECT - IDCW,149.8549,Aditya Birla Sun Life Mutual Fund,Debt Scheme - Banking and PSU Fund
2020-05-08,119551,Aditya Birla Sun Life Banking & PSU Debt Fund  - DIRECT - IDCW,150.1326,Aditya Birla Sun Life Mutual Fund,Debt Scheme - Banking and PSU Fund
2020-05-11,119551,Aditya Birla Sun Life Banking & PSU Debt Fund  - DIRECT - IDCW,149.6699,Aditya Birla Sun Life Mutual Fund,Debt Scheme - Banking and PSU Fund
2020-05-12,119551,Aditya Birla Sun Life Banking & PSU Debt Fund  - DIRECT - IDCW,149.9687,Aditya Birla Sun Life Mutual Fund,Debt Scheme - Banking and PSU Fund
2020-05-13,119551,Aditya Birla Sun Life Banking & PSU Debt Fund  - DIRECT - IDCW,150.1633,Aditya Birla Sun Life Mutual Fund,Debt Scheme - Banking and PSU Fund
2020-05-14,119551,Aditya Birla Sun Life Banking & PSU Debt Fund  - DIRECT - IDCW,150.5497,Aditya Birla Sun Life Mutual Fund,Debt Scheme - Banking and PSU Fund
2020-05-15,119551,Aditya Birla Sun Life Banking & PSU Debt Fund  - DIRECT - IDCW,150.5483,Aditya Birla Sun Life Mutual Fund,Debt Scheme - Banking and PSU Fund
2020-05-18,119551,Aditya Birla Sun Life Banking & PSU Debt Fund  - DIRECT - IDCW,150.7375,Aditya Birla Sun Life Mutual Fund,Debt Scheme - Banking and PSU Fund
2020-05-19,119551,Aditya Birla Sun Life Banking & PSU Debt Fund  - DIRECT - IDCW,150.8998,Aditya Birla Sun Life Mutual Fund,Debt Scheme - Banking and PSU Fund
2020-05-20,119551,Aditya Birla Sun Life Banking & PSU Debt Fund  - DIRECT - IDCW,151.0347,Aditya Birla Sun Life Mutual Fund,Debt Scheme - Banking and PSU Fund
2020-05-21,119551,Aditya Birla Sun Life Banking & PSU Debt Fund  - DIRECT - IDCW,151.1568,Aditya Birla Sun Life Mutual Fund,Debt Scheme - Banking and PSU Fund
2020-05-22,119551,Aditya Birla Sun Life Banking & PSU Debt Fund  - DIRECT - IDCW,151.835,Aditya Birla Sun Life Mutual Fund,Debt Scheme - Banking and PSU Fund
2020-05-26,119551,Aditya Birla Sun Life Banking & PSU Debt Fund  - DIRECT - IDCW,151.9123,Aditya Birla Sun Life Mutual Fund,Debt Scheme - Banking and PSU Fund
2020-05-27,119551,Aditya Birla Sun Life Banking & PSU Debt Fund  - DIRECT - IDCW,151.8831,Aditya Birla Sun Life Mutual Fund,Debt Scheme - Banking and PSU Fund
2020-05-28,119551,Aditya Birla Sun Life Banking & PSU Debt Fund  - DIRECT - IDCW,151.8499,Aditya Birla Sun Life Mutual Fund,Debt Scheme - Banking and PSU Fund
2020-05-29,119551,Aditya Birla Sun Life Banking & PSU Debt Fund  - DIRECT - IDCW,151.8458,Aditya Birla Sun Life Mutual Fund,Debt Scheme - Banking and PSU Fund
2020-06-01,119551,Aditya Birla Sun Life Banking & PSU Debt Fund  - DIRECT - IDCW,151.7027,Aditya Birla Sun Life Mutual Fund,Debt Scheme - Banking and PSU Fund
2020-06-02,119551,Aditya Birla Sun Life Banking & PSU Debt Fund  - DIRECT - IDCW,151.5887,Aditya Birla Sun Life Mutual Fund,Debt Scheme - Banking and PSU Fund
2020-06-03,119551,Aditya Birla Sun Life Banking & PSU Debt Fund  - DIRECT - IDCW,151.7291,Aditya Birla Sun Life Mutual Fund,Debt Scheme - Banking and PSU Fund
2020-06-04,119551,Aditya Birla Sun Life Banking & PSU Debt Fund  - DIRECT - IDCW,151.7144,Aditya Birla Sun Life Mutual Fund,Debt Scheme - Banking and PSU Fund
2020-06-05,119551,Aditya Birla Sun Life Banking & PSU Debt Fund  - DIRECT - IDCW,151.7947,Aditya Birla Sun Life Mutual Fund,Debt Scheme - Banking and PSU Fund
2020-06-08,119551,Aditya Birla Sun Life Banking & PSU Debt Fund  - DIRECT - IDCW,151.7545,Aditya Birla Sun Life Mutual Fund,Debt Scheme - Banking and PSU Fund
2020-06-09,119551,Aditya Birla Sun Life Banking & PSU Debt Fund  - DIRECT - IDCW,151.8323,Aditya Birla Sun Life Mutual Fund,Debt Scheme - Banking and PSU Fund
2020-06-10,119551,Aditya Birla Sun Life Banking & PSU Debt Fund  - DIRECT - IDCW,151.9285,Aditya Birla Sun Life Mutual Fund,Debt Scheme - Banking and PSU Fund
2020-06-11,119551,Aditya Birla Sun Life Banking & PSU Debt Fund  - DIRECT - IDCW,152.0797,Aditya Birla Sun Life Mutual Fund,Debt Scheme - Banking and PSU Fund
2020-06-12,119551,Aditya Birla Sun Life Banking & PSU Debt Fund  - DIRECT - IDCW,152.1202,Aditya Birla Sun Life Mutual Fund,Debt Scheme - Banking and PSU Fund
2020-06-15,119551,Aditya Birla Sun Life Banking & PSU Debt Fund  - DIRECT - IDCW,152.2922,Aditya Birla Sun Life Mutual Fund,Debt Scheme - Banking and PSU Fund
2020-06-16,119551,Aditya Birla Sun Life Banking & PSU Debt Fund  - DIRECT - IDCW,152.463,Aditya Birla Sun Life Mutual Fund,Debt Scheme - Banking and PSU Fund
2020-06-17,119551,Aditya Birla Sun Life Banking & PSU Debt Fund  - DIRECT - IDCW,152.6873,Aditya Birla Sun Life Mutual Fund,Debt Scheme - Banking and PSU Fund
2020-06-18,119551,Aditya Birla Sun Life Banking & PSU Debt Fund  - DIRECT - IDCW,152.9942,Aditya Birla Sun Life Mutual Fund,Debt Scheme - Banking and PSU Fund
2020-06-19,119551,Aditya Birla Sun Life Banking & PSU Debt Fund  - DIRECT - IDCW,153.2792,Aditya Birla Sun Life Mutual Fund,Debt Scheme - Banking and PSU Fund
2020-06-22,119551,Aditya Birla Sun Life Banking & PSU Debt Fund  - DIRECT - IDCW,153.438,Aditya Birla Sun Life Mutual Fund,Debt Scheme - Banking and PSU Fund
2020-06-23,119551,Aditya Birla Sun Life Banking & PSU Debt Fund  - DIRECT - IDCW,153.6661,Aditya Birla Sun Life Mutual Fund,Debt Scheme - Banking and PSU Fund
2020-06-24,119551,Aditya Birla Sun Life Banking & PSU Debt Fund  - DIRECT - IDCW,153.6871,Aditya Birla Sun Life Mutual Fund,Debt Scheme - Banking and PSU Fund
2020-06-25,119551,Aditya Birla Sun Life Banking & PSU Debt Fund  - DIRECT - IDCW,153.8658,Aditya Birla Sun Life Mutual Fund,Debt Scheme - Banking and PSU Fund
2020-06-26,119551,Aditya Birla Sun Life Banking & PSU Debt Fund  - DIRECT - IDCW,154.0384,Aditya Birla Sun Life Mutual Fund,Debt Scheme - Banking and PSU Fund
2020-06-29,119551,Aditya Birla Sun Life Banking & PSU Debt Fund  - DIRECT - IDCW,154.1954,Aditya Birla Sun Life Mutual Fund,Debt Scheme - Banking and PSU Fund
2020-06-30,119551,Aditya Birla Sun Life Banking & PSU Debt Fund  - DIRECT - IDCW,154.3407,Aditya Birla Sun Life Mutual Fund,Debt Scheme - Banking and PSU Fund
2020-07-01,119551,Aditya Birla Sun Life Banking & PSU Debt Fund  - DIRECT - IDCW,154.4707,Aditya Birla Sun Life Mutual Fund,Debt Scheme - Banking and PSU Fund
2020-07-02,119551,Aditya Birla Sun Life Banking & PSU Debt Fund  - DIRECT - IDCW,154.6381,Aditya Birla Sun Life Mutual Fund,Debt Scheme - Banking and PSU Fund
2020-07-03,119551,Aditya Birla Sun Life Banking & PSU Debt Fund  - DIRECT - IDCW,154.7628,Aditya Birla Sun Life Mutual Fund,Debt Scheme - Banking and PSU Fund
2020-07-06,119551,Aditya Birla Sun Life Banking & PSU Debt Fund  - DIRECT - IDCW,154.9799,Aditya Birla Sun Life Mutual Fund,Debt Scheme - Banking and PSU Fund
2020-07-07,119551,Aditya Birla Sun Life Banking & PSU Debt Fund  - DIRECT - IDCW,155.2208,Aditya Birla Sun Life Mutual Fund,Debt Scheme - Banking and PSU Fund
2020-07-08,119551,Aditya Birla Sun Life Banking & PSU Debt Fund  - DIRECT - IDCW,155.4959,Aditya Birla Sun Life Mutual Fund,Debt Scheme - Banking and PSU Fund
2020-07-09,119551,Aditya Birla Sun Life Banking & PSU Debt Fund  - DIRECT - IDCW,155.6112,Aditya Birla Sun Life Mutual Fund,Debt Scheme - Banking and PSU Fund
2020-07-10,119551,Aditya Birla Sun Life Banking & PSU Debt Fund  - DIRECT - IDCW,155.929,Aditya Birla Sun Life Mutual Fund,Debt Scheme - Banking and PSU Fund
2020-07-13,119551,Aditya Birla Sun Life Banking & PSU Debt Fund  - DIRECT - IDCW,156.0307,Aditya Birla Sun Life Mutual Fund,Debt Scheme - Banking and PSU Fund
2020-07-14,119551,Aditya Birla Sun Life Banking & PSU Debt Fund  - DIRECT - IDCW,155.9369,Aditya Birla Sun Life Mutual Fund,Debt Scheme - Banking and PSU Fund
2020-07-15,119551,Aditya Birla Sun Life Banking & PSU Debt Fund  - DIRECT - IDCW,156.1332,Aditya Birla Sun Life Mutual Fund,Debt Scheme - Banking and PSU Fund
2020-07-16,119551,Aditya Birla Sun Life Banking & PSU Debt Fund  - DIRECT - IDCW,156.1683,Aditya Birla Sun Life Mutual Fund,Debt Scheme - Banking and PSU Fund
2020-07-17,119551,Aditya Birla Sun Life Banking & PSU Debt Fund  - DIRECT - IDCW,156.2261,Aditya Birla Sun Life Mutual Fund,Debt Scheme - Banking and PSU Fund
2020-07-20,119551,Aditya Birla Sun Life Banking & PSU Debt Fund  - DIRECT - IDCW,156.312,Aditya Birla Sun Life Mutual Fund,Debt Scheme - Banking and PSU Fund
2020-07-21,119551,Aditya Birla Sun Life Banking & PSU Debt Fund  - DIRECT - IDCW,156.218,Aditya Birla Sun Life Mutual Fund,Debt Scheme - Banking and PSU Fund
2020-07-22,119551,Aditya Birla Sun Life Banking & PSU Debt Fund  - DIRECT - IDCW,156.1462,Aditya Birla Sun Life Mutual Fund,Debt Scheme - Banking and PSU Fund
2020-07-23,119551,Aditya Birla Sun Life Banking & PSU Debt Fund  - DIRECT - IDCW,156.2261,Aditya Birla Sun Life Mutual Fund,Debt Scheme - Banking and PSU Fund
2020-07-24,119551,Aditya Birla Sun Life Banking & PSU Debt Fund  - DIRECT - IDCW,156.2363,Aditya Birla Sun Life Mutual Fund,Debt Scheme - Banking and PSU Fund
2020-07-27,119551,Aditya Birla Sun Life Banking & PSU Debt Fund  - DIRECT - IDCW,156.1419,Aditya Birla Sun Life Mutual Fund,Debt Scheme - Banking and PSU Fund
2020-07-28,119551,Aditya Birla Sun Life Banking & PSU Debt Fund  - DIRECT - IDCW,156.0234,Aditya Birla Sun Life Mutual Fund,Debt Scheme - Banking and PSU Fund
2020-07-29,119551,Aditya Birla Sun Life Banking & PSU Debt Fund  - DIRECT - IDCW,156.0698,Aditya Birla Sun Life Mutual Fund,Debt Scheme - Banking and PSU Fund
2020-07-30,119551,Aditya Birla Sun Life Banking & PSU Debt Fund  - DIRECT - IDCW,156.1385,Aditya Birla Sun Life Mutual Fund,Debt Scheme - Banking and PSU Fund
2020-07-31,119551,Aditya Birla Sun Life Banking & PSU Debt Fund  - DIRECT - IDCW,156.2908,Aditya Birla Sun Life Mutual Fund,Debt Scheme - Banking and PSU Fund
2020-08-03,119551,Aditya Birla Sun Life Banking & PSU Debt Fund  - DIRECT - IDCW,156.3569,Aditya Birla Sun Life Mutual Fund,Debt Scheme - Banking and PSU Fund
2020-08-04,119551,Aditya Birla Sun Life Banking & PSU Debt Fund  - DIRECT - IDCW,156.4151,Aditya Birla Sun Life Mutual Fund,Debt Scheme - Banking and PSU Fund
2020-08-05,119551,Aditya Birla Sun Life Banking & PSU Debt Fund  - DIRECT - IDCW,156.4515,Aditya Birla Sun Life Mutual Fund,Debt Scheme - Banking and PSU Fund
2020-08-06,119551,Aditya Birla Sun Life Banking & PSU Debt Fund  - DIRECT - IDCW,156.273,Aditya Birla Sun Life Mutual Fund,Debt Scheme - Banking and PSU Fund
2020-08-07,119551,Aditya Birla Sun Life Banking & PSU Debt Fund  - DIRECT - IDCW,156.1963,Aditya Birla Sun Life Mutual Fund,Debt Scheme - Banking and PSU Fund
2020-08-10,119551,Aditya Birla Sun Life Banking & PSU Debt Fund  - DIRECT - IDCW,156.1579,Aditya Birla Sun Life Mutual Fund,Debt Scheme - Banking and PSU Fund
2020-08-11,119551,Aditya Birla Sun Life Banking & PSU Debt Fund  - DIRECT - IDCW,156.1703,Aditya Birla Sun Life Mutual Fund,Debt Scheme - Banking and PSU Fund
2020-08-12,119551,Aditya Birla Sun Life Banking & PSU Debt Fund  - DIRECT - IDCW,156.1023,Aditya Birla Sun Life Mutual Fund,Debt Scheme - Banking and PSU Fund
2020-08-13,119551,Aditya Birla Sun Life Banking & PSU Debt Fund  - DIRECT - IDCW,156.2204,Aditya Birla Sun Life Mutual Fund,Debt Scheme - Banking and PSU Fund
2020-08-14,119551,Aditya Birla Sun Life Banking & PSU Debt Fund  - DIRECT - IDCW,156.1109,Aditya Birla Sun Life Mutual Fund,Debt Scheme - Banking and PSU Fund
2020-08-17,119551,Aditya Birla Sun Life Banking & PSU Debt Fund  - DIRECT - IDCW,156.1178,Aditya Birla Sun Life Mutual Fund,Debt Scheme - Banking and PSU Fund
2020-08-18,119551,Aditya Birla Sun Life Banking & PSU Debt Fund  - DIRECT - IDCW,156.0848,Aditya Birla Sun Life Mutual Fund,Debt Scheme - Banking and PSU Fund
2020-08-19,119551,Aditya Birla Sun Life Banking & PSU Debt Fund  - DIRECT - IDCW,156.0408,Aditya Birla Sun Life Mutual Fund,Debt Scheme - Banking and PSU Fund
2020-08-20,119551,Aditya Birla Sun Life Banking & PSU Debt Fund  - DIRECT - IDCW,156.1183,Aditya Birla Sun Life Mutual Fund,Debt Scheme - Banking and PSU Fund
2020-08-21,119551,Aditya Birla Sun Life Banking & PSU Debt Fund  - DIRECT - IDCW,155.6426,Aditya Birla Sun Life Mutual Fund,Debt Scheme - Banking and PSU Fund
2020-08-24,119551,Aditya Birla Sun Life Banking & PSU Debt Fund  - DIRECT - IDCW,155.3393,Aditya Birla Sun Life Mutual Fund,Debt Scheme - Banking and PSU Fund
2020-08-25,119551,Aditya Birla Sun Life Banking & PSU Debt Fund  - DIRECT - IDCW,155.4841,Aditya Birla Sun Life Mutual Fund,Debt Scheme - Banking and PSU Fund
2020-08-26,119551,Aditya Birla Sun Life Banking & PSU Debt Fund  - DIRECT - IDCW,155.3989,Aditya Birla Sun Life Mutual Fund,Debt Scheme - Banking and PSU Fund
2020-08-27,119551,Aditya Birla Sun Life Banking & PSU Debt Fund  - DIRECT - IDCW,155.293,Aditya Birla Sun Life Mutual Fund,Debt Scheme - Banking and PSU Fund
2020-08-28,119551,Aditya Birla Sun Life Banking & PSU Debt Fund  - DIRECT - IDCW,155.1542,Aditya Birla Sun Life Mutual Fund,Debt Scheme - Banking and PSU Fund
2020-08-31,119551,Aditya Birla Sun Life Banking & PSU Debt Fund  - DIRECT - IDCW,155.7972,Aditya Birla Sun Life Mutual Fund,Debt Scheme - Banking and PSU Fund
2020-09-01,119551,Aditya Birla Sun Life Banking & PSU Debt Fund  - DIRECT - IDCW,156.4621,Aditya Birla Sun Life Mutual Fund,Debt Scheme - Banking and PSU Fund
2020-09-02,119551,Aditya Birla Sun Life Banking & PSU Debt Fund  - DIRECT - IDCW,156.5163,Aditya Birla Sun Life Mutual Fund,Debt Scheme - Banking and PSU Fund
2020-09-03,119551,Aditya Birla Sun Life Banking & PSU Debt Fund  - DIRECT - IDCW,156.7417,Aditya Birla Sun Life Mutual Fund,Debt Scheme - Banking and PSU Fund
2020-09-04,119551,Aditya Birla Sun Life Banking & PSU Debt Fund  - DIRECT - IDCW,156.774,Aditya Birla Sun Life Mutual Fund,Debt Scheme - Banking and PSU Fund
2020-09-07,119551,Aditya Birla Sun Life Banking & PSU Debt Fund  - DIRECT - IDCW,156.5535,Aditya Birla Sun Life Mutual Fund,Debt Scheme - Banking and PSU Fund
2020-09-08,119551,Aditya Birla Sun Life Banking & PSU Debt Fund  - DIRECT - IDCW,156.1916,Aditya Birla Sun Life Mutual Fund,Debt Scheme - Banking and PSU Fund
2020-09-09,119551,Aditya Birla Sun Life Banking & PSU Debt Fund  - DIRECT - IDCW,156.2123,Aditya Birla Sun Life Mutual Fund,Debt Scheme - Banking and PSU Fund
2020-09-10,119551,Aditya Birla Sun Life Banking & PSU Debt Fund  - DIRECT - IDCW,156.1513,Aditya Birla Sun Life Mutual Fund,Debt Scheme - Banking and PSU Fund
2020-09-11,119551,Aditya Birla Sun Life Banking & PSU Debt Fund  - DIRECT - IDCW,156.1152,Aditya Birla Sun Life Mutual Fund,Debt Scheme - Banking and PSU Fund
2020-09-14,119551,Aditya Birla Sun Life Banking & PSU Debt Fund  - DIRECT - IDCW,156.1284,Aditya Birla Sun Life Mutual Fund,Debt Scheme - Banking and PSU Fund
2020-09-15,119551,Aditya Birla Sun Life Banking & PSU Debt Fund  - DIRECT - IDCW,156.0004,Aditya Birla Sun Life Mutual Fund,Debt Scheme - Banking and PSU Fund
2020-09-16,119551,Aditya Birla Sun Life Banking & PSU Debt Fund  - DIRECT - IDCW,156.1146,Aditya Birla Sun Life Mutual Fund,Debt Scheme - Banking and PSU Fund
2020-09-17,119551,Aditya Birla Sun Life Banking & PSU Debt Fund  - DIRECT - IDCW,156.1649,Aditya Birla Sun Life Mutual Fund,Debt Scheme - Banking and PSU Fund
2020-09-18,119551,Aditya Birla Sun Life Banking & PSU Debt Fund  - DIRECT - IDCW,156.2039,Aditya Birla Sun Life Mutual Fund,Debt Scheme - Banking and PSU Fund
2020-09-21,119551,Aditya Birla Sun Life Banking & PSU Debt Fund  - DIRECT - IDCW,156.2995,Aditya Birla Sun Life Mutual Fund,Debt Scheme - Banking and PSU Fund
2020-09-22,119551,Aditya Birla Sun Life Banking & PSU Debt Fund  - DIRECT - IDCW,156.3459,Aditya Birla Sun Life Mutual Fund,Debt Scheme - Banking and PSU Fund
2020-09-23,119551,Aditya Birla Sun Life Banking & PSU Debt Fund  - DIRECT - IDCW,156.4026,Aditya Birla Sun Life Mutual Fund,Debt Scheme - Banking and PSU Fund
2020-09-24,119551,Aditya Birla Sun Life Banking & PSU Debt Fund  - DIRECT - IDCW,156.37,Aditya Birla Sun Life Mutual Fund,Debt Scheme - Banking and PSU Fund
2020-09-25,119551,Aditya Birla Sun Life Banking & PSU Debt Fund  - DIRECT - IDCW,156.3293,Aditya Birla Sun Life Mutual Fund,Debt Scheme - Banking and PSU Fund
2020-09-28,119551,Aditya Birla Sun Life Banking & PSU Debt Fund  - DIRECT - IDCW,156.3511,Aditya Birla Sun Life Mutual Fund,Debt Scheme - Banking and PSU Fund
2020-09-29,119551,Aditya Birla Sun Life Banking & PSU Debt Fund  - DIRECT - IDCW,156.3187,Aditya Birla Sun Life Mutual Fund,Debt Scheme - Banking and PSU Fund
2020-09-30,119551,Aditya Birla Sun Life Banking & PSU Debt Fund  - DIRECT - IDCW,156.4483,Aditya Birla Sun Life Mutual Fund,Debt Scheme - Banking and PSU Fund
2020-10-01,119551,Aditya Birla Sun Life Banking & PSU Debt Fund  - DIRECT - IDCW,156.6388,Aditya Birla Sun Life Mutual Fund,Debt Scheme - Banking and PSU Fund
2020-10-05,119551,Aditya Birla Sun Life Banking & PSU Debt Fund  - DIRECT - IDCW,156.763,Aditya Birla Sun Life Mutual Fund,Debt Scheme - Banking and PSU Fund
2020-10-06,119551,Aditya Birla Sun Life Banking & PSU Debt Fund  - DIRECT - IDCW,156.8394,Aditya Birla Sun Life Mutual Fund,Debt Scheme - Banking and PSU Fund
2020-10-07,119551,Aditya Birla Sun Life Banking & PSU Debt Fund  - DIRECT - IDCW,156.9459,Aditya Birla Sun Life Mutual Fund,Debt Scheme - Banking and PSU Fund
2020-10-08,119551,Aditya Birla Sun Life Banking & PSU Debt Fund  - DIRECT - IDCW,157.086,Aditya Birla Sun Life Mutual Fund,Debt Scheme - Banking and PSU Fund
2020-10-09,119551,Aditya Birla Sun Life Banking & PSU Debt Fund  - DIRECT - IDCW,157.7498,Aditya Birla Sun Life Mutual Fund,Debt Scheme - Banking and PSU Fund
2020-10-12,119551,Aditya Birla Sun Life Banking & PSU Debt Fund  - DIRECT - IDCW,157.882,Aditya Birla Sun Life Mutual Fund,Debt Scheme - Banking and PSU Fund
2020-10-13,119551,Aditya Birla Sun Life Banking & PSU Debt Fund  - DIRECT - IDCW,158.0762,Aditya Birla Sun Life Mutual Fund,Debt Scheme - Banking and PSU Fund
2020-10-14,119551,Aditya Birla Sun Life Banking & PSU Debt Fund  - DIRECT - IDCW,158.1982,Aditya Birla Sun Life Mutual Fund,Debt Scheme - Banking and PSU Fund
2020-10-15,119551,Aditya Birla Sun Life Banking & PSU Debt Fund  - DIRECT - IDCW,158.3381,Aditya Birla Sun Life Mutual Fund,Debt Scheme - Banking and PSU Fund
2020-10-16,119551,Aditya Birla Sun Life Banking & PSU Debt Fund  - DIRECT - IDCW,158.3327,Aditya Birla Sun Life Mutual Fund,Debt Scheme - Banking and PSU Fund
2020-10-19,119551,Aditya Birla Sun Life Banking & PSU Debt Fund  - DIRECT - IDCW,158.4601,Aditya Birla Sun Life Mutual Fund,Debt Scheme - Banking and PSU Fund
2020-10-20,119551,Aditya Birla Sun Life Banking & PSU Debt Fund  - DIRECT - IDCW,158.5896,Aditya Birla Sun Life Mutual Fund,Debt Scheme - Banking and PSU Fund
2020-10-21,119551,Aditya Birla Sun Life Banking & PSU Debt Fund  - DIRECT - IDCW,158.5983,Aditya Birla Sun Life Mutual Fund,Debt Scheme - Banking and PSU Fund
2020-10-22,119551,Aditya Birla Sun Life Banking & PSU Debt Fund  - DIRECT - IDCW,158.5705,Aditya Birla Sun Life Mutual Fund,Debt Scheme - Banking and PSU Fund
2020-10-23,119551,Aditya Birla Sun Life Banking & PSU Debt Fund  - DIRECT - IDCW,158.6936,Aditya Birla Sun Life Mutual Fund,Debt Scheme - Banking and PSU Fund
2020-10-26,119551,Aditya Birla Sun Life Banking & PSU Debt Fund  - DIRECT - IDCW,158.8975,Aditya Birla Sun Life Mutual Fund,Debt Scheme - Banking and PSU Fund
2020-10-27,119551,Aditya Birla Sun Life Banking & PSU Debt Fund  - DIRECT - IDCW,158.8713,Aditya Birla Sun Life Mutual Fund,Debt Scheme - Banking and PSU Fund
2020-10-28,119551,Aditya Birla Sun Life Banking & PSU Debt Fund  - DIRECT - IDCW,158.857,Aditya Birla Sun Life Mutual Fund,Debt Scheme - Banking and PSU Fund
2020-10-29,119551,Aditya Birla Sun Life Banking & PSU Debt Fund  - DIRECT - IDCW,158.8367,Aditya Birla Sun Life Mutual Fund,Debt Scheme - Banking and PSU Fund
2020-11-02,119551,Aditya Birla Sun Life Banking & PSU Debt Fund  - DIRECT - IDCW,158.9295,Aditya Birla Sun Life Mutual Fund,Debt Scheme - Banking and PSU Fund
2020-11-03,119551,Aditya Birla Sun Life Banking & PSU Debt Fund  - DIRECT - IDCW,158.9366,Aditya Birla Sun Life Mutual Fund,Debt Scheme - Banking and PSU Fund
2020-11-04,119551,Aditya Birla Sun Life Banking & PSU Debt Fund  - DIRECT - IDCW,158.9374,Aditya Birla Sun Life Mutual Fund,Debt Scheme - Banking and PSU Fund
2020-11-05,119551,Aditya Birla Sun Life Banking & PSU Debt Fund  - DIRECT - IDCW,159.1355,Aditya Birla Sun Life Mutual Fund,Debt Scheme - Banking and PSU Fund
2020-11-06,119551,Aditya Birla Sun Life Banking & PSU Debt Fund  - DIRECT - IDCW,159.2468,Aditya Birla Sun Life Mutual Fund,Debt Scheme - Banking and PSU Fund
2020-11-09,119551,Aditya Birla Sun Life Banking & PSU Debt Fund  - DIRECT - IDCW,159.2568,Aditya Birla Sun Life Mutual Fund,Debt Scheme - Banking and PSU Fund
2020-11-10,119551,Aditya Birla Sun Life Banking & PSU Debt Fund  - DIRECT - IDCW,159.229,Aditya Birla Sun Life Mutual Fund,Debt Scheme - Banking and PSU Fund
2020-11-11,119551,Aditya Birla Sun Life Banking & PSU Debt Fund  - DIRECT - IDCW,159.2531,Aditya Birla Sun Life Mutual Fund,Debt Scheme - Banking and PSU Fund
2020-11-12,119551,Aditya Birla Sun Life Banking & PSU Debt Fund  - DIRECT - IDCW,159.3624,Aditya Birla Sun Life Mutual Fund,Debt Scheme - Banking and PSU Fund
2020-11-13,119551,Aditya Birla Sun Life Banking & PSU Debt Fund  - DIRECT - IDCW,159.4146,Aditya Birla Sun Life Mutual Fund,Debt Scheme - Banking and PSU Fund
2020-11-17,119551,Aditya Birla Sun Life Banking & PSU Debt Fund  - DIRECT - IDCW,159.5333,Aditya Birla Sun Life Mutual Fund,Debt Scheme - Banking and PSU Fund
2020-11-18,119551,Aditya Birla Sun Life Banking & PSU Debt Fund  - DIRECT - IDCW,159.5898,Aditya Birla Sun Life Mutual Fund,Debt Scheme - Banking and PSU Fund
2020-11-19,119551,Aditya Birla Sun Life Banking & PSU Debt Fund  - DIRECT - IDCW,159.7636,Aditya Birla Sun Life Mutual Fund,Debt Scheme - Banking and PSU Fund
2020-11-20,119551,Aditya Birla Sun Life Banking & PSU Debt Fund  - DIRECT - IDCW,159.8527,Aditya Birla Sun Life Mutual Fund,Debt Scheme - Banking and PSU Fund
2020-11-23,119551,Aditya Birla Sun Life Banking & PSU Debt Fund  - DIRECT - IDCW,159.9304,Aditya Birla Sun Life Mutual Fund,Debt Scheme - Banking and PSU Fund
2020-11-24,119551,Aditya Birla Sun Life Banking & PSU Debt Fund  - DIRECT - IDCW,159.983,Aditya Birla Sun Life Mutual Fund,Debt Scheme - Banking and PSU Fund
2020-11-25,119551,Aditya Birla Sun Life Banking & PSU Debt Fund  - DIRECT - IDCW,160.1039,Aditya Birla Sun Life Mutual Fund,Debt Scheme - Banking and PSU Fund
2020-11-26,119551,Aditya Birla Sun Life Banking & PSU Debt Fund  - DIRECT - IDCW,160.2708,Aditya Birla Sun Life Mutual Fund,Debt Scheme - Banking and PSU Fund
2020-11-27,119551,Aditya Birla Sun Life Banking & PSU Debt Fund  - DIRECT - IDCW,160.2778,Aditya Birla Sun Life Mutual Fund,Debt Scheme - Banking and PSU Fund
2020-12-01,119551,Aditya Birla Sun Life Banking & PSU Debt Fund  - DIRECT - IDCW,160.2519,Aditya Birla Sun Life Mutual Fund,Debt Scheme - Banking and PSU Fund
2020-12-02,119551,Aditya Birla Sun Life Banking & PSU Debt Fund  - DIRECT - IDCW,160.1204,Aditya Birla Sun Life Mutual Fund,Debt Scheme - Banking and PSU Fund
2020-12-03,119551,Aditya Birla Sun Life Banking & PSU Debt Fund  - DIRECT - IDCW,160.1281,Aditya Birla Sun Life Mutual Fund,Debt Scheme - Banking and PSU Fund
2020-12-04,119551,Aditya Birla Sun Life Banking & PSU Debt Fund  - DIRECT - IDCW,160.3103,Aditya Birla Sun Life Mutual Fund,Debt Scheme - Banking and PSU Fund
2020-12-07,119551,Aditya Birla Sun Life Banking & PSU Debt Fund  - DIRECT - IDCW,160.3502,Aditya Birla Sun Life Mutual Fund,Debt Scheme - Banking and PSU Fund
2020-12-08,119551,Aditya Birla Sun Life Banking & PSU Debt Fund  - DIRECT - IDCW,160.3514,Aditya Birla Sun Life Mutual Fund,Debt Scheme - Banking and PSU Fund
2020-12-09,119551,Aditya Birla Sun Life Banking & PSU Debt Fund  - DIRECT - IDCW,160.3147,Aditya Birla Sun Life Mutual Fund,Debt Scheme - Banking and PSU Fund
2020-12-10,119551,Aditya Birla Sun Life Banking & PSU Debt Fund  - DIRECT - IDCW,160.344,Aditya Birla Sun Life Mutual Fund,Debt Scheme - Banking and PSU Fund
2020-12-11,119551,Aditya Birla Sun Life Banking & PSU Debt Fund  - DIRECT - IDCW,160.2922,Aditya Birla Sun Life Mutual Fund,Debt Scheme - Banking and PSU Fund
2020-12-14,119551,Aditya Birla Sun Life Banking & PSU Debt Fund  - DIRECT - IDCW,160.3316,Aditya Birla Sun Life Mutual Fund,Debt Scheme - Banking and PSU Fund
2020-12-15,119551,Aditya Birla Sun Life Banking & PSU Debt Fund  - DIRECT - IDCW,160.3865,Aditya Birla Sun Life Mutual Fund,Debt Scheme - Banking and PSU Fund
2020-12-16,119551,Aditya Birla Sun Life Banking & PSU Debt Fund  - DIRECT - IDCW,160.3832,Aditya Birla Sun Life Mutual Fund,Debt Scheme - Banking and PSU Fund
2020-12-17,119551,Aditya Birla Sun Life Banking & PSU Debt Fund  - DIRECT - IDCW,160.4015,Aditya Birla Sun Life Mutual Fund,Debt Scheme - Banking and PSU Fund
2020-12-18,119551,Aditya Birla Sun Life Banking & PSU Debt Fund  - DIRECT - IDCW,160.4386,Aditya Birla Sun Life Mutual Fund,Debt Scheme - Banking and PSU Fund
2020-12-21,119551,Aditya Birla Sun Life Banking & PSU Debt Fund  - DIRECT - IDCW,160.3923,Aditya Birla Sun Life Mutual Fund,Debt Scheme - Banking and PSU Fund
2020-12-22,119551,Aditya Birla Sun Life Banking & PSU Debt Fund  - DIRECT - IDCW,160.403,Aditya Birla Sun Life Mutual Fund,Debt Scheme - Banking and PSU Fund
2020-12-23,119551,Aditya Birla Sun Life Banking & PSU Debt Fund  - DIRECT - IDCW,160.4658,Aditya Birla Sun Life Mutual Fund,Debt Scheme - Banking and PSU Fund
2020-12-24,119551,Aditya Birla Sun Life Banking & PSU Debt Fund  - DIRECT - IDCW,160.516,Aditya Birla Sun Life Mutual Fund,Debt Scheme - Banking and PSU Fund
2020-12-28,119551,Aditya Birla Sun Life Banking & PSU Debt Fund  - DIRECT - IDCW,160.6676,Aditya Birla Sun Life Mutual Fund,Debt Scheme - Banking and PSU Fund
2020-12-29,119551,Aditya Birla Sun Life Banking & PSU Debt Fund  - DIRECT - IDCW,160.7133,Aditya Birla Sun Life Mutual Fund,Debt Scheme - Banking and PSU Fund
2020-12-30,119551,Aditya Birla Sun Life Banking & PSU Debt Fund  - DIRECT - IDCW,160.7819,Aditya Birla Sun Life Mutual Fund,Debt Scheme - Banking and PSU Fund
2020-12-31,119551,Aditya Birla Sun Life Banking & PSU Debt Fund  - DIRECT - IDCW,160.8071,Aditya Birla Sun Life Mutual Fund,Debt Scheme - Banking and PSU Fund
2021-01-01,119551,Aditya Birla Sun Life Banking & PSU Debt Fund  - DIRECT - IDCW,160.8997,Aditya Birla Sun Life Mutual Fund,Debt Scheme - Banking and PSU Fund
2021-01-04,119551,Aditya Birla Sun Life Banking & PSU Debt Fund  - DIRECT - IDCW,161.0439,Aditya Birla Sun Life Mutual Fund,Debt Scheme - Banking and PSU Fund
2021-01-05,119551,Aditya Birla Sun Life Banking & PSU Debt Fund  - DIRECT - IDCW,161.2313,Aditya Birla Sun Life Mutual Fund,Debt Scheme - Banking and PSU Fund
2021-01-06,119551,Aditya Birla Sun Life Banking & PSU Debt Fund  - DIRECT - IDCW,161.2295,Aditya Birla Sun Life Mutual Fund,Debt Scheme - Banking and PSU Fund
2021-01-07,119551,Aditya Birla Sun Life Banking & PSU Debt Fund  - DIRECT - IDCW,161.2821,Aditya Birla Sun Life Mutual Fund,Debt Scheme - Banking and PSU Fund
2021-01-08,119551,Aditya Birla Sun Life Banking & PSU Debt Fund  - DIRECT - IDCW,161.3775,Aditya Birla Sun Life Mutual Fund,Debt Scheme - Banking and PSU Fund
2021-01-11,119551,Aditya Birla Sun Life Banking & PSU Debt Fund  - DIRECT - IDCW,161.1259,Aditya Birla Sun Life Mutual Fund,Debt Scheme - Banking and PSU Fund
2021-01-12,119551,Aditya Birla Sun Life Banking & PSU Debt Fund  - DIRECT - IDCW,160.9495,Aditya Birla Sun Life Mutual Fund,Debt Scheme - Banking and PSU Fund
2021-01-13,119551,Aditya Birla Sun Life Banking & PSU Debt Fund  - DIRECT - IDCW,160.9046,Aditya Birla Sun Life Mutual Fund,Debt Scheme - Banking and PSU Fund
2021-01-14,119551,Aditya Birla Sun Life Banking & PSU Debt Fund  - DIRECT - IDCW,160.6885,Aditya Birla Sun Life Mutual Fund,Debt Scheme - Banking and PSU Fund
2021-01-15,119551,Aditya Birla Sun Life Banking & PSU Debt Fund  - DIRECT - IDCW,160.6112,Aditya Birla Sun Life Mutual Fund,Debt Scheme - Banking and PSU Fund
2021-01-18,119551,Aditya Birla Sun Life Banking & PSU Debt Fund  - DIRECT - IDCW,160.3776,Aditya Birla Sun Life Mutual Fund,Debt Scheme - Banking and PSU Fund
2021-01-19,119551,Aditya Birla Sun Life Banking & PSU Debt Fund  - DIRECT - IDCW,160.3918,Aditya Birla Sun Life Mutual Fund,Debt Scheme - Banking and PSU Fund
2021-01-20,119551,Aditya Birla Sun Life Banking & PSU Debt Fund  - DIRECT - IDCW,160.4846,Aditya Birla Sun Life Mutual Fund,Debt Scheme - Banking and PSU Fund
2021-01-21,119551,Aditya Birla Sun Life Banking & PSU Debt Fund  - DIRECT - IDCW,160.5205,Aditya Birla Sun Life Mutual Fund,Debt Scheme - Banking and PSU Fund
2021-01-22,119551,Aditya Birla Sun Life Banking & PSU Debt Fund  - DIRECT - IDCW,160.4748,Aditya Birla Sun Life Mutual Fund,Debt Scheme - Banking and PSU Fund
2021-01-25,119551,Aditya Birla Sun Life Banking & PSU Debt Fund  - DIRECT - IDCW,160.5232,Aditya Birla Sun Life Mutual Fund,Debt Scheme - Banking and PSU Fund
2021-01-27,119551,Aditya Birla Sun Life Banking & PSU Debt Fund  - DIRECT - IDCW,160.5509,Aditya Birla Sun Life Mutual Fund,Debt Scheme - Banking and PSU Fund
2021-01-28,119551,Aditya Birla Sun Life Banking & PSU Debt Fund  - DIRECT - IDCW,160.5833,Aditya Birla Sun Life Mutual Fund,Debt Scheme - Banking and PSU Fund
2021-01-29,119551,Aditya Birla Sun Life Banking & PSU Debt Fund  - DIRECT - IDCW,160.5977,Aditya Birla Sun Life Mutual Fund,Debt Scheme - Banking and PSU Fund
2021-02-01,119551,Aditya Birla Sun Life Banking & PSU Debt Fund  - DIRECT - IDCW,160.0612,Aditya Birla Sun Life Mutual Fund,Debt Scheme - Banking and PSU Fund
2021-02-02,119551,Aditya Birla Sun Life Banking & PSU Debt Fund  - DIRECT - IDCW,159.6745,Aditya Birla Sun Life Mutual Fund,Debt Scheme - Banking and PSU Fund
2021-02-03,119551,Aditya Birla Sun Life Banking & PSU Debt Fund  - DIRECT - IDCW,159.7469,Aditya Birla Sun Life Mutual Fund,Debt Scheme - Banking and PSU Fund
2021-02-04,119551,Aditya Birla Sun Life Banking & PSU Debt Fund  - DIRECT - IDCW,159.7473,Aditya Birla Sun Life Mutual Fund,Debt Scheme - Banking and PSU Fund
2021-02-05,119551,Aditya Birla Sun Life Banking & PSU Debt Fund  - DIRECT - IDCW,159.5631,Aditya Birla Sun Life Mutual Fund,Debt Scheme - Banking and PSU Fund
2021-02-08,119551,Aditya Birla Sun Life Banking & PSU Debt Fund  - DIRECT - IDCW,159.6672,Aditya Birla Sun Life Mutual Fund,Debt Scheme - Banking and PSU Fund
2021-02-09,119551,Aditya Birla Sun Life Banking & PSU Debt Fund  - DIRECT - IDCW,159.5233,Aditya Birla Sun Life Mutual Fund,Debt Scheme - Banking and PSU Fund
2021-02-10,119551,Aditya Birla Sun Life Banking & PSU Debt Fund  - DIRECT - IDCW,159.5324,Aditya Birla Sun Life Mutual Fund,Debt Scheme - Banking and PSU Fund
2021-02-11,119551,Aditya Birla Sun Life Banking & PSU Debt Fund  - DIRECT - IDCW,159.676,Aditya Birla Sun Life Mutual Fund,Debt Scheme - Banking and PSU Fund
2021-02-12,119551,Aditya Birla Sun Life Banking & PSU Debt Fund  - DIRECT - IDCW,159.745,Aditya Birla Sun Life Mutual Fund,Debt Scheme - Banking and PSU Fund
2021-02-15,119551,Aditya Birla Sun Life Banking & PSU Debt Fund  - DIRECT - IDCW,159.817,Aditya Birla Sun Life Mutual Fund,Debt Scheme - Banking and PSU Fund
2021-02-16,119551,Aditya Birla Sun Life Banking & PSU Debt Fund  - DIRECT - IDCW,159.8868,Aditya Birla Sun Life Mutual Fund,Debt Scheme - Banking and PSU Fund
2021-02-17,119551,Aditya Birla Sun Life Banking & PSU Debt Fund  - DIRECT - IDCW,159.8489,Aditya Birla Sun Life Mutual Fund,Debt Scheme - Banking and PSU Fund
2021-02-18,119551,Aditya Birla Sun Life Banking & PSU Debt Fund  - DIRECT - IDCW,159.7964,Aditya Birla Sun Life Mutual Fund,Debt Scheme - Banking and PSU Fund
2021-02-22,119551,Aditya Birla Sun Life Banking & PSU Debt Fund  - DIRECT - IDCW,159.5796,Aditya Birla Sun Life Mutual Fund,Debt Scheme - Banking and PSU Fund
2021-02-23,119551,Aditya Birla Sun Life Banking & PSU Debt Fund  - DIRECT - IDCW,159.4945,Aditya Birla Sun Life Mutual Fund,Debt Scheme - Banking and PSU Fund
2021-02-24,119551,Aditya Birla Sun Life Banking & PSU Debt Fund  - DIRECT - IDCW,159.5155,Aditya Birla Sun Life Mutual Fund,Debt Scheme - Banking and PSU Fund
2021-02-25,119551,Aditya Birla Sun Life Banking & PSU Debt Fund  - DIRECT - IDCW,159.5286,Aditya Birla Sun Life Mutual Fund,Debt Scheme - Banking and PSU Fund
2021-02-26,119551,Aditya Birla Sun Life Banking & PSU Debt Fund  - DIRECT - IDCW,151.4836,Aditya Birla Sun Life Mutual Fund,Debt Scheme - Banking and PSU Fund
2021-03-01,119551,Aditya Birla Sun Life Banking & PSU Debt Fund  - DIRECT - IDCW,151.5474,Aditya Birla Sun Life Mutual Fund,Debt Scheme - Banking and PSU Fund
2021-03-02,119551,Aditya Birla Sun Life Banking & PSU Debt Fund  - DIRECT - IDCW,151.6292,Aditya Birla Sun Life Mutual Fund,Debt Scheme - Banking and PSU Fund
2021-03-03,119551,Aditya Birla Sun Life Banking & PSU Debt Fund  - DIRECT - IDCW,151.6682,Aditya Birla Sun Life Mutual Fund,Debt Scheme - Banking and PSU Fund
2021-03-04,119551,Aditya Birla Sun Life Banking & PSU Debt Fund  - DIRECT - IDCW,151.6971,Aditya Birla Sun Life Mutual Fund,Debt Scheme - Banking and PSU Fund
2021-03-05,119551,Aditya Birla Sun Life Banking & PSU Debt Fund  - DIRECT - IDCW,151.6682,Aditya Birla Sun Life Mutual Fund,Debt Scheme - Banking and PSU Fund
2021-03-08,119551,Aditya Birla Sun Life Banking & PSU Debt Fund  - DIRECT - IDCW,151.7216,Aditya Birla Sun Life Mutual Fund,Debt Scheme - Banking and PSU Fund
2021-03-09,119551,Aditya Birla Sun Life Banking & PSU Debt Fund  - DIRECT - IDCW,151.7148,Aditya Birla Sun Life Mutual Fund,Debt Scheme - Banking and PSU Fund
2021-03-10,119551,Aditya Birla Sun Life Banking & PSU Debt Fund  - DIRECT - IDCW,151.712,Aditya Birla Sun Life Mutual Fund,Debt Scheme - Banking and PSU Fund
2021-03-12,119551,Aditya Birla Sun Life Banking & PSU Debt Fund  - DIRECT - IDCW,151.6323,Aditya Birla Sun Life Mutual Fund,Debt Scheme - Banking and PSU Fund
2021-03-15,119551,Aditya Birla Sun Life Banking & PSU Debt Fund  - DIRECT - IDCW,151.3381,Aditya Birla Sun Life Mutual Fund,Debt Scheme - Banking and PSU Fund
2021-03-16,119551,Aditya Birla Sun Life Banking & PSU Debt Fund  - DIRECT - IDCW,151.3172,Aditya Birla Sun Life Mutual Fund,Debt Scheme - Banking and PSU Fund
2021-03-17,119551,Aditya Birla Sun Life Banking & PSU Debt Fund  - DIRECT - IDCW,151.3473,Aditya Birla Sun Life Mutual Fund,Debt Scheme - Banking and PSU Fund
2021-03-18,119551,Aditya Birla Sun Life Banking & PSU Debt Fund  - DIRECT - IDCW,151.3901,Aditya Birla Sun Life Mutual Fund,Debt Scheme - Banking and PSU Fund
2021-03-19,119551,Aditya Birla Sun Life Banking & PSU Debt Fund  - DIRECT - IDCW,151.6387,Aditya Birla Sun Life Mutual Fund,Debt Scheme - Banking and PSU Fund
2021-03-22,119551,Aditya Birla Sun Life Banking & PSU Debt Fund  - DIRECT - IDCW,151.8479,Aditya Birla Sun Life Mutual Fund,Debt Scheme - Banking and PSU Fund
2021-03-23,119551,Aditya Birla Sun Life Banking & PSU Debt Fund  - DIRECT - IDCW,152.2243,Aditya Birla Sun Life Mutual Fund,Debt Scheme - Banking and PSU Fund
2021-03-24,119551,Aditya Birla Sun Life Banking & PSU Debt Fund  - DIRECT - IDCW,152.3847,Aditya Birla Sun Life Mutual Fund,Debt Scheme - Banking and PSU Fund
2021-03-25,119551,Aditya Birla Sun Life Banking & PSU Debt Fund  - DIRECT - IDCW,152.4514,Aditya Birla Sun Life Mutual Fund,Debt Scheme - Banking and PSU Fund
2021-03-26,119551,Aditya Birla Sun Life Banking & PSU Debt Fund  - DIRECT - IDCW,152.5344,Aditya Birla Sun Life Mutual Fund,Debt Scheme - Banking and PSU Fund
2021-03-30,119551,Aditya Birla Sun Life Banking & PSU Debt Fund  - DIRECT - IDCW,152.6579,Aditya Birla Sun Life Mutual Fund,Debt Scheme - Banking and PSU Fund
2021-03-31,119551,Aditya Birla Sun Life Banking & PSU Debt Fund  - DIRECT - IDCW,152.7457,Aditya Birla Sun Life Mutual Fund,Debt Scheme - Banking and PSU Fund
2021-04-05,119551,Aditya Birla Sun Life Banking & PSU Debt Fund  - DIRECT - IDCW,153.0069,Aditya Birla Sun Life Mutual Fund,Debt Scheme - Banking and PSU Fund
2021-04-06,119551,Aditya Birla Sun Life Banking & PSU Debt Fund  - DIRECT - IDCW,153.2101,Aditya Birla Sun Life Mutual Fund,Debt Scheme - Banking and PSU Fund
2021-04-07,119551,Aditya Birla Sun Life Banking & PSU Debt Fund  - DIRECT - IDCW,153.1454,Aditya Birla Sun Life Mutual Fund,Debt Scheme - Banking and PSU Fund
2021-04-08,119551,Aditya Birla Sun Life Banking & PSU Debt Fund  - DIRECT - IDCW,153.1697,Aditya Birla Sun Life Mutual Fund,Debt Scheme - Banking and PSU Fund
2021-04-09,119551,Aditya Birla Sun Life Banking & PSU Debt Fund  - DIRECT - IDCW,153.2609,Aditya Birla Sun Life Mutual Fund,Debt Scheme - Banking and PSU Fund
2021-04-12,119551,Aditya Birla Sun Life Banking & PSU Debt Fund  - DIRECT - IDCW,153.3259,Aditya Birla Sun Life Mutual Fund,Debt Scheme - Banking and PSU Fund
2021-04-15,119551,Aditya Birla Sun Life Banking & PSU Debt Fund  - DIRECT - IDCW,153.2182,Aditya Birla Sun Life Mutual Fund,Debt Scheme - Banking and PSU Fund
2021-04-16,119551,Aditya Birla Sun Life Banking & PSU Debt Fund  - DIRECT - IDCW,153.1445,Aditya Birla Sun Life Mutual Fund,Debt Scheme - Banking and PSU Fund
2021-04-19,119551,Aditya Birla Sun Life Banking & PSU Debt Fund  - DIRECT - IDCW,153.2788,Aditya Birla Sun Life Mutual Fund,Debt Scheme - Banking and PSU Fund
2021-04-20,119551,Aditya Birla Sun Life Banking & PSU Debt Fund  - DIRECT - IDCW,153.322,Aditya Birla Sun Life Mutual Fund,Debt Scheme - Banking and PSU Fund
2021-04-22,119551,Aditya Birla Sun Life Banking & PSU Debt Fund  - DIRECT - IDCW,153.3766,Aditya Birla Sun Life Mutual Fund,Debt Scheme - Banking and PSU Fund
2021-04-23,119551,Aditya Birla Sun Life Banking & PSU Debt Fund  - DIRECT - IDCW,153.459,Aditya Birla Sun Life Mutual Fund,Debt Scheme - Banking and PSU Fund
2021-04-26,119551,Aditya Birla Sun Life Banking & PSU Debt Fund  - DIRECT - IDCW,153.6353,Aditya Birla Sun Life Mutual Fund,Debt Scheme - Banking and PSU Fund
2021-04-27,119551,Aditya Birla Sun Life Banking & PSU Debt Fund  - DIRECT - IDCW,153.7634,Aditya Birla Sun Life Mutual Fund,Debt Scheme - Banking and PSU Fund
2021-04-28,119551,Aditya Birla Sun Life Banking & PSU Debt Fund  - DIRECT - IDCW,153.8557,Aditya Birla Sun Life Mutual Fund,Debt Scheme - Banking and PSU Fund
2021-04-29,119551,Aditya Birla Sun Life Banking & PSU Debt Fund  - DIRECT - IDCW,153.8646,Aditya Birla Sun Life Mutual Fund,Debt Scheme - Banking and PSU Fund
2021-04-30,119551,Aditya Birla Sun Life Banking & PSU Debt Fund  - DIRECT - IDCW,153.951,Aditya Birla Sun Life Mutual Fund,Debt Scheme - Banking and PSU Fund
2021-05-03,119551,Aditya Birla Sun Life Banking & PSU Debt Fund  - DIRECT - IDCW,154.0501,Aditya Birla Sun Life Mutual Fund,Debt Scheme - Banking and PSU Fund
2021-05-04,119551,Aditya Birla Sun Life Banking & PSU Debt Fund  - DIRECT - IDCW,154.0742,Aditya Birla Sun Life Mutual Fund,Debt Scheme - Banking and PSU Fund
2021-05-05,119551,Aditya Birla Sun Life Banking & PSU Debt Fund  - DIRECT - IDCW,154.1232,Aditya Birla Sun Life Mutual Fund,Debt Scheme - Banking and PSU Fund
2021-05-06,119551,Aditya Birla Sun Life Banking & PSU Debt Fund  - DIRECT - IDCW,154.1495,Aditya Birla Sun Life Mutual Fund,Debt Scheme - Banking and PSU Fund
2021-05-07,119551,Aditya Birla Sun Life Banking & PSU Debt Fund  - DIRECT - IDCW,154.1903,Aditya Birla Sun Life Mutual Fund,Debt Scheme - Banking and PSU Fund
2021-05-10,119551,Aditya Birla Sun Life Banking & PSU Debt Fund  - DIRECT - IDCW,154.2372,Aditya Birla Sun Life Mutual Fund,Debt Scheme - Banking and PSU Fund
2021-05-11,119551,Aditya Birla Sun Life Banking & PSU Debt Fund  - DIRECT - IDCW,154.341,Aditya Birla Sun Life Mutual Fund,Debt Scheme - Banking and PSU Fund
2021-05-12,119551,Aditya Birla Sun Life Banking & PSU Debt Fund  - DIRECT - IDCW,154.3311,Aditya Birla Sun Life Mutual Fund,Debt Scheme - Banking and PSU Fund
2021-05-14,119551,Aditya Birla Sun Life Banking & PSU Debt Fund  - DIRECT - IDCW,154.3309,Aditya Birla Sun Life Mutual Fund,Debt Scheme - Banking and PSU Fund
2021-05-17,119551,Aditya Birla Sun Life Banking & PSU Debt Fund  - DIRECT - IDCW,154.4002,Aditya Birla Sun Life Mutual Fund,Debt Scheme - Banking and PSU Fund
2021-05-18,119551,Aditya Birla Sun Life Banking & PSU Debt Fund  - DIRECT - IDCW,154.4638,Aditya Birla Sun Life Mutual Fund,Debt Scheme - Banking and PSU Fund
2021-05-19,119551,Aditya Birla Sun Life Banking & PSU Debt Fund  - DIRECT - IDCW,154.599,Aditya Birla Sun Life Mutual Fund,Debt Scheme - Banking and PSU Fund
2021-05-20,119551,Aditya Birla Sun Life Banking & PSU Debt Fund  - DIRECT - IDCW,154.6073,Aditya Birla Sun Life Mutual Fund,Debt Scheme - Banking and PSU Fund
2021-05-21,119551,Aditya Birla Sun Life Banking & PSU Debt Fund  - DIRECT - IDCW,154.6417,Aditya Birla Sun Life Mutual Fund,Debt Scheme - Banking and PSU Fund
2021-05-24,119551,Aditya Birla Sun Life Banking & PSU Debt Fund  - DIRECT - IDCW,154.7069,Aditya Birla Sun Life Mutual Fund,Debt Scheme - Banking and PSU Fund
2021-05-25,119551,Aditya Birla Sun Life Banking & PSU Debt Fund  - DIRECT - IDCW,154.783,Aditya Birla Sun Life Mutual Fund,Debt Scheme - Banking and PSU Fund
2021-05-27,119551,Aditya Birla Sun Life Banking & PSU Debt Fund  - DIRECT - IDCW,154.8336,Aditya Birla Sun Life Mutual Fund,Debt Scheme - Banking and PSU Fund
2021-05-28,119551,Aditya Birla Sun Life Banking & PSU Debt Fund  - DIRECT - IDCW,154.8325,Aditya Birla Sun Life Mutual Fund,Debt Scheme - Banking and PSU Fund
2021-05-31,119551,Aditya Birla Sun Life Banking & PSU Debt Fund  - DIRECT - IDCW,154.8591,Aditya Birla Sun Life Mutual Fund,Debt Scheme - Banking and PSU Fund
2021-06-01,119551,Aditya Birla Sun Life Banking & PSU Debt Fund  - DIRECT - IDCW,154.8506,Aditya Birla Sun Life Mutual Fund,Debt Scheme - Banking and PSU Fund
2021-06-02,119551,Aditya Birla Sun Life Banking & PSU Debt Fund  - DIRECT - IDCW,154.8632,Aditya Birla Sun Life Mutual Fund,Debt Scheme - Banking and PSU Fund
2021-06-03,119551,Aditya Birla Sun Life Banking & PSU Debt Fund  - DIRECT - IDCW,154.9384,Aditya Birla Sun Life Mutual Fund,Debt Scheme - Banking and PSU Fund
2021-06-04,119551,Aditya Birla Sun Life Banking & PSU Debt Fund  - DIRECT - IDCW,154.9869,Aditya Birla Sun Life Mutual Fund,Debt Scheme - Banking and PSU Fund
2021-06-07,119551,Aditya Birla Sun Life Banking & PSU Debt Fund  - DIRECT - IDCW,155.1117,Aditya Birla Sun Life Mutual Fund,Debt Scheme - Banking and PSU Fund
2021-06-08,119551,Aditya Birla Sun Life Banking & PSU Debt Fund  - DIRECT - IDCW,155.1383,Aditya Birla Sun Life Mutual Fund,Debt Scheme - Banking and PSU Fund
2021-06-09,119551,Aditya Birla Sun Life Banking & PSU Debt Fund  - DIRECT - IDCW,155.2699,Aditya Birla Sun Life Mutual Fund,Debt Scheme - Banking and PSU Fund
2021-06-10,119551,Aditya Birla Sun Life Banking & PSU Debt Fund  - DIRECT - IDCW,155.3161,Aditya Birla Sun Life Mutual Fund,Debt Scheme - Banking and PSU Fund
2021-06-11,119551,Aditya Birla Sun Life Banking & PSU Debt Fund  - DIRECT - IDCW,155.3755,Aditya Birla Sun Life Mutual Fund,Debt Scheme - Banking and PSU Fund
2021-06-14,119551,Aditya Birla Sun Life Banking & PSU Debt Fund  - DIRECT - IDCW,155.429,Aditya Birla Sun Life Mutual Fund,Debt Scheme - Banking and PSU Fund
2021-06-15,119551,Aditya Birla Sun Life Banking & PSU Debt Fund  - DIRECT - IDCW,155.2961,Aditya Birla Sun Life Mutual Fund,Debt Scheme - Banking and PSU Fund
2021-06-16,119551,Aditya Birla Sun Life Banking & PSU Debt Fund  - DIRECT - IDCW,155.0843,Aditya Birla Sun Life Mutual Fund,Debt Scheme - Banking and PSU Fund
2021-06-17,119551,Aditya Birla Sun Life Banking & PSU Debt Fund  - DIRECT - IDCW,155.0726,Aditya Birla Sun Life Mutual Fund,Debt Scheme - Banking and PSU Fund
2021-06-18,119551,Aditya Birla Sun Life Banking & PSU Debt Fund  - DIRECT - IDCW,155.1221,Aditya Birla Sun Life Mutual Fund,Debt Scheme - Banking and PSU Fund
2021-06-21,119551,Aditya Birla Sun Life Banking & PSU Debt Fund  - DIRECT - IDCW,155.1952,Aditya Birla Sun Life Mutual Fund,Debt Scheme - Banking and PSU Fund
2021-06-22,119551,Aditya Birla Sun Life Banking & PSU Debt Fund  - DIRECT - IDCW,155.1506,Aditya Birla Sun Life Mutual Fund,Debt Scheme - Banking and PSU Fund
2021-06-23,119551,Aditya Birla Sun Life Banking & PSU Debt Fund  - DIRECT - IDCW,155.1573,Aditya Birla Sun Life Mutual Fund,Debt Scheme - Banking and PSU Fund
2021-06-24,119551,Aditya Birla Sun Life Banking & PSU Debt Fund  - DIRECT - IDCW,155.1814,Aditya Birla Sun Life Mutual Fund,Debt Scheme - Banking and PSU Fund
2021-06-25,119551,Aditya Birla Sun Life Banking & PSU Debt Fund  - DIRECT - IDCW,155.1462,Aditya Birla Sun Life Mutual Fund,Debt Scheme - Banking and PSU Fund
2021-06-28,119551,Aditya Birla Sun Life Banking & PSU Debt Fund  - DIRECT - IDCW,155.1258,Aditya Birla Sun Life Mutual Fund,Debt Scheme - Banking and PSU Fund
2021-06-29,119551,Aditya Birla Sun Life Banking & PSU Debt Fund  - DIRECT - IDCW,155.1137,Aditya Birla Sun Life Mutual Fund,Debt Scheme - Banking and PSU Fund
2021-06-30,119551,Aditya Birla Sun Life Banking & PSU Debt Fund  - DIRECT - IDCW,141.9021,Aditya Birla Sun Life Mutual Fund,Debt Scheme - Banking and PSU Fund
2021-07-01,119551,Aditya Birla Sun Life Banking & PSU Debt Fund  - DIRECT - IDCW,141.9515,Aditya Birla Sun Life Mutual Fund,Debt Scheme - Banking and PSU Fund
2021-07-02,119551,Aditya Birla Sun Life Banking & PSU Debt Fund  - DIRECT - IDCW,141.9245,Aditya Birla Sun Life Mutual Fund,Debt Scheme - Banking and PSU Fund
2021-07-05,119551,Aditya Birla Sun Life Banking & PSU Debt Fund  - DIRECT - IDCW,142.0229,Aditya Birla Sun Life Mutual Fund,Debt Scheme - Banking and PSU Fund
2021-07-06,119551,Aditya Birla Sun Life Banking & PSU Debt Fund  - DIRECT - IDCW,141.942,Aditya Birla Sun Life Mutual Fund,Debt Scheme - Banking and PSU Fund
2021-07-07,119551,Aditya Birla Sun Life Banking & PSU Debt Fund  - DIRECT - IDCW,142.0218,Aditya Birla Sun Life Mutual Fund,Debt Scheme - Banking and PSU Fund
2021-07-08,119551,Aditya Birla Sun Life Banking & PSU Debt Fund  - DIRECT - IDCW,142.1696,Aditya Birla Sun Life Mutual Fund,Debt Scheme - Banking and PSU Fund
2021-07-09,119551,Aditya Birla Sun Life Banking & PSU Debt Fund  - DIRECT - IDCW,142.2029,Aditya Birla Sun Life Mutual Fund,Debt Scheme - Banking and PSU Fund
2021-07-12,119551,Aditya Birla Sun Life Banking & PSU Debt Fund  - DIRECT - IDCW,142.1602,Aditya Birla Sun Life Mutual Fund,Debt Scheme - Banking and PSU Fund
2021-07-13,119551,Aditya Birla Sun Life Banking & PSU Debt Fund  - DIRECT - IDCW,142.2948,Aditya Birla Sun Life Mutual Fund,Debt Scheme - Banking and PSU Fund
2021-07-14,119551,Aditya Birla Sun Life Banking & PSU Debt Fund  - DIRECT - IDCW,142.2968,Aditya Birla Sun Life Mutual Fund,Debt Scheme - Banking and PSU Fund
2021-07-15,119551,Aditya Birla Sun Life Banking & PSU Debt Fund  - DIRECT - IDCW,142.3806,Aditya Birla Sun Life Mutual Fund,Debt Scheme - Banking and PSU Fund
2021-07-16,119551,Aditya Birla Sun Life Banking & PSU Debt Fund  - DIRECT - IDCW,142.5092,Aditya Birla Sun Life Mutual Fund,Debt Scheme - Banking and PSU Fund
2021-07-19,119551,Aditya Birla Sun Life Banking & PSU Debt Fund  - DIRECT - IDCW,142.5654,Aditya Birla Sun Life Mutual Fund,Debt Scheme - Banking and PSU Fund
2021-07-20,119551,Aditya Birla Sun Life Banking & PSU Debt Fund  - DIRECT - IDCW,142.6213,Aditya Birla Sun Life Mutual Fund,Debt Scheme - Banking and PSU Fund
2021-07-22,119551,Aditya Birla Sun Life Banking & PSU Debt Fund  - DIRECT - IDCW,142.6239,Aditya Birla Sun Life Mutual Fund,Debt Scheme - Banking and PSU Fund
2021-07-23,119551,Aditya Birla Sun Life Banking & PSU Debt Fund  - DIRECT - IDCW,142.6218,Aditya Birla Sun Life Mutual Fund,Debt Scheme - Banking and PSU Fund
2021-07-26,119551,Aditya Birla Sun Life Banking & PSU Debt Fund  - DIRECT - IDCW,142.719,Aditya Birla Sun Life Mutual Fund,Debt Scheme - Banking and PSU Fund
2021-07-27,119551,Aditya Birla Sun Life Banking & PSU Debt Fund  - DIRECT - IDCW,142.7747,Aditya Birla Sun Life Mutual Fund,Debt Scheme - Banking and PSU Fund
2021-07-28,119551,Aditya Birla Sun Life Banking & PSU Debt Fund  - DIRECT - IDCW,142.8006,Aditya Birla Sun Life Mutual Fund,Debt Scheme - Banking and PSU Fund
2021-07-29,119551,Aditya Birla Sun Life Banking & PSU Debt Fund  - DIRECT - IDCW,142.8184,Aditya Birla Sun Life Mutual Fund,Debt Scheme - Banking and PSU Fund
2021-07-30,119551,Aditya Birla Sun Life Banking & PSU Debt Fund  - DIRECT - IDCW,142.839,Aditya Birla Sun Life Mutual Fund,Debt Scheme - Banking and PSU Fund
2021-08-02,119551,Aditya Birla Sun Life Banking & PSU Debt Fund  - DIRECT - IDCW,142.9005,Aditya Birla Sun Life Mutual Fund,Debt Scheme - Banking and PSU Fund
2021-08-03,119551,Aditya Birla Sun Life Banking & PSU Debt Fund  - DIRECT - IDCW,142.9404,Aditya Birla Sun Life Mutual Fund,Debt Scheme - Banking and PSU Fund
2021-08-04,119551,Aditya Birla Sun Life Banking & PSU Debt Fund  - DIRECT - IDCW,142.9647,Aditya Birla Sun Life Mutual Fund,Debt Scheme - Banking and PSU Fund
2021-08-05,119551,Aditya Birla Sun Life Banking & PSU Debt Fund  - DIRECT - IDCW,143.021,Aditya Birla Sun Life Mutual Fund,Debt Scheme - Banking and PSU Fund
2021-08-06,119551,Aditya Birla Sun Life Banking & PSU Debt Fund  - DIRECT - IDCW,142.91,Aditya Birla Sun Life Mutual Fund,Debt Scheme - Banking and PSU Fund
2021-08-09,119551,Aditya Birla Sun Life Banking & PSU Debt Fund  - DIRECT - IDCW,142.9661,Aditya Birla Sun Life Mutual Fund,Debt Scheme - Banking and PSU Fund
2021-08-10,119551,Aditya Birla Sun Life Banking & PSU Debt Fund  - DIRECT - IDCW,143.0486,Aditya Birla Sun Life Mutual Fund,Debt Scheme - Banking and PSU Fund
2021-08-11,119551,Aditya Birla Sun Life Banking & PSU Debt Fund  - DIRECT - IDCW,143.0625,Aditya Birla Sun Life Mutual Fund,Debt Scheme - Banking and PSU Fund
2021-08-12,119551,Aditya Birla Sun Life Banking & PSU Debt Fund  - DIRECT - IDCW,143.136,Aditya Birla Sun Life Mutual Fund,Debt Scheme - Banking and PSU Fund
2021-08-13,119551,Aditya Birla Sun Life Banking & PSU Debt Fund  - DIRECT - IDCW,143.2392,Aditya Birla Sun Life Mutual Fund,Debt Scheme - Banking and PSU Fund
2021-08-17,119551,Aditya Birla Sun Life Banking & PSU Debt Fund  - DIRECT - IDCW,143.3696,Aditya Birla Sun Life Mutual Fund,Debt Scheme - Banking and PSU Fund
2021-08-18,119551,Aditya Birla Sun Life Banking & PSU Debt Fund  - DIRECT - IDCW,143.4818,Aditya Birla Sun Life Mutual Fund,Debt Scheme - Banking and PSU Fund
2021-08-20,119551,Aditya Birla Sun Life Banking & PSU Debt Fund  - DIRECT - IDCW,143.5164,Aditya Birla Sun Life Mutual Fund,Debt Scheme - Banking and PSU Fund
2021-08-23,119551,Aditya Birla Sun Life Banking & PSU Debt Fund  - DIRECT - IDCW,143.5597,Aditya Birla Sun Life Mutual Fund,Debt Scheme - Banking and PSU Fund
2021-08-24,119551,Aditya Birla Sun Life Banking & PSU Debt Fund  - DIRECT - IDCW,143.5629,Aditya Birla Sun Life Mutual Fund,Debt Scheme - Banking and PSU Fund
2021-08-25,119551,Aditya Birla Sun Life Banking & PSU Debt Fund  - DIRECT - IDCW,143.5853,Aditya Birla Sun Life Mutual Fund,Debt Scheme - Banking and PSU Fund
2021-08-26,119551,Aditya Birla Sun Life Banking & PSU Debt Fund  - DIRECT - IDCW,143.5893,Aditya Birla Sun Life Mutual Fund,Debt Scheme - Banking and PSU Fund
2021-08-27,119551,Aditya Birla Sun Life Banking & PSU Debt Fund  - DIRECT - IDCW,143.6277,Aditya Birla Sun Life Mutual Fund,Debt Scheme - Banking and PSU Fund
2021-08-30,119551,Aditya Birla Sun Life Banking & PSU Debt Fund  - DIRECT - IDCW,143.7535,Aditya Birla Sun Life Mutual Fund,Debt Scheme - Banking and PSU Fund
2021-08-31,119551,Aditya Birla Sun Life Banking & PSU Debt Fund  - DIRECT - IDCW,143.7984,Aditya Birla Sun Life Mutual Fund,Debt Scheme - Banking and PSU Fund
2021-09-01,119551,Aditya Birla Sun Life Banking & PSU Debt Fund  - DIRECT - IDCW,143.8746,Aditya Birla Sun Life Mutual Fund,Debt Scheme - Banking and PSU Fund
2021-09-02,119551,Aditya Birla Sun Life Banking & PSU Debt Fund  - DIRECT - IDCW,143.9444,Aditya Birla Sun Life Mutual Fund,Debt Scheme - Banking and PSU Fund
2021-09-03,119551,Aditya Birla Sun Life Banking & PSU Debt Fund  - DIRECT - IDCW,143.9699,Aditya Birla Sun Life Mutual Fund,Debt Scheme - Banking and PSU Fund
2021-09-06,119551,Aditya Birla Sun Life Banking & PSU Debt Fund  - DIRECT - IDCW,144.0148,Aditya Birla Sun Life Mutual Fund,Debt Scheme - Banking and PSU Fund
2021-09-07,119551,Aditya Birla Sun Life Banking & PSU Debt Fund  - DIRECT - IDCW,144.0042,Aditya Birla Sun Life Mutual Fund,Debt Scheme - Banking and PSU Fund
2021-09-08,119551,Aditya Birla Sun Life Banking & PSU Debt Fund  - DIRECT - IDCW,144.0275,Aditya Birla Sun Life Mutual Fund,Debt Scheme - Banking and PSU Fund
2021-09-09,119551,Aditya Birla Sun Life Banking & PSU Debt Fund  - DIRECT - IDCW,144.0574,Aditya Birla Sun Life Mutual Fund,Debt Scheme - Banking and PSU Fund
2021-09-13,119551,Aditya Birla Sun Life Banking & PSU Debt Fund  - DIRECT - IDCW,144.1118,Aditya Birla Sun Life Mutual Fund,Debt Scheme - Banking and PSU Fund
2021-09-14,119551,Aditya Birla Sun Life Banking & PSU Debt Fund  - DIRECT - IDCW,144.1251,Aditya Birla Sun Life Mutual Fund,Debt Scheme - Banking and PSU Fund
2021-09-15,119551,Aditya Birla Sun Life Banking & PSU Debt Fund  - DIRECT - IDCW,131.1996,Aditya Birla Sun Life Mutual Fund,Debt Scheme - Banking and PSU Fund
2021-09-16,119551,Aditya Birla Sun Life Banking & PSU Debt Fund  - DIRECT - IDCW,131.2345,Aditya Birla Sun Life Mutual Fund,Debt Scheme - Banking and PSU Fund
2021-09-17,119551,Aditya Birla Sun Life Banking & PSU Debt Fund  - DIRECT - IDCW,131.2591,Aditya Birla Sun Life Mutual Fund,Debt Scheme - Banking and PSU Fund
2021-09-20,119551,Aditya Birla Sun Life Banking & PSU Debt Fund  - DIRECT - IDCW,131.3222,Aditya Birla Sun Life Mutual Fund,Debt Scheme - Banking and PSU Fund
2021-09-21,119551,Aditya Birla Sun Life Banking & PSU Debt Fund  - DIRECT - IDCW,131.3316,Aditya Birla Sun Life Mutual Fund,Debt Scheme - Banking and PSU Fund
2021-09-22,119551,Aditya Birla Sun Life Banking & PSU Debt Fund  - DIRECT - IDCW,131.3513,Aditya Birla Sun Life Mutual Fund,Debt Scheme - Banking and PSU Fund
2021-09-23,119551,Aditya Birla Sun Life Banking & PSU Debt Fund  - DIRECT - IDCW,131.3554,Aditya Birla Sun Life Mutual Fund,Debt Scheme - Banking and PSU Fund
2021-09-24,119551,Aditya Birla Sun Life Banking & PSU Debt Fund  - DIRECT - IDCW,131.2694,Aditya Birla Sun Life Mutual Fund,Debt Scheme - Banking and PSU Fund
2021-09-27,119551,Aditya Birla Sun Life Banking & PSU Debt Fund  - DIRECT - IDCW,131.258,Aditya Birla Sun Life Mutual Fund,Debt Scheme - Banking and PSU Fund
2021-09-28,119551,Aditya Birla Sun Life Banking & PSU Debt Fund  - DIRECT - IDCW,131.3044,Aditya Birla Sun Life Mutual Fund,Debt Scheme - Banking and PSU Fund
2021-09-29,119551,Aditya Birla Sun Life Banking & PSU Debt Fund  - DIRECT - IDCW,131.2328,Aditya Birla Sun Life Mutual Fund,Debt Scheme - Banking and PSU Fund
2021-09-30,119551,Aditya Birla Sun Life Banking & PSU Debt Fund  - DIRECT - IDCW,131.2526,Aditya Birla Sun Life Mutual Fund,Debt Scheme - Banking and PSU Fund
2021-10-01,119551,Aditya Birla Sun Life Banking & PSU Debt Fund  - DIRECT - IDCW,131.2393,Aditya Birla Sun Life Mutual Fund,Debt Scheme - Banking and PSU Fund
2021-10-04,119551,Aditya Birla Sun Life Banking & PSU Debt Fund  - DIRECT - IDCW,131.3094,Aditya Birla Sun Life Mutual Fund,Debt Scheme - Banking and PSU Fund
2021-10-05,119551,Aditya Birla Sun Life Banking & PSU Debt Fund  - DIRECT - IDCW,131.2616,Aditya Birla Sun Life Mutual Fund,Debt Scheme - Banking and PSU Fund
2021-10-06,119551,Aditya Birla Sun Life Banking & PSU Debt Fund  - DIRECT - IDCW,131.2459,Aditya Birla Sun Life Mutual Fund,Debt Scheme - Banking and PSU Fund
2021-10-07,119551,Aditya Birla Sun Life Banking & PSU Debt Fund  - DIRECT - IDCW,131.2265,Aditya Birla Sun Life Mutual Fund,Debt Scheme - Banking and PSU Fund
2021-10-08,119551,Aditya Birla Sun Life Banking & PSU Debt Fund  - DIRECT - IDCW,131.2335,Aditya Birla Sun Life Mutual Fund,Debt Scheme - Banking and PSU Fund
2021-10-11,119551,Aditya Birla Sun Life Banking & PSU Debt Fund  - DIRECT - IDCW,131.2562,Aditya Birla Sun Life Mutual Fund,Debt Scheme - Banking and PSU Fund
2021-10-12,119551,Aditya Birla Sun Life Banking & PSU Debt Fund  - DIRECT - IDCW,131.2981,Aditya Birla Sun Life Mutual Fund,Debt Scheme - Banking and PSU Fund
2021-10-13,119551,Aditya Birla Sun Life Banking & PSU Debt Fund  - DIRECT - IDCW,131.3582,Aditya Birla Sun Life Mutual Fund,Debt Scheme - Banking and PSU Fund
2021-10-14,119551,Aditya Birla Sun Life Banking & PSU Debt Fund  - DIRECT - IDCW,131.3603,Aditya Birla Sun Life Mutual Fund,Debt Scheme - Banking and PSU Fund
2021-10-18,119551,Aditya Birla Sun Life Banking & PSU Debt Fund  - DIRECT - IDCW,131.3686,Aditya Birla Sun Life Mutual Fund,Debt Scheme - Banking and PSU Fund
2021-10-20,119551,Aditya Birla Sun Life Banking & PSU Debt Fund  - DIRECT - IDCW,131.3437,Aditya Birla Sun Life Mutual Fund,Debt Scheme - Banking and PSU Fund
2021-10-21,119551,Aditya Birla Sun Life Banking & PSU Debt Fund  - DIRECT - IDCW,131.4413,Aditya Birla Sun Life Mutual Fund,Debt Scheme - Banking and PSU Fund
2021-10-22,119551,Aditya Birla Sun Life Banking & PSU Debt Fund  - DIRECT - IDCW,131.4697,Aditya Birla Sun Life Mutual Fund,Debt Scheme - Banking and PSU Fund
2021-10-25,119551,Aditya Birla Sun Life Banking & PSU Debt Fund  - DIRECT - IDCW,131.5009,Aditya Birla Sun Life Mutual Fund,Debt Scheme - Banking and PSU Fund
2021-10-26,119551,Aditya Birla Sun Life Banking & PSU Debt Fund  - DIRECT - IDCW,131.4286,Aditya Birla Sun Life Mutual Fund,Debt Scheme - Banking and PSU Fund
2021-10-27,119551,Aditya Birla Sun Life Banking & PSU Debt Fund  - DIRECT - IDCW,131.4254,Aditya Birla Sun Life Mutual Fund,Debt Scheme - Banking and PSU Fund
2021-10-28,119551,Aditya Birla Sun Life Banking & PSU Debt Fund  - DIRECT - IDCW,131.396,Aditya Birla Sun Life Mutual Fund,Debt Scheme - Banking and PSU Fund
2021-10-29,119551,Aditya Birla Sun Life Banking & PSU Debt Fund  - DIRECT - IDCW,131.3687,Aditya Birla Sun Life Mutual Fund,Debt Scheme - Banking and PSU Fund
2021-11-01,119551,Aditya Birla Sun Life Banking & PSU Debt Fund  - DIRECT - IDCW,131.3951,Aditya Birla Sun Life Mutual Fund,Debt Scheme - Banking and PSU Fund
2021-11-02,119551,Aditya Birla Sun Life Banking & PSU Debt Fund  - DIRECT - IDCW,131.3907,Aditya Birla Sun Life Mutual Fund,Debt Scheme - Banking and PSU Fund
2021-11-03,119551,Aditya Birla Sun Life Banking & PSU Debt Fund  - DIRECT - IDCW,131.4386,Aditya Birla Sun Life Mutual Fund,Debt Scheme - Banking and PSU Fund
2021-11-08,119551,Aditya Birla Sun Life Banking & PSU Debt Fund  - DIRECT - IDCW,131.6163,Aditya Birla Sun Life Mutual Fund,Debt Scheme - Banking and PSU Fund
2021-11-09,119551,Aditya Birla Sun Life Banking & PSU Debt Fund  - DIRECT - IDCW,131.6599,Aditya Birla Sun Life Mutual Fund,Debt Scheme - Banking and PSU Fund
2021-11-10,119551,Aditya Birla Sun Life Banking & PSU Debt Fund  - DIRECT - IDCW,131.659,Aditya Birla Sun Life Mutual Fund,Debt Scheme - Banking and PSU Fund
2021-11-11,119551,Aditya Birla Sun Life Banking & PSU Debt Fund  - DIRECT - IDCW,131.6866,Aditya Birla Sun Life Mutual Fund,Debt Scheme - Banking and PSU Fund
2021-11-12,119551,Aditya Birla Sun Life Banking & PSU Debt Fund  - DIRECT - IDCW,131.6894,Aditya Birla Sun Life Mutual Fund,Debt Scheme - Banking and PSU Fund
2021-11-15,119551,Aditya Birla Sun Life Banking & PSU Debt Fund  - DIRECT - IDCW,131.7417,Aditya Birla Sun Life Mutual Fund,Debt Scheme - Banking and PSU Fund
2021-11-16,119551,Aditya Birla Sun Life Banking & PSU Debt Fund  - DIRECT - IDCW,131.7479,Aditya Birla Sun Life Mutual Fund,Debt Scheme - Banking and PSU Fund
2021-11-17,119551,Aditya Birla Sun Life Banking & PSU Debt Fund  - DIRECT - IDCW,131.7489,Aditya Birla Sun Life Mutual Fund,Debt Scheme - Banking and PSU Fund
2021-11-18,119551,Aditya Birla Sun Life Banking & PSU Debt Fund  - DIRECT - IDCW,131.7944,Aditya Birla Sun Life Mutual Fund,Debt Scheme - Banking and PSU Fund
2021-11-22,119551,Aditya Birla Sun Life Banking & PSU Debt Fund  - DIRECT - IDCW,131.858,Aditya Birla Sun Life Mutual Fund,Debt Scheme - Banking and PSU Fund
2021-11-23,119551,Aditya Birla Sun Life Banking & PSU Debt Fund  - DIRECT - IDCW,131.8686,Aditya Birla Sun Life Mutual Fund,Debt Scheme - Banking and PSU Fund
2021-11-24,119551,Aditya Birla Sun Life Banking & PSU Debt Fund  - DIRECT - IDCW,131.8645,Aditya Birla Sun Life Mutual Fund,Debt Scheme - Banking and PSU Fund
2021-11-25,119551,Aditya Birla Sun Life Banking & PSU Debt Fund  - DIRECT - IDCW,131.8704,Aditya Birla Sun Life Mutual Fund,Debt Scheme - Banking and PSU Fund
2021-11-26,119551,Aditya Birla Sun Life Banking & PSU Debt Fund  - DIRECT - IDCW,131.8818,Aditya Birla Sun Life Mutual Fund,Debt Scheme - Banking and PSU Fund
2021-11-29,119551,Aditya Birla Sun Life Banking & PSU Debt Fund  - DIRECT - IDCW,131.9194,Aditya Birla Sun Life Mutual Fund,Debt Scheme - Banking and PSU Fund
2021-11-30,119551,Aditya Birla Sun Life Banking & PSU Debt Fund  - DIRECT - IDCW,131.9668,Aditya Birla Sun Life Mutual Fund,Debt Scheme - Banking and PSU Fund
2021-12-01,119551,Aditya Birla Sun Life Banking & PSU Debt Fund  - DIRECT - IDCW,131.9697,Aditya Birla Sun Life Mutual Fund,Debt Scheme - Banking and PSU Fund
2021-12-02,119551,Aditya Birla Sun Life Banking & PSU Debt Fund  - DIRECT - IDCW,132.0146,Aditya Birla Sun Life Mutual Fund,Debt Scheme - Banking and PSU Fund
2021-12-03,119551,Aditya Birla Sun Life Banking & PSU Debt Fund  - DIRECT - IDCW,132.0162,Aditya Birla Sun Life Mutual Fund,Debt Scheme - Banking and PSU Fund
2021-12-06,119551,Aditya Birla Sun Life Banking & PSU Debt Fund  - DIRECT - IDCW,132.0903,Aditya Birla Sun Life Mutual Fund,Debt Scheme - Banking and PSU Fund
2021-12-07,119551,Aditya Birla Sun Life Banking & PSU Debt Fund  - DIRECT - IDCW,132.0998,Aditya Birla Sun Life Mutual Fund,Debt Scheme - Banking and PSU Fund
2021-12-08,119551,Aditya Birla Sun Life Banking & PSU Debt Fund  - DIRECT - IDCW,132.1611,Aditya Birla Sun Life Mutual Fund,Debt Scheme - Banking and PSU Fund
2021-12-09,119551,Aditya Birla Sun Life Banking & PSU Debt Fund  - DIRECT - IDCW,132.162,Aditya Birla Sun Life Mutual Fund,Debt Scheme - Banking and PSU Fund
2021-12-10,119551,Aditya Birla Sun Life Banking & PSU Debt Fund  - DIRECT - IDCW,132.1656,Aditya Birla Sun Life Mutual Fund,Debt Scheme - Banking and PSU Fund
2021-12-13,119551,Aditya Birla Sun Life Banking & PSU Debt Fund  - DIRECT - IDCW,132.1789,Aditya Birla Sun Life Mutual Fund,Debt Scheme - Banking and PSU Fund
2021-12-14,119551,Aditya Birla Sun Life Banking & PSU Debt Fund  - DIRECT - IDCW,132.2368,Aditya Birla Sun Life Mutual Fund,Debt Scheme - Banking and PSU Fund
2021-12-15,119551,Aditya Birla Sun Life Banking & PSU Debt Fund  - DIRECT - IDCW,132.2563,Aditya Birla Sun Life Mutual Fund,Debt Scheme - Banking and PSU Fund
2021-12-16,119551,Aditya Birla Sun Life Banking & PSU Debt Fund  - DIRECT - IDCW,132.2637,Aditya Birla Sun Life Mutual Fund,Debt Scheme - Banking and PSU Fund
2021-12-17,119551,Aditya Birla Sun Life Banking & PSU Debt Fund  - DIRECT - IDCW,132.2288,Aditya Birla Sun Life Mutual Fund,Debt Scheme - Banking and PSU Fund
2021-12-20,119551,Aditya Birla Sun Life Banking & PSU Debt Fund  - DIRECT - IDCW,132.1983,Aditya Birla Sun Life Mutual Fund,Debt Scheme - Banking and PSU Fund
2021-12-21,119551,Aditya Birla Sun Life Banking & PSU Debt Fund  - DIRECT - IDCW,132.1135,Aditya Birla Sun Life Mutual Fund,Debt Scheme - Banking and PSU Fund
2021-12-22,119551,Aditya Birla Sun Life Banking & PSU Debt Fund  - DIRECT - IDCW,120.8645,Aditya Birla Sun Life Mutual Fund,Debt Scheme - Banking and PSU Fund
2021-12-23,119551,Aditya Birla Sun Life Banking & PSU Debt Fund  - DIRECT - IDCW,120.8813,Aditya Birla Sun Life Mutual Fund,Debt Scheme - Banking and PSU Fund
2021-12-24,119551,Aditya Birla Sun Life Banking & PSU Debt Fund  - DIRECT - IDCW,120.886,Aditya Birla Sun Life Mutual Fund,Debt Scheme - Banking and PSU Fund
2021-12-27,119551,Aditya Birla Sun Life Banking & PSU Debt Fund  - DIRECT - IDCW,120.9367,Aditya Birla Sun Life Mutual Fund,Debt Scheme - Banking and PSU Fund
2021-12-28,119551,Aditya Birla Sun Life Banking & PSU Debt Fund  - DIRECT - IDCW,120.8977,Aditya Birla Sun Life Mutual Fund,Debt Scheme - Banking and PSU Fund
2021-12-29,119551,Aditya Birla Sun Life Banking & PSU Debt Fund  - DIRECT - IDCW,120.9039,Aditya Birla Sun Life Mutual Fund,Debt Scheme - Banking and PSU Fund
2021-12-30,119551,Aditya Birla Sun Life Banking & PSU Debt Fund  - DIRECT - IDCW,120.9049,Aditya Birla Sun Life Mutual Fund,Debt Scheme - Banking and PSU Fund
2021-12-31,119551,Aditya Birla Sun Life Banking & PSU Debt Fund  - DIRECT - IDCW,120.9424,Aditya Birla Sun Life Mutual Fund,Debt Scheme - Banking and PSU Fund
2022-01-03,119551,Aditya Birla Sun Life Banking & PSU Debt Fund  - DIRECT - IDCW,120.9791,Aditya Birla Sun Life Mutual Fund,Debt Scheme - Banking and PSU Fund
2022-01-04,119551,Aditya Birla Sun Life Banking & PSU Debt Fund  - DIRECT - IDCW,120.9326,Aditya Birla Sun Life Mutual Fund,Debt Scheme - Banking and PSU Fund
2022-01-05,119551,Aditya Birla Sun Life Banking & PSU Debt Fund  - DIRECT - IDCW,120.9314,Aditya Birla Sun Life Mutual Fund,Debt Scheme - Banking and PSU Fund
2022-01-06,119551,Aditya Birla Sun Life Banking & PSU Debt Fund  - DIRECT - IDCW,120.9577,Aditya Birla Sun Life Mutual Fund,Debt Scheme - Banking and PSU Fund
2022-01-07,119551,Aditya Birla Sun Life Banking & PSU Debt Fund  - DIRECT - IDCW,120.9547,Aditya Birla Sun Life Mutual Fund,Debt Scheme - Banking and PSU Fund
2022-01-10,119551,Aditya Birla Sun Life Banking & PSU Debt Fund  - DIRECT - IDCW,120.9198,Aditya Birla Sun Life Mutual Fund,Debt Scheme - Banking and PSU Fund
2022-01-11,119551,Aditya Birla Sun Life Banking & PSU Debt Fund  - DIRECT - IDCW,120.9723,Aditya Birla Sun Life Mutual Fund,Debt Scheme - Banking and PSU Fund
2022-01-12,119551,Aditya Birla Sun Life Banking & PSU Debt Fund  - DIRECT - IDCW,121.0236,Aditya Birla Sun Life Mutual Fund,Debt Scheme - Banking and PSU Fund
2022-01-13,119551,Aditya Birla Sun Life Banking & PSU Debt Fund  - DIRECT - IDCW,121.0679,Aditya Birla Sun Life Mutual Fund,Debt Scheme - Banking and PSU Fund
2022-01-14,119551,Aditya Birla Sun Life Banking & PSU Debt Fund  - DIRECT - IDCW,121.0906,Aditya Birla Sun Life Mutual Fund,Debt Scheme - Banking and PSU Fund
2022-01-17,119551,Aditya Birla Sun Life Banking & PSU Debt Fund  - DIRECT - IDCW,121.0746,Aditya Birla Sun Life Mutual Fund,Debt Scheme - Banking and PSU Fund
2022-01-18,119551,Aditya Birla Sun Life Banking & PSU Debt Fund  - DIRECT - IDCW,121.0769,Aditya Birla Sun Life Mutual Fund,Debt Scheme - Banking and PSU Fund
2022-01-19,119551,Aditya Birla Sun Life Banking & PSU Debt Fund  - DIRECT - IDCW,121.0829,Aditya Birla Sun Life Mutual Fund,Debt Scheme - Banking and PSU Fund
2022-01-20,119551,Aditya Birla Sun Life Banking & PSU Debt Fund  - DIRECT - IDCW,121.1056,Aditya Birla Sun Life Mutual Fund,Debt Scheme - Banking and PSU Fund
2022-01-21,119551,Aditya Birla Sun Life Banking & PSU Debt Fund  - DIRECT - IDCW,121.133,Aditya Birla Sun Life Mutual Fund,Debt Scheme - Banking and PSU Fund
2022-01-24,119551,Aditya Birla Sun Life Banking & PSU Debt Fund  - DIRECT - IDCW,121.1248,Aditya Birla Sun Life Mutual Fund,Debt Scheme - Banking and PSU Fund
2022-01-25,119551,Aditya Birla Sun Life Banking & PSU Debt Fund  - DIRECT - IDCW,121.1535,Aditya Birla Sun Life Mutual Fund,Debt Scheme - Banking and PSU Fund
2022-01-27,119551,Aditya Birla Sun Life Banking & PSU Debt Fund  - DIRECT - IDCW,121.1095,Aditya Birla Sun Life Mutual Fund,Debt Scheme - Banking and PSU Fund
2022-01-28,119551,Aditya Birla Sun Life Banking & PSU Debt Fund  - DIRECT - IDCW,121.1287,Aditya Birla Sun Life Mutual Fund,Debt Scheme - Banking and PSU Fund
2022-01-31,119551,Aditya Birla Sun Life Banking & PSU Debt Fund  - DIRECT - IDCW,121.2264,Aditya Birla Sun Life Mutual Fund,Debt Scheme - Banking and PSU Fund
2022-02-01,119551,Aditya Birla Sun Life Banking & PSU Debt Fund  - DIRECT - IDCW,121.041,Aditya Birla Sun Life Mutual Fund,Debt Scheme - Banking and PSU Fund
2022-02-02,119551,Aditya Birla Sun Life Banking & PSU Debt Fund  - DIRECT - IDCW,120.9797,Aditya Birla Sun Life Mutual Fund,Debt Scheme - Banking and PSU Fund
2022-02-03,119551,Aditya Birla Sun Life Banking & PSU Debt Fund  - DIRECT - IDCW,121.0079,Aditya Birla Sun Life Mutual Fund,Debt Scheme - Banking and PSU Fund
2022-02-04,119551,Aditya Birla Sun Life Banking & PSU Debt Fund  - DIRECT - IDCW,121.0091,Aditya Birla Sun Life Mutual Fund,Debt Scheme - Banking and PSU Fund
2022-02-08,119551,Aditya Birla Sun Life Banking & PSU Debt Fund  - DIRECT - IDCW,121.1629,Aditya Birla Sun Life Mutual Fund,Debt Scheme - Banking and PSU Fund
2022-02-09,119551,Aditya Birla Sun Life Banking & PSU Debt Fund  - DIRECT - IDCW,121.2257,Aditya Birla Sun Life Mutual Fund,Debt Scheme - Banking and PSU Fund
2022-02-10,119551,Aditya Birla Sun Life Banking & PSU Debt Fund  - DIRECT - IDCW,121.4458,Aditya Birla Sun Life Mutual Fund,Debt Scheme - Banking and PSU Fund
2022-02-11,119551,Aditya Birla Sun Life Banking & PSU Debt Fund  - DIRECT - IDCW,121.5265,Aditya Birla Sun Life Mutual Fund,Debt Scheme - Banking and PSU Fund
2022-02-14,119551,Aditya Birla Sun Life Banking & PSU Debt Fund  - DIRECT - IDCW,121.6236,Aditya Birla Sun Life Mutual Fund,Debt Scheme - Banking and PSU Fund
2022-02-15,119551,Aditya Birla Sun Life Banking & PSU Debt Fund  - DIRECT - IDCW,121.6181,Aditya Birla Sun Life Mutual Fund,Debt Scheme - Banking and PSU Fund
2022-02-16,119551,Aditya Birla Sun Life Banking & PSU Debt Fund  - DIRECT - IDCW,121.6448,Aditya Birla Sun Life Mutual Fund,Debt Scheme - Banking and PSU Fund
2022-02-17,119551,Aditya Birla Sun Life Banking & PSU Debt Fund  - DIRECT - IDCW,121.6561,Aditya Birla Sun Life Mutual Fund,Debt Scheme - Banking and PSU Fund
2022-02-18,119551,Aditya Birla Sun Life Banking & PSU Debt Fund  - DIRECT - IDCW,121.6824,Aditya Birla Sun Life Mutual Fund,Debt Scheme - Banking and PSU Fund
2022-02-21,119551,Aditya Birla Sun Life Banking & PSU Debt Fund  - DIRECT - IDCW,121.7193,Aditya Birla Sun Life Mutual Fund,Debt Scheme - Banking and PSU Fund
2022-02-22,119551,Aditya Birla Sun Life Banking & PSU Debt Fund  - DIRECT - IDCW,121.6893,Aditya Birla Sun Life Mutual Fund,Debt Scheme - Banking and PSU Fund
2022-02-23,119551,Aditya Birla Sun Life Banking & PSU Debt Fund  - DIRECT - IDCW,121.7264,Aditya Birla Sun Life Mutual Fund,Debt Scheme - Banking and PSU Fund
2022-02-24,119551,Aditya Birla Sun Life Banking & PSU Debt Fund  - DIRECT - IDCW,121.7161,Aditya Birla Sun Life Mutual Fund,Debt Scheme - Banking and PSU Fund
2022-02-25,119551,Aditya Birla Sun Life Banking & PSU Debt Fund  - DIRECT - IDCW,121.7161,Aditya Birla Sun Life Mutual Fund,Debt Scheme - Banking and PSU Fund
2022-02-28,119551,Aditya Birla Sun Life Banking & PSU Debt Fund  - DIRECT - IDCW,121.7348,Aditya Birla Sun Life Mutual Fund,Debt Scheme - Banking and PSU Fund
2022-03-02,119551,Aditya Birla Sun Life Banking & PSU Debt Fund  - DIRECT - IDCW,121.665,Aditya Birla Sun Life Mutual Fund,Debt Scheme - Banking and PSU Fund
2022-03-03,119551,Aditya Birla Sun Life Banking & PSU Debt Fund  - DIRECT - IDCW,121.6296,Aditya Birla Sun Life Mutual Fund,Debt Scheme - Banking and PSU Fund
2022-03-04,119551,Aditya Birla Sun Life Banking & PSU Debt Fund  - DIRECT - IDCW,121.6603,Aditya Birla Sun Life Mutual Fund,Debt Scheme - Banking and PSU Fund
2022-03-07,119551,Aditya Birla Sun Life Banking & PSU Debt Fund  - DIRECT - IDCW,121.6023,Aditya Birla Sun Life Mutual Fund,Debt Scheme - Banking and PSU Fund
2022-03-08,119551,Aditya Birla Sun Life Banking & PSU Debt Fund  - DIRECT - IDCW,121.5935,Aditya Birla Sun Life Mutual Fund,Debt Scheme - Banking and PSU Fund
2022-03-09,119551,Aditya Birla Sun Life Banking & PSU Debt Fund  - DIRECT - IDCW,121.6144,Aditya Birla Sun Life Mutual Fund,Debt Scheme - Banking and PSU Fund
2022-03-10,119551,Aditya Birla Sun Life Banking & PSU Debt Fund  - DIRECT - IDCW,121.6699,Aditya Birla Sun Life Mutual Fund,Debt Scheme - Banking and PSU Fund
2022-03-11,119551,Aditya Birla Sun Life Banking & PSU Debt Fund  - DIRECT - IDCW,121.6652,Aditya Birla Sun Life Mutual Fund,Debt Scheme - Banking and PSU Fund
2022-03-14,119551,Aditya Birla Sun Life Banking & PSU Debt Fund  - DIRECT - IDCW,121.7179,Aditya Birla Sun Life Mutual Fund,Debt Scheme - Banking and PSU Fund
2022-03-15,119551,Aditya Birla Sun Life Banking & PSU Debt Fund  - DIRECT - IDCW,121.8177,Aditya Birla Sun Life Mutual Fund,Debt Scheme - Banking and PSU Fund
2022-03-16,119551,Aditya Birla Sun Life Banking & PSU Debt Fund  - DIRECT - IDCW,121.7919,Aditya Birla Sun Life Mutual Fund,Debt Scheme - Banking and PSU Fund
2022-03-17,119551,Aditya Birla Sun Life Banking & PSU Debt Fund  - DIRECT - IDCW,121.8816,Aditya Birla Sun Life Mutual Fund,Debt Scheme - Banking and PSU Fund
2022-03-21,119551,Aditya Birla Sun Life Banking & PSU Debt Fund  - DIRECT - IDCW,121.9474,Aditya Birla Sun Life Mutual Fund,Debt Scheme - Banking and PSU Fund
2022-03-22,119551,Aditya Birla Sun Life Banking & PSU Debt Fund  - DIRECT - IDCW,121.9441,Aditya Birla Sun Life Mutual Fund,Debt Scheme - Banking and PSU Fund
2022-03-23,119551,Aditya Birla Sun Life Banking & PSU Debt Fund  - DIRECT - IDCW,112.8231,Aditya Birla Sun Life Mutual Fund,Debt Scheme - Banking and PSU Fund
2022-03-24,119551,Aditya Birla Sun Life Banking & PSU Debt Fund  - DIRECT - IDCW,112.8542,Aditya Birla Sun Life Mutual Fund,Debt Scheme - Banking and PSU Fund
2022-03-25,119551,Aditya Birla Sun Life Banking & PSU Debt Fund  - DIRECT - IDCW,112.9034,Aditya Birla Sun Life Mutual Fund,Debt Scheme - Banking and PSU Fund
2022-03-28,119551,Aditya Birla Sun Life Banking & PSU Debt Fund  - DIRECT - IDCW,112.9448,Aditya Birla Sun Life Mutual Fund,Debt Scheme - Banking and PSU Fund
2022-03-29,119551,Aditya Birla Sun Life Banking & PSU Debt Fund  - DIRECT - IDCW,112.9912,Aditya Birla Sun Life Mutual Fund,Debt Scheme - Banking and PSU Fund
2022-03-30,119551,Aditya Birla Sun Life Banking & PSU Debt Fund  - DIRECT - IDCW,113.0255,Aditya Birla Sun Life Mutual Fund,Debt Scheme - Banking and PSU Fund
2022-03-31,119551,Aditya Birla Sun Life Banking & PSU Debt Fund  - DIRECT - IDCW,113.0782,Aditya Birla Sun Life Mutual Fund,Debt Scheme - Banking and PSU Fund
2022-04-04,119551,Aditya Birla Sun Life Banking & PSU Debt Fund  - DIRECT - IDCW,113.1171,Aditya Birla Sun Life Mutual Fund,Debt Scheme - Banking and PSU Fund
2022-04-05,119551,Aditya Birla Sun Life Banking & PSU Debt Fund  - DIRECT - IDCW,113.1661,Aditya Birla Sun Life Mutual Fund,Debt Scheme - Banking and PSU Fund
2022-04-06,119551,Aditya Birla Sun Life Banking & PSU Debt Fund  - DIRECT - IDCW,113.1607,Aditya Birla Sun Life Mutual Fund,Debt Scheme - Banking and PSU Fund
2022-04-07,119551,Aditya Birla Sun Life Banking & PSU Debt Fund  - DIRECT - IDCW,113.1825,Aditya Birla Sun Life Mutual Fund,Debt Scheme - Banking and PSU Fund
2022-04-08,119551,Aditya Birla Sun Life Banking & PSU Debt Fund  - DIRECT - IDCW,112.9062,Aditya Birla Sun Life Mutual Fund,Debt Scheme - Banking and PSU Fund
2022-04-11,119551,Aditya Birla Sun Life Banking & PSU Debt Fund  - DIRECT - IDCW,112.8479,Aditya Birla Sun Life Mutual Fund,Debt Scheme - Banking and PSU Fund
2022-04-12,119551,Aditya Birla Sun Life Banking & PSU Debt Fund  - DIRECT - IDCW,112.8405,Aditya Birla Sun Life Mutual Fund,Debt Scheme - Banking and PSU Fund
2022-04-13,119551,Aditya Birla Sun Life Banking & PSU Debt Fund  - DIRECT - IDCW,112.6844,Aditya Birla Sun Life Mutual Fund,Debt Scheme - Banking and PSU Fund
2022-04-18,119551,Aditya Birla Sun Life Banking & PSU Debt Fund  - DIRECT - IDCW,112.8584,Aditya Birla Sun Life Mutual Fund,Debt Scheme - Banking and PSU Fund
2022-04-19,119551,Aditya Birla Sun Life Banking & PSU Debt Fund  - DIRECT - IDCW,112.9046,Aditya Birla Sun Life Mutual Fund,Debt Scheme - Banking and PSU Fund
2022-04-20,119551,Aditya Birla Sun Life Banking & PSU Debt Fund  - DIRECT - IDCW,112.936,Aditya Birla Sun Life Mutual Fund,Debt Scheme - Banking and PSU Fund
2022-04-21,119551,Aditya Birla Sun Life Banking & PSU Debt Fund  - DIRECT - IDCW,112.956,Aditya Birla Sun Life Mutual Fund,Debt Scheme - Banking and PSU Fund
2022-04-22,119551,Aditya Birla Sun Life Banking & PSU Debt Fund  - DIRECT - IDCW,112.959,Aditya Birla Sun Life Mutual Fund,Debt Scheme - Banking and PSU Fund
2022-04-25,119551,Aditya Birla Sun Life Banking & PSU Debt Fund  - DIRECT - IDCW,113.0615,Aditya Birla Sun Life Mutual Fund,Debt Scheme - Banking and PSU Fund
2022-04-26,119551,Aditya Birla Sun Life Banking & PSU Debt Fund  - DIRECT - IDCW,113.0579,Aditya Birla Sun Life Mutual Fund,Debt Scheme - Banking and PSU Fund
2022-04-27,119551,Aditya Birla Sun Life Banking & PSU Debt Fund  - DIRECT - IDCW,113.0954,Aditya Birla Sun Life Mutual Fund,Debt Scheme - Banking and PSU Fund
2022-04-28,119551,Aditya Birla Sun Life Banking & PSU Debt Fund  - DIRECT - IDCW,113.0848,Aditya Birla Sun Life Mutual Fund,Debt Scheme - Banking and PSU Fund
2022-04-29,119551,Aditya Birla Sun Life Banking & PSU Debt Fund  - DIRECT - IDCW,113.0956,Aditya Birla Sun Life Mutual Fund,Debt Scheme - Banking and PSU Fund
2022-05-02,119551,Aditya Birla Sun Life Banking & PSU Debt Fund  - DIRECT - IDCW,113.1319,Aditya Birla Sun Life Mutual Fund,Debt Scheme - Banking and PSU Fund
2022-05-04,119551,Aditya Birla Sun Life Banking & PSU Debt Fund  - DIRECT - IDCW,112.4331,Aditya Birla Sun Life Mutual Fund,Debt Scheme - Banking and PSU Fund
2022-05-05,119551,Aditya Birla Sun Life Banking & PSU Debt Fund  - DIRECT - IDCW,112.3588,Aditya Birla Sun Life Mutual Fund,Debt Scheme - Banking and PSU Fund
2022-05-06,119551,Aditya Birla Sun Life Banking & PSU Debt Fund  - DIRECT - IDCW,112.244,Aditya Birla Sun Life Mutual Fund,Debt Scheme - Banking and PSU Fund
2022-05-09,119551,Aditya Birla Sun Life Banking & PSU Debt Fund  - DIRECT - IDCW,112.2672,Aditya Birla Sun Life Mutual Fund,Debt Scheme - Banking and PSU Fund
2022-05-10,119551,Aditya Birla Sun Life Banking & PSU Debt Fund  - DIRECT - IDCW,112.3479,Aditya Birla Sun Life Mutual Fund,Debt Scheme - Banking and PSU Fund
2022-05-11,119551,Aditya Birla Sun Life Banking & PSU Debt Fund  - DIRECT - IDCW,112.3991,Aditya Birla Sun Life Mutual Fund,Debt Scheme - Banking and PSU Fund
2022-05-12,119551,Aditya Birla Sun Life Banking & PSU Debt Fund  - DIRECT - IDCW,112.433,Aditya Birla Sun Life Mutual Fund,Debt Scheme - Banking and PSU Fund
2022-05-13,119551,Aditya Birla Sun Life Banking & PSU Debt Fund  - DIRECT - IDCW,112.3647,Aditya Birla Sun Life Mutual Fund,Debt Scheme - Banking and PSU Fund
2022-05-17,119551,Aditya Birla Sun Life Banking & PSU Debt Fund  - DIRECT - IDCW,112.4137,Aditya Birla Sun Life Mutual Fund,Debt Scheme - Banking and PSU Fund
2022-05-18,119551,Aditya Birla Sun Life Banking & PSU Debt Fund  - DIRECT - IDCW,112.4368,Aditya Birla Sun Life Mutual Fund,Debt Scheme - Banking and PSU Fund
2022-05-19,119551,Aditya Birla Sun Life Banking & PSU Debt Fund  - DIRECT - IDCW,112.4539,Aditya Birla Sun Life Mutual Fund,Debt Scheme - Banking and PSU Fund
2022-05-20,119551,Aditya Birla Sun Life Banking & PSU Debt Fund  - DIRECT - IDCW,112.4374,Aditya Birla Sun Life Mutual Fund,Debt Scheme - Banking and PSU Fund
2022-05-23,119551,Aditya Birla Sun Life Banking & PSU Debt Fund  - DIRECT - IDCW,112.5061,Aditya Birla Sun Life Mutual Fund,Debt Scheme - Banking and PSU Fund
2022-05-24,119551,Aditya Birla Sun Life Banking & PSU Debt Fund  - DIRECT - IDCW,112.5432,Aditya Birla Sun Life Mutual Fund,Debt Scheme - Banking and PSU Fund
2022-05-25,119551,Aditya Birla Sun Life Banking & PSU Debt Fund  - DIRECT - IDCW,112.5511,Aditya Birla Sun Life Mutual Fund,Debt Scheme - Banking and PSU Fund
2022-05-26,119551,Aditya Birla Sun Life Banking & PSU Debt Fund  - DIRECT - IDCW,112.5751,Aditya Birla Sun Life Mutual Fund,Debt Scheme - Banking and PSU Fund
2022-05-27,119551,Aditya Birla Sun Life Banking & PSU Debt Fund  - DIRECT - IDCW,112.5875,Aditya Birla Sun Life Mutual Fund,Debt Scheme - Banking and PSU Fund
2022-05-30,119551,Aditya Birla Sun Life Banking & PSU Debt Fund  - DIRECT - IDCW,112.6166,Aditya Birla Sun Life Mutual Fund,Debt Scheme - Banking and PSU Fund
2022-05-31,119551,Aditya Birla Sun Life Banking & PSU Debt Fund  - DIRECT - IDCW,112.6801,Aditya Birla Sun Life Mutual Fund,Debt Scheme - Banking and PSU Fund
2022-06-01,119551,Aditya Birla Sun Life Banking & PSU Debt Fund  - DIRECT - IDCW,112.5519,Aditya Birla Sun Life Mutual Fund,Debt Scheme - Banking and PSU Fund
2022-06-02,119551,Aditya Birla Sun Life Banking & PSU Debt Fund  - DIRECT - IDCW,112.579,Aditya Birla Sun Life Mutual Fund,Debt Scheme - Banking and PSU Fund
2022-06-03,119551,Aditya Birla Sun Life Banking & PSU Debt Fund  - DIRECT - IDCW,112.5469,Aditya Birla Sun Life Mutual Fund,Debt Scheme - Banking and PSU Fund
2022-06-06,119551,Aditya Birla Sun Life Banking & PSU Debt Fund  - DIRECT - IDCW,112.53,Aditya Birla Sun Life Mutual Fund,Debt Scheme - Banking and PSU Fund
2022-06-07,119551,Aditya Birla Sun Life Banking & PSU Debt Fund  - DIRECT - IDCW,112.4553,Aditya Birla Sun Life Mutual Fund,Debt Scheme - Banking and PSU Fund
2022-06-08,119551,Aditya Birla Sun Life Banking & PSU Debt Fund  - DIRECT - IDCW,112.5902,Aditya Birla Sun Life Mutual Fund,Debt Scheme - Banking and PSU Fund
2022-06-09,119551,Aditya Birla Sun Life Banking & PSU Debt Fund  - DIRECT - IDCW,112.6487,Aditya Birla Sun Life Mutual Fund,Debt Scheme - Banking and PSU Fund
2022-06-10,119551,Aditya Birla Sun Life Banking & PSU Debt Fund  - DIRECT - IDCW,112.6848,Aditya Birla Sun Life Mutual Fund,Debt Scheme - Banking and PSU Fund
2022-06-13,119551,Aditya Birla Sun Life Banking & PSU Debt Fund  - DIRECT - IDCW,112.5985,Aditya Birla Sun Life Mutual Fund,Debt Scheme - Banking and PSU Fund
2022-06-14,119551,Aditya Birla Sun Life Banking & PSU Debt Fund  - DIRECT - IDCW,112.583,Aditya Birla Sun Life Mutual Fund,Debt Scheme - Banking and PSU Fund
2022-06-15,119551,Aditya Birla Sun Life Banking & PSU Debt Fund  - DIRECT - IDCW,112.5757,Aditya Birla Sun Life Mutual Fund,Debt Scheme - Banking and PSU Fund
2022-06-16,119551,Aditya Birla Sun Life Banking & PSU Debt Fund  - DIRECT - IDCW,112.5715,Aditya Birla Sun Life Mutual Fund,Debt Scheme - Banking and PSU Fund
2022-06-17,119551,Aditya Birla Sun Life Banking & PSU Debt Fund  - DIRECT - IDCW,112.5783,Aditya Birla Sun Life Mutual Fund,Debt Scheme - Banking and PSU Fund
2022-06-20,119551,Aditya Birla Sun Life Banking & PSU Debt Fund  - DIRECT - IDCW,112.7336,Aditya Birla Sun Life Mutual Fund,Debt Scheme - Banking and PSU Fund
2022-06-21,119551,Aditya Birla Sun Life Banking & PSU Debt Fund  - DIRECT - IDCW,112.757,Aditya Birla Sun Life Mutual Fund,Debt Scheme - Banking and PSU Fund
2022-06-22,119551,Aditya Birla Sun Life Banking & PSU Debt Fund  - DIRECT - IDCW,105.1767,Aditya Birla Sun Life Mutual Fund,Debt Scheme - Banking and PSU Fund
2022-06-23,119551,Aditya Birla Sun Life Banking & PSU Debt Fund  - DIRECT - IDCW,105.2106,Aditya Birla Sun Life Mutual Fund,Debt Scheme - Banking and PSU Fund
2022-06-24,119551,Aditya Birla Sun Life Banking & PSU Debt Fund  - DIRECT - IDCW,105.1971,Aditya Birla Sun Life Mutual Fund,Debt Scheme - Banking and PSU Fund
2022-06-27,119551,Aditya Birla Sun Life Banking & PSU Debt Fund  - DIRECT - IDCW,105.2922,Aditya Birla Sun Life Mutual Fund,Debt Scheme - Banking and PSU Fund
2022-06-28,119551,Aditya Birla Sun Life Banking & PSU Debt Fund  - DIRECT - IDCW,105.2771,Aditya Birla Sun Life Mutual Fund,Debt Scheme - Banking and PSU Fund
2022-06-29,119551,Aditya Birla Sun Life Banking & PSU Debt Fund  - DIRECT - IDCW,105.2859,Aditya Birla Sun Life Mutual Fund,Debt Scheme - Banking and PSU Fund
2022-06-30,119551,Aditya Birla Sun Life Banking & PSU Debt Fund  - DIRECT - IDCW,105.3199,Aditya Birla Sun Life Mutual Fund,Debt Scheme - Banking and PSU Fund
2022-07-01,119551,Aditya Birla Sun Life Banking & PSU Debt Fund  - DIRECT - IDCW,105.3963,Aditya Birla Sun Life Mutual Fund,Debt Scheme - Banking and PSU Fund
2022-07-04,119551,Aditya Birla Sun Life Banking & PSU Debt Fund  - DIRECT - IDCW,105.4884,Aditya Birla Sun Life Mutual Fund,Debt Scheme - Banking and PSU Fund
2022-07-05,119551,Aditya Birla Sun Life Banking & PSU Debt Fund  - DIRECT - IDCW,105.5371,Aditya Birla Sun Life Mutual Fund,Debt Scheme - Banking and PSU Fund
2022-07-06,119551,Aditya Birla Sun Life Banking & PSU Debt Fund  - DIRECT - IDCW,105.7065,Aditya Birla Sun Life Mutual Fund,Debt Scheme - Banking and PSU Fund
2022-07-07,119551,Aditya Birla Sun Life Banking & PSU Debt Fund  - DIRECT - IDCW,105.7041,Aditya Birla Sun Life Mutual Fund,Debt Scheme - Banking and PSU Fund
2022-07-08,119551,Aditya Birla Sun Life Banking & PSU Debt Fund  - DIRECT - IDCW,105.6723,Aditya Birla Sun Life Mutual Fund,Debt Scheme - Banking and PSU Fund
2022-07-11,119551,Aditya Birla Sun Life Banking & PSU Debt Fund  - DIRECT - IDCW,105.672,Aditya Birla Sun Life Mutual Fund,Debt Scheme - Banking and PSU Fund
2022-07-12,119551,Aditya Birla Sun Life Banking & PSU Debt Fund  - DIRECT - IDCW,105.7093,Aditya Birla Sun Life Mutual Fund,Debt Scheme - Banking and PSU Fund
2022-07-13,119551,Aditya Birla Sun Life Banking & PSU Debt Fund  - DIRECT - IDCW,105.7695,Aditya Birla Sun Life Mutual Fund,Debt Scheme - Banking and PSU Fund
2022-07-14,119551,Aditya Birla Sun Life Banking & PSU Debt Fund  - DIRECT - IDCW,105.776,Aditya Birla Sun Life Mutual Fund,Debt Scheme - Banking and PSU Fund
2022-07-15,119551,Aditya Birla Sun Life Banking & PSU Debt Fund  - DIRECT - IDCW,105.776,Aditya Birla Sun Life Mutual Fund,Debt Scheme - Banking and PSU Fund
2022-07-18,119551,Aditya Birla Sun Life Banking & PSU Debt Fund  - DIRECT - IDCW,105.788,Aditya Birla Sun Life Mutual Fund,Debt Scheme - Banking and PSU Fund
2022-07-19,119551,Aditya Birla Sun Life Banking & PSU Debt Fund  - DIRECT - IDCW,105.7996,Aditya Birla Sun Life Mutual Fund,Debt Scheme - Banking and PSU Fund
2022-07-20,119551,Aditya Birla Sun Life Banking & PSU Debt Fund  - DIRECT - IDCW,105.8304,Aditya Birla Sun Life Mutual Fund,Debt Scheme - Banking and PSU Fund
2022-07-21,119551,Aditya Birla Sun Life Banking & PSU Debt Fund  - DIRECT - IDCW,105.8401,Aditya Birla Sun Life Mutual Fund,Debt Scheme - Banking and PSU Fund
2022-07-22,119551,Aditya Birla Sun Life Banking & PSU Debt Fund  - DIRECT - IDCW,105.8449,Aditya Birla Sun Life Mutual Fund,Debt Scheme - Banking and PSU Fund
2022-07-25,119551,Aditya Birla Sun Life Banking & PSU Debt Fund  - DIRECT - IDCW,105.9141,Aditya Birla Sun Life Mutual Fund,Debt Scheme - Banking and PSU Fund
2022-07-26,119551,Aditya Birla Sun Life Banking & PSU Debt Fund  - DIRECT - IDCW,105.9161,Aditya Birla Sun Life Mutual Fund,Debt Scheme - Banking and PSU Fund
2022-07-27,119551,Aditya Birla Sun Life Banking & PSU Debt Fund  - DIRECT - IDCW,105.9293,Aditya Birla Sun Life Mutual Fund,Debt Scheme - Banking and PSU Fund
2022-07-28,119551,Aditya Birla Sun Life Banking & PSU Debt Fund  - DIRECT - IDCW,105.9484,Aditya Birla Sun Life Mutual Fund,Debt Scheme - Banking and PSU Fund
2022-07-29,119551,Aditya Birla Sun Life Banking & PSU Debt Fund  - DIRECT - IDCW,106.0066,Aditya Birla Sun Life Mutual Fund,Debt Scheme - Banking and PSU Fund
2022-08-01,119551,Aditya Birla Sun Life Banking & PSU Debt Fund  - DIRECT - IDCW,106.1219,Aditya Birla Sun Life Mutual Fund,Debt Scheme - Banking and PSU Fund
2022-08-02,119551,Aditya Birla Sun Life Banking & PSU Debt Fund  - DIRECT - IDCW,106.1993,Aditya Birla Sun Life Mutual Fund,Debt Scheme - Banking and PSU Fund
2022-08-03,119551,Aditya Birla Sun Life Banking & PSU Debt Fund  - DIRECT - IDCW,106.15,Aditya Birla Sun Life Mutual Fund,Debt Scheme - Banking and PSU Fund
2022-08-04,119551,Aditya Birla Sun Life Banking & PSU Debt Fund  - DIRECT - IDCW,106.2254,Aditya Birla Sun Life Mutual Fund,Debt Scheme - Banking and PSU Fund
2022-08-05,119551,Aditya Birla Sun Life Banking & PSU Debt Fund  - DIRECT - IDCW,106.1086,Aditya Birla Sun Life Mutual Fund,Debt Scheme - Banking and PSU Fund
2022-08-08,119551,Aditya Birla Sun Life Banking & PSU Debt Fund  - DIRECT - IDCW,106.1541,Aditya Birla Sun Life Mutual Fund,Debt Scheme - Banking and PSU Fund
2022-08-10,119551,Aditya Birla Sun Life Banking & PSU Debt Fund  - DIRECT - IDCW,106.2542,Aditya Birla Sun Life Mutual Fund,Debt Scheme - Banking and PSU Fund
2022-08-11,119551,Aditya Birla Sun Life Banking & PSU Debt Fund  - DIRECT - IDCW,106.3209,Aditya Birla Sun Life Mutual Fund,Debt Scheme - Banking and PSU Fund
2022-08-12,119551,Aditya Birla Sun Life Banking & PSU Debt Fund  - DIRECT - IDCW,106.3294,Aditya Birla Sun Life Mutual Fund,Debt Scheme - Banking and PSU Fund
2022-08-17,119551,Aditya Birla Sun Life Banking & PSU Debt Fund  - DIRECT - IDCW,106.5092,Aditya Birla Sun Life Mutual Fund,Debt Scheme - Banking and PSU Fund
2022-08-18,119551,Aditya Birla Sun Life Banking & PSU Debt Fund  - DIRECT - IDCW,106.5141,Aditya Birla Sun Life Mutual Fund,Debt Scheme - Banking and PSU Fund
2022-08-19,119551,Aditya Birla Sun Life Banking & PSU Debt Fund  - DIRECT - IDCW,106.5072,Aditya Birla Sun Life Mutual Fund,Debt Scheme - Banking and PSU Fund
2022-08-22,119551,Aditya Birla Sun Life Banking & PSU Debt Fund  - DIRECT - IDCW,106.5568,Aditya Birla Sun Life Mutual Fund,Debt Scheme - Banking and PSU Fund
2022-08-23,119551,Aditya Birla Sun Life Banking & PSU Debt Fund  - DIRECT - IDCW,106.5597,Aditya Birla Sun Life Mutual Fund,Debt Scheme - Banking and PSU Fund
2022-08-24,119551,Aditya Birla Sun Life Banking & PSU Debt Fund  - DIRECT - IDCW,106.599,Aditya Birla Sun Life Mutual Fund,Debt Scheme - Banking and PSU Fund
2022-08-25,119551,Aditya Birla Sun Life Banking & PSU Debt Fund  - DIRECT - IDCW,106.5824,Aditya Birla Sun Life Mutual Fund,Debt Scheme - Banking and PSU Fund
2022-08-26,119551,Aditya Birla Sun Life Banking & PSU Debt Fund  - DIRECT - IDCW,106.6296,Aditya Birla Sun Life Mutual Fund,Debt Scheme - Banking and PSU Fund
2022-08-29,119551,Aditya Birla Sun Life Banking & PSU Debt Fund  - DIRECT - IDCW,106.6906,Aditya Birla Sun Life Mutual Fund,Debt Scheme - Banking and PSU Fund
2022-08-30,119551,Aditya Birla Sun Life Banking & PSU Debt Fund  - DIRECT - IDCW,106.7038,Aditya Birla Sun Life Mutual Fund,Debt Scheme - Banking and PSU Fund
2022-09-01,119551,Aditya Birla Sun Life Banking & PSU Debt Fund  - DIRECT - IDCW,106.7475,Aditya Birla Sun Life Mutual Fund,Debt Scheme - Banking and PSU Fund
2022-09-02,119551,Aditya Birla Sun Life Banking & PSU Debt Fund  - DIRECT - IDCW,106.7705,Aditya Birla Sun Life Mutual Fund,Debt Scheme - Banking and PSU Fund
2022-09-05,119551,Aditya Birla Sun Life Banking & PSU Debt Fund  - DIRECT - IDCW,106.8191,Aditya Birla Sun Life Mutual Fund,Debt Scheme - Banking and PSU Fund
2022-09-06,119551,Aditya Birla Sun Life Banking & PSU Debt Fund  - DIRECT - IDCW,106.8291,Aditya Birla Sun Life Mutual Fund,Debt Scheme - Banking and PSU Fund
2022-09-07,119551,Aditya Birla Sun Life Banking & PSU Debt Fund  - DIRECT - IDCW,106.8681,Aditya Birla Sun Life Mutual Fund,Debt Scheme - Banking and PSU Fund
2022-09-08,119551,Aditya Birla Sun Life Banking & PSU Debt Fund  - DIRECT - IDCW,106.9005,Aditya Birla Sun Life Mutual Fund,Debt Scheme - Banking and PSU Fund
2022-09-09,119551,Aditya Birla Sun Life Banking & PSU Debt Fund  - DIRECT - IDCW,106.9116,Aditya Birla Sun Life Mutual Fund,Debt Scheme - Banking and PSU Fund
2022-09-12,119551,Aditya Birla Sun Life Banking & PSU Debt Fund  - DIRECT - IDCW,106.954,Aditya Birla Sun Life Mutual Fund,Debt Scheme - Banking and PSU Fund
2022-09-13,119551,Aditya Birla Sun Life Banking & PSU Debt Fund  - DIRECT - IDCW,106.9983,Aditya Birla Sun Life Mutual Fund,Debt Scheme - Banking and PSU Fund
2022-09-14,119551,Aditya Birla Sun Life Banking & PSU Debt Fund  - DIRECT - IDCW,106.9625,Aditya Birla Sun Life Mutual Fund,Debt Scheme - Banking and PSU Fund
2022-09-15,119551,Aditya Birla Sun Life Banking & PSU Debt Fund  - DIRECT - IDCW,106.9084,Aditya Birla Sun Life Mutual Fund,Debt Scheme - Banking and PSU Fund
2022-09-16,119551,Aditya Birla Sun Life Banking & PSU Debt Fund  - DIRECT - IDCW,106.8585,Aditya Birla Sun Life Mutual Fund,Debt Scheme - Banking and PSU Fund
2022-09-19,119551,Aditya Birla Sun Life Banking & PSU Debt Fund  - DIRECT - IDCW,106.8748,Aditya Birla Sun Life Mutual Fund,Debt Scheme - Banking and PSU Fund
2022-09-20,119551,Aditya Birla Sun Life Banking & PSU Debt Fund  - DIRECT - IDCW,106.824,Aditya Birla Sun Life Mutual Fund,Debt Scheme - Banking and PSU Fund
2022-09-21,119551,Aditya Birla Sun Life Banking & PSU Debt Fund  - DIRECT - IDCW,106.8072,Aditya Birla Sun Life Mutual Fund,Debt Scheme - Banking and PSU Fund
2022-09-22,119551,Aditya Birla Sun Life Banking & PSU Debt Fund  - DIRECT - IDCW,106.7549,Aditya Birla Sun Life Mutual Fund,Debt Scheme - Banking and PSU Fund
2022-09-23,119551,Aditya Birla Sun Life Banking & PSU Debt Fund  - DIRECT - IDCW,106.6333,Aditya Birla Sun Life Mutual Fund,Debt Scheme - Banking and PSU Fund
2022-09-26,119551,Aditya Birla Sun Life Banking & PSU Debt Fund  - DIRECT - IDCW,106.6784,Aditya Birla Sun Life Mutual Fund,Debt Scheme - Banking and PSU Fund
2022-09-27,119551,Aditya Birla Sun Life Banking & PSU Debt Fund  - DIRECT - IDCW,106.6575,Aditya Birla Sun Life Mutual Fund,Debt Scheme - Banking and PSU Fund
2022-09-28,119551,Aditya Birla Sun Life Banking & PSU Debt Fund  - DIRECT - IDCW,106.6485,Aditya Birla Sun Life Mutual Fund,Debt Scheme - Banking and PSU Fund
2022-09-29,119551,Aditya Birla Sun Life Banking & PSU Debt Fund  - DIRECT - IDCW,106.7145,Aditya Birla Sun Life Mutual Fund,Debt Scheme - Banking and PSU Fund
2022-09-30,119551,Aditya Birla Sun Life Banking & PSU Debt Fund  - DIRECT - IDCW,106.7948,Aditya Birla Sun Life Mutual Fund,Debt Scheme - Banking and PSU Fund
2022-10-03,119551,Aditya Birla Sun Life Banking & PSU Debt Fund  - DIRECT - IDCW,106.8261,Aditya Birla Sun Life Mutual Fund,Debt Scheme - Banking and PSU Fund
2022-10-04,119551,Aditya Birla Sun Life Banking & PSU Debt Fund  - DIRECT - IDCW,106.8856,Aditya Birla Sun Life Mutual Fund,Debt Scheme - Banking and PSU Fund
2022-10-06,119551,Aditya Birla Sun Life Banking & PSU Debt Fund  - DIRECT - IDCW,106.8875,Aditya Birla Sun Life Mutual Fund,Debt Scheme - Banking and PSU Fund
2022-10-07,119551,Aditya Birla Sun Life Banking & PSU Debt Fund  - DIRECT - IDCW,106.8408,Aditya Birla Sun Life Mutual Fund,Debt Scheme - Banking and PSU Fund
2022-10-10,119551,Aditya Birla Sun Life Banking & PSU Debt Fund  - DIRECT - IDCW,106.8233,Aditya Birla Sun Life Mutual Fund,Debt Scheme - Banking and PSU Fund
2022-10-11,119551,Aditya Birla Sun Life Banking & PSU Debt Fund  - DIRECT - IDCW,106.782,Aditya Birla Sun Life Mutual Fund,Debt Scheme - Banking and PSU Fund
2022-10-12,119551,Aditya Birla Sun Life Banking & PSU Debt Fund  - DIRECT - IDCW,106.808,Aditya Birla Sun Life Mutual Fund,Debt Scheme - Banking and PSU Fund
2022-10-13,119551,Aditya Birla Sun Life Banking & PSU Debt Fund  - DIRECT - IDCW,106.812,Aditya Birla Sun Life Mutual Fund,Debt Scheme - Banking and PSU Fund
2022-10-14,119551,Aditya Birla Sun Life Banking & PSU Debt Fund  - DIRECT - IDCW,106.7922,Aditya Birla Sun Life Mutual Fund,Debt Scheme - Banking and PSU Fund
2022-10-17,119551,Aditya Birla Sun Life Banking & PSU Debt Fund  - DIRECT - IDCW,106.9437,Aditya Birla Sun Life Mutual Fund,Debt Scheme - Banking and PSU Fund
2022-10-18,119551,Aditya Birla Sun Life Banking & PSU Debt Fund  - DIRECT - IDCW,106.9767,Aditya Birla Sun Life Mutual Fund,Debt Scheme - Banking and PSU Fund
2022-10-19,119551,Aditya Birla Sun Life Banking & PSU Debt Fund  - DIRECT - IDCW,106.997,Aditya Birla Sun Life Mutual Fund,Debt Scheme - Banking and PSU Fund
2022-10-20,119551,Aditya Birla Sun Life Banking & PSU Debt Fund  - DIRECT - IDCW,106.9757,Aditya Birla Sun Life Mutual Fund,Debt Scheme - Banking and PSU Fund
2022-10-21,119551,Aditya Birla Sun Life Banking & PSU Debt Fund  - DIRECT - IDCW,106.9649,Aditya Birla Sun Life Mutual Fund,Debt Scheme - Banking and PSU Fund
2022-10-25,119551,Aditya Birla Sun Life Banking & PSU Debt Fund  - DIRECT - IDCW,107.112,Aditya Birla Sun Life Mutual Fund,Debt Scheme - Banking and PSU Fund
2022-10-27,119551,Aditya Birla Sun Life Banking & PSU Debt Fund  - DIRECT - IDCW,107.2349,Aditya Birla Sun Life Mutual Fund,Debt Scheme - Banking and PSU Fund
2022-10-28,119551,Aditya Birla Sun Life Banking & PSU Debt Fund  - DIRECT - IDCW,107.2137,Aditya Birla Sun Life Mutual Fund,Debt Scheme - Banking and PSU Fund
2022-10-31,119551,Aditya Birla Sun Life Banking & PSU Debt Fund  - DIRECT - IDCW,107.2729,Aditya Birla Sun Life Mutual Fund,Debt Scheme - Banking and PSU Fund
2022-11-01,119551,Aditya Birla Sun Life Banking & PSU Debt Fund  - DIRECT - IDCW,107.2818,Aditya Birla Sun Life Mutual Fund,Debt Scheme - Banking and PSU Fund
2022-11-02,119551,Aditya Birla Sun Life Banking & PSU Debt Fund  - DIRECT - IDCW,107.303,Aditya Birla Sun Life Mutual Fund,Debt Scheme - Banking and PSU Fund
2022-11-03,119551,Aditya Birla Sun Life Banking & PSU Debt Fund  - DIRECT - IDCW,107.2944,Aditya Birla Sun Life Mutual Fund,Debt Scheme - Banking and PSU Fund
2022-11-04,119551,Aditya Birla Sun Life Banking & PSU Debt Fund  - DIRECT - IDCW,107.307,Aditya Birla Sun Life Mutual Fund,Debt Scheme - Banking and PSU Fund
2022-11-07,119551,Aditya Birla Sun Life Banking & PSU Debt Fund  - DIRECT - IDCW,107.3633,Aditya Birla Sun Life Mutual Fund,Debt Scheme - Banking and PSU Fund
2022-11-09,119551,Aditya Birla Sun Life Banking & PSU Debt Fund  - DIRECT - IDCW,107.4581,Aditya Birla Sun Life Mutual Fund,Debt Scheme - Banking and PSU Fund
2022-11-10,119551,Aditya Birla Sun Life Banking & PSU Debt Fund  - DIRECT - IDCW,107.5243,Aditya Birla Sun Life Mutual Fund,Debt Scheme - Banking and PSU Fund
2022-11-11,119551,Aditya Birla Sun Life Banking & PSU Debt Fund  - DIRECT - IDCW,107.6105,Aditya Birla Sun Life Mutual Fund,Debt Scheme - Banking and PSU Fund
2022-11-14,119551,Aditya Birla Sun Life Banking & PSU Debt Fund  - DIRECT - IDCW,107.6593,Aditya Birla Sun Life Mutual Fund,Debt Scheme - Banking and PSU Fund
2022-11-15,119551,Aditya Birla Sun Life Banking & PSU Debt Fund  - DIRECT - IDCW,107.709,Aditya Birla Sun Life Mutual Fund,Debt Scheme - Banking and PSU Fund
2022-11-16,119551,Aditya Birla Sun Life Banking & PSU Debt Fund  - DIRECT - IDCW,107.7065,Aditya Birla Sun Life Mutual Fund,Debt Scheme - Banking and PSU Fund
2022-11-17,119551,Aditya Birla Sun Life Banking & PSU Debt Fund  - DIRECT - IDCW,107.7346,Aditya Birla Sun Life Mutual Fund,Debt Scheme - Banking and PSU Fund
2022-11-18,119551,Aditya Birla Sun Life Banking & PSU Debt Fund  - DIRECT - IDCW,107.7527,Aditya Birla Sun Life Mutual Fund,Debt Scheme - Banking and PSU Fund
2022-11-21,119551,Aditya Birla Sun Life Banking & PSU Debt Fund  - DIRECT - IDCW,107.8002,Aditya Birla Sun Life Mutual Fund,Debt Scheme - Banking and PSU Fund
2022-11-22,119551,Aditya Birla Sun Life Banking & PSU Debt Fund  - DIRECT - IDCW,107.8369,Aditya Birla Sun Life Mutual Fund,Debt Scheme - Banking and PSU Fund
2022-11-23,119551,Aditya Birla Sun Life Banking & PSU Debt Fund  - DIRECT - IDCW,107.8393,Aditya Birla Sun Life Mutual Fund,Debt Scheme - Banking and PSU Fund
2022-11-24,119551,Aditya Birla Sun Life Banking & PSU Debt Fund  - DIRECT - IDCW,107.8882,Aditya Birla Sun Life Mutual Fund,Debt Scheme - Banking and PSU Fund
2022-11-25,119551,Aditya Birla Sun Life Banking & PSU Debt Fund  - DIRECT - IDCW,107.9066,Aditya Birla Sun Life Mutual Fund,Debt Scheme - Banking and PSU Fund
2022-11-28,119551,Aditya Birla Sun Life Banking & PSU Debt Fund  - DIRECT - IDCW,107.9959,Aditya Birla Sun Life Mutual Fund,Debt Scheme - Banking and PSU Fund
2022-11-29,119551,Aditya Birla Sun Life Banking & PSU Debt Fund  - DIRECT - IDCW,107.99,Aditya Birla Sun Life Mutual Fund,Debt Scheme - Banking and PSU Fund
2022-11-30,119551,Aditya Birla Sun Life Banking & PSU Debt Fund  - DIRECT - IDCW,108.0334,Aditya Birla Sun Life Mutual Fund,Debt Scheme - Banking and PSU Fund
2022-12-01,119551,Aditya Birla Sun Life Banking & PSU Debt Fund  - DIRECT - IDCW,108.0832,Aditya Birla Sun Life Mutual Fund,Debt Scheme - Banking and PSU Fund
2022-12-02,119551,Aditya Birla Sun Life Banking & PSU Debt Fund  - DIRECT - IDCW,108.0988,Aditya Birla Sun Life Mutual Fund,Debt Scheme - Banking and PSU Fund
2022-12-05,119551,Aditya Birla Sun Life Banking & PSU Debt Fund  - DIRECT - IDCW,108.1499,Aditya Birla Sun Life Mutual Fund,Debt Scheme - Banking and PSU Fund
2022-12-06,119551,Aditya Birla Sun Life Banking & PSU Debt Fund  - DIRECT - IDCW,108.1762,Aditya Birla Sun Life Mutual Fund,Debt Scheme - Banking and PSU Fund
2022-12-07,119551,Aditya Birla Sun Life Banking & PSU Debt Fund  - DIRECT - IDCW,108.1551,Aditya Birla Sun Life Mutual Fund,Debt Scheme - Banking and PSU Fund
2022-12-08,119551,Aditya Birla Sun Life Banking & PSU Debt Fund  - DIRECT - IDCW,108.1783,Aditya Birla Sun Life Mutual Fund,Debt Scheme - Banking and PSU Fund
2022-12-09,119551,Aditya Birla Sun Life Banking & PSU Debt Fund  - DIRECT - IDCW,108.1868,Aditya Birla Sun Life Mutual Fund,Debt Scheme - Banking and PSU Fund
2022-12-12,119551,Aditya Birla Sun Life Banking & PSU Debt Fund  - DIRECT - IDCW,108.2614,Aditya Birla Sun Life Mutual Fund,Debt Scheme - Banking and PSU Fund
2022-12-13,119551,Aditya Birla Sun Life Banking & PSU Debt Fund  - DIRECT - IDCW,108.2884,Aditya Birla Sun Life Mutual Fund,Debt Scheme - Banking and PSU Fund
2022-12-14,119551,Aditya Birla Sun Life Banking & PSU Debt Fund  - DIRECT - IDCW,108.3488,Aditya Birla Sun Life Mutual Fund,Debt Scheme - Banking and PSU Fund
2022-12-15,119551,Aditya Birla Sun Life Banking & PSU Debt Fund  - DIRECT - IDCW,108.3336,Aditya Birla Sun Life Mutual Fund,Debt Scheme - Banking and PSU Fund
2022-12-16,119551,Aditya Birla Sun Life Banking & PSU Debt Fund  - DIRECT - IDCW,108.3466,Aditya Birla Sun Life Mutual Fund,Debt Scheme - Banking and PSU Fund
2022-12-19,119551,Aditya Birla Sun Life Banking & PSU Debt Fund  - DIRECT - IDCW,108.3837,Aditya Birla Sun Life Mutual Fund,Debt Scheme - Banking and PSU Fund
2022-12-20,119551,Aditya Birla Sun Life Banking & PSU Debt Fund  - DIRECT - IDCW,108.4123,Aditya Birla Sun Life Mutual Fund,Debt Scheme - Banking and PSU Fund
2022-12-21,119551,Aditya Birla Sun Life Banking & PSU Debt Fund  - DIRECT - IDCW,108.3843,Aditya Birla Sun Life Mutual Fund,Debt Scheme - Banking and PSU Fund
2022-12-22,119551,Aditya Birla Sun Life Banking & PSU Debt Fund  - DIRECT - IDCW,108.3903,Aditya Birla Sun Life Mutual Fund,Debt Scheme - Banking and PSU Fund
2022-12-23,119551,Aditya Birla Sun Life Banking & PSU Debt Fund  - DIRECT - IDCW,108.4095,Aditya Birla Sun Life Mutual Fund,Debt Scheme - Banking and PSU Fund
2022-12-26,119551,Aditya Birla Sun Life Banking & PSU Debt Fund  - DIRECT - IDCW,108.4303,Aditya Birla Sun Life Mutual Fund,Debt Scheme - Banking and PSU Fund
2022-12-27,119551,Aditya Birla Sun Life Banking & PSU Debt Fund  - DIRECT - IDCW,108.472,Aditya Birla Sun Life Mutual Fund,Debt Scheme - Banking and PSU Fund
2022-12-28,119551,Aditya Birla Sun Life Banking & PSU Debt Fund  - DIRECT - IDCW,108.4921,Aditya Birla Sun Life Mutual Fund,Debt Scheme - Banking and PSU Fund
2022-12-29,119551,Aditya Birla Sun Life Banking & PSU Debt Fund  - DIRECT - IDCW,108.4982,Aditya Birla Sun Life Mutual Fund,Debt Scheme - Banking and PSU Fund
2022-12-30,119551,Aditya Birla Sun Life Banking & PSU Debt Fund  - DIRECT - IDCW,108.5225,Aditya Birla Sun Life Mutual Fund,Debt Scheme - Banking and PSU Fund
2023-01-02,119551,Aditya Birla Sun Life Banking & PSU Debt Fund  - DIRECT - IDCW,108.5922,Aditya Birla Sun Life Mutual Fund,Debt Scheme - Banking and PSU Fund
2023-01-03,119551,Aditya Birla Sun Life Banking & PSU Debt Fund  - DIRECT - IDCW,108.627,Aditya Birla Sun Life Mutual Fund,Debt Scheme - Banking and PSU Fund
2023-01-04,119551,Aditya Birla Sun Life Banking & PSU Debt Fund  - DIRECT - IDCW,108.6262,Aditya Birla Sun Life Mutual Fund,Debt Scheme - Banking and PSU Fund
2023-01-05,119551,Aditya Birla Sun Life Banking & PSU Debt Fund  - DIRECT - IDCW,108.6405,Aditya Birla Sun Life Mutual Fund,Debt Scheme - Banking and PSU Fund
2023-01-06,119551,Aditya Birla Sun Life Banking & PSU Debt Fund  - DIRECT - IDCW,108.6235,Aditya Birla Sun Life Mutual Fund,Debt Scheme - Banking and PSU Fund
2023-01-09,119551,Aditya Birla Sun Life Banking & PSU Debt Fund  - DIRECT - IDCW,108.7189,Aditya Birla Sun Life Mutual Fund,Debt Scheme - Banking and PSU Fund
2023-01-10,119551,Aditya Birla Sun Life Banking & PSU Debt Fund  - DIRECT - IDCW,108.7409,Aditya Birla Sun Life Mutual Fund,Debt Scheme - Banking and PSU Fund
2023-01-11,119551,Aditya Birla Sun Life Banking & PSU Debt Fund  - DIRECT - IDCW,108.7682,Aditya Birla Sun Life Mutual Fund,Debt Scheme - Banking and PSU Fund
2023-01-12,119551,Aditya Birla Sun Life Banking & PSU Debt Fund  - DIRECT - IDCW,108.8154,Aditya Birla Sun Life Mutual Fund,Debt Scheme - Banking and PSU Fund
2023-01-13,119551,Aditya Birla Sun Life Banking & PSU Debt Fund  - DIRECT - IDCW,108.8441,Aditya Birla Sun Life Mutual Fund,Debt Scheme - Banking and PSU Fund
2023-01-16,119551,Aditya Birla Sun Life Banking & PSU Debt Fund  - DIRECT - IDCW,108.8945,Aditya Birla Sun Life Mutual Fund,Debt Scheme - Banking and PSU Fund
2023-01-17,119551,Aditya Birla Sun Life Banking & PSU Debt Fund  - DIRECT - IDCW,108.9098,Aditya Birla Sun Life Mutual Fund,Debt Scheme - Banking and PSU Fund
2023-01-18,119551,Aditya Birla Sun Life Banking & PSU Debt Fund  - DIRECT - IDCW,108.929,Aditya Birla Sun Life Mutual Fund,Debt Scheme - Banking and PSU Fund
2023-01-19,119551,Aditya Birla Sun Life Banking & PSU Debt Fund  - DIRECT - IDCW,108.9578,Aditya Birla Sun Life Mutual Fund,Debt Scheme - Banking and PSU Fund
2023-01-20,119551,Aditya Birla Sun Life Banking & PSU Debt Fund  - DIRECT - IDCW,108.9335,Aditya Birla Sun Life Mutual Fund,Debt Scheme - Banking and PSU Fund
2023-01-23,119551,Aditya Birla Sun Life Banking & PSU Debt Fund  - DIRECT - IDCW,108.9803,Aditya Birla Sun Life Mutual Fund,Debt Scheme - Banking and PSU Fund
2023-01-24,119551,Aditya Birla Sun Life Banking & PSU Debt Fund  - DIRECT - IDCW,108.9995,Aditya Birla Sun Life Mutual Fund,Debt Scheme - Banking and PSU Fund
2023-01-25,119551,Aditya Birla Sun Life Banking & PSU Debt Fund  - DIRECT - IDCW,108.9962,Aditya Birla Sun Life Mutual Fund,Debt Scheme - Banking and PSU Fund
2023-01-27,119551,Aditya Birla Sun Life Banking & PSU Debt Fund  - DIRECT - IDCW,108.9787,Aditya Birla Sun Life Mutual Fund,Debt Scheme - Banking and PSU Fund
2023-01-30,119551,Aditya Birla Sun Life Banking & PSU Debt Fund  - DIRECT - IDCW,109.0072,Aditya Birla Sun Life Mutual Fund,Debt Scheme - Banking and PSU Fund
2023-01-31,119551,Aditya Birla Sun Life Banking & PSU Debt Fund  - DIRECT - IDCW,109.0678,Aditya Birla Sun Life Mutual Fund,Debt Scheme - Banking and PSU Fund
2023-02-01,119551,Aditya Birla Sun Life Banking & PSU Debt Fund  - DIRECT - IDCW,109.1849,Aditya Birla Sun Life Mutual Fund,Debt Scheme - Banking and PSU Fund
2023-02-02,119551,Aditya Birla Sun Life Banking & PSU Debt Fund  - DIRECT - IDCW,109.2186,Aditya Birla Sun Life Mutual Fund,Debt Scheme - Banking and PSU Fund
2023-02-03,119551,Aditya Birla Sun Life Banking & PSU Debt Fund  - DIRECT - IDCW,109.2425,Aditya Birla Sun Life Mutual Fund,Debt Scheme - Banking and PSU Fund
2023-02-06,119551,Aditya Birla Sun Life Banking & PSU Debt Fund  - DIRECT - IDCW,109.2662,Aditya Birla Sun Life Mutual Fund,Debt Scheme - Banking and PSU Fund
2023-02-07,119551,Aditya Birla Sun Life Banking & PSU Debt Fund  - DIRECT - IDCW,109.2826,Aditya Birla Sun Life Mutual Fund,Debt Scheme - Banking and PSU Fund
2023-02-08,119551,Aditya Birla Sun Life Banking & PSU Debt Fund  - DIRECT - IDCW,109.2472,Aditya Birla Sun Life Mutual Fund,Debt Scheme - Banking and PSU Fund
2023-02-09,119551,Aditya Birla Sun Life Banking & PSU Debt Fund  - DIRECT - IDCW,109.2446,Aditya Birla Sun Life Mutual Fund,Debt Scheme - Banking and PSU Fund
2023-02-10,119551,Aditya Birla Sun Life Banking & PSU Debt Fund  - DIRECT - IDCW,109.2412,Aditya Birla Sun Life Mutual Fund,Debt Scheme - Banking and PSU Fund
2023-02-13,119551,Aditya Birla Sun Life Banking & PSU Debt Fund  - DIRECT - IDCW,109.2826,Aditya Birla Sun Life Mutual Fund,Debt Scheme - Banking and PSU Fund
2023-02-14,119551,Aditya Birla Sun Life Banking & PSU Debt Fund  - DIRECT - IDCW,109.248,Aditya Birla Sun Life Mutual Fund,Debt Scheme - Banking and PSU Fund
2023-02-15,119551,Aditya Birla Sun Life Banking & PSU Debt Fund  - DIRECT - IDCW,109.2929,Aditya Birla Sun Life Mutual Fund,Debt Scheme - Banking and PSU Fund
2023-02-16,119551,Aditya Birla Sun Life Banking & PSU Debt Fund  - DIRECT - IDCW,109.3243,Aditya Birla Sun Life Mutual Fund,Debt Scheme - Banking and PSU Fund
2023-02-17,119551,Aditya Birla Sun Life Banking & PSU Debt Fund  - DIRECT - IDCW,109.2924,Aditya Birla Sun Life Mutual Fund,Debt Scheme - Banking and PSU Fund
2023-02-20,119551,Aditya Birla Sun Life Banking & PSU Debt Fund  - DIRECT - IDCW,109.378,Aditya Birla Sun Life Mutual Fund,Debt Scheme - Banking and PSU Fund
2023-02-21,119551,Aditya Birla Sun Life Banking & PSU Debt Fund  - DIRECT - IDCW,109.4182,Aditya Birla Sun Life Mutual Fund,Debt Scheme - Banking and PSU Fund
2023-02-22,119551,Aditya Birla Sun Life Banking & PSU Debt Fund  - DIRECT - IDCW,109.3818,Aditya Birla Sun Life Mutual Fund,Debt Scheme - Banking and PSU Fund
2023-02-23,119551,Aditya Birla Sun Life Banking & PSU Debt Fund  - DIRECT - IDCW,109.409,Aditya Birla Sun Life Mutual Fund,Debt Scheme - Banking and PSU Fund
2023-02-24,119551,Aditya Birla Sun Life Banking & PSU Debt Fund  - DIRECT - IDCW,109.4234,Aditya Birla Sun Life Mutual Fund,Debt Scheme - Banking and PSU Fund
2023-02-27,119551,Aditya Birla Sun Life Banking & PSU Debt Fund  - DIRECT - IDCW,109.4341,Aditya Birla Sun Life Mutual Fund,Debt Scheme - Banking and PSU Fund
2023-02-28,119551,Aditya Birla Sun Life Banking & PSU Debt Fund  - DIRECT - IDCW,109.4442,Aditya Birla Sun Life Mutual Fund,Debt Scheme - Banking and PSU Fund
2023-03-01,119551,Aditya Birla Sun Life Banking & PSU Debt Fund  - DIRECT - IDCW,109.43,Aditya Birla Sun Life Mutual Fund,Debt Scheme - Banking and PSU Fund
2023-03-02,119551,Aditya Birla Sun Life Banking & PSU Debt Fund  - DIRECT - IDCW,109.447,Aditya Birla Sun Life Mutual Fund,Debt Scheme - Banking and PSU Fund
2023-03-03,119551,Aditya Birla Sun Life Banking & PSU Debt Fund  - DIRECT - IDCW,109.4874,Aditya Birla Sun Life Mutual Fund,Debt Scheme - Banking and PSU Fund
2023-03-06,119551,Aditya Birla Sun Life Banking & PSU Debt Fund  - DIRECT - IDCW,109.5313,Aditya Birla Sun Life Mutual Fund,Debt Scheme - Banking and PSU Fund
2023-03-08,119551,Aditya Birla Sun Life Banking & PSU Debt Fund  - DIRECT - IDCW,109.5103,Aditya Birla Sun Life Mutual Fund,Debt Scheme - Banking and PSU Fund
2023-03-09,119551,Aditya Birla Sun Life Banking & PSU Debt Fund  - DIRECT - IDCW,109.541,Aditya Birla Sun Life Mutual Fund,Debt Scheme - Banking and PSU Fund
2023-03-10,119551,Aditya Birla Sun Life Banking & PSU Debt Fund  - DIRECT - IDCW,109.5769,Aditya Birla Sun Life Mutual Fund,Debt Scheme - Banking and PSU Fund
2023-03-13,119551,Aditya Birla Sun Life Banking & PSU Debt Fund  - DIRECT - IDCW,109.7345,Aditya Birla Sun Life Mutual Fund,Debt Scheme - Banking and PSU Fund
2023-03-14,119551,Aditya Birla Sun Life Banking & PSU Debt Fund  - DIRECT - IDCW,109.7889,Aditya Birla Sun Life Mutual Fund,Debt Scheme - Banking and PSU Fund
2023-03-15,119551,Aditya Birla Sun Life Banking & PSU Debt Fund  - DIRECT - IDCW,109.8123,Aditya Birla Sun Life Mutual Fund,Debt Scheme - Banking and PSU Fund
2023-03-16,119551,Aditya Birla Sun Life Banking & PSU Debt Fund  - DIRECT - IDCW,109.7988,Aditya Birla Sun Life Mutual Fund,Debt Scheme - Banking and PSU Fund
2023-03-17,119551,Aditya Birla Sun Life Banking & PSU Debt Fund  - DIRECT - IDCW,109.8366,Aditya Birla Sun Life Mutual Fund,Debt Scheme - Banking and PSU Fund
2023-03-20,119551,Aditya Birla Sun Life Banking & PSU Debt Fund  - DIRECT - IDCW,109.9509,Aditya Birla Sun Life Mutual Fund,Debt Scheme - Banking and PSU Fund
2023-03-21,119551,Aditya Birla Sun Life Banking & PSU Debt Fund  - DIRECT - IDCW,109.981,Aditya Birla Sun Life Mutual Fund,Debt Scheme - Banking and PSU Fund
2023-03-23,119551,Aditya Birla Sun Life Banking & PSU Debt Fund  - DIRECT - IDCW,110.0625,Aditya Birla Sun Life Mutual Fund,Debt Scheme - Banking and PSU Fund
2023-03-24,119551,Aditya Birla Sun Life Banking & PSU Debt Fund  - DIRECT - IDCW,110.0794,Aditya Birla Sun Life Mutual Fund,Debt Scheme - Banking and PSU Fund
2023-03-27,119551,Aditya Birla Sun Life Banking & PSU Debt Fund  - DIRECT - IDCW,110.1469,Aditya Birla Sun Life Mutual Fund,Debt Scheme - Banking and PSU Fund
2023-03-28,119551,Aditya Birla Sun Life Banking & PSU Debt Fund  - DIRECT - IDCW,110.1156,Aditya Birla Sun Life Mutual Fund,Debt Scheme - Banking and PSU Fund
2023-03-29,119551,Aditya Birla Sun Life Banking & PSU Debt Fund  - DIRECT - IDCW,110.2525,Aditya Birla Sun Life Mutual Fund,Debt Scheme - Banking and PSU Fund
2023-03-31,119551,Aditya Birla Sun Life Banking & PSU Debt Fund  - DIRECT - IDCW,110.3887,Aditya Birla Sun Life Mutual Fund,Debt Scheme - Banking and PSU Fund
2023-04-03,119551,Aditya Birla Sun Life Banking & PSU Debt Fund  - DIRECT - IDCW,110.4369,Aditya Birla Sun Life Mutual Fund,Debt Scheme - Banking and PSU Fund
2023-04-05,119551,Aditya Birla Sun Life Banking & PSU Debt Fund  - DIRECT - IDCW,110.5493,Aditya Birla Sun Life Mutual Fund,Debt Scheme - Banking and PSU Fund
2023-04-06,119551,Aditya Birla Sun Life Banking & PSU Debt Fund  - DIRECT - IDCW,110.7692,Aditya Birla Sun Life Mutual Fund,Debt Scheme - Banking and PSU Fund
2023-04-10,119551,Aditya Birla Sun Life Banking & PSU Debt Fund  - DIRECT - IDCW,110.8339,Aditya Birla Sun Life Mutual Fund,Debt Scheme - Banking and PSU Fund
2023-04-11,119551,Aditya Birla Sun Life Banking & PSU Debt Fund  - DIRECT - IDCW,110.847,Aditya Birla Sun Life Mutual Fund,Debt Scheme - Banking and PSU Fund
2023-04-12,119551,Aditya Birla Sun Life Banking & PSU Debt Fund  - DIRECT - IDCW,110.9134,Aditya Birla Sun Life Mutual Fund,Debt Scheme - Banking and PSU Fund
2023-04-13,119551,Aditya Birla Sun Life Banking & PSU Debt Fund  - DIRECT - IDCW,110.9273,Aditya Birla Sun Life Mutual Fund,Debt Scheme - Banking and PSU Fund
2023-04-17,119551,Aditya Birla Sun Life Banking & PSU Debt Fund  - DIRECT - IDCW,110.9947,Aditya Birla Sun Life Mutual Fund,Debt Scheme - Banking and PSU Fund
2023-04-18,119551,Aditya Birla Sun Life Banking & PSU Debt Fund  - DIRECT - IDCW,111.029,Aditya Birla Sun Life Mutual Fund,Debt Scheme - Banking and PSU Fund
2023-04-19,119551,Aditya Birla Sun Life Banking & PSU Debt Fund  - DIRECT - IDCW,111.0669,Aditya Birla Sun Life Mutual Fund,Debt Scheme - Banking and PSU Fund
2023-04-20,119551,Aditya Birla Sun Life Banking & PSU Debt Fund  - DIRECT - IDCW,111.0695,Aditya Birla Sun Life Mutual Fund,Debt Scheme - Banking and PSU Fund
2023-04-21,119551,Aditya Birla Sun Life Banking & PSU Debt Fund  - DIRECT - IDCW,111.1177,Aditya Birla Sun Life Mutual Fund,Debt Scheme - Banking and PSU Fund
2023-04-24,119551,Aditya Birla Sun Life Banking & PSU Debt Fund  - DIRECT - IDCW,111.2444,Aditya Birla Sun Life Mutual Fund,Debt Scheme - Banking and PSU Fund
2023-04-25,119551,Aditya Birla Sun Life Banking & PSU Debt Fund  - DIRECT - IDCW,111.2845,Aditya Birla Sun Life Mutual Fund,Debt Scheme - Banking and PSU Fund
2023-04-26,119551,Aditya Birla Sun Life Banking & PSU Debt Fund  - DIRECT - IDCW,111.3157,Aditya Birla Sun Life Mutual Fund,Debt Scheme - Banking and PSU Fund
2023-04-27,119551,Aditya Birla Sun Life Banking & PSU Debt Fund  - DIRECT - IDCW,111.3747,Aditya Birla Sun Life Mutual Fund,Debt Scheme - Banking and PSU Fund
2023-04-28,119551,Aditya Birla Sun Life Banking & PSU Debt Fund  - DIRECT - IDCW,111.3814,Aditya Birla Sun Life Mutual Fund,Debt Scheme - Banking and PSU Fund
2023-05-02,119551,Aditya Birla Sun Life Banking & PSU Debt Fund  - DIRECT - IDCW,111.4551,Aditya Birla Sun Life Mutual Fund,Debt Scheme - Banking and PSU Fund
2023-05-03,119551,Aditya Birla Sun Life Banking & PSU Debt Fund  - DIRECT - IDCW,111.534,Aditya Birla Sun Life Mutual Fund,Debt Scheme - Banking and PSU Fund
2023-05-04,119551,Aditya Birla Sun Life Banking & PSU Debt Fund  - DIRECT - IDCW,111.556,Aditya Birla Sun Life Mutual Fund,Debt Scheme - Banking and PSU Fund
2023-05-08,119551,Aditya Birla Sun Life Banking & PSU Debt Fund  - DIRECT - IDCW,111.6462,Aditya Birla Sun Life Mutual Fund,Debt Scheme - Banking and PSU Fund
2023-05-09,119551,Aditya Birla Sun Life Banking & PSU Debt Fund  - DIRECT - IDCW,111.6494,Aditya Birla Sun Life Mutual Fund,Debt Scheme - Banking and PSU Fund
2023-05-10,119551,Aditya Birla Sun Life Banking & PSU Debt Fund  - DIRECT - IDCW,111.6632,Aditya Birla Sun Life Mutual Fund,Debt Scheme - Banking and PSU Fund
2023-05-11,119551,Aditya Birla Sun Life Banking & PSU Debt Fund  - DIRECT - IDCW,111.6912,Aditya Birla Sun Life Mutual Fund,Debt Scheme - Banking and PSU Fund
2023-05-12,119551,Aditya Birla Sun Life Banking & PSU Debt Fund  - DIRECT - IDCW,111.7357,Aditya Birla Sun Life Mutual Fund,Debt Scheme - Banking and PSU Fund
2023-05-15,119551,Aditya Birla Sun Life Banking & PSU Debt Fund  - DIRECT - IDCW,111.8017,Aditya Birla Sun Life Mutual Fund,Debt Scheme - Banking and PSU Fund
2023-05-16,119551,Aditya Birla Sun Life Banking & PSU Debt Fund  - DIRECT - IDCW,111.8439,Aditya Birla Sun Life Mutual Fund,Debt Scheme - Banking and PSU Fund
2023-05-17,119551,Aditya Birla Sun Life Banking & PSU Debt Fund  - DIRECT - IDCW,111.8786,Aditya Birla Sun Life Mutual Fund,Debt Scheme - Banking and PSU Fund
2023-05-18,119551,Aditya Birla Sun Life Banking & PSU Debt Fund  - DIRECT - IDCW,111.9625,Aditya Birla Sun Life Mutual Fund,Debt Scheme - Banking and PSU Fund
2023-05-19,119551,Aditya Birla Sun Life Banking & PSU Debt Fund  - DIRECT - IDCW,111.9729,Aditya Birla Sun Life Mutual Fund,Debt Scheme - Banking and PSU Fund
2023-05-22,119551,Aditya Birla Sun Life Banking & PSU Debt Fund  - DIRECT - IDCW,112.1196,Aditya Birla Sun Life Mutual Fund,Debt Scheme - Banking and PSU Fund
2023-05-23,119551,Aditya Birla Sun Life Banking & PSU Debt Fund  - DIRECT - IDCW,112.1072,Aditya Birla Sun Life Mutual Fund,Debt Scheme - Banking and PSU Fund
2023-05-24,119551,Aditya Birla Sun Life Banking & PSU Debt Fund  - DIRECT - IDCW,112.1392,Aditya Birla Sun Life Mutual Fund,Debt Scheme - Banking and PSU Fund
2023-05-25,119551,Aditya Birla Sun Life Banking & PSU Debt Fund  - DIRECT - IDCW,112.1468,Aditya Birla Sun Life Mutual Fund,Debt Scheme - Banking and PSU Fund
2023-05-26,119551,Aditya Birla Sun Life Banking & PSU Debt Fund  - DIRECT - IDCW,112.1609,Aditya Birla Sun Life Mutual Fund,Debt Scheme - Banking and PSU Fund
2023-05-29,119551,Aditya Birla Sun Life Banking & PSU Debt Fund  - DIRECT - IDCW,112.1994,Aditya Birla Sun Life Mutual Fund,Debt Scheme - Banking and PSU Fund
2023-05-30,119551,Aditya Birla Sun Life Banking & PSU Debt Fund  - DIRECT - IDCW,112.2149,Aditya Birla Sun Life Mutual Fund,Debt Scheme - Banking and PSU Fund
2023-05-31,119551,Aditya Birla Sun Life Banking & PSU Debt Fund  - DIRECT - IDCW,112.2328,Aditya Birla Sun Life Mutual Fund,Debt Scheme - Banking and PSU Fund
2023-06-01,119551,Aditya Birla Sun Life Banking & PSU Debt Fund  - DIRECT - IDCW,112.3041,Aditya Birla Sun Life Mutual Fund,Debt Scheme - Banking and PSU Fund
2023-06-02,119551,Aditya Birla Sun Life Banking & PSU Debt Fund  - DIRECT - IDCW,112.3136,Aditya Birla Sun Life Mutual Fund,Debt Scheme - Banking and PSU Fund
2023-06-05,119551,Aditya Birla Sun Life Banking & PSU Debt Fund  - DIRECT - IDCW,112.35,Aditya Birla Sun Life Mutual Fund,Debt Scheme - Banking and PSU Fund
2023-06-06,119551,Aditya Birla Sun Life Banking & PSU Debt Fund  - DIRECT - IDCW,112.3976,Aditya Birla Sun Life Mutual Fund,Debt Scheme - Banking and PSU Fund
2023-06-07,119551,Aditya Birla Sun Life Banking & PSU Debt Fund  - DIRECT - IDCW,112.4241,Aditya Birla Sun Life Mutual Fund,Debt Scheme - Banking and PSU Fund
2023-06-08,119551,Aditya Birla Sun Life Banking & PSU Debt Fund  - DIRECT - IDCW,112.3995,Aditya Birla Sun Life Mutual Fund,Debt Scheme - Banking and PSU Fund
2023-06-09,119551,Aditya Birla Sun Life Banking & PSU Debt Fund  - DIRECT - IDCW,112.3662,Aditya Birla Sun Life Mutual Fund,Debt Scheme - Banking and PSU Fund
2023-06-12,119551,Aditya Birla Sun Life Banking & PSU Debt Fund  - DIRECT - IDCW,112.4181,Aditya Birla Sun Life Mutual Fund,Debt Scheme - Banking and PSU Fund
2023-06-13,119551,Aditya Birla Sun Life Banking & PSU Debt Fund  - DIRECT - IDCW,112.4564,Aditya Birla Sun Life Mutual Fund,Debt Scheme - Banking and PSU Fund
2023-06-14,119551,Aditya Birla Sun Life Banking & PSU Debt Fund  - DIRECT - IDCW,112.4522,Aditya Birla Sun Life Mutual Fund,Debt Scheme - Banking and PSU Fund
2023-06-15,119551,Aditya Birla Sun Life Banking & PSU Debt Fund  - DIRECT - IDCW,112.4579,Aditya Birla Sun Life Mutual Fund,Debt Scheme - Banking and PSU Fund
2023-06-16,119551,Aditya Birla Sun Life Banking & PSU Debt Fund  - DIRECT - IDCW,112.4688,Aditya Birla Sun Life Mutual Fund,Debt Scheme - Banking and PSU Fund
2023-06-19,119551,Aditya Birla Sun Life Banking & PSU Debt Fund  - DIRECT - IDCW,112.5427,Aditya Birla Sun Life Mutual Fund,Debt Scheme - Banking and PSU Fund
2023-06-20,119551,Aditya Birla Sun Life Banking & PSU Debt Fund  - DIRECT - IDCW,112.5543,Aditya Birla Sun Life Mutual Fund,Debt Scheme - Banking and PSU Fund
2023-06-21,119551,Aditya Birla Sun Life Banking & PSU Debt Fund  - DIRECT - IDCW,112.5483,Aditya Birla Sun Life Mutual Fund,Debt Scheme - Banking and PSU Fund
2023-06-22,119551,Aditya Birla Sun Life Banking & PSU Debt Fund  - DIRECT - IDCW,112.5347,Aditya Birla Sun Life Mutual Fund,Debt Scheme - Banking and PSU Fund
2023-06-23,119551,Aditya Birla Sun Life Banking & PSU Debt Fund  - DIRECT - IDCW,112.5447,Aditya Birla Sun Life Mutual Fund,Debt Scheme - Banking and PSU Fund
2023-06-26,119551,Aditya Birla Sun Life Banking & PSU Debt Fund  - DIRECT - IDCW,112.5988,Aditya Birla Sun Life Mutual Fund,Debt Scheme - Banking and PSU Fund
2023-06-27,119551,Aditya Birla Sun Life Banking & PSU Debt Fund  - DIRECT - IDCW,112.6073,Aditya Birla Sun Life Mutual Fund,Debt Scheme - Banking and PSU Fund
2023-06-28,119551,Aditya Birla Sun Life Banking & PSU Debt Fund  - DIRECT - IDCW,112.6521,Aditya Birla Sun Life Mutual Fund,Debt Scheme - Banking and PSU Fund
2023-06-30,119551,Aditya Birla Sun Life Banking & PSU Debt Fund  - DIRECT - IDCW,112.6635,Aditya Birla Sun Life Mutual Fund,Debt Scheme - Banking and PSU Fund
2023-07-03,119551,Aditya Birla Sun Life Banking & PSU Debt Fund  - DIRECT - IDCW,112.6779,Aditya Birla Sun Life Mutual Fund,Debt Scheme - Banking and PSU Fund
2023-07-04,119551,Aditya Birla Sun Life Banking & PSU Debt Fund  - DIRECT - IDCW,112.7332,Aditya Birla Sun Life Mutual Fund,Debt Scheme - Banking and PSU Fund
2023-07-05,119551,Aditya Birla Sun Life Banking & PSU Debt Fund  - DIRECT - IDCW,112.7734,Aditya Birla Sun Life Mutual Fund,Debt Scheme - Banking and PSU Fund
2023-07-06,119551,Aditya Birla Sun Life Banking & PSU Debt Fund  - DIRECT - IDCW,112.7607,Aditya Birla Sun Life Mutual Fund,Debt Scheme - Banking and PSU Fund
2023-07-07,119551,Aditya Birla Sun Life Banking & PSU Debt Fund  - DIRECT - IDCW,112.7417,Aditya Birla Sun Life Mutual Fund,Debt Scheme - Banking and PSU Fund
2023-07-10,119551,Aditya Birla Sun Life Banking & PSU Debt Fund  - DIRECT - IDCW,112.7947,Aditya Birla Sun Life Mutual Fund,Debt Scheme - Banking and PSU Fund
2023-07-11,119551,Aditya Birla Sun Life Banking & PSU Debt Fund  - DIRECT - IDCW,112.879,Aditya Birla Sun Life Mutual Fund,Debt Scheme - Banking and PSU Fund
2023-07-12,119551,Aditya Birla Sun Life Banking & PSU Debt Fund  - DIRECT - IDCW,112.8785,Aditya Birla Sun Life Mutual Fund,Debt Scheme - Banking and PSU Fund
2023-07-13,119551,Aditya Birla Sun Life Banking & PSU Debt Fund  - DIRECT - IDCW,112.9794,Aditya Birla Sun Life Mutual Fund,Debt Scheme - Banking and PSU Fund
2023-07-14,119551,Aditya Birla Sun Life Banking & PSU Debt Fund  - DIRECT - IDCW,113.0224,Aditya Birla Sun Life Mutual Fund,Debt Scheme - Banking and PSU Fund
2023-07-17,119551,Aditya Birla Sun Life Banking & PSU Debt Fund  - DIRECT - IDCW,113.0933,Aditya Birla Sun Life Mutual Fund,Debt Scheme - Banking and PSU Fund
2023-07-18,119551,Aditya Birla Sun Life Banking & PSU Debt Fund  - DIRECT - IDCW,113.1539,Aditya Birla Sun Life Mutual Fund,Debt Scheme - Banking and PSU Fund
2023-07-19,119551,Aditya Birla Sun Life Banking & PSU Debt Fund  - DIRECT - IDCW,113.185,Aditya Birla Sun Life Mutual Fund,Debt Scheme - Banking and PSU Fund
2023-07-20,119551,Aditya Birla Sun Life Banking & PSU Debt Fund  - DIRECT - IDCW,113.2135,Aditya Birla Sun Life Mutual Fund,Debt Scheme - Banking and PSU Fund
2023-07-21,119551,Aditya Birla Sun Life Banking & PSU Debt Fund  - DIRECT - IDCW,113.1867,Aditya Birla Sun Life Mutual Fund,Debt Scheme - Banking and PSU Fund
2023-07-24,119551,Aditya Birla Sun Life Banking & PSU Debt Fund  - DIRECT - IDCW,113.252,Aditya Birla Sun Life Mutual Fund,Debt Scheme - Banking and PSU Fund
2023-07-25,119551,Aditya Birla Sun Life Banking & PSU Debt Fund  - DIRECT - IDCW,113.2068,Aditya Birla Sun Life Mutual Fund,Debt Scheme - Banking and PSU Fund
2023-07-26,119551,Aditya Birla Sun Life Banking & PSU Debt Fund  - DIRECT - IDCW,113.25,Aditya Birla Sun Life Mutual Fund,Debt Scheme - Banking and PSU Fund
2023-07-27,119551,Aditya Birla Sun Life Banking & PSU Debt Fund  - DIRECT - IDCW,113.302,Aditya Birla Sun Life Mutual Fund,Debt Scheme - Banking and PSU Fund
2023-07-28,119551,Aditya Birla Sun Life Banking & PSU Debt Fund  - DIRECT - IDCW,113.2233,Aditya Birla Sun Life Mutual Fund,Debt Scheme - Banking and PSU Fund
2023-07-31,119551,Aditya Birla Sun Life Banking & PSU Debt Fund  - DIRECT - IDCW,113.2955,Aditya Birla Sun Life Mutual Fund,Debt Scheme - Banking and PSU Fund
2023-08-01,119551,Aditya Birla Sun Life Banking & PSU Debt Fund  - DIRECT - IDCW,113.3502,Aditya Birla Sun Life Mutual Fund,Debt Scheme - Banking and PSU Fund
2023-08-02,119551,Aditya Birla Sun Life Banking & PSU Debt Fund  - DIRECT - IDCW,113.371,Aditya Birla Sun Life Mutual Fund,Debt Scheme - Banking and PSU Fund
2023-08-03,119551,Aditya Birla Sun Life Banking & PSU Debt Fund  - DIRECT - IDCW,113.3366,Aditya Birla Sun Life Mutual Fund,Debt Scheme - Banking and PSU Fund
2023-08-04,119551,Aditya Birla Sun Life Banking & PSU Debt Fund  - DIRECT - IDCW,113.3024,Aditya Birla Sun Life Mutual Fund,Debt Scheme - Banking and PSU Fund
2023-08-07,119551,Aditya Birla Sun Life Banking & PSU Debt Fund  - DIRECT - IDCW,113.4145,Aditya Birla Sun Life Mutual Fund,Debt Scheme - Banking and PSU Fund
2023-08-08,119551,Aditya Birla Sun Life Banking & PSU Debt Fund  - DIRECT - IDCW,113.4097,Aditya Birla Sun Life Mutual Fund,Debt Scheme - Banking and PSU Fund
2023-08-09,119551,Aditya Birla Sun Life Banking & PSU Debt Fund  - DIRECT - IDCW,113.4446,Aditya Birla Sun Life Mutual Fund,Debt Scheme - Banking and PSU Fund
2023-08-10,119551,Aditya Birla Sun Life Banking & PSU Debt Fund  - DIRECT - IDCW,113.4695,Aditya Birla Sun Life Mutual Fund,Debt Scheme - Banking and PSU Fund
2023-08-11,119551,Aditya Birla Sun Life Banking & PSU Debt Fund  - DIRECT - IDCW,113.4328,Aditya Birla Sun Life Mutual Fund,Debt Scheme - Banking and PSU Fund
2023-08-14,119551,Aditya Birla Sun Life Banking & PSU Debt Fund  - DIRECT - IDCW,113.4717,Aditya Birla Sun Life Mutual Fund,Debt Scheme - Banking and PSU Fund
2023-08-17,119551,Aditya Birla Sun Life Banking & PSU Debt Fund  - DIRECT - IDCW,113.448,Aditya Birla Sun Life Mutual Fund,Debt Scheme - Banking and PSU Fund
2023-08-18,119551,Aditya Birla Sun Life Banking & PSU Debt Fund  - DIRECT - IDCW,113.5055,Aditya Birla Sun Life Mutual Fund,Debt Scheme - Banking and PSU Fund
2023-08-21,119551,Aditya Birla Sun Life Banking & PSU Debt Fund  - DIRECT - IDCW,113.5726,Aditya Birla Sun Life Mutual Fund,Debt Scheme - Banking and PSU Fund
2023-08-22,119551,Aditya Birla Sun Life Banking & PSU Debt Fund  - DIRECT - IDCW,113.5608,Aditya Birla Sun Life Mutual Fund,Debt Scheme - Banking and PSU Fund
2023-08-23,119551,Aditya Birla Sun Life Banking & PSU Debt Fund  - DIRECT - IDCW,113.6358,Aditya Birla Sun Life Mutual Fund,Debt Scheme - Banking and PSU Fund
2023-08-24,119551,Aditya Birla Sun Life Banking & PSU Debt Fund  - DIRECT - IDCW,113.6982,Aditya Birla Sun Life Mutual Fund,Debt Scheme - Banking and PSU Fund
2023-08-25,119551,Aditya Birla Sun Life Banking & PSU Debt Fund  - DIRECT - IDCW,113.708,Aditya Birla Sun Life Mutual Fund,Debt Scheme - Banking and PSU Fund
2023-08-28,119551,Aditya Birla Sun Life Banking & PSU Debt Fund  - DIRECT - IDCW,113.8221,Aditya Birla Sun Life Mutual Fund,Debt Scheme - Banking and PSU Fund
2023-08-29,119551,Aditya Birla Sun Life Banking & PSU Debt Fund  - DIRECT - IDCW,113.8467,Aditya Birla Sun Life Mutual Fund,Debt Scheme - Banking and PSU Fund
2023-08-30,119551,Aditya Birla Sun Life Banking & PSU Debt Fund  - DIRECT - IDCW,113.8834,Aditya Birla Sun Life Mutual Fund,Debt Scheme - Banking and PSU Fund
2023-08-31,119551,Aditya Birla Sun Life Banking & PSU Debt Fund  - DIRECT - IDCW,113.9005,Aditya Birla Sun Life Mutual Fund,Debt Scheme - Banking and PSU Fund
2023-09-01,119551,Aditya Birla Sun Life Banking & PSU Debt Fund  - DIRECT - IDCW,113.9205,Aditya Birla Sun Life Mutual Fund,Debt Scheme - Banking and PSU Fund
2023-09-04,119551,Aditya Birla Sun Life Banking & PSU Debt Fund  - DIRECT - IDCW,113.9843,Aditya Birla Sun Life Mutual Fund,Debt Scheme - Banking and PSU Fund
2023-09-05,119551,Aditya Birla Sun Life Banking & PSU Debt Fund  - DIRECT - IDCW,113.9984,Aditya Birla Sun Life Mutual Fund,Debt Scheme - Banking and PSU Fund
2023-09-06,119551,Aditya Birla Sun Life Banking & PSU Debt Fund  - DIRECT - IDCW,113.9571,Aditya Birla Sun Life Mutual Fund,Debt Scheme - Banking and PSU Fund
2023-09-07,119551,Aditya Birla Sun Life Banking & PSU Debt Fund  - DIRECT - IDCW,114.0437,Aditya Birla Sun Life Mutual Fund,Debt Scheme - Banking and PSU Fund
2023-09-08,119551,Aditya Birla Sun Life Banking & PSU Debt Fund  - DIRECT - IDCW,114.0015,Aditya Birla Sun Life Mutual Fund,Debt Scheme - Banking and PSU Fund
2023-09-11,119551,Aditya Birla Sun Life Banking & PSU Debt Fund  - DIRECT - IDCW,114.0239,Aditya Birla Sun Life Mutual Fund,Debt Scheme - Banking and PSU Fund
2023-09-12,119551,Aditya Birla Sun Life Banking & PSU Debt Fund  - DIRECT - IDCW,114.0096,Aditya Birla Sun Life Mutual Fund,Debt Scheme - Banking and PSU Fund
2023-09-13,119551,Aditya Birla Sun Life Banking & PSU Debt Fund  - DIRECT - IDCW,114.1471,Aditya Birla Sun Life Mutual Fund,Debt Scheme - Banking and PSU Fund
2023-09-14,119551,Aditya Birla Sun Life Banking & PSU Debt Fund  - DIRECT - IDCW,114.2468,Aditya Birla Sun Life Mutual Fund,Debt Scheme - Banking and PSU Fund
2023-09-15,119551,Aditya Birla Sun Life Banking & PSU Debt Fund  - DIRECT - IDCW,114.1634,Aditya Birla Sun Life Mutual Fund,Debt Scheme - Banking and PSU Fund
2023-09-18,119551,Aditya Birla Sun Life Banking & PSU Debt Fund  - DIRECT - IDCW,114.2257,Aditya Birla Sun Life Mutual Fund,Debt Scheme - Banking and PSU Fund
2023-09-20,119551,Aditya Birla Sun Life Banking & PSU Debt Fund  - DIRECT - IDCW,114.3068,Aditya Birla Sun Life Mutual Fund,Debt Scheme - Banking and PSU Fund
2023-09-21,119551,Aditya Birla Sun Life Banking & PSU Debt Fund  - DIRECT - IDCW,114.3346,Aditya Birla Sun Life Mutual Fund,Debt Scheme - Banking and PSU Fund
2023-09-22,119551,Aditya Birla Sun Life Banking & PSU Debt Fund  - DIRECT - IDCW,114.3437,Aditya Birla Sun Life Mutual Fund,Debt Scheme - Banking and PSU Fund
2023-09-25,119551,Aditya Birla Sun Life Banking & PSU Debt Fund  - DIRECT - IDCW,114.3926,Aditya Birla Sun Life Mutual Fund,Debt Scheme - Banking and PSU Fund
2023-09-26,119551,Aditya Birla Sun Life Banking & PSU Debt Fund  - DIRECT - IDCW,114.3858,Aditya Birla Sun Life Mutual Fund,Debt Scheme - Banking and PSU Fund
2023-09-27,119551,Aditya Birla Sun Life Banking & PSU Debt Fund  - DIRECT - IDCW,114.4022,Aditya Birla Sun Life Mutual Fund,Debt Scheme - Banking and PSU Fund
2023-09-29,119551,Aditya Birla Sun Life Banking & PSU Debt Fund  - DIRECT - IDCW,114.3746,Aditya Birla Sun Life Mutual Fund,Debt Scheme - Banking and PSU Fund
2023-10-03,119551,Aditya Birla Sun Life Banking & PSU Debt Fund  - DIRECT - IDCW,114.4257,Aditya Birla Sun Life Mutual Fund,Debt Scheme - Banking and PSU Fund
2023-10-04,119551,Aditya Birla Sun Life Banking & PSU Debt Fund  - DIRECT - IDCW,114.4301,Aditya Birla Sun Life Mutual Fund,Debt Scheme - Banking and PSU Fund
2023-10-05,119551,Aditya Birla Sun Life Banking & PSU Debt Fund  - DIRECT - IDCW,114.5152,Aditya Birla Sun Life Mutual Fund,Debt Scheme - Banking and PSU Fund
2023-10-06,119551,Aditya Birla Sun Life Banking & PSU Debt Fund  - DIRECT - IDCW,114.2282,Aditya Birla Sun Life Mutual Fund,Debt Scheme - Banking and PSU Fund
2023-10-09,119551,Aditya Birla Sun Life Banking & PSU Debt Fund  - DIRECT - IDCW,114.2335,Aditya Birla Sun Life Mutual Fund,Debt Scheme - Banking and PSU Fund
2023-10-10,119551,Aditya Birla Sun Life Banking & PSU Debt Fund  - DIRECT - IDCW,114.2773,Aditya Birla Sun Life Mutual Fund,Debt Scheme - Banking and PSU Fund
2023-10-11,119551,Aditya Birla Sun Life Banking & PSU Debt Fund  - DIRECT - IDCW,114.3772,Aditya Birla Sun Life Mutual Fund,Debt Scheme - Banking and PSU Fund
2023-10-12,119551,Aditya Birla Sun Life Banking & PSU Debt Fund  - DIRECT - IDCW,114.4277,Aditya Birla Sun Life Mutual Fund,Debt Scheme - Banking and PSU Fund
2023-10-13,119551,Aditya Birla Sun Life Banking & PSU Debt Fund  - DIRECT - IDCW,114.4576,Aditya Birla Sun Life Mutual Fund,Debt Scheme - Banking and PSU Fund
2023-10-16,119551,Aditya Birla Sun Life Banking & PSU Debt Fund  - DIRECT - IDCW,114.515,Aditya Birla Sun Life Mutual Fund,Debt Scheme - Banking and PSU Fund
2023-10-17,119551,Aditya Birla Sun Life Banking & PSU Debt Fund  - DIRECT - IDCW,114.5336,Aditya Birla Sun Life Mutual Fund,Debt Scheme - Banking and PSU Fund
2023-10-18,119551,Aditya Birla Sun Life Banking & PSU Debt Fund  - DIRECT - IDCW,114.5264,Aditya Birla Sun Life Mutual Fund,Debt Scheme - Banking and PSU Fund
2023-10-19,119551,Aditya Birla Sun Life Banking & PSU Debt Fund  - DIRECT - IDCW,114.5085,Aditya Birla Sun Life Mutual Fund,Debt Scheme - Banking and PSU Fund
2023-10-20,119551,Aditya Birla Sun Life Banking & PSU Debt Fund  - DIRECT - IDCW,114.5203,Aditya Birla Sun Life Mutual Fund,Debt Scheme - Banking and PSU Fund
2023-10-23,119551,Aditya Birla Sun Life Banking & PSU Debt Fund  - DIRECT - IDCW,114.5561,Aditya Birla Sun Life Mutual Fund,Debt Scheme - Banking and PSU Fund
2023-10-25,119551,Aditya Birla Sun Life Banking & PSU Debt Fund  - DIRECT - IDCW,114.6385,Aditya Birla Sun Life Mutual Fund,Debt Scheme - Banking and PSU Fund
2023-10-26,119551,Aditya Birla Sun Life Banking & PSU Debt Fund  - DIRECT - IDCW,114.6543,Aditya Birla Sun Life Mutual Fund,Debt Scheme - Banking and PSU Fund
2023-10-27,119551,Aditya Birla Sun Life Banking & PSU Debt Fund  - DIRECT - IDCW,114.6755,Aditya Birla Sun Life Mutual Fund,Debt Scheme - Banking and PSU Fund
2023-10-30,119551,Aditya Birla Sun Life Banking & PSU Debt Fund  - DIRECT - IDCW,114.7213,Aditya Birla Sun Life Mutual Fund,Debt Scheme - Banking and PSU Fund
2023-10-31,119551,Aditya Birla Sun Life Banking & PSU Debt Fund  - DIRECT - IDCW,114.7532,Aditya Birla Sun Life Mutual Fund,Debt Scheme - Banking and PSU Fund
2023-11-01,119551,Aditya Birla Sun Life Banking & PSU Debt Fund  - DIRECT - IDCW,114.7619,Aditya Birla Sun Life Mutual Fund,Debt Scheme - Banking and PSU Fund
2023-11-02,119551,Aditya Birla Sun Life Banking & PSU Debt Fund  - DIRECT - IDCW,114.8598,Aditya Birla Sun Life Mutual Fund,Debt Scheme - Banking and PSU Fund
2023-11-03,119551,Aditya Birla Sun Life Banking & PSU Debt Fund  - DIRECT - IDCW,114.9185,Aditya Birla Sun Life Mutual Fund,Debt Scheme - Banking and PSU Fund
2023-11-06,119551,Aditya Birla Sun Life Banking & PSU Debt Fund  - DIRECT - IDCW,114.9939,Aditya Birla Sun Life Mutual Fund,Debt Scheme - Banking and PSU Fund
2023-11-07,119551,Aditya Birla Sun Life Banking & PSU Debt Fund  - DIRECT - IDCW,115.0481,Aditya Birla Sun Life Mutual Fund,Debt Scheme - Banking and PSU Fund
2023-11-08,119551,Aditya Birla Sun Life Banking & PSU Debt Fund  - DIRECT - IDCW,115.097,Aditya Birla Sun Life Mutual Fund,Debt Scheme - Banking and PSU Fund
2023-11-09,119551,Aditya Birla Sun Life Banking & PSU Debt Fund  - DIRECT - IDCW,115.1482,Aditya Birla Sun Life Mutual Fund,Debt Scheme - Banking and PSU Fund
2023-11-10,119551,Aditya Birla Sun Life Banking & PSU Debt Fund  - DIRECT - IDCW,115.1099,Aditya Birla Sun Life Mutual Fund,Debt Scheme - Banking and PSU Fund
2023-11-13,119551,Aditya Birla Sun Life Banking & PSU Debt Fund  - DIRECT - IDCW,115.1762,Aditya Birla Sun Life Mutual Fund,Debt Scheme - Banking and PSU Fund
2023-11-15,119551,Aditya Birla Sun Life Banking & PSU Debt Fund  - DIRECT - IDCW,115.3184,Aditya Birla Sun Life Mutual Fund,Debt Scheme - Banking and PSU Fund
2023-11-16,119551,Aditya Birla Sun Life Banking & PSU Debt Fund  - DIRECT - IDCW,115.359,Aditya Birla Sun Life Mutual Fund,Debt Scheme - Banking and PSU Fund
2023-11-17,119551,Aditya Birla Sun Life Banking & PSU Debt Fund  - DIRECT - IDCW,115.4046,Aditya Birla Sun Life Mutual Fund,Debt Scheme - Banking and PSU Fund
2023-11-20,119551,Aditya Birla Sun Life Banking & PSU Debt Fund  - DIRECT - IDCW,115.4124,Aditya Birla Sun Life Mutual Fund,Debt Scheme - Banking and PSU Fund
2023-11-21,119551,Aditya Birla Sun Life Banking & PSU Debt Fund  - DIRECT - IDCW,115.3462,Aditya Birla Sun Life Mutual Fund,Debt Scheme - Banking and PSU Fund
2023-11-22,119551,Aditya Birla Sun Life Banking & PSU Debt Fund  - DIRECT - IDCW,115.3956,Aditya Birla Sun Life Mutual Fund,Debt Scheme - Banking and PSU Fund
2023-11-23,119551,Aditya Birla Sun Life Banking & PSU Debt Fund  - DIRECT - IDCW,115.3838,Aditya Birla Sun Life Mutual Fund,Debt Scheme - Banking and PSU Fund
2023-11-24,119551,Aditya Birla Sun Life Banking & PSU Debt Fund  - DIRECT - IDCW,115.3487,Aditya Birla Sun Life Mutual Fund,Debt Scheme - Banking and PSU Fund
2023-11-28,119551,Aditya Birla Sun Life Banking & PSU Debt Fund  - DIRECT - IDCW,115.4606,Aditya Birla Sun Life Mutual Fund,Debt Scheme - Banking and PSU Fund
2023-11-29,119551,Aditya Birla Sun Life Banking & PSU Debt Fund  - DIRECT - IDCW,115.5248,Aditya Birla Sun Life Mutual Fund,Debt Scheme - Banking and PSU Fund
2023-11-30,119551,Aditya Birla Sun Life Banking & PSU Debt Fund  - DIRECT - IDCW,115.5118,Aditya Birla Sun Life Mutual Fund,Debt Scheme - Banking and PSU Fund
2023-12-01,119551,Aditya Birla Sun Life Banking & PSU Debt Fund  - DIRECT - IDCW,115.4928,Aditya Birla Sun Life Mutual Fund,Debt Scheme - Banking and PSU Fund
2023-12-04,119551,Aditya Birla Sun Life Banking & PSU Debt Fund  - DIRECT - IDCW,115.5786,Aditya Birla Sun Life Mutual Fund,Debt Scheme - Banking and PSU Fund
2023-12-05,119551,Aditya Birla Sun Life Banking & PSU Debt Fund  - DIRECT - IDCW,115.6087,Aditya Birla Sun Life Mutual Fund,Debt Scheme - Banking and PSU Fund
2023-12-06,119551,Aditya Birla Sun Life Banking & PSU Debt Fund  - DIRECT - IDCW,115.6714,Aditya Birla Sun Life Mutual Fund,Debt Scheme - Banking and PSU Fund
2023-12-07,119551,Aditya Birla Sun Life Banking & PSU Debt Fund  - DIRECT - IDCW,115.7012,Aditya Birla Sun Life Mutual Fund,Debt Scheme - Banking and PSU Fund
2023-12-08,119551,Aditya Birla Sun Life Banking & PSU Debt Fund  - DIRECT - IDCW,115.6975,Aditya Birla Sun Life Mutual Fund,Debt Scheme - Banking and PSU Fund
2023-12-11,119551,Aditya Birla Sun Life Banking & PSU Debt Fund  - DIRECT - IDCW,115.7213,Aditya Birla Sun Life Mutual Fund,Debt Scheme - Banking and PSU Fund
2023-12-12,119551,Aditya Birla Sun Life Banking & PSU Debt Fund  - DIRECT - IDCW,115.7387,Aditya Birla Sun Life Mutual Fund,Debt Scheme - Banking and PSU Fund
2023-12-13,119551,Aditya Birla Sun Life Banking & PSU Debt Fund  - DIRECT - IDCW,115.7767,Aditya Birla Sun Life Mutual Fund,Debt Scheme - Banking and PSU Fund
2023-12-14,119551,Aditya Birla Sun Life Banking & PSU Debt Fund  - DIRECT - IDCW,115.9449,Aditya Birla Sun Life Mutual Fund,Debt Scheme - Banking and PSU Fund
2023-12-15,119551,Aditya Birla Sun Life Banking & PSU Debt Fund  - DIRECT - IDCW,116.0675,Aditya Birla Sun Life Mutual Fund,Debt Scheme - Banking and PSU Fund
2023-12-18,119551,Aditya Birla Sun Life Banking & PSU Debt Fund  - DIRECT - IDCW,116.1498,Aditya Birla Sun Life Mutual Fund,Debt Scheme - Banking and PSU Fund
2023-12-19,119551,Aditya Birla Sun Life Banking & PSU Debt Fund  - DIRECT - IDCW,116.146,Aditya Birla Sun Life Mutual Fund,Debt Scheme - Banking and PSU Fund
2023-12-20,119551,Aditya Birla Sun Life Banking & PSU Debt Fund  - DIRECT - IDCW,116.1637,Aditya Birla Sun Life Mutual Fund,Debt Scheme - Banking and PSU Fund
2023-12-21,119551,Aditya Birla Sun Life Banking & PSU Debt Fund  - DIRECT - IDCW,116.1666,Aditya Birla Sun Life Mutual Fund,Debt Scheme - Banking and PSU Fund
2023-12-22,119551,Aditya Birla Sun Life Banking & PSU Debt Fund  - DIRECT - IDCW,116.1862,Aditya Birla Sun Life Mutual Fund,Debt Scheme - Banking and PSU Fund
2023-12-26,119551,Aditya Birla Sun Life Banking & PSU Debt Fund  - DIRECT - IDCW,116.29,Aditya Birla Sun Life Mutual Fund,Debt Scheme - Banking and PSU Fund
2023-12-27,119551,Aditya Birla Sun Life Banking & PSU Debt Fund  - DIRECT - IDCW,116.2785,Aditya Birla Sun Life Mutual Fund,Debt Scheme - Banking and PSU Fund
2023-12-28,119551,Aditya Birla Sun Life Banking & PSU Debt Fund  - DIRECT - IDCW,116.2869,Aditya Birla Sun Life Mutual Fund,Debt Scheme - Banking and PSU Fund
2023-12-29,119551,Aditya Birla Sun Life Banking & PSU Debt Fund  - DIRECT - IDCW,108.2404,Aditya Birla Sun Life Mutual Fund,Debt Scheme - Banking and PSU Fund
2024-01-01,119551,Aditya Birla Sun Life Banking & PSU Debt Fund  - DIRECT - IDCW,108.2962,Aditya Birla Sun Life Mutual Fund,Debt Scheme - Banking and PSU Fund
2024-01-02,119551,Aditya Birla Sun Life Banking & PSU Debt Fund  - DIRECT - IDCW,108.302,Aditya Birla Sun Life Mutual Fund,Debt Scheme - Banking and PSU Fund
2024-01-03,119551,Aditya Birla Sun Life Banking & PSU Debt Fund  - DIRECT - IDCW,108.3033,Aditya Birla Sun Life Mutual Fund,Debt Scheme - Banking and PSU Fund
2024-01-04,119551,Aditya Birla Sun Life Banking & PSU Debt Fund  - DIRECT - IDCW,108.3068,Aditya Birla Sun Life Mutual Fund,Debt Scheme - Banking and PSU Fund
2024-01-05,119551,Aditya Birla Sun Life Banking & PSU Debt Fund  - DIRECT - IDCW,108.2934,Aditya Birla Sun Life Mutual Fund,Debt Scheme - Banking and PSU Fund
2024-01-08,119551,Aditya Birla Sun Life Banking & PSU Debt Fund  - DIRECT - IDCW,108.4013,Aditya Birla Sun Life Mutual Fund,Debt Scheme - Banking and PSU Fund
2024-01-09,119551,Aditya Birla Sun Life Banking & PSU Debt Fund  - DIRECT - IDCW,108.4351,Aditya Birla Sun Life Mutual Fund,Debt Scheme - Banking and PSU Fund
2024-01-10,119551,Aditya Birla Sun Life Banking & PSU Debt Fund  - DIRECT - IDCW,108.4687,Aditya Birla Sun Life Mutual Fund,Debt Scheme - Banking and PSU Fund
2024-01-11,119551,Aditya Birla Sun Life Banking & PSU Debt Fund  - DIRECT - IDCW,108.4768,Aditya Birla Sun Life Mutual Fund,Debt Scheme - Banking and PSU Fund
2024-01-12,119551,Aditya Birla Sun Life Banking & PSU Debt Fund  - DIRECT - IDCW,108.5277,Aditya Birla Sun Life Mutual Fund,Debt Scheme - Banking and PSU Fund
2024-01-15,119551,Aditya Birla Sun Life Banking & PSU Debt Fund  - DIRECT - IDCW,108.6546,Aditya Birla Sun Life Mutual Fund,Debt Scheme - Banking and PSU Fund
2024-01-16,119551,Aditya Birla Sun Life Banking & PSU Debt Fund  - DIRECT - IDCW,108.6565,Aditya Birla Sun Life Mutual Fund,Debt Scheme - Banking and PSU Fund
2024-01-17,119551,Aditya Birla Sun Life Banking & PSU Debt Fund  - DIRECT - IDCW,108.6641,Aditya Birla Sun Life Mutual Fund,Debt Scheme - Banking and PSU Fund
2024-01-18,119551,Aditya Birla Sun Life Banking & PSU Debt Fund  - DIRECT - IDCW,108.6691,Aditya Birla Sun Life Mutual Fund,Debt Scheme - Banking and PSU Fund
2024-01-19,119551,Aditya Birla Sun Life Banking & PSU Debt Fund  - DIRECT - IDCW,108.6634,Aditya Birla Sun Life Mutual Fund,Debt Scheme - Banking and PSU Fund
2024-01-23,119551,Aditya Birla Sun Life Banking & PSU Debt Fund  - DIRECT - IDCW,108.756,Aditya Birla Sun Life Mutual Fund,Debt Scheme - Banking and PSU Fund
2024-01-24,119551,Aditya Birla Sun Life Banking & PSU Debt Fund  - DIRECT - IDCW,108.7584,Aditya Birla Sun Life Mutual Fund,Debt Scheme - Banking and PSU Fund
2024-01-25,119551,Aditya Birla Sun Life Banking & PSU Debt Fund  - DIRECT - IDCW,108.7795,Aditya Birla Sun Life Mutual Fund,Debt Scheme - Banking and PSU Fund
2024-01-29,119551,Aditya Birla Sun Life Banking & PSU Debt Fund  - DIRECT - IDCW,108.8663,Aditya Birla Sun Life Mutual Fund,Debt Scheme - Banking and PSU Fund
2024-01-30,119551,Aditya Birla Sun Life Banking & PSU Debt Fund  - DIRECT - IDCW,108.9094,Aditya Birla Sun Life Mutual Fund,Debt Scheme - Banking and PSU Fund
2024-01-31,119551,Aditya Birla Sun Life Banking & PSU Debt Fund  - DIRECT - IDCW,108.9501,Aditya Birla Sun Life Mutual Fund,Debt Scheme - Banking and PSU Fund
2024-02-01,119551,Aditya Birla Sun Life Banking & PSU Debt Fund  - DIRECT - IDCW,109.1334,Aditya Birla Sun Life Mutual Fund,Debt Scheme - Banking and PSU Fund
2024-02-02,119551,Aditya Birla Sun Life Banking & PSU Debt Fund  - DIRECT - IDCW,109.2484,Aditya Birla Sun Life Mutual Fund,Debt Scheme - Banking and PSU Fund
2024-02-05,119551,Aditya Birla Sun Life Banking & PSU Debt Fund  - DIRECT - IDCW,109.2279,Aditya Birla Sun Life Mutual Fund,Debt Scheme - Banking and PSU Fund
2024-02-06,119551,Aditya Birla Sun Life Banking & PSU Debt Fund  - DIRECT - IDCW,109.2489,Aditya Birla Sun Life Mutual Fund,Debt Scheme - Banking and PSU Fund
2024-02-07,119551,Aditya Birla Sun Life Banking & PSU Debt Fund  - DIRECT - IDCW,109.2938,Aditya Birla Sun Life Mutual Fund,Debt Scheme - Banking and PSU Fund
2024-02-08,119551,Aditya Birla Sun Life Banking & PSU Debt Fund  - DIRECT - IDCW,109.2929,Aditya Birla Sun Life Mutual Fund,Debt Scheme - Banking and PSU Fund
2024-02-09,119551,Aditya Birla Sun Life Banking & PSU Debt Fund  - DIRECT - IDCW,109.2569,Aditya Birla Sun Life Mutual Fund,Debt Scheme - Banking and PSU Fund
2024-02-12,119551,Aditya Birla Sun Life Banking & PSU Debt Fund  - DIRECT - IDCW,109.3183,Aditya Birla Sun Life Mutual Fund,Debt Scheme - Banking and PSU Fund
2024-02-13,119551,Aditya Birla Sun Life Banking & PSU Debt Fund  - DIRECT - IDCW,109.3221,Aditya Birla Sun Life Mutual Fund,Debt Scheme - Banking and PSU Fund
2024-02-14,119551,Aditya Birla Sun Life Banking & PSU Debt Fund  - DIRECT - IDCW,109.2938,Aditya Birla Sun Life Mutual Fund,Debt Scheme - Banking and PSU Fund
2024-02-15,119551,Aditya Birla Sun Life Banking & PSU Debt Fund  - DIRECT - IDCW,109.3771,Aditya Birla Sun Life Mutual Fund,Debt Scheme - Banking and PSU Fund
2024-02-16,119551,Aditya Birla Sun Life Banking & PSU Debt Fund  - DIRECT - IDCW,109.393,Aditya Birla Sun Life Mutual Fund,Debt Scheme - Banking and PSU Fund
2024-02-20,119551,Aditya Birla Sun Life Banking & PSU Debt Fund  - DIRECT - IDCW,109.5383,Aditya Birla Sun Life Mutual Fund,Debt Scheme - Banking and PSU Fund
2024-02-21,119551,Aditya Birla Sun Life Banking & PSU Debt Fund  - DIRECT - IDCW,109.5846,Aditya Birla Sun Life Mutual Fund,Debt Scheme - Banking and PSU Fund
2024-02-22,119551,Aditya Birla Sun Life Banking & PSU Debt Fund  - DIRECT - IDCW,109.6091,Aditya Birla Sun Life Mutual Fund,Debt Scheme - Banking and PSU Fund
2024-02-23,119551,Aditya Birla Sun Life Banking & PSU Debt Fund  - DIRECT - IDCW,109.6186,Aditya Birla Sun Life Mutual Fund,Debt Scheme - Banking and PSU Fund
2024-02-26,119551,Aditya Birla Sun Life Banking & PSU Debt Fund  - DIRECT - IDCW,109.7161,Aditya Birla Sun Life Mutual Fund,Debt Scheme - Banking and PSU Fund
2024-02-27,119551,Aditya Birla Sun Life Banking & PSU Debt Fund  - DIRECT - IDCW,109.7147,Aditya Birla Sun Life Mutual Fund,Debt Scheme - Banking and PSU Fund
2024-02-28,119551,Aditya Birla Sun Life Banking & PSU Debt Fund  - DIRECT - IDCW,109.7569,Aditya Birla Sun Life Mutual Fund,Debt Scheme - Banking and PSU Fund
2024-02-29,119551,Aditya Birla Sun Life Banking & PSU Debt Fund  - DIRECT - IDCW,109.7711,Aditya Birla Sun Life Mutual Fund,Debt Scheme - Banking and PSU Fund
2024-03-01,119551,Aditya Birla Sun Life Banking & PSU Debt Fund  - DIRECT - IDCW,109.7834,Aditya Birla Sun Life Mutual Fund,Debt Scheme - Banking and PSU Fund
2024-03-04,119551,Aditya Birla Sun Life Banking & PSU Debt Fund  - DIRECT - IDCW,109.8436,Aditya Birla Sun Life Mutual Fund,Debt Scheme - Banking and PSU Fund
2024-03-05,119551,Aditya Birla Sun Life Banking & PSU Debt Fund  - DIRECT - IDCW,109.8552,Aditya Birla Sun Life Mutual Fund,Debt Scheme - Banking and PSU Fund
2024-03-06,119551,Aditya Birla Sun Life Banking & PSU Debt Fund  - DIRECT - IDCW,109.9177,Aditya Birla Sun Life Mutual Fund,Debt Scheme - Banking and PSU Fund
2024-03-07,119551,Aditya Birla Sun Life Banking & PSU Debt Fund  - DIRECT - IDCW,109.9624,Aditya Birla Sun Life Mutual Fund,Debt Scheme - Banking and PSU Fund
2024-03-11,119551,Aditya Birla Sun Life Banking & PSU Debt Fund  - DIRECT - IDCW,110.12,Aditya Birla Sun Life Mutual Fund,Debt Scheme - Banking and PSU Fund
2024-03-12,119551,Aditya Birla Sun Life Banking & PSU Debt Fund  - DIRECT - IDCW,110.1246,Aditya Birla Sun Life Mutual Fund,Debt Scheme - Banking and PSU Fund
2024-03-13,119551,Aditya Birla Sun Life Banking & PSU Debt Fund  - DIRECT - IDCW,110.1303,Aditya Birla Sun Life Mutual Fund,Debt Scheme - Banking and PSU Fund
2024-03-14,119551,Aditya Birla Sun Life Banking & PSU Debt Fund  - DIRECT - IDCW,110.1196,Aditya Birla Sun Life Mutual Fund,Debt Scheme - Banking and PSU Fund
2024-03-15,119551,Aditya Birla Sun Life Banking & PSU Debt Fund  - DIRECT - IDCW,110.1319,Aditya Birla Sun Life Mutual Fund,Debt Scheme - Banking and PSU Fund
2024-03-18,119551,Aditya Birla Sun Life Banking & PSU Debt Fund  - DIRECT - IDCW,110.144,Aditya Birla Sun Life Mutual Fund,Debt Scheme - Banking and PSU Fund
2024-03-19,119551,Aditya Birla Sun Life Banking & PSU Debt Fund  - DIRECT - IDCW,110.114,Aditya Birla Sun Life Mutual Fund,Debt Scheme - Banking and PSU Fund
2024-03-20,119551,Aditya Birla Sun Life Banking & PSU Debt Fund  - DIRECT - IDCW,110.1485,Aditya Birla Sun Life Mutual Fund,Debt Scheme - Banking and PSU Fund
2024-03-21,119551,Aditya Birla Sun Life Banking & PSU Debt Fund  - DIRECT - IDCW,110.2046,Aditya Birla Sun Life Mutual Fund,Debt Scheme - Banking and PSU Fund
2024-03-22,119551,Aditya Birla Sun Life Banking & PSU Debt Fund  - DIRECT - IDCW,110.1729,Aditya Birla Sun Life Mutual Fund,Debt Scheme - Banking and PSU Fund
2024-03-26,119551,Aditya Birla Sun Life Banking & PSU Debt Fund  - DIRECT - IDCW,110.1903,Aditya Birla Sun Life Mutual Fund,Debt Scheme - Banking and PSU Fund
2024-03-27,119551,Aditya Birla Sun Life Banking & PSU Debt Fund  - DIRECT - IDCW,102.5361,Aditya Birla Sun Life Mutual Fund,Debt Scheme - Banking and PSU Fund
2024-03-28,119551,Aditya Birla Sun Life Banking & PSU Debt Fund  - DIRECT - IDCW,102.7096,Aditya Birla Sun Life Mutual Fund,Debt Scheme - Banking and PSU Fund
2024-03-31,119551,Aditya Birla Sun Life Banking & PSU Debt Fund  - DIRECT - IDCW,102.7632,Aditya Birla Sun Life Mutual Fund,Debt Scheme - Banking and PSU Fund
2024-04-02,119551,Aditya Birla Sun Life Banking & PSU Debt Fund  - DIRECT - IDCW,102.7608,Aditya Birla Sun Life Mutual Fund,Debt Scheme - Banking and PSU Fund
2024-04-03,119551,Aditya Birla Sun Life Banking & PSU Debt Fund  - DIRECT - IDCW,102.7932,Aditya Birla Sun Life Mutual Fund,Debt Scheme - Banking and PSU Fund
2024-04-04,119551,Aditya Birla Sun Life Banking & PSU Debt Fund  - DIRECT - IDCW,102.831,Aditya Birla Sun Life Mutual Fund,Debt Scheme - Banking and PSU Fund
2024-04-05,119551,Aditya Birla Sun Life Banking & PSU Debt Fund  - DIRECT - IDCW,102.8278,Aditya Birla Sun Life Mutual Fund,Debt Scheme - Banking and PSU Fund
2024-04-08,119551,Aditya Birla Sun Life Banking & PSU Debt Fund  - DIRECT - IDCW,102.7894,Aditya Birla Sun Life Mutual Fund,Debt Scheme - Banking and PSU Fund
2024-04-10,119551,Aditya Birla Sun Life Banking & PSU Debt Fund  - DIRECT - IDCW,102.8998,Aditya Birla Sun Life Mutual Fund,Debt Scheme - Banking and PSU Fund
2024-04-12,119551,Aditya Birla Sun Life Banking & PSU Debt Fund  - DIRECT - IDCW,102.7853,Aditya Birla Sun Life Mutual Fund,Debt Scheme - Banking and PSU Fund
2024-04-15,119551,Aditya Birla Sun Life Banking & PSU Debt Fund  - DIRECT - IDCW,102.8695,Aditya Birla Sun Life Mutual Fund,Debt Scheme - Banking and PSU Fund
2024-04-16,119551,Aditya Birla Sun Life Banking & PSU Debt Fund  - DIRECT - IDCW,102.834,Aditya Birla Sun Life Mutual Fund,Debt Scheme - Banking and PSU Fund
2024-04-18,119551,Aditya Birla Sun Life Banking & PSU Debt Fund  - DIRECT - IDCW,102.878,Aditya Birla Sun Life Mutual Fund,Debt Scheme - Banking and PSU Fund
2024-04-19,119551,Aditya Birla Sun Life Banking & PSU Debt Fund  - DIRECT - IDCW,102.785,Aditya Birla Sun Life Mutual Fund,Debt Scheme - Banking and PSU Fund
2024-04-22,119551,Aditya Birla Sun Life Banking & PSU Debt Fund  - DIRECT - IDCW,102.8818,Aditya Birla Sun Life Mutual Fund,Debt Scheme - Banking and PSU Fund
2024-04-23,119551,Aditya Birla Sun Life Banking & PSU Debt Fund  - DIRECT - IDCW,102.9532,Aditya Birla Sun Life Mutual Fund,Debt Scheme - Banking and PSU Fund
2024-04-24,119551,Aditya Birla Sun Life Banking & PSU Debt Fund  - DIRECT - IDCW,102.9549,Aditya Birla Sun Life Mutual Fund,Debt Scheme - Banking and PSU Fund
2024-04-25,119551,Aditya Birla Sun Life Banking & PSU Debt Fund  - DIRECT - IDCW,102.9493,Aditya Birla Sun Life Mutual Fund,Debt Scheme - Banking and PSU Fund
2024-04-26,119551,Aditya Birla Sun Life Banking & PSU Debt Fund  - DIRECT - IDCW,102.9593,Aditya Birla Sun Life Mutual Fund,Debt Scheme - Banking and PSU Fund
2024-04-29,119551,Aditya Birla Sun Life Banking & PSU Debt Fund  - DIRECT - IDCW,103.0161,Aditya Birla Sun Life Mutual Fund,Debt Scheme - Banking and PSU Fund
2024-04-30,119551,Aditya Birla Sun Life Banking & PSU Debt Fund  - DIRECT - IDCW,103.0514,Aditya Birla Sun Life Mutual Fund,Debt Scheme - Banking and PSU Fund
2024-05-02,119551,Aditya Birla Sun Life Banking & PSU Debt Fund  - DIRECT - IDCW,103.1097,Aditya Birla Sun Life Mutual Fund,Debt Scheme - Banking and PSU Fund
2024-05-03,119551,Aditya Birla Sun Life Banking & PSU Debt Fund  - DIRECT - IDCW,103.16,Aditya Birla Sun Life Mutual Fund,Debt Scheme - Banking and PSU Fund
2024-05-06,119551,Aditya Birla Sun Life Banking & PSU Debt Fund  - DIRECT - IDCW,103.3135,Aditya Birla Sun Life Mutual Fund,Debt Scheme - Banking and PSU Fund
2024-05-07,119551,Aditya Birla Sun Life Banking & PSU Debt Fund  - DIRECT - IDCW,103.3251,Aditya Birla Sun Life Mutual Fund,Debt Scheme - Banking and PSU Fund
2024-05-08,119551,Aditya Birla Sun Life Banking & PSU Debt Fund  - DIRECT - IDCW,103.3191,Aditya Birla Sun Life Mutual Fund,Debt Scheme - Banking and PSU Fund
2024-05-09,119551,Aditya Birla Sun Life Banking & PSU Debt Fund  - DIRECT - IDCW,103.3271,Aditya Birla Sun Life Mutual Fund,Debt Scheme - Banking and PSU Fund
2024-05-10,119551,Aditya Birla Sun Life Banking & PSU Debt Fund  - DIRECT - IDCW,103.3607,Aditya Birla Sun Life Mutual Fund,Debt Scheme - Banking and PSU Fund
2024-05-13,119551,Aditya Birla Sun Life Banking & PSU Debt Fund  - DIRECT - IDCW,103.4188,Aditya Birla Sun Life Mutual Fund,Debt Scheme - Banking and PSU Fund
2024-05-14,119551,Aditya Birla Sun Life Banking & PSU Debt Fund  - DIRECT - IDCW,103.4525,Aditya Birla Sun Life Mutual Fund,Debt Scheme - Banking and PSU Fund
2024-05-15,119551,Aditya Birla Sun Life Banking & PSU Debt Fund  - DIRECT - IDCW,103.5312,Aditya Birla Sun Life Mutual Fund,Debt Scheme - Banking and PSU Fund
2024-05-16,119551,Aditya Birla Sun Life Banking & PSU Debt Fund  - DIRECT - IDCW,103.618,Aditya Birla Sun Life Mutual Fund,Debt Scheme - Banking and PSU Fund
2024-05-17,119551,Aditya Birla Sun Life Banking & PSU Debt Fund  - DIRECT - IDCW,103.6086,Aditya Birla Sun Life Mutual Fund,Debt Scheme - Banking and PSU Fund
2024-05-21,119551,Aditya Birla Sun Life Banking & PSU Debt Fund  - DIRECT - IDCW,103.7247,Aditya Birla Sun Life Mutual Fund,Debt Scheme - Banking and PSU Fund
2024-05-22,119551,Aditya Birla Sun Life Banking & PSU Debt Fund  - DIRECT - IDCW,103.7992,Aditya Birla Sun Life Mutual Fund,Debt Scheme - Banking and PSU Fund
2024-05-24,119551,Aditya Birla Sun Life Banking & PSU Debt Fund  - DIRECT - IDCW,103.871,Aditya Birla Sun Life Mutual Fund,Debt Scheme - Banking and PSU Fund
2024-05-27,119551,Aditya Birla Sun Life Banking & PSU Debt Fund  - DIRECT - IDCW,103.9153,Aditya Birla Sun Life Mutual Fund,Debt Scheme - Banking and PSU Fund
2024-05-28,119551,Aditya Birla Sun Life Banking & PSU Debt Fund  - DIRECT - IDCW,103.9118,Aditya Birla Sun Life Mutual Fund,Debt Scheme - Banking and PSU Fund
2024-05-29,119551,Aditya Birla Sun Life Banking & PSU Debt Fund  - DIRECT - IDCW,103.8954,Aditya Birla Sun Life Mutual Fund,Debt Scheme - Banking and PSU Fund
2024-05-30,119551,Aditya Birla Sun Life Banking & PSU Debt Fund  - DIRECT - IDCW,103.9279,Aditya Birla Sun Life Mutual Fund,Debt Scheme - Banking and PSU Fund
2024-05-31,119551,Aditya Birla Sun Life Banking & PSU Debt Fund  - DIRECT - IDCW,103.9547,Aditya Birla Sun Life Mutual Fund,Debt Scheme - Banking and PSU Fund
2024-06-03,119551,Aditya Birla Sun Life Banking & PSU Debt Fund  - DIRECT - IDCW,104.0983,Aditya Birla Sun Life Mutual Fund,Debt Scheme - Banking and PSU Fund
2024-06-04,119551,Aditya Birla Sun Life Banking & PSU Debt Fund  - DIRECT - IDCW,103.8414,Aditya Birla Sun Life Mutual Fund,Debt Scheme - Banking and PSU Fund
2024-06-05,119551,Aditya Birla Sun Life Banking & PSU Debt Fund  - DIRECT - IDCW,103.9001,Aditya Birla Sun Life Mutual Fund,Debt Scheme - Banking and PSU Fund
2024-06-06,119551,Aditya Birla Sun Life Banking & PSU Debt Fund  - DIRECT - IDCW,103.9979,Aditya Birla Sun Life Mutual Fund,Debt Scheme - Banking and PSU Fund
2024-06-07,119551,Aditya Birla Sun Life Banking & PSU Debt Fund  - DIRECT - IDCW,104.0351,Aditya Birla Sun Life Mutual Fund,Debt Scheme - Banking and PSU Fund
2024-06-10,119551,Aditya Birla Sun Life Banking & PSU Debt Fund  - DIRECT - IDCW,104.0928,Aditya Birla Sun Life Mutual Fund,Debt Scheme - Banking and PSU Fund
2024-06-11,119551,Aditya Birla Sun Life Banking & PSU Debt Fund  - DIRECT - IDCW,104.1556,Aditya Birla Sun Life Mutual Fund,Debt Scheme - Banking and PSU Fund
2024-06-12,119551,Aditya Birla Sun Life Banking & PSU Debt Fund  - DIRECT - IDCW,104.1778,Aditya Birla Sun Life Mutual Fund,Debt Scheme - Banking and PSU Fund
2024-06-13,119551,Aditya Birla Sun Life Banking & PSU Debt Fund  - DIRECT - IDCW,104.2366,Aditya Birla Sun Life Mutual Fund,Debt Scheme - Banking and PSU Fund
2024-06-14,119551,Aditya Birla Sun Life Banking & PSU Debt Fund  - DIRECT - IDCW,104.2704,Aditya Birla Sun Life Mutual Fund,Debt Scheme - Banking and PSU Fund
2024-06-18,119551,Aditya Birla Sun Life Banking & PSU Debt Fund  - DIRECT - IDCW,104.3524,Aditya Birla Sun Life Mutual Fund,Debt Scheme - Banking and PSU Fund
2024-06-19,119551,Aditya Birla Sun Life Banking & PSU Debt Fund  - DIRECT - IDCW,104.3994,Aditya Birla Sun Life Mutual Fund,Debt Scheme - Banking and PSU Fund
2024-06-20,119551,Aditya Birla Sun Life Banking & PSU Debt Fund  - DIRECT - IDCW,104.432,Aditya Birla Sun Life Mutual Fund,Debt Scheme - Banking and PSU Fund
2024-06-21,119551,Aditya Birla Sun Life Banking & PSU Debt Fund  - DIRECT - IDCW,104.4713,Aditya Birla Sun Life Mutual Fund,Debt Scheme - Banking and PSU Fund
2024-06-24,119551,Aditya Birla Sun Life Banking & PSU Debt Fund  - DIRECT - IDCW,117.8708,Aditya Birla Sun Life Mutual Fund,Debt Scheme - Banking and PSU Fund
2024-06-25,119551,Aditya Birla Sun Life Banking & PSU Debt Fund  - DIRECT - IDCW,104.5405,Aditya Birla Sun Life Mutual Fund,Debt Scheme - Banking and PSU Fund
2024-06-26,119551,Aditya Birla Sun Life Banking & PSU Debt Fund  - DIRECT - IDCW,104.5187,Aditya Birla Sun Life Mutual Fund,Debt Scheme - Banking and PSU Fund
2024-06-27,119551,Aditya Birla Sun Life Banking & PSU Debt Fund  - DIRECT - IDCW,104.5382,Aditya Birla Sun Life Mutual Fund,Debt Scheme - Banking and PSU Fund
2024-06-28,119551,Aditya Birla Sun Life Banking & PSU Debt Fund  - DIRECT - IDCW,104.574,Aditya Birla Sun Life Mutual Fund,Debt Scheme - Banking and PSU Fund
2024-06-30,119551,Aditya Birla Sun Life Banking & PSU Debt Fund  - DIRECT - IDCW,104.6136,Aditya Birla Sun Life Mutual Fund,Debt Scheme - Banking and PSU Fund
2024-07-01,119551,Aditya Birla Sun Life Banking & PSU Debt Fund  - DIRECT - IDCW,104.6276,Aditya Birla Sun Life Mutual Fund,Debt Scheme - Banking and PSU Fund
2024-07-02,119551,Aditya Birla Sun Life Banking & PSU Debt Fund  - DIRECT - IDCW,104.6724,Aditya Birla Sun Life Mutual Fund,Debt Scheme - Banking and PSU Fund
2024-07-03,119551,Aditya Birla Sun Life Banking & PSU Debt Fund  - DIRECT - IDCW,104.7114,Aditya Birla Sun Life Mutual Fund,Debt Scheme - Banking and PSU Fund
2024-07-04,119551,Aditya Birla Sun Life Banking & PSU Debt Fund  - DIRECT - IDCW,104.745,Aditya Birla Sun Life Mutual Fund,Debt Scheme - Banking and PSU Fund
2024-07-05,119551,Aditya Birla Sun Life Banking & PSU Debt Fund  - DIRECT - IDCW,104.7786,Aditya Birla Sun Life Mutual Fund,Debt Scheme - Banking and PSU Fund
2024-07-08,119551,Aditya Birla Sun Life Banking & PSU Debt Fund  - DIRECT - IDCW,104.8485,Aditya Birla Sun Life Mutual Fund,Debt Scheme - Banking and PSU Fund
2024-07-09,119551,Aditya Birla Sun Life Banking & PSU Debt Fund  - DIRECT - IDCW,104.8761,Aditya Birla Sun Life Mutual Fund,Debt Scheme - Banking and PSU Fund
2024-07-10,119551,Aditya Birla Sun Life Banking & PSU Debt Fund  - DIRECT - IDCW,104.9009,Aditya Birla Sun Life Mutual Fund,Debt Scheme - Banking and PSU Fund
2024-07-11,119551,Aditya Birla Sun Life Banking & PSU Debt Fund  - DIRECT - IDCW,104.9227,Aditya Birla Sun Life Mutual Fund,Debt Scheme - Banking and PSU Fund
2024-07-12,119551,Aditya Birla Sun Life Banking & PSU Debt Fund  - DIRECT - IDCW,104.9292,Aditya Birla Sun Life Mutual Fund,Debt Scheme - Banking and PSU Fund
2024-07-15,119551,Aditya Birla Sun Life Banking & PSU Debt Fund  - DIRECT - IDCW,105.0151,Aditya Birla Sun Life Mutual Fund,Debt Scheme - Banking and PSU Fund
2024-07-16,119551,Aditya Birla Sun Life Banking & PSU Debt Fund  - DIRECT - IDCW,105.0855,Aditya Birla Sun Life Mutual Fund,Debt Scheme - Banking and PSU Fund
2024-07-18,119551,Aditya Birla Sun Life Banking & PSU Debt Fund  - DIRECT - IDCW,105.1452,Aditya Birla Sun Life Mutual Fund,Debt Scheme - Banking and PSU Fund
2024-07-19,119551,Aditya Birla Sun Life Banking & PSU Debt Fund  - DIRECT - IDCW,105.1758,Aditya Birla Sun Life Mutual Fund,Debt Scheme - Banking and PSU Fund
2024-07-22,119551,Aditya Birla Sun Life Banking & PSU Debt Fund  - DIRECT - IDCW,105.223,Aditya Birla Sun Life Mutual Fund,Debt Scheme - Banking and PSU Fund
2024-07-23,119551,Aditya Birla Sun Life Banking & PSU Debt Fund  - DIRECT - IDCW,105.2253,Aditya Birla Sun Life Mutual Fund,Debt Scheme - Banking and PSU Fund
2024-07-24,119551,Aditya Birla Sun Life Banking & PSU Debt Fund  - DIRECT - IDCW,105.2595,Aditya Birla Sun Life Mutual Fund,Debt Scheme - Banking and PSU Fund
2024-07-25,119551,Aditya Birla Sun Life Banking & PSU Debt Fund  - DIRECT - IDCW,105.3408,Aditya Birla Sun Life Mutual Fund,Debt Scheme - Banking and PSU Fund
2024-07-26,119551,Aditya Birla Sun Life Banking & PSU Debt Fund  - DIRECT - IDCW,105.4135,Aditya Birla Sun Life Mutual Fund,Debt Scheme - Banking and PSU Fund
2024-07-29,119551,Aditya Birla Sun Life Banking & PSU Debt Fund  - DIRECT - IDCW,105.5119,Aditya Birla Sun Life Mutual Fund,Debt Scheme - Banking and PSU Fund
2024-07-30,119551,Aditya Birla Sun Life Banking & PSU Debt Fund  - DIRECT - IDCW,105.5094,Aditya Birla Sun Life Mutual Fund,Debt Scheme - Banking and PSU Fund
2024-07-31,119551,Aditya Birla Sun Life Banking & PSU Debt Fund  - DIRECT - IDCW,105.5109,Aditya Birla Sun Life Mutual Fund,Debt Scheme - Banking and PSU Fund
2024-08-01,119551,Aditya Birla Sun Life Banking & PSU Debt Fund  - DIRECT - IDCW,105.5455,Aditya Birla Sun Life Mutual Fund,Debt Scheme - Banking and PSU Fund
2024-08-02,119551,Aditya Birla Sun Life Banking & PSU Debt Fund  - DIRECT - IDCW,105.5909,Aditya Birla Sun Life Mutual Fund,Debt Scheme - Banking and PSU Fund
2024-08-05,119551,Aditya Birla Sun Life Banking & PSU Debt Fund  - DIRECT - IDCW,105.7262,Aditya Birla Sun Life Mutual Fund,Debt Scheme - Banking and PSU Fund
2024-08-06,119551,Aditya Birla Sun Life Banking & PSU Debt Fund  - DIRECT - IDCW,105.7253,Aditya Birla Sun Life Mutual Fund,Debt Scheme - Banking and PSU Fund
2024-08-07,119551,Aditya Birla Sun Life Banking & PSU Debt Fund  - DIRECT - IDCW,105.7549,Aditya Birla Sun Life Mutual Fund,Debt Scheme - Banking and PSU Fund
2024-08-08,119551,Aditya Birla Sun Life Banking & PSU Debt Fund  - DIRECT - IDCW,105.7637,Aditya Birla Sun Life Mutual Fund,Debt Scheme - Banking and PSU Fund
2024-08-09,119551,Aditya Birla Sun Life Banking & PSU Debt Fund  - DIRECT - IDCW,105.7861,Aditya Birla Sun Life Mutual Fund,Debt Scheme - Banking and PSU Fund
2024-08-12,119551,Aditya Birla Sun Life Banking & PSU Debt Fund  - DIRECT - IDCW,105.8262,Aditya Birla Sun Life Mutual Fund,Debt Scheme - Banking and PSU Fund
2024-08-13,119551,Aditya Birla Sun Life Banking & PSU Debt Fund  - DIRECT - IDCW,105.8532,Aditya Birla Sun Life Mutual Fund,Debt Scheme - Banking and PSU Fund
2024-08-14,119551,Aditya Birla Sun Life Banking & PSU Debt Fund  - DIRECT - IDCW,105.8943,Aditya Birla Sun Life Mutual Fund,Debt Scheme - Banking and PSU Fund
2024-08-16,119551,Aditya Birla Sun Life Banking & PSU Debt Fund  - DIRECT - IDCW,105.9116,Aditya Birla Sun Life Mutual Fund,Debt Scheme - Banking and PSU Fund
2024-08-19,119551,Aditya Birla Sun Life Banking & PSU Debt Fund  - DIRECT - IDCW,105.9818,Aditya Birla Sun Life Mutual Fund,Debt Scheme - Banking and PSU Fund
2024-08-20,119551,Aditya Birla Sun Life Banking & PSU Debt Fund  - DIRECT - IDCW,106.0252,Aditya Birla Sun Life Mutual Fund,Debt Scheme - Banking and PSU Fund
2024-08-21,119551,Aditya Birla Sun Life Banking & PSU Debt Fund  - DIRECT - IDCW,106.0518,Aditya Birla Sun Life Mutual Fund,Debt Scheme - Banking and PSU Fund
2024-08-22,119551,Aditya Birla Sun Life Banking & PSU Debt Fund  - DIRECT - IDCW,106.0858,Aditya Birla Sun Life Mutual Fund,Debt Scheme - Banking and PSU Fund
2024-08-23,119551,Aditya Birla Sun Life Banking & PSU Debt Fund  - DIRECT - IDCW,106.1127,Aditya Birla Sun Life Mutual Fund,Debt Scheme - Banking and PSU Fund
2024-08-26,119551,Aditya Birla Sun Life Banking & PSU Debt Fund  - DIRECT - IDCW,106.1703,Aditya Birla Sun Life Mutual Fund,Debt Scheme - Banking and PSU Fund
2024-08-27,119551,Aditya Birla Sun Life Banking & PSU Debt Fund  - DIRECT - IDCW,106.1953,Aditya Birla Sun Life Mutual Fund,Debt Scheme - Banking and PSU Fund
2024-08-28,119551,Aditya Birla Sun Life Banking & PSU Debt Fund  - DIRECT - IDCW,106.2365,Aditya Birla Sun Life Mutual Fund,Debt Scheme - Banking and PSU Fund
2024-08-29,119551,Aditya Birla Sun Life Banking & PSU Debt Fund  - DIRECT - IDCW,106.2648,Aditya Birla Sun Life Mutual Fund,Debt Scheme - Banking and PSU Fund
2024-08-30,119551,Aditya Birla Sun Life Banking & PSU Debt Fund  - DIRECT - IDCW,106.2668,Aditya Birla Sun Life Mutual Fund,Debt Scheme - Banking and PSU Fund
2024-09-02,119551,Aditya Birla Sun Life Banking & PSU Debt Fund  - DIRECT - IDCW,106.3054,Aditya Birla Sun Life Mutual Fund,Debt Scheme - Banking and PSU Fund
2024-09-03,119551,Aditya Birla Sun Life Banking & PSU Debt Fund  - DIRECT - IDCW,106.3329,Aditya Birla Sun Life Mutual Fund,Debt Scheme - Banking and PSU Fund
2024-09-04,119551,Aditya Birla Sun Life Banking & PSU Debt Fund  - DIRECT - IDCW,106.3754,Aditya Birla Sun Life Mutual Fund,Debt Scheme - Banking and PSU Fund
2024-09-05,119551,Aditya Birla Sun Life Banking & PSU Debt Fund  - DIRECT - IDCW,106.4059,Aditya Birla Sun Life Mutual Fund,Debt Scheme - Banking and PSU Fund
2024-09-06,119551,Aditya Birla Sun Life Banking & PSU Debt Fund  - DIRECT - IDCW,106.4146,Aditya Birla Sun Life Mutual Fund,Debt Scheme - Banking and PSU Fund
2024-09-09,119551,Aditya Birla Sun Life Banking & PSU Debt Fund  - DIRECT - IDCW,106.4667,Aditya Birla Sun Life Mutual Fund,Debt Scheme - Banking and PSU Fund
2024-09-10,119551,Aditya Birla Sun Life Banking & PSU Debt Fund  - DIRECT - IDCW,106.4902,Aditya Birla Sun Life Mutual Fund,Debt Scheme - Banking and PSU Fund
2024-09-11,119551,Aditya Birla Sun Life Banking & PSU Debt Fund  - DIRECT - IDCW,106.5512,Aditya Birla Sun Life Mutual Fund,Debt Scheme - Banking and PSU Fund
2024-09-12,119551,Aditya Birla Sun Life Banking & PSU Debt Fund  - DIRECT - IDCW,106.5827,Aditya Birla Sun Life Mutual Fund,Debt Scheme - Banking and PSU Fund
2024-09-13,119551,Aditya Birla Sun Life Banking & PSU Debt Fund  - DIRECT - IDCW,106.6573,Aditya Birla Sun Life Mutual Fund,Debt Scheme - Banking and PSU Fund
2024-09-16,119551,Aditya Birla Sun Life Banking & PSU Debt Fund  - DIRECT - IDCW,106.7623,Aditya Birla Sun Life Mutual Fund,Debt Scheme - Banking and PSU Fund
2024-09-17,119551,Aditya Birla Sun Life Banking & PSU Debt Fund  - DIRECT - IDCW,106.7639,Aditya Birla Sun Life Mutual Fund,Debt Scheme - Banking and PSU Fund
2024-09-19,119551,Aditya Birla Sun Life Banking & PSU Debt Fund  - DIRECT - IDCW,106.8809,Aditya Birla Sun Life Mutual Fund,Debt Scheme - Banking and PSU Fund
2024-09-20,119551,Aditya Birla Sun Life Banking & PSU Debt Fund  - DIRECT - IDCW,106.929,Aditya Birla Sun Life Mutual Fund,Debt Scheme - Banking and PSU Fund
2024-09-23,119551,Aditya Birla Sun Life Banking & PSU Debt Fund  - DIRECT - IDCW,107.0237,Aditya Birla Sun Life Mutual Fund,Debt Scheme - Banking and PSU Fund
2024-09-24,119551,Aditya Birla Sun Life Banking & PSU Debt Fund  - DIRECT - IDCW,107.0466,Aditya Birla Sun Life Mutual Fund,Debt Scheme - Banking and PSU Fund
2024-09-25,119551,Aditya Birla Sun Life Banking & PSU Debt Fund  - DIRECT - IDCW,107.1126,Aditya Birla Sun Life Mutual Fund,Debt Scheme - Banking and PSU Fund
2024-09-26,119551,Aditya Birla Sun Life Banking & PSU Debt Fund  - DIRECT - IDCW,107.1966,Aditya Birla Sun Life Mutual Fund,Debt Scheme - Banking and PSU Fund
2024-09-27,119551,Aditya Birla Sun Life Banking & PSU Debt Fund  - DIRECT - IDCW,107.1769,Aditya Birla Sun Life Mutual Fund,Debt Scheme - Banking and PSU Fund
2024-09-30,119551,Aditya Birla Sun Life Banking & PSU Debt Fund  - DIRECT - IDCW,107.225,Aditya Birla Sun Life Mutual Fund,Debt Scheme - Banking and PSU Fund
2024-10-01,119551,Aditya Birla Sun Life Banking & PSU Debt Fund  - DIRECT - IDCW,107.3237,Aditya Birla Sun Life Mutual Fund,Debt Scheme - Banking and PSU Fund
2024-10-03,119551,Aditya Birla Sun Life Banking & PSU Debt Fund  - DIRECT - IDCW,107.3076,Aditya Birla Sun Life Mutual Fund,Debt Scheme - Banking and PSU Fund
2024-10-04,119551,Aditya Birla Sun Life Banking & PSU Debt Fund  - DIRECT - IDCW,107.2257,Aditya Birla Sun Life Mutual Fund,Debt Scheme - Banking and PSU Fund
2024-10-07,119551,Aditya Birla Sun Life Banking & PSU Debt Fund  - DIRECT - IDCW,107.2487,Aditya Birla Sun Life Mutual Fund,Debt Scheme - Banking and PSU Fund
2024-10-08,119551,Aditya Birla Sun Life Banking & PSU Debt Fund  - DIRECT - IDCW,107.3126,Aditya Birla Sun Life Mutual Fund,Debt Scheme - Banking and PSU Fund
2024-10-09,119551,Aditya Birla Sun Life Banking & PSU Debt Fund  - DIRECT - IDCW,107.4772,Aditya Birla Sun Life Mutual Fund,Debt Scheme - Banking and PSU Fund
2024-10-10,119551,Aditya Birla Sun Life Banking & PSU Debt Fund  - DIRECT - IDCW,107.504,Aditya Birla Sun Life Mutual Fund,Debt Scheme - Banking and PSU Fund
2024-10-11,119551,Aditya Birla Sun Life Banking & PSU Debt Fund  - DIRECT - IDCW,107.5265,Aditya Birla Sun Life Mutual Fund,Debt Scheme - Banking and PSU Fund
2024-10-14,119551,Aditya Birla Sun Life Banking & PSU Debt Fund  - DIRECT - IDCW,107.6186,Aditya Birla Sun Life Mutual Fund,Debt Scheme - Banking and PSU Fund
2024-10-15,119551,Aditya Birla Sun Life Banking & PSU Debt Fund  - DIRECT - IDCW,107.6534,Aditya Birla Sun Life Mutual Fund,Debt Scheme - Banking and PSU Fund
2024-10-16,119551,Aditya Birla Sun Life Banking & PSU Debt Fund  - DIRECT - IDCW,107.6535,Aditya Birla Sun Life Mutual Fund,Debt Scheme - Banking and PSU Fund
2024-10-17,119551,Aditya Birla Sun Life Banking & PSU Debt Fund  - DIRECT - IDCW,107.6503,Aditya Birla Sun Life Mutual Fund,Debt Scheme - Banking and PSU Fund
2024-10-18,119551,Aditya Birla Sun Life Banking & PSU Debt Fund  - DIRECT - IDCW,107.6158,Aditya Birla Sun Life Mutual Fund,Debt Scheme - Banking and PSU Fund
2024-10-21,119551,Aditya Birla Sun Life Banking & PSU Debt Fund  - DIRECT - IDCW,107.6357,Aditya Birla Sun Life Mutual Fund,Debt Scheme - Banking and PSU Fund
2024-10-22,119551,Aditya Birla Sun Life Banking & PSU Debt Fund  - DIRECT - IDCW,107.5869,Aditya Birla Sun Life Mutual Fund,Debt Scheme - Banking and PSU Fund
2024-10-23,119551,Aditya Birla Sun Life Banking & PSU Debt Fund  - DIRECT - IDCW,107.6336,Aditya Birla Sun Life Mutual Fund,Debt Scheme - Banking and PSU Fund
2024-10-24,119551,Aditya Birla Sun Life Banking & PSU Debt Fund  - DIRECT - IDCW,107.674,Aditya Birla Sun Life Mutual Fund,Debt Scheme - Banking and PSU Fund
2024-10-25,119551,Aditya Birla Sun Life Banking & PSU Debt Fund  - DIRECT - IDCW,107.6909,Aditya Birla Sun Life Mutual Fund,Debt Scheme - Banking and PSU Fund
2024-10-28,119551,Aditya Birla Sun Life Banking & PSU Debt Fund  - DIRECT - IDCW,107.6861,Aditya Birla Sun Life Mutual Fund,Debt Scheme - Banking and PSU Fund
2024-10-29,119551,Aditya Birla Sun Life Banking & PSU Debt Fund  - DIRECT - IDCW,107.725,Aditya Birla Sun Life Mutual Fund,Debt Scheme - Banking and PSU Fund
2024-10-30,119551,Aditya Birla Sun Life Banking & PSU Debt Fund  - DIRECT - IDCW,107.7881,Aditya Birla Sun Life Mutual Fund,Debt Scheme - Banking and PSU Fund
2024-10-31,119551,Aditya Birla Sun Life Banking & PSU Debt Fund  - DIRECT - IDCW,107.8015,Aditya Birla Sun Life Mutual Fund,Debt Scheme - Banking and PSU Fund
2024-11-04,119551,Aditya Birla Sun Life Banking & PSU Debt Fund  - DIRECT - IDCW,107.8739,Aditya Birla Sun Life Mutual Fund,Debt Scheme - Banking and PSU Fund
2024-11-05,119551,Aditya Birla Sun Life Banking & PSU Debt Fund  - DIRECT - IDCW,107.8874,Aditya Birla Sun Life Mutual Fund,Debt Scheme - Banking and PSU Fund
2024-11-06,119551,Aditya Birla Sun Life Banking & PSU Debt Fund  - DIRECT - IDCW,107.8879,Aditya Birla Sun Life Mutual Fund,Debt Scheme - Banking and PSU Fund
2024-11-07,119551,Aditya Birla Sun Life Banking & PSU Debt Fund  - DIRECT - IDCW,107.9237,Aditya Birla Sun Life Mutual Fund,Debt Scheme - Banking and PSU Fund
2024-11-08,119551,Aditya Birla Sun Life Banking & PSU Debt Fund  - DIRECT - IDCW,107.9884,Aditya Birla Sun Life Mutual Fund,Debt Scheme - Banking and PSU Fund
2024-11-11,119551,Aditya Birla Sun Life Banking & PSU Debt Fund  - DIRECT - IDCW,108.0457,Aditya Birla Sun Life Mutual Fund,Debt Scheme - Banking and PSU Fund
2024-11-12,119551,Aditya Birla Sun Life Banking & PSU Debt Fund  - DIRECT - IDCW,108.0534,Aditya Birla Sun Life Mutual Fund,Debt Scheme - Banking and PSU Fund
2024-11-13,119551,Aditya Birla Sun Life Banking & PSU Debt Fund  - DIRECT - IDCW,108.0513,Aditya Birla Sun Life Mutual Fund,Debt Scheme - Banking and PSU Fund
2024-11-14,119551,Aditya Birla Sun Life Banking & PSU Debt Fund  - DIRECT - IDCW,108.0265,Aditya Birla Sun Life Mutual Fund,Debt Scheme - Banking and PSU Fund
2024-11-18,119551,Aditya Birla Sun Life Banking & PSU Debt Fund  - DIRECT - IDCW,108.1144,Aditya Birla Sun Life Mutual Fund,Debt Scheme - Banking and PSU Fund
2024-11-19,119551,Aditya Birla Sun Life Banking & PSU Debt Fund  - DIRECT - IDCW,108.1459,Aditya Birla Sun Life Mutual Fund,Debt Scheme - Banking and PSU Fund
2024-11-21,119551,Aditya Birla Sun Life Banking & PSU Debt Fund  - DIRECT - IDCW,108.1547,Aditya Birla Sun Life Mutual Fund,Debt Scheme - Banking and PSU Fund
2024-11-22,119551,Aditya Birla Sun Life Banking & PSU Debt Fund  - DIRECT - IDCW,108.1301,Aditya Birla Sun Life Mutual Fund,Debt Scheme - Banking and PSU Fund
2024-11-25,119551,Aditya Birla Sun Life Banking & PSU Debt Fund  - DIRECT - IDCW,108.2199,Aditya Birla Sun Life Mutual Fund,Debt Scheme - Banking and PSU Fund
2024-11-26,119551,Aditya Birla Sun Life Banking & PSU Debt Fund  - DIRECT - IDCW,108.234,Aditya Birla Sun Life Mutual Fund,Debt Scheme - Banking and PSU Fund
2024-11-27,119551,Aditya Birla Sun Life Banking & PSU Debt Fund  - DIRECT - IDCW,108.2186,Aditya Birla Sun Life Mutual Fund,Debt Scheme - Banking and PSU Fund
2024-11-28,119551,Aditya Birla Sun Life Banking & PSU Debt Fund  - DIRECT - IDCW,108.248,Aditya Birla Sun Life Mutual Fund,Debt Scheme - Banking and PSU Fund
2024-11-29,119551,Aditya Birla Sun Life Banking & PSU Debt Fund  - DIRECT - IDCW,108.3481,Aditya Birla Sun Life Mutual Fund,Debt Scheme - Banking and PSU Fund
2024-12-02,119551,Aditya Birla Sun Life Banking & PSU Debt Fund  - DIRECT - IDCW,108.547,Aditya Birla Sun Life Mutual Fund,Debt Scheme - Banking and PSU Fund
2024-12-03,119551,Aditya Birla Sun Life Banking & PSU Debt Fund  - DIRECT - IDCW,108.5772,Aditya Birla Sun Life Mutual Fund,Debt Scheme - Banking and PSU Fund
2024-12-04,119551,Aditya Birla Sun Life Banking & PSU Debt Fund  - DIRECT - IDCW,108.6652,Aditya Birla Sun Life Mutual Fund,Debt Scheme - Banking and PSU Fund
2024-12-05,119551,Aditya Birla Sun Life Banking & PSU Debt Fund  - DIRECT - IDCW,108.7127,Aditya Birla Sun Life Mutual Fund,Debt Scheme - Banking and PSU Fund
2024-12-06,119551,Aditya Birla Sun Life Banking & PSU Debt Fund  - DIRECT - IDCW,108.6492,Aditya Birla Sun Life Mutual Fund,Debt Scheme - Banking and PSU Fund
2024-12-09,119551,Aditya Birla Sun Life Banking & PSU Debt Fund  - DIRECT - IDCW,108.7124,Aditya Birla Sun Life Mutual Fund,Debt Scheme - Banking and PSU Fund
2024-12-10,119551,Aditya Birla Sun Life Banking & PSU Debt Fund  - DIRECT - IDCW,108.7512,Aditya Birla Sun Life Mutual Fund,Debt Scheme - Banking and PSU Fund
2024-12-11,119551,Aditya Birla Sun Life Banking & PSU Debt Fund  - DIRECT - IDCW,108.7714,Aditya Birla Sun Life Mutual Fund,Debt Scheme - Banking and PSU Fund
2024-12-12,119551,Aditya Birla Sun Life Banking & PSU Debt Fund  - DIRECT - IDCW,108.76,Aditya Birla Sun Life Mutual Fund,Debt Scheme - Banking and PSU Fund
2024-12-13,119551,Aditya Birla Sun Life Banking & PSU Debt Fund  - DIRECT - IDCW,108.7654,Aditya Birla Sun Life Mutual Fund,Debt Scheme - Banking and PSU Fund
2024-12-16,119551,Aditya Birla Sun Life Banking & PSU Debt Fund  - DIRECT - IDCW,108.8176,Aditya Birla Sun Life Mutual Fund,Debt Scheme - Banking and PSU Fund
2024-12-17,119551,Aditya Birla Sun Life Banking & PSU Debt Fund  - DIRECT - IDCW,102.2788,Aditya Birla Sun Life Mutual Fund,Debt Scheme - Banking and PSU Fund
2024-12-18,119551,Aditya Birla Sun Life Banking & PSU Debt Fund  - DIRECT - IDCW,102.3051,Aditya Birla Sun Life Mutual Fund,Debt Scheme - Banking and PSU Fund
2024-12-19,119551,Aditya Birla Sun Life Banking & PSU Debt Fund  - DIRECT - IDCW,102.2319,Aditya Birla Sun Life Mutual Fund,Debt Scheme - Banking and PSU Fund
2024-12-20,119551,Aditya Birla Sun Life Banking & PSU Debt Fund  - DIRECT - IDCW,102.2299,Aditya Birla Sun Life Mutual Fund,Debt Scheme - Banking and PSU Fund
2024-12-23,119551,Aditya Birla Sun Life Banking & PSU Debt Fund  - DIRECT - IDCW,102.2971,Aditya Birla Sun Life Mutual Fund,Debt Scheme - Banking and PSU Fund
2024-12-24,119551,Aditya Birla Sun Life Banking & PSU Debt Fund  - DIRECT - IDCW,102.276,Aditya Birla Sun Life Mutual Fund,Debt Scheme - Banking and PSU Fund
2024-12-26,119551,Aditya Birla Sun Life Banking & PSU Debt Fund  - DIRECT - IDCW,102.3057,Aditya Birla Sun Life Mutual Fund,Debt Scheme - Banking and PSU Fund
2024-12-27,119551,Aditya Birla Sun Life Banking & PSU Debt Fund  - DIRECT - IDCW,102.3377,Aditya Birla Sun Life Mutual Fund,Debt Scheme - Banking and PSU Fund
2024-12-30,119551,Aditya Birla Sun Life Banking & PSU Debt Fund  - DIRECT - IDCW,102.3935,Aditya Birla Sun Life Mutual Fund,Debt Scheme - Banking and PSU Fund
2024-12-31,119551,Aditya Birla Sun Life Banking & PSU Debt Fund  - DIRECT - IDCW,102.4261,Aditya Birla Sun Life Mutual Fund,Debt Scheme - Banking and PSU Fund
2025-01-01,119551,Aditya Birla Sun Life Banking & PSU Debt Fund  - DIRECT - IDCW,102.4373,Aditya Birla Sun Life Mutual Fund,Debt Scheme - Banking and PSU Fund
2025-01-02,119551,Aditya Birla Sun Life Banking & PSU Debt Fund  - DIRECT - IDCW,102.4411,Aditya Birla Sun Life Mutual Fund,Debt Scheme - Banking and PSU Fund
2025-01-03,119551,Aditya Birla Sun Life Banking & PSU Debt Fund  - DIRECT - IDCW,102.4734,Aditya Birla Sun Life Mutual Fund,Debt Scheme - Banking and PSU Fund
2025-01-06,119551,Aditya Birla Sun Life Banking & PSU Debt Fund  - DIRECT - IDCW,102.5428,Aditya Birla Sun Life Mutual Fund,Debt Scheme - Banking and PSU Fund
2025-01-07,119551,Aditya Birla Sun Life Banking & PSU Debt Fund  - DIRECT - IDCW,102.5942,Aditya Birla Sun Life Mutual Fund,Debt Scheme - Banking and PSU Fund
2025-01-08,119551,Aditya Birla Sun Life Banking & PSU Debt Fund  - DIRECT - IDCW,102.5842,Aditya Birla Sun Life Mutual Fund,Debt Scheme - Banking and PSU Fund
2025-01-09,119551,Aditya Birla Sun Life Banking & PSU Debt Fund  - DIRECT - IDCW,102.5669,Aditya Birla Sun Life Mutual Fund,Debt Scheme - Banking and PSU Fund
2025-01-10,119551,Aditya Birla Sun Life Banking & PSU Debt Fund  - DIRECT - IDCW,102.5788,Aditya Birla Sun Life Mutual Fund,Debt Scheme - Banking and PSU Fund
2025-01-13,119551,Aditya Birla Sun Life Banking & PSU Debt Fund  - DIRECT - IDCW,102.479,Aditya Birla Sun Life Mutual Fund,Debt Scheme - Banking and PSU Fund
2025-01-14,119551,Aditya Birla Sun Life Banking & PSU Debt Fund  - DIRECT - IDCW,102.5067,Aditya Birla Sun Life Mutual Fund,Debt Scheme - Banking and PSU Fund
2025-01-15,119551,Aditya Birla Sun Life Banking & PSU Debt Fund  - DIRECT - IDCW,102.5547,Aditya Birla Sun Life Mutual Fund,Debt Scheme - Banking and PSU Fund
2025-01-16,119551,Aditya Birla Sun Life Banking & PSU Debt Fund  - DIRECT - IDCW,102.6846,Aditya Birla Sun Life Mutual Fund,Debt Scheme - Banking and PSU Fund
2025-01-17,119551,Aditya Birla Sun Life Banking & PSU Debt Fund  - DIRECT - IDCW,102.6971,Aditya Birla Sun Life Mutual Fund,Debt Scheme - Banking and PSU Fund
2025-01-20,119551,Aditya Birla Sun Life Banking & PSU Debt Fund  - DIRECT - IDCW,102.7722,Aditya Birla Sun Life Mutual Fund,Debt Scheme - Banking and PSU Fund
2025-01-21,119551,Aditya Birla Sun Life Banking & PSU Debt Fund  - DIRECT - IDCW,102.833,Aditya Birla Sun Life Mutual Fund,Debt Scheme - Banking and PSU Fund
2025-01-22,119551,Aditya Birla Sun Life Banking & PSU Debt Fund  - DIRECT - IDCW,102.882,Aditya Birla Sun Life Mutual Fund,Debt Scheme - Banking and PSU Fund
2025-01-23,119551,Aditya Birla Sun Life Banking & PSU Debt Fund  - DIRECT - IDCW,102.8828,Aditya Birla Sun Life Mutual Fund,Debt Scheme - Banking and PSU Fund
2025-01-24,119551,Aditya Birla Sun Life Banking & PSU Debt Fund  - DIRECT - IDCW,102.9,Aditya Birla Sun Life Mutual Fund,Debt Scheme - Banking and PSU Fund
2025-01-27,119551,Aditya Birla Sun Life Banking & PSU Debt Fund  - DIRECT - IDCW,103.0191,Aditya Birla Sun Life Mutual Fund,Debt Scheme - Banking and PSU Fund
2025-01-28,119551,Aditya Birla Sun Life Banking & PSU Debt Fund  - DIRECT - IDCW,103.0551,Aditya Birla Sun Life Mutual Fund,Debt Scheme - Banking and PSU Fund
2025-01-29,119551,Aditya Birla Sun Life Banking & PSU Debt Fund  - DIRECT - IDCW,103.0631,Aditya Birla Sun Life Mutual Fund,Debt Scheme - Banking and PSU Fund
2025-01-30,119551,Aditya Birla Sun Life Banking & PSU Debt Fund  - DIRECT - IDCW,103.0995,Aditya Birla Sun Life Mutual Fund,Debt Scheme - Banking and PSU Fund
2025-01-31,119551,Aditya Birla Sun Life Banking & PSU Debt Fund  - DIRECT - IDCW,103.1194,Aditya Birla Sun Life Mutual Fund,Debt Scheme - Banking and PSU Fund
2025-02-03,119551,Aditya Birla Sun Life Banking & PSU Debt Fund  - DIRECT - IDCW,103.2079,Aditya Birla Sun Life Mutual Fund,Debt Scheme - Banking and PSU Fund
2025-02-04,119551,Aditya Birla Sun Life Banking & PSU Debt Fund  - DIRECT - IDCW,103.2096,Aditya Birla Sun Life Mutual Fund,Debt Scheme - Banking and PSU Fund
2025-02-05,119551,Aditya Birla Sun Life Banking & PSU Debt Fund  - DIRECT - IDCW,103.2887,Aditya Birla Sun Life Mutual Fund,Debt Scheme - Banking and PSU Fund
2025-02-06,119551,Aditya Birla Sun Life Banking & PSU Debt Fund  - DIRECT - IDCW,103.3557,Aditya Birla Sun Life Mutual Fund,Debt Scheme - Banking and PSU Fund
2025-02-07,119551,Aditya Birla Sun Life Banking & PSU Debt Fund  - DIRECT - IDCW,103.2983,Aditya Birla Sun Life Mutual Fund,Debt Scheme - Banking and PSU Fund
2025-02-10,119551,Aditya Birla Sun Life Banking & PSU Debt Fund  - DIRECT - IDCW,103.3119,Aditya Birla Sun Life Mutual Fund,Debt Scheme - Banking and PSU Fund
2025-02-11,119551,Aditya Birla Sun Life Banking & PSU Debt Fund  - DIRECT - IDCW,103.3491,Aditya Birla Sun Life Mutual Fund,Debt Scheme - Banking and PSU Fund
2025-02-12,119551,Aditya Birla Sun Life Banking & PSU Debt Fund  - DIRECT - IDCW,103.3327,Aditya Birla Sun Life Mutual Fund,Debt Scheme - Banking and PSU Fund
2025-02-13,119551,Aditya Birla Sun Life Banking & PSU Debt Fund  - DIRECT - IDCW,103.3413,Aditya Birla Sun Life Mutual Fund,Debt Scheme - Banking and PSU Fund
2025-02-14,119551,Aditya Birla Sun Life Banking & PSU Debt Fund  - DIRECT - IDCW,103.3587,Aditya Birla Sun Life Mutual Fund,Debt Scheme - Banking and PSU Fund
2025-02-17,119551,Aditya Birla Sun Life Banking & PSU Debt Fund  - DIRECT - IDCW,103.4024,Aditya Birla Sun Life Mutual Fund,Debt Scheme - Banking and PSU Fund
2025-02-18,119551,Aditya Birla Sun Life Banking & PSU Debt Fund  - DIRECT - IDCW,103.428,Aditya Birla Sun Life Mutual Fund,Debt Scheme - Banking and PSU Fund
2025-02-20,119551,Aditya Birla Sun Life Banking & PSU Debt Fund  - DIRECT - IDCW,103.4473,Aditya Birla Sun Life Mutual Fund,Debt Scheme - Banking and PSU Fund
2025-02-21,119551,Aditya Birla Sun Life Banking & PSU Debt Fund  - DIRECT - IDCW,103.4606,Aditya Birla Sun Life Mutual Fund,Debt Scheme - Banking and PSU Fund
2025-02-24,119551,Aditya Birla Sun Life Banking & PSU Debt Fund  - DIRECT - IDCW,103.523,Aditya Birla Sun Life Mutual Fund,Debt Scheme - Banking and PSU Fund
2025-02-25,119551,Aditya Birla Sun Life Banking & PSU Debt Fund  - DIRECT - IDCW,103.5311,Aditya Birla Sun Life Mutual Fund,Debt Scheme - Banking and PSU Fund
2025-02-27,119551,Aditya Birla Sun Life Banking & PSU Debt Fund  - DIRECT - IDCW,103.475,Aditya Birla Sun Life Mutual Fund,Debt Scheme - Banking and PSU Fund
2025-02-28,119551,Aditya Birla Sun Life Banking & PSU Debt Fund  - DIRECT - IDCW,103.4542,Aditya Birla Sun Life Mutual Fund,Debt Scheme - Banking and PSU Fund
2025-03-03,119551,Aditya Birla Sun Life Banking & PSU Debt Fund  - DIRECT - IDCW,103.4915,Aditya Birla Sun Life Mutual Fund,Debt Scheme - Banking and PSU Fund
2025-03-04,119551,Aditya Birla Sun Life Banking & PSU Debt Fund  - DIRECT - IDCW,103.4961,Aditya Birla Sun Life Mutual Fund,Debt Scheme - Banking and PSU Fund
2025-03-05,119551,Aditya Birla Sun Life Banking & PSU Debt Fund  - DIRECT - IDCW,103.5156,Aditya Birla Sun Life Mutual Fund,Debt Scheme - Banking and PSU Fund
2025-03-06,119551,Aditya Birla Sun Life Banking & PSU Debt Fund  - DIRECT - IDCW,103.577,Aditya Birla Sun Life Mutual Fund,Debt Scheme - Banking and PSU Fund
2025-03-07,119551,Aditya Birla Sun Life Banking & PSU Debt Fund  - DIRECT - IDCW,103.5932,Aditya Birla Sun Life Mutual Fund,Debt Scheme - Banking and PSU Fund
2025-03-10,119551,Aditya Birla Sun Life Banking & PSU Debt Fund  - DIRECT - IDCW,103.6318,Aditya Birla Sun Life Mutual Fund,Debt Scheme - Banking and PSU Fund
2025-03-11,119551,Aditya Birla Sun Life Banking & PSU Debt Fund  - DIRECT - IDCW,103.6633,Aditya Birla Sun Life Mutual Fund,Debt Scheme - Banking and PSU Fund
2025-03-12,119551,Aditya Birla Sun Life Banking & PSU Debt Fund  - DIRECT - IDCW,103.6937,Aditya Birla Sun Life Mutual Fund,Debt Scheme - Banking and PSU Fund
2025-03-13,119551,Aditya Birla Sun Life Banking & PSU Debt Fund  - DIRECT - IDCW,103.7314,Aditya Birla Sun Life Mutual Fund,Debt Scheme - Banking and PSU Fund
2025-03-17,119551,Aditya Birla Sun Life Banking & PSU Debt Fund  - DIRECT - IDCW,103.8183,Aditya Birla Sun Life Mutual Fund,Debt Scheme - Banking and PSU Fund
2025-03-18,119551,Aditya Birla Sun Life Banking & PSU Debt Fund  - DIRECT - IDCW,103.8685,Aditya Birla Sun Life Mutual Fund,Debt Scheme - Banking and PSU Fund
2025-03-19,119551,Aditya Birla Sun Life Banking & PSU Debt Fund  - DIRECT - IDCW,103.9843,Aditya Birla Sun Life Mutual Fund,Debt Scheme - Banking and PSU Fund
2025-03-20,119551,Aditya Birla Sun Life Banking & PSU Debt Fund  - DIRECT - IDCW,104.0851,Aditya Birla Sun Life Mutual Fund,Debt Scheme - Banking and PSU Fund
2025-03-21,119551,Aditya Birla Sun Life Banking & PSU Debt Fund  - DIRECT - IDCW,104.1787,Aditya Birla Sun Life Mutual Fund,Debt Scheme - Banking and PSU Fund
2025-03-24,119551,Aditya Birla Sun Life Banking & PSU Debt Fund  - DIRECT - IDCW,104.2711,Aditya Birla Sun Life Mutual Fund,Debt Scheme - Banking and PSU Fund
2025-03-25,119551,Aditya Birla Sun Life Banking & PSU Debt Fund  - DIRECT - IDCW,104.3152,Aditya Birla Sun Life Mutual Fund,Debt Scheme - Banking and PSU Fund
2025-03-26,119551,Aditya Birla Sun Life Banking & PSU Debt Fund  - DIRECT - IDCW,104.4275,Aditya Birla Sun Life Mutual Fund,Debt Scheme - Banking and PSU Fund
2025-03-27,119551,Aditya Birla Sun Life Banking & PSU Debt Fund  - DIRECT - IDCW,104.5887,Aditya Birla Sun Life Mutual Fund,Debt Scheme - Banking and PSU Fund
2025-03-28,119551,Aditya Birla Sun Life Banking & PSU Debt Fund  - DIRECT - IDCW,104.798,Aditya Birla Sun Life Mutual Fund,Debt Scheme - Banking and PSU Fund
2025-03-31,119551,Aditya Birla Sun Life Banking & PSU Debt Fund  - DIRECT - IDCW,104.8517,Aditya Birla Sun Life Mutual Fund,Debt Scheme - Banking and PSU Fund
2025-04-02,119551,Aditya Birla Sun Life Banking & PSU Debt Fund  - DIRECT - IDCW,105.2693,Aditya Birla Sun Life Mutual Fund,Debt Scheme - Banking and PSU Fund
2025-04-03,119551,Aditya Birla Sun Life Banking & PSU Debt Fund  - DIRECT - IDCW,105.407,Aditya Birla Sun Life Mutual Fund,Debt Scheme - Banking and PSU Fund
2025-04-04,119551,Aditya Birla Sun Life Banking & PSU Debt Fund  - DIRECT - IDCW,105.4731,Aditya Birla Sun Life Mutual Fund,Debt Scheme - Banking and PSU Fund
2025-04-07,119551,Aditya Birla Sun Life Banking & PSU Debt Fund  - DIRECT - IDCW,105.4895,Aditya Birla Sun Life Mutual Fund,Debt Scheme - Banking and PSU Fund
2025-04-08,119551,Aditya Birla Sun Life Banking & PSU Debt Fund  - DIRECT - IDCW,105.4798,Aditya Birla Sun Life Mutual Fund,Debt Scheme - Banking and PSU Fund
2025-04-09,119551,Aditya Birla Sun Life Banking & PSU Debt Fund  - DIRECT - IDCW,105.595,Aditya Birla Sun Life Mutual Fund,Debt Scheme - Banking and PSU Fund
2025-04-11,119551,Aditya Birla Sun Life Banking & PSU Debt Fund  - DIRECT - IDCW,105.7166,Aditya Birla Sun Life Mutual Fund,Debt Scheme - Banking and PSU Fund
2025-04-15,119551,Aditya Birla Sun Life Banking & PSU Debt Fund  - DIRECT - IDCW,105.8256,Aditya Birla Sun Life Mutual Fund,Debt Scheme - Banking and PSU Fund
2025-04-16,119551,Aditya Birla Sun Life Banking & PSU Debt Fund  - DIRECT - IDCW,105.9138,Aditya Birla Sun Life Mutual Fund,Debt Scheme - Banking and PSU Fund
2025-04-17,119551,Aditya Birla Sun Life Banking & PSU Debt Fund  - DIRECT - IDCW,106.0393,Aditya Birla Sun Life Mutual Fund,Debt Scheme - Banking and PSU Fund
2025-04-21,119551,Aditya Birla Sun Life Banking & PSU Debt Fund  - DIRECT - IDCW,106.1959,Aditya Birla Sun Life Mutual Fund,Debt Scheme - Banking and PSU Fund
2025-04-22,119551,Aditya Birla Sun Life Banking & PSU Debt Fund  - DIRECT - IDCW,106.2867,Aditya Birla Sun Life Mutual Fund,Debt Scheme - Banking and PSU Fund
2025-04-23,119551,Aditya Birla Sun Life Banking & PSU Debt Fund  - DIRECT - IDCW,106.3557,Aditya Birla Sun Life Mutual Fund,Debt Scheme - Banking and PSU Fund
2025-04-24,119551,Aditya Birla Sun Life Banking & PSU Debt Fund  - DIRECT - IDCW,106.3431,Aditya Birla Sun Life Mutual Fund,Debt Scheme - Banking and PSU Fund
2025-04-25,119551,Aditya Birla Sun Life Banking & PSU Debt Fund  - DIRECT - IDCW,106.2928,Aditya Birla Sun Life Mutual Fund,Debt Scheme - Banking and PSU Fund
2025-04-28,119551,Aditya Birla Sun Life Banking & PSU Debt Fund  - DIRECT - IDCW,106.3422,Aditya Birla Sun Life Mutual Fund,Debt Scheme - Banking and PSU Fund
2025-04-29,119551,Aditya Birla Sun Life Banking & PSU Debt Fund  - DIRECT - IDCW,106.4231,Aditya Birla Sun Life Mutual Fund,Debt Scheme - Banking and PSU Fund
2025-04-30,119551,Aditya Birla Sun Life Banking & PSU Debt Fund  - DIRECT - IDCW,106.4272,Aditya Birla Sun Life Mutual Fund,Debt Scheme - Banking and PSU Fund
2025-05-02,119551,Aditya Birla Sun Life Banking & PSU Debt Fund  - DIRECT - IDCW,106.4573,Aditya Birla Sun Life Mutual Fund,Debt Scheme - Banking and PSU Fund
2025-05-05,119551,Aditya Birla Sun Life Banking & PSU Debt Fund  - DIRECT - IDCW,106.5451,Aditya Birla Sun Life Mutual Fund,Debt Scheme - Banking and PSU Fund
2025-05-06,119551,Aditya Birla Sun Life Banking & PSU Debt Fund  - DIRECT - IDCW,106.5085,Aditya Birla Sun Life Mutual Fund,Debt Scheme - Banking and PSU Fund
2025-05-07,119551,Aditya Birla Sun Life Banking & PSU Debt Fund  - DIRECT - IDCW,106.5585,Aditya Birla Sun Life Mutual Fund,Debt Scheme - Banking and PSU Fund
2025-05-08,119551,Aditya Birla Sun Life Banking & PSU Debt Fund  - DIRECT - IDCW,106.3466,Aditya Birla Sun Life Mutual Fund,Debt Scheme - Banking and PSU Fund
2025-05-09,119551,Aditya Birla Sun Life Banking & PSU Debt Fund  - DIRECT - IDCW,106.2789,Aditya Birla Sun Life Mutual Fund,Debt Scheme - Banking and PSU Fund
2025-05-13,119551,Aditya Birla Sun Life Banking & PSU Debt Fund  - DIRECT - IDCW,106.6661,Aditya Birla Sun Life Mutual Fund,Debt Scheme - Banking and PSU Fund
2025-05-14,119551,Aditya Birla Sun Life Banking & PSU Debt Fund  - DIRECT - IDCW,106.7901,Aditya Birla Sun Life Mutual Fund,Debt Scheme - Banking and PSU Fund
2025-05-15,119551,Aditya Birla Sun Life Banking & PSU Debt Fund  - DIRECT - IDCW,106.9055,Aditya Birla Sun Life Mutual Fund,Debt Scheme - Banking and PSU Fund
2025-05-16,119551,Aditya Birla Sun Life Banking & PSU Debt Fund  - DIRECT - IDCW,107.0688,Aditya Birla Sun Life Mutual Fund,Debt Scheme - Banking and PSU Fund
2025-05-19,119551,Aditya Birla Sun Life Banking & PSU Debt Fund  - DIRECT - IDCW,107.1766,Aditya Birla Sun Life Mutual Fund,Debt Scheme - Banking and PSU Fund
2025-05-20,119551,Aditya Birla Sun Life Banking & PSU Debt Fund  - DIRECT - IDCW,107.2867,Aditya Birla Sun Life Mutual Fund,Debt Scheme - Banking and PSU Fund
2025-05-21,119551,Aditya Birla Sun Life Banking & PSU Debt Fund  - DIRECT - IDCW,107.4878,Aditya Birla Sun Life Mutual Fund,Debt Scheme - Banking and PSU Fund
2025-05-22,119551,Aditya Birla Sun Life Banking & PSU Debt Fund  - DIRECT - IDCW,107.5193,Aditya Birla Sun Life Mutual Fund,Debt Scheme - Banking and PSU Fund
2025-05-23,119551,Aditya Birla Sun Life Banking & PSU Debt Fund  - DIRECT - IDCW,107.5534,Aditya Birla Sun Life Mutual Fund,Debt Scheme - Banking and PSU Fund
2025-05-26,119551,Aditya Birla Sun Life Banking & PSU Debt Fund  - DIRECT - IDCW,107.6218,Aditya Birla Sun Life Mutual Fund,Debt Scheme - Banking and PSU Fund
2025-05-27,119551,Aditya Birla Sun Life Banking & PSU Debt Fund  - DIRECT - IDCW,107.6329,Aditya Birla Sun Life Mutual Fund,Debt Scheme - Banking and PSU Fund
2025-05-28,119551,Aditya Birla Sun Life Banking & PSU Debt Fund  - DIRECT - IDCW,107.6822,Aditya Birla Sun Life Mutual Fund,Debt Scheme - Banking and PSU Fund
2025-05-29,119551,Aditya Birla Sun Life Banking & PSU Debt Fund  - DIRECT - IDCW,107.6883,Aditya Birla Sun Life Mutual Fund,Debt Scheme - Banking and PSU Fund
2025-05-30,119551,Aditya Birla Sun Life Banking & PSU Debt Fund  - DIRECT - IDCW,107.657,Aditya Birla Sun Life Mutual Fund,Debt Scheme - Banking and PSU Fund
2025-06-02,119551,Aditya Birla Sun Life Banking & PSU Debt Fund  - DIRECT - IDCW,107.7103,Aditya Birla Sun Life Mutual Fund,Debt Scheme - Banking and PSU Fund
2025-06-03,119551,Aditya Birla Sun Life Banking & PSU Debt Fund  - DIRECT - IDCW,107.7345,Aditya Birla Sun Life Mutual Fund,Debt Scheme - Banking and PSU Fund
2025-06-04,119551,Aditya Birla Sun Life Banking & PSU Debt Fund  - DIRECT - IDCW,107.7469,Aditya Birla Sun Life Mutual Fund,Debt Scheme - Banking and PSU Fund
2025-06-05,119551,Aditya Birla Sun Life Banking & PSU Debt Fund  - DIRECT - IDCW,107.7812,Aditya Birla Sun Life Mutual Fund,Debt Scheme - Banking and PSU Fund
2025-06-06,119551,Aditya Birla Sun Life Banking & PSU Debt Fund  - DIRECT - IDCW,108.0092,Aditya Birla Sun Life Mutual Fund,Debt Scheme - Banking and PSU Fund
2025-06-09,119551,Aditya Birla Sun Life Banking & PSU Debt Fund  - DIRECT - IDCW,107.886,Aditya Birla Sun Life Mutual Fund,Debt Scheme - Banking and PSU Fund
2025-06-10,119551,Aditya Birla Sun Life Banking & PSU Debt Fund  - DIRECT - IDCW,107.6421,Aditya Birla Sun Life Mutual Fund,Debt Scheme - Banking and PSU Fund
2025-06-11,119551,Aditya Birla Sun Life Banking & PSU Debt Fund  - DIRECT - IDCW,107.5439,Aditya Birla Sun Life Mutual Fund,Debt Scheme - Banking and PSU Fund
2025-06-12,119551,Aditya Birla Sun Life Banking & PSU Debt Fund  - DIRECT - IDCW,107.4825,Aditya Birla Sun Life Mutual Fund,Debt Scheme - Banking and PSU Fund
2025-06-13,119551,Aditya Birla Sun Life Banking & PSU Debt Fund  - DIRECT - IDCW,107.3575,Aditya Birla Sun Life Mutual Fund,Debt Scheme - Banking and PSU Fund
2025-06-16,119551,Aditya Birla Sun Life Banking & PSU Debt Fund  - DIRECT - IDCW,107.4387,Aditya Birla Sun Life Mutual Fund,Debt Scheme - Banking and PSU Fund
2025-06-17,119551,Aditya Birla Sun Life Banking & PSU Debt Fund  - DIRECT - IDCW,107.5644,Aditya Birla Sun Life Mutual Fund,Debt Scheme - Banking and PSU Fund
2025-06-18,119551,Aditya Birla Sun Life Banking & PSU Debt Fund  - DIRECT - IDCW,107.5716,Aditya Birla Sun Life Mutual Fund,Debt Scheme - Banking and PSU Fund
2025-06-19,119551,Aditya Birla Sun Life Banking & PSU Debt Fund  - DIRECT - IDCW,107.4465,Aditya Birla Sun Life Mutual Fund,Debt Scheme - Banking and PSU Fund
2025-06-20,119551,Aditya Birla Sun Life Banking & PSU Debt Fund  - DIRECT - IDCW,107.4384,Aditya Birla Sun Life Mutual Fund,Debt Scheme - Banking and PSU Fund
2025-06-23,119551,Aditya Birla Sun Life Banking & PSU Debt Fund  - DIRECT - IDCW,107.4577,Aditya Birla Sun Life Mutual Fund,Debt Scheme - Banking and PSU Fund
2025-06-24,119551,Aditya Birla Sun Life Banking & PSU Debt Fund  - DIRECT - IDCW,107.5733,Aditya Birla Sun Life Mutual Fund,Debt Scheme - Banking and PSU Fund
2025-06-25,119551,Aditya Birla Sun Life Banking & PSU Debt Fund  - DIRECT - IDCW,107.511,Aditya Birla Sun Life Mutual Fund,Debt Scheme - Banking and PSU Fund
2025-06-26,119551,Aditya Birla Sun Life Banking & PSU Debt Fund  - DIRECT - IDCW,107.5011,Aditya Birla Sun Life Mutual Fund,Debt Scheme - Banking and PSU Fund
2025-06-27,119551,Aditya Birla Sun Life Banking & PSU Debt Fund  - DIRECT - IDCW,107.4878,Aditya Birla Sun Life Mutual Fund,Debt Scheme - Banking and PSU Fund
2025-06-30,119551,Aditya Birla Sun Life Banking & PSU Debt Fund  - DIRECT - IDCW,107.5767,Aditya Birla Sun Life Mutual Fund,Debt Scheme - Banking and PSU Fund
2025-07-01,119551,Aditya Birla Sun Life Banking & PSU Debt Fund  - DIRECT - IDCW,107.6624,Aditya Birla Sun Life Mutual Fund,Debt Scheme - Banking and PSU Fund
2025-07-02,119551,Aditya Birla Sun Life Banking & PSU Debt Fund  - DIRECT - IDCW,107.7677,Aditya Birla Sun Life Mutual Fund,Debt Scheme - Banking and PSU Fund
2025-07-03,119551,Aditya Birla Sun Life Banking & PSU Debt Fund  - DIRECT - IDCW,107.8552,Aditya Birla Sun Life Mutual Fund,Debt Scheme - Banking and PSU Fund
2025-07-04,119551,Aditya Birla Sun Life Banking & PSU Debt Fund  - DIRECT - IDCW,107.8466,Aditya Birla Sun Life Mutual Fund,Debt Scheme - Banking and PSU Fund
2025-07-07,119551,Aditya Birla Sun Life Banking & PSU Debt Fund  - DIRECT - IDCW,107.9243,Aditya Birla Sun Life Mutual Fund,Debt Scheme - Banking and PSU Fund
2025-07-08,119551,Aditya Birla Sun Life Banking & PSU Debt Fund  - DIRECT - IDCW,107.9198,Aditya Birla Sun Life Mutual Fund,Debt Scheme - Banking and PSU Fund
2025-07-09,119551,Aditya Birla Sun Life Banking & PSU Debt Fund  - DIRECT - IDCW,107.8924,Aditya Birla Sun Life Mutual Fund,Debt Scheme - Banking and PSU Fund
2025-07-10,119551,Aditya Birla Sun Life Banking & PSU Debt Fund  - DIRECT - IDCW,107.8928,Aditya Birla Sun Life Mutual Fund,Debt Scheme - Banking and PSU Fund
2025-07-11,119551,Aditya Birla Sun Life Banking & PSU Debt Fund  - DIRECT - IDCW,107.9125,Aditya Birla Sun Life Mutual Fund,Debt Scheme - Banking and PSU Fund
2025-07-14,119551,Aditya Birla Sun Life Banking & PSU Debt Fund  - DIRECT - IDCW,107.9617,Aditya Birla Sun Life Mutual Fund,Debt Scheme - Banking and PSU Fund
2025-07-15,119551,Aditya Birla Sun Life Banking & PSU Debt Fund  - DIRECT - IDCW,107.962,Aditya Birla Sun Life Mutual Fund,Debt Scheme - Banking and PSU Fund
2025-07-16,119551,Aditya Birla Sun Life Banking & PSU Debt Fund  - DIRECT - IDCW,107.9658,Aditya Birla Sun Life Mutual Fund,Debt Scheme - Banking and PSU Fund
2025-07-17,119551,Aditya Birla Sun Life Banking & PSU Debt Fund  - DIRECT - IDCW,108.0272,Aditya Birla Sun Life Mutual Fund,Debt Scheme - Banking and PSU Fund
2025-07-18,119551,Aditya Birla Sun Life Banking & PSU Debt Fund  - DIRECT - IDCW,108.1161,Aditya Birla Sun Life Mutual Fund,Debt Scheme - Banking and PSU Fund
2025-07-21,119551,Aditya Birla Sun Life Banking & PSU Debt Fund  - DIRECT - IDCW,108.1729,Aditya Birla Sun Life Mutual Fund,Debt Scheme - Banking and PSU Fund
2025-07-22,119551,Aditya Birla Sun Life Banking & PSU Debt Fund  - DIRECT - IDCW,108.1979,Aditya Birla Sun Life Mutual Fund,Debt Scheme - Banking and PSU Fund
2025-07-23,119551,Aditya Birla Sun Life Banking & PSU Debt Fund  - DIRECT - IDCW,108.2277,Aditya Birla Sun Life Mutual Fund,Debt Scheme - Banking and PSU Fund
2025-07-24,119551,Aditya Birla Sun Life Banking & PSU Debt Fund  - DIRECT - IDCW,108.2573,Aditya Birla Sun Life Mutual Fund,Debt Scheme - Banking and PSU Fund
2025-07-25,119551,Aditya Birla Sun Life Banking & PSU Debt Fund  - DIRECT - IDCW,108.1982,Aditya Birla Sun Life Mutual Fund,Debt Scheme - Banking and PSU Fund
2025-07-28,119551,Aditya Birla Sun Life Banking & PSU Debt Fund  - DIRECT - IDCW,108.2193,Aditya Birla Sun Life Mutual Fund,Debt Scheme - Banking and PSU Fund
2025-07-29,119551,Aditya Birla Sun Life Banking & PSU Debt Fund  - DIRECT - IDCW,108.1828,Aditya Birla Sun Life Mutual Fund,Debt Scheme - Banking and PSU Fund
2025-07-30,119551,Aditya Birla Sun Life Banking & PSU Debt Fund  - DIRECT - IDCW,108.1757,Aditya Birla Sun Life Mutual Fund,Debt Scheme - Banking and PSU Fund
2025-07-31,119551,Aditya Birla Sun Life Banking & PSU Debt Fund  - DIRECT - IDCW,108.2167,Aditya Birla Sun Life Mutual Fund,Debt Scheme - Banking and PSU Fund
2025-08-01,119551,Aditya Birla Sun Life Banking & PSU Debt Fund  - DIRECT - IDCW,108.2952,Aditya Birla Sun Life Mutual Fund,Debt Scheme - Banking and PSU Fund
2025-08-04,119551,Aditya Birla Sun Life Banking & PSU Debt Fund  - DIRECT - IDCW,108.4355,Aditya Birla Sun Life Mutual Fund,Debt Scheme - Banking and PSU Fund
2025-08-05,119551,Aditya Birla Sun Life Banking & PSU Debt Fund  - DIRECT - IDCW,108.4412,Aditya Birla Sun Life Mutual Fund,Debt Scheme - Banking and PSU Fund
2025-08-06,119551,Aditya Birla Sun Life Banking & PSU Debt Fund  - DIRECT - IDCW,108.2153,Aditya Birla Sun Life Mutual Fund,Debt Scheme - Banking and PSU Fund
2025-08-07,119551,Aditya Birla Sun Life Banking & PSU Debt Fund  - DIRECT - IDCW,108.2611,Aditya Birla Sun Life Mutual Fund,Debt Scheme - Banking and PSU Fund
2025-08-08,119551,Aditya Birla Sun Life Banking & PSU Debt Fund  - DIRECT - IDCW,108.2726,Aditya Birla Sun Life Mutual Fund,Debt Scheme - Banking and PSU Fund
2025-08-11,119551,Aditya Birla Sun Life Banking & PSU Debt Fund  - DIRECT - IDCW,108.2018,Aditya Birla Sun Life Mutual Fund,Debt Scheme - Banking and PSU Fund
2025-08-12,119551,Aditya Birla Sun Life Banking & PSU Debt Fund  - DIRECT - IDCW,108.049,Aditya Birla Sun Life Mutual Fund,Debt Scheme - Banking and PSU Fund
2025-08-13,119551,Aditya Birla Sun Life Banking & PSU Debt Fund  - DIRECT - IDCW,107.9901,Aditya Birla Sun Life Mutual Fund,Debt Scheme - Banking and PSU Fund
2025-08-14,119551,Aditya Birla Sun Life Banking & PSU Debt Fund  - DIRECT - IDCW,108.1543,Aditya Birla Sun Life Mutual Fund,Debt Scheme - Banking and PSU Fund
2025-08-18,119551,Aditya Birla Sun Life Banking & PSU Debt Fund  - DIRECT - IDCW,108.1271,Aditya Birla Sun Life Mutual Fund,Debt Scheme - Banking and PSU Fund
2025-08-19,119551,Aditya Birla Sun Life Banking & PSU Debt Fund  - DIRECT - IDCW,108.0083,Aditya Birla Sun Life Mutual Fund,Debt Scheme - Banking and PSU Fund
2025-08-20,119551,Aditya Birla Sun Life Banking & PSU Debt Fund  - DIRECT - IDCW,108.0899,Aditya Birla Sun Life Mutual Fund,Debt Scheme - Banking and PSU Fund
2025-08-21,119551,Aditya Birla Sun Life Banking & PSU Debt Fund  - DIRECT - IDCW,108.0985,Aditya Birla Sun Life Mutual Fund,Debt Scheme - Banking and PSU Fund
2025-08-22,119551,Aditya Birla Sun Life Banking & PSU Debt Fund  - DIRECT - IDCW,108.1096,Aditya Birla Sun Life Mutual Fund,Debt Scheme - Banking and PSU Fund
2025-08-25,119551,Aditya Birla Sun Life Banking & PSU Debt Fund  - DIRECT - IDCW,108.1037,Aditya Birla Sun Life Mutual Fund,Debt Scheme - Banking and PSU Fund
2025-08-26,119551,Aditya Birla Sun Life Banking & PSU Debt Fund  - DIRECT - IDCW,107.9266,Aditya Birla Sun Life Mutual Fund,Debt Scheme - Banking and PSU Fund
2025-08-28,119551,Aditya Birla Sun Life Banking & PSU Debt Fund  - DIRECT - IDCW,108.066,Aditya Birla Sun Life Mutual Fund,Debt Scheme - Banking and PSU Fund
2025-08-29,119551,Aditya Birla Sun Life Banking & PSU Debt Fund  - DIRECT - IDCW,108.0297,Aditya Birla Sun Life Mutual Fund,Debt Scheme - Banking and PSU Fund
2025-09-01,119551,Aditya Birla Sun Life Banking & PSU Debt Fund  - DIRECT - IDCW,108.0373,Aditya Birla Sun Life Mutual Fund,Debt Scheme - Banking and PSU Fund
2025-09-02,119551,Aditya Birla Sun Life Banking & PSU Debt Fund  - DIRECT - IDCW,108.0088,Aditya Birla Sun Life Mutual Fund,Debt Scheme - Banking and PSU Fund
2025-09-03,119551,Aditya Birla Sun Life Banking & PSU Debt Fund  - DIRECT - IDCW,108.0471,Aditya Birla Sun Life Mutual Fund,Debt Scheme - Banking and PSU Fund
2025-09-04,119551,Aditya Birla Sun Life Banking & PSU Debt Fund  - DIRECT - IDCW,108.1379,Aditya Birla Sun Life Mutual Fund,Debt Scheme - Banking and PSU Fund
2025-09-05,119551,Aditya Birla Sun Life Banking & PSU Debt Fund  - DIRECT - IDCW,108.245,Aditya Birla Sun Life Mutual Fund,Debt Scheme - Banking and PSU Fund
2025-09-09,119551,Aditya Birla Sun Life Banking & PSU Debt Fund  - DIRECT - IDCW,108.3519,Aditya Birla Sun Life Mutual Fund,Debt Scheme - Banking and PSU Fund
2025-09-10,119551,Aditya Birla Sun Life Banking & PSU Debt Fund  - DIRECT - IDCW,108.3574,Aditya Birla Sun Life Mutual Fund,Debt Scheme - Banking and PSU Fund
2025-09-11,119551,Aditya Birla Sun Life Banking & PSU Debt Fund  - DIRECT - IDCW,108.369,Aditya Birla Sun Life Mutual Fund,Debt Scheme - Banking and PSU Fund
2025-09-12,119551,Aditya Birla Sun Life Banking & PSU Debt Fund  - DIRECT - IDCW,108.4006,Aditya Birla Sun Life Mutual Fund,Debt Scheme - Banking and PSU Fund
2025-09-15,119551,Aditya Birla Sun Life Banking & PSU Debt Fund  - DIRECT - IDCW,108.3802,Aditya Birla Sun Life Mutual Fund,Debt Scheme - Banking and PSU Fund
2025-09-16,119551,Aditya Birla Sun Life Banking & PSU Debt Fund  - DIRECT - IDCW,108.3787,Aditya Birla Sun Life Mutual Fund,Debt Scheme - Banking and PSU Fund
2025-09-17,119551,Aditya Birla Sun Life Banking & PSU Debt Fund  - DIRECT - IDCW,108.4538,Aditya Birla Sun Life Mutual Fund,Debt Scheme - Banking and PSU Fund
2025-09-18,119551,Aditya Birla Sun Life Banking & PSU Debt Fund  - DIRECT - IDCW,108.4552,Aditya Birla Sun Life Mutual Fund,Debt Scheme - Banking and PSU Fund
2025-09-19,119551,Aditya Birla Sun Life Banking & PSU Debt Fund  - DIRECT - IDCW,108.4428,Aditya Birla Sun Life Mutual Fund,Debt Scheme - Banking and PSU Fund
2025-09-22,119551,Aditya Birla Sun Life Banking & PSU Debt Fund  - DIRECT - IDCW,108.5131,Aditya Birla Sun Life Mutual Fund,Debt Scheme - Banking and PSU Fund
2025-09-23,119551,Aditya Birla Sun Life Banking & PSU Debt Fund  - DIRECT - IDCW,108.5708,Aditya Birla Sun Life Mutual Fund,Debt Scheme - Banking and PSU Fund
2025-09-24,119551,Aditya Birla Sun Life Banking & PSU Debt Fund  - DIRECT - IDCW,108.5859,Aditya Birla Sun Life Mutual Fund,Debt Scheme - Banking and PSU Fund
2025-09-25,119551,Aditya Birla Sun Life Banking & PSU Debt Fund  - DIRECT - IDCW,108.617,Aditya Birla Sun Life Mutual Fund,Debt Scheme - Banking and PSU Fund
2025-09-26,119551,Aditya Birla Sun Life Banking & PSU Debt Fund  - DIRECT - IDCW,108.6702,Aditya Birla Sun Life Mutual Fund,Debt Scheme - Banking and PSU Fund
2025-09-30,119551,Aditya Birla Sun Life Banking & PSU Debt Fund  - DIRECT - IDCW,108.7397,Aditya Birla Sun Life Mutual Fund,Debt Scheme - Banking and PSU Fund
2025-10-01,119551,Aditya Birla Sun Life Banking & PSU Debt Fund  - DIRECT - IDCW,108.8285,Aditya Birla Sun Life Mutual Fund,Debt Scheme - Banking and PSU Fund
2025-10-03,119551,Aditya Birla Sun Life Banking & PSU Debt Fund  - DIRECT - IDCW,108.9591,Aditya Birla Sun Life Mutual Fund,Debt Scheme - Banking and PSU Fund
2025-10-06,119551,Aditya Birla Sun Life Banking & PSU Debt Fund  - DIRECT - IDCW,109.0926,Aditya Birla Sun Life Mutual Fund,Debt Scheme - Banking and PSU Fund
2025-10-07,119551,Aditya Birla Sun Life Banking & PSU Debt Fund  - DIRECT - IDCW,109.2045,Aditya Birla Sun Life Mutual Fund,Debt Scheme - Banking and PSU Fund
2025-10-08,119551,Aditya Birla Sun Life Banking & PSU Debt Fund  - DIRECT - IDCW,109.2524,Aditya Birla Sun Life Mutual Fund,Debt Scheme - Banking and PSU Fund
2025-10-09,119551,Aditya Birla Sun Life Banking & PSU Debt Fund  - DIRECT - IDCW,109.2597,Aditya Birla Sun Life Mutual Fund,Debt Scheme - Banking and PSU Fund
2025-10-10,119551,Aditya Birla Sun Life Banking & PSU Debt Fund  - DIRECT - IDCW,109.2852,Aditya Birla Sun Life Mutual Fund,Debt Scheme - Banking and PSU Fund
2025-10-13,119551,Aditya Birla Sun Life Banking & PSU Debt Fund  - DIRECT - IDCW,109.3763,Aditya Birla Sun Life Mutual Fund,Debt Scheme - Banking and PSU Fund
2025-10-14,119551,Aditya Birla Sun Life Banking & PSU Debt Fund  - DIRECT - IDCW,109.4088,Aditya Birla Sun Life Mutual Fund,Debt Scheme - Banking and PSU Fund
2025-10-15,119551,Aditya Birla Sun Life Banking & PSU Debt Fund  - DIRECT - IDCW,109.4754,Aditya Birla Sun Life Mutual Fund,Debt Scheme - Banking and PSU Fund
2025-10-16,119551,Aditya Birla Sun Life Banking & PSU Debt Fund  - DIRECT - IDCW,109.5131,Aditya Birla Sun Life Mutual Fund,Debt Scheme - Banking and PSU Fund
2025-10-17,119551,Aditya Birla Sun Life Banking & PSU Debt Fund  - DIRECT - IDCW,109.5844,Aditya Birla Sun Life Mutual Fund,Debt Scheme - Banking and PSU Fund
2025-10-20,119551,Aditya Birla Sun Life Banking & PSU Debt Fund  - DIRECT - IDCW,109.6155,Aditya Birla Sun Life Mutual Fund,Debt Scheme - Banking and PSU Fund
2025-10-23,119551,Aditya Birla Sun Life Banking & PSU Debt Fund  - DIRECT - IDCW,109.5817,Aditya Birla Sun Life Mutual Fund,Debt Scheme - Banking and PSU Fund
2025-10-24,119551,Aditya Birla Sun Life Banking & PSU Debt Fund  - DIRECT - IDCW,109.5673,Aditya Birla Sun Life Mutual Fund,Debt Scheme - Banking and PSU Fund
2025-10-27,119551,Aditya Birla Sun Life Banking & PSU Debt Fund  - DIRECT - IDCW,109.6125,Aditya Birla Sun Life Mutual Fund,Debt Scheme - Banking and PSU Fund
2025-10-28,119551,Aditya Birla Sun Life Banking & PSU Debt Fund  - DIRECT - IDCW,109.6404,Aditya Birla Sun Life Mutual Fund,Debt Scheme - Banking and PSU Fund
2025-10-29,119551,Aditya Birla Sun Life Banking & PSU Debt Fund  - DIRECT - IDCW,109.6934,Aditya Birla Sun Life Mutual Fund,Debt Scheme - Banking and PSU Fund
2025-10-30,119551,Aditya Birla Sun Life Banking & PSU Debt Fund  - DIRECT - IDCW,109.6521,Aditya Birla Sun Life Mutual Fund,Debt Scheme - Banking and PSU Fund
2025-10-31,119551,Aditya Birla Sun Life Banking & PSU Debt Fund  - DIRECT - IDCW,109.6768,Aditya Birla Sun Life Mutual Fund,Debt Scheme - Banking and PSU Fund
2025-11-03,119551,Aditya Birla Sun Life Banking & PSU Debt Fund  - DIRECT - IDCW,109.7548,Aditya Birla Sun Life Mutual Fund,Debt Scheme - Banking and PSU Fund
2025-11-04,119551,Aditya Birla Sun Life Banking & PSU Debt Fund  - DIRECT - IDCW,109.7941,Aditya Birla Sun Life Mutual Fund,Debt Scheme - Banking and PSU Fund
2025-11-06,119551,Aditya Birla Sun Life Banking & PSU Debt Fund  - DIRECT - IDCW,109.8337,Aditya Birla Sun Life Mutual Fund,Debt Scheme - Banking and PSU Fund
2025-11-07,119551,Aditya Birla Sun Life Banking & PSU Debt Fund  - DIRECT - IDCW,109.8609,Aditya Birla Sun Life Mutual Fund,Debt Scheme - Banking and PSU Fund
2025-11-10,119551,Aditya Birla Sun Life Banking & PSU Debt Fund  - DIRECT - IDCW,109.925,Aditya Birla Sun Life Mutual Fund,Debt Scheme - Banking and PSU Fund
2025-11-11,119551,Aditya Birla Sun Life Banking & PSU Debt Fund  - DIRECT - IDCW,109.961,Aditya Birla Sun Life Mutual Fund,Debt Scheme - Banking and PSU Fund
2025-11-12,119551,Aditya Birla Sun Life Banking & PSU Debt Fund  - DIRECT - IDCW,109.9947,Aditya Birla Sun Life Mutual Fund,Debt Scheme - Banking and PSU Fund
2025-11-13,119551,Aditya Birla Sun Life Banking & PSU Debt Fund  - DIRECT - IDCW,109.9907,Aditya Birla Sun Life Mutual Fund,Debt Scheme - Banking and PSU Fund
2025-11-14,119551,Aditya Birla Sun Life Banking & PSU Debt Fund  - DIRECT - IDCW,109.9725,Aditya Birla Sun Life Mutual Fund,Debt Scheme - Banking and PSU Fund
2025-11-17,119551,Aditya Birla Sun Life Banking & PSU Debt Fund  - DIRECT - IDCW,109.9756,Aditya Birla Sun Life Mutual Fund,Debt Scheme - Banking and PSU Fund
2025-11-18,119551,Aditya Birla Sun Life Banking & PSU Debt Fund  - DIRECT - IDCW,110.0205,Aditya Birla Sun Life Mutual Fund,Debt Scheme - Banking and PSU Fund
2025-11-19,119551,Aditya Birla Sun Life Banking & PSU Debt Fund  - DIRECT - IDCW,110.0771,Aditya Birla Sun Life Mutual Fund,Debt Scheme - Banking and PSU Fund
2025-11-20,119551,Aditya Birla Sun Life Banking & PSU Debt Fund  - DIRECT - IDCW,110.0882,Aditya Birla Sun Life Mutual Fund,Debt Scheme - Banking and PSU Fund
2025-11-21,119551,Aditya Birla Sun Life Banking & PSU Debt Fund  - DIRECT - IDCW,110.0708,Aditya Birla Sun Life Mutual Fund,Debt Scheme - Banking and PSU Fund
2025-11-24,119551,Aditya Birla Sun Life Banking & PSU Debt Fund  - DIRECT - IDCW,110.1322,Aditya Birla Sun Life Mutual Fund,Debt Scheme - Banking and PSU Fund
2025-11-25,119551,Aditya Birla Sun Life Banking & PSU Debt Fund  - DIRECT - IDCW,110.1924,Aditya Birla Sun Life Mutual Fund,Debt Scheme - Banking and PSU Fund
2025-11-26,119551,Aditya Birla Sun Life Banking & PSU Debt Fund  - DIRECT - IDCW,110.2658,Aditya Birla Sun Life Mutual Fund,Debt Scheme - Banking and PSU Fund
2025-11-27,119551,Aditya Birla Sun Life Banking & PSU Debt Fund  - DIRECT - IDCW,110.2743,Aditya Birla Sun Life Mutual Fund,Debt Scheme - Banking and PSU Fund
2025-11-28,119551,Aditya Birla Sun Life Banking & PSU Debt Fund  - DIRECT - IDCW,110.2615,Aditya Birla Sun Life Mutual Fund,Debt Scheme - Banking and PSU Fund
2025-12-01,119551,Aditya Birla Sun Life Banking & PSU Debt Fund  - DIRECT - IDCW,110.211,Aditya Birla Sun Life Mutual Fund,Debt Scheme - Banking and PSU Fund
2025-12-02,119551,Aditya Birla Sun Life Banking & PSU Debt Fund  - DIRECT - IDCW,110.2349,Aditya Birla Sun Life Mutual Fund,Debt Scheme - Banking and PSU Fund
2025-12-03,119551,Aditya Birla Sun Life Banking & PSU Debt Fund  - DIRECT - IDCW,110.2362,Aditya Birla Sun Life Mutual Fund,Debt Scheme - Banking and PSU Fund
2025-12-04,119551,Aditya Birla Sun Life Banking & PSU Debt Fund  - DIRECT - IDCW,110.235,Aditya Birla Sun Life Mutual Fund,Debt Scheme - Banking and PSU Fund
2025-12-05,119551,Aditya Birla Sun Life Banking & PSU Debt Fund  - DIRECT - IDCW,110.3373,Aditya Birla Sun Life Mutual Fund,Debt Scheme - Banking and PSU Fund
2025-12-08,119551,Aditya Birla Sun Life Banking & PSU Debt Fund  - DIRECT - IDCW,110.3299,Aditya Birla Sun Life Mutual Fund,Debt Scheme - Banking and PSU Fund
2025-12-09,119551,Aditya Birla Sun Life Banking & PSU Debt Fund  - DIRECT - IDCW,110.1852,Aditya Birla Sun Life Mutual Fund,Debt Scheme - Banking and PSU Fund
2025-12-10,119551,Aditya Birla Sun Life Banking & PSU Debt Fund  - DIRECT - IDCW,110.0466,Aditya Birla Sun Life Mutual Fund,Debt Scheme - Banking and PSU Fund
2025-12-11,119551,Aditya Birla Sun Life Banking & PSU Debt Fund  - DIRECT - IDCW,110.0609,Aditya Birla Sun Life Mutual Fund,Debt Scheme - Banking and PSU Fund
2025-12-12,119551,Aditya Birla Sun Life Banking & PSU Debt Fund  - DIRECT - IDCW,110.0652,Aditya Birla Sun Life Mutual Fund,Debt Scheme - Banking and PSU Fund
2025-12-15,119551,Aditya Birla Sun Life Banking & PSU Debt Fund  - DIRECT - IDCW,109.9944,Aditya Birla Sun Life Mutual Fund,Debt Scheme - Banking and PSU Fund
2025-12-16,119551,Aditya Birla Sun Life Banking & PSU Debt Fund  - DIRECT - IDCW,110.0261,Aditya Birla Sun Life Mutual Fund,Debt Scheme - Banking and PSU Fund
2025-12-17,119551,Aditya Birla Sun Life Banking & PSU Debt Fund  - DIRECT - IDCW,110.0266,Aditya Birla Sun Life Mutual Fund,Debt Scheme - Banking and PSU Fund
2025-12-18,119551,Aditya Birla Sun Life Banking & PSU Debt Fund  - DIRECT - IDCW,110.0195,Aditya Birla Sun Life Mutual Fund,Debt Scheme - Banking and PSU Fund
2025-12-19,119551,Aditya Birla Sun Life Banking & PSU Debt Fund  - DIRECT - IDCW,110.0403,Aditya Birla Sun Life Mutual Fund,Debt Scheme - Banking and PSU Fund
2025-12-22,119551,Aditya Birla Sun Life Banking & PSU Debt Fund  - DIRECT - IDCW,110.0241,Aditya Birla Sun Life Mutual Fund,Debt Scheme - Banking and PSU Fund
2025-12-23,119551,Aditya Birla Sun Life Banking & PSU Debt Fund  - DIRECT - IDCW,109.9954,Aditya Birla Sun Life Mutual Fund,Debt Scheme - Banking and PSU Fund
2025-12-24,119551,Aditya Birla Sun Life Banking & PSU Debt Fund  - DIRECT - IDCW,110.2079,Aditya Birla Sun Life Mutual Fund,Debt Scheme - Banking and PSU Fund
2025-12-26,119551,Aditya Birla Sun Life Banking & PSU Debt Fund  - DIRECT - IDCW,110.2247,Aditya Birla Sun Life Mutual Fund,Debt Scheme - Banking and PSU Fund
2025-12-29,119551,Aditya Birla Sun Life Banking & PSU Debt Fund  - DIRECT - IDCW,110.2799,Aditya Birla Sun Life Mutual Fund,Debt Scheme - Banking and PSU Fund
2025-12-30,119551,Aditya Birla Sun Life Banking & PSU Debt Fund  - DIRECT - IDCW,110.2176,Aditya Birla Sun Life Mutual Fund,Debt Scheme - Banking and PSU Fund
2025-12-31,119551,Aditya Birla Sun Life Banking & PSU Debt Fund  - DIRECT - IDCW,110.3212,Aditya Birla Sun Life Mutual Fund,Debt Scheme - Banking and PSU Fund
2026-01-01,119551,Aditya Birla Sun Life Banking & PSU Debt Fund  - DIRECT - IDCW,110.3493,Aditya Birla Sun Life Mutual Fund,Debt Scheme - Banking and PSU Fund
2026-01-02,119551,Aditya Birla Sun Life Banking & PSU Debt Fund  - DIRECT - IDCW,110.3333,Aditya Birla Sun Life Mutual Fund,Debt Scheme - Banking and PSU Fund
2026-01-05,119551,Aditya Birla Sun Life Banking & PSU Debt Fund  - DIRECT - IDCW,110.2498,Aditya Birla Sun Life Mutual Fund,Debt Scheme - Banking and PSU Fund
2026-01-06,119551,Aditya Birla Sun Life Banking & PSU Debt Fund  - DIRECT - IDCW,110.2647,Aditya Birla Sun Life Mutual Fund,Debt Scheme - Banking and PSU Fund
2026-01-07,119551,Aditya Birla Sun Life Banking & PSU Debt Fund  - DIRECT - IDCW,110.2175,Aditya Birla Sun Life Mutual Fund,Debt Scheme - Banking and PSU Fund
2026-01-08,119551,Aditya Birla Sun Life Banking & PSU Debt Fund  - DIRECT - IDCW,110.2218,Aditya Birla Sun Life Mutual Fund,Debt Scheme - Banking and PSU Fund
2026-01-09,119551,Aditya Birla Sun Life Banking & PSU Debt Fund  - DIRECT - IDCW,110.2327,Aditya Birla Sun Life Mutual Fund,Debt Scheme - Banking and PSU Fund
2026-01-12,119551,Aditya Birla Sun Life Banking & PSU Debt Fund  - DIRECT - IDCW,110.2974,Aditya Birla Sun Life Mutual Fund,Debt Scheme - Banking and PSU Fund
2026-01-13,119551,Aditya Birla Sun Life Banking & PSU Debt Fund  - DIRECT - IDCW,110.1878,Aditya Birla Sun Life Mutual Fund,Debt Scheme - Banking and PSU Fund
2026-01-14,119551,Aditya Birla Sun Life Banking & PSU Debt Fund  - DIRECT - IDCW,110.1286,Aditya Birla Sun Life Mutual Fund,Debt Scheme - Banking and PSU Fund
2026-01-16,119551,Aditya Birla Sun Life Banking & PSU Debt Fund  - DIRECT - IDCW,110.0107,Aditya Birla Sun Life Mutual Fund,Debt Scheme - Banking and PSU Fund
2026-01-19,119551,Aditya Birla Sun Life Banking & PSU Debt Fund  - DIRECT - IDCW,109.9742,Aditya Birla Sun Life Mutual Fund,Debt Scheme - Banking and PSU Fund
2026-01-20,119551,Aditya Birla Sun Life Banking & PSU Debt Fund  - DIRECT - IDCW,109.9385,Aditya Birla Sun Life Mutual Fund,Debt Scheme - Banking and PSU Fund
2026-01-21,119551,Aditya Birla Sun Life Banking & PSU Debt Fund  - DIRECT - IDCW,109.9438,Aditya Birla Sun Life Mutual Fund,Debt Scheme - Banking and PSU Fund
2026-01-22,119551,Aditya Birla Sun Life Banking & PSU Debt Fund  - DIRECT - IDCW,110.0539,Aditya Birla Sun Life Mutual Fund,Debt Scheme - Banking and PSU Fund
2026-01-23,119551,Aditya Birla Sun Life Banking & PSU Debt Fund  - DIRECT - IDCW,110.0766,Aditya Birla Sun Life Mutual Fund,Debt Scheme - Banking and PSU Fund
2026-01-27,119551,Aditya Birla Sun Life Banking & PSU Debt Fund  - DIRECT - IDCW,110.1078,Aditya Birla Sun Life Mutual Fund,Debt Scheme - Banking and PSU Fund
2026-01-28,119551,Aditya Birla Sun Life Banking & PSU Debt Fund  - DIRECT - IDCW,110.0855,Aditya Birla Sun Life Mutual Fund,Debt Scheme - Banking and PSU Fund
2026-01-29,119551,Aditya Birla Sun Life Banking & PSU Debt Fund  - DIRECT - IDCW,110.0922,Aditya Birla Sun Life Mutual Fund,Debt Scheme - Banking and PSU Fund
2026-01-30,119551,Aditya Birla Sun Life Banking & PSU Debt Fund  - DIRECT - IDCW,110.1903,Aditya Birla Sun Life Mutual Fund,Debt Scheme - Banking and PSU Fund
2026-02-02,119551,Aditya Birla Sun Life Banking & PSU Debt Fund  - DIRECT - IDCW,110.1537,Aditya Birla Sun Life Mutual Fund,Debt Scheme - Banking and PSU Fund
2026-02-03,119551,Aditya Birla Sun Life Banking & PSU Debt Fund  - DIRECT - IDCW,110.296,Aditya Birla Sun Life Mutual Fund,Debt Scheme - Banking and PSU Fund
2026-02-04,119551,Aditya Birla Sun Life Banking & PSU Debt Fund  - DIRECT - IDCW,110.4477,Aditya Birla Sun Life Mutual Fund,Debt Scheme - Banking and PSU Fund
2026-02-05,119551,Aditya Birla Sun Life Banking & PSU Debt Fund  - DIRECT - IDCW,110.5985,Aditya Birla Sun Life Mutual Fund,Debt Scheme - Banking and PSU Fund
2026-02-06,119551,Aditya Birla Sun Life Banking & PSU Debt Fund  - DIRECT - IDCW,110.4173,Aditya Birla Sun Life Mutual Fund,Debt Scheme - Banking and PSU Fund
2026-02-09,119551,Aditya Birla Sun Life Banking & PSU Debt Fund  - DIRECT - IDCW,110.4233,Aditya Birla Sun Life Mutual Fund,Debt Scheme - Banking and PSU Fund
2026-02-10,119551,Aditya Birla Sun Life Banking & PSU Debt Fund  - DIRECT - IDCW,110.4293,Aditya Birla Sun Life Mutual Fund,Debt Scheme - Banking and PSU Fund
2026-02-11,119551,Aditya Birla Sun Life Banking & PSU Debt Fund  - DIRECT - IDCW,110.5056,Aditya Birla Sun Life Mutual Fund,Debt Scheme - Banking and PSU Fund
2026-02-12,119551,Aditya Birla Sun Life Banking & PSU Debt Fund  - DIRECT - IDCW,110.6309,Aditya Birla Sun Life Mutual Fund,Debt Scheme - Banking and PSU Fund
2026-02-13,119551,Aditya Birla Sun Life Banking & PSU Debt Fund  - DIRECT - IDCW,110.7584,Aditya Birla Sun Life Mutual Fund,Debt Scheme - Banking and PSU Fund
2026-02-16,119551,Aditya Birla Sun Life Banking & PSU Debt Fund  - DIRECT - IDCW,110.8409,Aditya Birla Sun Life Mutual Fund,Debt Scheme - Banking and PSU Fund
2026-02-17,119551,Aditya Birla Sun Life Banking & PSU Debt Fund  - DIRECT - IDCW,110.8682,Aditya Birla Sun Life Mutual Fund,Debt Scheme - Banking and PSU Fund
2026-02-18,119551,Aditya Birla Sun Life Banking & PSU Debt Fund  - DIRECT - IDCW,110.8613,Aditya Birla Sun Life Mutual Fund,Debt Scheme - Banking and PSU Fund
2026-02-20,119551,Aditya Birla Sun Life Banking & PSU Debt Fund  - DIRECT - IDCW,110.807,Aditya Birla Sun Life Mutual Fund,Debt Scheme - Banking and PSU Fund
2026-02-23,119551,Aditya Birla Sun Life Banking & PSU Debt Fund  - DIRECT - IDCW,110.8829,Aditya Birla Sun Life Mutual Fund,Debt Scheme - Banking and PSU Fund
2026-02-24,119551,Aditya Birla Sun Life Banking & PSU Debt Fund  - DIRECT - IDCW,110.9394,Aditya Birla Sun Life Mutual Fund,Debt Scheme - Banking and PSU Fund
2026-02-25,119551,Aditya Birla Sun Life Banking & PSU Debt Fund  - DIRECT - IDCW,110.9826,Aditya Birla Sun Life Mutual Fund,Debt Scheme - Banking and PSU Fund
2026-02-26,119551,Aditya Birla Sun Life Banking & PSU Debt Fund  - DIRECT - IDCW,111.0069,Aditya Birla Sun Life Mutual Fund,Debt Scheme - Banking and PSU Fund
2026-02-27,119551,Aditya Birla Sun Life Banking & PSU Debt Fund  - DIRECT - IDCW,111.0261,Aditya Birla Sun Life Mutual Fund,Debt Scheme - Banking and PSU Fund
2026-03-02,119551,Aditya Birla Sun Life Banking & PSU Debt Fund  - DIRECT - IDCW,111.0653,Aditya Birla Sun Life Mutual Fund,Debt Scheme - Banking and PSU Fund
2026-03-04,119551,Aditya Birla Sun Life Banking & PSU Debt Fund  - DIRECT - IDCW,110.9499,Aditya Birla Sun Life Mutual Fund,Debt Scheme - Banking and PSU Fund
2026-03-05,119551,Aditya Birla Sun Life Banking & PSU Debt Fund  - DIRECT - IDCW,111.0534,Aditya Birla Sun Life Mutual Fund,Debt Scheme - Banking and PSU Fund
2026-03-06,119551,Aditya Birla Sun Life Banking & PSU Debt Fund  - DIRECT - IDCW,111.0395,Aditya Birla Sun Life Mutual Fund,Debt Scheme - Banking and PSU Fund
2026-03-09,119551,Aditya Birla Sun Life Banking & PSU Debt Fund  - DIRECT - IDCW,110.9193,Aditya Birla Sun Life Mutual Fund,Debt Scheme - Banking and PSU Fund
2026-03-10,119551,Aditya Birla Sun Life Banking & PSU Debt Fund  - DIRECT - IDCW,111.0484,Aditya Birla Sun Life Mutual Fund,Debt Scheme - Banking and PSU Fund
2026-03-11,119551,Aditya Birla Sun Life Banking & PSU Debt Fund  - DIRECT - IDCW,111.1072,Aditya Birla Sun Life Mutual Fund,Debt Scheme - Banking and PSU Fund
2026-03-12,119551,Aditya Birla Sun Life Banking & PSU Debt Fund  - DIRECT - IDCW,110.9898,Aditya Birla Sun Life Mutual Fund,Debt Scheme - Banking and PSU Fund
2026-03-13,119551,Aditya Birla Sun Life Banking & PSU Debt Fund  - DIRECT - IDCW,110.9287,Aditya Birla Sun Life Mutual Fund,Debt Scheme - Banking and PSU Fund
2026-03-16,119551,Aditya Birla Sun Life Banking & PSU Debt Fund  - DIRECT - IDCW,110.9159,Aditya Birla Sun Life Mutual Fund,Debt Scheme - Banking and PSU Fund
2026-03-17,119551,Aditya Birla Sun Life Banking & PSU Debt Fund  - DIRECT - IDCW,110.9316,Aditya Birla Sun Life Mutual Fund,Debt Scheme - Banking and PSU Fund
2026-03-18,119551,Aditya Birla Sun Life Banking & PSU Debt Fund  - DIRECT - IDCW,110.9985,Aditya Birla Sun Life Mutual Fund,Debt Scheme - Banking and PSU Fund
2026-03-20,119551,Aditya Birla Sun Life Banking & PSU Debt Fund  - DIRECT - IDCW,110.9352,Aditya Birla Sun Life Mutual Fund,Debt Scheme - Banking and PSU Fund
2026-03-23,119551,Aditya Birla Sun Life Banking & PSU Debt Fund  - DIRECT - IDCW,110.6625,Aditya Birla Sun Life Mutual Fund,Debt Scheme - Banking and PSU Fund
2026-03-24,119551,Aditya Birla Sun Life Banking & PSU Debt Fund  - DIRECT - IDCW,103.9816,Aditya Birla Sun Life Mutual Fund,Debt Scheme - Banking and PSU Fund
2026-03-25,119551,Aditya Birla Sun Life Banking & PSU Debt Fund  - DIRECT - IDCW,103.9713,Aditya Birla Sun Life Mutual Fund,Debt Scheme - Banking and PSU Fund
2026-03-27,119551,Aditya Birla Sun Life Banking & PSU Debt Fund  - DIRECT - IDCW,103.9102,Aditya Birla Sun Life Mutual Fund,Debt Scheme - Banking and PSU Fund
2026-03-30,119551,Aditya Birla Sun Life Banking & PSU Debt Fund  - DIRECT - IDCW,103.9921,Aditya Birla Sun Life Mutual Fund,Debt Scheme - Banking and PSU Fund
2026-03-31,119551,Aditya Birla Sun Life Banking & PSU Debt Fund  - DIRECT - IDCW,104.0116,Aditya Birla Sun Life Mutual Fund,Debt Scheme - Banking and PSU Fund
2026-04-02,119551,Aditya Birla Sun Life Banking & PSU Debt Fund  - DIRECT - IDCW,103.8813,Aditya Birla Sun Life Mutual Fund,Debt Scheme - Banking and PSU Fund
2026-04-06,119551,Aditya Birla Sun Life Banking & PSU Debt Fund  - DIRECT - IDCW,103.9142,Aditya Birla Sun Life Mutual Fund,Debt Scheme - Banking and PSU Fund
2026-04-07,119551,Aditya Birla Sun Life Banking & PSU Debt Fund  - DIRECT - IDCW,103.9918,Aditya Birla Sun Life Mutual Fund,Debt Scheme - Banking and PSU Fund
2026-04-08,119551,Aditya Birla Sun Life Banking & PSU Debt Fund  - DIRECT - IDCW,104.3919,Aditya Birla Sun Life Mutual Fund,Debt Scheme - Banking and PSU Fund
2026-04-09,119551,Aditya Birla Sun Life Banking & PSU Debt Fund  - DIRECT - IDCW,104.515,Aditya Birla Sun Life Mutual Fund,Debt Scheme - Banking and PSU Fund
2026-04-10,119551,Aditya Birla Sun Life Banking & PSU Debt Fund  - DIRECT - IDCW,104.5956,Aditya Birla Sun Life Mutual Fund,Debt Scheme - Banking and PSU Fund
2026-04-13,119551,Aditya Birla Sun Life Banking & PSU Debt Fund  - DIRECT - IDCW,104.6113,Aditya Birla Sun Life Mutual Fund,Debt Scheme - Banking and PSU Fund
2026-04-15,119551,Aditya Birla Sun Life Banking & PSU Debt Fund  - DIRECT - IDCW,104.7901,Aditya Birla Sun Life Mutual Fund,Debt Scheme - Banking and PSU Fund
2026-04-16,119551,Aditya Birla Sun Life Banking & PSU Debt Fund  - DIRECT - IDCW,104.7959,Aditya Birla Sun Life Mutual Fund,Debt Scheme - Banking and PSU Fund
2026-04-17,119551,Aditya Birla Sun Life Banking & PSU Debt Fund  - DIRECT - IDCW,104.7821,Aditya Birla Sun Life Mutual Fund,Debt Scheme - Banking and PSU Fund
2026-04-20,119551,Aditya Birla Sun Life Banking & PSU Debt Fund  - DIRECT - IDCW,104.8369,Aditya Birla Sun Life Mutual Fund,Debt Scheme - Banking and PSU Fund
2026-04-21,119551,Aditya Birla Sun Life Banking & PSU Debt Fund  - DIRECT - IDCW,104.847,Aditya Birla Sun Life Mutual Fund,Debt Scheme - Banking and PSU Fund
2026-04-22,119551,Aditya Birla Sun Life Banking & PSU Debt Fund  - DIRECT - IDCW,104.8473,Aditya Birla Sun Life Mutual Fund,Debt Scheme - Banking and PSU Fund
2026-04-23,119551,Aditya Birla Sun Life Banking & PSU Debt Fund  - DIRECT - IDCW,104.7652,Aditya Birla Sun Life Mutual Fund,Debt Scheme - Banking and PSU Fund
2026-04-24,119551,Aditya Birla Sun Life Banking & PSU Debt Fund  - DIRECT - IDCW,104.7091,Aditya Birla Sun Life Mutual Fund,Debt Scheme - Banking and PSU Fund
2026-04-27,119551,Aditya Birla Sun Life Banking & PSU Debt Fund  - DIRECT - IDCW,104.7771,Aditya Birla Sun Life Mutual Fund,Debt Scheme - Banking and PSU Fund
2026-04-28,119551,Aditya Birla Sun Life Banking & PSU Debt Fund  - DIRECT - IDCW,104.7428,Aditya Birla Sun Life Mutual Fund,Debt Scheme - Banking and PSU Fund
2026-04-29,119551,Aditya Birla Sun Life Banking & PSU Debt Fund  - DIRECT - IDCW,104.6594,Aditya Birla Sun Life Mutual Fund,Debt Scheme - Banking and PSU Fund
2026-04-30,119551,Aditya Birla Sun Life Banking & PSU Debt Fund  - DIRECT - IDCW,104.5706,Aditya Birla Sun Life Mutual Fund,Debt Scheme - Banking and PSU Fund
2026-05-04,119551,Aditya Birla Sun Life Banking & PSU Debt Fund  - DIRECT - IDCW,104.6544,Aditya Birla Sun Life Mutual Fund,Debt Scheme - Banking and PSU Fund
2026-05-05,119551,Aditya Birla Sun Life Banking & PSU Debt Fund  - DIRECT - IDCW,104.6166,Aditya Birla Sun Life Mutual Fund,Debt Scheme - Banking and PSU Fund
2026-05-06,119551,Aditya Birla Sun Life Banking & PSU Debt Fund  - DIRECT - IDCW,104.8043,Aditya Birla Sun Life Mutual Fund,Debt Scheme - Banking and PSU Fund
2026-05-07,119551,Aditya Birla Sun Life Banking & PSU Debt Fund  - DIRECT - IDCW,104.8762,Aditya Birla Sun Life Mutual Fund,Debt Scheme - Banking and PSU Fund
2026-05-08,119551,Aditya Birla Sun Life Banking & PSU Debt Fund  - DIRECT - IDCW,104.8696,Aditya Birla Sun Life Mutual Fund,Debt Scheme - Banking and PSU Fund
2026-05-11,119551,Aditya Birla Sun Life Banking & PSU Debt Fund  - DIRECT - IDCW,104.8053,Aditya Birla Sun Life Mutual Fund,Debt Scheme - Banking and PSU Fund
2026-05-12,119551,Aditya Birla Sun Life Banking & PSU Debt Fund  - DIRECT - IDCW,104.7585,Aditya Birla Sun Life Mutual Fund,Debt Scheme - Banking and PSU Fund
2026-05-13,119551,Aditya Birla Sun Life Banking & PSU Debt Fund  - DIRECT - IDCW,104.7371,Aditya Birla Sun Life Mutual Fund,Debt Scheme - Banking and PSU Fund
2026-05-14,119551,Aditya Birla Sun Life Banking & PSU Debt Fund  - DIRECT - IDCW,104.7318,Aditya Birla Sun Life Mutual Fund,Debt Scheme - Banking and PSU Fund
2026-05-15,119551,Aditya Birla Sun Life Banking & PSU Debt Fund  - DIRECT - IDCW,104.5968,Aditya Birla Sun Life Mutual Fund,Debt Scheme - Banking and PSU Fund
2026-05-18,119551,Aditya Birla Sun Life Banking & PSU Debt Fund  - DIRECT - IDCW,104.3791,Aditya Birla Sun Life Mutual Fund,Debt Scheme - Banking and PSU Fund
2026-05-19,119551,Aditya Birla Sun Life Banking & PSU Debt Fund  - DIRECT - IDCW,104.4216,Aditya Birla Sun Life Mutual Fund,Debt Scheme - Banking and PSU Fund
2026-05-20,119551,Aditya Birla Sun Life Banking & PSU Debt Fund  - DIRECT - IDCW,104.3826,Aditya Birla Sun Life Mutual Fund,Debt Scheme - Banking and PSU Fund
2026-05-21,119551,Aditya Birla Sun Life Banking & PSU Debt Fund  - DIRECT - IDCW,104.285,Aditya Birla Sun Life Mutual Fund,Debt Scheme - Banking and PSU Fund
2026-05-22,119551,Aditya Birla Sun Life Banking & PSU Debt Fund  - DIRECT - IDCW,104.3467,Aditya Birla Sun Life Mutual Fund,Debt Scheme - Banking and PSU Fund
2026-05-25,119551,Aditya Birla Sun Life Banking & PSU Debt Fund  - DIRECT - IDCW,104.5215,Aditya Birla Sun Life Mutual Fund,Debt Scheme - Banking and PSU Fund
2026-05-26,119551,Aditya Birla Sun Life Banking & PSU Debt Fund  - DIRECT - IDCW,104.5269,Aditya Birla Sun Life Mutual Fund,Debt Scheme - Banking and PSU Fund
2026-05-27,119551,Aditya Birla Sun Life Banking & PSU Debt Fund  - DIRECT - IDCW,104.5833,Aditya Birla Sun Life Mutual Fund,Debt Scheme - Banking and PSU Fund
2026-05-29,119551,Aditya Birla Sun Life Banking & PSU Debt Fund  - DIRECT - IDCW,104.657,Aditya Birla Sun Life Mutual Fund,Debt Scheme - Banking and PSU Fund
2026-06-01,119551,Aditya Birla Sun Life Banking & PSU Debt Fund  - DIRECT - IDCW,104.7025,Aditya Birla Sun Life Mutual Fund,Debt Scheme - Banking and PSU Fund
2026-06-02,119551,Aditya Birla Sun Life Banking & PSU Debt Fund  - DIRECT - IDCW,104.7663,Aditya Birla Sun Life Mutual Fund,Debt Scheme - Banking and PSU Fund
2026-06-03,119551,Aditya Birla Sun Life Banking & PSU Debt Fund  - DIRECT - IDCW,104.7496,Aditya Birla Sun Life Mutual Fund,Debt Scheme - Banking and PSU Fund
2026-06-04,119551,Aditya Birla Sun Life Banking & PSU Debt Fund  - DIRECT - IDCW,104.8095,Aditya Birla Sun Life Mutual Fund,Debt Scheme - Banking and PSU Fund
2026-06-05,119551,Aditya Birla Sun Life Banking & PSU Debt Fund  - DIRECT - IDCW,105.107,Aditya Birla Sun Life Mutual Fund,Debt Scheme - Banking and PSU Fund
2026-06-08,119551,Aditya Birla Sun Life Banking & PSU Debt Fund  - DIRECT - IDCW,105.3084,Aditya Birla Sun Life Mutual Fund,Debt Scheme - Banking and PSU Fund
2026-06-09,119551,Aditya Birla Sun Life Banking & PSU Debt Fund  - DIRECT - IDCW,105.5793,Aditya Birla Sun Life Mutual Fund,Debt Scheme - Banking and PSU Fund
2026-06-10,119551,Aditya Birla Sun Life Banking & PSU Debt Fund  - DIRECT - IDCW,105.6569,Aditya Birla Sun Life Mutual Fund,Debt Scheme - Banking and PSU Fund
2026-06-11,119551,Aditya Birla Sun Life Banking & PSU Debt Fund  - DIRECT - IDCW,105.5737,Aditya Birla Sun Life Mutual Fund,Debt Scheme - Banking and PSU Fund
2026-06-12,119551,Aditya Birla Sun Life Banking & PSU Debt Fund  - DIRECT - IDCW,105.6864,Aditya Birla Sun Life Mutual Fund,Debt Scheme - Banking and PSU Fund
2026-06-15,119551,Aditya Birla Sun Life Banking & PSU Debt Fund  - DIRECT - IDCW,105.8125,Aditya Birla Sun Life Mutual Fund,Debt Scheme - Banking and PSU Fund
2026-06-16,119551,Aditya Birla Sun Life Banking & PSU Debt Fund  - DIRECT - IDCW,105.8455,Aditya Birla Sun Life Mutual Fund,Debt Scheme - Banking and PSU Fund
2026-06-17,119551,Aditya Birla Sun Life Banking & PSU Debt Fund  - DIRECT - IDCW,105.8482,Aditya Birla Sun Life Mutual Fund,Debt Scheme - Banking and PSU Fund
2026-06-18,119551,Aditya Birla Sun Life Banking & PSU Debt Fund  - DIRECT - IDCW,105.9003,Aditya Birla Sun Life Mutual Fund,Debt Scheme - Banking and PSU Fund
2026-06-19,119551,Aditya Birla Sun Life Banking & PSU Debt Fund  - DIRECT - IDCW,105.9219,Aditya Birla Sun Life Mutual Fund,Debt Scheme - Banking and PSU Fund
2026-06-22,119551,Aditya Birla Sun Life Banking & PSU Debt Fund  - DIRECT - IDCW,105.985,Aditya Birla Sun Life Mutual Fund,Debt Scheme - Banking and PSU Fund
2026-06-23,119551,Aditya Birla Sun Life Banking & PSU Debt Fund  - DIRECT - IDCW,106.041,Aditya Birla Sun Life Mutual Fund,Debt Scheme - Banking and PSU Fund
2026-06-24,119551,Aditya Birla Sun Life Banking & PSU Debt Fund  - DIRECT - IDCW,106.1268,Aditya Birla Sun Life Mutual Fund,Debt Scheme - Banking and PSU Fund
2026-06-25,119551,Aditya Birla Sun Life Banking & PSU Debt Fund  - DIRECT - IDCW,106.3057,Aditya Birla Sun Life Mutual Fund,Debt Scheme - Banking and PSU Fund
2026-06-29,119551,Aditya Birla Sun Life Banking & PSU Debt Fund  - DIRECT - IDCW,106.4648,Aditya Birla Sun Life Mutual Fund,Debt Scheme - Banking and PSU Fund
2026-06-30,119551,Aditya Birla Sun Life Banking & PSU Debt Fund  - DIRECT - IDCW,106.6225,Aditya Birla Sun Life Mutual Fund,Debt Scheme - Banking and PSU Fund
2026-07-01,119551,Aditya Birla Sun Life Banking & PSU Debt Fund  - DIRECT - IDCW,106.6451,Aditya Birla Sun Life Mutual Fund,Debt Scheme - Banking and PSU Fund
2026-07-02,119551,Aditya Birla Sun Life Banking & PSU Debt Fund  - DIRECT - IDCW,106.7721,Aditya Birla Sun Life Mutual Fund,Debt Scheme - Banking and PSU Fund
2026-07-03,119551,Aditya Birla Sun Life Banking & PSU Debt Fund  - DIRECT - IDCW,106.8042,Aditya Birla Sun Life Mutual Fund,Debt Scheme - Banking and PSU Fund
2026-07-06,119551,Aditya Birla Sun Life Banking & PSU Debt Fund  - DIRECT - IDCW,106.8431,Aditya Birla Sun Life Mutual Fund,Debt Scheme - Banking and PSU Fund
2026-07-07,119551,Aditya Birla Sun Life Banking & PSU Debt Fund  - DIRECT - IDCW,106.7977,Aditya Birla Sun Life Mutual Fund,Debt Scheme - Banking and PSU Fund
2026-07-08,119551,Aditya Birla Sun Life Banking & PSU Debt Fund  - DIRECT - IDCW,106.5587,Aditya Birla Sun Life Mutual Fund,Debt Scheme - Banking and PSU Fund
2026-07-09,119551,Aditya Birla Sun Life Banking & PSU Debt Fund  - DIRECT - IDCW,106.5776,Aditya Birla Sun Life Mutual Fund,Debt Scheme - Banking and PSU Fund
2026-07-10,119551,Aditya Birla Sun Life Banking & PSU Debt Fund  - DIRECT - IDCW,106.6946,Aditya Birla Sun Life Mutual Fund,Debt Scheme - Banking and PSU Fund
2026-07-13,119551,Aditya Birla Sun Life Banking & PSU Debt Fund  - DIRECT - IDCW,106.7026,Aditya Birla Sun Life Mutual Fund,Debt Scheme - Banking and PSU Fund
2026-07-14,119551,Aditya Birla Sun Life Banking & PSU Debt Fund  - DIRECT - IDCW,106.4609,Aditya Birla Sun Life Mutual Fund,Debt Scheme - Banking and PSU Fund
2026-07-15,119551,Aditya Birla Sun Life Banking & PSU Debt Fund  - DIRECT - IDCW,106.5116,Aditya Birla Sun Life Mutual Fund,Debt Scheme - Banking and PSU Fund
2026-07-16,119551,Aditya Birla Sun Life Banking & PSU Debt Fund  - DIRECT - IDCW,106.5829,Aditya Birla Sun Life Mutual Fund,Debt Scheme - Banking and PSU Fund
2026-07-17,119551,Aditya Birla Sun Life Banking & PSU Debt Fund  - DIRECT - IDCW,106.6001,Aditya Birla Sun Life Mutual Fund,Debt Scheme - Banking and PSU Fund
2026-07-20,119551,Aditya Birla Sun Life Banking & PSU Debt Fund  - DIRECT - IDCW,106.5737,Aditya Birla Sun Life Mutual Fund,Debt Scheme - Banking and PSU Fund
2026-07-21,119551,Aditya Birla Sun Life Banking & PSU Debt Fund  - DIRECT - IDCW,106.6567,Aditya Birla Sun Life Mutual Fund,Debt Scheme - Banking and PSU Fund
2026-07-22,119551,Aditya Birla Sun Life Banking & PSU Debt Fund  - DIRECT - IDCW,106.6107,Aditya Birla Sun Life Mutual Fund,Debt Scheme - Banking and PSU Fund
2026-07-23,119551,Aditya Birla Sun Life Banking & PSU Debt Fund  - DIRECT - IDCW,106.5851,Aditya Birla Sun Life Mutual Fund,Debt Scheme - Banking and PSU Fund
2026-07-24,119551,Aditya Birla Sun Life Banking & PSU Debt Fund  - DIRECT - IDCW,106.5961,Aditya Birla Sun Life Mutual Fund,Debt Scheme - Banking and PSU Fund
2026-07-27,119551,Aditya Birla Sun Life Banking & PSU Debt Fund  - DIRECT - IDCW,106.8126,Aditya Birla Sun Life Mutual Fund,Debt Scheme - Banking and PSU Fund
2026-07-28,119551,Aditya Birla Sun Life Banking & PSU Debt Fund  - DIRECT - IDCW,106.8611,Aditya Birla Sun Life Mutual Fund,Debt Scheme - Banking and PSU Fund
