Date,Scheme_Code,Scheme_Name,NAV,Fund_House,Scheme_Category
2013-01-03,119775,Kotak Midcap Fund - Direct Plan - Growth,14.052,Kotak Mahindra Mutual Fund,Equity Scheme - Mid Cap Fund
2013-01-04,119775,Kotak Midcap Fund - Direct Plan - Growth,14.177,Kotak Mahindra Mutual Fund,Equity Scheme - Mid Cap Fund
2013-01-07,119775,Kotak Midcap Fund - Direct Plan - Growth,14.199,Kotak Mahindra Mutual Fund,Equity Scheme - Mid Cap Fund
2013-01-08,119775,Kotak Midcap Fund - Direct Plan - Growth,14.223,Kotak Mahindra Mutual Fund,Equity Scheme - Mid Cap Fund
2013-01-09,119775,Kotak Midcap Fund - Direct Plan - Growth,14.209,Kotak Mahindra Mutual Fund,Equity Scheme - Mid Cap Fund
2013-01-10,119775,Kotak Midcap Fund - Direct Plan - Growth,14.122,Kotak Mahindra Mutual Fund,Equity Scheme - Mid Cap Fund
2013-01-11,119775,Kotak Midcap Fund - Direct Plan - Growth,13.978,Kotak Mahindra Mutual Fund,Equity Scheme - Mid Cap Fund
2013-01-14,119775,Kotak Midcap Fund - Direct Plan - Growth,14.07,Kotak Mahindra Mutual Fund,Equity Scheme - Mid Cap Fund
2013-01-15,119775,Kotak Midcap Fund - Direct Plan - Growth,14.086,Kotak Mahindra Mutual Fund,Equity Scheme - Mid Cap Fund
2013-01-16,119775,Kotak Midcap Fund - Direct Plan - Growth,13.972,Kotak Mahindra Mutual Fund,Equity Scheme - Mid Cap Fund
2013-01-17,119775,Kotak Midcap Fund - Direct Plan - Growth,13.952,Kotak Mahindra Mutual Fund,Equity Scheme - Mid Cap Fund
2013-01-18,119775,Kotak Midcap Fund - Direct Plan - Growth,13.892,Kotak Mahindra Mutual Fund,Equity Scheme - Mid Cap Fund
2013-01-21,119775,Kotak Midcap Fund - Direct Plan - Growth,13.86,Kotak Mahindra Mutual Fund,Equity Scheme - Mid Cap Fund
2013-01-22,119775,Kotak Midcap Fund - Direct Plan - Growth,13.805,Kotak Mahindra Mutual Fund,Equity Scheme - Mid Cap Fund
2013-01-23,119775,Kotak Midcap Fund - Direct Plan - Growth,13.715,Kotak Mahindra Mutual Fund,Equity Scheme - Mid Cap Fund
2013-01-24,119775,Kotak Midcap Fund - Direct Plan - Growth,13.524,Kotak Mahindra Mutual Fund,Equity Scheme - Mid Cap Fund
2013-01-25,119775,Kotak Midcap Fund - Direct Plan - Growth,13.697,Kotak Mahindra Mutual Fund,Equity Scheme - Mid Cap Fund
2013-01-28,119775,Kotak Midcap Fund - Direct Plan - Growth,13.633,Kotak Mahindra Mutual Fund,Equity Scheme - Mid Cap Fund
2013-01-29,119775,Kotak Midcap Fund - Direct Plan - Growth,13.58,Kotak Mahindra Mutual Fund,Equity Scheme - Mid Cap Fund
2013-01-30,119775,Kotak Midcap Fund - Direct Plan - Growth,13.564,Kotak Mahindra Mutual Fund,Equity Scheme - Mid Cap Fund
2013-01-31,119775,Kotak Midcap Fund - Direct Plan - Growth,13.643,Kotak Mahindra Mutual Fund,Equity Scheme - Mid Cap Fund
2013-02-01,119775,Kotak Midcap Fund - Direct Plan - Growth,13.62,Kotak Mahindra Mutual Fund,Equity Scheme - Mid Cap Fund
2013-02-04,119775,Kotak Midcap Fund - Direct Plan - Growth,13.44,Kotak Mahindra Mutual Fund,Equity Scheme - Mid Cap Fund
2013-02-05,119775,Kotak Midcap Fund - Direct Plan - Growth,13.37,Kotak Mahindra Mutual Fund,Equity Scheme - Mid Cap Fund
2013-02-06,119775,Kotak Midcap Fund - Direct Plan - Growth,13.352,Kotak Mahindra Mutual Fund,Equity Scheme - Mid Cap Fund
2013-02-07,119775,Kotak Midcap Fund - Direct Plan - Growth,13.258,Kotak Mahindra Mutual Fund,Equity Scheme - Mid Cap Fund
2013-02-08,119775,Kotak Midcap Fund - Direct Plan - Growth,13.17,Kotak Mahindra Mutual Fund,Equity Scheme - Mid Cap Fund
2013-02-11,119775,Kotak Midcap Fund - Direct Plan - Growth,13.126,Kotak Mahindra Mutual Fund,Equity Scheme - Mid Cap Fund
2013-02-12,119775,Kotak Midcap Fund - Direct Plan - Growth,13.149,Kotak Mahindra Mutual Fund,Equity Scheme - Mid Cap Fund
2013-02-13,119775,Kotak Midcap Fund - Direct Plan - Growth,13.12,Kotak Mahindra Mutual Fund,Equity Scheme - Mid Cap Fund
2013-02-14,119775,Kotak Midcap Fund - Direct Plan - Growth,12.946,Kotak Mahindra Mutual Fund,Equity Scheme - Mid Cap Fund
2013-02-15,119775,Kotak Midcap Fund - Direct Plan - Growth,12.982,Kotak Mahindra Mutual Fund,Equity Scheme - Mid Cap Fund
2013-02-18,119775,Kotak Midcap Fund - Direct Plan - Growth,12.97,Kotak Mahindra Mutual Fund,Equity Scheme - Mid Cap Fund
2013-02-19,119775,Kotak Midcap Fund - Direct Plan - Growth,13.127,Kotak Mahindra Mutual Fund,Equity Scheme - Mid Cap Fund
2013-02-20,119775,Kotak Midcap Fund - Direct Plan - Growth,13.112,Kotak Mahindra Mutual Fund,Equity Scheme - Mid Cap Fund
2013-02-21,119775,Kotak Midcap Fund - Direct Plan - Growth,12.892,Kotak Mahindra Mutual Fund,Equity Scheme - Mid Cap Fund
2013-02-22,119775,Kotak Midcap Fund - Direct Plan - Growth,12.855,Kotak Mahindra Mutual Fund,Equity Scheme - Mid Cap Fund
2013-02-25,119775,Kotak Midcap Fund - Direct Plan - Growth,12.779,Kotak Mahindra Mutual Fund,Equity Scheme - Mid Cap Fund
2013-02-26,119775,Kotak Midcap Fund - Direct Plan - Growth,12.572,Kotak Mahindra Mutual Fund,Equity Scheme - Mid Cap Fund
2013-02-27,119775,Kotak Midcap Fund - Direct Plan - Growth,12.676,Kotak Mahindra Mutual Fund,Equity Scheme - Mid Cap Fund
2013-02-28,119775,Kotak Midcap Fund - Direct Plan - Growth,12.456,Kotak Mahindra Mutual Fund,Equity Scheme - Mid Cap Fund
2013-03-01,119775,Kotak Midcap Fund - Direct Plan - Growth,12.453,Kotak Mahindra Mutual Fund,Equity Scheme - Mid Cap Fund
2013-03-04,119775,Kotak Midcap Fund - Direct Plan - Growth,12.243,Kotak Mahindra Mutual Fund,Equity Scheme - Mid Cap Fund
2013-03-05,119775,Kotak Midcap Fund - Direct Plan - Growth,12.414,Kotak Mahindra Mutual Fund,Equity Scheme - Mid Cap Fund
2013-03-06,119775,Kotak Midcap Fund - Direct Plan - Growth,12.544,Kotak Mahindra Mutual Fund,Equity Scheme - Mid Cap Fund
2013-03-07,119775,Kotak Midcap Fund - Direct Plan - Growth,12.579,Kotak Mahindra Mutual Fund,Equity Scheme - Mid Cap Fund
2013-03-08,119775,Kotak Midcap Fund - Direct Plan - Growth,12.638,Kotak Mahindra Mutual Fund,Equity Scheme - Mid Cap Fund
2013-03-11,119775,Kotak Midcap Fund - Direct Plan - Growth,12.683,Kotak Mahindra Mutual Fund,Equity Scheme - Mid Cap Fund
2013-03-12,119775,Kotak Midcap Fund - Direct Plan - Growth,12.616,Kotak Mahindra Mutual Fund,Equity Scheme - Mid Cap Fund
2013-03-13,119775,Kotak Midcap Fund - Direct Plan - Growth,12.489,Kotak Mahindra Mutual Fund,Equity Scheme - Mid Cap Fund
2013-03-14,119775,Kotak Midcap Fund - Direct Plan - Growth,12.499,Kotak Mahindra Mutual Fund,Equity Scheme - Mid Cap Fund
2013-03-15,119775,Kotak Midcap Fund - Direct Plan - Growth,12.441,Kotak Mahindra Mutual Fund,Equity Scheme - Mid Cap Fund
2013-03-18,119775,Kotak Midcap Fund - Direct Plan - Growth,12.368,Kotak Mahindra Mutual Fund,Equity Scheme - Mid Cap Fund
2013-03-19,119775,Kotak Midcap Fund - Direct Plan - Growth,12.191,Kotak Mahindra Mutual Fund,Equity Scheme - Mid Cap Fund
2013-03-20,119775,Kotak Midcap Fund - Direct Plan - Growth,11.997,Kotak Mahindra Mutual Fund,Equity Scheme - Mid Cap Fund
2013-03-21,119775,Kotak Midcap Fund - Direct Plan - Growth,11.896,Kotak Mahindra Mutual Fund,Equity Scheme - Mid Cap Fund
2013-03-22,119775,Kotak Midcap Fund - Direct Plan - Growth,11.873,Kotak Mahindra Mutual Fund,Equity Scheme - Mid Cap Fund
2013-03-25,119775,Kotak Midcap Fund - Direct Plan - Growth,11.848,Kotak Mahindra Mutual Fund,Equity Scheme - Mid Cap Fund
2013-03-26,119775,Kotak Midcap Fund - Direct Plan - Growth,11.88,Kotak Mahindra Mutual Fund,Equity Scheme - Mid Cap Fund
2013-03-28,119775,Kotak Midcap Fund - Direct Plan - Growth,12.006,Kotak Mahindra Mutual Fund,Equity Scheme - Mid Cap Fund
2013-04-01,119775,Kotak Midcap Fund - Direct Plan - Growth,12.089,Kotak Mahindra Mutual Fund,Equity Scheme - Mid Cap Fund
2013-04-02,119775,Kotak Midcap Fund - Direct Plan - Growth,12.243,Kotak Mahindra Mutual Fund,Equity Scheme - Mid Cap Fund
2013-04-03,119775,Kotak Midcap Fund - Direct Plan - Growth,12.174,Kotak Mahindra Mutual Fund,Equity Scheme - Mid Cap Fund
2013-04-04,119775,Kotak Midcap Fund - Direct Plan - Growth,12.003,Kotak Mahindra Mutual Fund,Equity Scheme - Mid Cap Fund
2013-04-05,119775,Kotak Midcap Fund - Direct Plan - Growth,11.962,Kotak Mahindra Mutual Fund,Equity Scheme - Mid Cap Fund
2013-04-08,119775,Kotak Midcap Fund - Direct Plan - Growth,11.957,Kotak Mahindra Mutual Fund,Equity Scheme - Mid Cap Fund
2013-04-09,119775,Kotak Midcap Fund - Direct Plan - Growth,11.846,Kotak Mahindra Mutual Fund,Equity Scheme - Mid Cap Fund
2013-04-10,119775,Kotak Midcap Fund - Direct Plan - Growth,11.854,Kotak Mahindra Mutual Fund,Equity Scheme - Mid Cap Fund
2013-04-11,119775,Kotak Midcap Fund - Direct Plan - Growth,11.852,Kotak Mahindra Mutual Fund,Equity Scheme - Mid Cap Fund
2013-04-12,119775,Kotak Midcap Fund - Direct Plan - Growth,11.817,Kotak Mahindra Mutual Fund,Equity Scheme - Mid Cap Fund
2013-04-15,119775,Kotak Midcap Fund - Direct Plan - Growth,11.84,Kotak Mahindra Mutual Fund,Equity Scheme - Mid Cap Fund
2013-04-16,119775,Kotak Midcap Fund - Direct Plan - Growth,11.927,Kotak Mahindra Mutual Fund,Equity Scheme - Mid Cap Fund
2013-04-17,119775,Kotak Midcap Fund - Direct Plan - Growth,11.956,Kotak Mahindra Mutual Fund,Equity Scheme - Mid Cap Fund
2013-04-18,119775,Kotak Midcap Fund - Direct Plan - Growth,12.048,Kotak Mahindra Mutual Fund,Equity Scheme - Mid Cap Fund
2013-04-22,119775,Kotak Midcap Fund - Direct Plan - Growth,12.124,Kotak Mahindra Mutual Fund,Equity Scheme - Mid Cap Fund
2013-04-23,119775,Kotak Midcap Fund - Direct Plan - Growth,12.094,Kotak Mahindra Mutual Fund,Equity Scheme - Mid Cap Fund
2013-04-25,119775,Kotak Midcap Fund - Direct Plan - Growth,12.151,Kotak Mahindra Mutual Fund,Equity Scheme - Mid Cap Fund
2013-04-26,119775,Kotak Midcap Fund - Direct Plan - Growth,12.126,Kotak Mahindra Mutual Fund,Equity Scheme - Mid Cap Fund
2013-04-29,119775,Kotak Midcap Fund - Direct Plan - Growth,12.179,Kotak Mahindra Mutual Fund,Equity Scheme - Mid Cap Fund
2013-04-30,119775,Kotak Midcap Fund - Direct Plan - Growth,12.256,Kotak Mahindra Mutual Fund,Equity Scheme - Mid Cap Fund
2013-05-02,119775,Kotak Midcap Fund - Direct Plan - Growth,12.328,Kotak Mahindra Mutual Fund,Equity Scheme - Mid Cap Fund
2013-05-03,119775,Kotak Midcap Fund - Direct Plan - Growth,12.291,Kotak Mahindra Mutual Fund,Equity Scheme - Mid Cap Fund
2013-05-06,119775,Kotak Midcap Fund - Direct Plan - Growth,12.393,Kotak Mahindra Mutual Fund,Equity Scheme - Mid Cap Fund
2013-05-07,119775,Kotak Midcap Fund - Direct Plan - Growth,12.506,Kotak Mahindra Mutual Fund,Equity Scheme - Mid Cap Fund
2013-05-08,119775,Kotak Midcap Fund - Direct Plan - Growth,12.544,Kotak Mahindra Mutual Fund,Equity Scheme - Mid Cap Fund
2013-05-09,119775,Kotak Midcap Fund - Direct Plan - Growth,12.525,Kotak Mahindra Mutual Fund,Equity Scheme - Mid Cap Fund
2013-05-10,119775,Kotak Midcap Fund - Direct Plan - Growth,12.549,Kotak Mahindra Mutual Fund,Equity Scheme - Mid Cap Fund
2013-05-13,119775,Kotak Midcap Fund - Direct Plan - Growth,12.442,Kotak Mahindra Mutual Fund,Equity Scheme - Mid Cap Fund
2013-05-14,119775,Kotak Midcap Fund - Direct Plan - Growth,12.437,Kotak Mahindra Mutual Fund,Equity Scheme - Mid Cap Fund
2013-05-15,119775,Kotak Midcap Fund - Direct Plan - Growth,12.635,Kotak Mahindra Mutual Fund,Equity Scheme - Mid Cap Fund
2013-05-16,119775,Kotak Midcap Fund - Direct Plan - Growth,12.672,Kotak Mahindra Mutual Fund,Equity Scheme - Mid Cap Fund
2013-05-17,119775,Kotak Midcap Fund - Direct Plan - Growth,12.763,Kotak Mahindra Mutual Fund,Equity Scheme - Mid Cap Fund
2013-05-20,119775,Kotak Midcap Fund - Direct Plan - Growth,12.762,Kotak Mahindra Mutual Fund,Equity Scheme - Mid Cap Fund
2013-05-21,119775,Kotak Midcap Fund - Direct Plan - Growth,12.672,Kotak Mahindra Mutual Fund,Equity Scheme - Mid Cap Fund
2013-05-22,119775,Kotak Midcap Fund - Direct Plan - Growth,12.541,Kotak Mahindra Mutual Fund,Equity Scheme - Mid Cap Fund
2013-05-23,119775,Kotak Midcap Fund - Direct Plan - Growth,12.305,Kotak Mahindra Mutual Fund,Equity Scheme - Mid Cap Fund
2013-05-24,119775,Kotak Midcap Fund - Direct Plan - Growth,12.389,Kotak Mahindra Mutual Fund,Equity Scheme - Mid Cap Fund
2013-05-27,119775,Kotak Midcap Fund - Direct Plan - Growth,12.471,Kotak Mahindra Mutual Fund,Equity Scheme - Mid Cap Fund
2013-05-28,119775,Kotak Midcap Fund - Direct Plan - Growth,12.525,Kotak Mahindra Mutual Fund,Equity Scheme - Mid Cap Fund
2013-05-29,119775,Kotak Midcap Fund - Direct Plan - Growth,12.47,Kotak Mahindra Mutual Fund,Equity Scheme - Mid Cap Fund
2013-05-30,119775,Kotak Midcap Fund - Direct Plan - Growth,12.481,Kotak Mahindra Mutual Fund,Equity Scheme - Mid Cap Fund
2013-05-31,119775,Kotak Midcap Fund - Direct Plan - Growth,12.348,Kotak Mahindra Mutual Fund,Equity Scheme - Mid Cap Fund
2013-06-03,119775,Kotak Midcap Fund - Direct Plan - Growth,12.44,Kotak Mahindra Mutual Fund,Equity Scheme - Mid Cap Fund
2013-06-04,119775,Kotak Midcap Fund - Direct Plan - Growth,12.437,Kotak Mahindra Mutual Fund,Equity Scheme - Mid Cap Fund
2013-06-05,119775,Kotak Midcap Fund - Direct Plan - Growth,12.467,Kotak Mahindra Mutual Fund,Equity Scheme - Mid Cap Fund
2013-06-06,119775,Kotak Midcap Fund - Direct Plan - Growth,12.443,Kotak Mahindra Mutual Fund,Equity Scheme - Mid Cap Fund
2013-06-07,119775,Kotak Midcap Fund - Direct Plan - Growth,12.368,Kotak Mahindra Mutual Fund,Equity Scheme - Mid Cap Fund
2013-06-10,119775,Kotak Midcap Fund - Direct Plan - Growth,12.289,Kotak Mahindra Mutual Fund,Equity Scheme - Mid Cap Fund
2013-06-11,119775,Kotak Midcap Fund - Direct Plan - Growth,12.049,Kotak Mahindra Mutual Fund,Equity Scheme - Mid Cap Fund
2013-06-12,119775,Kotak Midcap Fund - Direct Plan - Growth,11.998,Kotak Mahindra Mutual Fund,Equity Scheme - Mid Cap Fund
2013-06-13,119775,Kotak Midcap Fund - Direct Plan - Growth,11.843,Kotak Mahindra Mutual Fund,Equity Scheme - Mid Cap Fund
2013-06-14,119775,Kotak Midcap Fund - Direct Plan - Growth,11.973,Kotak Mahindra Mutual Fund,Equity Scheme - Mid Cap Fund
2013-06-17,119775,Kotak Midcap Fund - Direct Plan - Growth,12.004,Kotak Mahindra Mutual Fund,Equity Scheme - Mid Cap Fund
2013-06-18,119775,Kotak Midcap Fund - Direct Plan - Growth,11.98,Kotak Mahindra Mutual Fund,Equity Scheme - Mid Cap Fund
2013-06-19,119775,Kotak Midcap Fund - Direct Plan - Growth,12.056,Kotak Mahindra Mutual Fund,Equity Scheme - Mid Cap Fund
2013-06-20,119775,Kotak Midcap Fund - Direct Plan - Growth,11.876,Kotak Mahindra Mutual Fund,Equity Scheme - Mid Cap Fund
2013-06-21,119775,Kotak Midcap Fund - Direct Plan - Growth,11.761,Kotak Mahindra Mutual Fund,Equity Scheme - Mid Cap Fund
2013-06-24,119775,Kotak Midcap Fund - Direct Plan - Growth,11.543,Kotak Mahindra Mutual Fund,Equity Scheme - Mid Cap Fund
2013-06-25,119775,Kotak Midcap Fund - Direct Plan - Growth,11.55,Kotak Mahindra Mutual Fund,Equity Scheme - Mid Cap Fund
2013-06-26,119775,Kotak Midcap Fund - Direct Plan - Growth,11.487,Kotak Mahindra Mutual Fund,Equity Scheme - Mid Cap Fund
2013-06-27,119775,Kotak Midcap Fund - Direct Plan - Growth,11.46,Kotak Mahindra Mutual Fund,Equity Scheme - Mid Cap Fund
2013-06-28,119775,Kotak Midcap Fund - Direct Plan - Growth,11.631,Kotak Mahindra Mutual Fund,Equity Scheme - Mid Cap Fund
2013-07-01,119775,Kotak Midcap Fund - Direct Plan - Growth,11.779,Kotak Mahindra Mutual Fund,Equity Scheme - Mid Cap Fund
2013-07-02,119775,Kotak Midcap Fund - Direct Plan - Growth,11.732,Kotak Mahindra Mutual Fund,Equity Scheme - Mid Cap Fund
2013-07-03,119775,Kotak Midcap Fund - Direct Plan - Growth,11.578,Kotak Mahindra Mutual Fund,Equity Scheme - Mid Cap Fund
2013-07-04,119775,Kotak Midcap Fund - Direct Plan - Growth,11.586,Kotak Mahindra Mutual Fund,Equity Scheme - Mid Cap Fund
2013-07-05,119775,Kotak Midcap Fund - Direct Plan - Growth,11.595,Kotak Mahindra Mutual Fund,Equity Scheme - Mid Cap Fund
2013-07-08,119775,Kotak Midcap Fund - Direct Plan - Growth,11.544,Kotak Mahindra Mutual Fund,Equity Scheme - Mid Cap Fund
2013-07-09,119775,Kotak Midcap Fund - Direct Plan - Growth,11.637,Kotak Mahindra Mutual Fund,Equity Scheme - Mid Cap Fund
2013-07-10,119775,Kotak Midcap Fund - Direct Plan - Growth,11.606,Kotak Mahindra Mutual Fund,Equity Scheme - Mid Cap Fund
2013-07-11,119775,Kotak Midcap Fund - Direct Plan - Growth,11.68,Kotak Mahindra Mutual Fund,Equity Scheme - Mid Cap Fund
2013-07-12,119775,Kotak Midcap Fund - Direct Plan - Growth,11.677,Kotak Mahindra Mutual Fund,Equity Scheme - Mid Cap Fund
2013-07-15,119775,Kotak Midcap Fund - Direct Plan - Growth,11.765,Kotak Mahindra Mutual Fund,Equity Scheme - Mid Cap Fund
2013-07-16,119775,Kotak Midcap Fund - Direct Plan - Growth,11.604,Kotak Mahindra Mutual Fund,Equity Scheme - Mid Cap Fund
2013-07-17,119775,Kotak Midcap Fund - Direct Plan - Growth,11.505,Kotak Mahindra Mutual Fund,Equity Scheme - Mid Cap Fund
2013-07-18,119775,Kotak Midcap Fund - Direct Plan - Growth,11.604,Kotak Mahindra Mutual Fund,Equity Scheme - Mid Cap Fund
2013-07-19,119775,Kotak Midcap Fund - Direct Plan - Growth,11.578,Kotak Mahindra Mutual Fund,Equity Scheme - Mid Cap Fund
2013-07-22,119775,Kotak Midcap Fund - Direct Plan - Growth,11.648,Kotak Mahindra Mutual Fund,Equity Scheme - Mid Cap Fund
2013-07-23,119775,Kotak Midcap Fund - Direct Plan - Growth,11.643,Kotak Mahindra Mutual Fund,Equity Scheme - Mid Cap Fund
2013-07-24,119775,Kotak Midcap Fund - Direct Plan - Growth,11.435,Kotak Mahindra Mutual Fund,Equity Scheme - Mid Cap Fund
2013-07-25,119775,Kotak Midcap Fund - Direct Plan - Growth,11.29,Kotak Mahindra Mutual Fund,Equity Scheme - Mid Cap Fund
2013-07-26,119775,Kotak Midcap Fund - Direct Plan - Growth,11.156,Kotak Mahindra Mutual Fund,Equity Scheme - Mid Cap Fund
2013-07-29,119775,Kotak Midcap Fund - Direct Plan - Growth,11.091,Kotak Mahindra Mutual Fund,Equity Scheme - Mid Cap Fund
2013-07-30,119775,Kotak Midcap Fund - Direct Plan - Growth,10.795,Kotak Mahindra Mutual Fund,Equity Scheme - Mid Cap Fund
2013-07-31,119775,Kotak Midcap Fund - Direct Plan - Growth,10.727,Kotak Mahindra Mutual Fund,Equity Scheme - Mid Cap Fund
2013-08-01,119775,Kotak Midcap Fund - Direct Plan - Growth,10.611,Kotak Mahindra Mutual Fund,Equity Scheme - Mid Cap Fund
2013-08-02,119775,Kotak Midcap Fund - Direct Plan - Growth,10.518,Kotak Mahindra Mutual Fund,Equity Scheme - Mid Cap Fund
2013-08-05,119775,Kotak Midcap Fund - Direct Plan - Growth,10.475,Kotak Mahindra Mutual Fund,Equity Scheme - Mid Cap Fund
2013-08-06,119775,Kotak Midcap Fund - Direct Plan - Growth,10.197,Kotak Mahindra Mutual Fund,Equity Scheme - Mid Cap Fund
2013-08-07,119775,Kotak Midcap Fund - Direct Plan - Growth,10.226,Kotak Mahindra Mutual Fund,Equity Scheme - Mid Cap Fund
2013-08-08,119775,Kotak Midcap Fund - Direct Plan - Growth,10.379,Kotak Mahindra Mutual Fund,Equity Scheme - Mid Cap Fund
2013-08-12,119775,Kotak Midcap Fund - Direct Plan - Growth,10.53,Kotak Mahindra Mutual Fund,Equity Scheme - Mid Cap Fund
2013-08-13,119775,Kotak Midcap Fund - Direct Plan - Growth,10.657,Kotak Mahindra Mutual Fund,Equity Scheme - Mid Cap Fund
2013-08-14,119775,Kotak Midcap Fund - Direct Plan - Growth,10.723,Kotak Mahindra Mutual Fund,Equity Scheme - Mid Cap Fund
2013-08-16,119775,Kotak Midcap Fund - Direct Plan - Growth,10.413,Kotak Mahindra Mutual Fund,Equity Scheme - Mid Cap Fund
2013-08-19,119775,Kotak Midcap Fund - Direct Plan - Growth,10.184,Kotak Mahindra Mutual Fund,Equity Scheme - Mid Cap Fund
2013-08-20,119775,Kotak Midcap Fund - Direct Plan - Growth,10.155,Kotak Mahindra Mutual Fund,Equity Scheme - Mid Cap Fund
2013-08-21,119775,Kotak Midcap Fund - Direct Plan - Growth,10.08,Kotak Mahindra Mutual Fund,Equity Scheme - Mid Cap Fund
2013-08-22,119775,Kotak Midcap Fund - Direct Plan - Growth,10.119,Kotak Mahindra Mutual Fund,Equity Scheme - Mid Cap Fund
2013-08-23,119775,Kotak Midcap Fund - Direct Plan - Growth,10.182,Kotak Mahindra Mutual Fund,Equity Scheme - Mid Cap Fund
2013-08-26,119775,Kotak Midcap Fund - Direct Plan - Growth,10.189,Kotak Mahindra Mutual Fund,Equity Scheme - Mid Cap Fund
2013-08-27,119775,Kotak Midcap Fund - Direct Plan - Growth,9.952,Kotak Mahindra Mutual Fund,Equity Scheme - Mid Cap Fund
2013-08-28,119775,Kotak Midcap Fund - Direct Plan - Growth,9.819,Kotak Mahindra Mutual Fund,Equity Scheme - Mid Cap Fund
2013-08-29,119775,Kotak Midcap Fund - Direct Plan - Growth,9.944,Kotak Mahindra Mutual Fund,Equity Scheme - Mid Cap Fund
2013-08-30,119775,Kotak Midcap Fund - Direct Plan - Growth,9.997,Kotak Mahindra Mutual Fund,Equity Scheme - Mid Cap Fund
2013-09-02,119775,Kotak Midcap Fund - Direct Plan - Growth,10.07,Kotak Mahindra Mutual Fund,Equity Scheme - Mid Cap Fund
2013-09-03,119775,Kotak Midcap Fund - Direct Plan - Growth,9.908,Kotak Mahindra Mutual Fund,Equity Scheme - Mid Cap Fund
2013-09-04,119775,Kotak Midcap Fund - Direct Plan - Growth,10.045,Kotak Mahindra Mutual Fund,Equity Scheme - Mid Cap Fund
2013-09-05,119775,Kotak Midcap Fund - Direct Plan - Growth,10.283,Kotak Mahindra Mutual Fund,Equity Scheme - Mid Cap Fund
2013-09-06,119775,Kotak Midcap Fund - Direct Plan - Growth,10.307,Kotak Mahindra Mutual Fund,Equity Scheme - Mid Cap Fund
2013-09-10,119775,Kotak Midcap Fund - Direct Plan - Growth,10.49,Kotak Mahindra Mutual Fund,Equity Scheme - Mid Cap Fund
2013-09-11,119775,Kotak Midcap Fund - Direct Plan - Growth,10.584,Kotak Mahindra Mutual Fund,Equity Scheme - Mid Cap Fund
2013-09-12,119775,Kotak Midcap Fund - Direct Plan - Growth,10.574,Kotak Mahindra Mutual Fund,Equity Scheme - Mid Cap Fund
2013-09-13,119775,Kotak Midcap Fund - Direct Plan - Growth,10.624,Kotak Mahindra Mutual Fund,Equity Scheme - Mid Cap Fund
2013-09-16,119775,Kotak Midcap Fund - Direct Plan - Growth,10.582,Kotak Mahindra Mutual Fund,Equity Scheme - Mid Cap Fund
2013-09-17,119775,Kotak Midcap Fund - Direct Plan - Growth,10.585,Kotak Mahindra Mutual Fund,Equity Scheme - Mid Cap Fund
2013-09-18,119775,Kotak Midcap Fund - Direct Plan - Growth,10.671,Kotak Mahindra Mutual Fund,Equity Scheme - Mid Cap Fund
2013-09-19,119775,Kotak Midcap Fund - Direct Plan - Growth,10.913,Kotak Mahindra Mutual Fund,Equity Scheme - Mid Cap Fund
2013-09-20,119775,Kotak Midcap Fund - Direct Plan - Growth,10.804,Kotak Mahindra Mutual Fund,Equity Scheme - Mid Cap Fund
2013-09-23,119775,Kotak Midcap Fund - Direct Plan - Growth,10.687,Kotak Mahindra Mutual Fund,Equity Scheme - Mid Cap Fund
2013-09-24,119775,Kotak Midcap Fund - Direct Plan - Growth,10.706,Kotak Mahindra Mutual Fund,Equity Scheme - Mid Cap Fund
2013-09-25,119775,Kotak Midcap Fund - Direct Plan - Growth,10.695,Kotak Mahindra Mutual Fund,Equity Scheme - Mid Cap Fund
2013-09-26,119775,Kotak Midcap Fund - Direct Plan - Growth,10.722,Kotak Mahindra Mutual Fund,Equity Scheme - Mid Cap Fund
2013-09-27,119775,Kotak Midcap Fund - Direct Plan - Growth,10.772,Kotak Mahindra Mutual Fund,Equity Scheme - Mid Cap Fund
2013-09-30,119775,Kotak Midcap Fund - Direct Plan - Growth,10.718,Kotak Mahindra Mutual Fund,Equity Scheme - Mid Cap Fund
2013-10-01,119775,Kotak Midcap Fund - Direct Plan - Growth,10.795,Kotak Mahindra Mutual Fund,Equity Scheme - Mid Cap Fund
2013-10-03,119775,Kotak Midcap Fund - Direct Plan - Growth,10.965,Kotak Mahindra Mutual Fund,Equity Scheme - Mid Cap Fund
2013-10-04,119775,Kotak Midcap Fund - Direct Plan - Growth,11.015,Kotak Mahindra Mutual Fund,Equity Scheme - Mid Cap Fund
2013-10-07,119775,Kotak Midcap Fund - Direct Plan - Growth,11.07,Kotak Mahindra Mutual Fund,Equity Scheme - Mid Cap Fund
2013-10-08,119775,Kotak Midcap Fund - Direct Plan - Growth,11.114,Kotak Mahindra Mutual Fund,Equity Scheme - Mid Cap Fund
2013-10-09,119775,Kotak Midcap Fund - Direct Plan - Growth,11.255,Kotak Mahindra Mutual Fund,Equity Scheme - Mid Cap Fund
2013-10-10,119775,Kotak Midcap Fund - Direct Plan - Growth,11.306,Kotak Mahindra Mutual Fund,Equity Scheme - Mid Cap Fund
2013-10-11,119775,Kotak Midcap Fund - Direct Plan - Growth,11.36,Kotak Mahindra Mutual Fund,Equity Scheme - Mid Cap Fund
2013-10-14,119775,Kotak Midcap Fund - Direct Plan - Growth,11.411,Kotak Mahindra Mutual Fund,Equity Scheme - Mid Cap Fund
2013-10-15,119775,Kotak Midcap Fund - Direct Plan - Growth,11.31,Kotak Mahindra Mutual Fund,Equity Scheme - Mid Cap Fund
2013-10-17,119775,Kotak Midcap Fund - Direct Plan - Growth,11.282,Kotak Mahindra Mutual Fund,Equity Scheme - Mid Cap Fund
2013-10-18,119775,Kotak Midcap Fund - Direct Plan - Growth,11.394,Kotak Mahindra Mutual Fund,Equity Scheme - Mid Cap Fund
2013-10-21,119775,Kotak Midcap Fund - Direct Plan - Growth,11.549,Kotak Mahindra Mutual Fund,Equity Scheme - Mid Cap Fund
2013-10-22,119775,Kotak Midcap Fund - Direct Plan - Growth,11.579,Kotak Mahindra Mutual Fund,Equity Scheme - Mid Cap Fund
2013-10-23,119775,Kotak Midcap Fund - Direct Plan - Growth,11.571,Kotak Mahindra Mutual Fund,Equity Scheme - Mid Cap Fund
2013-10-24,119775,Kotak Midcap Fund - Direct Plan - Growth,11.582,Kotak Mahindra Mutual Fund,Equity Scheme - Mid Cap Fund
2013-10-25,119775,Kotak Midcap Fund - Direct Plan - Growth,11.556,Kotak Mahindra Mutual Fund,Equity Scheme - Mid Cap Fund
2013-10-28,119775,Kotak Midcap Fund - Direct Plan - Growth,11.452,Kotak Mahindra Mutual Fund,Equity Scheme - Mid Cap Fund
2013-10-29,119775,Kotak Midcap Fund - Direct Plan - Growth,11.605,Kotak Mahindra Mutual Fund,Equity Scheme - Mid Cap Fund
2013-10-30,119775,Kotak Midcap Fund - Direct Plan - Growth,11.65,Kotak Mahindra Mutual Fund,Equity Scheme - Mid Cap Fund
2013-10-31,119775,Kotak Midcap Fund - Direct Plan - Growth,11.76,Kotak Mahindra Mutual Fund,Equity Scheme - Mid Cap Fund
2013-11-01,119775,Kotak Midcap Fund - Direct Plan - Growth,11.874,Kotak Mahindra Mutual Fund,Equity Scheme - Mid Cap Fund
2013-11-05,119775,Kotak Midcap Fund - Direct Plan - Growth,12.002,Kotak Mahindra Mutual Fund,Equity Scheme - Mid Cap Fund
2013-11-06,119775,Kotak Midcap Fund - Direct Plan - Growth,11.999,Kotak Mahindra Mutual Fund,Equity Scheme - Mid Cap Fund
2013-11-07,119775,Kotak Midcap Fund - Direct Plan - Growth,11.913,Kotak Mahindra Mutual Fund,Equity Scheme - Mid Cap Fund
2013-11-08,119775,Kotak Midcap Fund - Direct Plan - Growth,11.896,Kotak Mahindra Mutual Fund,Equity Scheme - Mid Cap Fund
2013-11-11,119775,Kotak Midcap Fund - Direct Plan - Growth,11.815,Kotak Mahindra Mutual Fund,Equity Scheme - Mid Cap Fund
2013-11-12,119775,Kotak Midcap Fund - Direct Plan - Growth,11.764,Kotak Mahindra Mutual Fund,Equity Scheme - Mid Cap Fund
2013-11-13,119775,Kotak Midcap Fund - Direct Plan - Growth,11.703,Kotak Mahindra Mutual Fund,Equity Scheme - Mid Cap Fund
2013-11-14,119775,Kotak Midcap Fund - Direct Plan - Growth,11.785,Kotak Mahindra Mutual Fund,Equity Scheme - Mid Cap Fund
2013-11-18,119775,Kotak Midcap Fund - Direct Plan - Growth,11.911,Kotak Mahindra Mutual Fund,Equity Scheme - Mid Cap Fund
2013-11-19,119775,Kotak Midcap Fund - Direct Plan - Growth,11.997,Kotak Mahindra Mutual Fund,Equity Scheme - Mid Cap Fund
2013-11-20,119775,Kotak Midcap Fund - Direct Plan - Growth,11.988,Kotak Mahindra Mutual Fund,Equity Scheme - Mid Cap Fund
2013-11-21,119775,Kotak Midcap Fund - Direct Plan - Growth,11.96,Kotak Mahindra Mutual Fund,Equity Scheme - Mid Cap Fund
2013-11-22,119775,Kotak Midcap Fund - Direct Plan - Growth,12.07,Kotak Mahindra Mutual Fund,Equity Scheme - Mid Cap Fund
2013-11-25,119775,Kotak Midcap Fund - Direct Plan - Growth,12.185,Kotak Mahindra Mutual Fund,Equity Scheme - Mid Cap Fund
2013-11-26,119775,Kotak Midcap Fund - Direct Plan - Growth,12.187,Kotak Mahindra Mutual Fund,Equity Scheme - Mid Cap Fund
2013-11-27,119775,Kotak Midcap Fund - Direct Plan - Growth,12.171,Kotak Mahindra Mutual Fund,Equity Scheme - Mid Cap Fund
2013-11-28,119775,Kotak Midcap Fund - Direct Plan - Growth,12.29,Kotak Mahindra Mutual Fund,Equity Scheme - Mid Cap Fund
2013-11-29,119775,Kotak Midcap Fund - Direct Plan - Growth,12.392,Kotak Mahindra Mutual Fund,Equity Scheme - Mid Cap Fund
2013-12-02,119775,Kotak Midcap Fund - Direct Plan - Growth,12.473,Kotak Mahindra Mutual Fund,Equity Scheme - Mid Cap Fund
2013-12-03,119775,Kotak Midcap Fund - Direct Plan - Growth,12.498,Kotak Mahindra Mutual Fund,Equity Scheme - Mid Cap Fund
2013-12-04,119775,Kotak Midcap Fund - Direct Plan - Growth,12.48,Kotak Mahindra Mutual Fund,Equity Scheme - Mid Cap Fund
2013-12-05,119775,Kotak Midcap Fund - Direct Plan - Growth,12.516,Kotak Mahindra Mutual Fund,Equity Scheme - Mid Cap Fund
2013-12-06,119775,Kotak Midcap Fund - Direct Plan - Growth,12.618,Kotak Mahindra Mutual Fund,Equity Scheme - Mid Cap Fund
2013-12-09,119775,Kotak Midcap Fund - Direct Plan - Growth,12.713,Kotak Mahindra Mutual Fund,Equity Scheme - Mid Cap Fund
2013-12-10,119775,Kotak Midcap Fund - Direct Plan - Growth,12.681,Kotak Mahindra Mutual Fund,Equity Scheme - Mid Cap Fund
2013-12-11,119775,Kotak Midcap Fund - Direct Plan - Growth,12.677,Kotak Mahindra Mutual Fund,Equity Scheme - Mid Cap Fund
2013-12-12,119775,Kotak Midcap Fund - Direct Plan - Growth,12.609,Kotak Mahindra Mutual Fund,Equity Scheme - Mid Cap Fund
2013-12-13,119775,Kotak Midcap Fund - Direct Plan - Growth,12.508,Kotak Mahindra Mutual Fund,Equity Scheme - Mid Cap Fund
2013-12-16,119775,Kotak Midcap Fund - Direct Plan - Growth,12.56,Kotak Mahindra Mutual Fund,Equity Scheme - Mid Cap Fund
2013-12-17,119775,Kotak Midcap Fund - Direct Plan - Growth,12.604,Kotak Mahindra Mutual Fund,Equity Scheme - Mid Cap Fund
2013-12-18,119775,Kotak Midcap Fund - Direct Plan - Growth,12.738,Kotak Mahindra Mutual Fund,Equity Scheme - Mid Cap Fund
2013-12-19,119775,Kotak Midcap Fund - Direct Plan - Growth,12.681,Kotak Mahindra Mutual Fund,Equity Scheme - Mid Cap Fund
2013-12-20,119775,Kotak Midcap Fund - Direct Plan - Growth,12.888,Kotak Mahindra Mutual Fund,Equity Scheme - Mid Cap Fund
2013-12-23,119775,Kotak Midcap Fund - Direct Plan - Growth,13.0,Kotak Mahindra Mutual Fund,Equity Scheme - Mid Cap Fund
2013-12-24,119775,Kotak Midcap Fund - Direct Plan - Growth,13.101,Kotak Mahindra Mutual Fund,Equity Scheme - Mid Cap Fund
2013-12-26,119775,Kotak Midcap Fund - Direct Plan - Growth,13.111,Kotak Mahindra Mutual Fund,Equity Scheme - Mid Cap Fund
2013-12-27,119775,Kotak Midcap Fund - Direct Plan - Growth,13.123,Kotak Mahindra Mutual Fund,Equity Scheme - Mid Cap Fund
2013-12-30,119775,Kotak Midcap Fund - Direct Plan - Growth,13.16,Kotak Mahindra Mutual Fund,Equity Scheme - Mid Cap Fund
2013-12-31,119775,Kotak Midcap Fund - Direct Plan - Growth,13.207,Kotak Mahindra Mutual Fund,Equity Scheme - Mid Cap Fund
2014-01-01,119775,Kotak Midcap Fund - Direct Plan - Growth,13.306,Kotak Mahindra Mutual Fund,Equity Scheme - Mid Cap Fund
2014-01-02,119775,Kotak Midcap Fund - Direct Plan - Growth,13.159,Kotak Mahindra Mutual Fund,Equity Scheme - Mid Cap Fund
2014-01-03,119775,Kotak Midcap Fund - Direct Plan - Growth,13.173,Kotak Mahindra Mutual Fund,Equity Scheme - Mid Cap Fund
2014-01-06,119775,Kotak Midcap Fund - Direct Plan - Growth,13.197,Kotak Mahindra Mutual Fund,Equity Scheme - Mid Cap Fund
2014-01-07,119775,Kotak Midcap Fund - Direct Plan - Growth,13.14,Kotak Mahindra Mutual Fund,Equity Scheme - Mid Cap Fund
2014-01-08,119775,Kotak Midcap Fund - Direct Plan - Growth,13.21,Kotak Mahindra Mutual Fund,Equity Scheme - Mid Cap Fund
2014-01-09,119775,Kotak Midcap Fund - Direct Plan - Growth,13.162,Kotak Mahindra Mutual Fund,Equity Scheme - Mid Cap Fund
2014-01-10,119775,Kotak Midcap Fund - Direct Plan - Growth,13.088,Kotak Mahindra Mutual Fund,Equity Scheme - Mid Cap Fund
2014-01-13,119775,Kotak Midcap Fund - Direct Plan - Growth,13.055,Kotak Mahindra Mutual Fund,Equity Scheme - Mid Cap Fund
2014-01-14,119775,Kotak Midcap Fund - Direct Plan - Growth,13.032,Kotak Mahindra Mutual Fund,Equity Scheme - Mid Cap Fund
2014-01-15,119775,Kotak Midcap Fund - Direct Plan - Growth,13.054,Kotak Mahindra Mutual Fund,Equity Scheme - Mid Cap Fund
2014-01-16,119775,Kotak Midcap Fund - Direct Plan - Growth,13.064,Kotak Mahindra Mutual Fund,Equity Scheme - Mid Cap Fund
2014-01-17,119775,Kotak Midcap Fund - Direct Plan - Growth,12.88,Kotak Mahindra Mutual Fund,Equity Scheme - Mid Cap Fund
2014-01-20,119775,Kotak Midcap Fund - Direct Plan - Growth,12.911,Kotak Mahindra Mutual Fund,Equity Scheme - Mid Cap Fund
2014-01-21,119775,Kotak Midcap Fund - Direct Plan - Growth,13.026,Kotak Mahindra Mutual Fund,Equity Scheme - Mid Cap Fund
2014-01-22,119775,Kotak Midcap Fund - Direct Plan - Growth,13.05,Kotak Mahindra Mutual Fund,Equity Scheme - Mid Cap Fund
2014-01-23,119775,Kotak Midcap Fund - Direct Plan - Growth,13.022,Kotak Mahindra Mutual Fund,Equity Scheme - Mid Cap Fund
2014-01-24,119775,Kotak Midcap Fund - Direct Plan - Growth,12.876,Kotak Mahindra Mutual Fund,Equity Scheme - Mid Cap Fund
2014-01-27,119775,Kotak Midcap Fund - Direct Plan - Growth,12.629,Kotak Mahindra Mutual Fund,Equity Scheme - Mid Cap Fund
2014-01-28,119775,Kotak Midcap Fund - Direct Plan - Growth,12.552,Kotak Mahindra Mutual Fund,Equity Scheme - Mid Cap Fund
2014-01-29,119775,Kotak Midcap Fund - Direct Plan - Growth,12.495,Kotak Mahindra Mutual Fund,Equity Scheme - Mid Cap Fund
2014-01-30,119775,Kotak Midcap Fund - Direct Plan - Growth,12.379,Kotak Mahindra Mutual Fund,Equity Scheme - Mid Cap Fund
2014-01-31,119775,Kotak Midcap Fund - Direct Plan - Growth,12.537,Kotak Mahindra Mutual Fund,Equity Scheme - Mid Cap Fund
2014-02-03,119775,Kotak Midcap Fund - Direct Plan - Growth,12.47,Kotak Mahindra Mutual Fund,Equity Scheme - Mid Cap Fund
2014-02-04,119775,Kotak Midcap Fund - Direct Plan - Growth,12.484,Kotak Mahindra Mutual Fund,Equity Scheme - Mid Cap Fund
2014-02-05,119775,Kotak Midcap Fund - Direct Plan - Growth,12.556,Kotak Mahindra Mutual Fund,Equity Scheme - Mid Cap Fund
2014-02-06,119775,Kotak Midcap Fund - Direct Plan - Growth,12.517,Kotak Mahindra Mutual Fund,Equity Scheme - Mid Cap Fund
2014-02-07,119775,Kotak Midcap Fund - Direct Plan - Growth,12.621,Kotak Mahindra Mutual Fund,Equity Scheme - Mid Cap Fund
2014-02-10,119775,Kotak Midcap Fund - Direct Plan - Growth,12.654,Kotak Mahindra Mutual Fund,Equity Scheme - Mid Cap Fund
2014-02-11,119775,Kotak Midcap Fund - Direct Plan - Growth,12.637,Kotak Mahindra Mutual Fund,Equity Scheme - Mid Cap Fund
2014-02-12,119775,Kotak Midcap Fund - Direct Plan - Growth,12.621,Kotak Mahindra Mutual Fund,Equity Scheme - Mid Cap Fund
2014-02-13,119775,Kotak Midcap Fund - Direct Plan - Growth,12.494,Kotak Mahindra Mutual Fund,Equity Scheme - Mid Cap Fund
2014-02-14,119775,Kotak Midcap Fund - Direct Plan - Growth,12.532,Kotak Mahindra Mutual Fund,Equity Scheme - Mid Cap Fund
2014-02-17,119775,Kotak Midcap Fund - Direct Plan - Growth,12.524,Kotak Mahindra Mutual Fund,Equity Scheme - Mid Cap Fund
2014-02-18,119775,Kotak Midcap Fund - Direct Plan - Growth,12.63,Kotak Mahindra Mutual Fund,Equity Scheme - Mid Cap Fund
2014-02-19,119775,Kotak Midcap Fund - Direct Plan - Growth,12.697,Kotak Mahindra Mutual Fund,Equity Scheme - Mid Cap Fund
2014-02-20,119775,Kotak Midcap Fund - Direct Plan - Growth,12.672,Kotak Mahindra Mutual Fund,Equity Scheme - Mid Cap Fund
2014-02-21,119775,Kotak Midcap Fund - Direct Plan - Growth,12.835,Kotak Mahindra Mutual Fund,Equity Scheme - Mid Cap Fund
2014-02-24,119775,Kotak Midcap Fund - Direct Plan - Growth,12.91,Kotak Mahindra Mutual Fund,Equity Scheme - Mid Cap Fund
2014-02-25,119775,Kotak Midcap Fund - Direct Plan - Growth,12.942,Kotak Mahindra Mutual Fund,Equity Scheme - Mid Cap Fund
2014-02-26,119775,Kotak Midcap Fund - Direct Plan - Growth,12.947,Kotak Mahindra Mutual Fund,Equity Scheme - Mid Cap Fund
2014-02-28,119775,Kotak Midcap Fund - Direct Plan - Growth,13.019,Kotak Mahindra Mutual Fund,Equity Scheme - Mid Cap Fund
2014-03-03,119775,Kotak Midcap Fund - Direct Plan - Growth,13.005,Kotak Mahindra Mutual Fund,Equity Scheme - Mid Cap Fund
2014-03-04,119775,Kotak Midcap Fund - Direct Plan - Growth,13.137,Kotak Mahindra Mutual Fund,Equity Scheme - Mid Cap Fund
2014-03-05,119775,Kotak Midcap Fund - Direct Plan - Growth,13.238,Kotak Mahindra Mutual Fund,Equity Scheme - Mid Cap Fund
2014-03-06,119775,Kotak Midcap Fund - Direct Plan - Growth,13.403,Kotak Mahindra Mutual Fund,Equity Scheme - Mid Cap Fund
2014-03-07,119775,Kotak Midcap Fund - Direct Plan - Growth,13.459,Kotak Mahindra Mutual Fund,Equity Scheme - Mid Cap Fund
2014-03-10,119775,Kotak Midcap Fund - Direct Plan - Growth,13.511,Kotak Mahindra Mutual Fund,Equity Scheme - Mid Cap Fund
2014-03-11,119775,Kotak Midcap Fund - Direct Plan - Growth,13.517,Kotak Mahindra Mutual Fund,Equity Scheme - Mid Cap Fund
2014-03-12,119775,Kotak Midcap Fund - Direct Plan - Growth,13.486,Kotak Mahindra Mutual Fund,Equity Scheme - Mid Cap Fund
2014-03-13,119775,Kotak Midcap Fund - Direct Plan - Growth,13.434,Kotak Mahindra Mutual Fund,Equity Scheme - Mid Cap Fund
2014-03-14,119775,Kotak Midcap Fund - Direct Plan - Growth,13.39,Kotak Mahindra Mutual Fund,Equity Scheme - Mid Cap Fund
2014-03-18,119775,Kotak Midcap Fund - Direct Plan - Growth,13.468,Kotak Mahindra Mutual Fund,Equity Scheme - Mid Cap Fund
2014-03-19,119775,Kotak Midcap Fund - Direct Plan - Growth,13.501,Kotak Mahindra Mutual Fund,Equity Scheme - Mid Cap Fund
2014-03-20,119775,Kotak Midcap Fund - Direct Plan - Growth,13.505,Kotak Mahindra Mutual Fund,Equity Scheme - Mid Cap Fund
2014-03-21,119775,Kotak Midcap Fund - Direct Plan - Growth,13.61,Kotak Mahindra Mutual Fund,Equity Scheme - Mid Cap Fund
2014-03-24,119775,Kotak Midcap Fund - Direct Plan - Growth,13.706,Kotak Mahindra Mutual Fund,Equity Scheme - Mid Cap Fund
2014-03-25,119775,Kotak Midcap Fund - Direct Plan - Growth,13.741,Kotak Mahindra Mutual Fund,Equity Scheme - Mid Cap Fund
2014-03-26,119775,Kotak Midcap Fund - Direct Plan - Growth,13.778,Kotak Mahindra Mutual Fund,Equity Scheme - Mid Cap Fund
2014-03-27,119775,Kotak Midcap Fund - Direct Plan - Growth,13.864,Kotak Mahindra Mutual Fund,Equity Scheme - Mid Cap Fund
2014-03-28,119775,Kotak Midcap Fund - Direct Plan - Growth,14.063,Kotak Mahindra Mutual Fund,Equity Scheme - Mid Cap Fund
2014-03-31,119775,Kotak Midcap Fund - Direct Plan - Growth,14.154,Kotak Mahindra Mutual Fund,Equity Scheme - Mid Cap Fund
2014-04-01,119775,Kotak Midcap Fund - Direct Plan - Growth,14.101,Kotak Mahindra Mutual Fund,Equity Scheme - Mid Cap Fund
2014-04-02,119775,Kotak Midcap Fund - Direct Plan - Growth,14.335,Kotak Mahindra Mutual Fund,Equity Scheme - Mid Cap Fund
2014-04-03,119775,Kotak Midcap Fund - Direct Plan - Growth,14.348,Kotak Mahindra Mutual Fund,Equity Scheme - Mid Cap Fund
2014-04-04,119775,Kotak Midcap Fund - Direct Plan - Growth,14.4,Kotak Mahindra Mutual Fund,Equity Scheme - Mid Cap Fund
2014-04-07,119775,Kotak Midcap Fund - Direct Plan - Growth,14.331,Kotak Mahindra Mutual Fund,Equity Scheme - Mid Cap Fund
2014-04-09,119775,Kotak Midcap Fund - Direct Plan - Growth,14.519,Kotak Mahindra Mutual Fund,Equity Scheme - Mid Cap Fund
2014-04-10,119775,Kotak Midcap Fund - Direct Plan - Growth,14.511,Kotak Mahindra Mutual Fund,Equity Scheme - Mid Cap Fund
2014-04-11,119775,Kotak Midcap Fund - Direct Plan - Growth,14.568,Kotak Mahindra Mutual Fund,Equity Scheme - Mid Cap Fund
2014-04-15,119775,Kotak Midcap Fund - Direct Plan - Growth,14.518,Kotak Mahindra Mutual Fund,Equity Scheme - Mid Cap Fund
2014-04-16,119775,Kotak Midcap Fund - Direct Plan - Growth,14.44,Kotak Mahindra Mutual Fund,Equity Scheme - Mid Cap Fund
2014-04-17,119775,Kotak Midcap Fund - Direct Plan - Growth,14.59,Kotak Mahindra Mutual Fund,Equity Scheme - Mid Cap Fund
2014-04-21,119775,Kotak Midcap Fund - Direct Plan - Growth,14.735,Kotak Mahindra Mutual Fund,Equity Scheme - Mid Cap Fund
2014-04-22,119775,Kotak Midcap Fund - Direct Plan - Growth,14.747,Kotak Mahindra Mutual Fund,Equity Scheme - Mid Cap Fund
2014-04-23,119775,Kotak Midcap Fund - Direct Plan - Growth,14.818,Kotak Mahindra Mutual Fund,Equity Scheme - Mid Cap Fund
2014-04-25,119775,Kotak Midcap Fund - Direct Plan - Growth,14.781,Kotak Mahindra Mutual Fund,Equity Scheme - Mid Cap Fund
2014-04-28,119775,Kotak Midcap Fund - Direct Plan - Growth,14.787,Kotak Mahindra Mutual Fund,Equity Scheme - Mid Cap Fund
2014-04-29,119775,Kotak Midcap Fund - Direct Plan - Growth,14.822,Kotak Mahindra Mutual Fund,Equity Scheme - Mid Cap Fund
2014-04-30,119775,Kotak Midcap Fund - Direct Plan - Growth,14.728,Kotak Mahindra Mutual Fund,Equity Scheme - Mid Cap Fund
2014-05-02,119775,Kotak Midcap Fund - Direct Plan - Growth,14.759,Kotak Mahindra Mutual Fund,Equity Scheme - Mid Cap Fund
2014-05-05,119775,Kotak Midcap Fund - Direct Plan - Growth,14.776,Kotak Mahindra Mutual Fund,Equity Scheme - Mid Cap Fund
2014-05-06,119775,Kotak Midcap Fund - Direct Plan - Growth,14.832,Kotak Mahindra Mutual Fund,Equity Scheme - Mid Cap Fund
2014-05-07,119775,Kotak Midcap Fund - Direct Plan - Growth,14.841,Kotak Mahindra Mutual Fund,Equity Scheme - Mid Cap Fund
2014-05-08,119775,Kotak Midcap Fund - Direct Plan - Growth,14.922,Kotak Mahindra Mutual Fund,Equity Scheme - Mid Cap Fund
2014-05-09,119775,Kotak Midcap Fund - Direct Plan - Growth,15.066,Kotak Mahindra Mutual Fund,Equity Scheme - Mid Cap Fund
2014-05-12,119775,Kotak Midcap Fund - Direct Plan - Growth,15.156,Kotak Mahindra Mutual Fund,Equity Scheme - Mid Cap Fund
2014-05-13,119775,Kotak Midcap Fund - Direct Plan - Growth,15.333,Kotak Mahindra Mutual Fund,Equity Scheme - Mid Cap Fund
2014-05-14,119775,Kotak Midcap Fund - Direct Plan - Growth,15.411,Kotak Mahindra Mutual Fund,Equity Scheme - Mid Cap Fund
2014-05-15,119775,Kotak Midcap Fund - Direct Plan - Growth,15.297,Kotak Mahindra Mutual Fund,Equity Scheme - Mid Cap Fund
2014-05-16,119775,Kotak Midcap Fund - Direct Plan - Growth,15.467,Kotak Mahindra Mutual Fund,Equity Scheme - Mid Cap Fund
2014-05-19,119775,Kotak Midcap Fund - Direct Plan - Growth,15.764,Kotak Mahindra Mutual Fund,Equity Scheme - Mid Cap Fund
2014-05-20,119775,Kotak Midcap Fund - Direct Plan - Growth,16.15,Kotak Mahindra Mutual Fund,Equity Scheme - Mid Cap Fund
2014-05-21,119775,Kotak Midcap Fund - Direct Plan - Growth,16.366,Kotak Mahindra Mutual Fund,Equity Scheme - Mid Cap Fund
2014-05-22,119775,Kotak Midcap Fund - Direct Plan - Growth,16.601,Kotak Mahindra Mutual Fund,Equity Scheme - Mid Cap Fund
2014-05-23,119775,Kotak Midcap Fund - Direct Plan - Growth,16.799,Kotak Mahindra Mutual Fund,Equity Scheme - Mid Cap Fund
2014-05-26,119775,Kotak Midcap Fund - Direct Plan - Growth,16.611,Kotak Mahindra Mutual Fund,Equity Scheme - Mid Cap Fund
2014-05-27,119775,Kotak Midcap Fund - Direct Plan - Growth,16.582,Kotak Mahindra Mutual Fund,Equity Scheme - Mid Cap Fund
2014-05-28,119775,Kotak Midcap Fund - Direct Plan - Growth,16.705,Kotak Mahindra Mutual Fund,Equity Scheme - Mid Cap Fund
2014-05-29,119775,Kotak Midcap Fund - Direct Plan - Growth,16.709,Kotak Mahindra Mutual Fund,Equity Scheme - Mid Cap Fund
2014-05-30,119775,Kotak Midcap Fund - Direct Plan - Growth,16.806,Kotak Mahindra Mutual Fund,Equity Scheme - Mid Cap Fund
2014-06-02,119775,Kotak Midcap Fund - Direct Plan - Growth,17.087,Kotak Mahindra Mutual Fund,Equity Scheme - Mid Cap Fund
2014-06-03,119775,Kotak Midcap Fund - Direct Plan - Growth,17.211,Kotak Mahindra Mutual Fund,Equity Scheme - Mid Cap Fund
2014-06-04,119775,Kotak Midcap Fund - Direct Plan - Growth,17.512,Kotak Mahindra Mutual Fund,Equity Scheme - Mid Cap Fund
2014-06-05,119775,Kotak Midcap Fund - Direct Plan - Growth,17.598,Kotak Mahindra Mutual Fund,Equity Scheme - Mid Cap Fund
2014-06-06,119775,Kotak Midcap Fund - Direct Plan - Growth,17.855,Kotak Mahindra Mutual Fund,Equity Scheme - Mid Cap Fund
2014-06-09,119775,Kotak Midcap Fund - Direct Plan - Growth,18.036,Kotak Mahindra Mutual Fund,Equity Scheme - Mid Cap Fund
2014-06-10,119775,Kotak Midcap Fund - Direct Plan - Growth,17.986,Kotak Mahindra Mutual Fund,Equity Scheme - Mid Cap Fund
2014-06-11,119775,Kotak Midcap Fund - Direct Plan - Growth,17.953,Kotak Mahindra Mutual Fund,Equity Scheme - Mid Cap Fund
2014-06-12,119775,Kotak Midcap Fund - Direct Plan - Growth,18.131,Kotak Mahindra Mutual Fund,Equity Scheme - Mid Cap Fund
2014-06-13,119775,Kotak Midcap Fund - Direct Plan - Growth,17.849,Kotak Mahindra Mutual Fund,Equity Scheme - Mid Cap Fund
2014-06-16,119775,Kotak Midcap Fund - Direct Plan - Growth,17.896,Kotak Mahindra Mutual Fund,Equity Scheme - Mid Cap Fund
2014-06-17,119775,Kotak Midcap Fund - Direct Plan - Growth,18.185,Kotak Mahindra Mutual Fund,Equity Scheme - Mid Cap Fund
2014-06-18,119775,Kotak Midcap Fund - Direct Plan - Growth,18.227,Kotak Mahindra Mutual Fund,Equity Scheme - Mid Cap Fund
2014-06-19,119775,Kotak Midcap Fund - Direct Plan - Growth,18.168,Kotak Mahindra Mutual Fund,Equity Scheme - Mid Cap Fund
2014-06-20,119775,Kotak Midcap Fund - Direct Plan - Growth,18.053,Kotak Mahindra Mutual Fund,Equity Scheme - Mid Cap Fund
2014-06-23,119775,Kotak Midcap Fund - Direct Plan - Growth,18.081,Kotak Mahindra Mutual Fund,Equity Scheme - Mid Cap Fund
2014-06-24,119775,Kotak Midcap Fund - Direct Plan - Growth,18.268,Kotak Mahindra Mutual Fund,Equity Scheme - Mid Cap Fund
2014-06-25,119775,Kotak Midcap Fund - Direct Plan - Growth,18.279,Kotak Mahindra Mutual Fund,Equity Scheme - Mid Cap Fund
2014-06-26,119775,Kotak Midcap Fund - Direct Plan - Growth,18.276,Kotak Mahindra Mutual Fund,Equity Scheme - Mid Cap Fund
2014-06-27,119775,Kotak Midcap Fund - Direct Plan - Growth,18.345,Kotak Mahindra Mutual Fund,Equity Scheme - Mid Cap Fund
2014-06-30,119775,Kotak Midcap Fund - Direct Plan - Growth,18.604,Kotak Mahindra Mutual Fund,Equity Scheme - Mid Cap Fund
2014-07-01,119775,Kotak Midcap Fund - Direct Plan - Growth,18.743,Kotak Mahindra Mutual Fund,Equity Scheme - Mid Cap Fund
2014-07-02,119775,Kotak Midcap Fund - Direct Plan - Growth,19.024,Kotak Mahindra Mutual Fund,Equity Scheme - Mid Cap Fund
2014-07-03,119775,Kotak Midcap Fund - Direct Plan - Growth,19.145,Kotak Mahindra Mutual Fund,Equity Scheme - Mid Cap Fund
2014-07-04,119775,Kotak Midcap Fund - Direct Plan - Growth,19.2,Kotak Mahindra Mutual Fund,Equity Scheme - Mid Cap Fund
2014-07-07,119775,Kotak Midcap Fund - Direct Plan - Growth,19.199,Kotak Mahindra Mutual Fund,Equity Scheme - Mid Cap Fund
2014-07-08,119775,Kotak Midcap Fund - Direct Plan - Growth,18.729,Kotak Mahindra Mutual Fund,Equity Scheme - Mid Cap Fund
2014-07-09,119775,Kotak Midcap Fund - Direct Plan - Growth,18.587,Kotak Mahindra Mutual Fund,Equity Scheme - Mid Cap Fund
2014-07-10,119775,Kotak Midcap Fund - Direct Plan - Growth,18.554,Kotak Mahindra Mutual Fund,Equity Scheme - Mid Cap Fund
2014-07-11,119775,Kotak Midcap Fund - Direct Plan - Growth,18.271,Kotak Mahindra Mutual Fund,Equity Scheme - Mid Cap Fund
2014-07-14,119775,Kotak Midcap Fund - Direct Plan - Growth,18.284,Kotak Mahindra Mutual Fund,Equity Scheme - Mid Cap Fund
2014-07-15,119775,Kotak Midcap Fund - Direct Plan - Growth,18.63,Kotak Mahindra Mutual Fund,Equity Scheme - Mid Cap Fund
2014-07-16,119775,Kotak Midcap Fund - Direct Plan - Growth,18.794,Kotak Mahindra Mutual Fund,Equity Scheme - Mid Cap Fund
2014-07-17,119775,Kotak Midcap Fund - Direct Plan - Growth,18.975,Kotak Mahindra Mutual Fund,Equity Scheme - Mid Cap Fund
2014-07-18,119775,Kotak Midcap Fund - Direct Plan - Growth,19.004,Kotak Mahindra Mutual Fund,Equity Scheme - Mid Cap Fund
2014-07-21,119775,Kotak Midcap Fund - Direct Plan - Growth,19.069,Kotak Mahindra Mutual Fund,Equity Scheme - Mid Cap Fund
2014-07-22,119775,Kotak Midcap Fund - Direct Plan - Growth,19.139,Kotak Mahindra Mutual Fund,Equity Scheme - Mid Cap Fund
2014-07-23,119775,Kotak Midcap Fund - Direct Plan - Growth,19.123,Kotak Mahindra Mutual Fund,Equity Scheme - Mid Cap Fund
2014-07-24,119775,Kotak Midcap Fund - Direct Plan - Growth,19.16,Kotak Mahindra Mutual Fund,Equity Scheme - Mid Cap Fund
2014-07-25,119775,Kotak Midcap Fund - Direct Plan - Growth,18.972,Kotak Mahindra Mutual Fund,Equity Scheme - Mid Cap Fund
2014-07-28,119775,Kotak Midcap Fund - Direct Plan - Growth,18.956,Kotak Mahindra Mutual Fund,Equity Scheme - Mid Cap Fund
2014-07-30,119775,Kotak Midcap Fund - Direct Plan - Growth,19.063,Kotak Mahindra Mutual Fund,Equity Scheme - Mid Cap Fund
2014-07-31,119775,Kotak Midcap Fund - Direct Plan - Growth,19.063,Kotak Mahindra Mutual Fund,Equity Scheme - Mid Cap Fund
2014-08-01,119775,Kotak Midcap Fund - Direct Plan - Growth,18.971,Kotak Mahindra Mutual Fund,Equity Scheme - Mid Cap Fund
2014-08-04,119775,Kotak Midcap Fund - Direct Plan - Growth,19.092,Kotak Mahindra Mutual Fund,Equity Scheme - Mid Cap Fund
2014-08-05,119775,Kotak Midcap Fund - Direct Plan - Growth,19.324,Kotak Mahindra Mutual Fund,Equity Scheme - Mid Cap Fund
2014-08-06,119775,Kotak Midcap Fund - Direct Plan - Growth,19.276,Kotak Mahindra Mutual Fund,Equity Scheme - Mid Cap Fund
2014-08-07,119775,Kotak Midcap Fund - Direct Plan - Growth,19.239,Kotak Mahindra Mutual Fund,Equity Scheme - Mid Cap Fund
2014-08-08,119775,Kotak Midcap Fund - Direct Plan - Growth,18.986,Kotak Mahindra Mutual Fund,Equity Scheme - Mid Cap Fund
2014-08-11,119775,Kotak Midcap Fund - Direct Plan - Growth,19.147,Kotak Mahindra Mutual Fund,Equity Scheme - Mid Cap Fund
2014-08-12,119775,Kotak Midcap Fund - Direct Plan - Growth,19.336,Kotak Mahindra Mutual Fund,Equity Scheme - Mid Cap Fund
2014-08-13,119775,Kotak Midcap Fund - Direct Plan - Growth,19.192,Kotak Mahindra Mutual Fund,Equity Scheme - Mid Cap Fund
2014-08-14,119775,Kotak Midcap Fund - Direct Plan - Growth,19.46,Kotak Mahindra Mutual Fund,Equity Scheme - Mid Cap Fund
2014-08-18,119775,Kotak Midcap Fund - Direct Plan - Growth,19.777,Kotak Mahindra Mutual Fund,Equity Scheme - Mid Cap Fund
2014-08-19,119775,Kotak Midcap Fund - Direct Plan - Growth,19.961,Kotak Mahindra Mutual Fund,Equity Scheme - Mid Cap Fund
2014-08-20,119775,Kotak Midcap Fund - Direct Plan - Growth,19.983,Kotak Mahindra Mutual Fund,Equity Scheme - Mid Cap Fund
2014-08-21,119775,Kotak Midcap Fund - Direct Plan - Growth,20.112,Kotak Mahindra Mutual Fund,Equity Scheme - Mid Cap Fund
2014-08-22,119775,Kotak Midcap Fund - Direct Plan - Growth,20.265,Kotak Mahindra Mutual Fund,Equity Scheme - Mid Cap Fund
2014-08-25,119775,Kotak Midcap Fund - Direct Plan - Growth,20.214,Kotak Mahindra Mutual Fund,Equity Scheme - Mid Cap Fund
2014-08-26,119775,Kotak Midcap Fund - Direct Plan - Growth,20.239,Kotak Mahindra Mutual Fund,Equity Scheme - Mid Cap Fund
2014-08-27,119775,Kotak Midcap Fund - Direct Plan - Growth,20.417,Kotak Mahindra Mutual Fund,Equity Scheme - Mid Cap Fund
2014-08-28,119775,Kotak Midcap Fund - Direct Plan - Growth,20.38,Kotak Mahindra Mutual Fund,Equity Scheme - Mid Cap Fund
2014-09-01,119775,Kotak Midcap Fund - Direct Plan - Growth,20.61,Kotak Mahindra Mutual Fund,Equity Scheme - Mid Cap Fund
2014-09-02,119775,Kotak Midcap Fund - Direct Plan - Growth,20.782,Kotak Mahindra Mutual Fund,Equity Scheme - Mid Cap Fund
2014-09-03,119775,Kotak Midcap Fund - Direct Plan - Growth,20.859,Kotak Mahindra Mutual Fund,Equity Scheme - Mid Cap Fund
2014-09-04,119775,Kotak Midcap Fund - Direct Plan - Growth,20.877,Kotak Mahindra Mutual Fund,Equity Scheme - Mid Cap Fund
2014-09-05,119775,Kotak Midcap Fund - Direct Plan - Growth,21.054,Kotak Mahindra Mutual Fund,Equity Scheme - Mid Cap Fund
2014-09-08,119775,Kotak Midcap Fund - Direct Plan - Growth,21.401,Kotak Mahindra Mutual Fund,Equity Scheme - Mid Cap Fund
2014-09-09,119775,Kotak Midcap Fund - Direct Plan - Growth,21.481,Kotak Mahindra Mutual Fund,Equity Scheme - Mid Cap Fund
2014-09-10,119775,Kotak Midcap Fund - Direct Plan - Growth,21.481,Kotak Mahindra Mutual Fund,Equity Scheme - Mid Cap Fund
2014-09-11,119775,Kotak Midcap Fund - Direct Plan - Growth,21.648,Kotak Mahindra Mutual Fund,Equity Scheme - Mid Cap Fund
2014-09-12,119775,Kotak Midcap Fund - Direct Plan - Growth,21.849,Kotak Mahindra Mutual Fund,Equity Scheme - Mid Cap Fund
2014-09-15,119775,Kotak Midcap Fund - Direct Plan - Growth,21.816,Kotak Mahindra Mutual Fund,Equity Scheme - Mid Cap Fund
2014-09-16,119775,Kotak Midcap Fund - Direct Plan - Growth,21.205,Kotak Mahindra Mutual Fund,Equity Scheme - Mid Cap Fund
2014-09-17,119775,Kotak Midcap Fund - Direct Plan - Growth,21.264,Kotak Mahindra Mutual Fund,Equity Scheme - Mid Cap Fund
2014-09-18,119775,Kotak Midcap Fund - Direct Plan - Growth,21.623,Kotak Mahindra Mutual Fund,Equity Scheme - Mid Cap Fund
2014-09-19,119775,Kotak Midcap Fund - Direct Plan - Growth,21.691,Kotak Mahindra Mutual Fund,Equity Scheme - Mid Cap Fund
2014-09-22,119775,Kotak Midcap Fund - Direct Plan - Growth,21.862,Kotak Mahindra Mutual Fund,Equity Scheme - Mid Cap Fund
2014-09-23,119775,Kotak Midcap Fund - Direct Plan - Growth,21.621,Kotak Mahindra Mutual Fund,Equity Scheme - Mid Cap Fund
2014-09-24,119775,Kotak Midcap Fund - Direct Plan - Growth,21.459,Kotak Mahindra Mutual Fund,Equity Scheme - Mid Cap Fund
2014-09-25,119775,Kotak Midcap Fund - Direct Plan - Growth,21.043,Kotak Mahindra Mutual Fund,Equity Scheme - Mid Cap Fund
2014-09-26,119775,Kotak Midcap Fund - Direct Plan - Growth,21.144,Kotak Mahindra Mutual Fund,Equity Scheme - Mid Cap Fund
2014-09-29,119775,Kotak Midcap Fund - Direct Plan - Growth,21.441,Kotak Mahindra Mutual Fund,Equity Scheme - Mid Cap Fund
2014-09-30,119775,Kotak Midcap Fund - Direct Plan - Growth,21.452,Kotak Mahindra Mutual Fund,Equity Scheme - Mid Cap Fund
2014-10-01,119775,Kotak Midcap Fund - Direct Plan - Growth,21.459,Kotak Mahindra Mutual Fund,Equity Scheme - Mid Cap Fund
2014-10-07,119775,Kotak Midcap Fund - Direct Plan - Growth,21.249,Kotak Mahindra Mutual Fund,Equity Scheme - Mid Cap Fund
2014-10-08,119775,Kotak Midcap Fund - Direct Plan - Growth,21.175,Kotak Mahindra Mutual Fund,Equity Scheme - Mid Cap Fund
2014-10-09,119775,Kotak Midcap Fund - Direct Plan - Growth,21.474,Kotak Mahindra Mutual Fund,Equity Scheme - Mid Cap Fund
2014-10-10,119775,Kotak Midcap Fund - Direct Plan - Growth,21.255,Kotak Mahindra Mutual Fund,Equity Scheme - Mid Cap Fund
2014-10-13,119775,Kotak Midcap Fund - Direct Plan - Growth,21.272,Kotak Mahindra Mutual Fund,Equity Scheme - Mid Cap Fund
2014-10-14,119775,Kotak Midcap Fund - Direct Plan - Growth,21.268,Kotak Mahindra Mutual Fund,Equity Scheme - Mid Cap Fund
2014-10-16,119775,Kotak Midcap Fund - Direct Plan - Growth,20.897,Kotak Mahindra Mutual Fund,Equity Scheme - Mid Cap Fund
2014-10-17,119775,Kotak Midcap Fund - Direct Plan - Growth,20.964,Kotak Mahindra Mutual Fund,Equity Scheme - Mid Cap Fund
2014-10-20,119775,Kotak Midcap Fund - Direct Plan - Growth,21.051,Kotak Mahindra Mutual Fund,Equity Scheme - Mid Cap Fund
2014-10-21,119775,Kotak Midcap Fund - Direct Plan - Growth,21.214,Kotak Mahindra Mutual Fund,Equity Scheme - Mid Cap Fund
2014-10-22,119775,Kotak Midcap Fund - Direct Plan - Growth,21.423,Kotak Mahindra Mutual Fund,Equity Scheme - Mid Cap Fund
2014-10-27,119775,Kotak Midcap Fund - Direct Plan - Growth,21.608,Kotak Mahindra Mutual Fund,Equity Scheme - Mid Cap Fund
2014-10-28,119775,Kotak Midcap Fund - Direct Plan - Growth,21.763,Kotak Mahindra Mutual Fund,Equity Scheme - Mid Cap Fund
2014-10-29,119775,Kotak Midcap Fund - Direct Plan - Growth,21.994,Kotak Mahindra Mutual Fund,Equity Scheme - Mid Cap Fund
2014-10-30,119775,Kotak Midcap Fund - Direct Plan - Growth,22.166,Kotak Mahindra Mutual Fund,Equity Scheme - Mid Cap Fund
2014-10-31,119775,Kotak Midcap Fund - Direct Plan - Growth,22.457,Kotak Mahindra Mutual Fund,Equity Scheme - Mid Cap Fund
2014-11-03,119775,Kotak Midcap Fund - Direct Plan - Growth,22.61,Kotak Mahindra Mutual Fund,Equity Scheme - Mid Cap Fund
2014-11-05,119775,Kotak Midcap Fund - Direct Plan - Growth,22.855,Kotak Mahindra Mutual Fund,Equity Scheme - Mid Cap Fund
2014-11-07,119775,Kotak Midcap Fund - Direct Plan - Growth,23.021,Kotak Mahindra Mutual Fund,Equity Scheme - Mid Cap Fund
2014-11-10,119775,Kotak Midcap Fund - Direct Plan - Growth,22.993,Kotak Mahindra Mutual Fund,Equity Scheme - Mid Cap Fund
2014-11-11,119775,Kotak Midcap Fund - Direct Plan - Growth,23.023,Kotak Mahindra Mutual Fund,Equity Scheme - Mid Cap Fund
2014-11-12,119775,Kotak Midcap Fund - Direct Plan - Growth,23.212,Kotak Mahindra Mutual Fund,Equity Scheme - Mid Cap Fund
2014-11-13,119775,Kotak Midcap Fund - Direct Plan - Growth,23.181,Kotak Mahindra Mutual Fund,Equity Scheme - Mid Cap Fund
2014-11-14,119775,Kotak Midcap Fund - Direct Plan - Growth,23.225,Kotak Mahindra Mutual Fund,Equity Scheme - Mid Cap Fund
2014-11-17,119775,Kotak Midcap Fund - Direct Plan - Growth,23.564,Kotak Mahindra Mutual Fund,Equity Scheme - Mid Cap Fund
2014-11-18,119775,Kotak Midcap Fund - Direct Plan - Growth,23.656,Kotak Mahindra Mutual Fund,Equity Scheme - Mid Cap Fund
2014-11-19,119775,Kotak Midcap Fund - Direct Plan - Growth,23.599,Kotak Mahindra Mutual Fund,Equity Scheme - Mid Cap Fund
2014-11-20,119775,Kotak Midcap Fund - Direct Plan - Growth,23.532,Kotak Mahindra Mutual Fund,Equity Scheme - Mid Cap Fund
2014-11-21,119775,Kotak Midcap Fund - Direct Plan - Growth,23.651,Kotak Mahindra Mutual Fund,Equity Scheme - Mid Cap Fund
2014-11-24,119775,Kotak Midcap Fund - Direct Plan - Growth,23.713,Kotak Mahindra Mutual Fund,Equity Scheme - Mid Cap Fund
2014-11-25,119775,Kotak Midcap Fund - Direct Plan - Growth,23.476,Kotak Mahindra Mutual Fund,Equity Scheme - Mid Cap Fund
2014-11-26,119775,Kotak Midcap Fund - Direct Plan - Growth,23.591,Kotak Mahindra Mutual Fund,Equity Scheme - Mid Cap Fund
2014-11-27,119775,Kotak Midcap Fund - Direct Plan - Growth,23.715,Kotak Mahindra Mutual Fund,Equity Scheme - Mid Cap Fund
2014-11-28,119775,Kotak Midcap Fund - Direct Plan - Growth,23.871,Kotak Mahindra Mutual Fund,Equity Scheme - Mid Cap Fund
2014-12-01,119775,Kotak Midcap Fund - Direct Plan - Growth,23.912,Kotak Mahindra Mutual Fund,Equity Scheme - Mid Cap Fund
2014-12-02,119775,Kotak Midcap Fund - Direct Plan - Growth,23.944,Kotak Mahindra Mutual Fund,Equity Scheme - Mid Cap Fund
2014-12-03,119775,Kotak Midcap Fund - Direct Plan - Growth,24.273,Kotak Mahindra Mutual Fund,Equity Scheme - Mid Cap Fund
2014-12-04,119775,Kotak Midcap Fund - Direct Plan - Growth,24.471,Kotak Mahindra Mutual Fund,Equity Scheme - Mid Cap Fund
2014-12-05,119775,Kotak Midcap Fund - Direct Plan - Growth,24.509,Kotak Mahindra Mutual Fund,Equity Scheme - Mid Cap Fund
2014-12-08,119775,Kotak Midcap Fund - Direct Plan - Growth,24.176,Kotak Mahindra Mutual Fund,Equity Scheme - Mid Cap Fund
2014-12-09,119775,Kotak Midcap Fund - Direct Plan - Growth,23.925,Kotak Mahindra Mutual Fund,Equity Scheme - Mid Cap Fund
2014-12-10,119775,Kotak Midcap Fund - Direct Plan - Growth,24.102,Kotak Mahindra Mutual Fund,Equity Scheme - Mid Cap Fund
2014-12-11,119775,Kotak Midcap Fund - Direct Plan - Growth,24.101,Kotak Mahindra Mutual Fund,Equity Scheme - Mid Cap Fund
2014-12-12,119775,Kotak Midcap Fund - Direct Plan - Growth,23.914,Kotak Mahindra Mutual Fund,Equity Scheme - Mid Cap Fund
2014-12-15,119775,Kotak Midcap Fund - Direct Plan - Growth,23.88,Kotak Mahindra Mutual Fund,Equity Scheme - Mid Cap Fund
2014-12-16,119775,Kotak Midcap Fund - Direct Plan - Growth,23.281,Kotak Mahindra Mutual Fund,Equity Scheme - Mid Cap Fund
2014-12-17,119775,Kotak Midcap Fund - Direct Plan - Growth,23.2,Kotak Mahindra Mutual Fund,Equity Scheme - Mid Cap Fund
2014-12-18,119775,Kotak Midcap Fund - Direct Plan - Growth,23.777,Kotak Mahindra Mutual Fund,Equity Scheme - Mid Cap Fund
2014-12-19,119775,Kotak Midcap Fund - Direct Plan - Growth,24.076,Kotak Mahindra Mutual Fund,Equity Scheme - Mid Cap Fund
2014-12-22,119775,Kotak Midcap Fund - Direct Plan - Growth,24.317,Kotak Mahindra Mutual Fund,Equity Scheme - Mid Cap Fund
2014-12-23,119775,Kotak Midcap Fund - Direct Plan - Growth,24.237,Kotak Mahindra Mutual Fund,Equity Scheme - Mid Cap Fund
2014-12-24,119775,Kotak Midcap Fund - Direct Plan - Growth,24.256,Kotak Mahindra Mutual Fund,Equity Scheme - Mid Cap Fund
2014-12-26,119775,Kotak Midcap Fund - Direct Plan - Growth,24.309,Kotak Mahindra Mutual Fund,Equity Scheme - Mid Cap Fund
2014-12-29,119775,Kotak Midcap Fund - Direct Plan - Growth,24.523,Kotak Mahindra Mutual Fund,Equity Scheme - Mid Cap Fund
2014-12-30,119775,Kotak Midcap Fund - Direct Plan - Growth,24.685,Kotak Mahindra Mutual Fund,Equity Scheme - Mid Cap Fund
2014-12-31,119775,Kotak Midcap Fund - Direct Plan - Growth,24.943,Kotak Mahindra Mutual Fund,Equity Scheme - Mid Cap Fund
2015-01-01,119775,Kotak Midcap Fund - Direct Plan - Growth,25.005,Kotak Mahindra Mutual Fund,Equity Scheme - Mid Cap Fund
2015-01-02,119775,Kotak Midcap Fund - Direct Plan - Growth,25.287,Kotak Mahindra Mutual Fund,Equity Scheme - Mid Cap Fund
2015-01-05,119775,Kotak Midcap Fund - Direct Plan - Growth,25.265,Kotak Mahindra Mutual Fund,Equity Scheme - Mid Cap Fund
2015-01-06,119775,Kotak Midcap Fund - Direct Plan - Growth,24.715,Kotak Mahindra Mutual Fund,Equity Scheme - Mid Cap Fund
2015-01-07,119775,Kotak Midcap Fund - Direct Plan - Growth,24.689,Kotak Mahindra Mutual Fund,Equity Scheme - Mid Cap Fund
2015-01-08,119775,Kotak Midcap Fund - Direct Plan - Growth,25.037,Kotak Mahindra Mutual Fund,Equity Scheme - Mid Cap Fund
2015-01-09,119775,Kotak Midcap Fund - Direct Plan - Growth,25.211,Kotak Mahindra Mutual Fund,Equity Scheme - Mid Cap Fund
2015-01-12,119775,Kotak Midcap Fund - Direct Plan - Growth,25.359,Kotak Mahindra Mutual Fund,Equity Scheme - Mid Cap Fund
2015-01-13,119775,Kotak Midcap Fund - Direct Plan - Growth,25.428,Kotak Mahindra Mutual Fund,Equity Scheme - Mid Cap Fund
2015-01-14,119775,Kotak Midcap Fund - Direct Plan - Growth,25.442,Kotak Mahindra Mutual Fund,Equity Scheme - Mid Cap Fund
2015-01-15,119775,Kotak Midcap Fund - Direct Plan - Growth,25.644,Kotak Mahindra Mutual Fund,Equity Scheme - Mid Cap Fund
2015-01-16,119775,Kotak Midcap Fund - Direct Plan - Growth,25.658,Kotak Mahindra Mutual Fund,Equity Scheme - Mid Cap Fund
2015-01-19,119775,Kotak Midcap Fund - Direct Plan - Growth,25.803,Kotak Mahindra Mutual Fund,Equity Scheme - Mid Cap Fund
2015-01-20,119775,Kotak Midcap Fund - Direct Plan - Growth,26.052,Kotak Mahindra Mutual Fund,Equity Scheme - Mid Cap Fund
2015-01-21,119775,Kotak Midcap Fund - Direct Plan - Growth,26.101,Kotak Mahindra Mutual Fund,Equity Scheme - Mid Cap Fund
2015-01-22,119775,Kotak Midcap Fund - Direct Plan - Growth,26.133,Kotak Mahindra Mutual Fund,Equity Scheme - Mid Cap Fund
2015-01-23,119775,Kotak Midcap Fund - Direct Plan - Growth,26.116,Kotak Mahindra Mutual Fund,Equity Scheme - Mid Cap Fund
2015-01-27,119775,Kotak Midcap Fund - Direct Plan - Growth,26.276,Kotak Mahindra Mutual Fund,Equity Scheme - Mid Cap Fund
2015-01-28,119775,Kotak Midcap Fund - Direct Plan - Growth,26.385,Kotak Mahindra Mutual Fund,Equity Scheme - Mid Cap Fund
2015-01-29,119775,Kotak Midcap Fund - Direct Plan - Growth,26.318,Kotak Mahindra Mutual Fund,Equity Scheme - Mid Cap Fund
2015-01-30,119775,Kotak Midcap Fund - Direct Plan - Growth,25.99,Kotak Mahindra Mutual Fund,Equity Scheme - Mid Cap Fund
2015-02-02,119775,Kotak Midcap Fund - Direct Plan - Growth,26.034,Kotak Mahindra Mutual Fund,Equity Scheme - Mid Cap Fund
2015-02-03,119775,Kotak Midcap Fund - Direct Plan - Growth,25.929,Kotak Mahindra Mutual Fund,Equity Scheme - Mid Cap Fund
2015-02-04,119775,Kotak Midcap Fund - Direct Plan - Growth,25.836,Kotak Mahindra Mutual Fund,Equity Scheme - Mid Cap Fund
2015-02-05,119775,Kotak Midcap Fund - Direct Plan - Growth,25.607,Kotak Mahindra Mutual Fund,Equity Scheme - Mid Cap Fund
2015-02-06,119775,Kotak Midcap Fund - Direct Plan - Growth,25.31,Kotak Mahindra Mutual Fund,Equity Scheme - Mid Cap Fund
2015-02-09,119775,Kotak Midcap Fund - Direct Plan - Growth,25.044,Kotak Mahindra Mutual Fund,Equity Scheme - Mid Cap Fund
2015-02-10,119775,Kotak Midcap Fund - Direct Plan - Growth,25.101,Kotak Mahindra Mutual Fund,Equity Scheme - Mid Cap Fund
2015-02-11,119775,Kotak Midcap Fund - Direct Plan - Growth,25.313,Kotak Mahindra Mutual Fund,Equity Scheme - Mid Cap Fund
2015-02-12,119775,Kotak Midcap Fund - Direct Plan - Growth,25.509,Kotak Mahindra Mutual Fund,Equity Scheme - Mid Cap Fund
2015-02-13,119775,Kotak Midcap Fund - Direct Plan - Growth,25.787,Kotak Mahindra Mutual Fund,Equity Scheme - Mid Cap Fund
2015-02-16,119775,Kotak Midcap Fund - Direct Plan - Growth,25.867,Kotak Mahindra Mutual Fund,Equity Scheme - Mid Cap Fund
2015-02-18,119775,Kotak Midcap Fund - Direct Plan - Growth,26.104,Kotak Mahindra Mutual Fund,Equity Scheme - Mid Cap Fund
2015-02-19,119775,Kotak Midcap Fund - Direct Plan - Growth,26.113,Kotak Mahindra Mutual Fund,Equity Scheme - Mid Cap Fund
2015-02-20,119775,Kotak Midcap Fund - Direct Plan - Growth,26.147,Kotak Mahindra Mutual Fund,Equity Scheme - Mid Cap Fund
2015-02-23,119775,Kotak Midcap Fund - Direct Plan - Growth,26.027,Kotak Mahindra Mutual Fund,Equity Scheme - Mid Cap Fund
2015-02-24,119775,Kotak Midcap Fund - Direct Plan - Growth,25.868,Kotak Mahindra Mutual Fund,Equity Scheme - Mid Cap Fund
2015-02-25,119775,Kotak Midcap Fund - Direct Plan - Growth,25.833,Kotak Mahindra Mutual Fund,Equity Scheme - Mid Cap Fund
2015-02-26,119775,Kotak Midcap Fund - Direct Plan - Growth,25.633,Kotak Mahindra Mutual Fund,Equity Scheme - Mid Cap Fund
2015-02-27,119775,Kotak Midcap Fund - Direct Plan - Growth,26.068,Kotak Mahindra Mutual Fund,Equity Scheme - Mid Cap Fund
2015-03-02,119775,Kotak Midcap Fund - Direct Plan - Growth,26.584,Kotak Mahindra Mutual Fund,Equity Scheme - Mid Cap Fund
2015-03-03,119775,Kotak Midcap Fund - Direct Plan - Growth,26.818,Kotak Mahindra Mutual Fund,Equity Scheme - Mid Cap Fund
2015-03-04,119775,Kotak Midcap Fund - Direct Plan - Growth,26.579,Kotak Mahindra Mutual Fund,Equity Scheme - Mid Cap Fund
2015-03-05,119775,Kotak Midcap Fund - Direct Plan - Growth,26.803,Kotak Mahindra Mutual Fund,Equity Scheme - Mid Cap Fund
2015-03-09,119775,Kotak Midcap Fund - Direct Plan - Growth,26.579,Kotak Mahindra Mutual Fund,Equity Scheme - Mid Cap Fund
2015-03-10,119775,Kotak Midcap Fund - Direct Plan - Growth,26.472,Kotak Mahindra Mutual Fund,Equity Scheme - Mid Cap Fund
2015-03-11,119775,Kotak Midcap Fund - Direct Plan - Growth,26.513,Kotak Mahindra Mutual Fund,Equity Scheme - Mid Cap Fund
2015-03-12,119775,Kotak Midcap Fund - Direct Plan - Growth,26.596,Kotak Mahindra Mutual Fund,Equity Scheme - Mid Cap Fund
2015-03-13,119775,Kotak Midcap Fund - Direct Plan - Growth,26.325,Kotak Mahindra Mutual Fund,Equity Scheme - Mid Cap Fund
2015-03-16,119775,Kotak Midcap Fund - Direct Plan - Growth,26.268,Kotak Mahindra Mutual Fund,Equity Scheme - Mid Cap Fund
2015-03-17,119775,Kotak Midcap Fund - Direct Plan - Growth,26.5,Kotak Mahindra Mutual Fund,Equity Scheme - Mid Cap Fund
2015-03-18,119775,Kotak Midcap Fund - Direct Plan - Growth,26.604,Kotak Mahindra Mutual Fund,Equity Scheme - Mid Cap Fund
2015-03-19,119775,Kotak Midcap Fund - Direct Plan - Growth,26.412,Kotak Mahindra Mutual Fund,Equity Scheme - Mid Cap Fund
2015-03-20,119775,Kotak Midcap Fund - Direct Plan - Growth,26.126,Kotak Mahindra Mutual Fund,Equity Scheme - Mid Cap Fund
2015-03-23,119775,Kotak Midcap Fund - Direct Plan - Growth,25.977,Kotak Mahindra Mutual Fund,Equity Scheme - Mid Cap Fund
2015-03-24,119775,Kotak Midcap Fund - Direct Plan - Growth,25.853,Kotak Mahindra Mutual Fund,Equity Scheme - Mid Cap Fund
2015-03-25,119775,Kotak Midcap Fund - Direct Plan - Growth,25.836,Kotak Mahindra Mutual Fund,Equity Scheme - Mid Cap Fund
2015-03-26,119775,Kotak Midcap Fund - Direct Plan - Growth,25.605,Kotak Mahindra Mutual Fund,Equity Scheme - Mid Cap Fund
2015-03-27,119775,Kotak Midcap Fund - Direct Plan - Growth,25.574,Kotak Mahindra Mutual Fund,Equity Scheme - Mid Cap Fund
2015-03-30,119775,Kotak Midcap Fund - Direct Plan - Growth,26.006,Kotak Mahindra Mutual Fund,Equity Scheme - Mid Cap Fund
2015-03-31,119775,Kotak Midcap Fund - Direct Plan - Growth,26.18,Kotak Mahindra Mutual Fund,Equity Scheme - Mid Cap Fund
2015-04-01,119775,Kotak Midcap Fund - Direct Plan - Growth,26.669,Kotak Mahindra Mutual Fund,Equity Scheme - Mid Cap Fund
2015-04-06,119775,Kotak Midcap Fund - Direct Plan - Growth,27.011,Kotak Mahindra Mutual Fund,Equity Scheme - Mid Cap Fund
2015-04-07,119775,Kotak Midcap Fund - Direct Plan - Growth,27.113,Kotak Mahindra Mutual Fund,Equity Scheme - Mid Cap Fund
2015-04-08,119775,Kotak Midcap Fund - Direct Plan - Growth,27.23,Kotak Mahindra Mutual Fund,Equity Scheme - Mid Cap Fund
2015-04-09,119775,Kotak Midcap Fund - Direct Plan - Growth,27.326,Kotak Mahindra Mutual Fund,Equity Scheme - Mid Cap Fund
2015-04-10,119775,Kotak Midcap Fund - Direct Plan - Growth,27.412,Kotak Mahindra Mutual Fund,Equity Scheme - Mid Cap Fund
2015-04-13,119775,Kotak Midcap Fund - Direct Plan - Growth,27.464,Kotak Mahindra Mutual Fund,Equity Scheme - Mid Cap Fund
2015-04-15,119775,Kotak Midcap Fund - Direct Plan - Growth,27.297,Kotak Mahindra Mutual Fund,Equity Scheme - Mid Cap Fund
2015-04-16,119775,Kotak Midcap Fund - Direct Plan - Growth,27.099,Kotak Mahindra Mutual Fund,Equity Scheme - Mid Cap Fund
2015-04-17,119775,Kotak Midcap Fund - Direct Plan - Growth,26.736,Kotak Mahindra Mutual Fund,Equity Scheme - Mid Cap Fund
2015-04-20,119775,Kotak Midcap Fund - Direct Plan - Growth,26.24,Kotak Mahindra Mutual Fund,Equity Scheme - Mid Cap Fund
2015-04-21,119775,Kotak Midcap Fund - Direct Plan - Growth,26.045,Kotak Mahindra Mutual Fund,Equity Scheme - Mid Cap Fund
2015-04-22,119775,Kotak Midcap Fund - Direct Plan - Growth,26.048,Kotak Mahindra Mutual Fund,Equity Scheme - Mid Cap Fund
2015-04-23,119775,Kotak Midcap Fund - Direct Plan - Growth,26.117,Kotak Mahindra Mutual Fund,Equity Scheme - Mid Cap Fund
2015-04-24,119775,Kotak Midcap Fund - Direct Plan - Growth,25.697,Kotak Mahindra Mutual Fund,Equity Scheme - Mid Cap Fund
2015-04-27,119775,Kotak Midcap Fund - Direct Plan - Growth,25.123,Kotak Mahindra Mutual Fund,Equity Scheme - Mid Cap Fund
2015-04-28,119775,Kotak Midcap Fund - Direct Plan - Growth,25.471,Kotak Mahindra Mutual Fund,Equity Scheme - Mid Cap Fund
2015-04-29,119775,Kotak Midcap Fund - Direct Plan - Growth,25.631,Kotak Mahindra Mutual Fund,Equity Scheme - Mid Cap Fund
2015-04-30,119775,Kotak Midcap Fund - Direct Plan - Growth,25.599,Kotak Mahindra Mutual Fund,Equity Scheme - Mid Cap Fund
2015-05-04,119775,Kotak Midcap Fund - Direct Plan - Growth,25.974,Kotak Mahindra Mutual Fund,Equity Scheme - Mid Cap Fund
2015-05-05,119775,Kotak Midcap Fund - Direct Plan - Growth,26.01,Kotak Mahindra Mutual Fund,Equity Scheme - Mid Cap Fund
2015-05-06,119775,Kotak Midcap Fund - Direct Plan - Growth,25.359,Kotak Mahindra Mutual Fund,Equity Scheme - Mid Cap Fund
2015-05-07,119775,Kotak Midcap Fund - Direct Plan - Growth,24.922,Kotak Mahindra Mutual Fund,Equity Scheme - Mid Cap Fund
2015-05-08,119775,Kotak Midcap Fund - Direct Plan - Growth,25.235,Kotak Mahindra Mutual Fund,Equity Scheme - Mid Cap Fund
2015-05-11,119775,Kotak Midcap Fund - Direct Plan - Growth,25.533,Kotak Mahindra Mutual Fund,Equity Scheme - Mid Cap Fund
2015-05-12,119775,Kotak Midcap Fund - Direct Plan - Growth,25.167,Kotak Mahindra Mutual Fund,Equity Scheme - Mid Cap Fund
2015-05-13,119775,Kotak Midcap Fund - Direct Plan - Growth,25.523,Kotak Mahindra Mutual Fund,Equity Scheme - Mid Cap Fund
2015-05-14,119775,Kotak Midcap Fund - Direct Plan - Growth,25.672,Kotak Mahindra Mutual Fund,Equity Scheme - Mid Cap Fund
2015-05-15,119775,Kotak Midcap Fund - Direct Plan - Growth,26.02,Kotak Mahindra Mutual Fund,Equity Scheme - Mid Cap Fund
2015-05-18,119775,Kotak Midcap Fund - Direct Plan - Growth,26.145,Kotak Mahindra Mutual Fund,Equity Scheme - Mid Cap Fund
2015-05-19,119775,Kotak Midcap Fund - Direct Plan - Growth,26.311,Kotak Mahindra Mutual Fund,Equity Scheme - Mid Cap Fund
2015-05-20,119775,Kotak Midcap Fund - Direct Plan - Growth,26.294,Kotak Mahindra Mutual Fund,Equity Scheme - Mid Cap Fund
2015-05-21,119775,Kotak Midcap Fund - Direct Plan - Growth,26.339,Kotak Mahindra Mutual Fund,Equity Scheme - Mid Cap Fund
2015-05-22,119775,Kotak Midcap Fund - Direct Plan - Growth,26.33,Kotak Mahindra Mutual Fund,Equity Scheme - Mid Cap Fund
2015-05-25,119775,Kotak Midcap Fund - Direct Plan - Growth,26.251,Kotak Mahindra Mutual Fund,Equity Scheme - Mid Cap Fund
2015-05-26,119775,Kotak Midcap Fund - Direct Plan - Growth,26.216,Kotak Mahindra Mutual Fund,Equity Scheme - Mid Cap Fund
2015-05-27,119775,Kotak Midcap Fund - Direct Plan - Growth,26.26,Kotak Mahindra Mutual Fund,Equity Scheme - Mid Cap Fund
2015-05-28,119775,Kotak Midcap Fund - Direct Plan - Growth,26.173,Kotak Mahindra Mutual Fund,Equity Scheme - Mid Cap Fund
2015-05-29,119775,Kotak Midcap Fund - Direct Plan - Growth,26.304,Kotak Mahindra Mutual Fund,Equity Scheme - Mid Cap Fund
2015-06-01,119775,Kotak Midcap Fund - Direct Plan - Growth,26.237,Kotak Mahindra Mutual Fund,Equity Scheme - Mid Cap Fund
2015-06-02,119775,Kotak Midcap Fund - Direct Plan - Growth,25.864,Kotak Mahindra Mutual Fund,Equity Scheme - Mid Cap Fund
2015-06-03,119775,Kotak Midcap Fund - Direct Plan - Growth,25.455,Kotak Mahindra Mutual Fund,Equity Scheme - Mid Cap Fund
2015-06-04,119775,Kotak Midcap Fund - Direct Plan - Growth,25.464,Kotak Mahindra Mutual Fund,Equity Scheme - Mid Cap Fund
2015-06-05,119775,Kotak Midcap Fund - Direct Plan - Growth,25.555,Kotak Mahindra Mutual Fund,Equity Scheme - Mid Cap Fund
2015-06-08,119775,Kotak Midcap Fund - Direct Plan - Growth,25.379,Kotak Mahindra Mutual Fund,Equity Scheme - Mid Cap Fund
2015-06-09,119775,Kotak Midcap Fund - Direct Plan - Growth,25.351,Kotak Mahindra Mutual Fund,Equity Scheme - Mid Cap Fund
2015-06-10,119775,Kotak Midcap Fund - Direct Plan - Growth,25.542,Kotak Mahindra Mutual Fund,Equity Scheme - Mid Cap Fund
2015-06-11,119775,Kotak Midcap Fund - Direct Plan - Growth,25.216,Kotak Mahindra Mutual Fund,Equity Scheme - Mid Cap Fund
2015-06-12,119775,Kotak Midcap Fund - Direct Plan - Growth,25.236,Kotak Mahindra Mutual Fund,Equity Scheme - Mid Cap Fund
2015-06-15,119775,Kotak Midcap Fund - Direct Plan - Growth,25.271,Kotak Mahindra Mutual Fund,Equity Scheme - Mid Cap Fund
2015-06-16,119775,Kotak Midcap Fund - Direct Plan - Growth,25.303,Kotak Mahindra Mutual Fund,Equity Scheme - Mid Cap Fund
2015-06-17,119775,Kotak Midcap Fund - Direct Plan - Growth,25.63,Kotak Mahindra Mutual Fund,Equity Scheme - Mid Cap Fund
2015-06-18,119775,Kotak Midcap Fund - Direct Plan - Growth,25.911,Kotak Mahindra Mutual Fund,Equity Scheme - Mid Cap Fund
2015-06-19,119775,Kotak Midcap Fund - Direct Plan - Growth,25.913,Kotak Mahindra Mutual Fund,Equity Scheme - Mid Cap Fund
2015-06-22,119775,Kotak Midcap Fund - Direct Plan - Growth,26.277,Kotak Mahindra Mutual Fund,Equity Scheme - Mid Cap Fund
2015-06-23,119775,Kotak Midcap Fund - Direct Plan - Growth,26.455,Kotak Mahindra Mutual Fund,Equity Scheme - Mid Cap Fund
2015-06-24,119775,Kotak Midcap Fund - Direct Plan - Growth,26.388,Kotak Mahindra Mutual Fund,Equity Scheme - Mid Cap Fund
2015-06-25,119775,Kotak Midcap Fund - Direct Plan - Growth,26.346,Kotak Mahindra Mutual Fund,Equity Scheme - Mid Cap Fund
2015-06-26,119775,Kotak Midcap Fund - Direct Plan - Growth,26.384,Kotak Mahindra Mutual Fund,Equity Scheme - Mid Cap Fund
2015-06-29,119775,Kotak Midcap Fund - Direct Plan - Growth,26.032,Kotak Mahindra Mutual Fund,Equity Scheme - Mid Cap Fund
2015-06-30,119775,Kotak Midcap Fund - Direct Plan - Growth,26.31,Kotak Mahindra Mutual Fund,Equity Scheme - Mid Cap Fund
2015-07-01,119775,Kotak Midcap Fund - Direct Plan - Growth,26.591,Kotak Mahindra Mutual Fund,Equity Scheme - Mid Cap Fund
2015-07-02,119775,Kotak Midcap Fund - Direct Plan - Growth,26.711,Kotak Mahindra Mutual Fund,Equity Scheme - Mid Cap Fund
2015-07-03,119775,Kotak Midcap Fund - Direct Plan - Growth,26.822,Kotak Mahindra Mutual Fund,Equity Scheme - Mid Cap Fund
2015-07-06,119775,Kotak Midcap Fund - Direct Plan - Growth,27.125,Kotak Mahindra Mutual Fund,Equity Scheme - Mid Cap Fund
2015-07-07,119775,Kotak Midcap Fund - Direct Plan - Growth,27.163,Kotak Mahindra Mutual Fund,Equity Scheme - Mid Cap Fund
2015-07-08,119775,Kotak Midcap Fund - Direct Plan - Growth,26.768,Kotak Mahindra Mutual Fund,Equity Scheme - Mid Cap Fund
2015-07-09,119775,Kotak Midcap Fund - Direct Plan - Growth,26.728,Kotak Mahindra Mutual Fund,Equity Scheme - Mid Cap Fund
2015-07-10,119775,Kotak Midcap Fund - Direct Plan - Growth,26.789,Kotak Mahindra Mutual Fund,Equity Scheme - Mid Cap Fund
2015-07-13,119775,Kotak Midcap Fund - Direct Plan - Growth,27.007,Kotak Mahindra Mutual Fund,Equity Scheme - Mid Cap Fund
2015-07-14,119775,Kotak Midcap Fund - Direct Plan - Growth,27.136,Kotak Mahindra Mutual Fund,Equity Scheme - Mid Cap Fund
2015-07-15,119775,Kotak Midcap Fund - Direct Plan - Growth,27.189,Kotak Mahindra Mutual Fund,Equity Scheme - Mid Cap Fund
2015-07-16,119775,Kotak Midcap Fund - Direct Plan - Growth,27.527,Kotak Mahindra Mutual Fund,Equity Scheme - Mid Cap Fund
2015-07-17,119775,Kotak Midcap Fund - Direct Plan - Growth,27.712,Kotak Mahindra Mutual Fund,Equity Scheme - Mid Cap Fund
2015-07-20,119775,Kotak Midcap Fund - Direct Plan - Growth,27.694,Kotak Mahindra Mutual Fund,Equity Scheme - Mid Cap Fund
2015-07-21,119775,Kotak Midcap Fund - Direct Plan - Growth,27.303,Kotak Mahindra Mutual Fund,Equity Scheme - Mid Cap Fund
2015-07-22,119775,Kotak Midcap Fund - Direct Plan - Growth,27.391,Kotak Mahindra Mutual Fund,Equity Scheme - Mid Cap Fund
2015-07-23,119775,Kotak Midcap Fund - Direct Plan - Growth,27.48,Kotak Mahindra Mutual Fund,Equity Scheme - Mid Cap Fund
2015-07-24,119775,Kotak Midcap Fund - Direct Plan - Growth,27.379,Kotak Mahindra Mutual Fund,Equity Scheme - Mid Cap Fund
2015-07-27,119775,Kotak Midcap Fund - Direct Plan - Growth,27.135,Kotak Mahindra Mutual Fund,Equity Scheme - Mid Cap Fund
2015-07-28,119775,Kotak Midcap Fund - Direct Plan - Growth,27.16,Kotak Mahindra Mutual Fund,Equity Scheme - Mid Cap Fund
2015-07-29,119775,Kotak Midcap Fund - Direct Plan - Growth,27.414,Kotak Mahindra Mutual Fund,Equity Scheme - Mid Cap Fund
2015-07-30,119775,Kotak Midcap Fund - Direct Plan - Growth,27.645,Kotak Mahindra Mutual Fund,Equity Scheme - Mid Cap Fund
2015-07-31,119775,Kotak Midcap Fund - Direct Plan - Growth,27.938,Kotak Mahindra Mutual Fund,Equity Scheme - Mid Cap Fund
2015-08-03,119775,Kotak Midcap Fund - Direct Plan - Growth,28.16,Kotak Mahindra Mutual Fund,Equity Scheme - Mid Cap Fund
2015-08-04,119775,Kotak Midcap Fund - Direct Plan - Growth,28.287,Kotak Mahindra Mutual Fund,Equity Scheme - Mid Cap Fund
2015-08-05,119775,Kotak Midcap Fund - Direct Plan - Growth,28.471,Kotak Mahindra Mutual Fund,Equity Scheme - Mid Cap Fund
2015-08-06,119775,Kotak Midcap Fund - Direct Plan - Growth,28.425,Kotak Mahindra Mutual Fund,Equity Scheme - Mid Cap Fund
2015-08-07,119775,Kotak Midcap Fund - Direct Plan - Growth,28.375,Kotak Mahindra Mutual Fund,Equity Scheme - Mid Cap Fund
2015-08-10,119775,Kotak Midcap Fund - Direct Plan - Growth,28.273,Kotak Mahindra Mutual Fund,Equity Scheme - Mid Cap Fund
2015-08-11,119775,Kotak Midcap Fund - Direct Plan - Growth,28.048,Kotak Mahindra Mutual Fund,Equity Scheme - Mid Cap Fund
2015-08-12,119775,Kotak Midcap Fund - Direct Plan - Growth,27.529,Kotak Mahindra Mutual Fund,Equity Scheme - Mid Cap Fund
2015-08-13,119775,Kotak Midcap Fund - Direct Plan - Growth,27.363,Kotak Mahindra Mutual Fund,Equity Scheme - Mid Cap Fund
2015-08-14,119775,Kotak Midcap Fund - Direct Plan - Growth,27.904,Kotak Mahindra Mutual Fund,Equity Scheme - Mid Cap Fund
2015-08-17,119775,Kotak Midcap Fund - Direct Plan - Growth,28.062,Kotak Mahindra Mutual Fund,Equity Scheme - Mid Cap Fund
2015-08-18,119775,Kotak Midcap Fund - Direct Plan - Growth,28.184,Kotak Mahindra Mutual Fund,Equity Scheme - Mid Cap Fund
2015-08-19,119775,Kotak Midcap Fund - Direct Plan - Growth,28.248,Kotak Mahindra Mutual Fund,Equity Scheme - Mid Cap Fund
2015-08-20,119775,Kotak Midcap Fund - Direct Plan - Growth,27.892,Kotak Mahindra Mutual Fund,Equity Scheme - Mid Cap Fund
2015-08-21,119775,Kotak Midcap Fund - Direct Plan - Growth,27.688,Kotak Mahindra Mutual Fund,Equity Scheme - Mid Cap Fund
2015-08-24,119775,Kotak Midcap Fund - Direct Plan - Growth,25.813,Kotak Mahindra Mutual Fund,Equity Scheme - Mid Cap Fund
2015-08-25,119775,Kotak Midcap Fund - Direct Plan - Growth,26.053,Kotak Mahindra Mutual Fund,Equity Scheme - Mid Cap Fund
2015-08-26,119775,Kotak Midcap Fund - Direct Plan - Growth,25.951,Kotak Mahindra Mutual Fund,Equity Scheme - Mid Cap Fund
2015-08-27,119775,Kotak Midcap Fund - Direct Plan - Growth,26.538,Kotak Mahindra Mutual Fund,Equity Scheme - Mid Cap Fund
2015-08-28,119775,Kotak Midcap Fund - Direct Plan - Growth,26.629,Kotak Mahindra Mutual Fund,Equity Scheme - Mid Cap Fund
2015-08-31,119775,Kotak Midcap Fund - Direct Plan - Growth,26.541,Kotak Mahindra Mutual Fund,Equity Scheme - Mid Cap Fund
2015-09-01,119775,Kotak Midcap Fund - Direct Plan - Growth,26.068,Kotak Mahindra Mutual Fund,Equity Scheme - Mid Cap Fund
2015-09-02,119775,Kotak Midcap Fund - Direct Plan - Growth,26.053,Kotak Mahindra Mutual Fund,Equity Scheme - Mid Cap Fund
2015-09-03,119775,Kotak Midcap Fund - Direct Plan - Growth,26.331,Kotak Mahindra Mutual Fund,Equity Scheme - Mid Cap Fund
2015-09-04,119775,Kotak Midcap Fund - Direct Plan - Growth,25.916,Kotak Mahindra Mutual Fund,Equity Scheme - Mid Cap Fund
2015-09-07,119775,Kotak Midcap Fund - Direct Plan - Growth,25.5,Kotak Mahindra Mutual Fund,Equity Scheme - Mid Cap Fund
2015-09-08,119775,Kotak Midcap Fund - Direct Plan - Growth,25.674,Kotak Mahindra Mutual Fund,Equity Scheme - Mid Cap Fund
2015-09-09,119775,Kotak Midcap Fund - Direct Plan - Growth,26.052,Kotak Mahindra Mutual Fund,Equity Scheme - Mid Cap Fund
2015-09-10,119775,Kotak Midcap Fund - Direct Plan - Growth,25.91,Kotak Mahindra Mutual Fund,Equity Scheme - Mid Cap Fund
2015-09-11,119775,Kotak Midcap Fund - Direct Plan - Growth,26.005,Kotak Mahindra Mutual Fund,Equity Scheme - Mid Cap Fund
2015-09-14,119775,Kotak Midcap Fund - Direct Plan - Growth,26.272,Kotak Mahindra Mutual Fund,Equity Scheme - Mid Cap Fund
2015-09-15,119775,Kotak Midcap Fund - Direct Plan - Growth,26.117,Kotak Mahindra Mutual Fund,Equity Scheme - Mid Cap Fund
2015-09-16,119775,Kotak Midcap Fund - Direct Plan - Growth,26.2,Kotak Mahindra Mutual Fund,Equity Scheme - Mid Cap Fund
2015-09-18,119775,Kotak Midcap Fund - Direct Plan - Growth,26.489,Kotak Mahindra Mutual Fund,Equity Scheme - Mid Cap Fund
2015-09-21,119775,Kotak Midcap Fund - Direct Plan - Growth,26.677,Kotak Mahindra Mutual Fund,Equity Scheme - Mid Cap Fund
2015-09-22,119775,Kotak Midcap Fund - Direct Plan - Growth,26.295,Kotak Mahindra Mutual Fund,Equity Scheme - Mid Cap Fund
2015-09-23,119775,Kotak Midcap Fund - Direct Plan - Growth,26.315,Kotak Mahindra Mutual Fund,Equity Scheme - Mid Cap Fund
2015-09-24,119775,Kotak Midcap Fund - Direct Plan - Growth,26.428,Kotak Mahindra Mutual Fund,Equity Scheme - Mid Cap Fund
2015-09-28,119775,Kotak Midcap Fund - Direct Plan - Growth,26.436,Kotak Mahindra Mutual Fund,Equity Scheme - Mid Cap Fund
2015-09-29,119775,Kotak Midcap Fund - Direct Plan - Growth,26.406,Kotak Mahindra Mutual Fund,Equity Scheme - Mid Cap Fund
2015-09-30,119775,Kotak Midcap Fund - Direct Plan - Growth,26.662,Kotak Mahindra Mutual Fund,Equity Scheme - Mid Cap Fund
2015-10-01,119775,Kotak Midcap Fund - Direct Plan - Growth,26.788,Kotak Mahindra Mutual Fund,Equity Scheme - Mid Cap Fund
2015-10-05,119775,Kotak Midcap Fund - Direct Plan - Growth,27.168,Kotak Mahindra Mutual Fund,Equity Scheme - Mid Cap Fund
2015-10-06,119775,Kotak Midcap Fund - Direct Plan - Growth,27.155,Kotak Mahindra Mutual Fund,Equity Scheme - Mid Cap Fund
2015-10-07,119775,Kotak Midcap Fund - Direct Plan - Growth,27.199,Kotak Mahindra Mutual Fund,Equity Scheme - Mid Cap Fund
2015-10-08,119775,Kotak Midcap Fund - Direct Plan - Growth,27.11,Kotak Mahindra Mutual Fund,Equity Scheme - Mid Cap Fund
2015-10-09,119775,Kotak Midcap Fund - Direct Plan - Growth,27.044,Kotak Mahindra Mutual Fund,Equity Scheme - Mid Cap Fund
2015-10-12,119775,Kotak Midcap Fund - Direct Plan - Growth,27.113,Kotak Mahindra Mutual Fund,Equity Scheme - Mid Cap Fund
2015-10-13,119775,Kotak Midcap Fund - Direct Plan - Growth,27.199,Kotak Mahindra Mutual Fund,Equity Scheme - Mid Cap Fund
2015-10-14,119775,Kotak Midcap Fund - Direct Plan - Growth,27.286,Kotak Mahindra Mutual Fund,Equity Scheme - Mid Cap Fund
2015-10-15,119775,Kotak Midcap Fund - Direct Plan - Growth,27.355,Kotak Mahindra Mutual Fund,Equity Scheme - Mid Cap Fund
2015-10-16,119775,Kotak Midcap Fund - Direct Plan - Growth,27.33,Kotak Mahindra Mutual Fund,Equity Scheme - Mid Cap Fund
2015-10-19,119775,Kotak Midcap Fund - Direct Plan - Growth,27.49,Kotak Mahindra Mutual Fund,Equity Scheme - Mid Cap Fund
2015-10-20,119775,Kotak Midcap Fund - Direct Plan - Growth,27.545,Kotak Mahindra Mutual Fund,Equity Scheme - Mid Cap Fund
2015-10-21,119775,Kotak Midcap Fund - Direct Plan - Growth,27.362,Kotak Mahindra Mutual Fund,Equity Scheme - Mid Cap Fund
2015-10-23,119775,Kotak Midcap Fund - Direct Plan - Growth,27.319,Kotak Mahindra Mutual Fund,Equity Scheme - Mid Cap Fund
2015-10-26,119775,Kotak Midcap Fund - Direct Plan - Growth,27.218,Kotak Mahindra Mutual Fund,Equity Scheme - Mid Cap Fund
2015-10-27,119775,Kotak Midcap Fund - Direct Plan - Growth,27.138,Kotak Mahindra Mutual Fund,Equity Scheme - Mid Cap Fund
2015-10-28,119775,Kotak Midcap Fund - Direct Plan - Growth,27.007,Kotak Mahindra Mutual Fund,Equity Scheme - Mid Cap Fund
2015-10-29,119775,Kotak Midcap Fund - Direct Plan - Growth,26.977,Kotak Mahindra Mutual Fund,Equity Scheme - Mid Cap Fund
2015-10-30,119775,Kotak Midcap Fund - Direct Plan - Growth,26.954,Kotak Mahindra Mutual Fund,Equity Scheme - Mid Cap Fund
2015-11-02,119775,Kotak Midcap Fund - Direct Plan - Growth,26.998,Kotak Mahindra Mutual Fund,Equity Scheme - Mid Cap Fund
2015-11-03,119775,Kotak Midcap Fund - Direct Plan - Growth,27.119,Kotak Mahindra Mutual Fund,Equity Scheme - Mid Cap Fund
2015-11-04,119775,Kotak Midcap Fund - Direct Plan - Growth,27.063,Kotak Mahindra Mutual Fund,Equity Scheme - Mid Cap Fund
2015-11-05,119775,Kotak Midcap Fund - Direct Plan - Growth,26.752,Kotak Mahindra Mutual Fund,Equity Scheme - Mid Cap Fund
2015-11-06,119775,Kotak Midcap Fund - Direct Plan - Growth,26.644,Kotak Mahindra Mutual Fund,Equity Scheme - Mid Cap Fund
2015-11-09,119775,Kotak Midcap Fund - Direct Plan - Growth,26.666,Kotak Mahindra Mutual Fund,Equity Scheme - Mid Cap Fund
2015-11-10,119775,Kotak Midcap Fund - Direct Plan - Growth,26.49,Kotak Mahindra Mutual Fund,Equity Scheme - Mid Cap Fund
2015-11-13,119775,Kotak Midcap Fund - Direct Plan - Growth,26.495,Kotak Mahindra Mutual Fund,Equity Scheme - Mid Cap Fund
2015-11-16,119775,Kotak Midcap Fund - Direct Plan - Growth,26.537,Kotak Mahindra Mutual Fund,Equity Scheme - Mid Cap Fund
2015-11-17,119775,Kotak Midcap Fund - Direct Plan - Growth,26.704,Kotak Mahindra Mutual Fund,Equity Scheme - Mid Cap Fund
2015-11-18,119775,Kotak Midcap Fund - Direct Plan - Growth,26.488,Kotak Mahindra Mutual Fund,Equity Scheme - Mid Cap Fund
2015-11-19,119775,Kotak Midcap Fund - Direct Plan - Growth,26.793,Kotak Mahindra Mutual Fund,Equity Scheme - Mid Cap Fund
2015-11-20,119775,Kotak Midcap Fund - Direct Plan - Growth,26.968,Kotak Mahindra Mutual Fund,Equity Scheme - Mid Cap Fund
2015-11-23,119775,Kotak Midcap Fund - Direct Plan - Growth,26.932,Kotak Mahindra Mutual Fund,Equity Scheme - Mid Cap Fund
2015-11-24,119775,Kotak Midcap Fund - Direct Plan - Growth,26.936,Kotak Mahindra Mutual Fund,Equity Scheme - Mid Cap Fund
2015-11-26,119775,Kotak Midcap Fund - Direct Plan - Growth,26.953,Kotak Mahindra Mutual Fund,Equity Scheme - Mid Cap Fund
2015-11-27,119775,Kotak Midcap Fund - Direct Plan - Growth,27.105,Kotak Mahindra Mutual Fund,Equity Scheme - Mid Cap Fund
2015-11-30,119775,Kotak Midcap Fund - Direct Plan - Growth,27.096,Kotak Mahindra Mutual Fund,Equity Scheme - Mid Cap Fund
2015-12-01,119775,Kotak Midcap Fund - Direct Plan - Growth,27.147,Kotak Mahindra Mutual Fund,Equity Scheme - Mid Cap Fund
2015-12-02,119775,Kotak Midcap Fund - Direct Plan - Growth,27.1,Kotak Mahindra Mutual Fund,Equity Scheme - Mid Cap Fund
2015-12-03,119775,Kotak Midcap Fund - Direct Plan - Growth,26.991,Kotak Mahindra Mutual Fund,Equity Scheme - Mid Cap Fund
2015-12-04,119775,Kotak Midcap Fund - Direct Plan - Growth,26.813,Kotak Mahindra Mutual Fund,Equity Scheme - Mid Cap Fund
2015-12-07,119775,Kotak Midcap Fund - Direct Plan - Growth,26.824,Kotak Mahindra Mutual Fund,Equity Scheme - Mid Cap Fund
2015-12-08,119775,Kotak Midcap Fund - Direct Plan - Growth,26.609,Kotak Mahindra Mutual Fund,Equity Scheme - Mid Cap Fund
2015-12-09,119775,Kotak Midcap Fund - Direct Plan - Growth,26.28,Kotak Mahindra Mutual Fund,Equity Scheme - Mid Cap Fund
2015-12-10,119775,Kotak Midcap Fund - Direct Plan - Growth,26.336,Kotak Mahindra Mutual Fund,Equity Scheme - Mid Cap Fund
2015-12-11,119775,Kotak Midcap Fund - Direct Plan - Growth,26.121,Kotak Mahindra Mutual Fund,Equity Scheme - Mid Cap Fund
2015-12-14,119775,Kotak Midcap Fund - Direct Plan - Growth,26.155,Kotak Mahindra Mutual Fund,Equity Scheme - Mid Cap Fund
2015-12-15,119775,Kotak Midcap Fund - Direct Plan - Growth,26.261,Kotak Mahindra Mutual Fund,Equity Scheme - Mid Cap Fund
2015-12-16,119775,Kotak Midcap Fund - Direct Plan - Growth,26.344,Kotak Mahindra Mutual Fund,Equity Scheme - Mid Cap Fund
2015-12-17,119775,Kotak Midcap Fund - Direct Plan - Growth,26.706,Kotak Mahindra Mutual Fund,Equity Scheme - Mid Cap Fund
2015-12-18,119775,Kotak Midcap Fund - Direct Plan - Growth,26.628,Kotak Mahindra Mutual Fund,Equity Scheme - Mid Cap Fund
2015-12-21,119775,Kotak Midcap Fund - Direct Plan - Growth,26.936,Kotak Mahindra Mutual Fund,Equity Scheme - Mid Cap Fund
2015-12-22,119775,Kotak Midcap Fund - Direct Plan - Growth,26.873,Kotak Mahindra Mutual Fund,Equity Scheme - Mid Cap Fund
2015-12-23,119775,Kotak Midcap Fund - Direct Plan - Growth,27.055,Kotak Mahindra Mutual Fund,Equity Scheme - Mid Cap Fund
2015-12-24,119775,Kotak Midcap Fund - Direct Plan - Growth,27.169,Kotak Mahindra Mutual Fund,Equity Scheme - Mid Cap Fund
2015-12-28,119775,Kotak Midcap Fund - Direct Plan - Growth,27.313,Kotak Mahindra Mutual Fund,Equity Scheme - Mid Cap Fund
2015-12-29,119775,Kotak Midcap Fund - Direct Plan - Growth,27.298,Kotak Mahindra Mutual Fund,Equity Scheme - Mid Cap Fund
2015-12-30,119775,Kotak Midcap Fund - Direct Plan - Growth,27.312,Kotak Mahindra Mutual Fund,Equity Scheme - Mid Cap Fund
2015-12-31,119775,Kotak Midcap Fund - Direct Plan - Growth,27.433,Kotak Mahindra Mutual Fund,Equity Scheme - Mid Cap Fund
2016-01-01,119775,Kotak Midcap Fund - Direct Plan - Growth,27.591,Kotak Mahindra Mutual Fund,Equity Scheme - Mid Cap Fund
2016-01-04,119775,Kotak Midcap Fund - Direct Plan - Growth,27.332,Kotak Mahindra Mutual Fund,Equity Scheme - Mid Cap Fund
2016-01-05,119775,Kotak Midcap Fund - Direct Plan - Growth,27.447,Kotak Mahindra Mutual Fund,Equity Scheme - Mid Cap Fund
2016-01-06,119775,Kotak Midcap Fund - Direct Plan - Growth,27.344,Kotak Mahindra Mutual Fund,Equity Scheme - Mid Cap Fund
2016-01-07,119775,Kotak Midcap Fund - Direct Plan - Growth,26.753,Kotak Mahindra Mutual Fund,Equity Scheme - Mid Cap Fund
2016-01-08,119775,Kotak Midcap Fund - Direct Plan - Growth,26.942,Kotak Mahindra Mutual Fund,Equity Scheme - Mid Cap Fund
2016-01-11,119775,Kotak Midcap Fund - Direct Plan - Growth,26.716,Kotak Mahindra Mutual Fund,Equity Scheme - Mid Cap Fund
2016-01-12,119775,Kotak Midcap Fund - Direct Plan - Growth,26.467,Kotak Mahindra Mutual Fund,Equity Scheme - Mid Cap Fund
2016-01-13,119775,Kotak Midcap Fund - Direct Plan - Growth,26.202,Kotak Mahindra Mutual Fund,Equity Scheme - Mid Cap Fund
2016-01-14,119775,Kotak Midcap Fund - Direct Plan - Growth,25.886,Kotak Mahindra Mutual Fund,Equity Scheme - Mid Cap Fund
2016-01-15,119775,Kotak Midcap Fund - Direct Plan - Growth,25.359,Kotak Mahindra Mutual Fund,Equity Scheme - Mid Cap Fund
2016-01-18,119775,Kotak Midcap Fund - Direct Plan - Growth,24.518,Kotak Mahindra Mutual Fund,Equity Scheme - Mid Cap Fund
2016-01-19,119775,Kotak Midcap Fund - Direct Plan - Growth,24.775,Kotak Mahindra Mutual Fund,Equity Scheme - Mid Cap Fund
2016-01-20,119775,Kotak Midcap Fund - Direct Plan - Growth,24.298,Kotak Mahindra Mutual Fund,Equity Scheme - Mid Cap Fund
2016-01-21,119775,Kotak Midcap Fund - Direct Plan - Growth,24.403,Kotak Mahindra Mutual Fund,Equity Scheme - Mid Cap Fund
2016-01-22,119775,Kotak Midcap Fund - Direct Plan - Growth,24.883,Kotak Mahindra Mutual Fund,Equity Scheme - Mid Cap Fund
2016-01-25,119775,Kotak Midcap Fund - Direct Plan - Growth,25.061,Kotak Mahindra Mutual Fund,Equity Scheme - Mid Cap Fund
2016-01-27,119775,Kotak Midcap Fund - Direct Plan - Growth,25.179,Kotak Mahindra Mutual Fund,Equity Scheme - Mid Cap Fund
2016-01-28,119775,Kotak Midcap Fund - Direct Plan - Growth,25.097,Kotak Mahindra Mutual Fund,Equity Scheme - Mid Cap Fund
2016-01-29,119775,Kotak Midcap Fund - Direct Plan - Growth,25.392,Kotak Mahindra Mutual Fund,Equity Scheme - Mid Cap Fund
2016-02-01,119775,Kotak Midcap Fund - Direct Plan - Growth,25.558,Kotak Mahindra Mutual Fund,Equity Scheme - Mid Cap Fund
2016-02-02,119775,Kotak Midcap Fund - Direct Plan - Growth,25.317,Kotak Mahindra Mutual Fund,Equity Scheme - Mid Cap Fund
2016-02-03,119775,Kotak Midcap Fund - Direct Plan - Growth,24.941,Kotak Mahindra Mutual Fund,Equity Scheme - Mid Cap Fund
2016-02-04,119775,Kotak Midcap Fund - Direct Plan - Growth,24.826,Kotak Mahindra Mutual Fund,Equity Scheme - Mid Cap Fund
2016-02-05,119775,Kotak Midcap Fund - Direct Plan - Growth,25.14,Kotak Mahindra Mutual Fund,Equity Scheme - Mid Cap Fund
2016-02-08,119775,Kotak Midcap Fund - Direct Plan - Growth,25.059,Kotak Mahindra Mutual Fund,Equity Scheme - Mid Cap Fund
2016-02-09,119775,Kotak Midcap Fund - Direct Plan - Growth,24.728,Kotak Mahindra Mutual Fund,Equity Scheme - Mid Cap Fund
2016-02-10,119775,Kotak Midcap Fund - Direct Plan - Growth,24.463,Kotak Mahindra Mutual Fund,Equity Scheme - Mid Cap Fund
2016-02-11,119775,Kotak Midcap Fund - Direct Plan - Growth,23.675,Kotak Mahindra Mutual Fund,Equity Scheme - Mid Cap Fund
2016-02-12,119775,Kotak Midcap Fund - Direct Plan - Growth,23.366,Kotak Mahindra Mutual Fund,Equity Scheme - Mid Cap Fund
2016-02-15,119775,Kotak Midcap Fund - Direct Plan - Growth,24.114,Kotak Mahindra Mutual Fund,Equity Scheme - Mid Cap Fund
2016-02-16,119775,Kotak Midcap Fund - Direct Plan - Growth,23.705,Kotak Mahindra Mutual Fund,Equity Scheme - Mid Cap Fund
2016-02-17,119775,Kotak Midcap Fund - Direct Plan - Growth,23.786,Kotak Mahindra Mutual Fund,Equity Scheme - Mid Cap Fund
2016-02-18,119775,Kotak Midcap Fund - Direct Plan - Growth,24.009,Kotak Mahindra Mutual Fund,Equity Scheme - Mid Cap Fund
2016-02-19,119775,Kotak Midcap Fund - Direct Plan - Growth,24.02,Kotak Mahindra Mutual Fund,Equity Scheme - Mid Cap Fund
2016-02-22,119775,Kotak Midcap Fund - Direct Plan - Growth,24.051,Kotak Mahindra Mutual Fund,Equity Scheme - Mid Cap Fund
2016-02-23,119775,Kotak Midcap Fund - Direct Plan - Growth,23.753,Kotak Mahindra Mutual Fund,Equity Scheme - Mid Cap Fund
2016-02-24,119775,Kotak Midcap Fund - Direct Plan - Growth,23.467,Kotak Mahindra Mutual Fund,Equity Scheme - Mid Cap Fund
2016-02-25,119775,Kotak Midcap Fund - Direct Plan - Growth,23.261,Kotak Mahindra Mutual Fund,Equity Scheme - Mid Cap Fund
2016-02-26,119775,Kotak Midcap Fund - Direct Plan - Growth,23.296,Kotak Mahindra Mutual Fund,Equity Scheme - Mid Cap Fund
2016-02-29,119775,Kotak Midcap Fund - Direct Plan - Growth,23.335,Kotak Mahindra Mutual Fund,Equity Scheme - Mid Cap Fund
2016-03-01,119775,Kotak Midcap Fund - Direct Plan - Growth,23.978,Kotak Mahindra Mutual Fund,Equity Scheme - Mid Cap Fund
2016-03-02,119775,Kotak Midcap Fund - Direct Plan - Growth,24.47,Kotak Mahindra Mutual Fund,Equity Scheme - Mid Cap Fund
2016-03-03,119775,Kotak Midcap Fund - Direct Plan - Growth,24.631,Kotak Mahindra Mutual Fund,Equity Scheme - Mid Cap Fund
2016-03-04,119775,Kotak Midcap Fund - Direct Plan - Growth,24.76,Kotak Mahindra Mutual Fund,Equity Scheme - Mid Cap Fund
2016-03-08,119775,Kotak Midcap Fund - Direct Plan - Growth,24.722,Kotak Mahindra Mutual Fund,Equity Scheme - Mid Cap Fund
2016-03-09,119775,Kotak Midcap Fund - Direct Plan - Growth,24.735,Kotak Mahindra Mutual Fund,Equity Scheme - Mid Cap Fund
2016-03-10,119775,Kotak Midcap Fund - Direct Plan - Growth,24.722,Kotak Mahindra Mutual Fund,Equity Scheme - Mid Cap Fund
2016-03-11,119775,Kotak Midcap Fund - Direct Plan - Growth,24.784,Kotak Mahindra Mutual Fund,Equity Scheme - Mid Cap Fund
2016-03-14,119775,Kotak Midcap Fund - Direct Plan - Growth,24.91,Kotak Mahindra Mutual Fund,Equity Scheme - Mid Cap Fund
2016-03-15,119775,Kotak Midcap Fund - Direct Plan - Growth,24.875,Kotak Mahindra Mutual Fund,Equity Scheme - Mid Cap Fund
2016-03-16,119775,Kotak Midcap Fund - Direct Plan - Growth,24.871,Kotak Mahindra Mutual Fund,Equity Scheme - Mid Cap Fund
2016-03-17,119775,Kotak Midcap Fund - Direct Plan - Growth,25.002,Kotak Mahindra Mutual Fund,Equity Scheme - Mid Cap Fund
2016-03-18,119775,Kotak Midcap Fund - Direct Plan - Growth,25.228,Kotak Mahindra Mutual Fund,Equity Scheme - Mid Cap Fund
2016-03-21,119775,Kotak Midcap Fund - Direct Plan - Growth,25.64,Kotak Mahindra Mutual Fund,Equity Scheme - Mid Cap Fund
2016-03-22,119775,Kotak Midcap Fund - Direct Plan - Growth,25.6,Kotak Mahindra Mutual Fund,Equity Scheme - Mid Cap Fund
2016-03-23,119775,Kotak Midcap Fund - Direct Plan - Growth,25.626,Kotak Mahindra Mutual Fund,Equity Scheme - Mid Cap Fund
2016-03-28,119775,Kotak Midcap Fund - Direct Plan - Growth,25.318,Kotak Mahindra Mutual Fund,Equity Scheme - Mid Cap Fund
2016-03-29,119775,Kotak Midcap Fund - Direct Plan - Growth,25.335,Kotak Mahindra Mutual Fund,Equity Scheme - Mid Cap Fund
2016-03-30,119775,Kotak Midcap Fund - Direct Plan - Growth,25.728,Kotak Mahindra Mutual Fund,Equity Scheme - Mid Cap Fund
2016-03-31,119775,Kotak Midcap Fund - Direct Plan - Growth,25.978,Kotak Mahindra Mutual Fund,Equity Scheme - Mid Cap Fund
2016-04-01,119775,Kotak Midcap Fund - Direct Plan - Growth,25.986,Kotak Mahindra Mutual Fund,Equity Scheme - Mid Cap Fund
2016-04-04,119775,Kotak Midcap Fund - Direct Plan - Growth,26.11,Kotak Mahindra Mutual Fund,Equity Scheme - Mid Cap Fund
2016-04-05,119775,Kotak Midcap Fund - Direct Plan - Growth,25.871,Kotak Mahindra Mutual Fund,Equity Scheme - Mid Cap Fund
2016-04-06,119775,Kotak Midcap Fund - Direct Plan - Growth,26.078,Kotak Mahindra Mutual Fund,Equity Scheme - Mid Cap Fund
2016-04-07,119775,Kotak Midcap Fund - Direct Plan - Growth,26.083,Kotak Mahindra Mutual Fund,Equity Scheme - Mid Cap Fund
2016-04-08,119775,Kotak Midcap Fund - Direct Plan - Growth,26.252,Kotak Mahindra Mutual Fund,Equity Scheme - Mid Cap Fund
2016-04-11,119775,Kotak Midcap Fund - Direct Plan - Growth,26.438,Kotak Mahindra Mutual Fund,Equity Scheme - Mid Cap Fund
2016-04-12,119775,Kotak Midcap Fund - Direct Plan - Growth,26.628,Kotak Mahindra Mutual Fund,Equity Scheme - Mid Cap Fund
2016-04-13,119775,Kotak Midcap Fund - Direct Plan - Growth,27.064,Kotak Mahindra Mutual Fund,Equity Scheme - Mid Cap Fund
2016-04-18,119775,Kotak Midcap Fund - Direct Plan - Growth,27.411,Kotak Mahindra Mutual Fund,Equity Scheme - Mid Cap Fund
2016-04-20,119775,Kotak Midcap Fund - Direct Plan - Growth,27.539,Kotak Mahindra Mutual Fund,Equity Scheme - Mid Cap Fund
2016-04-21,119775,Kotak Midcap Fund - Direct Plan - Growth,27.453,Kotak Mahindra Mutual Fund,Equity Scheme - Mid Cap Fund
2016-04-22,119775,Kotak Midcap Fund - Direct Plan - Growth,27.413,Kotak Mahindra Mutual Fund,Equity Scheme - Mid Cap Fund
2016-04-25,119775,Kotak Midcap Fund - Direct Plan - Growth,27.436,Kotak Mahindra Mutual Fund,Equity Scheme - Mid Cap Fund
2016-04-26,119775,Kotak Midcap Fund - Direct Plan - Growth,27.601,Kotak Mahindra Mutual Fund,Equity Scheme - Mid Cap Fund
2016-04-27,119775,Kotak Midcap Fund - Direct Plan - Growth,27.599,Kotak Mahindra Mutual Fund,Equity Scheme - Mid Cap Fund
2016-04-28,119775,Kotak Midcap Fund - Direct Plan - Growth,27.298,Kotak Mahindra Mutual Fund,Equity Scheme - Mid Cap Fund
2016-04-29,119775,Kotak Midcap Fund - Direct Plan - Growth,27.283,Kotak Mahindra Mutual Fund,Equity Scheme - Mid Cap Fund
2016-05-02,119775,Kotak Midcap Fund - Direct Plan - Growth,27.387,Kotak Mahindra Mutual Fund,Equity Scheme - Mid Cap Fund
2016-05-03,119775,Kotak Midcap Fund - Direct Plan - Growth,27.358,Kotak Mahindra Mutual Fund,Equity Scheme - Mid Cap Fund
2016-05-04,119775,Kotak Midcap Fund - Direct Plan - Growth,27.211,Kotak Mahindra Mutual Fund,Equity Scheme - Mid Cap Fund
2016-05-05,119775,Kotak Midcap Fund - Direct Plan - Growth,27.447,Kotak Mahindra Mutual Fund,Equity Scheme - Mid Cap Fund
2016-05-06,119775,Kotak Midcap Fund - Direct Plan - Growth,27.528,Kotak Mahindra Mutual Fund,Equity Scheme - Mid Cap Fund
2016-05-09,119775,Kotak Midcap Fund - Direct Plan - Growth,27.793,Kotak Mahindra Mutual Fund,Equity Scheme - Mid Cap Fund
2016-05-10,119775,Kotak Midcap Fund - Direct Plan - Growth,27.791,Kotak Mahindra Mutual Fund,Equity Scheme - Mid Cap Fund
2016-05-11,119775,Kotak Midcap Fund - Direct Plan - Growth,27.827,Kotak Mahindra Mutual Fund,Equity Scheme - Mid Cap Fund
2016-05-12,119775,Kotak Midcap Fund - Direct Plan - Growth,28.07,Kotak Mahindra Mutual Fund,Equity Scheme - Mid Cap Fund
2016-05-13,119775,Kotak Midcap Fund - Direct Plan - Growth,27.937,Kotak Mahindra Mutual Fund,Equity Scheme - Mid Cap Fund
2016-05-16,119775,Kotak Midcap Fund - Direct Plan - Growth,27.889,Kotak Mahindra Mutual Fund,Equity Scheme - Mid Cap Fund
2016-05-17,119775,Kotak Midcap Fund - Direct Plan - Growth,28.061,Kotak Mahindra Mutual Fund,Equity Scheme - Mid Cap Fund
2016-05-18,119775,Kotak Midcap Fund - Direct Plan - Growth,28.022,Kotak Mahindra Mutual Fund,Equity Scheme - Mid Cap Fund
2016-05-19,119775,Kotak Midcap Fund - Direct Plan - Growth,27.797,Kotak Mahindra Mutual Fund,Equity Scheme - Mid Cap Fund
2016-05-20,119775,Kotak Midcap Fund - Direct Plan - Growth,27.589,Kotak Mahindra Mutual Fund,Equity Scheme - Mid Cap Fund
2016-05-23,119775,Kotak Midcap Fund - Direct Plan - Growth,27.512,Kotak Mahindra Mutual Fund,Equity Scheme - Mid Cap Fund
2016-05-24,119775,Kotak Midcap Fund - Direct Plan - Growth,27.417,Kotak Mahindra Mutual Fund,Equity Scheme - Mid Cap Fund
2016-05-25,119775,Kotak Midcap Fund - Direct Plan - Growth,27.698,Kotak Mahindra Mutual Fund,Equity Scheme - Mid Cap Fund
2016-05-26,119775,Kotak Midcap Fund - Direct Plan - Growth,28.067,Kotak Mahindra Mutual Fund,Equity Scheme - Mid Cap Fund
2016-05-27,119775,Kotak Midcap Fund - Direct Plan - Growth,28.267,Kotak Mahindra Mutual Fund,Equity Scheme - Mid Cap Fund
2016-05-30,119775,Kotak Midcap Fund - Direct Plan - Growth,28.425,Kotak Mahindra Mutual Fund,Equity Scheme - Mid Cap Fund
2016-05-31,119775,Kotak Midcap Fund - Direct Plan - Growth,28.408,Kotak Mahindra Mutual Fund,Equity Scheme - Mid Cap Fund
2016-06-01,119775,Kotak Midcap Fund - Direct Plan - Growth,28.524,Kotak Mahindra Mutual Fund,Equity Scheme - Mid Cap Fund
2016-06-02,119775,Kotak Midcap Fund - Direct Plan - Growth,28.62,Kotak Mahindra Mutual Fund,Equity Scheme - Mid Cap Fund
2016-06-03,119775,Kotak Midcap Fund - Direct Plan - Growth,28.609,Kotak Mahindra Mutual Fund,Equity Scheme - Mid Cap Fund
2016-06-06,119775,Kotak Midcap Fund - Direct Plan - Growth,28.664,Kotak Mahindra Mutual Fund,Equity Scheme - Mid Cap Fund
2016-06-07,119775,Kotak Midcap Fund - Direct Plan - Growth,28.983,Kotak Mahindra Mutual Fund,Equity Scheme - Mid Cap Fund
2016-06-08,119775,Kotak Midcap Fund - Direct Plan - Growth,29.19,Kotak Mahindra Mutual Fund,Equity Scheme - Mid Cap Fund
2016-06-09,119775,Kotak Midcap Fund - Direct Plan - Growth,29.115,Kotak Mahindra Mutual Fund,Equity Scheme - Mid Cap Fund
2016-06-10,119775,Kotak Midcap Fund - Direct Plan - Growth,29.069,Kotak Mahindra Mutual Fund,Equity Scheme - Mid Cap Fund
2016-06-13,119775,Kotak Midcap Fund - Direct Plan - Growth,28.933,Kotak Mahindra Mutual Fund,Equity Scheme - Mid Cap Fund
2016-06-14,119775,Kotak Midcap Fund - Direct Plan - Growth,29.008,Kotak Mahindra Mutual Fund,Equity Scheme - Mid Cap Fund
2016-06-15,119775,Kotak Midcap Fund - Direct Plan - Growth,29.134,Kotak Mahindra Mutual Fund,Equity Scheme - Mid Cap Fund
2016-06-16,119775,Kotak Midcap Fund - Direct Plan - Growth,28.997,Kotak Mahindra Mutual Fund,Equity Scheme - Mid Cap Fund
2016-06-17,119775,Kotak Midcap Fund - Direct Plan - Growth,29.22,Kotak Mahindra Mutual Fund,Equity Scheme - Mid Cap Fund
2016-06-20,119775,Kotak Midcap Fund - Direct Plan - Growth,29.186,Kotak Mahindra Mutual Fund,Equity Scheme - Mid Cap Fund
2016-06-21,119775,Kotak Midcap Fund - Direct Plan - Growth,29.155,Kotak Mahindra Mutual Fund,Equity Scheme - Mid Cap Fund
2016-06-22,119775,Kotak Midcap Fund - Direct Plan - Growth,29.065,Kotak Mahindra Mutual Fund,Equity Scheme - Mid Cap Fund
2016-06-23,119775,Kotak Midcap Fund - Direct Plan - Growth,29.122,Kotak Mahindra Mutual Fund,Equity Scheme - Mid Cap Fund
2016-06-24,119775,Kotak Midcap Fund - Direct Plan - Growth,28.825,Kotak Mahindra Mutual Fund,Equity Scheme - Mid Cap Fund
2016-06-27,119775,Kotak Midcap Fund - Direct Plan - Growth,29.086,Kotak Mahindra Mutual Fund,Equity Scheme - Mid Cap Fund
2016-06-28,119775,Kotak Midcap Fund - Direct Plan - Growth,29.229,Kotak Mahindra Mutual Fund,Equity Scheme - Mid Cap Fund
2016-06-29,119775,Kotak Midcap Fund - Direct Plan - Growth,29.585,Kotak Mahindra Mutual Fund,Equity Scheme - Mid Cap Fund
2016-06-30,119775,Kotak Midcap Fund - Direct Plan - Growth,29.901,Kotak Mahindra Mutual Fund,Equity Scheme - Mid Cap Fund
2016-07-01,119775,Kotak Midcap Fund - Direct Plan - Growth,30.125,Kotak Mahindra Mutual Fund,Equity Scheme - Mid Cap Fund
2016-07-04,119775,Kotak Midcap Fund - Direct Plan - Growth,30.271,Kotak Mahindra Mutual Fund,Equity Scheme - Mid Cap Fund
2016-07-05,119775,Kotak Midcap Fund - Direct Plan - Growth,30.153,Kotak Mahindra Mutual Fund,Equity Scheme - Mid Cap Fund
2016-07-07,119775,Kotak Midcap Fund - Direct Plan - Growth,30.098,Kotak Mahindra Mutual Fund,Equity Scheme - Mid Cap Fund
2016-07-08,119775,Kotak Midcap Fund - Direct Plan - Growth,30.096,Kotak Mahindra Mutual Fund,Equity Scheme - Mid Cap Fund
2016-07-11,119775,Kotak Midcap Fund - Direct Plan - Growth,30.325,Kotak Mahindra Mutual Fund,Equity Scheme - Mid Cap Fund
2016-07-12,119775,Kotak Midcap Fund - Direct Plan - Growth,30.565,Kotak Mahindra Mutual Fund,Equity Scheme - Mid Cap Fund
2016-07-13,119775,Kotak Midcap Fund - Direct Plan - Growth,30.426,Kotak Mahindra Mutual Fund,Equity Scheme - Mid Cap Fund
2016-07-14,119775,Kotak Midcap Fund - Direct Plan - Growth,30.667,Kotak Mahindra Mutual Fund,Equity Scheme - Mid Cap Fund
2016-07-15,119775,Kotak Midcap Fund - Direct Plan - Growth,30.457,Kotak Mahindra Mutual Fund,Equity Scheme - Mid Cap Fund
2016-07-18,119775,Kotak Midcap Fund - Direct Plan - Growth,30.357,Kotak Mahindra Mutual Fund,Equity Scheme - Mid Cap Fund
2016-07-19,119775,Kotak Midcap Fund - Direct Plan - Growth,30.387,Kotak Mahindra Mutual Fund,Equity Scheme - Mid Cap Fund
2016-07-20,119775,Kotak Midcap Fund - Direct Plan - Growth,30.642,Kotak Mahindra Mutual Fund,Equity Scheme - Mid Cap Fund
2016-07-21,119775,Kotak Midcap Fund - Direct Plan - Growth,30.654,Kotak Mahindra Mutual Fund,Equity Scheme - Mid Cap Fund
2016-07-22,119775,Kotak Midcap Fund - Direct Plan - Growth,30.851,Kotak Mahindra Mutual Fund,Equity Scheme - Mid Cap Fund
2016-07-25,119775,Kotak Midcap Fund - Direct Plan - Growth,31.13,Kotak Mahindra Mutual Fund,Equity Scheme - Mid Cap Fund
2016-07-26,119775,Kotak Midcap Fund - Direct Plan - Growth,31.119,Kotak Mahindra Mutual Fund,Equity Scheme - Mid Cap Fund
2016-07-27,119775,Kotak Midcap Fund - Direct Plan - Growth,31.235,Kotak Mahindra Mutual Fund,Equity Scheme - Mid Cap Fund
2016-07-28,119775,Kotak Midcap Fund - Direct Plan - Growth,31.396,Kotak Mahindra Mutual Fund,Equity Scheme - Mid Cap Fund
2016-07-29,119775,Kotak Midcap Fund - Direct Plan - Growth,31.44,Kotak Mahindra Mutual Fund,Equity Scheme - Mid Cap Fund
2016-08-01,119775,Kotak Midcap Fund - Direct Plan - Growth,31.553,Kotak Mahindra Mutual Fund,Equity Scheme - Mid Cap Fund
2016-08-02,119775,Kotak Midcap Fund - Direct Plan - Growth,31.457,Kotak Mahindra Mutual Fund,Equity Scheme - Mid Cap Fund
2016-08-03,119775,Kotak Midcap Fund - Direct Plan - Growth,31.065,Kotak Mahindra Mutual Fund,Equity Scheme - Mid Cap Fund
2016-08-04,119775,Kotak Midcap Fund - Direct Plan - Growth,31.189,Kotak Mahindra Mutual Fund,Equity Scheme - Mid Cap Fund
2016-08-05,119775,Kotak Midcap Fund - Direct Plan - Growth,31.597,Kotak Mahindra Mutual Fund,Equity Scheme - Mid Cap Fund
2016-08-08,119775,Kotak Midcap Fund - Direct Plan - Growth,31.767,Kotak Mahindra Mutual Fund,Equity Scheme - Mid Cap Fund
2016-08-09,119775,Kotak Midcap Fund - Direct Plan - Growth,31.726,Kotak Mahindra Mutual Fund,Equity Scheme - Mid Cap Fund
2016-08-10,119775,Kotak Midcap Fund - Direct Plan - Growth,31.382,Kotak Mahindra Mutual Fund,Equity Scheme - Mid Cap Fund
2016-08-11,119775,Kotak Midcap Fund - Direct Plan - Growth,31.425,Kotak Mahindra Mutual Fund,Equity Scheme - Mid Cap Fund
2016-08-12,119775,Kotak Midcap Fund - Direct Plan - Growth,31.541,Kotak Mahindra Mutual Fund,Equity Scheme - Mid Cap Fund
2016-08-16,119775,Kotak Midcap Fund - Direct Plan - Growth,31.574,Kotak Mahindra Mutual Fund,Equity Scheme - Mid Cap Fund
2016-08-17,119775,Kotak Midcap Fund - Direct Plan - Growth,31.718,Kotak Mahindra Mutual Fund,Equity Scheme - Mid Cap Fund
2016-08-18,119775,Kotak Midcap Fund - Direct Plan - Growth,31.986,Kotak Mahindra Mutual Fund,Equity Scheme - Mid Cap Fund
2016-08-19,119775,Kotak Midcap Fund - Direct Plan - Growth,32.095,Kotak Mahindra Mutual Fund,Equity Scheme - Mid Cap Fund
2016-08-22,119775,Kotak Midcap Fund - Direct Plan - Growth,31.982,Kotak Mahindra Mutual Fund,Equity Scheme - Mid Cap Fund
2016-08-23,119775,Kotak Midcap Fund - Direct Plan - Growth,31.967,Kotak Mahindra Mutual Fund,Equity Scheme - Mid Cap Fund
2016-08-24,119775,Kotak Midcap Fund - Direct Plan - Growth,32.151,Kotak Mahindra Mutual Fund,Equity Scheme - Mid Cap Fund
2016-08-25,119775,Kotak Midcap Fund - Direct Plan - Growth,32.106,Kotak Mahindra Mutual Fund,Equity Scheme - Mid Cap Fund
2016-08-26,119775,Kotak Midcap Fund - Direct Plan - Growth,32.092,Kotak Mahindra Mutual Fund,Equity Scheme - Mid Cap Fund
2016-08-29,119775,Kotak Midcap Fund - Direct Plan - Growth,32.106,Kotak Mahindra Mutual Fund,Equity Scheme - Mid Cap Fund
2016-08-30,119775,Kotak Midcap Fund - Direct Plan - Growth,32.397,Kotak Mahindra Mutual Fund,Equity Scheme - Mid Cap Fund
2016-08-31,119775,Kotak Midcap Fund - Direct Plan - Growth,32.589,Kotak Mahindra Mutual Fund,Equity Scheme - Mid Cap Fund
2016-09-01,119775,Kotak Midcap Fund - Direct Plan - Growth,32.463,Kotak Mahindra Mutual Fund,Equity Scheme - Mid Cap Fund
2016-09-02,119775,Kotak Midcap Fund - Direct Plan - Growth,32.49,Kotak Mahindra Mutual Fund,Equity Scheme - Mid Cap Fund
2016-09-06,119775,Kotak Midcap Fund - Direct Plan - Growth,32.772,Kotak Mahindra Mutual Fund,Equity Scheme - Mid Cap Fund
2016-09-07,119775,Kotak Midcap Fund - Direct Plan - Growth,32.712,Kotak Mahindra Mutual Fund,Equity Scheme - Mid Cap Fund
2016-09-08,119775,Kotak Midcap Fund - Direct Plan - Growth,32.913,Kotak Mahindra Mutual Fund,Equity Scheme - Mid Cap Fund
2016-09-09,119775,Kotak Midcap Fund - Direct Plan - Growth,32.713,Kotak Mahindra Mutual Fund,Equity Scheme - Mid Cap Fund
2016-09-12,119775,Kotak Midcap Fund - Direct Plan - Growth,32.166,Kotak Mahindra Mutual Fund,Equity Scheme - Mid Cap Fund
2016-09-14,119775,Kotak Midcap Fund - Direct Plan - Growth,32.423,Kotak Mahindra Mutual Fund,Equity Scheme - Mid Cap Fund
2016-09-15,119775,Kotak Midcap Fund - Direct Plan - Growth,32.449,Kotak Mahindra Mutual Fund,Equity Scheme - Mid Cap Fund
2016-09-16,119775,Kotak Midcap Fund - Direct Plan - Growth,32.493,Kotak Mahindra Mutual Fund,Equity Scheme - Mid Cap Fund
2016-09-19,119775,Kotak Midcap Fund - Direct Plan - Growth,32.576,Kotak Mahindra Mutual Fund,Equity Scheme - Mid Cap Fund
2016-09-20,119775,Kotak Midcap Fund - Direct Plan - Growth,32.512,Kotak Mahindra Mutual Fund,Equity Scheme - Mid Cap Fund
2016-09-21,119775,Kotak Midcap Fund - Direct Plan - Growth,32.552,Kotak Mahindra Mutual Fund,Equity Scheme - Mid Cap Fund
2016-09-22,119775,Kotak Midcap Fund - Direct Plan - Growth,32.857,Kotak Mahindra Mutual Fund,Equity Scheme - Mid Cap Fund
2016-09-23,119775,Kotak Midcap Fund - Direct Plan - Growth,32.953,Kotak Mahindra Mutual Fund,Equity Scheme - Mid Cap Fund
2016-09-26,119775,Kotak Midcap Fund - Direct Plan - Growth,32.803,Kotak Mahindra Mutual Fund,Equity Scheme - Mid Cap Fund
2016-09-27,119775,Kotak Midcap Fund - Direct Plan - Growth,32.898,Kotak Mahindra Mutual Fund,Equity Scheme - Mid Cap Fund
2016-09-28,119775,Kotak Midcap Fund - Direct Plan - Growth,33.066,Kotak Mahindra Mutual Fund,Equity Scheme - Mid Cap Fund
2016-09-29,119775,Kotak Midcap Fund - Direct Plan - Growth,32.371,Kotak Mahindra Mutual Fund,Equity Scheme - Mid Cap Fund
2016-09-30,119775,Kotak Midcap Fund - Direct Plan - Growth,32.683,Kotak Mahindra Mutual Fund,Equity Scheme - Mid Cap Fund
2016-10-03,119775,Kotak Midcap Fund - Direct Plan - Growth,33.251,Kotak Mahindra Mutual Fund,Equity Scheme - Mid Cap Fund
2016-10-04,119775,Kotak Midcap Fund - Direct Plan - Growth,33.491,Kotak Mahindra Mutual Fund,Equity Scheme - Mid Cap Fund
2016-10-05,119775,Kotak Midcap Fund - Direct Plan - Growth,33.569,Kotak Mahindra Mutual Fund,Equity Scheme - Mid Cap Fund
2016-10-06,119775,Kotak Midcap Fund - Direct Plan - Growth,33.518,Kotak Mahindra Mutual Fund,Equity Scheme - Mid Cap Fund
2016-10-07,119775,Kotak Midcap Fund - Direct Plan - Growth,33.484,Kotak Mahindra Mutual Fund,Equity Scheme - Mid Cap Fund
2016-10-10,119775,Kotak Midcap Fund - Direct Plan - Growth,33.623,Kotak Mahindra Mutual Fund,Equity Scheme - Mid Cap Fund
2016-10-13,119775,Kotak Midcap Fund - Direct Plan - Growth,33.239,Kotak Mahindra Mutual Fund,Equity Scheme - Mid Cap Fund
2016-10-14,119775,Kotak Midcap Fund - Direct Plan - Growth,33.428,Kotak Mahindra Mutual Fund,Equity Scheme - Mid Cap Fund
2016-10-17,119775,Kotak Midcap Fund - Direct Plan - Growth,33.339,Kotak Mahindra Mutual Fund,Equity Scheme - Mid Cap Fund
2016-10-18,119775,Kotak Midcap Fund - Direct Plan - Growth,33.665,Kotak Mahindra Mutual Fund,Equity Scheme - Mid Cap Fund
2016-10-19,119775,Kotak Midcap Fund - Direct Plan - Growth,33.696,Kotak Mahindra Mutual Fund,Equity Scheme - Mid Cap Fund
2016-10-20,119775,Kotak Midcap Fund - Direct Plan - Growth,33.78,Kotak Mahindra Mutual Fund,Equity Scheme - Mid Cap Fund
2016-10-21,119775,Kotak Midcap Fund - Direct Plan - Growth,33.773,Kotak Mahindra Mutual Fund,Equity Scheme - Mid Cap Fund
2016-10-24,119775,Kotak Midcap Fund - Direct Plan - Growth,33.978,Kotak Mahindra Mutual Fund,Equity Scheme - Mid Cap Fund
2016-10-25,119775,Kotak Midcap Fund - Direct Plan - Growth,34.169,Kotak Mahindra Mutual Fund,Equity Scheme - Mid Cap Fund
2016-10-26,119775,Kotak Midcap Fund - Direct Plan - Growth,33.958,Kotak Mahindra Mutual Fund,Equity Scheme - Mid Cap Fund
2016-10-27,119775,Kotak Midcap Fund - Direct Plan - Growth,33.699,Kotak Mahindra Mutual Fund,Equity Scheme - Mid Cap Fund
2016-10-28,119775,Kotak Midcap Fund - Direct Plan - Growth,33.883,Kotak Mahindra Mutual Fund,Equity Scheme - Mid Cap Fund
2016-11-01,119775,Kotak Midcap Fund - Direct Plan - Growth,34.083,Kotak Mahindra Mutual Fund,Equity Scheme - Mid Cap Fund
2016-11-02,119775,Kotak Midcap Fund - Direct Plan - Growth,33.565,Kotak Mahindra Mutual Fund,Equity Scheme - Mid Cap Fund
2016-11-03,119775,Kotak Midcap Fund - Direct Plan - Growth,33.343,Kotak Mahindra Mutual Fund,Equity Scheme - Mid Cap Fund
2016-11-04,119775,Kotak Midcap Fund - Direct Plan - Growth,32.823,Kotak Mahindra Mutual Fund,Equity Scheme - Mid Cap Fund
2016-11-07,119775,Kotak Midcap Fund - Direct Plan - Growth,33.162,Kotak Mahindra Mutual Fund,Equity Scheme - Mid Cap Fund
2016-11-08,119775,Kotak Midcap Fund - Direct Plan - Growth,33.175,Kotak Mahindra Mutual Fund,Equity Scheme - Mid Cap Fund
2016-11-09,119775,Kotak Midcap Fund - Direct Plan - Growth,32.627,Kotak Mahindra Mutual Fund,Equity Scheme - Mid Cap Fund
2016-11-10,119775,Kotak Midcap Fund - Direct Plan - Growth,33.07,Kotak Mahindra Mutual Fund,Equity Scheme - Mid Cap Fund
2016-11-11,119775,Kotak Midcap Fund - Direct Plan - Growth,32.113,Kotak Mahindra Mutual Fund,Equity Scheme - Mid Cap Fund
2016-11-15,119775,Kotak Midcap Fund - Direct Plan - Growth,30.805,Kotak Mahindra Mutual Fund,Equity Scheme - Mid Cap Fund
2016-11-16,119775,Kotak Midcap Fund - Direct Plan - Growth,30.886,Kotak Mahindra Mutual Fund,Equity Scheme - Mid Cap Fund
2016-11-17,119775,Kotak Midcap Fund - Direct Plan - Growth,30.719,Kotak Mahindra Mutual Fund,Equity Scheme - Mid Cap Fund
2016-11-18,119775,Kotak Midcap Fund - Direct Plan - Growth,30.593,Kotak Mahindra Mutual Fund,Equity Scheme - Mid Cap Fund
2016-11-21,119775,Kotak Midcap Fund - Direct Plan - Growth,29.909,Kotak Mahindra Mutual Fund,Equity Scheme - Mid Cap Fund
2016-11-22,119775,Kotak Midcap Fund - Direct Plan - Growth,30.291,Kotak Mahindra Mutual Fund,Equity Scheme - Mid Cap Fund
2016-11-23,119775,Kotak Midcap Fund - Direct Plan - Growth,30.633,Kotak Mahindra Mutual Fund,Equity Scheme - Mid Cap Fund
2016-11-24,119775,Kotak Midcap Fund - Direct Plan - Growth,30.478,Kotak Mahindra Mutual Fund,Equity Scheme - Mid Cap Fund
2016-11-25,119775,Kotak Midcap Fund - Direct Plan - Growth,30.916,Kotak Mahindra Mutual Fund,Equity Scheme - Mid Cap Fund
2016-11-28,119775,Kotak Midcap Fund - Direct Plan - Growth,31.139,Kotak Mahindra Mutual Fund,Equity Scheme - Mid Cap Fund
2016-11-29,119775,Kotak Midcap Fund - Direct Plan - Growth,31.273,Kotak Mahindra Mutual Fund,Equity Scheme - Mid Cap Fund
2016-11-30,119775,Kotak Midcap Fund - Direct Plan - Growth,31.614,Kotak Mahindra Mutual Fund,Equity Scheme - Mid Cap Fund
2016-12-01,119775,Kotak Midcap Fund - Direct Plan - Growth,31.342,Kotak Mahindra Mutual Fund,Equity Scheme - Mid Cap Fund
2016-12-02,119775,Kotak Midcap Fund - Direct Plan - Growth,30.887,Kotak Mahindra Mutual Fund,Equity Scheme - Mid Cap Fund
2016-12-05,119775,Kotak Midcap Fund - Direct Plan - Growth,30.914,Kotak Mahindra Mutual Fund,Equity Scheme - Mid Cap Fund
2016-12-06,119775,Kotak Midcap Fund - Direct Plan - Growth,30.986,Kotak Mahindra Mutual Fund,Equity Scheme - Mid Cap Fund
2016-12-07,119775,Kotak Midcap Fund - Direct Plan - Growth,30.895,Kotak Mahindra Mutual Fund,Equity Scheme - Mid Cap Fund
2016-12-08,119775,Kotak Midcap Fund - Direct Plan - Growth,31.309,Kotak Mahindra Mutual Fund,Equity Scheme - Mid Cap Fund
2016-12-09,119775,Kotak Midcap Fund - Direct Plan - Growth,31.517,Kotak Mahindra Mutual Fund,Equity Scheme - Mid Cap Fund
2016-12-12,119775,Kotak Midcap Fund - Direct Plan - Growth,31.283,Kotak Mahindra Mutual Fund,Equity Scheme - Mid Cap Fund
2016-12-13,119775,Kotak Midcap Fund - Direct Plan - Growth,31.157,Kotak Mahindra Mutual Fund,Equity Scheme - Mid Cap Fund
2016-12-14,119775,Kotak Midcap Fund - Direct Plan - Growth,30.97,Kotak Mahindra Mutual Fund,Equity Scheme - Mid Cap Fund
2016-12-15,119775,Kotak Midcap Fund - Direct Plan - Growth,30.937,Kotak Mahindra Mutual Fund,Equity Scheme - Mid Cap Fund
2016-12-16,119775,Kotak Midcap Fund - Direct Plan - Growth,30.948,Kotak Mahindra Mutual Fund,Equity Scheme - Mid Cap Fund
2016-12-19,119775,Kotak Midcap Fund - Direct Plan - Growth,30.794,Kotak Mahindra Mutual Fund,Equity Scheme - Mid Cap Fund
2016-12-20,119775,Kotak Midcap Fund - Direct Plan - Growth,30.586,Kotak Mahindra Mutual Fund,Equity Scheme - Mid Cap Fund
2016-12-21,119775,Kotak Midcap Fund - Direct Plan - Growth,30.619,Kotak Mahindra Mutual Fund,Equity Scheme - Mid Cap Fund
2016-12-22,119775,Kotak Midcap Fund - Direct Plan - Growth,30.266,Kotak Mahindra Mutual Fund,Equity Scheme - Mid Cap Fund
2016-12-23,119775,Kotak Midcap Fund - Direct Plan - Growth,30.166,Kotak Mahindra Mutual Fund,Equity Scheme - Mid Cap Fund
2016-12-26,119775,Kotak Midcap Fund - Direct Plan - Growth,29.713,Kotak Mahindra Mutual Fund,Equity Scheme - Mid Cap Fund
2016-12-27,119775,Kotak Midcap Fund - Direct Plan - Growth,30.05,Kotak Mahindra Mutual Fund,Equity Scheme - Mid Cap Fund
2016-12-28,119775,Kotak Midcap Fund - Direct Plan - Growth,30.272,Kotak Mahindra Mutual Fund,Equity Scheme - Mid Cap Fund
2016-12-29,119775,Kotak Midcap Fund - Direct Plan - Growth,30.539,Kotak Mahindra Mutual Fund,Equity Scheme - Mid Cap Fund
2016-12-30,119775,Kotak Midcap Fund - Direct Plan - Growth,30.726,Kotak Mahindra Mutual Fund,Equity Scheme - Mid Cap Fund
2017-01-02,119775,Kotak Midcap Fund - Direct Plan - Growth,30.959,Kotak Mahindra Mutual Fund,Equity Scheme - Mid Cap Fund
2017-01-03,119775,Kotak Midcap Fund - Direct Plan - Growth,31.174,Kotak Mahindra Mutual Fund,Equity Scheme - Mid Cap Fund
2017-01-04,119775,Kotak Midcap Fund - Direct Plan - Growth,31.368,Kotak Mahindra Mutual Fund,Equity Scheme - Mid Cap Fund
2017-01-05,119775,Kotak Midcap Fund - Direct Plan - Growth,31.6,Kotak Mahindra Mutual Fund,Equity Scheme - Mid Cap Fund
2017-01-06,119775,Kotak Midcap Fund - Direct Plan - Growth,31.554,Kotak Mahindra Mutual Fund,Equity Scheme - Mid Cap Fund
2017-01-09,119775,Kotak Midcap Fund - Direct Plan - Growth,31.559,Kotak Mahindra Mutual Fund,Equity Scheme - Mid Cap Fund
2017-01-10,119775,Kotak Midcap Fund - Direct Plan - Growth,31.8,Kotak Mahindra Mutual Fund,Equity Scheme - Mid Cap Fund
2017-01-11,119775,Kotak Midcap Fund - Direct Plan - Growth,32.209,Kotak Mahindra Mutual Fund,Equity Scheme - Mid Cap Fund
2017-01-12,119775,Kotak Midcap Fund - Direct Plan - Growth,32.05,Kotak Mahindra Mutual Fund,Equity Scheme - Mid Cap Fund
2017-01-13,119775,Kotak Midcap Fund - Direct Plan - Growth,31.978,Kotak Mahindra Mutual Fund,Equity Scheme - Mid Cap Fund
2017-01-16,119775,Kotak Midcap Fund - Direct Plan - Growth,32.004,Kotak Mahindra Mutual Fund,Equity Scheme - Mid Cap Fund
2017-01-17,119775,Kotak Midcap Fund - Direct Plan - Growth,32.057,Kotak Mahindra Mutual Fund,Equity Scheme - Mid Cap Fund
2017-01-18,119775,Kotak Midcap Fund - Direct Plan - Growth,32.369,Kotak Mahindra Mutual Fund,Equity Scheme - Mid Cap Fund
2017-01-19,119775,Kotak Midcap Fund - Direct Plan - Growth,32.565,Kotak Mahindra Mutual Fund,Equity Scheme - Mid Cap Fund
2017-01-20,119775,Kotak Midcap Fund - Direct Plan - Growth,32.256,Kotak Mahindra Mutual Fund,Equity Scheme - Mid Cap Fund
2017-01-23,119775,Kotak Midcap Fund - Direct Plan - Growth,32.337,Kotak Mahindra Mutual Fund,Equity Scheme - Mid Cap Fund
2017-01-24,119775,Kotak Midcap Fund - Direct Plan - Growth,32.659,Kotak Mahindra Mutual Fund,Equity Scheme - Mid Cap Fund
2017-01-25,119775,Kotak Midcap Fund - Direct Plan - Growth,33.007,Kotak Mahindra Mutual Fund,Equity Scheme - Mid Cap Fund
2017-01-27,119775,Kotak Midcap Fund - Direct Plan - Growth,33.181,Kotak Mahindra Mutual Fund,Equity Scheme - Mid Cap Fund
2017-01-30,119775,Kotak Midcap Fund - Direct Plan - Growth,33.16,Kotak Mahindra Mutual Fund,Equity Scheme - Mid Cap Fund
2017-01-31,119775,Kotak Midcap Fund - Direct Plan - Growth,33.1,Kotak Mahindra Mutual Fund,Equity Scheme - Mid Cap Fund
2017-02-01,119775,Kotak Midcap Fund - Direct Plan - Growth,33.584,Kotak Mahindra Mutual Fund,Equity Scheme - Mid Cap Fund
2017-02-02,119775,Kotak Midcap Fund - Direct Plan - Growth,33.862,Kotak Mahindra Mutual Fund,Equity Scheme - Mid Cap Fund
2017-02-03,119775,Kotak Midcap Fund - Direct Plan - Growth,34.192,Kotak Mahindra Mutual Fund,Equity Scheme - Mid Cap Fund
2017-02-06,119775,Kotak Midcap Fund - Direct Plan - Growth,34.413,Kotak Mahindra Mutual Fund,Equity Scheme - Mid Cap Fund
2017-02-07,119775,Kotak Midcap Fund - Direct Plan - Growth,34.301,Kotak Mahindra Mutual Fund,Equity Scheme - Mid Cap Fund
2017-02-08,119775,Kotak Midcap Fund - Direct Plan - Growth,34.3,Kotak Mahindra Mutual Fund,Equity Scheme - Mid Cap Fund
2017-02-09,119775,Kotak Midcap Fund - Direct Plan - Growth,34.43,Kotak Mahindra Mutual Fund,Equity Scheme - Mid Cap Fund
2017-02-10,119775,Kotak Midcap Fund - Direct Plan - Growth,34.561,Kotak Mahindra Mutual Fund,Equity Scheme - Mid Cap Fund
2017-02-13,119775,Kotak Midcap Fund - Direct Plan - Growth,34.41,Kotak Mahindra Mutual Fund,Equity Scheme - Mid Cap Fund
2017-02-14,119775,Kotak Midcap Fund - Direct Plan - Growth,34.255,Kotak Mahindra Mutual Fund,Equity Scheme - Mid Cap Fund
2017-02-15,119775,Kotak Midcap Fund - Direct Plan - Growth,33.843,Kotak Mahindra Mutual Fund,Equity Scheme - Mid Cap Fund
2017-02-16,119775,Kotak Midcap Fund - Direct Plan - Growth,34.192,Kotak Mahindra Mutual Fund,Equity Scheme - Mid Cap Fund
2017-02-17,119775,Kotak Midcap Fund - Direct Plan - Growth,34.373,Kotak Mahindra Mutual Fund,Equity Scheme - Mid Cap Fund
2017-02-20,119775,Kotak Midcap Fund - Direct Plan - Growth,34.496,Kotak Mahindra Mutual Fund,Equity Scheme - Mid Cap Fund
2017-02-21,119775,Kotak Midcap Fund - Direct Plan - Growth,34.616,Kotak Mahindra Mutual Fund,Equity Scheme - Mid Cap Fund
2017-02-22,119775,Kotak Midcap Fund - Direct Plan - Growth,34.474,Kotak Mahindra Mutual Fund,Equity Scheme - Mid Cap Fund
2017-02-23,119775,Kotak Midcap Fund - Direct Plan - Growth,34.481,Kotak Mahindra Mutual Fund,Equity Scheme - Mid Cap Fund
2017-02-27,119775,Kotak Midcap Fund - Direct Plan - Growth,34.543,Kotak Mahindra Mutual Fund,Equity Scheme - Mid Cap Fund
2017-02-28,119775,Kotak Midcap Fund - Direct Plan - Growth,34.729,Kotak Mahindra Mutual Fund,Equity Scheme - Mid Cap Fund
2017-03-01,119775,Kotak Midcap Fund - Direct Plan - Growth,34.975,Kotak Mahindra Mutual Fund,Equity Scheme - Mid Cap Fund
2017-03-02,119775,Kotak Midcap Fund - Direct Plan - Growth,34.638,Kotak Mahindra Mutual Fund,Equity Scheme - Mid Cap Fund
2017-03-03,119775,Kotak Midcap Fund - Direct Plan - Growth,34.705,Kotak Mahindra Mutual Fund,Equity Scheme - Mid Cap Fund
2017-03-06,119775,Kotak Midcap Fund - Direct Plan - Growth,34.83,Kotak Mahindra Mutual Fund,Equity Scheme - Mid Cap Fund
2017-03-07,119775,Kotak Midcap Fund - Direct Plan - Growth,34.769,Kotak Mahindra Mutual Fund,Equity Scheme - Mid Cap Fund
2017-03-08,119775,Kotak Midcap Fund - Direct Plan - Growth,34.66,Kotak Mahindra Mutual Fund,Equity Scheme - Mid Cap Fund
2017-03-09,119775,Kotak Midcap Fund - Direct Plan - Growth,34.636,Kotak Mahindra Mutual Fund,Equity Scheme - Mid Cap Fund
2017-03-10,119775,Kotak Midcap Fund - Direct Plan - Growth,34.628,Kotak Mahindra Mutual Fund,Equity Scheme - Mid Cap Fund
2017-03-14,119775,Kotak Midcap Fund - Direct Plan - Growth,34.936,Kotak Mahindra Mutual Fund,Equity Scheme - Mid Cap Fund
2017-03-15,119775,Kotak Midcap Fund - Direct Plan - Growth,35.171,Kotak Mahindra Mutual Fund,Equity Scheme - Mid Cap Fund
2017-03-16,119775,Kotak Midcap Fund - Direct Plan - Growth,35.483,Kotak Mahindra Mutual Fund,Equity Scheme - Mid Cap Fund
2017-03-17,119775,Kotak Midcap Fund - Direct Plan - Growth,35.605,Kotak Mahindra Mutual Fund,Equity Scheme - Mid Cap Fund
2017-03-20,119775,Kotak Midcap Fund - Direct Plan - Growth,35.708,Kotak Mahindra Mutual Fund,Equity Scheme - Mid Cap Fund
2017-03-21,119775,Kotak Midcap Fund - Direct Plan - Growth,35.602,Kotak Mahindra Mutual Fund,Equity Scheme - Mid Cap Fund
2017-03-22,119775,Kotak Midcap Fund - Direct Plan - Growth,35.348,Kotak Mahindra Mutual Fund,Equity Scheme - Mid Cap Fund
2017-03-23,119775,Kotak Midcap Fund - Direct Plan - Growth,35.547,Kotak Mahindra Mutual Fund,Equity Scheme - Mid Cap Fund
2017-03-24,119775,Kotak Midcap Fund - Direct Plan - Growth,35.748,Kotak Mahindra Mutual Fund,Equity Scheme - Mid Cap Fund
2017-03-27,119775,Kotak Midcap Fund - Direct Plan - Growth,35.817,Kotak Mahindra Mutual Fund,Equity Scheme - Mid Cap Fund
2017-03-28,119775,Kotak Midcap Fund - Direct Plan - Growth,36.1,Kotak Mahindra Mutual Fund,Equity Scheme - Mid Cap Fund
2017-03-29,119775,Kotak Midcap Fund - Direct Plan - Growth,36.101,Kotak Mahindra Mutual Fund,Equity Scheme - Mid Cap Fund
2017-03-30,119775,Kotak Midcap Fund - Direct Plan - Growth,36.507,Kotak Mahindra Mutual Fund,Equity Scheme - Mid Cap Fund
2017-03-31,119775,Kotak Midcap Fund - Direct Plan - Growth,36.786,Kotak Mahindra Mutual Fund,Equity Scheme - Mid Cap Fund
2017-04-03,119775,Kotak Midcap Fund - Direct Plan - Growth,36.954,Kotak Mahindra Mutual Fund,Equity Scheme - Mid Cap Fund
2017-04-05,119775,Kotak Midcap Fund - Direct Plan - Growth,37.266,Kotak Mahindra Mutual Fund,Equity Scheme - Mid Cap Fund
2017-04-06,119775,Kotak Midcap Fund - Direct Plan - Growth,37.226,Kotak Mahindra Mutual Fund,Equity Scheme - Mid Cap Fund
2017-04-07,119775,Kotak Midcap Fund - Direct Plan - Growth,37.077,Kotak Mahindra Mutual Fund,Equity Scheme - Mid Cap Fund
2017-04-10,119775,Kotak Midcap Fund - Direct Plan - Growth,37.28,Kotak Mahindra Mutual Fund,Equity Scheme - Mid Cap Fund
2017-04-11,119775,Kotak Midcap Fund - Direct Plan - Growth,37.514,Kotak Mahindra Mutual Fund,Equity Scheme - Mid Cap Fund
2017-04-12,119775,Kotak Midcap Fund - Direct Plan - Growth,37.467,Kotak Mahindra Mutual Fund,Equity Scheme - Mid Cap Fund
2017-04-13,119775,Kotak Midcap Fund - Direct Plan - Growth,37.396,Kotak Mahindra Mutual Fund,Equity Scheme - Mid Cap Fund
2017-04-17,119775,Kotak Midcap Fund - Direct Plan - Growth,37.412,Kotak Mahindra Mutual Fund,Equity Scheme - Mid Cap Fund
2017-04-18,119775,Kotak Midcap Fund - Direct Plan - Growth,37.312,Kotak Mahindra Mutual Fund,Equity Scheme - Mid Cap Fund
2017-04-19,119775,Kotak Midcap Fund - Direct Plan - Growth,37.366,Kotak Mahindra Mutual Fund,Equity Scheme - Mid Cap Fund
2017-04-20,119775,Kotak Midcap Fund - Direct Plan - Growth,37.626,Kotak Mahindra Mutual Fund,Equity Scheme - Mid Cap Fund
2017-04-21,119775,Kotak Midcap Fund - Direct Plan - Growth,37.648,Kotak Mahindra Mutual Fund,Equity Scheme - Mid Cap Fund
2017-04-24,119775,Kotak Midcap Fund - Direct Plan - Growth,37.866,Kotak Mahindra Mutual Fund,Equity Scheme - Mid Cap Fund
2017-04-25,119775,Kotak Midcap Fund - Direct Plan - Growth,38.098,Kotak Mahindra Mutual Fund,Equity Scheme - Mid Cap Fund
2017-04-26,119775,Kotak Midcap Fund - Direct Plan - Growth,37.954,Kotak Mahindra Mutual Fund,Equity Scheme - Mid Cap Fund
2017-04-27,119775,Kotak Midcap Fund - Direct Plan - Growth,37.972,Kotak Mahindra Mutual Fund,Equity Scheme - Mid Cap Fund
2017-04-28,119775,Kotak Midcap Fund - Direct Plan - Growth,38.139,Kotak Mahindra Mutual Fund,Equity Scheme - Mid Cap Fund
2017-05-02,119775,Kotak Midcap Fund - Direct Plan - Growth,38.093,Kotak Mahindra Mutual Fund,Equity Scheme - Mid Cap Fund
2017-05-03,119775,Kotak Midcap Fund - Direct Plan - Growth,37.985,Kotak Mahindra Mutual Fund,Equity Scheme - Mid Cap Fund
2017-05-04,119775,Kotak Midcap Fund - Direct Plan - Growth,38.197,Kotak Mahindra Mutual Fund,Equity Scheme - Mid Cap Fund
2017-05-05,119775,Kotak Midcap Fund - Direct Plan - Growth,38.072,Kotak Mahindra Mutual Fund,Equity Scheme - Mid Cap Fund
2017-05-08,119775,Kotak Midcap Fund - Direct Plan - Growth,38.21,Kotak Mahindra Mutual Fund,Equity Scheme - Mid Cap Fund
2017-05-09,119775,Kotak Midcap Fund - Direct Plan - Growth,38.288,Kotak Mahindra Mutual Fund,Equity Scheme - Mid Cap Fund
2017-05-10,119775,Kotak Midcap Fund - Direct Plan - Growth,38.582,Kotak Mahindra Mutual Fund,Equity Scheme - Mid Cap Fund
2017-05-11,119775,Kotak Midcap Fund - Direct Plan - Growth,38.545,Kotak Mahindra Mutual Fund,Equity Scheme - Mid Cap Fund
2017-05-12,119775,Kotak Midcap Fund - Direct Plan - Growth,38.243,Kotak Mahindra Mutual Fund,Equity Scheme - Mid Cap Fund
2017-05-15,119775,Kotak Midcap Fund - Direct Plan - Growth,38.458,Kotak Mahindra Mutual Fund,Equity Scheme - Mid Cap Fund
2017-05-16,119775,Kotak Midcap Fund - Direct Plan - Growth,38.588,Kotak Mahindra Mutual Fund,Equity Scheme - Mid Cap Fund
2017-05-17,119775,Kotak Midcap Fund - Direct Plan - Growth,38.504,Kotak Mahindra Mutual Fund,Equity Scheme - Mid Cap Fund
2017-05-18,119775,Kotak Midcap Fund - Direct Plan - Growth,37.995,Kotak Mahindra Mutual Fund,Equity Scheme - Mid Cap Fund
2017-05-19,119775,Kotak Midcap Fund - Direct Plan - Growth,37.737,Kotak Mahindra Mutual Fund,Equity Scheme - Mid Cap Fund
2017-05-22,119775,Kotak Midcap Fund - Direct Plan - Growth,37.458,Kotak Mahindra Mutual Fund,Equity Scheme - Mid Cap Fund
2017-05-23,119775,Kotak Midcap Fund - Direct Plan - Growth,36.963,Kotak Mahindra Mutual Fund,Equity Scheme - Mid Cap Fund
2017-05-24,119775,Kotak Midcap Fund - Direct Plan - Growth,36.595,Kotak Mahindra Mutual Fund,Equity Scheme - Mid Cap Fund
2017-05-25,119775,Kotak Midcap Fund - Direct Plan - Growth,37.049,Kotak Mahindra Mutual Fund,Equity Scheme - Mid Cap Fund
2017-05-26,119775,Kotak Midcap Fund - Direct Plan - Growth,37.503,Kotak Mahindra Mutual Fund,Equity Scheme - Mid Cap Fund
2017-05-29,119775,Kotak Midcap Fund - Direct Plan - Growth,37.25,Kotak Mahindra Mutual Fund,Equity Scheme - Mid Cap Fund
2017-05-30,119775,Kotak Midcap Fund - Direct Plan - Growth,37.391,Kotak Mahindra Mutual Fund,Equity Scheme - Mid Cap Fund
2017-05-31,119775,Kotak Midcap Fund - Direct Plan - Growth,37.834,Kotak Mahindra Mutual Fund,Equity Scheme - Mid Cap Fund
2017-06-01,119775,Kotak Midcap Fund - Direct Plan - Growth,38.002,Kotak Mahindra Mutual Fund,Equity Scheme - Mid Cap Fund
2017-06-02,119775,Kotak Midcap Fund - Direct Plan - Growth,38.204,Kotak Mahindra Mutual Fund,Equity Scheme - Mid Cap Fund
2017-06-05,119775,Kotak Midcap Fund - Direct Plan - Growth,38.272,Kotak Mahindra Mutual Fund,Equity Scheme - Mid Cap Fund
2017-06-06,119775,Kotak Midcap Fund - Direct Plan - Growth,38.075,Kotak Mahindra Mutual Fund,Equity Scheme - Mid Cap Fund
2017-06-07,119775,Kotak Midcap Fund - Direct Plan - Growth,38.294,Kotak Mahindra Mutual Fund,Equity Scheme - Mid Cap Fund
2017-06-08,119775,Kotak Midcap Fund - Direct Plan - Growth,38.383,Kotak Mahindra Mutual Fund,Equity Scheme - Mid Cap Fund
2017-06-09,119775,Kotak Midcap Fund - Direct Plan - Growth,38.449,Kotak Mahindra Mutual Fund,Equity Scheme - Mid Cap Fund
2017-06-12,119775,Kotak Midcap Fund - Direct Plan - Growth,38.282,Kotak Mahindra Mutual Fund,Equity Scheme - Mid Cap Fund
2017-06-13,119775,Kotak Midcap Fund - Direct Plan - Growth,38.267,Kotak Mahindra Mutual Fund,Equity Scheme - Mid Cap Fund
2017-06-14,119775,Kotak Midcap Fund - Direct Plan - Growth,38.311,Kotak Mahindra Mutual Fund,Equity Scheme - Mid Cap Fund
2017-06-15,119775,Kotak Midcap Fund - Direct Plan - Growth,38.271,Kotak Mahindra Mutual Fund,Equity Scheme - Mid Cap Fund
2017-06-16,119775,Kotak Midcap Fund - Direct Plan - Growth,38.423,Kotak Mahindra Mutual Fund,Equity Scheme - Mid Cap Fund
2017-06-19,119775,Kotak Midcap Fund - Direct Plan - Growth,38.508,Kotak Mahindra Mutual Fund,Equity Scheme - Mid Cap Fund
2017-06-20,119775,Kotak Midcap Fund - Direct Plan - Growth,38.561,Kotak Mahindra Mutual Fund,Equity Scheme - Mid Cap Fund
2017-06-21,119775,Kotak Midcap Fund - Direct Plan - Growth,38.547,Kotak Mahindra Mutual Fund,Equity Scheme - Mid Cap Fund
2017-06-22,119775,Kotak Midcap Fund - Direct Plan - Growth,38.45,Kotak Mahindra Mutual Fund,Equity Scheme - Mid Cap Fund
2017-06-23,119775,Kotak Midcap Fund - Direct Plan - Growth,38.135,Kotak Mahindra Mutual Fund,Equity Scheme - Mid Cap Fund
2017-06-27,119775,Kotak Midcap Fund - Direct Plan - Growth,37.73,Kotak Mahindra Mutual Fund,Equity Scheme - Mid Cap Fund
2017-06-28,119775,Kotak Midcap Fund - Direct Plan - Growth,37.635,Kotak Mahindra Mutual Fund,Equity Scheme - Mid Cap Fund
2017-06-29,119775,Kotak Midcap Fund - Direct Plan - Growth,37.79,Kotak Mahindra Mutual Fund,Equity Scheme - Mid Cap Fund
2017-06-30,119775,Kotak Midcap Fund - Direct Plan - Growth,38.101,Kotak Mahindra Mutual Fund,Equity Scheme - Mid Cap Fund
2017-07-03,119775,Kotak Midcap Fund - Direct Plan - Growth,38.416,Kotak Mahindra Mutual Fund,Equity Scheme - Mid Cap Fund
2017-07-04,119775,Kotak Midcap Fund - Direct Plan - Growth,38.473,Kotak Mahindra Mutual Fund,Equity Scheme - Mid Cap Fund
2017-07-05,119775,Kotak Midcap Fund - Direct Plan - Growth,38.78,Kotak Mahindra Mutual Fund,Equity Scheme - Mid Cap Fund
2017-07-06,119775,Kotak Midcap Fund - Direct Plan - Growth,38.805,Kotak Mahindra Mutual Fund,Equity Scheme - Mid Cap Fund
2017-07-07,119775,Kotak Midcap Fund - Direct Plan - Growth,38.855,Kotak Mahindra Mutual Fund,Equity Scheme - Mid Cap Fund
2017-07-10,119775,Kotak Midcap Fund - Direct Plan - Growth,38.954,Kotak Mahindra Mutual Fund,Equity Scheme - Mid Cap Fund
2017-07-11,119775,Kotak Midcap Fund - Direct Plan - Growth,38.777,Kotak Mahindra Mutual Fund,Equity Scheme - Mid Cap Fund
2017-07-12,119775,Kotak Midcap Fund - Direct Plan - Growth,38.928,Kotak Mahindra Mutual Fund,Equity Scheme - Mid Cap Fund
2017-07-13,119775,Kotak Midcap Fund - Direct Plan - Growth,39.182,Kotak Mahindra Mutual Fund,Equity Scheme - Mid Cap Fund
2017-07-14,119775,Kotak Midcap Fund - Direct Plan - Growth,39.083,Kotak Mahindra Mutual Fund,Equity Scheme - Mid Cap Fund
2017-07-17,119775,Kotak Midcap Fund - Direct Plan - Growth,39.034,Kotak Mahindra Mutual Fund,Equity Scheme - Mid Cap Fund
2017-07-18,119775,Kotak Midcap Fund - Direct Plan - Growth,38.899,Kotak Mahindra Mutual Fund,Equity Scheme - Mid Cap Fund
2017-07-19,119775,Kotak Midcap Fund - Direct Plan - Growth,39.157,Kotak Mahindra Mutual Fund,Equity Scheme - Mid Cap Fund
2017-07-20,119775,Kotak Midcap Fund - Direct Plan - Growth,38.973,Kotak Mahindra Mutual Fund,Equity Scheme - Mid Cap Fund
2017-07-21,119775,Kotak Midcap Fund - Direct Plan - Growth,39.056,Kotak Mahindra Mutual Fund,Equity Scheme - Mid Cap Fund
2017-07-24,119775,Kotak Midcap Fund - Direct Plan - Growth,39.017,Kotak Mahindra Mutual Fund,Equity Scheme - Mid Cap Fund
2017-07-25,119775,Kotak Midcap Fund - Direct Plan - Growth,39.079,Kotak Mahindra Mutual Fund,Equity Scheme - Mid Cap Fund
2017-07-26,119775,Kotak Midcap Fund - Direct Plan - Growth,39.124,Kotak Mahindra Mutual Fund,Equity Scheme - Mid Cap Fund
2017-07-27,119775,Kotak Midcap Fund - Direct Plan - Growth,39.058,Kotak Mahindra Mutual Fund,Equity Scheme - Mid Cap Fund
2017-07-28,119775,Kotak Midcap Fund - Direct Plan - Growth,39.076,Kotak Mahindra Mutual Fund,Equity Scheme - Mid Cap Fund
2017-07-31,119775,Kotak Midcap Fund - Direct Plan - Growth,39.089,Kotak Mahindra Mutual Fund,Equity Scheme - Mid Cap Fund
2017-08-01,119775,Kotak Midcap Fund - Direct Plan - Growth,39.112,Kotak Mahindra Mutual Fund,Equity Scheme - Mid Cap Fund
2017-08-02,119775,Kotak Midcap Fund - Direct Plan - Growth,39.03,Kotak Mahindra Mutual Fund,Equity Scheme - Mid Cap Fund
2017-08-03,119775,Kotak Midcap Fund - Direct Plan - Growth,38.763,Kotak Mahindra Mutual Fund,Equity Scheme - Mid Cap Fund
2017-08-04,119775,Kotak Midcap Fund - Direct Plan - Growth,38.889,Kotak Mahindra Mutual Fund,Equity Scheme - Mid Cap Fund
2017-08-07,119775,Kotak Midcap Fund - Direct Plan - Growth,39.095,Kotak Mahindra Mutual Fund,Equity Scheme - Mid Cap Fund
2017-08-08,119775,Kotak Midcap Fund - Direct Plan - Growth,38.813,Kotak Mahindra Mutual Fund,Equity Scheme - Mid Cap Fund
2017-08-09,119775,Kotak Midcap Fund - Direct Plan - Growth,38.245,Kotak Mahindra Mutual Fund,Equity Scheme - Mid Cap Fund
2017-08-10,119775,Kotak Midcap Fund - Direct Plan - Growth,37.505,Kotak Mahindra Mutual Fund,Equity Scheme - Mid Cap Fund
2017-08-11,119775,Kotak Midcap Fund - Direct Plan - Growth,37.504,Kotak Mahindra Mutual Fund,Equity Scheme - Mid Cap Fund
2017-08-14,119775,Kotak Midcap Fund - Direct Plan - Growth,38.177,Kotak Mahindra Mutual Fund,Equity Scheme - Mid Cap Fund
2017-08-16,119775,Kotak Midcap Fund - Direct Plan - Growth,38.585,Kotak Mahindra Mutual Fund,Equity Scheme - Mid Cap Fund
2017-08-17,119775,Kotak Midcap Fund - Direct Plan - Growth,38.527,Kotak Mahindra Mutual Fund,Equity Scheme - Mid Cap Fund
2017-08-18,119775,Kotak Midcap Fund - Direct Plan - Growth,38.428,Kotak Mahindra Mutual Fund,Equity Scheme - Mid Cap Fund
2017-08-21,119775,Kotak Midcap Fund - Direct Plan - Growth,38.014,Kotak Mahindra Mutual Fund,Equity Scheme - Mid Cap Fund
2017-08-22,119775,Kotak Midcap Fund - Direct Plan - Growth,37.946,Kotak Mahindra Mutual Fund,Equity Scheme - Mid Cap Fund
2017-08-23,119775,Kotak Midcap Fund - Direct Plan - Growth,38.163,Kotak Mahindra Mutual Fund,Equity Scheme - Mid Cap Fund
2017-08-24,119775,Kotak Midcap Fund - Direct Plan - Growth,38.258,Kotak Mahindra Mutual Fund,Equity Scheme - Mid Cap Fund
2017-08-28,119775,Kotak Midcap Fund - Direct Plan - Growth,38.536,Kotak Mahindra Mutual Fund,Equity Scheme - Mid Cap Fund
2017-08-29,119775,Kotak Midcap Fund - Direct Plan - Growth,38.227,Kotak Mahindra Mutual Fund,Equity Scheme - Mid Cap Fund
2017-08-30,119775,Kotak Midcap Fund - Direct Plan - Growth,38.525,Kotak Mahindra Mutual Fund,Equity Scheme - Mid Cap Fund
2017-08-31,119775,Kotak Midcap Fund - Direct Plan - Growth,38.954,Kotak Mahindra Mutual Fund,Equity Scheme - Mid Cap Fund
2017-09-01,119775,Kotak Midcap Fund - Direct Plan - Growth,39.25,Kotak Mahindra Mutual Fund,Equity Scheme - Mid Cap Fund
2017-09-04,119775,Kotak Midcap Fund - Direct Plan - Growth,39.15,Kotak Mahindra Mutual Fund,Equity Scheme - Mid Cap Fund
2017-09-05,119775,Kotak Midcap Fund - Direct Plan - Growth,39.481,Kotak Mahindra Mutual Fund,Equity Scheme - Mid Cap Fund
2017-09-06,119775,Kotak Midcap Fund - Direct Plan - Growth,39.508,Kotak Mahindra Mutual Fund,Equity Scheme - Mid Cap Fund
2017-09-07,119775,Kotak Midcap Fund - Direct Plan - Growth,39.666,Kotak Mahindra Mutual Fund,Equity Scheme - Mid Cap Fund
2017-09-08,119775,Kotak Midcap Fund - Direct Plan - Growth,39.603,Kotak Mahindra Mutual Fund,Equity Scheme - Mid Cap Fund
2017-09-11,119775,Kotak Midcap Fund - Direct Plan - Growth,39.709,Kotak Mahindra Mutual Fund,Equity Scheme - Mid Cap Fund
2017-09-12,119775,Kotak Midcap Fund - Direct Plan - Growth,39.957,Kotak Mahindra Mutual Fund,Equity Scheme - Mid Cap Fund
2017-09-13,119775,Kotak Midcap Fund - Direct Plan - Growth,39.686,Kotak Mahindra Mutual Fund,Equity Scheme - Mid Cap Fund
2017-09-14,119775,Kotak Midcap Fund - Direct Plan - Growth,39.868,Kotak Mahindra Mutual Fund,Equity Scheme - Mid Cap Fund
2017-09-15,119775,Kotak Midcap Fund - Direct Plan - Growth,39.953,Kotak Mahindra Mutual Fund,Equity Scheme - Mid Cap Fund
2017-09-18,119775,Kotak Midcap Fund - Direct Plan - Growth,40.262,Kotak Mahindra Mutual Fund,Equity Scheme - Mid Cap Fund
2017-09-19,119775,Kotak Midcap Fund - Direct Plan - Growth,40.443,Kotak Mahindra Mutual Fund,Equity Scheme - Mid Cap Fund
2017-09-20,119775,Kotak Midcap Fund - Direct Plan - Growth,40.394,Kotak Mahindra Mutual Fund,Equity Scheme - Mid Cap Fund
2017-09-21,119775,Kotak Midcap Fund - Direct Plan - Growth,40.329,Kotak Mahindra Mutual Fund,Equity Scheme - Mid Cap Fund
2017-09-22,119775,Kotak Midcap Fund - Direct Plan - Growth,39.51,Kotak Mahindra Mutual Fund,Equity Scheme - Mid Cap Fund
2017-09-25,119775,Kotak Midcap Fund - Direct Plan - Growth,38.982,Kotak Mahindra Mutual Fund,Equity Scheme - Mid Cap Fund
2017-09-26,119775,Kotak Midcap Fund - Direct Plan - Growth,39.131,Kotak Mahindra Mutual Fund,Equity Scheme - Mid Cap Fund
2017-09-27,119775,Kotak Midcap Fund - Direct Plan - Growth,38.577,Kotak Mahindra Mutual Fund,Equity Scheme - Mid Cap Fund
2017-09-28,119775,Kotak Midcap Fund - Direct Plan - Growth,38.714,Kotak Mahindra Mutual Fund,Equity Scheme - Mid Cap Fund
2017-09-29,119775,Kotak Midcap Fund - Direct Plan - Growth,39.116,Kotak Mahindra Mutual Fund,Equity Scheme - Mid Cap Fund
2017-10-03,119775,Kotak Midcap Fund - Direct Plan - Growth,39.168,Kotak Mahindra Mutual Fund,Equity Scheme - Mid Cap Fund
2017-10-04,119775,Kotak Midcap Fund - Direct Plan - Growth,39.319,Kotak Mahindra Mutual Fund,Equity Scheme - Mid Cap Fund
2017-10-05,119775,Kotak Midcap Fund - Direct Plan - Growth,39.447,Kotak Mahindra Mutual Fund,Equity Scheme - Mid Cap Fund
2017-10-06,119775,Kotak Midcap Fund - Direct Plan - Growth,39.771,Kotak Mahindra Mutual Fund,Equity Scheme - Mid Cap Fund
2017-10-09,119775,Kotak Midcap Fund - Direct Plan - Growth,39.923,Kotak Mahindra Mutual Fund,Equity Scheme - Mid Cap Fund
2017-10-10,119775,Kotak Midcap Fund - Direct Plan - Growth,40.255,Kotak Mahindra Mutual Fund,Equity Scheme - Mid Cap Fund
2017-10-11,119775,Kotak Midcap Fund - Direct Plan - Growth,39.965,Kotak Mahindra Mutual Fund,Equity Scheme - Mid Cap Fund
2017-10-12,119775,Kotak Midcap Fund - Direct Plan - Growth,40.322,Kotak Mahindra Mutual Fund,Equity Scheme - Mid Cap Fund
2017-10-13,119775,Kotak Midcap Fund - Direct Plan - Growth,40.44,Kotak Mahindra Mutual Fund,Equity Scheme - Mid Cap Fund
2017-10-16,119775,Kotak Midcap Fund - Direct Plan - Growth,40.576,Kotak Mahindra Mutual Fund,Equity Scheme - Mid Cap Fund
2017-10-17,119775,Kotak Midcap Fund - Direct Plan - Growth,40.669,Kotak Mahindra Mutual Fund,Equity Scheme - Mid Cap Fund
2017-10-18,119775,Kotak Midcap Fund - Direct Plan - Growth,40.704,Kotak Mahindra Mutual Fund,Equity Scheme - Mid Cap Fund
2017-10-23,119775,Kotak Midcap Fund - Direct Plan - Growth,40.859,Kotak Mahindra Mutual Fund,Equity Scheme - Mid Cap Fund
2017-10-24,119775,Kotak Midcap Fund - Direct Plan - Growth,40.964,Kotak Mahindra Mutual Fund,Equity Scheme - Mid Cap Fund
2017-10-25,119775,Kotak Midcap Fund - Direct Plan - Growth,40.845,Kotak Mahindra Mutual Fund,Equity Scheme - Mid Cap Fund
2017-10-26,119775,Kotak Midcap Fund - Direct Plan - Growth,40.854,Kotak Mahindra Mutual Fund,Equity Scheme - Mid Cap Fund
2017-10-27,119775,Kotak Midcap Fund - Direct Plan - Growth,40.992,Kotak Mahindra Mutual Fund,Equity Scheme - Mid Cap Fund
2017-10-30,119775,Kotak Midcap Fund - Direct Plan - Growth,41.489,Kotak Mahindra Mutual Fund,Equity Scheme - Mid Cap Fund
2017-10-31,119775,Kotak Midcap Fund - Direct Plan - Growth,41.587,Kotak Mahindra Mutual Fund,Equity Scheme - Mid Cap Fund
2017-11-01,119775,Kotak Midcap Fund - Direct Plan - Growth,41.755,Kotak Mahindra Mutual Fund,Equity Scheme - Mid Cap Fund
2017-11-02,119775,Kotak Midcap Fund - Direct Plan - Growth,41.969,Kotak Mahindra Mutual Fund,Equity Scheme - Mid Cap Fund
2017-11-03,119775,Kotak Midcap Fund - Direct Plan - Growth,42.106,Kotak Mahindra Mutual Fund,Equity Scheme - Mid Cap Fund
2017-11-06,119775,Kotak Midcap Fund - Direct Plan - Growth,42.08,Kotak Mahindra Mutual Fund,Equity Scheme - Mid Cap Fund
2017-11-07,119775,Kotak Midcap Fund - Direct Plan - Growth,41.562,Kotak Mahindra Mutual Fund,Equity Scheme - Mid Cap Fund
2017-11-08,119775,Kotak Midcap Fund - Direct Plan - Growth,41.366,Kotak Mahindra Mutual Fund,Equity Scheme - Mid Cap Fund
2017-11-09,119775,Kotak Midcap Fund - Direct Plan - Growth,41.724,Kotak Mahindra Mutual Fund,Equity Scheme - Mid Cap Fund
2017-11-10,119775,Kotak Midcap Fund - Direct Plan - Growth,41.631,Kotak Mahindra Mutual Fund,Equity Scheme - Mid Cap Fund
2017-11-13,119775,Kotak Midcap Fund - Direct Plan - Growth,41.535,Kotak Mahindra Mutual Fund,Equity Scheme - Mid Cap Fund
2017-11-14,119775,Kotak Midcap Fund - Direct Plan - Growth,41.398,Kotak Mahindra Mutual Fund,Equity Scheme - Mid Cap Fund
2017-11-15,119775,Kotak Midcap Fund - Direct Plan - Growth,41.096,Kotak Mahindra Mutual Fund,Equity Scheme - Mid Cap Fund
2017-11-16,119775,Kotak Midcap Fund - Direct Plan - Growth,41.476,Kotak Mahindra Mutual Fund,Equity Scheme - Mid Cap Fund
2017-11-17,119775,Kotak Midcap Fund - Direct Plan - Growth,41.901,Kotak Mahindra Mutual Fund,Equity Scheme - Mid Cap Fund
2017-11-20,119775,Kotak Midcap Fund - Direct Plan - Growth,42.113,Kotak Mahindra Mutual Fund,Equity Scheme - Mid Cap Fund
2017-11-21,119775,Kotak Midcap Fund - Direct Plan - Growth,42.326,Kotak Mahindra Mutual Fund,Equity Scheme - Mid Cap Fund
2017-11-22,119775,Kotak Midcap Fund - Direct Plan - Growth,42.302,Kotak Mahindra Mutual Fund,Equity Scheme - Mid Cap Fund
2017-11-23,119775,Kotak Midcap Fund - Direct Plan - Growth,42.42,Kotak Mahindra Mutual Fund,Equity Scheme - Mid Cap Fund
2017-11-24,119775,Kotak Midcap Fund - Direct Plan - Growth,42.673,Kotak Mahindra Mutual Fund,Equity Scheme - Mid Cap Fund
2017-11-27,119775,Kotak Midcap Fund - Direct Plan - Growth,42.652,Kotak Mahindra Mutual Fund,Equity Scheme - Mid Cap Fund
2017-11-28,119775,Kotak Midcap Fund - Direct Plan - Growth,42.759,Kotak Mahindra Mutual Fund,Equity Scheme - Mid Cap Fund
2017-11-29,119775,Kotak Midcap Fund - Direct Plan - Growth,42.878,Kotak Mahindra Mutual Fund,Equity Scheme - Mid Cap Fund
2017-11-30,119775,Kotak Midcap Fund - Direct Plan - Growth,42.814,Kotak Mahindra Mutual Fund,Equity Scheme - Mid Cap Fund
2017-12-01,119775,Kotak Midcap Fund - Direct Plan - Growth,42.526,Kotak Mahindra Mutual Fund,Equity Scheme - Mid Cap Fund
2017-12-04,119775,Kotak Midcap Fund - Direct Plan - Growth,42.363,Kotak Mahindra Mutual Fund,Equity Scheme - Mid Cap Fund
2017-12-05,119775,Kotak Midcap Fund - Direct Plan - Growth,42.336,Kotak Mahindra Mutual Fund,Equity Scheme - Mid Cap Fund
2017-12-06,119775,Kotak Midcap Fund - Direct Plan - Growth,42.123,Kotak Mahindra Mutual Fund,Equity Scheme - Mid Cap Fund
2017-12-07,119775,Kotak Midcap Fund - Direct Plan - Growth,42.517,Kotak Mahindra Mutual Fund,Equity Scheme - Mid Cap Fund
2017-12-08,119775,Kotak Midcap Fund - Direct Plan - Growth,42.815,Kotak Mahindra Mutual Fund,Equity Scheme - Mid Cap Fund
2017-12-11,119775,Kotak Midcap Fund - Direct Plan - Growth,42.825,Kotak Mahindra Mutual Fund,Equity Scheme - Mid Cap Fund
2017-12-12,119775,Kotak Midcap Fund - Direct Plan - Growth,42.54,Kotak Mahindra Mutual Fund,Equity Scheme - Mid Cap Fund
2017-12-13,119775,Kotak Midcap Fund - Direct Plan - Growth,42.206,Kotak Mahindra Mutual Fund,Equity Scheme - Mid Cap Fund
2017-12-14,119775,Kotak Midcap Fund - Direct Plan - Growth,42.244,Kotak Mahindra Mutual Fund,Equity Scheme - Mid Cap Fund
2017-12-15,119775,Kotak Midcap Fund - Direct Plan - Growth,42.716,Kotak Mahindra Mutual Fund,Equity Scheme - Mid Cap Fund
2017-12-18,119775,Kotak Midcap Fund - Direct Plan - Growth,42.836,Kotak Mahindra Mutual Fund,Equity Scheme - Mid Cap Fund
2017-12-19,119775,Kotak Midcap Fund - Direct Plan - Growth,43.342,Kotak Mahindra Mutual Fund,Equity Scheme - Mid Cap Fund
2017-12-20,119775,Kotak Midcap Fund - Direct Plan - Growth,43.693,Kotak Mahindra Mutual Fund,Equity Scheme - Mid Cap Fund
2017-12-21,119775,Kotak Midcap Fund - Direct Plan - Growth,43.799,Kotak Mahindra Mutual Fund,Equity Scheme - Mid Cap Fund
2017-12-22,119775,Kotak Midcap Fund - Direct Plan - Growth,43.941,Kotak Mahindra Mutual Fund,Equity Scheme - Mid Cap Fund
2017-12-26,119775,Kotak Midcap Fund - Direct Plan - Growth,44.233,Kotak Mahindra Mutual Fund,Equity Scheme - Mid Cap Fund
2017-12-27,119775,Kotak Midcap Fund - Direct Plan - Growth,44.188,Kotak Mahindra Mutual Fund,Equity Scheme - Mid Cap Fund
2017-12-28,119775,Kotak Midcap Fund - Direct Plan - Growth,44.193,Kotak Mahindra Mutual Fund,Equity Scheme - Mid Cap Fund
2017-12-29,119775,Kotak Midcap Fund - Direct Plan - Growth,44.547,Kotak Mahindra Mutual Fund,Equity Scheme - Mid Cap Fund
2018-01-01,119775,Kotak Midcap Fund - Direct Plan - Growth,44.399,Kotak Mahindra Mutual Fund,Equity Scheme - Mid Cap Fund
2018-01-02,119775,Kotak Midcap Fund - Direct Plan - Growth,44.083,Kotak Mahindra Mutual Fund,Equity Scheme - Mid Cap Fund
2018-01-03,119775,Kotak Midcap Fund - Direct Plan - Growth,44.24,Kotak Mahindra Mutual Fund,Equity Scheme - Mid Cap Fund
2018-01-04,119775,Kotak Midcap Fund - Direct Plan - Growth,44.637,Kotak Mahindra Mutual Fund,Equity Scheme - Mid Cap Fund
2018-01-05,119775,Kotak Midcap Fund - Direct Plan - Growth,45.097,Kotak Mahindra Mutual Fund,Equity Scheme - Mid Cap Fund
2018-01-08,119775,Kotak Midcap Fund - Direct Plan - Growth,45.342,Kotak Mahindra Mutual Fund,Equity Scheme - Mid Cap Fund
2018-01-09,119775,Kotak Midcap Fund - Direct Plan - Growth,45.236,Kotak Mahindra Mutual Fund,Equity Scheme - Mid Cap Fund
2018-01-10,119775,Kotak Midcap Fund - Direct Plan - Growth,45.199,Kotak Mahindra Mutual Fund,Equity Scheme - Mid Cap Fund
2018-01-11,119775,Kotak Midcap Fund - Direct Plan - Growth,45.237,Kotak Mahindra Mutual Fund,Equity Scheme - Mid Cap Fund
2018-01-12,119775,Kotak Midcap Fund - Direct Plan - Growth,45.237,Kotak Mahindra Mutual Fund,Equity Scheme - Mid Cap Fund
2018-01-15,119775,Kotak Midcap Fund - Direct Plan - Growth,45.162,Kotak Mahindra Mutual Fund,Equity Scheme - Mid Cap Fund
2018-01-16,119775,Kotak Midcap Fund - Direct Plan - Growth,44.478,Kotak Mahindra Mutual Fund,Equity Scheme - Mid Cap Fund
2018-01-17,119775,Kotak Midcap Fund - Direct Plan - Growth,44.675,Kotak Mahindra Mutual Fund,Equity Scheme - Mid Cap Fund
2018-01-18,119775,Kotak Midcap Fund - Direct Plan - Growth,44.301,Kotak Mahindra Mutual Fund,Equity Scheme - Mid Cap Fund
2018-01-19,119775,Kotak Midcap Fund - Direct Plan - Growth,44.568,Kotak Mahindra Mutual Fund,Equity Scheme - Mid Cap Fund
2018-01-22,119775,Kotak Midcap Fund - Direct Plan - Growth,44.774,Kotak Mahindra Mutual Fund,Equity Scheme - Mid Cap Fund
2018-01-23,119775,Kotak Midcap Fund - Direct Plan - Growth,44.835,Kotak Mahindra Mutual Fund,Equity Scheme - Mid Cap Fund
2018-01-24,119775,Kotak Midcap Fund - Direct Plan - Growth,44.604,Kotak Mahindra Mutual Fund,Equity Scheme - Mid Cap Fund
2018-01-25,119775,Kotak Midcap Fund - Direct Plan - Growth,44.181,Kotak Mahindra Mutual Fund,Equity Scheme - Mid Cap Fund
2018-01-29,119775,Kotak Midcap Fund - Direct Plan - Growth,43.846,Kotak Mahindra Mutual Fund,Equity Scheme - Mid Cap Fund
2018-01-30,119775,Kotak Midcap Fund - Direct Plan - Growth,43.36,Kotak Mahindra Mutual Fund,Equity Scheme - Mid Cap Fund
2018-01-31,119775,Kotak Midcap Fund - Direct Plan - Growth,43.207,Kotak Mahindra Mutual Fund,Equity Scheme - Mid Cap Fund
2018-02-01,119775,Kotak Midcap Fund - Direct Plan - Growth,43.401,Kotak Mahindra Mutual Fund,Equity Scheme - Mid Cap Fund
2018-02-02,119775,Kotak Midcap Fund - Direct Plan - Growth,42.168,Kotak Mahindra Mutual Fund,Equity Scheme - Mid Cap Fund
2018-02-05,119775,Kotak Midcap Fund - Direct Plan - Growth,41.693,Kotak Mahindra Mutual Fund,Equity Scheme - Mid Cap Fund
2018-02-06,119775,Kotak Midcap Fund - Direct Plan - Growth,41.227,Kotak Mahindra Mutual Fund,Equity Scheme - Mid Cap Fund
2018-02-07,119775,Kotak Midcap Fund - Direct Plan - Growth,41.588,Kotak Mahindra Mutual Fund,Equity Scheme - Mid Cap Fund
2018-02-08,119775,Kotak Midcap Fund - Direct Plan - Growth,42.118,Kotak Mahindra Mutual Fund,Equity Scheme - Mid Cap Fund
2018-02-09,119775,Kotak Midcap Fund - Direct Plan - Growth,41.967,Kotak Mahindra Mutual Fund,Equity Scheme - Mid Cap Fund
2018-02-12,119775,Kotak Midcap Fund - Direct Plan - Growth,42.486,Kotak Mahindra Mutual Fund,Equity Scheme - Mid Cap Fund
2018-02-14,119775,Kotak Midcap Fund - Direct Plan - Growth,42.543,Kotak Mahindra Mutual Fund,Equity Scheme - Mid Cap Fund
2018-02-15,119775,Kotak Midcap Fund - Direct Plan - Growth,42.349,Kotak Mahindra Mutual Fund,Equity Scheme - Mid Cap Fund
2018-02-16,119775,Kotak Midcap Fund - Direct Plan - Growth,41.972,Kotak Mahindra Mutual Fund,Equity Scheme - Mid Cap Fund
2018-02-19,119775,Kotak Midcap Fund - Direct Plan - Growth,41.62,Kotak Mahindra Mutual Fund,Equity Scheme - Mid Cap Fund
2018-02-20,119775,Kotak Midcap Fund - Direct Plan - Growth,41.559,Kotak Mahindra Mutual Fund,Equity Scheme - Mid Cap Fund
2018-02-21,119775,Kotak Midcap Fund - Direct Plan - Growth,41.429,Kotak Mahindra Mutual Fund,Equity Scheme - Mid Cap Fund
2018-02-22,119775,Kotak Midcap Fund - Direct Plan - Growth,41.244,Kotak Mahindra Mutual Fund,Equity Scheme - Mid Cap Fund
2018-02-23,119775,Kotak Midcap Fund - Direct Plan - Growth,41.813,Kotak Mahindra Mutual Fund,Equity Scheme - Mid Cap Fund
2018-02-26,119775,Kotak Midcap Fund - Direct Plan - Growth,42.346,Kotak Mahindra Mutual Fund,Equity Scheme - Mid Cap Fund
2018-02-27,119775,Kotak Midcap Fund - Direct Plan - Growth,42.244,Kotak Mahindra Mutual Fund,Equity Scheme - Mid Cap Fund
2018-02-28,119775,Kotak Midcap Fund - Direct Plan - Growth,42.366,Kotak Mahindra Mutual Fund,Equity Scheme - Mid Cap Fund
2018-03-01,119775,Kotak Midcap Fund - Direct Plan - Growth,42.273,Kotak Mahindra Mutual Fund,Equity Scheme - Mid Cap Fund
2018-03-05,119775,Kotak Midcap Fund - Direct Plan - Growth,42.052,Kotak Mahindra Mutual Fund,Equity Scheme - Mid Cap Fund
2018-03-06,119775,Kotak Midcap Fund - Direct Plan - Growth,41.802,Kotak Mahindra Mutual Fund,Equity Scheme - Mid Cap Fund
2018-03-07,119775,Kotak Midcap Fund - Direct Plan - Growth,41.252,Kotak Mahindra Mutual Fund,Equity Scheme - Mid Cap Fund
2018-03-08,119775,Kotak Midcap Fund - Direct Plan - Growth,41.443,Kotak Mahindra Mutual Fund,Equity Scheme - Mid Cap Fund
2018-03-09,119775,Kotak Midcap Fund - Direct Plan - Growth,41.495,Kotak Mahindra Mutual Fund,Equity Scheme - Mid Cap Fund
2018-03-12,119775,Kotak Midcap Fund - Direct Plan - Growth,41.614,Kotak Mahindra Mutual Fund,Equity Scheme - Mid Cap Fund
2018-03-13,119775,Kotak Midcap Fund - Direct Plan - Growth,41.937,Kotak Mahindra Mutual Fund,Equity Scheme - Mid Cap Fund
2018-03-14,119775,Kotak Midcap Fund - Direct Plan - Growth,41.888,Kotak Mahindra Mutual Fund,Equity Scheme - Mid Cap Fund
2018-03-15,119775,Kotak Midcap Fund - Direct Plan - Growth,42.151,Kotak Mahindra Mutual Fund,Equity Scheme - Mid Cap Fund
2018-03-16,119775,Kotak Midcap Fund - Direct Plan - Growth,41.705,Kotak Mahindra Mutual Fund,Equity Scheme - Mid Cap Fund
2018-03-19,119775,Kotak Midcap Fund - Direct Plan - Growth,41.092,Kotak Mahindra Mutual Fund,Equity Scheme - Mid Cap Fund
2018-03-20,119775,Kotak Midcap Fund - Direct Plan - Growth,41.113,Kotak Mahindra Mutual Fund,Equity Scheme - Mid Cap Fund
2018-03-21,119775,Kotak Midcap Fund - Direct Plan - Growth,41.189,Kotak Mahindra Mutual Fund,Equity Scheme - Mid Cap Fund
2018-03-22,119775,Kotak Midcap Fund - Direct Plan - Growth,40.895,Kotak Mahindra Mutual Fund,Equity Scheme - Mid Cap Fund
2018-03-23,119775,Kotak Midcap Fund - Direct Plan - Growth,40.599,Kotak Mahindra Mutual Fund,Equity Scheme - Mid Cap Fund
2018-03-26,119775,Kotak Midcap Fund - Direct Plan - Growth,41.027,Kotak Mahindra Mutual Fund,Equity Scheme - Mid Cap Fund
2018-03-27,119775,Kotak Midcap Fund - Direct Plan - Growth,41.534,Kotak Mahindra Mutual Fund,Equity Scheme - Mid Cap Fund
2018-03-28,119775,Kotak Midcap Fund - Direct Plan - Growth,41.378,Kotak Mahindra Mutual Fund,Equity Scheme - Mid Cap Fund
2018-04-02,119775,Kotak Midcap Fund - Direct Plan - Growth,42.015,Kotak Mahindra Mutual Fund,Equity Scheme - Mid Cap Fund
2018-04-03,119775,Kotak Midcap Fund - Direct Plan - Growth,42.375,Kotak Mahindra Mutual Fund,Equity Scheme - Mid Cap Fund
2018-04-04,119775,Kotak Midcap Fund - Direct Plan - Growth,42.227,Kotak Mahindra Mutual Fund,Equity Scheme - Mid Cap Fund
2018-04-05,119775,Kotak Midcap Fund - Direct Plan - Growth,42.903,Kotak Mahindra Mutual Fund,Equity Scheme - Mid Cap Fund
2018-04-06,119775,Kotak Midcap Fund - Direct Plan - Growth,43.024,Kotak Mahindra Mutual Fund,Equity Scheme - Mid Cap Fund
2018-04-09,119775,Kotak Midcap Fund - Direct Plan - Growth,43.143,Kotak Mahindra Mutual Fund,Equity Scheme - Mid Cap Fund
2018-04-10,119775,Kotak Midcap Fund - Direct Plan - Growth,43.191,Kotak Mahindra Mutual Fund,Equity Scheme - Mid Cap Fund
2018-04-11,119775,Kotak Midcap Fund - Direct Plan - Growth,43.482,Kotak Mahindra Mutual Fund,Equity Scheme - Mid Cap Fund
2018-04-12,119775,Kotak Midcap Fund - Direct Plan - Growth,43.366,Kotak Mahindra Mutual Fund,Equity Scheme - Mid Cap Fund
2018-04-13,119775,Kotak Midcap Fund - Direct Plan - Growth,43.41,Kotak Mahindra Mutual Fund,Equity Scheme - Mid Cap Fund
2018-04-16,119775,Kotak Midcap Fund - Direct Plan - Growth,43.622,Kotak Mahindra Mutual Fund,Equity Scheme - Mid Cap Fund
2018-04-17,119775,Kotak Midcap Fund - Direct Plan - Growth,43.584,Kotak Mahindra Mutual Fund,Equity Scheme - Mid Cap Fund
2018-04-18,119775,Kotak Midcap Fund - Direct Plan - Growth,43.451,Kotak Mahindra Mutual Fund,Equity Scheme - Mid Cap Fund
2018-04-19,119775,Kotak Midcap Fund - Direct Plan - Growth,43.62,Kotak Mahindra Mutual Fund,Equity Scheme - Mid Cap Fund
2018-04-20,119775,Kotak Midcap Fund - Direct Plan - Growth,43.559,Kotak Mahindra Mutual Fund,Equity Scheme - Mid Cap Fund
2018-04-23,119775,Kotak Midcap Fund - Direct Plan - Growth,43.727,Kotak Mahindra Mutual Fund,Equity Scheme - Mid Cap Fund
2018-04-24,119775,Kotak Midcap Fund - Direct Plan - Growth,43.667,Kotak Mahindra Mutual Fund,Equity Scheme - Mid Cap Fund
2018-04-25,119775,Kotak Midcap Fund - Direct Plan - Growth,43.364,Kotak Mahindra Mutual Fund,Equity Scheme - Mid Cap Fund
2018-04-26,119775,Kotak Midcap Fund - Direct Plan - Growth,43.628,Kotak Mahindra Mutual Fund,Equity Scheme - Mid Cap Fund
2018-04-27,119775,Kotak Midcap Fund - Direct Plan - Growth,43.912,Kotak Mahindra Mutual Fund,Equity Scheme - Mid Cap Fund
2018-04-30,119775,Kotak Midcap Fund - Direct Plan - Growth,44.103,Kotak Mahindra Mutual Fund,Equity Scheme - Mid Cap Fund
2018-05-02,119775,Kotak Midcap Fund - Direct Plan - Growth,43.665,Kotak Mahindra Mutual Fund,Equity Scheme - Mid Cap Fund
2018-05-03,119775,Kotak Midcap Fund - Direct Plan - Growth,43.396,Kotak Mahindra Mutual Fund,Equity Scheme - Mid Cap Fund
2018-05-04,119775,Kotak Midcap Fund - Direct Plan - Growth,43.317,Kotak Mahindra Mutual Fund,Equity Scheme - Mid Cap Fund
2018-05-07,119775,Kotak Midcap Fund - Direct Plan - Growth,43.36,Kotak Mahindra Mutual Fund,Equity Scheme - Mid Cap Fund
2018-05-08,119775,Kotak Midcap Fund - Direct Plan - Growth,43.411,Kotak Mahindra Mutual Fund,Equity Scheme - Mid Cap Fund
2018-05-09,119775,Kotak Midcap Fund - Direct Plan - Growth,43.218,Kotak Mahindra Mutual Fund,Equity Scheme - Mid Cap Fund
2018-05-10,119775,Kotak Midcap Fund - Direct Plan - Growth,42.843,Kotak Mahindra Mutual Fund,Equity Scheme - Mid Cap Fund
2018-05-11,119775,Kotak Midcap Fund - Direct Plan - Growth,43.089,Kotak Mahindra Mutual Fund,Equity Scheme - Mid Cap Fund
2018-05-14,119775,Kotak Midcap Fund - Direct Plan - Growth,42.921,Kotak Mahindra Mutual Fund,Equity Scheme - Mid Cap Fund
2018-05-15,119775,Kotak Midcap Fund - Direct Plan - Growth,42.68,Kotak Mahindra Mutual Fund,Equity Scheme - Mid Cap Fund
2018-05-16,119775,Kotak Midcap Fund - Direct Plan - Growth,42.623,Kotak Mahindra Mutual Fund,Equity Scheme - Mid Cap Fund
2018-05-17,119775,Kotak Midcap Fund - Direct Plan - Growth,42.708,Kotak Mahindra Mutual Fund,Equity Scheme - Mid Cap Fund
2018-05-18,119775,Kotak Midcap Fund - Direct Plan - Growth,42.284,Kotak Mahindra Mutual Fund,Equity Scheme - Mid Cap Fund
2018-05-21,119775,Kotak Midcap Fund - Direct Plan - Growth,41.614,Kotak Mahindra Mutual Fund,Equity Scheme - Mid Cap Fund
2018-05-22,119775,Kotak Midcap Fund - Direct Plan - Growth,41.768,Kotak Mahindra Mutual Fund,Equity Scheme - Mid Cap Fund
2018-05-23,119775,Kotak Midcap Fund - Direct Plan - Growth,41.622,Kotak Mahindra Mutual Fund,Equity Scheme - Mid Cap Fund
2018-05-24,119775,Kotak Midcap Fund - Direct Plan - Growth,41.606,Kotak Mahindra Mutual Fund,Equity Scheme - Mid Cap Fund
2018-05-25,119775,Kotak Midcap Fund - Direct Plan - Growth,42.046,Kotak Mahindra Mutual Fund,Equity Scheme - Mid Cap Fund
2018-05-28,119775,Kotak Midcap Fund - Direct Plan - Growth,42.393,Kotak Mahindra Mutual Fund,Equity Scheme - Mid Cap Fund
2018-05-29,119775,Kotak Midcap Fund - Direct Plan - Growth,42.353,Kotak Mahindra Mutual Fund,Equity Scheme - Mid Cap Fund
2018-05-30,119775,Kotak Midcap Fund - Direct Plan - Growth,42.366,Kotak Mahindra Mutual Fund,Equity Scheme - Mid Cap Fund
2018-05-31,119775,Kotak Midcap Fund - Direct Plan - Growth,42.392,Kotak Mahindra Mutual Fund,Equity Scheme - Mid Cap Fund
2018-06-01,119775,Kotak Midcap Fund - Direct Plan - Growth,41.879,Kotak Mahindra Mutual Fund,Equity Scheme - Mid Cap Fund
2018-06-04,119775,Kotak Midcap Fund - Direct Plan - Growth,41.523,Kotak Mahindra Mutual Fund,Equity Scheme - Mid Cap Fund
2018-06-05,119775,Kotak Midcap Fund - Direct Plan - Growth,41.076,Kotak Mahindra Mutual Fund,Equity Scheme - Mid Cap Fund
2018-06-06,119775,Kotak Midcap Fund - Direct Plan - Growth,41.588,Kotak Mahindra Mutual Fund,Equity Scheme - Mid Cap Fund
2018-06-07,119775,Kotak Midcap Fund - Direct Plan - Growth,41.902,Kotak Mahindra Mutual Fund,Equity Scheme - Mid Cap Fund
2018-06-08,119775,Kotak Midcap Fund - Direct Plan - Growth,42.043,Kotak Mahindra Mutual Fund,Equity Scheme - Mid Cap Fund
2018-06-11,119775,Kotak Midcap Fund - Direct Plan - Growth,42.073,Kotak Mahindra Mutual Fund,Equity Scheme - Mid Cap Fund
2018-06-12,119775,Kotak Midcap Fund - Direct Plan - Growth,42.249,Kotak Mahindra Mutual Fund,Equity Scheme - Mid Cap Fund
2018-06-13,119775,Kotak Midcap Fund - Direct Plan - Growth,42.088,Kotak Mahindra Mutual Fund,Equity Scheme - Mid Cap Fund
2018-06-14,119775,Kotak Midcap Fund - Direct Plan - Growth,42.127,Kotak Mahindra Mutual Fund,Equity Scheme - Mid Cap Fund
2018-06-15,119775,Kotak Midcap Fund - Direct Plan - Growth,41.991,Kotak Mahindra Mutual Fund,Equity Scheme - Mid Cap Fund
2018-06-18,119775,Kotak Midcap Fund - Direct Plan - Growth,41.849,Kotak Mahindra Mutual Fund,Equity Scheme - Mid Cap Fund
2018-06-19,119775,Kotak Midcap Fund - Direct Plan - Growth,41.512,Kotak Mahindra Mutual Fund,Equity Scheme - Mid Cap Fund
2018-06-20,119775,Kotak Midcap Fund - Direct Plan - Growth,41.54,Kotak Mahindra Mutual Fund,Equity Scheme - Mid Cap Fund
2018-06-21,119775,Kotak Midcap Fund - Direct Plan - Growth,41.255,Kotak Mahindra Mutual Fund,Equity Scheme - Mid Cap Fund
2018-06-22,119775,Kotak Midcap Fund - Direct Plan - Growth,41.294,Kotak Mahindra Mutual Fund,Equity Scheme - Mid Cap Fund
2018-06-25,119775,Kotak Midcap Fund - Direct Plan - Growth,40.937,Kotak Mahindra Mutual Fund,Equity Scheme - Mid Cap Fund
2018-06-26,119775,Kotak Midcap Fund - Direct Plan - Growth,40.757,Kotak Mahindra Mutual Fund,Equity Scheme - Mid Cap Fund
2018-06-27,119775,Kotak Midcap Fund - Direct Plan - Growth,40.235,Kotak Mahindra Mutual Fund,Equity Scheme - Mid Cap Fund
2018-06-28,119775,Kotak Midcap Fund - Direct Plan - Growth,39.678,Kotak Mahindra Mutual Fund,Equity Scheme - Mid Cap Fund
2018-06-29,119775,Kotak Midcap Fund - Direct Plan - Growth,40.321,Kotak Mahindra Mutual Fund,Equity Scheme - Mid Cap Fund
2018-07-02,119775,Kotak Midcap Fund - Direct Plan - Growth,40.249,Kotak Mahindra Mutual Fund,Equity Scheme - Mid Cap Fund
2018-07-03,119775,Kotak Midcap Fund - Direct Plan - Growth,40.442,Kotak Mahindra Mutual Fund,Equity Scheme - Mid Cap Fund
2018-07-04,119775,Kotak Midcap Fund - Direct Plan - Growth,40.544,Kotak Mahindra Mutual Fund,Equity Scheme - Mid Cap Fund
2018-07-05,119775,Kotak Midcap Fund - Direct Plan - Growth,40.313,Kotak Mahindra Mutual Fund,Equity Scheme - Mid Cap Fund
2018-07-06,119775,Kotak Midcap Fund - Direct Plan - Growth,40.428,Kotak Mahindra Mutual Fund,Equity Scheme - Mid Cap Fund
2018-07-09,119775,Kotak Midcap Fund - Direct Plan - Growth,40.834,Kotak Mahindra Mutual Fund,Equity Scheme - Mid Cap Fund
2018-07-10,119775,Kotak Midcap Fund - Direct Plan - Growth,40.975,Kotak Mahindra Mutual Fund,Equity Scheme - Mid Cap Fund
2018-07-11,119775,Kotak Midcap Fund - Direct Plan - Growth,40.809,Kotak Mahindra Mutual Fund,Equity Scheme - Mid Cap Fund
2018-07-12,119775,Kotak Midcap Fund - Direct Plan - Growth,40.796,Kotak Mahindra Mutual Fund,Equity Scheme - Mid Cap Fund
2018-07-13,119775,Kotak Midcap Fund - Direct Plan - Growth,40.491,Kotak Mahindra Mutual Fund,Equity Scheme - Mid Cap Fund
2018-07-16,119775,Kotak Midcap Fund - Direct Plan - Growth,39.792,Kotak Mahindra Mutual Fund,Equity Scheme - Mid Cap Fund
2018-07-17,119775,Kotak Midcap Fund - Direct Plan - Growth,40.239,Kotak Mahindra Mutual Fund,Equity Scheme - Mid Cap Fund
2018-07-18,119775,Kotak Midcap Fund - Direct Plan - Growth,40.024,Kotak Mahindra Mutual Fund,Equity Scheme - Mid Cap Fund
2018-07-19,119775,Kotak Midcap Fund - Direct Plan - Growth,39.635,Kotak Mahindra Mutual Fund,Equity Scheme - Mid Cap Fund
2018-07-20,119775,Kotak Midcap Fund - Direct Plan - Growth,39.925,Kotak Mahindra Mutual Fund,Equity Scheme - Mid Cap Fund
2018-07-23,119775,Kotak Midcap Fund - Direct Plan - Growth,40.403,Kotak Mahindra Mutual Fund,Equity Scheme - Mid Cap Fund
2018-07-24,119775,Kotak Midcap Fund - Direct Plan - Growth,40.799,Kotak Mahindra Mutual Fund,Equity Scheme - Mid Cap Fund
2018-07-25,119775,Kotak Midcap Fund - Direct Plan - Growth,40.808,Kotak Mahindra Mutual Fund,Equity Scheme - Mid Cap Fund
2018-07-26,119775,Kotak Midcap Fund - Direct Plan - Growth,41.011,Kotak Mahindra Mutual Fund,Equity Scheme - Mid Cap Fund
2018-07-27,119775,Kotak Midcap Fund - Direct Plan - Growth,41.376,Kotak Mahindra Mutual Fund,Equity Scheme - Mid Cap Fund
2018-07-30,119775,Kotak Midcap Fund - Direct Plan - Growth,41.573,Kotak Mahindra Mutual Fund,Equity Scheme - Mid Cap Fund
2018-07-31,119775,Kotak Midcap Fund - Direct Plan - Growth,41.904,Kotak Mahindra Mutual Fund,Equity Scheme - Mid Cap Fund
2018-08-01,119775,Kotak Midcap Fund - Direct Plan - Growth,41.929,Kotak Mahindra Mutual Fund,Equity Scheme - Mid Cap Fund
2018-08-02,119775,Kotak Midcap Fund - Direct Plan - Growth,41.884,Kotak Mahindra Mutual Fund,Equity Scheme - Mid Cap Fund
2018-08-03,119775,Kotak Midcap Fund - Direct Plan - Growth,42.182,Kotak Mahindra Mutual Fund,Equity Scheme - Mid Cap Fund
2018-08-06,119775,Kotak Midcap Fund - Direct Plan - Growth,42.265,Kotak Mahindra Mutual Fund,Equity Scheme - Mid Cap Fund
2018-08-07,119775,Kotak Midcap Fund - Direct Plan - Growth,42.17,Kotak Mahindra Mutual Fund,Equity Scheme - Mid Cap Fund
2018-08-08,119775,Kotak Midcap Fund - Direct Plan - Growth,42.253,Kotak Mahindra Mutual Fund,Equity Scheme - Mid Cap Fund
2018-08-09,119775,Kotak Midcap Fund - Direct Plan - Growth,42.235,Kotak Mahindra Mutual Fund,Equity Scheme - Mid Cap Fund
2018-08-10,119775,Kotak Midcap Fund - Direct Plan - Growth,42.103,Kotak Mahindra Mutual Fund,Equity Scheme - Mid Cap Fund
2018-08-13,119775,Kotak Midcap Fund - Direct Plan - Growth,41.767,Kotak Mahindra Mutual Fund,Equity Scheme - Mid Cap Fund
2018-08-14,119775,Kotak Midcap Fund - Direct Plan - Growth,42.153,Kotak Mahindra Mutual Fund,Equity Scheme - Mid Cap Fund
2018-08-16,119775,Kotak Midcap Fund - Direct Plan - Growth,42.0,Kotak Mahindra Mutual Fund,Equity Scheme - Mid Cap Fund
2018-08-17,119775,Kotak Midcap Fund - Direct Plan - Growth,42.271,Kotak Mahindra Mutual Fund,Equity Scheme - Mid Cap Fund
2018-08-20,119775,Kotak Midcap Fund - Direct Plan - Growth,42.317,Kotak Mahindra Mutual Fund,Equity Scheme - Mid Cap Fund
2018-08-21,119775,Kotak Midcap Fund - Direct Plan - Growth,42.335,Kotak Mahindra Mutual Fund,Equity Scheme - Mid Cap Fund
2018-08-23,119775,Kotak Midcap Fund - Direct Plan - Growth,42.214,Kotak Mahindra Mutual Fund,Equity Scheme - Mid Cap Fund
2018-08-24,119775,Kotak Midcap Fund - Direct Plan - Growth,42.212,Kotak Mahindra Mutual Fund,Equity Scheme - Mid Cap Fund
2018-08-27,119775,Kotak Midcap Fund - Direct Plan - Growth,42.652,Kotak Mahindra Mutual Fund,Equity Scheme - Mid Cap Fund
2018-08-28,119775,Kotak Midcap Fund - Direct Plan - Growth,42.738,Kotak Mahindra Mutual Fund,Equity Scheme - Mid Cap Fund
2018-08-29,119775,Kotak Midcap Fund - Direct Plan - Growth,42.844,Kotak Mahindra Mutual Fund,Equity Scheme - Mid Cap Fund
2018-08-30,119775,Kotak Midcap Fund - Direct Plan - Growth,42.861,Kotak Mahindra Mutual Fund,Equity Scheme - Mid Cap Fund
2018-08-31,119775,Kotak Midcap Fund - Direct Plan - Growth,42.834,Kotak Mahindra Mutual Fund,Equity Scheme - Mid Cap Fund
2018-09-03,119775,Kotak Midcap Fund - Direct Plan - Growth,42.68,Kotak Mahindra Mutual Fund,Equity Scheme - Mid Cap Fund
2018-09-04,119775,Kotak Midcap Fund - Direct Plan - Growth,41.915,Kotak Mahindra Mutual Fund,Equity Scheme - Mid Cap Fund
2018-09-05,119775,Kotak Midcap Fund - Direct Plan - Growth,41.482,Kotak Mahindra Mutual Fund,Equity Scheme - Mid Cap Fund
2018-09-06,119775,Kotak Midcap Fund - Direct Plan - Growth,41.743,Kotak Mahindra Mutual Fund,Equity Scheme - Mid Cap Fund
2018-09-07,119775,Kotak Midcap Fund - Direct Plan - Growth,42.017,Kotak Mahindra Mutual Fund,Equity Scheme - Mid Cap Fund
2018-09-10,119775,Kotak Midcap Fund - Direct Plan - Growth,41.469,Kotak Mahindra Mutual Fund,Equity Scheme - Mid Cap Fund
2018-09-11,119775,Kotak Midcap Fund - Direct Plan - Growth,41.107,Kotak Mahindra Mutual Fund,Equity Scheme - Mid Cap Fund
2018-09-12,119775,Kotak Midcap Fund - Direct Plan - Growth,41.165,Kotak Mahindra Mutual Fund,Equity Scheme - Mid Cap Fund
2018-09-14,119775,Kotak Midcap Fund - Direct Plan - Growth,41.706,Kotak Mahindra Mutual Fund,Equity Scheme - Mid Cap Fund
2018-09-17,119775,Kotak Midcap Fund - Direct Plan - Growth,41.561,Kotak Mahindra Mutual Fund,Equity Scheme - Mid Cap Fund
2018-09-18,119775,Kotak Midcap Fund - Direct Plan - Growth,41.104,Kotak Mahindra Mutual Fund,Equity Scheme - Mid Cap Fund
2018-09-19,119775,Kotak Midcap Fund - Direct Plan - Growth,40.74,Kotak Mahindra Mutual Fund,Equity Scheme - Mid Cap Fund
2018-09-21,119775,Kotak Midcap Fund - Direct Plan - Growth,40.0,Kotak Mahindra Mutual Fund,Equity Scheme - Mid Cap Fund
2018-09-24,119775,Kotak Midcap Fund - Direct Plan - Growth,39.132,Kotak Mahindra Mutual Fund,Equity Scheme - Mid Cap Fund
2018-09-25,119775,Kotak Midcap Fund - Direct Plan - Growth,39.049,Kotak Mahindra Mutual Fund,Equity Scheme - Mid Cap Fund
2018-09-26,119775,Kotak Midcap Fund - Direct Plan - Growth,39.278,Kotak Mahindra Mutual Fund,Equity Scheme - Mid Cap Fund
2018-09-27,119775,Kotak Midcap Fund - Direct Plan - Growth,38.571,Kotak Mahindra Mutual Fund,Equity Scheme - Mid Cap Fund
2018-09-28,119775,Kotak Midcap Fund - Direct Plan - Growth,37.963,Kotak Mahindra Mutual Fund,Equity Scheme - Mid Cap Fund
2018-10-01,119775,Kotak Midcap Fund - Direct Plan - Growth,37.799,Kotak Mahindra Mutual Fund,Equity Scheme - Mid Cap Fund
2018-10-03,119775,Kotak Midcap Fund - Direct Plan - Growth,37.626,Kotak Mahindra Mutual Fund,Equity Scheme - Mid Cap Fund
2018-10-04,119775,Kotak Midcap Fund - Direct Plan - Growth,37.04,Kotak Mahindra Mutual Fund,Equity Scheme - Mid Cap Fund
2018-10-05,119775,Kotak Midcap Fund - Direct Plan - Growth,36.35,Kotak Mahindra Mutual Fund,Equity Scheme - Mid Cap Fund
2018-10-08,119775,Kotak Midcap Fund - Direct Plan - Growth,35.905,Kotak Mahindra Mutual Fund,Equity Scheme - Mid Cap Fund
2018-10-09,119775,Kotak Midcap Fund - Direct Plan - Growth,35.762,Kotak Mahindra Mutual Fund,Equity Scheme - Mid Cap Fund
2018-10-10,119775,Kotak Midcap Fund - Direct Plan - Growth,36.86,Kotak Mahindra Mutual Fund,Equity Scheme - Mid Cap Fund
2018-10-11,119775,Kotak Midcap Fund - Direct Plan - Growth,36.312,Kotak Mahindra Mutual Fund,Equity Scheme - Mid Cap Fund
2018-10-12,119775,Kotak Midcap Fund - Direct Plan - Growth,37.015,Kotak Mahindra Mutual Fund,Equity Scheme - Mid Cap Fund
2018-10-15,119775,Kotak Midcap Fund - Direct Plan - Growth,37.258,Kotak Mahindra Mutual Fund,Equity Scheme - Mid Cap Fund
2018-10-16,119775,Kotak Midcap Fund - Direct Plan - Growth,37.866,Kotak Mahindra Mutual Fund,Equity Scheme - Mid Cap Fund
2018-10-17,119775,Kotak Midcap Fund - Direct Plan - Growth,37.219,Kotak Mahindra Mutual Fund,Equity Scheme - Mid Cap Fund
2018-10-19,119775,Kotak Midcap Fund - Direct Plan - Growth,36.731,Kotak Mahindra Mutual Fund,Equity Scheme - Mid Cap Fund
2018-10-22,119775,Kotak Midcap Fund - Direct Plan - Growth,36.143,Kotak Mahindra Mutual Fund,Equity Scheme - Mid Cap Fund
2018-10-23,119775,Kotak Midcap Fund - Direct Plan - Growth,35.784,Kotak Mahindra Mutual Fund,Equity Scheme - Mid Cap Fund
2018-10-24,119775,Kotak Midcap Fund - Direct Plan - Growth,36.22,Kotak Mahindra Mutual Fund,Equity Scheme - Mid Cap Fund
2018-10-25,119775,Kotak Midcap Fund - Direct Plan - Growth,36.054,Kotak Mahindra Mutual Fund,Equity Scheme - Mid Cap Fund
2018-10-26,119775,Kotak Midcap Fund - Direct Plan - Growth,36.001,Kotak Mahindra Mutual Fund,Equity Scheme - Mid Cap Fund
2018-10-29,119775,Kotak Midcap Fund - Direct Plan - Growth,36.553,Kotak Mahindra Mutual Fund,Equity Scheme - Mid Cap Fund
2018-10-30,119775,Kotak Midcap Fund - Direct Plan - Growth,36.904,Kotak Mahindra Mutual Fund,Equity Scheme - Mid Cap Fund
2018-10-31,119775,Kotak Midcap Fund - Direct Plan - Growth,37.336,Kotak Mahindra Mutual Fund,Equity Scheme - Mid Cap Fund
2018-11-01,119775,Kotak Midcap Fund - Direct Plan - Growth,37.659,Kotak Mahindra Mutual Fund,Equity Scheme - Mid Cap Fund
2018-11-02,119775,Kotak Midcap Fund - Direct Plan - Growth,38.008,Kotak Mahindra Mutual Fund,Equity Scheme - Mid Cap Fund
2018-11-05,119775,Kotak Midcap Fund - Direct Plan - Growth,38.062,Kotak Mahindra Mutual Fund,Equity Scheme - Mid Cap Fund
2018-11-06,119775,Kotak Midcap Fund - Direct Plan - Growth,37.91,Kotak Mahindra Mutual Fund,Equity Scheme - Mid Cap Fund
2018-11-09,119775,Kotak Midcap Fund - Direct Plan - Growth,38.375,Kotak Mahindra Mutual Fund,Equity Scheme - Mid Cap Fund
2018-11-12,119775,Kotak Midcap Fund - Direct Plan - Growth,38.087,Kotak Mahindra Mutual Fund,Equity Scheme - Mid Cap Fund
2018-11-13,119775,Kotak Midcap Fund - Direct Plan - Growth,38.17,Kotak Mahindra Mutual Fund,Equity Scheme - Mid Cap Fund
2018-11-14,119775,Kotak Midcap Fund - Direct Plan - Growth,38.278,Kotak Mahindra Mutual Fund,Equity Scheme - Mid Cap Fund
2018-11-15,119775,Kotak Midcap Fund - Direct Plan - Growth,38.452,Kotak Mahindra Mutual Fund,Equity Scheme - Mid Cap Fund
2018-11-16,119775,Kotak Midcap Fund - Direct Plan - Growth,38.523,Kotak Mahindra Mutual Fund,Equity Scheme - Mid Cap Fund
2018-11-19,119775,Kotak Midcap Fund - Direct Plan - Growth,38.595,Kotak Mahindra Mutual Fund,Equity Scheme - Mid Cap Fund
2018-11-20,119775,Kotak Midcap Fund - Direct Plan - Growth,38.307,Kotak Mahindra Mutual Fund,Equity Scheme - Mid Cap Fund
2018-11-21,119775,Kotak Midcap Fund - Direct Plan - Growth,38.399,Kotak Mahindra Mutual Fund,Equity Scheme - Mid Cap Fund
2018-11-22,119775,Kotak Midcap Fund - Direct Plan - Growth,38.22,Kotak Mahindra Mutual Fund,Equity Scheme - Mid Cap Fund
2018-11-26,119775,Kotak Midcap Fund - Direct Plan - Growth,38.278,Kotak Mahindra Mutual Fund,Equity Scheme - Mid Cap Fund
2018-11-27,119775,Kotak Midcap Fund - Direct Plan - Growth,38.498,Kotak Mahindra Mutual Fund,Equity Scheme - Mid Cap Fund
2018-11-28,119775,Kotak Midcap Fund - Direct Plan - Growth,38.294,Kotak Mahindra Mutual Fund,Equity Scheme - Mid Cap Fund
2018-11-29,119775,Kotak Midcap Fund - Direct Plan - Growth,38.44,Kotak Mahindra Mutual Fund,Equity Scheme - Mid Cap Fund
2018-11-30,119775,Kotak Midcap Fund - Direct Plan - Growth,38.581,Kotak Mahindra Mutual Fund,Equity Scheme - Mid Cap Fund
2018-12-03,119775,Kotak Midcap Fund - Direct Plan - Growth,38.791,Kotak Mahindra Mutual Fund,Equity Scheme - Mid Cap Fund
2018-12-04,119775,Kotak Midcap Fund - Direct Plan - Growth,38.941,Kotak Mahindra Mutual Fund,Equity Scheme - Mid Cap Fund
2018-12-05,119775,Kotak Midcap Fund - Direct Plan - Growth,38.653,Kotak Mahindra Mutual Fund,Equity Scheme - Mid Cap Fund
2018-12-06,119775,Kotak Midcap Fund - Direct Plan - Growth,38.193,Kotak Mahindra Mutual Fund,Equity Scheme - Mid Cap Fund
2018-12-07,119775,Kotak Midcap Fund - Direct Plan - Growth,38.183,Kotak Mahindra Mutual Fund,Equity Scheme - Mid Cap Fund
2018-12-10,119775,Kotak Midcap Fund - Direct Plan - Growth,37.61,Kotak Mahindra Mutual Fund,Equity Scheme - Mid Cap Fund
2018-12-11,119775,Kotak Midcap Fund - Direct Plan - Growth,37.967,Kotak Mahindra Mutual Fund,Equity Scheme - Mid Cap Fund
2018-12-12,119775,Kotak Midcap Fund - Direct Plan - Growth,38.844,Kotak Mahindra Mutual Fund,Equity Scheme - Mid Cap Fund
2018-12-13,119775,Kotak Midcap Fund - Direct Plan - Growth,39.205,Kotak Mahindra Mutual Fund,Equity Scheme - Mid Cap Fund
2018-12-14,119775,Kotak Midcap Fund - Direct Plan - Growth,39.358,Kotak Mahindra Mutual Fund,Equity Scheme - Mid Cap Fund
2018-12-17,119775,Kotak Midcap Fund - Direct Plan - Growth,39.489,Kotak Mahindra Mutual Fund,Equity Scheme - Mid Cap Fund
2018-12-18,119775,Kotak Midcap Fund - Direct Plan - Growth,39.579,Kotak Mahindra Mutual Fund,Equity Scheme - Mid Cap Fund
2018-12-19,119775,Kotak Midcap Fund - Direct Plan - Growth,39.954,Kotak Mahindra Mutual Fund,Equity Scheme - Mid Cap Fund
2018-12-20,119775,Kotak Midcap Fund - Direct Plan - Growth,39.938,Kotak Mahindra Mutual Fund,Equity Scheme - Mid Cap Fund
2018-12-21,119775,Kotak Midcap Fund - Direct Plan - Growth,39.53,Kotak Mahindra Mutual Fund,Equity Scheme - Mid Cap Fund
2018-12-24,119775,Kotak Midcap Fund - Direct Plan - Growth,39.226,Kotak Mahindra Mutual Fund,Equity Scheme - Mid Cap Fund
2018-12-26,119775,Kotak Midcap Fund - Direct Plan - Growth,39.116,Kotak Mahindra Mutual Fund,Equity Scheme - Mid Cap Fund
2018-12-27,119775,Kotak Midcap Fund - Direct Plan - Growth,39.314,Kotak Mahindra Mutual Fund,Equity Scheme - Mid Cap Fund
2018-12-28,119775,Kotak Midcap Fund - Direct Plan - Growth,39.471,Kotak Mahindra Mutual Fund,Equity Scheme - Mid Cap Fund
2018-12-31,119775,Kotak Midcap Fund - Direct Plan - Growth,39.774,Kotak Mahindra Mutual Fund,Equity Scheme - Mid Cap Fund
2019-01-01,119775,Kotak Midcap Fund - Direct Plan - Growth,39.751,Kotak Mahindra Mutual Fund,Equity Scheme - Mid Cap Fund
2019-01-02,119775,Kotak Midcap Fund - Direct Plan - Growth,39.567,Kotak Mahindra Mutual Fund,Equity Scheme - Mid Cap Fund
2019-01-03,119775,Kotak Midcap Fund - Direct Plan - Growth,39.306,Kotak Mahindra Mutual Fund,Equity Scheme - Mid Cap Fund
2019-01-04,119775,Kotak Midcap Fund - Direct Plan - Growth,39.411,Kotak Mahindra Mutual Fund,Equity Scheme - Mid Cap Fund
2019-01-07,119775,Kotak Midcap Fund - Direct Plan - Growth,39.389,Kotak Mahindra Mutual Fund,Equity Scheme - Mid Cap Fund
2019-01-08,119775,Kotak Midcap Fund - Direct Plan - Growth,39.327,Kotak Mahindra Mutual Fund,Equity Scheme - Mid Cap Fund
2019-01-09,119775,Kotak Midcap Fund - Direct Plan - Growth,39.325,Kotak Mahindra Mutual Fund,Equity Scheme - Mid Cap Fund
2019-01-10,119775,Kotak Midcap Fund - Direct Plan - Growth,39.489,Kotak Mahindra Mutual Fund,Equity Scheme - Mid Cap Fund
2019-01-11,119775,Kotak Midcap Fund - Direct Plan - Growth,39.46,Kotak Mahindra Mutual Fund,Equity Scheme - Mid Cap Fund
2019-01-14,119775,Kotak Midcap Fund - Direct Plan - Growth,39.312,Kotak Mahindra Mutual Fund,Equity Scheme - Mid Cap Fund
2019-01-15,119775,Kotak Midcap Fund - Direct Plan - Growth,39.465,Kotak Mahindra Mutual Fund,Equity Scheme - Mid Cap Fund
2019-01-16,119775,Kotak Midcap Fund - Direct Plan - Growth,39.567,Kotak Mahindra Mutual Fund,Equity Scheme - Mid Cap Fund
2019-01-17,119775,Kotak Midcap Fund - Direct Plan - Growth,39.484,Kotak Mahindra Mutual Fund,Equity Scheme - Mid Cap Fund
2019-01-18,119775,Kotak Midcap Fund - Direct Plan - Growth,39.412,Kotak Mahindra Mutual Fund,Equity Scheme - Mid Cap Fund
2019-01-21,119775,Kotak Midcap Fund - Direct Plan - Growth,39.106,Kotak Mahindra Mutual Fund,Equity Scheme - Mid Cap Fund
2019-01-22,119775,Kotak Midcap Fund - Direct Plan - Growth,38.99,Kotak Mahindra Mutual Fund,Equity Scheme - Mid Cap Fund
2019-01-23,119775,Kotak Midcap Fund - Direct Plan - Growth,38.954,Kotak Mahindra Mutual Fund,Equity Scheme - Mid Cap Fund
2019-01-24,119775,Kotak Midcap Fund - Direct Plan - Growth,38.875,Kotak Mahindra Mutual Fund,Equity Scheme - Mid Cap Fund
2019-01-25,119775,Kotak Midcap Fund - Direct Plan - Growth,38.508,Kotak Mahindra Mutual Fund,Equity Scheme - Mid Cap Fund
2019-01-28,119775,Kotak Midcap Fund - Direct Plan - Growth,37.899,Kotak Mahindra Mutual Fund,Equity Scheme - Mid Cap Fund
2019-01-29,119775,Kotak Midcap Fund - Direct Plan - Growth,38.053,Kotak Mahindra Mutual Fund,Equity Scheme - Mid Cap Fund
2019-01-30,119775,Kotak Midcap Fund - Direct Plan - Growth,38.188,Kotak Mahindra Mutual Fund,Equity Scheme - Mid Cap Fund
2019-01-31,119775,Kotak Midcap Fund - Direct Plan - Growth,38.231,Kotak Mahindra Mutual Fund,Equity Scheme - Mid Cap Fund
2019-02-01,119775,Kotak Midcap Fund - Direct Plan - Growth,38.409,Kotak Mahindra Mutual Fund,Equity Scheme - Mid Cap Fund
2019-02-04,119775,Kotak Midcap Fund - Direct Plan - Growth,38.298,Kotak Mahindra Mutual Fund,Equity Scheme - Mid Cap Fund
2019-02-05,119775,Kotak Midcap Fund - Direct Plan - Growth,38.087,Kotak Mahindra Mutual Fund,Equity Scheme - Mid Cap Fund
2019-02-06,119775,Kotak Midcap Fund - Direct Plan - Growth,38.163,Kotak Mahindra Mutual Fund,Equity Scheme - Mid Cap Fund
2019-02-07,119775,Kotak Midcap Fund - Direct Plan - Growth,38.323,Kotak Mahindra Mutual Fund,Equity Scheme - Mid Cap Fund
2019-02-08,119775,Kotak Midcap Fund - Direct Plan - Growth,37.867,Kotak Mahindra Mutual Fund,Equity Scheme - Mid Cap Fund
2019-02-11,119775,Kotak Midcap Fund - Direct Plan - Growth,37.358,Kotak Mahindra Mutual Fund,Equity Scheme - Mid Cap Fund
2019-02-12,119775,Kotak Midcap Fund - Direct Plan - Growth,37.392,Kotak Mahindra Mutual Fund,Equity Scheme - Mid Cap Fund
2019-02-13,119775,Kotak Midcap Fund - Direct Plan - Growth,37.303,Kotak Mahindra Mutual Fund,Equity Scheme - Mid Cap Fund
2019-02-14,119775,Kotak Midcap Fund - Direct Plan - Growth,37.39,Kotak Mahindra Mutual Fund,Equity Scheme - Mid Cap Fund
2019-02-15,119775,Kotak Midcap Fund - Direct Plan - Growth,37.242,Kotak Mahindra Mutual Fund,Equity Scheme - Mid Cap Fund
2019-02-18,119775,Kotak Midcap Fund - Direct Plan - Growth,36.964,Kotak Mahindra Mutual Fund,Equity Scheme - Mid Cap Fund
2019-02-19,119775,Kotak Midcap Fund - Direct Plan - Growth,37.054,Kotak Mahindra Mutual Fund,Equity Scheme - Mid Cap Fund
2019-02-20,119775,Kotak Midcap Fund - Direct Plan - Growth,37.363,Kotak Mahindra Mutual Fund,Equity Scheme - Mid Cap Fund
2019-02-21,119775,Kotak Midcap Fund - Direct Plan - Growth,37.608,Kotak Mahindra Mutual Fund,Equity Scheme - Mid Cap Fund
2019-02-22,119775,Kotak Midcap Fund - Direct Plan - Growth,37.669,Kotak Mahindra Mutual Fund,Equity Scheme - Mid Cap Fund
2019-02-25,119775,Kotak Midcap Fund - Direct Plan - Growth,38.099,Kotak Mahindra Mutual Fund,Equity Scheme - Mid Cap Fund
2019-02-26,119775,Kotak Midcap Fund - Direct Plan - Growth,38.115,Kotak Mahindra Mutual Fund,Equity Scheme - Mid Cap Fund
2019-02-27,119775,Kotak Midcap Fund - Direct Plan - Growth,38.293,Kotak Mahindra Mutual Fund,Equity Scheme - Mid Cap Fund
2019-02-28,119775,Kotak Midcap Fund - Direct Plan - Growth,38.567,Kotak Mahindra Mutual Fund,Equity Scheme - Mid Cap Fund
2019-03-01,119775,Kotak Midcap Fund - Direct Plan - Growth,39.002,Kotak Mahindra Mutual Fund,Equity Scheme - Mid Cap Fund
2019-03-05,119775,Kotak Midcap Fund - Direct Plan - Growth,39.97,Kotak Mahindra Mutual Fund,Equity Scheme - Mid Cap Fund
2019-03-06,119775,Kotak Midcap Fund - Direct Plan - Growth,40.168,Kotak Mahindra Mutual Fund,Equity Scheme - Mid Cap Fund
2019-03-07,119775,Kotak Midcap Fund - Direct Plan - Growth,40.081,Kotak Mahindra Mutual Fund,Equity Scheme - Mid Cap Fund
2019-03-08,119775,Kotak Midcap Fund - Direct Plan - Growth,40.074,Kotak Mahindra Mutual Fund,Equity Scheme - Mid Cap Fund
2019-03-11,119775,Kotak Midcap Fund - Direct Plan - Growth,40.797,Kotak Mahindra Mutual Fund,Equity Scheme - Mid Cap Fund
2019-03-12,119775,Kotak Midcap Fund - Direct Plan - Growth,40.969,Kotak Mahindra Mutual Fund,Equity Scheme - Mid Cap Fund
2019-03-13,119775,Kotak Midcap Fund - Direct Plan - Growth,40.952,Kotak Mahindra Mutual Fund,Equity Scheme - Mid Cap Fund
2019-03-14,119775,Kotak Midcap Fund - Direct Plan - Growth,40.848,Kotak Mahindra Mutual Fund,Equity Scheme - Mid Cap Fund
2019-03-15,119775,Kotak Midcap Fund - Direct Plan - Growth,40.957,Kotak Mahindra Mutual Fund,Equity Scheme - Mid Cap Fund
2019-03-18,119775,Kotak Midcap Fund - Direct Plan - Growth,40.811,Kotak Mahindra Mutual Fund,Equity Scheme - Mid Cap Fund
2019-03-19,119775,Kotak Midcap Fund - Direct Plan - Growth,40.973,Kotak Mahindra Mutual Fund,Equity Scheme - Mid Cap Fund
2019-03-20,119775,Kotak Midcap Fund - Direct Plan - Growth,40.807,Kotak Mahindra Mutual Fund,Equity Scheme - Mid Cap Fund
2019-03-22,119775,Kotak Midcap Fund - Direct Plan - Growth,40.712,Kotak Mahindra Mutual Fund,Equity Scheme - Mid Cap Fund
2019-03-25,119775,Kotak Midcap Fund - Direct Plan - Growth,40.445,Kotak Mahindra Mutual Fund,Equity Scheme - Mid Cap Fund
2019-03-26,119775,Kotak Midcap Fund - Direct Plan - Growth,40.743,Kotak Mahindra Mutual Fund,Equity Scheme - Mid Cap Fund
2019-03-27,119775,Kotak Midcap Fund - Direct Plan - Growth,41.087,Kotak Mahindra Mutual Fund,Equity Scheme - Mid Cap Fund
2019-03-28,119775,Kotak Midcap Fund - Direct Plan - Growth,41.334,Kotak Mahindra Mutual Fund,Equity Scheme - Mid Cap Fund
2019-03-29,119775,Kotak Midcap Fund - Direct Plan - Growth,41.766,Kotak Mahindra Mutual Fund,Equity Scheme - Mid Cap Fund
2019-04-01,119775,Kotak Midcap Fund - Direct Plan - Growth,41.777,Kotak Mahindra Mutual Fund,Equity Scheme - Mid Cap Fund
2019-04-02,119775,Kotak Midcap Fund - Direct Plan - Growth,41.806,Kotak Mahindra Mutual Fund,Equity Scheme - Mid Cap Fund
2019-04-03,119775,Kotak Midcap Fund - Direct Plan - Growth,41.484,Kotak Mahindra Mutual Fund,Equity Scheme - Mid Cap Fund
2019-04-04,119775,Kotak Midcap Fund - Direct Plan - Growth,41.482,Kotak Mahindra Mutual Fund,Equity Scheme - Mid Cap Fund
2019-04-05,119775,Kotak Midcap Fund - Direct Plan - Growth,41.717,Kotak Mahindra Mutual Fund,Equity Scheme - Mid Cap Fund
2019-04-08,119775,Kotak Midcap Fund - Direct Plan - Growth,41.45,Kotak Mahindra Mutual Fund,Equity Scheme - Mid Cap Fund
2019-04-09,119775,Kotak Midcap Fund - Direct Plan - Growth,41.371,Kotak Mahindra Mutual Fund,Equity Scheme - Mid Cap Fund
2019-04-10,119775,Kotak Midcap Fund - Direct Plan - Growth,41.406,Kotak Mahindra Mutual Fund,Equity Scheme - Mid Cap Fund
2019-04-11,119775,Kotak Midcap Fund - Direct Plan - Growth,41.361,Kotak Mahindra Mutual Fund,Equity Scheme - Mid Cap Fund
2019-04-12,119775,Kotak Midcap Fund - Direct Plan - Growth,41.506,Kotak Mahindra Mutual Fund,Equity Scheme - Mid Cap Fund
2019-04-15,119775,Kotak Midcap Fund - Direct Plan - Growth,41.805,Kotak Mahindra Mutual Fund,Equity Scheme - Mid Cap Fund
2019-04-16,119775,Kotak Midcap Fund - Direct Plan - Growth,42.11,Kotak Mahindra Mutual Fund,Equity Scheme - Mid Cap Fund
2019-04-18,119775,Kotak Midcap Fund - Direct Plan - Growth,41.82,Kotak Mahindra Mutual Fund,Equity Scheme - Mid Cap Fund
2019-04-22,119775,Kotak Midcap Fund - Direct Plan - Growth,41.292,Kotak Mahindra Mutual Fund,Equity Scheme - Mid Cap Fund
2019-04-23,119775,Kotak Midcap Fund - Direct Plan - Growth,41.298,Kotak Mahindra Mutual Fund,Equity Scheme - Mid Cap Fund
2019-04-24,119775,Kotak Midcap Fund - Direct Plan - Growth,41.353,Kotak Mahindra Mutual Fund,Equity Scheme - Mid Cap Fund
2019-04-25,119775,Kotak Midcap Fund - Direct Plan - Growth,41.347,Kotak Mahindra Mutual Fund,Equity Scheme - Mid Cap Fund
2019-04-26,119775,Kotak Midcap Fund - Direct Plan - Growth,41.293,Kotak Mahindra Mutual Fund,Equity Scheme - Mid Cap Fund
2019-04-30,119775,Kotak Midcap Fund - Direct Plan - Growth,40.975,Kotak Mahindra Mutual Fund,Equity Scheme - Mid Cap Fund
2019-05-02,119775,Kotak Midcap Fund - Direct Plan - Growth,40.741,Kotak Mahindra Mutual Fund,Equity Scheme - Mid Cap Fund
2019-05-03,119775,Kotak Midcap Fund - Direct Plan - Growth,40.673,Kotak Mahindra Mutual Fund,Equity Scheme - Mid Cap Fund
2019-05-06,119775,Kotak Midcap Fund - Direct Plan - Growth,40.259,Kotak Mahindra Mutual Fund,Equity Scheme - Mid Cap Fund
2019-05-07,119775,Kotak Midcap Fund - Direct Plan - Growth,39.888,Kotak Mahindra Mutual Fund,Equity Scheme - Mid Cap Fund
2019-05-08,119775,Kotak Midcap Fund - Direct Plan - Growth,39.646,Kotak Mahindra Mutual Fund,Equity Scheme - Mid Cap Fund
2019-05-09,119775,Kotak Midcap Fund - Direct Plan - Growth,39.415,Kotak Mahindra Mutual Fund,Equity Scheme - Mid Cap Fund
2019-05-10,119775,Kotak Midcap Fund - Direct Plan - Growth,39.526,Kotak Mahindra Mutual Fund,Equity Scheme - Mid Cap Fund
2019-05-13,119775,Kotak Midcap Fund - Direct Plan - Growth,39.1,Kotak Mahindra Mutual Fund,Equity Scheme - Mid Cap Fund
2019-05-14,119775,Kotak Midcap Fund - Direct Plan - Growth,39.179,Kotak Mahindra Mutual Fund,Equity Scheme - Mid Cap Fund
2019-05-15,119775,Kotak Midcap Fund - Direct Plan - Growth,39.237,Kotak Mahindra Mutual Fund,Equity Scheme - Mid Cap Fund
2019-05-16,119775,Kotak Midcap Fund - Direct Plan - Growth,39.342,Kotak Mahindra Mutual Fund,Equity Scheme - Mid Cap Fund
2019-05-17,119775,Kotak Midcap Fund - Direct Plan - Growth,39.572,Kotak Mahindra Mutual Fund,Equity Scheme - Mid Cap Fund
2019-05-20,119775,Kotak Midcap Fund - Direct Plan - Growth,40.977,Kotak Mahindra Mutual Fund,Equity Scheme - Mid Cap Fund
2019-05-21,119775,Kotak Midcap Fund - Direct Plan - Growth,40.723,Kotak Mahindra Mutual Fund,Equity Scheme - Mid Cap Fund
2019-05-22,119775,Kotak Midcap Fund - Direct Plan - Growth,40.711,Kotak Mahindra Mutual Fund,Equity Scheme - Mid Cap Fund
2019-05-23,119775,Kotak Midcap Fund - Direct Plan - Growth,40.883,Kotak Mahindra Mutual Fund,Equity Scheme - Mid Cap Fund
2019-05-24,119775,Kotak Midcap Fund - Direct Plan - Growth,41.415,Kotak Mahindra Mutual Fund,Equity Scheme - Mid Cap Fund
2019-05-27,119775,Kotak Midcap Fund - Direct Plan - Growth,41.972,Kotak Mahindra Mutual Fund,Equity Scheme - Mid Cap Fund
2019-05-28,119775,Kotak Midcap Fund - Direct Plan - Growth,41.992,Kotak Mahindra Mutual Fund,Equity Scheme - Mid Cap Fund
2019-05-29,119775,Kotak Midcap Fund - Direct Plan - Growth,41.873,Kotak Mahindra Mutual Fund,Equity Scheme - Mid Cap Fund
2019-05-30,119775,Kotak Midcap Fund - Direct Plan - Growth,42.022,Kotak Mahindra Mutual Fund,Equity Scheme - Mid Cap Fund
2019-05-31,119775,Kotak Midcap Fund - Direct Plan - Growth,42.186,Kotak Mahindra Mutual Fund,Equity Scheme - Mid Cap Fund
2019-06-03,119775,Kotak Midcap Fund - Direct Plan - Growth,42.412,Kotak Mahindra Mutual Fund,Equity Scheme - Mid Cap Fund
2019-06-04,119775,Kotak Midcap Fund - Direct Plan - Growth,42.376,Kotak Mahindra Mutual Fund,Equity Scheme - Mid Cap Fund
2019-06-06,119775,Kotak Midcap Fund - Direct Plan - Growth,41.918,Kotak Mahindra Mutual Fund,Equity Scheme - Mid Cap Fund
2019-06-07,119775,Kotak Midcap Fund - Direct Plan - Growth,41.983,Kotak Mahindra Mutual Fund,Equity Scheme - Mid Cap Fund
2019-06-10,119775,Kotak Midcap Fund - Direct Plan - Growth,42.137,Kotak Mahindra Mutual Fund,Equity Scheme - Mid Cap Fund
2019-06-11,119775,Kotak Midcap Fund - Direct Plan - Growth,42.374,Kotak Mahindra Mutual Fund,Equity Scheme - Mid Cap Fund
2019-06-12,119775,Kotak Midcap Fund - Direct Plan - Growth,42.072,Kotak Mahindra Mutual Fund,Equity Scheme - Mid Cap Fund
2019-06-13,119775,Kotak Midcap Fund - Direct Plan - Growth,41.972,Kotak Mahindra Mutual Fund,Equity Scheme - Mid Cap Fund
2019-06-14,119775,Kotak Midcap Fund - Direct Plan - Growth,41.663,Kotak Mahindra Mutual Fund,Equity Scheme - Mid Cap Fund
2019-06-17,119775,Kotak Midcap Fund - Direct Plan - Growth,41.15,Kotak Mahindra Mutual Fund,Equity Scheme - Mid Cap Fund
2019-06-18,119775,Kotak Midcap Fund - Direct Plan - Growth,41.275,Kotak Mahindra Mutual Fund,Equity Scheme - Mid Cap Fund
2019-06-19,119775,Kotak Midcap Fund - Direct Plan - Growth,41.0,Kotak Mahindra Mutual Fund,Equity Scheme - Mid Cap Fund
2019-06-20,119775,Kotak Midcap Fund - Direct Plan - Growth,41.445,Kotak Mahindra Mutual Fund,Equity Scheme - Mid Cap Fund
2019-06-21,119775,Kotak Midcap Fund - Direct Plan - Growth,41.375,Kotak Mahindra Mutual Fund,Equity Scheme - Mid Cap Fund
2019-06-24,119775,Kotak Midcap Fund - Direct Plan - Growth,41.164,Kotak Mahindra Mutual Fund,Equity Scheme - Mid Cap Fund
2019-06-25,119775,Kotak Midcap Fund - Direct Plan - Growth,41.479,Kotak Mahindra Mutual Fund,Equity Scheme - Mid Cap Fund
2019-06-26,119775,Kotak Midcap Fund - Direct Plan - Growth,41.672,Kotak Mahindra Mutual Fund,Equity Scheme - Mid Cap Fund
2019-06-27,119775,Kotak Midcap Fund - Direct Plan - Growth,41.932,Kotak Mahindra Mutual Fund,Equity Scheme - Mid Cap Fund
2019-06-28,119775,Kotak Midcap Fund - Direct Plan - Growth,42.066,Kotak Mahindra Mutual Fund,Equity Scheme - Mid Cap Fund
2019-07-01,119775,Kotak Midcap Fund - Direct Plan - Growth,42.104,Kotak Mahindra Mutual Fund,Equity Scheme - Mid Cap Fund
2019-07-02,119775,Kotak Midcap Fund - Direct Plan - Growth,42.192,Kotak Mahindra Mutual Fund,Equity Scheme - Mid Cap Fund
2019-07-03,119775,Kotak Midcap Fund - Direct Plan - Growth,42.125,Kotak Mahindra Mutual Fund,Equity Scheme - Mid Cap Fund
2019-07-04,119775,Kotak Midcap Fund - Direct Plan - Growth,42.175,Kotak Mahindra Mutual Fund,Equity Scheme - Mid Cap Fund
2019-07-05,119775,Kotak Midcap Fund - Direct Plan - Growth,41.588,Kotak Mahindra Mutual Fund,Equity Scheme - Mid Cap Fund
2019-07-08,119775,Kotak Midcap Fund - Direct Plan - Growth,40.898,Kotak Mahindra Mutual Fund,Equity Scheme - Mid Cap Fund
2019-07-09,119775,Kotak Midcap Fund - Direct Plan - Growth,41.077,Kotak Mahindra Mutual Fund,Equity Scheme - Mid Cap Fund
2019-07-10,119775,Kotak Midcap Fund - Direct Plan - Growth,40.758,Kotak Mahindra Mutual Fund,Equity Scheme - Mid Cap Fund
2019-07-11,119775,Kotak Midcap Fund - Direct Plan - Growth,40.921,Kotak Mahindra Mutual Fund,Equity Scheme - Mid Cap Fund
2019-07-12,119775,Kotak Midcap Fund - Direct Plan - Growth,41.055,Kotak Mahindra Mutual Fund,Equity Scheme - Mid Cap Fund
2019-07-15,119775,Kotak Midcap Fund - Direct Plan - Growth,40.863,Kotak Mahindra Mutual Fund,Equity Scheme - Mid Cap Fund
2019-07-16,119775,Kotak Midcap Fund - Direct Plan - Growth,41.065,Kotak Mahindra Mutual Fund,Equity Scheme - Mid Cap Fund
2019-07-17,119775,Kotak Midcap Fund - Direct Plan - Growth,40.968,Kotak Mahindra Mutual Fund,Equity Scheme - Mid Cap Fund
2019-07-18,119775,Kotak Midcap Fund - Direct Plan - Growth,40.574,Kotak Mahindra Mutual Fund,Equity Scheme - Mid Cap Fund
2019-07-19,119775,Kotak Midcap Fund - Direct Plan - Growth,39.836,Kotak Mahindra Mutual Fund,Equity Scheme - Mid Cap Fund
2019-07-22,119775,Kotak Midcap Fund - Direct Plan - Growth,39.685,Kotak Mahindra Mutual Fund,Equity Scheme - Mid Cap Fund
2019-07-23,119775,Kotak Midcap Fund - Direct Plan - Growth,39.673,Kotak Mahindra Mutual Fund,Equity Scheme - Mid Cap Fund
2019-07-24,119775,Kotak Midcap Fund - Direct Plan - Growth,39.169,Kotak Mahindra Mutual Fund,Equity Scheme - Mid Cap Fund
2019-07-25,119775,Kotak Midcap Fund - Direct Plan - Growth,39.333,Kotak Mahindra Mutual Fund,Equity Scheme - Mid Cap Fund
2019-07-26,119775,Kotak Midcap Fund - Direct Plan - Growth,39.527,Kotak Mahindra Mutual Fund,Equity Scheme - Mid Cap Fund
2019-07-30,119775,Kotak Midcap Fund - Direct Plan - Growth,38.558,Kotak Mahindra Mutual Fund,Equity Scheme - Mid Cap Fund
2019-07-31,119775,Kotak Midcap Fund - Direct Plan - Growth,38.928,Kotak Mahindra Mutual Fund,Equity Scheme - Mid Cap Fund
2019-08-01,119775,Kotak Midcap Fund - Direct Plan - Growth,38.663,Kotak Mahindra Mutual Fund,Equity Scheme - Mid Cap Fund
2019-08-02,119775,Kotak Midcap Fund - Direct Plan - Growth,38.48,Kotak Mahindra Mutual Fund,Equity Scheme - Mid Cap Fund
2019-08-05,119775,Kotak Midcap Fund - Direct Plan - Growth,37.966,Kotak Mahindra Mutual Fund,Equity Scheme - Mid Cap Fund
2019-08-06,119775,Kotak Midcap Fund - Direct Plan - Growth,38.659,Kotak Mahindra Mutual Fund,Equity Scheme - Mid Cap Fund
2019-08-07,119775,Kotak Midcap Fund - Direct Plan - Growth,38.518,Kotak Mahindra Mutual Fund,Equity Scheme - Mid Cap Fund
2019-08-08,119775,Kotak Midcap Fund - Direct Plan - Growth,38.756,Kotak Mahindra Mutual Fund,Equity Scheme - Mid Cap Fund
2019-08-09,119775,Kotak Midcap Fund - Direct Plan - Growth,39.046,Kotak Mahindra Mutual Fund,Equity Scheme - Mid Cap Fund
2019-08-13,119775,Kotak Midcap Fund - Direct Plan - Growth,38.397,Kotak Mahindra Mutual Fund,Equity Scheme - Mid Cap Fund
2019-08-14,119775,Kotak Midcap Fund - Direct Plan - Growth,38.702,Kotak Mahindra Mutual Fund,Equity Scheme - Mid Cap Fund
2019-08-16,119775,Kotak Midcap Fund - Direct Plan - Growth,38.739,Kotak Mahindra Mutual Fund,Equity Scheme - Mid Cap Fund
2019-08-19,119775,Kotak Midcap Fund - Direct Plan - Growth,38.947,Kotak Mahindra Mutual Fund,Equity Scheme - Mid Cap Fund
2019-08-20,119775,Kotak Midcap Fund - Direct Plan - Growth,38.653,Kotak Mahindra Mutual Fund,Equity Scheme - Mid Cap Fund
2019-08-21,119775,Kotak Midcap Fund - Direct Plan - Growth,38.306,Kotak Mahindra Mutual Fund,Equity Scheme - Mid Cap Fund
2019-08-22,119775,Kotak Midcap Fund - Direct Plan - Growth,37.863,Kotak Mahindra Mutual Fund,Equity Scheme - Mid Cap Fund
2019-08-23,119775,Kotak Midcap Fund - Direct Plan - Growth,38.041,Kotak Mahindra Mutual Fund,Equity Scheme - Mid Cap Fund
2019-08-26,119775,Kotak Midcap Fund - Direct Plan - Growth,38.586,Kotak Mahindra Mutual Fund,Equity Scheme - Mid Cap Fund
2019-08-27,119775,Kotak Midcap Fund - Direct Plan - Growth,38.86,Kotak Mahindra Mutual Fund,Equity Scheme - Mid Cap Fund
2019-08-28,119775,Kotak Midcap Fund - Direct Plan - Growth,38.633,Kotak Mahindra Mutual Fund,Equity Scheme - Mid Cap Fund
2019-08-29,119775,Kotak Midcap Fund - Direct Plan - Growth,38.376,Kotak Mahindra Mutual Fund,Equity Scheme - Mid Cap Fund
2019-08-30,119775,Kotak Midcap Fund - Direct Plan - Growth,38.729,Kotak Mahindra Mutual Fund,Equity Scheme - Mid Cap Fund
2019-09-03,119775,Kotak Midcap Fund - Direct Plan - Growth,38.208,Kotak Mahindra Mutual Fund,Equity Scheme - Mid Cap Fund
2019-09-04,119775,Kotak Midcap Fund - Direct Plan - Growth,38.298,Kotak Mahindra Mutual Fund,Equity Scheme - Mid Cap Fund
2019-09-05,119775,Kotak Midcap Fund - Direct Plan - Growth,38.453,Kotak Mahindra Mutual Fund,Equity Scheme - Mid Cap Fund
2019-09-06,119775,Kotak Midcap Fund - Direct Plan - Growth,38.717,Kotak Mahindra Mutual Fund,Equity Scheme - Mid Cap Fund
2019-09-09,119775,Kotak Midcap Fund - Direct Plan - Growth,38.987,Kotak Mahindra Mutual Fund,Equity Scheme - Mid Cap Fund
2019-09-11,119775,Kotak Midcap Fund - Direct Plan - Growth,39.444,Kotak Mahindra Mutual Fund,Equity Scheme - Mid Cap Fund
2019-09-12,119775,Kotak Midcap Fund - Direct Plan - Growth,39.432,Kotak Mahindra Mutual Fund,Equity Scheme - Mid Cap Fund
2019-09-13,119775,Kotak Midcap Fund - Direct Plan - Growth,39.776,Kotak Mahindra Mutual Fund,Equity Scheme - Mid Cap Fund
2019-09-16,119775,Kotak Midcap Fund - Direct Plan - Growth,39.677,Kotak Mahindra Mutual Fund,Equity Scheme - Mid Cap Fund
2019-09-17,119775,Kotak Midcap Fund - Direct Plan - Growth,39.11,Kotak Mahindra Mutual Fund,Equity Scheme - Mid Cap Fund
2019-09-18,119775,Kotak Midcap Fund - Direct Plan - Growth,39.24,Kotak Mahindra Mutual Fund,Equity Scheme - Mid Cap Fund
2019-09-19,119775,Kotak Midcap Fund - Direct Plan - Growth,38.794,Kotak Mahindra Mutual Fund,Equity Scheme - Mid Cap Fund
2019-09-20,119775,Kotak Midcap Fund - Direct Plan - Growth,40.974,Kotak Mahindra Mutual Fund,Equity Scheme - Mid Cap Fund
2019-09-23,119775,Kotak Midcap Fund - Direct Plan - Growth,42.014,Kotak Mahindra Mutual Fund,Equity Scheme - Mid Cap Fund
2019-09-24,119775,Kotak Midcap Fund - Direct Plan - Growth,41.949,Kotak Mahindra Mutual Fund,Equity Scheme - Mid Cap Fund
2019-09-25,119775,Kotak Midcap Fund - Direct Plan - Growth,41.366,Kotak Mahindra Mutual Fund,Equity Scheme - Mid Cap Fund
2019-09-26,119775,Kotak Midcap Fund - Direct Plan - Growth,41.74,Kotak Mahindra Mutual Fund,Equity Scheme - Mid Cap Fund
2019-09-27,119775,Kotak Midcap Fund - Direct Plan - Growth,41.566,Kotak Mahindra Mutual Fund,Equity Scheme - Mid Cap Fund
2019-09-30,119775,Kotak Midcap Fund - Direct Plan - Growth,41.16,Kotak Mahindra Mutual Fund,Equity Scheme - Mid Cap Fund
2019-10-01,119775,Kotak Midcap Fund - Direct Plan - Growth,40.58,Kotak Mahindra Mutual Fund,Equity Scheme - Mid Cap Fund
2019-10-03,119775,Kotak Midcap Fund - Direct Plan - Growth,40.476,Kotak Mahindra Mutual Fund,Equity Scheme - Mid Cap Fund
2019-10-04,119775,Kotak Midcap Fund - Direct Plan - Growth,40.096,Kotak Mahindra Mutual Fund,Equity Scheme - Mid Cap Fund
2019-10-07,119775,Kotak Midcap Fund - Direct Plan - Growth,39.928,Kotak Mahindra Mutual Fund,Equity Scheme - Mid Cap Fund
2019-10-09,119775,Kotak Midcap Fund - Direct Plan - Growth,40.358,Kotak Mahindra Mutual Fund,Equity Scheme - Mid Cap Fund
2019-10-10,119775,Kotak Midcap Fund - Direct Plan - Growth,40.028,Kotak Mahindra Mutual Fund,Equity Scheme - Mid Cap Fund
2019-10-11,119775,Kotak Midcap Fund - Direct Plan - Growth,40.14,Kotak Mahindra Mutual Fund,Equity Scheme - Mid Cap Fund
2019-10-14,119775,Kotak Midcap Fund - Direct Plan - Growth,40.248,Kotak Mahindra Mutual Fund,Equity Scheme - Mid Cap Fund
2019-10-15,119775,Kotak Midcap Fund - Direct Plan - Growth,40.314,Kotak Mahindra Mutual Fund,Equity Scheme - Mid Cap Fund
2019-10-16,119775,Kotak Midcap Fund - Direct Plan - Growth,40.255,Kotak Mahindra Mutual Fund,Equity Scheme - Mid Cap Fund
2019-10-17,119775,Kotak Midcap Fund - Direct Plan - Growth,40.788,Kotak Mahindra Mutual Fund,Equity Scheme - Mid Cap Fund
2019-10-18,119775,Kotak Midcap Fund - Direct Plan - Growth,41.135,Kotak Mahindra Mutual Fund,Equity Scheme - Mid Cap Fund
2019-10-22,119775,Kotak Midcap Fund - Direct Plan - Growth,41.318,Kotak Mahindra Mutual Fund,Equity Scheme - Mid Cap Fund
2019-10-23,119775,Kotak Midcap Fund - Direct Plan - Growth,41.337,Kotak Mahindra Mutual Fund,Equity Scheme - Mid Cap Fund
2019-10-24,119775,Kotak Midcap Fund - Direct Plan - Growth,41.431,Kotak Mahindra Mutual Fund,Equity Scheme - Mid Cap Fund
2019-10-25,119775,Kotak Midcap Fund - Direct Plan - Growth,41.307,Kotak Mahindra Mutual Fund,Equity Scheme - Mid Cap Fund
2019-10-29,119775,Kotak Midcap Fund - Direct Plan - Growth,41.884,Kotak Mahindra Mutual Fund,Equity Scheme - Mid Cap Fund
2019-10-30,119775,Kotak Midcap Fund - Direct Plan - Growth,42.094,Kotak Mahindra Mutual Fund,Equity Scheme - Mid Cap Fund
2019-10-31,119775,Kotak Midcap Fund - Direct Plan - Growth,42.529,Kotak Mahindra Mutual Fund,Equity Scheme - Mid Cap Fund
2019-11-01,119775,Kotak Midcap Fund - Direct Plan - Growth,42.644,Kotak Mahindra Mutual Fund,Equity Scheme - Mid Cap Fund
2019-11-04,119775,Kotak Midcap Fund - Direct Plan - Growth,42.569,Kotak Mahindra Mutual Fund,Equity Scheme - Mid Cap Fund
2019-11-05,119775,Kotak Midcap Fund - Direct Plan - Growth,42.13,Kotak Mahindra Mutual Fund,Equity Scheme - Mid Cap Fund
2019-11-06,119775,Kotak Midcap Fund - Direct Plan - Growth,42.078,Kotak Mahindra Mutual Fund,Equity Scheme - Mid Cap Fund
2019-11-07,119775,Kotak Midcap Fund - Direct Plan - Growth,42.353,Kotak Mahindra Mutual Fund,Equity Scheme - Mid Cap Fund
2019-11-08,119775,Kotak Midcap Fund - Direct Plan - Growth,42.237,Kotak Mahindra Mutual Fund,Equity Scheme - Mid Cap Fund
2019-11-11,119775,Kotak Midcap Fund - Direct Plan - Growth,42.461,Kotak Mahindra Mutual Fund,Equity Scheme - Mid Cap Fund
2019-11-13,119775,Kotak Midcap Fund - Direct Plan - Growth,42.301,Kotak Mahindra Mutual Fund,Equity Scheme - Mid Cap Fund
2019-11-14,119775,Kotak Midcap Fund - Direct Plan - Growth,42.442,Kotak Mahindra Mutual Fund,Equity Scheme - Mid Cap Fund
2019-11-15,119775,Kotak Midcap Fund - Direct Plan - Growth,42.472,Kotak Mahindra Mutual Fund,Equity Scheme - Mid Cap Fund
2019-11-18,119775,Kotak Midcap Fund - Direct Plan - Growth,42.571,Kotak Mahindra Mutual Fund,Equity Scheme - Mid Cap Fund
2019-11-19,119775,Kotak Midcap Fund - Direct Plan - Growth,42.736,Kotak Mahindra Mutual Fund,Equity Scheme - Mid Cap Fund
2019-11-20,119775,Kotak Midcap Fund - Direct Plan - Growth,42.958,Kotak Mahindra Mutual Fund,Equity Scheme - Mid Cap Fund
2019-11-21,119775,Kotak Midcap Fund - Direct Plan - Growth,42.625,Kotak Mahindra Mutual Fund,Equity Scheme - Mid Cap Fund
2019-11-22,119775,Kotak Midcap Fund - Direct Plan - Growth,42.538,Kotak Mahindra Mutual Fund,Equity Scheme - Mid Cap Fund
2019-11-25,119775,Kotak Midcap Fund - Direct Plan - Growth,42.934,Kotak Mahindra Mutual Fund,Equity Scheme - Mid Cap Fund
2019-11-26,119775,Kotak Midcap Fund - Direct Plan - Growth,42.75,Kotak Mahindra Mutual Fund,Equity Scheme - Mid Cap Fund
2019-11-27,119775,Kotak Midcap Fund - Direct Plan - Growth,43.17,Kotak Mahindra Mutual Fund,Equity Scheme - Mid Cap Fund
2019-11-28,119775,Kotak Midcap Fund - Direct Plan - Growth,43.43,Kotak Mahindra Mutual Fund,Equity Scheme - Mid Cap Fund
2019-11-29,119775,Kotak Midcap Fund - Direct Plan - Growth,43.48,Kotak Mahindra Mutual Fund,Equity Scheme - Mid Cap Fund
2019-12-02,119775,Kotak Midcap Fund - Direct Plan - Growth,43.384,Kotak Mahindra Mutual Fund,Equity Scheme - Mid Cap Fund
2019-12-03,119775,Kotak Midcap Fund - Direct Plan - Growth,43.156,Kotak Mahindra Mutual Fund,Equity Scheme - Mid Cap Fund
2019-12-04,119775,Kotak Midcap Fund - Direct Plan - Growth,43.28,Kotak Mahindra Mutual Fund,Equity Scheme - Mid Cap Fund
2019-12-05,119775,Kotak Midcap Fund - Direct Plan - Growth,43.233,Kotak Mahindra Mutual Fund,Equity Scheme - Mid Cap Fund
2019-12-06,119775,Kotak Midcap Fund - Direct Plan - Growth,42.939,Kotak Mahindra Mutual Fund,Equity Scheme - Mid Cap Fund
2019-12-09,119775,Kotak Midcap Fund - Direct Plan - Growth,43.065,Kotak Mahindra Mutual Fund,Equity Scheme - Mid Cap Fund
2019-12-10,119775,Kotak Midcap Fund - Direct Plan - Growth,42.614,Kotak Mahindra Mutual Fund,Equity Scheme - Mid Cap Fund
2019-12-11,119775,Kotak Midcap Fund - Direct Plan - Growth,42.68,Kotak Mahindra Mutual Fund,Equity Scheme - Mid Cap Fund
2019-12-12,119775,Kotak Midcap Fund - Direct Plan - Growth,42.904,Kotak Mahindra Mutual Fund,Equity Scheme - Mid Cap Fund
2019-12-13,119775,Kotak Midcap Fund - Direct Plan - Growth,43.212,Kotak Mahindra Mutual Fund,Equity Scheme - Mid Cap Fund
2019-12-16,119775,Kotak Midcap Fund - Direct Plan - Growth,43.076,Kotak Mahindra Mutual Fund,Equity Scheme - Mid Cap Fund
2019-12-17,119775,Kotak Midcap Fund - Direct Plan - Growth,43.223,Kotak Mahindra Mutual Fund,Equity Scheme - Mid Cap Fund
2019-12-18,119775,Kotak Midcap Fund - Direct Plan - Growth,43.194,Kotak Mahindra Mutual Fund,Equity Scheme - Mid Cap Fund
2019-12-19,119775,Kotak Midcap Fund - Direct Plan - Growth,43.187,Kotak Mahindra Mutual Fund,Equity Scheme - Mid Cap Fund
2019-12-20,119775,Kotak Midcap Fund - Direct Plan - Growth,43.22,Kotak Mahindra Mutual Fund,Equity Scheme - Mid Cap Fund
2019-12-23,119775,Kotak Midcap Fund - Direct Plan - Growth,43.134,Kotak Mahindra Mutual Fund,Equity Scheme - Mid Cap Fund
2019-12-24,119775,Kotak Midcap Fund - Direct Plan - Growth,43.115,Kotak Mahindra Mutual Fund,Equity Scheme - Mid Cap Fund
2019-12-26,119775,Kotak Midcap Fund - Direct Plan - Growth,43.219,Kotak Mahindra Mutual Fund,Equity Scheme - Mid Cap Fund
2019-12-27,119775,Kotak Midcap Fund - Direct Plan - Growth,43.552,Kotak Mahindra Mutual Fund,Equity Scheme - Mid Cap Fund
2019-12-30,119775,Kotak Midcap Fund - Direct Plan - Growth,43.719,Kotak Mahindra Mutual Fund,Equity Scheme - Mid Cap Fund
2019-12-31,119775,Kotak Midcap Fund - Direct Plan - Growth,43.845,Kotak Mahindra Mutual Fund,Equity Scheme - Mid Cap Fund
2020-01-01,119775,Kotak Midcap Fund - Direct Plan - Growth,43.983,Kotak Mahindra Mutual Fund,Equity Scheme - Mid Cap Fund
2020-01-02,119775,Kotak Midcap Fund - Direct Plan - Growth,44.476,Kotak Mahindra Mutual Fund,Equity Scheme - Mid Cap Fund
2020-01-03,119775,Kotak Midcap Fund - Direct Plan - Growth,44.404,Kotak Mahindra Mutual Fund,Equity Scheme - Mid Cap Fund
2020-01-06,119775,Kotak Midcap Fund - Direct Plan - Growth,43.621,Kotak Mahindra Mutual Fund,Equity Scheme - Mid Cap Fund
2020-01-07,119775,Kotak Midcap Fund - Direct Plan - Growth,43.927,Kotak Mahindra Mutual Fund,Equity Scheme - Mid Cap Fund
2020-01-08,119775,Kotak Midcap Fund - Direct Plan - Growth,44.169,Kotak Mahindra Mutual Fund,Equity Scheme - Mid Cap Fund
2020-01-09,119775,Kotak Midcap Fund - Direct Plan - Growth,44.748,Kotak Mahindra Mutual Fund,Equity Scheme - Mid Cap Fund
2020-01-10,119775,Kotak Midcap Fund - Direct Plan - Growth,44.955,Kotak Mahindra Mutual Fund,Equity Scheme - Mid Cap Fund
2020-01-13,119775,Kotak Midcap Fund - Direct Plan - Growth,45.205,Kotak Mahindra Mutual Fund,Equity Scheme - Mid Cap Fund
2020-01-14,119775,Kotak Midcap Fund - Direct Plan - Growth,45.543,Kotak Mahindra Mutual Fund,Equity Scheme - Mid Cap Fund
2020-01-15,119775,Kotak Midcap Fund - Direct Plan - Growth,45.822,Kotak Mahindra Mutual Fund,Equity Scheme - Mid Cap Fund
2020-01-16,119775,Kotak Midcap Fund - Direct Plan - Growth,46.144,Kotak Mahindra Mutual Fund,Equity Scheme - Mid Cap Fund
2020-01-17,119775,Kotak Midcap Fund - Direct Plan - Growth,46.334,Kotak Mahindra Mutual Fund,Equity Scheme - Mid Cap Fund
2020-01-20,119775,Kotak Midcap Fund - Direct Plan - Growth,46.202,Kotak Mahindra Mutual Fund,Equity Scheme - Mid Cap Fund
2020-01-21,119775,Kotak Midcap Fund - Direct Plan - Growth,46.313,Kotak Mahindra Mutual Fund,Equity Scheme - Mid Cap Fund
2020-01-22,119775,Kotak Midcap Fund - Direct Plan - Growth,46.282,Kotak Mahindra Mutual Fund,Equity Scheme - Mid Cap Fund
2020-01-23,119775,Kotak Midcap Fund - Direct Plan - Growth,46.944,Kotak Mahindra Mutual Fund,Equity Scheme - Mid Cap Fund
2020-01-24,119775,Kotak Midcap Fund - Direct Plan - Growth,47.413,Kotak Mahindra Mutual Fund,Equity Scheme - Mid Cap Fund
2020-01-27,119775,Kotak Midcap Fund - Direct Plan - Growth,47.371,Kotak Mahindra Mutual Fund,Equity Scheme - Mid Cap Fund
2020-01-28,119775,Kotak Midcap Fund - Direct Plan - Growth,47.267,Kotak Mahindra Mutual Fund,Equity Scheme - Mid Cap Fund
2020-01-29,119775,Kotak Midcap Fund - Direct Plan - Growth,47.363,Kotak Mahindra Mutual Fund,Equity Scheme - Mid Cap Fund
2020-01-30,119775,Kotak Midcap Fund - Direct Plan - Growth,47.022,Kotak Mahindra Mutual Fund,Equity Scheme - Mid Cap Fund
2020-01-31,119775,Kotak Midcap Fund - Direct Plan - Growth,46.893,Kotak Mahindra Mutual Fund,Equity Scheme - Mid Cap Fund
2020-02-03,119775,Kotak Midcap Fund - Direct Plan - Growth,46.28,Kotak Mahindra Mutual Fund,Equity Scheme - Mid Cap Fund
2020-02-04,119775,Kotak Midcap Fund - Direct Plan - Growth,46.773,Kotak Mahindra Mutual Fund,Equity Scheme - Mid Cap Fund
2020-02-05,119775,Kotak Midcap Fund - Direct Plan - Growth,47.304,Kotak Mahindra Mutual Fund,Equity Scheme - Mid Cap Fund
2020-02-06,119775,Kotak Midcap Fund - Direct Plan - Growth,47.452,Kotak Mahindra Mutual Fund,Equity Scheme - Mid Cap Fund
2020-02-07,119775,Kotak Midcap Fund - Direct Plan - Growth,47.602,Kotak Mahindra Mutual Fund,Equity Scheme - Mid Cap Fund
2020-02-10,119775,Kotak Midcap Fund - Direct Plan - Growth,47.216,Kotak Mahindra Mutual Fund,Equity Scheme - Mid Cap Fund
2020-02-11,119775,Kotak Midcap Fund - Direct Plan - Growth,47.327,Kotak Mahindra Mutual Fund,Equity Scheme - Mid Cap Fund
2020-02-12,119775,Kotak Midcap Fund - Direct Plan - Growth,47.347,Kotak Mahindra Mutual Fund,Equity Scheme - Mid Cap Fund
2020-02-13,119775,Kotak Midcap Fund - Direct Plan - Growth,47.211,Kotak Mahindra Mutual Fund,Equity Scheme - Mid Cap Fund
2020-02-14,119775,Kotak Midcap Fund - Direct Plan - Growth,46.967,Kotak Mahindra Mutual Fund,Equity Scheme - Mid Cap Fund
2020-02-17,119775,Kotak Midcap Fund - Direct Plan - Growth,46.653,Kotak Mahindra Mutual Fund,Equity Scheme - Mid Cap Fund
2020-02-18,119775,Kotak Midcap Fund - Direct Plan - Growth,46.553,Kotak Mahindra Mutual Fund,Equity Scheme - Mid Cap Fund
2020-02-19,119775,Kotak Midcap Fund - Direct Plan - Growth,47.075,Kotak Mahindra Mutual Fund,Equity Scheme - Mid Cap Fund
2020-02-20,119775,Kotak Midcap Fund - Direct Plan - Growth,47.322,Kotak Mahindra Mutual Fund,Equity Scheme - Mid Cap Fund
2020-02-24,119775,Kotak Midcap Fund - Direct Plan - Growth,46.613,Kotak Mahindra Mutual Fund,Equity Scheme - Mid Cap Fund
2020-02-25,119775,Kotak Midcap Fund - Direct Plan - Growth,46.498,Kotak Mahindra Mutual Fund,Equity Scheme - Mid Cap Fund
2020-02-26,119775,Kotak Midcap Fund - Direct Plan - Growth,46.057,Kotak Mahindra Mutual Fund,Equity Scheme - Mid Cap Fund
2020-02-27,119775,Kotak Midcap Fund - Direct Plan - Growth,45.757,Kotak Mahindra Mutual Fund,Equity Scheme - Mid Cap Fund
2020-02-28,119775,Kotak Midcap Fund - Direct Plan - Growth,44.68,Kotak Mahindra Mutual Fund,Equity Scheme - Mid Cap Fund
2020-03-02,119775,Kotak Midcap Fund - Direct Plan - Growth,44.277,Kotak Mahindra Mutual Fund,Equity Scheme - Mid Cap Fund
2020-03-03,119775,Kotak Midcap Fund - Direct Plan - Growth,44.916,Kotak Mahindra Mutual Fund,Equity Scheme - Mid Cap Fund
2020-03-04,119775,Kotak Midcap Fund - Direct Plan - Growth,44.363,Kotak Mahindra Mutual Fund,Equity Scheme - Mid Cap Fund
2020-03-05,119775,Kotak Midcap Fund - Direct Plan - Growth,44.461,Kotak Mahindra Mutual Fund,Equity Scheme - Mid Cap Fund
2020-03-06,119775,Kotak Midcap Fund - Direct Plan - Growth,43.671,Kotak Mahindra Mutual Fund,Equity Scheme - Mid Cap Fund
2020-03-09,119775,Kotak Midcap Fund - Direct Plan - Growth,42.188,Kotak Mahindra Mutual Fund,Equity Scheme - Mid Cap Fund
2020-03-11,119775,Kotak Midcap Fund - Direct Plan - Growth,41.921,Kotak Mahindra Mutual Fund,Equity Scheme - Mid Cap Fund
2020-03-12,119775,Kotak Midcap Fund - Direct Plan - Growth,38.837,Kotak Mahindra Mutual Fund,Equity Scheme - Mid Cap Fund
2020-03-13,119775,Kotak Midcap Fund - Direct Plan - Growth,39.555,Kotak Mahindra Mutual Fund,Equity Scheme - Mid Cap Fund
2020-03-16,119775,Kotak Midcap Fund - Direct Plan - Growth,37.472,Kotak Mahindra Mutual Fund,Equity Scheme - Mid Cap Fund
2020-03-17,119775,Kotak Midcap Fund - Direct Plan - Growth,36.788,Kotak Mahindra Mutual Fund,Equity Scheme - Mid Cap Fund
2020-03-18,119775,Kotak Midcap Fund - Direct Plan - Growth,34.969,Kotak Mahindra Mutual Fund,Equity Scheme - Mid Cap Fund
2020-03-19,119775,Kotak Midcap Fund - Direct Plan - Growth,33.621,Kotak Mahindra Mutual Fund,Equity Scheme - Mid Cap Fund
2020-03-20,119775,Kotak Midcap Fund - Direct Plan - Growth,34.731,Kotak Mahindra Mutual Fund,Equity Scheme - Mid Cap Fund
2020-03-23,119775,Kotak Midcap Fund - Direct Plan - Growth,30.533,Kotak Mahindra Mutual Fund,Equity Scheme - Mid Cap Fund
2020-03-24,119775,Kotak Midcap Fund - Direct Plan - Growth,30.479,Kotak Mahindra Mutual Fund,Equity Scheme - Mid Cap Fund
2020-03-25,119775,Kotak Midcap Fund - Direct Plan - Growth,31.137,Kotak Mahindra Mutual Fund,Equity Scheme - Mid Cap Fund
2020-03-26,119775,Kotak Midcap Fund - Direct Plan - Growth,32.265,Kotak Mahindra Mutual Fund,Equity Scheme - Mid Cap Fund
2020-03-27,119775,Kotak Midcap Fund - Direct Plan - Growth,32.114,Kotak Mahindra Mutual Fund,Equity Scheme - Mid Cap Fund
2020-03-30,119775,Kotak Midcap Fund - Direct Plan - Growth,31.411,Kotak Mahindra Mutual Fund,Equity Scheme - Mid Cap Fund
2020-03-31,119775,Kotak Midcap Fund - Direct Plan - Growth,32.117,Kotak Mahindra Mutual Fund,Equity Scheme - Mid Cap Fund
2020-04-01,119775,Kotak Midcap Fund - Direct Plan - Growth,31.479,Kotak Mahindra Mutual Fund,Equity Scheme - Mid Cap Fund
2020-04-03,119775,Kotak Midcap Fund - Direct Plan - Growth,30.808,Kotak Mahindra Mutual Fund,Equity Scheme - Mid Cap Fund
2020-04-07,119775,Kotak Midcap Fund - Direct Plan - Growth,32.096,Kotak Mahindra Mutual Fund,Equity Scheme - Mid Cap Fund
2020-04-08,119775,Kotak Midcap Fund - Direct Plan - Growth,32.61,Kotak Mahindra Mutual Fund,Equity Scheme - Mid Cap Fund
2020-04-09,119775,Kotak Midcap Fund - Direct Plan - Growth,33.588,Kotak Mahindra Mutual Fund,Equity Scheme - Mid Cap Fund
2020-04-13,119775,Kotak Midcap Fund - Direct Plan - Growth,33.295,Kotak Mahindra Mutual Fund,Equity Scheme - Mid Cap Fund
2020-04-15,119775,Kotak Midcap Fund - Direct Plan - Growth,33.974,Kotak Mahindra Mutual Fund,Equity Scheme - Mid Cap Fund
2020-04-16,119775,Kotak Midcap Fund - Direct Plan - Growth,34.556,Kotak Mahindra Mutual Fund,Equity Scheme - Mid Cap Fund
2020-04-17,119775,Kotak Midcap Fund - Direct Plan - Growth,35.097,Kotak Mahindra Mutual Fund,Equity Scheme - Mid Cap Fund
2020-04-20,119775,Kotak Midcap Fund - Direct Plan - Growth,35.281,Kotak Mahindra Mutual Fund,Equity Scheme - Mid Cap Fund
2020-04-21,119775,Kotak Midcap Fund - Direct Plan - Growth,34.322,Kotak Mahindra Mutual Fund,Equity Scheme - Mid Cap Fund
2020-04-22,119775,Kotak Midcap Fund - Direct Plan - Growth,34.845,Kotak Mahindra Mutual Fund,Equity Scheme - Mid Cap Fund
2020-04-23,119775,Kotak Midcap Fund - Direct Plan - Growth,35.114,Kotak Mahindra Mutual Fund,Equity Scheme - Mid Cap Fund
2020-04-24,119775,Kotak Midcap Fund - Direct Plan - Growth,34.48,Kotak Mahindra Mutual Fund,Equity Scheme - Mid Cap Fund
2020-04-27,119775,Kotak Midcap Fund - Direct Plan - Growth,35.149,Kotak Mahindra Mutual Fund,Equity Scheme - Mid Cap Fund
2020-04-28,119775,Kotak Midcap Fund - Direct Plan - Growth,35.41,Kotak Mahindra Mutual Fund,Equity Scheme - Mid Cap Fund
2020-04-29,119775,Kotak Midcap Fund - Direct Plan - Growth,35.722,Kotak Mahindra Mutual Fund,Equity Scheme - Mid Cap Fund
2020-04-30,119775,Kotak Midcap Fund - Direct Plan - Growth,36.313,Kotak Mahindra Mutual Fund,Equity Scheme - Mid Cap Fund
2020-05-04,119775,Kotak Midcap Fund - Direct Plan - Growth,34.785,Kotak Mahindra Mutual Fund,Equity Scheme - Mid Cap Fund
2020-05-05,119775,Kotak Midcap Fund - Direct Plan - Growth,34.572,Kotak Mahindra Mutual Fund,Equity Scheme - Mid Cap Fund
2020-05-06,119775,Kotak Midcap Fund - Direct Plan - Growth,34.693,Kotak Mahindra Mutual Fund,Equity Scheme - Mid Cap Fund
2020-05-07,119775,Kotak Midcap Fund - Direct Plan - Growth,34.516,Kotak Mahindra Mutual Fund,Equity Scheme - Mid Cap Fund
2020-05-08,119775,Kotak Midcap Fund - Direct Plan - Growth,34.38,Kotak Mahindra Mutual Fund,Equity Scheme - Mid Cap Fund
2020-05-11,119775,Kotak Midcap Fund - Direct Plan - Growth,34.473,Kotak Mahindra Mutual Fund,Equity Scheme - Mid Cap Fund
2020-05-12,119775,Kotak Midcap Fund - Direct Plan - Growth,34.136,Kotak Mahindra Mutual Fund,Equity Scheme - Mid Cap Fund
2020-05-13,119775,Kotak Midcap Fund - Direct Plan - Growth,34.746,Kotak Mahindra Mutual Fund,Equity Scheme - Mid Cap Fund
2020-05-14,119775,Kotak Midcap Fund - Direct Plan - Growth,34.524,Kotak Mahindra Mutual Fund,Equity Scheme - Mid Cap Fund
2020-05-15,119775,Kotak Midcap Fund - Direct Plan - Growth,34.525,Kotak Mahindra Mutual Fund,Equity Scheme - Mid Cap Fund
2020-05-18,119775,Kotak Midcap Fund - Direct Plan - Growth,33.333,Kotak Mahindra Mutual Fund,Equity Scheme - Mid Cap Fund
2020-05-19,119775,Kotak Midcap Fund - Direct Plan - Growth,33.401,Kotak Mahindra Mutual Fund,Equity Scheme - Mid Cap Fund
2020-05-20,119775,Kotak Midcap Fund - Direct Plan - Growth,33.941,Kotak Mahindra Mutual Fund,Equity Scheme - Mid Cap Fund
2020-05-21,119775,Kotak Midcap Fund - Direct Plan - Growth,34.116,Kotak Mahindra Mutual Fund,Equity Scheme - Mid Cap Fund
2020-05-22,119775,Kotak Midcap Fund - Direct Plan - Growth,34.143,Kotak Mahindra Mutual Fund,Equity Scheme - Mid Cap Fund
2020-05-26,119775,Kotak Midcap Fund - Direct Plan - Growth,34.59,Kotak Mahindra Mutual Fund,Equity Scheme - Mid Cap Fund
2020-05-27,119775,Kotak Midcap Fund - Direct Plan - Growth,34.714,Kotak Mahindra Mutual Fund,Equity Scheme - Mid Cap Fund
2020-05-28,119775,Kotak Midcap Fund - Direct Plan - Growth,35.169,Kotak Mahindra Mutual Fund,Equity Scheme - Mid Cap Fund
2020-05-29,119775,Kotak Midcap Fund - Direct Plan - Growth,35.56,Kotak Mahindra Mutual Fund,Equity Scheme - Mid Cap Fund
2020-06-01,119775,Kotak Midcap Fund - Direct Plan - Growth,36.402,Kotak Mahindra Mutual Fund,Equity Scheme - Mid Cap Fund
2020-06-02,119775,Kotak Midcap Fund - Direct Plan - Growth,36.796,Kotak Mahindra Mutual Fund,Equity Scheme - Mid Cap Fund
2020-06-03,119775,Kotak Midcap Fund - Direct Plan - Growth,36.934,Kotak Mahindra Mutual Fund,Equity Scheme - Mid Cap Fund
2020-06-04,119775,Kotak Midcap Fund - Direct Plan - Growth,36.977,Kotak Mahindra Mutual Fund,Equity Scheme - Mid Cap Fund
2020-06-05,119775,Kotak Midcap Fund - Direct Plan - Growth,37.696,Kotak Mahindra Mutual Fund,Equity Scheme - Mid Cap Fund
2020-06-08,119775,Kotak Midcap Fund - Direct Plan - Growth,37.753,Kotak Mahindra Mutual Fund,Equity Scheme - Mid Cap Fund
2020-06-09,119775,Kotak Midcap Fund - Direct Plan - Growth,37.563,Kotak Mahindra Mutual Fund,Equity Scheme - Mid Cap Fund
2020-06-10,119775,Kotak Midcap Fund - Direct Plan - Growth,37.737,Kotak Mahindra Mutual Fund,Equity Scheme - Mid Cap Fund
2020-06-11,119775,Kotak Midcap Fund - Direct Plan - Growth,37.3,Kotak Mahindra Mutual Fund,Equity Scheme - Mid Cap Fund
2020-06-12,119775,Kotak Midcap Fund - Direct Plan - Growth,37.578,Kotak Mahindra Mutual Fund,Equity Scheme - Mid Cap Fund
2020-06-15,119775,Kotak Midcap Fund - Direct Plan - Growth,37.146,Kotak Mahindra Mutual Fund,Equity Scheme - Mid Cap Fund
2020-06-16,119775,Kotak Midcap Fund - Direct Plan - Growth,37.301,Kotak Mahindra Mutual Fund,Equity Scheme - Mid Cap Fund
2020-06-17,119775,Kotak Midcap Fund - Direct Plan - Growth,37.467,Kotak Mahindra Mutual Fund,Equity Scheme - Mid Cap Fund
2020-06-18,119775,Kotak Midcap Fund - Direct Plan - Growth,37.754,Kotak Mahindra Mutual Fund,Equity Scheme - Mid Cap Fund
2020-06-19,119775,Kotak Midcap Fund - Direct Plan - Growth,38.13,Kotak Mahindra Mutual Fund,Equity Scheme - Mid Cap Fund
2020-06-22,119775,Kotak Midcap Fund - Direct Plan - Growth,38.635,Kotak Mahindra Mutual Fund,Equity Scheme - Mid Cap Fund
2020-06-23,119775,Kotak Midcap Fund - Direct Plan - Growth,39.234,Kotak Mahindra Mutual Fund,Equity Scheme - Mid Cap Fund
2020-06-24,119775,Kotak Midcap Fund - Direct Plan - Growth,38.795,Kotak Mahindra Mutual Fund,Equity Scheme - Mid Cap Fund
2020-06-25,119775,Kotak Midcap Fund - Direct Plan - Growth,39.024,Kotak Mahindra Mutual Fund,Equity Scheme - Mid Cap Fund
2020-06-26,119775,Kotak Midcap Fund - Direct Plan - Growth,39.067,Kotak Mahindra Mutual Fund,Equity Scheme - Mid Cap Fund
2020-06-29,119775,Kotak Midcap Fund - Direct Plan - Growth,38.635,Kotak Mahindra Mutual Fund,Equity Scheme - Mid Cap Fund
2020-06-30,119775,Kotak Midcap Fund - Direct Plan - Growth,38.642,Kotak Mahindra Mutual Fund,Equity Scheme - Mid Cap Fund
2020-07-01,119775,Kotak Midcap Fund - Direct Plan - Growth,38.712,Kotak Mahindra Mutual Fund,Equity Scheme - Mid Cap Fund
2020-07-02,119775,Kotak Midcap Fund - Direct Plan - Growth,39.141,Kotak Mahindra Mutual Fund,Equity Scheme - Mid Cap Fund
2020-07-03,119775,Kotak Midcap Fund - Direct Plan - Growth,39.39,Kotak Mahindra Mutual Fund,Equity Scheme - Mid Cap Fund
2020-07-06,119775,Kotak Midcap Fund - Direct Plan - Growth,39.994,Kotak Mahindra Mutual Fund,Equity Scheme - Mid Cap Fund
2020-07-07,119775,Kotak Midcap Fund - Direct Plan - Growth,40.194,Kotak Mahindra Mutual Fund,Equity Scheme - Mid Cap Fund
2020-07-08,119775,Kotak Midcap Fund - Direct Plan - Growth,39.884,Kotak Mahindra Mutual Fund,Equity Scheme - Mid Cap Fund
2020-07-09,119775,Kotak Midcap Fund - Direct Plan - Growth,40.019,Kotak Mahindra Mutual Fund,Equity Scheme - Mid Cap Fund
2020-07-10,119775,Kotak Midcap Fund - Direct Plan - Growth,39.83,Kotak Mahindra Mutual Fund,Equity Scheme - Mid Cap Fund
2020-07-13,119775,Kotak Midcap Fund - Direct Plan - Growth,39.796,Kotak Mahindra Mutual Fund,Equity Scheme - Mid Cap Fund
2020-07-14,119775,Kotak Midcap Fund - Direct Plan - Growth,39.586,Kotak Mahindra Mutual Fund,Equity Scheme - Mid Cap Fund
2020-07-15,119775,Kotak Midcap Fund - Direct Plan - Growth,39.414,Kotak Mahindra Mutual Fund,Equity Scheme - Mid Cap Fund
2020-07-16,119775,Kotak Midcap Fund - Direct Plan - Growth,39.619,Kotak Mahindra Mutual Fund,Equity Scheme - Mid Cap Fund
2020-07-17,119775,Kotak Midcap Fund - Direct Plan - Growth,40.082,Kotak Mahindra Mutual Fund,Equity Scheme - Mid Cap Fund
2020-07-20,119775,Kotak Midcap Fund - Direct Plan - Growth,40.443,Kotak Mahindra Mutual Fund,Equity Scheme - Mid Cap Fund
2020-07-21,119775,Kotak Midcap Fund - Direct Plan - Growth,40.568,Kotak Mahindra Mutual Fund,Equity Scheme - Mid Cap Fund
2020-07-22,119775,Kotak Midcap Fund - Direct Plan - Growth,40.595,Kotak Mahindra Mutual Fund,Equity Scheme - Mid Cap Fund
2020-07-23,119775,Kotak Midcap Fund - Direct Plan - Growth,40.92,Kotak Mahindra Mutual Fund,Equity Scheme - Mid Cap Fund
2020-07-24,119775,Kotak Midcap Fund - Direct Plan - Growth,40.725,Kotak Mahindra Mutual Fund,Equity Scheme - Mid Cap Fund
2020-07-27,119775,Kotak Midcap Fund - Direct Plan - Growth,40.422,Kotak Mahindra Mutual Fund,Equity Scheme - Mid Cap Fund
2020-07-28,119775,Kotak Midcap Fund - Direct Plan - Growth,40.729,Kotak Mahindra Mutual Fund,Equity Scheme - Mid Cap Fund
2020-07-29,119775,Kotak Midcap Fund - Direct Plan - Growth,40.797,Kotak Mahindra Mutual Fund,Equity Scheme - Mid Cap Fund
2020-07-30,119775,Kotak Midcap Fund - Direct Plan - Growth,40.604,Kotak Mahindra Mutual Fund,Equity Scheme - Mid Cap Fund
2020-07-31,119775,Kotak Midcap Fund - Direct Plan - Growth,41.0,Kotak Mahindra Mutual Fund,Equity Scheme - Mid Cap Fund
2020-08-03,119775,Kotak Midcap Fund - Direct Plan - Growth,41.146,Kotak Mahindra Mutual Fund,Equity Scheme - Mid Cap Fund
2020-08-04,119775,Kotak Midcap Fund - Direct Plan - Growth,41.407,Kotak Mahindra Mutual Fund,Equity Scheme - Mid Cap Fund
2020-08-05,119775,Kotak Midcap Fund - Direct Plan - Growth,41.605,Kotak Mahindra Mutual Fund,Equity Scheme - Mid Cap Fund
2020-08-06,119775,Kotak Midcap Fund - Direct Plan - Growth,42.064,Kotak Mahindra Mutual Fund,Equity Scheme - Mid Cap Fund
2020-08-07,119775,Kotak Midcap Fund - Direct Plan - Growth,42.256,Kotak Mahindra Mutual Fund,Equity Scheme - Mid Cap Fund
2020-08-10,119775,Kotak Midcap Fund - Direct Plan - Growth,42.638,Kotak Mahindra Mutual Fund,Equity Scheme - Mid Cap Fund
2020-08-11,119775,Kotak Midcap Fund - Direct Plan - Growth,42.513,Kotak Mahindra Mutual Fund,Equity Scheme - Mid Cap Fund
2020-08-12,119775,Kotak Midcap Fund - Direct Plan - Growth,42.508,Kotak Mahindra Mutual Fund,Equity Scheme - Mid Cap Fund
2020-08-13,119775,Kotak Midcap Fund - Direct Plan - Growth,42.826,Kotak Mahindra Mutual Fund,Equity Scheme - Mid Cap Fund
2020-08-14,119775,Kotak Midcap Fund - Direct Plan - Growth,42.67,Kotak Mahindra Mutual Fund,Equity Scheme - Mid Cap Fund
2020-08-17,119775,Kotak Midcap Fund - Direct Plan - Growth,42.891,Kotak Mahindra Mutual Fund,Equity Scheme - Mid Cap Fund
2020-08-18,119775,Kotak Midcap Fund - Direct Plan - Growth,43.362,Kotak Mahindra Mutual Fund,Equity Scheme - Mid Cap Fund
2020-08-19,119775,Kotak Midcap Fund - Direct Plan - Growth,43.833,Kotak Mahindra Mutual Fund,Equity Scheme - Mid Cap Fund
2020-08-20,119775,Kotak Midcap Fund - Direct Plan - Growth,44.097,Kotak Mahindra Mutual Fund,Equity Scheme - Mid Cap Fund
2020-08-21,119775,Kotak Midcap Fund - Direct Plan - Growth,44.658,Kotak Mahindra Mutual Fund,Equity Scheme - Mid Cap Fund
2020-08-24,119775,Kotak Midcap Fund - Direct Plan - Growth,45.016,Kotak Mahindra Mutual Fund,Equity Scheme - Mid Cap Fund
2020-08-25,119775,Kotak Midcap Fund - Direct Plan - Growth,44.995,Kotak Mahindra Mutual Fund,Equity Scheme - Mid Cap Fund
2020-08-26,119775,Kotak Midcap Fund - Direct Plan - Growth,45.124,Kotak Mahindra Mutual Fund,Equity Scheme - Mid Cap Fund
2020-08-27,119775,Kotak Midcap Fund - Direct Plan - Growth,45.258,Kotak Mahindra Mutual Fund,Equity Scheme - Mid Cap Fund
2020-08-28,119775,Kotak Midcap Fund - Direct Plan - Growth,45.357,Kotak Mahindra Mutual Fund,Equity Scheme - Mid Cap Fund
2020-08-31,119775,Kotak Midcap Fund - Direct Plan - Growth,43.734,Kotak Mahindra Mutual Fund,Equity Scheme - Mid Cap Fund
2020-09-01,119775,Kotak Midcap Fund - Direct Plan - Growth,43.981,Kotak Mahindra Mutual Fund,Equity Scheme - Mid Cap Fund
2020-09-02,119775,Kotak Midcap Fund - Direct Plan - Growth,44.457,Kotak Mahindra Mutual Fund,Equity Scheme - Mid Cap Fund
2020-09-03,119775,Kotak Midcap Fund - Direct Plan - Growth,44.661,Kotak Mahindra Mutual Fund,Equity Scheme - Mid Cap Fund
2020-09-04,119775,Kotak Midcap Fund - Direct Plan - Growth,44.087,Kotak Mahindra Mutual Fund,Equity Scheme - Mid Cap Fund
2020-09-07,119775,Kotak Midcap Fund - Direct Plan - Growth,43.873,Kotak Mahindra Mutual Fund,Equity Scheme - Mid Cap Fund
2020-09-08,119775,Kotak Midcap Fund - Direct Plan - Growth,43.332,Kotak Mahindra Mutual Fund,Equity Scheme - Mid Cap Fund
2020-09-09,119775,Kotak Midcap Fund - Direct Plan - Growth,43.014,Kotak Mahindra Mutual Fund,Equity Scheme - Mid Cap Fund
2020-09-10,119775,Kotak Midcap Fund - Direct Plan - Growth,43.465,Kotak Mahindra Mutual Fund,Equity Scheme - Mid Cap Fund
2020-09-11,119775,Kotak Midcap Fund - Direct Plan - Growth,43.542,Kotak Mahindra Mutual Fund,Equity Scheme - Mid Cap Fund
2020-09-14,119775,Kotak Midcap Fund - Direct Plan - Growth,45.24,Kotak Mahindra Mutual Fund,Equity Scheme - Mid Cap Fund
2020-09-15,119775,Kotak Midcap Fund - Direct Plan - Growth,45.826,Kotak Mahindra Mutual Fund,Equity Scheme - Mid Cap Fund
2020-09-16,119775,Kotak Midcap Fund - Direct Plan - Growth,46.093,Kotak Mahindra Mutual Fund,Equity Scheme - Mid Cap Fund
2020-09-17,119775,Kotak Midcap Fund - Direct Plan - Growth,45.953,Kotak Mahindra Mutual Fund,Equity Scheme - Mid Cap Fund
2020-09-18,119775,Kotak Midcap Fund - Direct Plan - Growth,45.863,Kotak Mahindra Mutual Fund,Equity Scheme - Mid Cap Fund
2020-09-21,119775,Kotak Midcap Fund - Direct Plan - Growth,44.471,Kotak Mahindra Mutual Fund,Equity Scheme - Mid Cap Fund
2020-09-22,119775,Kotak Midcap Fund - Direct Plan - Growth,43.803,Kotak Mahindra Mutual Fund,Equity Scheme - Mid Cap Fund
2020-09-23,119775,Kotak Midcap Fund - Direct Plan - Growth,43.824,Kotak Mahindra Mutual Fund,Equity Scheme - Mid Cap Fund
2020-09-24,119775,Kotak Midcap Fund - Direct Plan - Growth,42.948,Kotak Mahindra Mutual Fund,Equity Scheme - Mid Cap Fund
2020-09-25,119775,Kotak Midcap Fund - Direct Plan - Growth,43.802,Kotak Mahindra Mutual Fund,Equity Scheme - Mid Cap Fund
2020-09-28,119775,Kotak Midcap Fund - Direct Plan - Growth,44.768,Kotak Mahindra Mutual Fund,Equity Scheme - Mid Cap Fund
2020-09-29,119775,Kotak Midcap Fund - Direct Plan - Growth,44.869,Kotak Mahindra Mutual Fund,Equity Scheme - Mid Cap Fund
2020-09-30,119775,Kotak Midcap Fund - Direct Plan - Growth,44.827,Kotak Mahindra Mutual Fund,Equity Scheme - Mid Cap Fund
2020-10-01,119775,Kotak Midcap Fund - Direct Plan - Growth,45.132,Kotak Mahindra Mutual Fund,Equity Scheme - Mid Cap Fund
2020-10-05,119775,Kotak Midcap Fund - Direct Plan - Growth,45.064,Kotak Mahindra Mutual Fund,Equity Scheme - Mid Cap Fund
2020-10-06,119775,Kotak Midcap Fund - Direct Plan - Growth,45.162,Kotak Mahindra Mutual Fund,Equity Scheme - Mid Cap Fund
2020-10-07,119775,Kotak Midcap Fund - Direct Plan - Growth,44.983,Kotak Mahindra Mutual Fund,Equity Scheme - Mid Cap Fund
2020-10-08,119775,Kotak Midcap Fund - Direct Plan - Growth,45.157,Kotak Mahindra Mutual Fund,Equity Scheme - Mid Cap Fund
2020-10-09,119775,Kotak Midcap Fund - Direct Plan - Growth,45.148,Kotak Mahindra Mutual Fund,Equity Scheme - Mid Cap Fund
2020-10-12,119775,Kotak Midcap Fund - Direct Plan - Growth,44.884,Kotak Mahindra Mutual Fund,Equity Scheme - Mid Cap Fund
2020-10-13,119775,Kotak Midcap Fund - Direct Plan - Growth,44.842,Kotak Mahindra Mutual Fund,Equity Scheme - Mid Cap Fund
2020-10-14,119775,Kotak Midcap Fund - Direct Plan - Growth,44.957,Kotak Mahindra Mutual Fund,Equity Scheme - Mid Cap Fund
2020-10-15,119775,Kotak Midcap Fund - Direct Plan - Growth,44.331,Kotak Mahindra Mutual Fund,Equity Scheme - Mid Cap Fund
2020-10-16,119775,Kotak Midcap Fund - Direct Plan - Growth,44.892,Kotak Mahindra Mutual Fund,Equity Scheme - Mid Cap Fund
2020-10-19,119775,Kotak Midcap Fund - Direct Plan - Growth,45.14,Kotak Mahindra Mutual Fund,Equity Scheme - Mid Cap Fund
2020-10-20,119775,Kotak Midcap Fund - Direct Plan - Growth,45.392,Kotak Mahindra Mutual Fund,Equity Scheme - Mid Cap Fund
2020-10-21,119775,Kotak Midcap Fund - Direct Plan - Growth,45.597,Kotak Mahindra Mutual Fund,Equity Scheme - Mid Cap Fund
2020-10-22,119775,Kotak Midcap Fund - Direct Plan - Growth,45.836,Kotak Mahindra Mutual Fund,Equity Scheme - Mid Cap Fund
2020-10-23,119775,Kotak Midcap Fund - Direct Plan - Growth,45.891,Kotak Mahindra Mutual Fund,Equity Scheme - Mid Cap Fund
2020-10-26,119775,Kotak Midcap Fund - Direct Plan - Growth,45.315,Kotak Mahindra Mutual Fund,Equity Scheme - Mid Cap Fund
2020-10-27,119775,Kotak Midcap Fund - Direct Plan - Growth,45.835,Kotak Mahindra Mutual Fund,Equity Scheme - Mid Cap Fund
2020-10-28,119775,Kotak Midcap Fund - Direct Plan - Growth,45.505,Kotak Mahindra Mutual Fund,Equity Scheme - Mid Cap Fund
2020-10-29,119775,Kotak Midcap Fund - Direct Plan - Growth,45.578,Kotak Mahindra Mutual Fund,Equity Scheme - Mid Cap Fund
2020-10-30,119775,Kotak Midcap Fund - Direct Plan - Growth,45.523,Kotak Mahindra Mutual Fund,Equity Scheme - Mid Cap Fund
2020-11-02,119775,Kotak Midcap Fund - Direct Plan - Growth,45.468,Kotak Mahindra Mutual Fund,Equity Scheme - Mid Cap Fund
2020-11-03,119775,Kotak Midcap Fund - Direct Plan - Growth,46.043,Kotak Mahindra Mutual Fund,Equity Scheme - Mid Cap Fund
2020-11-04,119775,Kotak Midcap Fund - Direct Plan - Growth,46.266,Kotak Mahindra Mutual Fund,Equity Scheme - Mid Cap Fund
2020-11-05,119775,Kotak Midcap Fund - Direct Plan - Growth,46.88,Kotak Mahindra Mutual Fund,Equity Scheme - Mid Cap Fund
2020-11-06,119775,Kotak Midcap Fund - Direct Plan - Growth,47.024,Kotak Mahindra Mutual Fund,Equity Scheme - Mid Cap Fund
2020-11-09,119775,Kotak Midcap Fund - Direct Plan - Growth,47.48,Kotak Mahindra Mutual Fund,Equity Scheme - Mid Cap Fund
2020-11-10,119775,Kotak Midcap Fund - Direct Plan - Growth,47.235,Kotak Mahindra Mutual Fund,Equity Scheme - Mid Cap Fund
2020-11-11,119775,Kotak Midcap Fund - Direct Plan - Growth,47.478,Kotak Mahindra Mutual Fund,Equity Scheme - Mid Cap Fund
2020-11-12,119775,Kotak Midcap Fund - Direct Plan - Growth,47.655,Kotak Mahindra Mutual Fund,Equity Scheme - Mid Cap Fund
2020-11-13,119775,Kotak Midcap Fund - Direct Plan - Growth,48.077,Kotak Mahindra Mutual Fund,Equity Scheme - Mid Cap Fund
2020-11-17,119775,Kotak Midcap Fund - Direct Plan - Growth,49.052,Kotak Mahindra Mutual Fund,Equity Scheme - Mid Cap Fund
2020-11-18,119775,Kotak Midcap Fund - Direct Plan - Growth,49.499,Kotak Mahindra Mutual Fund,Equity Scheme - Mid Cap Fund
2020-11-19,119775,Kotak Midcap Fund - Direct Plan - Growth,49.477,Kotak Mahindra Mutual Fund,Equity Scheme - Mid Cap Fund
2020-11-20,119775,Kotak Midcap Fund - Direct Plan - Growth,50.001,Kotak Mahindra Mutual Fund,Equity Scheme - Mid Cap Fund
2020-11-23,119775,Kotak Midcap Fund - Direct Plan - Growth,50.532,Kotak Mahindra Mutual Fund,Equity Scheme - Mid Cap Fund
2020-11-24,119775,Kotak Midcap Fund - Direct Plan - Growth,50.99,Kotak Mahindra Mutual Fund,Equity Scheme - Mid Cap Fund
2020-11-25,119775,Kotak Midcap Fund - Direct Plan - Growth,50.144,Kotak Mahindra Mutual Fund,Equity Scheme - Mid Cap Fund
2020-11-26,119775,Kotak Midcap Fund - Direct Plan - Growth,50.519,Kotak Mahindra Mutual Fund,Equity Scheme - Mid Cap Fund
2020-11-27,119775,Kotak Midcap Fund - Direct Plan - Growth,51.723,Kotak Mahindra Mutual Fund,Equity Scheme - Mid Cap Fund
2020-12-01,119775,Kotak Midcap Fund - Direct Plan - Growth,52.32,Kotak Mahindra Mutual Fund,Equity Scheme - Mid Cap Fund
2020-12-02,119775,Kotak Midcap Fund - Direct Plan - Growth,52.36,Kotak Mahindra Mutual Fund,Equity Scheme - Mid Cap Fund
2020-12-03,119775,Kotak Midcap Fund - Direct Plan - Growth,52.445,Kotak Mahindra Mutual Fund,Equity Scheme - Mid Cap Fund
2020-12-04,119775,Kotak Midcap Fund - Direct Plan - Growth,52.89,Kotak Mahindra Mutual Fund,Equity Scheme - Mid Cap Fund
2020-12-07,119775,Kotak Midcap Fund - Direct Plan - Growth,53.367,Kotak Mahindra Mutual Fund,Equity Scheme - Mid Cap Fund
2020-12-08,119775,Kotak Midcap Fund - Direct Plan - Growth,53.084,Kotak Mahindra Mutual Fund,Equity Scheme - Mid Cap Fund
2020-12-09,119775,Kotak Midcap Fund - Direct Plan - Growth,53.253,Kotak Mahindra Mutual Fund,Equity Scheme - Mid Cap Fund
2020-12-10,119775,Kotak Midcap Fund - Direct Plan - Growth,52.914,Kotak Mahindra Mutual Fund,Equity Scheme - Mid Cap Fund
2020-12-11,119775,Kotak Midcap Fund - Direct Plan - Growth,52.904,Kotak Mahindra Mutual Fund,Equity Scheme - Mid Cap Fund
2020-12-14,119775,Kotak Midcap Fund - Direct Plan - Growth,53.262,Kotak Mahindra Mutual Fund,Equity Scheme - Mid Cap Fund
2020-12-15,119775,Kotak Midcap Fund - Direct Plan - Growth,53.197,Kotak Mahindra Mutual Fund,Equity Scheme - Mid Cap Fund
2020-12-16,119775,Kotak Midcap Fund - Direct Plan - Growth,53.612,Kotak Mahindra Mutual Fund,Equity Scheme - Mid Cap Fund
2020-12-17,119775,Kotak Midcap Fund - Direct Plan - Growth,53.838,Kotak Mahindra Mutual Fund,Equity Scheme - Mid Cap Fund
2020-12-18,119775,Kotak Midcap Fund - Direct Plan - Growth,53.798,Kotak Mahindra Mutual Fund,Equity Scheme - Mid Cap Fund
2020-12-21,119775,Kotak Midcap Fund - Direct Plan - Growth,52.036,Kotak Mahindra Mutual Fund,Equity Scheme - Mid Cap Fund
2020-12-22,119775,Kotak Midcap Fund - Direct Plan - Growth,52.159,Kotak Mahindra Mutual Fund,Equity Scheme - Mid Cap Fund
2020-12-23,119775,Kotak Midcap Fund - Direct Plan - Growth,53.192,Kotak Mahindra Mutual Fund,Equity Scheme - Mid Cap Fund
2020-12-24,119775,Kotak Midcap Fund - Direct Plan - Growth,53.301,Kotak Mahindra Mutual Fund,Equity Scheme - Mid Cap Fund
2020-12-28,119775,Kotak Midcap Fund - Direct Plan - Growth,53.752,Kotak Mahindra Mutual Fund,Equity Scheme - Mid Cap Fund
2020-12-29,119775,Kotak Midcap Fund - Direct Plan - Growth,53.869,Kotak Mahindra Mutual Fund,Equity Scheme - Mid Cap Fund
2020-12-30,119775,Kotak Midcap Fund - Direct Plan - Growth,54.056,Kotak Mahindra Mutual Fund,Equity Scheme - Mid Cap Fund
2020-12-31,119775,Kotak Midcap Fund - Direct Plan - Growth,54.135,Kotak Mahindra Mutual Fund,Equity Scheme - Mid Cap Fund
2021-01-01,119775,Kotak Midcap Fund - Direct Plan - Growth,54.673,Kotak Mahindra Mutual Fund,Equity Scheme - Mid Cap Fund
2021-01-04,119775,Kotak Midcap Fund - Direct Plan - Growth,55.415,Kotak Mahindra Mutual Fund,Equity Scheme - Mid Cap Fund
2021-01-05,119775,Kotak Midcap Fund - Direct Plan - Growth,55.855,Kotak Mahindra Mutual Fund,Equity Scheme - Mid Cap Fund
2021-01-06,119775,Kotak Midcap Fund - Direct Plan - Growth,56.135,Kotak Mahindra Mutual Fund,Equity Scheme - Mid Cap Fund
2021-01-07,119775,Kotak Midcap Fund - Direct Plan - Growth,56.709,Kotak Mahindra Mutual Fund,Equity Scheme - Mid Cap Fund
2021-01-08,119775,Kotak Midcap Fund - Direct Plan - Growth,57.333,Kotak Mahindra Mutual Fund,Equity Scheme - Mid Cap Fund
2021-01-11,119775,Kotak Midcap Fund - Direct Plan - Growth,57.368,Kotak Mahindra Mutual Fund,Equity Scheme - Mid Cap Fund
2021-01-12,119775,Kotak Midcap Fund - Direct Plan - Growth,57.403,Kotak Mahindra Mutual Fund,Equity Scheme - Mid Cap Fund
2021-01-13,119775,Kotak Midcap Fund - Direct Plan - Growth,57.086,Kotak Mahindra Mutual Fund,Equity Scheme - Mid Cap Fund
2021-01-14,119775,Kotak Midcap Fund - Direct Plan - Growth,57.294,Kotak Mahindra Mutual Fund,Equity Scheme - Mid Cap Fund
2021-01-15,119775,Kotak Midcap Fund - Direct Plan - Growth,56.764,Kotak Mahindra Mutual Fund,Equity Scheme - Mid Cap Fund
2021-01-18,119775,Kotak Midcap Fund - Direct Plan - Growth,55.72,Kotak Mahindra Mutual Fund,Equity Scheme - Mid Cap Fund
2021-01-19,119775,Kotak Midcap Fund - Direct Plan - Growth,56.691,Kotak Mahindra Mutual Fund,Equity Scheme - Mid Cap Fund
2021-01-20,119775,Kotak Midcap Fund - Direct Plan - Growth,57.037,Kotak Mahindra Mutual Fund,Equity Scheme - Mid Cap Fund
2021-01-21,119775,Kotak Midcap Fund - Direct Plan - Growth,56.892,Kotak Mahindra Mutual Fund,Equity Scheme - Mid Cap Fund
2021-01-22,119775,Kotak Midcap Fund - Direct Plan - Growth,56.192,Kotak Mahindra Mutual Fund,Equity Scheme - Mid Cap Fund
2021-01-25,119775,Kotak Midcap Fund - Direct Plan - Growth,55.983,Kotak Mahindra Mutual Fund,Equity Scheme - Mid Cap Fund
2021-01-27,119775,Kotak Midcap Fund - Direct Plan - Growth,55.378,Kotak Mahindra Mutual Fund,Equity Scheme - Mid Cap Fund
2021-01-28,119775,Kotak Midcap Fund - Direct Plan - Growth,55.243,Kotak Mahindra Mutual Fund,Equity Scheme - Mid Cap Fund
2021-01-29,119775,Kotak Midcap Fund - Direct Plan - Growth,54.977,Kotak Mahindra Mutual Fund,Equity Scheme - Mid Cap Fund
2021-02-01,119775,Kotak Midcap Fund - Direct Plan - Growth,56.293,Kotak Mahindra Mutual Fund,Equity Scheme - Mid Cap Fund
2021-02-02,119775,Kotak Midcap Fund - Direct Plan - Growth,57.515,Kotak Mahindra Mutual Fund,Equity Scheme - Mid Cap Fund
2021-02-03,119775,Kotak Midcap Fund - Direct Plan - Growth,58.473,Kotak Mahindra Mutual Fund,Equity Scheme - Mid Cap Fund
2021-02-04,119775,Kotak Midcap Fund - Direct Plan - Growth,59.447,Kotak Mahindra Mutual Fund,Equity Scheme - Mid Cap Fund
2021-02-05,119775,Kotak Midcap Fund - Direct Plan - Growth,59.202,Kotak Mahindra Mutual Fund,Equity Scheme - Mid Cap Fund
2021-02-08,119775,Kotak Midcap Fund - Direct Plan - Growth,60.416,Kotak Mahindra Mutual Fund,Equity Scheme - Mid Cap Fund
2021-02-09,119775,Kotak Midcap Fund - Direct Plan - Growth,60.262,Kotak Mahindra Mutual Fund,Equity Scheme - Mid Cap Fund
2021-02-10,119775,Kotak Midcap Fund - Direct Plan - Growth,60.826,Kotak Mahindra Mutual Fund,Equity Scheme - Mid Cap Fund
2021-02-11,119775,Kotak Midcap Fund - Direct Plan - Growth,61.018,Kotak Mahindra Mutual Fund,Equity Scheme - Mid Cap Fund
2021-02-12,119775,Kotak Midcap Fund - Direct Plan - Growth,61.206,Kotak Mahindra Mutual Fund,Equity Scheme - Mid Cap Fund
2021-02-15,119775,Kotak Midcap Fund - Direct Plan - Growth,61.893,Kotak Mahindra Mutual Fund,Equity Scheme - Mid Cap Fund
2021-02-16,119775,Kotak Midcap Fund - Direct Plan - Growth,62.103,Kotak Mahindra Mutual Fund,Equity Scheme - Mid Cap Fund
2021-02-17,119775,Kotak Midcap Fund - Direct Plan - Growth,61.976,Kotak Mahindra Mutual Fund,Equity Scheme - Mid Cap Fund
2021-02-18,119775,Kotak Midcap Fund - Direct Plan - Growth,62.07,Kotak Mahindra Mutual Fund,Equity Scheme - Mid Cap Fund
2021-02-19,119775,Kotak Midcap Fund - Direct Plan - Growth,61.359,Kotak Mahindra Mutual Fund,Equity Scheme - Mid Cap Fund
2021-02-22,119775,Kotak Midcap Fund - Direct Plan - Growth,60.729,Kotak Mahindra Mutual Fund,Equity Scheme - Mid Cap Fund
2021-02-23,119775,Kotak Midcap Fund - Direct Plan - Growth,61.41,Kotak Mahindra Mutual Fund,Equity Scheme - Mid Cap Fund
2021-02-24,119775,Kotak Midcap Fund - Direct Plan - Growth,61.912,Kotak Mahindra Mutual Fund,Equity Scheme - Mid Cap Fund
2021-02-25,119775,Kotak Midcap Fund - Direct Plan - Growth,62.446,Kotak Mahindra Mutual Fund,Equity Scheme - Mid Cap Fund
2021-02-26,119775,Kotak Midcap Fund - Direct Plan - Growth,61.844,Kotak Mahindra Mutual Fund,Equity Scheme - Mid Cap Fund
2021-03-01,119775,Kotak Midcap Fund - Direct Plan - Growth,62.641,Kotak Mahindra Mutual Fund,Equity Scheme - Mid Cap Fund
2021-03-02,119775,Kotak Midcap Fund - Direct Plan - Growth,63.36,Kotak Mahindra Mutual Fund,Equity Scheme - Mid Cap Fund
2021-03-03,119775,Kotak Midcap Fund - Direct Plan - Growth,64.128,Kotak Mahindra Mutual Fund,Equity Scheme - Mid Cap Fund
2021-03-04,119775,Kotak Midcap Fund - Direct Plan - Growth,64.556,Kotak Mahindra Mutual Fund,Equity Scheme - Mid Cap Fund
2021-03-05,119775,Kotak Midcap Fund - Direct Plan - Growth,63.683,Kotak Mahindra Mutual Fund,Equity Scheme - Mid Cap Fund
2021-03-08,119775,Kotak Midcap Fund - Direct Plan - Growth,63.683,Kotak Mahindra Mutual Fund,Equity Scheme - Mid Cap Fund
2021-03-09,119775,Kotak Midcap Fund - Direct Plan - Growth,63.395,Kotak Mahindra Mutual Fund,Equity Scheme - Mid Cap Fund
2021-03-10,119775,Kotak Midcap Fund - Direct Plan - Growth,64.036,Kotak Mahindra Mutual Fund,Equity Scheme - Mid Cap Fund
2021-03-12,119775,Kotak Midcap Fund - Direct Plan - Growth,63.856,Kotak Mahindra Mutual Fund,Equity Scheme - Mid Cap Fund
2021-03-15,119775,Kotak Midcap Fund - Direct Plan - Growth,63.341,Kotak Mahindra Mutual Fund,Equity Scheme - Mid Cap Fund
2021-03-16,119775,Kotak Midcap Fund - Direct Plan - Growth,63.439,Kotak Mahindra Mutual Fund,Equity Scheme - Mid Cap Fund
2021-03-17,119775,Kotak Midcap Fund - Direct Plan - Growth,62.337,Kotak Mahindra Mutual Fund,Equity Scheme - Mid Cap Fund
2021-03-18,119775,Kotak Midcap Fund - Direct Plan - Growth,61.743,Kotak Mahindra Mutual Fund,Equity Scheme - Mid Cap Fund
2021-03-19,119775,Kotak Midcap Fund - Direct Plan - Growth,62.143,Kotak Mahindra Mutual Fund,Equity Scheme - Mid Cap Fund
2021-03-22,119775,Kotak Midcap Fund - Direct Plan - Growth,62.454,Kotak Mahindra Mutual Fund,Equity Scheme - Mid Cap Fund
2021-03-23,119775,Kotak Midcap Fund - Direct Plan - Growth,62.872,Kotak Mahindra Mutual Fund,Equity Scheme - Mid Cap Fund
2021-03-24,119775,Kotak Midcap Fund - Direct Plan - Growth,61.879,Kotak Mahindra Mutual Fund,Equity Scheme - Mid Cap Fund
2021-03-25,119775,Kotak Midcap Fund - Direct Plan - Growth,61.135,Kotak Mahindra Mutual Fund,Equity Scheme - Mid Cap Fund
2021-03-26,119775,Kotak Midcap Fund - Direct Plan - Growth,61.869,Kotak Mahindra Mutual Fund,Equity Scheme - Mid Cap Fund
2021-03-30,119775,Kotak Midcap Fund - Direct Plan - Growth,63.002,Kotak Mahindra Mutual Fund,Equity Scheme - Mid Cap Fund
2021-03-31,119775,Kotak Midcap Fund - Direct Plan - Growth,63.187,Kotak Mahindra Mutual Fund,Equity Scheme - Mid Cap Fund
2021-04-01,119775,Kotak Midcap Fund - Direct Plan - Growth,63.745,Kotak Mahindra Mutual Fund,Equity Scheme - Mid Cap Fund
2021-04-05,119775,Kotak Midcap Fund - Direct Plan - Growth,63.045,Kotak Mahindra Mutual Fund,Equity Scheme - Mid Cap Fund
2021-04-06,119775,Kotak Midcap Fund - Direct Plan - Growth,63.394,Kotak Mahindra Mutual Fund,Equity Scheme - Mid Cap Fund
2021-04-07,119775,Kotak Midcap Fund - Direct Plan - Growth,64.183,Kotak Mahindra Mutual Fund,Equity Scheme - Mid Cap Fund
2021-04-08,119775,Kotak Midcap Fund - Direct Plan - Growth,64.715,Kotak Mahindra Mutual Fund,Equity Scheme - Mid Cap Fund
2021-04-09,119775,Kotak Midcap Fund - Direct Plan - Growth,64.937,Kotak Mahindra Mutual Fund,Equity Scheme - Mid Cap Fund
2021-04-12,119775,Kotak Midcap Fund - Direct Plan - Growth,62.405,Kotak Mahindra Mutual Fund,Equity Scheme - Mid Cap Fund
2021-04-13,119775,Kotak Midcap Fund - Direct Plan - Growth,62.974,Kotak Mahindra Mutual Fund,Equity Scheme - Mid Cap Fund
2021-04-15,119775,Kotak Midcap Fund - Direct Plan - Growth,62.761,Kotak Mahindra Mutual Fund,Equity Scheme - Mid Cap Fund
2021-04-16,119775,Kotak Midcap Fund - Direct Plan - Growth,63.307,Kotak Mahindra Mutual Fund,Equity Scheme - Mid Cap Fund
2021-04-19,119775,Kotak Midcap Fund - Direct Plan - Growth,62.253,Kotak Mahindra Mutual Fund,Equity Scheme - Mid Cap Fund
2021-04-20,119775,Kotak Midcap Fund - Direct Plan - Growth,62.477,Kotak Mahindra Mutual Fund,Equity Scheme - Mid Cap Fund
2021-04-22,119775,Kotak Midcap Fund - Direct Plan - Growth,62.627,Kotak Mahindra Mutual Fund,Equity Scheme - Mid Cap Fund
2021-04-23,119775,Kotak Midcap Fund - Direct Plan - Growth,62.739,Kotak Mahindra Mutual Fund,Equity Scheme - Mid Cap Fund
2021-04-26,119775,Kotak Midcap Fund - Direct Plan - Growth,63.065,Kotak Mahindra Mutual Fund,Equity Scheme - Mid Cap Fund
2021-04-27,119775,Kotak Midcap Fund - Direct Plan - Growth,63.97,Kotak Mahindra Mutual Fund,Equity Scheme - Mid Cap Fund
2021-04-28,119775,Kotak Midcap Fund - Direct Plan - Growth,64.494,Kotak Mahindra Mutual Fund,Equity Scheme - Mid Cap Fund
2021-04-29,119775,Kotak Midcap Fund - Direct Plan - Growth,64.46,Kotak Mahindra Mutual Fund,Equity Scheme - Mid Cap Fund
2021-04-30,119775,Kotak Midcap Fund - Direct Plan - Growth,63.852,Kotak Mahindra Mutual Fund,Equity Scheme - Mid Cap Fund
2021-05-03,119775,Kotak Midcap Fund - Direct Plan - Growth,64.129,Kotak Mahindra Mutual Fund,Equity Scheme - Mid Cap Fund
2021-05-04,119775,Kotak Midcap Fund - Direct Plan - Growth,63.944,Kotak Mahindra Mutual Fund,Equity Scheme - Mid Cap Fund
2021-05-05,119775,Kotak Midcap Fund - Direct Plan - Growth,64.672,Kotak Mahindra Mutual Fund,Equity Scheme - Mid Cap Fund
2021-05-06,119775,Kotak Midcap Fund - Direct Plan - Growth,64.812,Kotak Mahindra Mutual Fund,Equity Scheme - Mid Cap Fund
2021-05-07,119775,Kotak Midcap Fund - Direct Plan - Growth,64.579,Kotak Mahindra Mutual Fund,Equity Scheme - Mid Cap Fund
2021-05-10,119775,Kotak Midcap Fund - Direct Plan - Growth,64.855,Kotak Mahindra Mutual Fund,Equity Scheme - Mid Cap Fund
2021-05-11,119775,Kotak Midcap Fund - Direct Plan - Growth,65.087,Kotak Mahindra Mutual Fund,Equity Scheme - Mid Cap Fund
2021-05-12,119775,Kotak Midcap Fund - Direct Plan - Growth,64.59,Kotak Mahindra Mutual Fund,Equity Scheme - Mid Cap Fund
2021-05-14,119775,Kotak Midcap Fund - Direct Plan - Growth,63.97,Kotak Mahindra Mutual Fund,Equity Scheme - Mid Cap Fund
2021-05-17,119775,Kotak Midcap Fund - Direct Plan - Growth,64.998,Kotak Mahindra Mutual Fund,Equity Scheme - Mid Cap Fund
2021-05-18,119775,Kotak Midcap Fund - Direct Plan - Growth,65.86,Kotak Mahindra Mutual Fund,Equity Scheme - Mid Cap Fund
2021-05-19,119775,Kotak Midcap Fund - Direct Plan - Growth,66.146,Kotak Mahindra Mutual Fund,Equity Scheme - Mid Cap Fund
2021-05-20,119775,Kotak Midcap Fund - Direct Plan - Growth,66.069,Kotak Mahindra Mutual Fund,Equity Scheme - Mid Cap Fund
2021-05-21,119775,Kotak Midcap Fund - Direct Plan - Growth,66.545,Kotak Mahindra Mutual Fund,Equity Scheme - Mid Cap Fund
2021-05-24,119775,Kotak Midcap Fund - Direct Plan - Growth,66.873,Kotak Mahindra Mutual Fund,Equity Scheme - Mid Cap Fund
2021-05-25,119775,Kotak Midcap Fund - Direct Plan - Growth,66.888,Kotak Mahindra Mutual Fund,Equity Scheme - Mid Cap Fund
2021-05-26,119775,Kotak Midcap Fund - Direct Plan - Growth,67.066,Kotak Mahindra Mutual Fund,Equity Scheme - Mid Cap Fund
2021-05-27,119775,Kotak Midcap Fund - Direct Plan - Growth,67.38,Kotak Mahindra Mutual Fund,Equity Scheme - Mid Cap Fund
2021-05-28,119775,Kotak Midcap Fund - Direct Plan - Growth,67.518,Kotak Mahindra Mutual Fund,Equity Scheme - Mid Cap Fund
2021-05-31,119775,Kotak Midcap Fund - Direct Plan - Growth,67.82,Kotak Mahindra Mutual Fund,Equity Scheme - Mid Cap Fund
2021-06-01,119775,Kotak Midcap Fund - Direct Plan - Growth,67.462,Kotak Mahindra Mutual Fund,Equity Scheme - Mid Cap Fund
2021-06-02,119775,Kotak Midcap Fund - Direct Plan - Growth,68.197,Kotak Mahindra Mutual Fund,Equity Scheme - Mid Cap Fund
2021-06-03,119775,Kotak Midcap Fund - Direct Plan - Growth,68.978,Kotak Mahindra Mutual Fund,Equity Scheme - Mid Cap Fund
2021-06-04,119775,Kotak Midcap Fund - Direct Plan - Growth,69.185,Kotak Mahindra Mutual Fund,Equity Scheme - Mid Cap Fund
2021-06-07,119775,Kotak Midcap Fund - Direct Plan - Growth,69.648,Kotak Mahindra Mutual Fund,Equity Scheme - Mid Cap Fund
2021-06-08,119775,Kotak Midcap Fund - Direct Plan - Growth,70.047,Kotak Mahindra Mutual Fund,Equity Scheme - Mid Cap Fund
2021-06-09,119775,Kotak Midcap Fund - Direct Plan - Growth,69.519,Kotak Mahindra Mutual Fund,Equity Scheme - Mid Cap Fund
2021-06-10,119775,Kotak Midcap Fund - Direct Plan - Growth,70.297,Kotak Mahindra Mutual Fund,Equity Scheme - Mid Cap Fund
2021-06-11,119775,Kotak Midcap Fund - Direct Plan - Growth,70.441,Kotak Mahindra Mutual Fund,Equity Scheme - Mid Cap Fund
2021-06-14,119775,Kotak Midcap Fund - Direct Plan - Growth,70.442,Kotak Mahindra Mutual Fund,Equity Scheme - Mid Cap Fund
2021-06-15,119775,Kotak Midcap Fund - Direct Plan - Growth,70.785,Kotak Mahindra Mutual Fund,Equity Scheme - Mid Cap Fund
2021-06-16,119775,Kotak Midcap Fund - Direct Plan - Growth,70.443,Kotak Mahindra Mutual Fund,Equity Scheme - Mid Cap Fund
2021-06-17,119775,Kotak Midcap Fund - Direct Plan - Growth,70.352,Kotak Mahindra Mutual Fund,Equity Scheme - Mid Cap Fund
2021-06-18,119775,Kotak Midcap Fund - Direct Plan - Growth,69.794,Kotak Mahindra Mutual Fund,Equity Scheme - Mid Cap Fund
2021-06-21,119775,Kotak Midcap Fund - Direct Plan - Growth,70.076,Kotak Mahindra Mutual Fund,Equity Scheme - Mid Cap Fund
2021-06-22,119775,Kotak Midcap Fund - Direct Plan - Growth,70.187,Kotak Mahindra Mutual Fund,Equity Scheme - Mid Cap Fund
2021-06-23,119775,Kotak Midcap Fund - Direct Plan - Growth,70.337,Kotak Mahindra Mutual Fund,Equity Scheme - Mid Cap Fund
2021-06-24,119775,Kotak Midcap Fund - Direct Plan - Growth,70.53,Kotak Mahindra Mutual Fund,Equity Scheme - Mid Cap Fund
2021-06-25,119775,Kotak Midcap Fund - Direct Plan - Growth,71.214,Kotak Mahindra Mutual Fund,Equity Scheme - Mid Cap Fund
2021-06-28,119775,Kotak Midcap Fund - Direct Plan - Growth,71.596,Kotak Mahindra Mutual Fund,Equity Scheme - Mid Cap Fund
2021-06-29,119775,Kotak Midcap Fund - Direct Plan - Growth,71.344,Kotak Mahindra Mutual Fund,Equity Scheme - Mid Cap Fund
2021-06-30,119775,Kotak Midcap Fund - Direct Plan - Growth,71.822,Kotak Mahindra Mutual Fund,Equity Scheme - Mid Cap Fund
2021-07-01,119775,Kotak Midcap Fund - Direct Plan - Growth,72.006,Kotak Mahindra Mutual Fund,Equity Scheme - Mid Cap Fund
2021-07-02,119775,Kotak Midcap Fund - Direct Plan - Growth,72.32,Kotak Mahindra Mutual Fund,Equity Scheme - Mid Cap Fund
2021-07-05,119775,Kotak Midcap Fund - Direct Plan - Growth,72.4,Kotak Mahindra Mutual Fund,Equity Scheme - Mid Cap Fund
2021-07-06,119775,Kotak Midcap Fund - Direct Plan - Growth,72.559,Kotak Mahindra Mutual Fund,Equity Scheme - Mid Cap Fund
2021-07-07,119775,Kotak Midcap Fund - Direct Plan - Growth,72.632,Kotak Mahindra Mutual Fund,Equity Scheme - Mid Cap Fund
2021-07-08,119775,Kotak Midcap Fund - Direct Plan - Growth,72.341,Kotak Mahindra Mutual Fund,Equity Scheme - Mid Cap Fund
2021-07-09,119775,Kotak Midcap Fund - Direct Plan - Growth,72.592,Kotak Mahindra Mutual Fund,Equity Scheme - Mid Cap Fund
2021-07-12,119775,Kotak Midcap Fund - Direct Plan - Growth,72.893,Kotak Mahindra Mutual Fund,Equity Scheme - Mid Cap Fund
2021-07-13,119775,Kotak Midcap Fund - Direct Plan - Growth,73.06,Kotak Mahindra Mutual Fund,Equity Scheme - Mid Cap Fund
2021-07-14,119775,Kotak Midcap Fund - Direct Plan - Growth,73.158,Kotak Mahindra Mutual Fund,Equity Scheme - Mid Cap Fund
2021-07-15,119775,Kotak Midcap Fund - Direct Plan - Growth,73.275,Kotak Mahindra Mutual Fund,Equity Scheme - Mid Cap Fund
2021-07-16,119775,Kotak Midcap Fund - Direct Plan - Growth,73.29,Kotak Mahindra Mutual Fund,Equity Scheme - Mid Cap Fund
2021-07-19,119775,Kotak Midcap Fund - Direct Plan - Growth,73.104,Kotak Mahindra Mutual Fund,Equity Scheme - Mid Cap Fund
2021-07-20,119775,Kotak Midcap Fund - Direct Plan - Growth,72.434,Kotak Mahindra Mutual Fund,Equity Scheme - Mid Cap Fund
2021-07-22,119775,Kotak Midcap Fund - Direct Plan - Growth,73.163,Kotak Mahindra Mutual Fund,Equity Scheme - Mid Cap Fund
2021-07-23,119775,Kotak Midcap Fund - Direct Plan - Growth,73.857,Kotak Mahindra Mutual Fund,Equity Scheme - Mid Cap Fund
2021-07-26,119775,Kotak Midcap Fund - Direct Plan - Growth,74.446,Kotak Mahindra Mutual Fund,Equity Scheme - Mid Cap Fund
2021-07-27,119775,Kotak Midcap Fund - Direct Plan - Growth,74.01,Kotak Mahindra Mutual Fund,Equity Scheme - Mid Cap Fund
2021-07-28,119775,Kotak Midcap Fund - Direct Plan - Growth,73.664,Kotak Mahindra Mutual Fund,Equity Scheme - Mid Cap Fund
2021-07-29,119775,Kotak Midcap Fund - Direct Plan - Growth,74.053,Kotak Mahindra Mutual Fund,Equity Scheme - Mid Cap Fund
2021-07-30,119775,Kotak Midcap Fund - Direct Plan - Growth,74.824,Kotak Mahindra Mutual Fund,Equity Scheme - Mid Cap Fund
2021-08-02,119775,Kotak Midcap Fund - Direct Plan - Growth,75.556,Kotak Mahindra Mutual Fund,Equity Scheme - Mid Cap Fund
2021-08-03,119775,Kotak Midcap Fund - Direct Plan - Growth,75.687,Kotak Mahindra Mutual Fund,Equity Scheme - Mid Cap Fund
2021-08-04,119775,Kotak Midcap Fund - Direct Plan - Growth,75.212,Kotak Mahindra Mutual Fund,Equity Scheme - Mid Cap Fund
2021-08-05,119775,Kotak Midcap Fund - Direct Plan - Growth,75.272,Kotak Mahindra Mutual Fund,Equity Scheme - Mid Cap Fund
2021-08-06,119775,Kotak Midcap Fund - Direct Plan - Growth,75.168,Kotak Mahindra Mutual Fund,Equity Scheme - Mid Cap Fund
2021-08-09,119775,Kotak Midcap Fund - Direct Plan - Growth,74.886,Kotak Mahindra Mutual Fund,Equity Scheme - Mid Cap Fund
2021-08-10,119775,Kotak Midcap Fund - Direct Plan - Growth,74.137,Kotak Mahindra Mutual Fund,Equity Scheme - Mid Cap Fund
2021-08-11,119775,Kotak Midcap Fund - Direct Plan - Growth,73.637,Kotak Mahindra Mutual Fund,Equity Scheme - Mid Cap Fund
2021-08-12,119775,Kotak Midcap Fund - Direct Plan - Growth,74.009,Kotak Mahindra Mutual Fund,Equity Scheme - Mid Cap Fund
2021-08-13,119775,Kotak Midcap Fund - Direct Plan - Growth,74.3,Kotak Mahindra Mutual Fund,Equity Scheme - Mid Cap Fund
2021-08-16,119775,Kotak Midcap Fund - Direct Plan - Growth,73.968,Kotak Mahindra Mutual Fund,Equity Scheme - Mid Cap Fund
2021-08-17,119775,Kotak Midcap Fund - Direct Plan - Growth,74.524,Kotak Mahindra Mutual Fund,Equity Scheme - Mid Cap Fund
2021-08-18,119775,Kotak Midcap Fund - Direct Plan - Growth,74.608,Kotak Mahindra Mutual Fund,Equity Scheme - Mid Cap Fund
2021-08-20,119775,Kotak Midcap Fund - Direct Plan - Growth,73.586,Kotak Mahindra Mutual Fund,Equity Scheme - Mid Cap Fund
2021-08-23,119775,Kotak Midcap Fund - Direct Plan - Growth,73.114,Kotak Mahindra Mutual Fund,Equity Scheme - Mid Cap Fund
2021-08-24,119775,Kotak Midcap Fund - Direct Plan - Growth,73.74,Kotak Mahindra Mutual Fund,Equity Scheme - Mid Cap Fund
2021-08-25,119775,Kotak Midcap Fund - Direct Plan - Growth,73.863,Kotak Mahindra Mutual Fund,Equity Scheme - Mid Cap Fund
2021-08-26,119775,Kotak Midcap Fund - Direct Plan - Growth,73.931,Kotak Mahindra Mutual Fund,Equity Scheme - Mid Cap Fund
2021-08-27,119775,Kotak Midcap Fund - Direct Plan - Growth,74.595,Kotak Mahindra Mutual Fund,Equity Scheme - Mid Cap Fund
2021-08-30,119775,Kotak Midcap Fund - Direct Plan - Growth,75.612,Kotak Mahindra Mutual Fund,Equity Scheme - Mid Cap Fund
2021-08-31,119775,Kotak Midcap Fund - Direct Plan - Growth,76.176,Kotak Mahindra Mutual Fund,Equity Scheme - Mid Cap Fund
2021-09-01,119775,Kotak Midcap Fund - Direct Plan - Growth,76.735,Kotak Mahindra Mutual Fund,Equity Scheme - Mid Cap Fund
2021-09-02,119775,Kotak Midcap Fund - Direct Plan - Growth,77.31,Kotak Mahindra Mutual Fund,Equity Scheme - Mid Cap Fund
2021-09-03,119775,Kotak Midcap Fund - Direct Plan - Growth,77.86,Kotak Mahindra Mutual Fund,Equity Scheme - Mid Cap Fund
2021-09-06,119775,Kotak Midcap Fund - Direct Plan - Growth,78.012,Kotak Mahindra Mutual Fund,Equity Scheme - Mid Cap Fund
2021-09-07,119775,Kotak Midcap Fund - Direct Plan - Growth,77.861,Kotak Mahindra Mutual Fund,Equity Scheme - Mid Cap Fund
2021-09-08,119775,Kotak Midcap Fund - Direct Plan - Growth,77.849,Kotak Mahindra Mutual Fund,Equity Scheme - Mid Cap Fund
2021-09-09,119775,Kotak Midcap Fund - Direct Plan - Growth,78.036,Kotak Mahindra Mutual Fund,Equity Scheme - Mid Cap Fund
2021-09-13,119775,Kotak Midcap Fund - Direct Plan - Growth,78.413,Kotak Mahindra Mutual Fund,Equity Scheme - Mid Cap Fund
2021-09-14,119775,Kotak Midcap Fund - Direct Plan - Growth,78.866,Kotak Mahindra Mutual Fund,Equity Scheme - Mid Cap Fund
2021-09-15,119775,Kotak Midcap Fund - Direct Plan - Growth,79.483,Kotak Mahindra Mutual Fund,Equity Scheme - Mid Cap Fund
2021-09-16,119775,Kotak Midcap Fund - Direct Plan - Growth,79.567,Kotak Mahindra Mutual Fund,Equity Scheme - Mid Cap Fund
2021-09-17,119775,Kotak Midcap Fund - Direct Plan - Growth,78.59,Kotak Mahindra Mutual Fund,Equity Scheme - Mid Cap Fund
2021-09-20,119775,Kotak Midcap Fund - Direct Plan - Growth,77.096,Kotak Mahindra Mutual Fund,Equity Scheme - Mid Cap Fund
2021-09-21,119775,Kotak Midcap Fund - Direct Plan - Growth,77.139,Kotak Mahindra Mutual Fund,Equity Scheme - Mid Cap Fund
2021-09-22,119775,Kotak Midcap Fund - Direct Plan - Growth,77.698,Kotak Mahindra Mutual Fund,Equity Scheme - Mid Cap Fund
2021-09-23,119775,Kotak Midcap Fund - Direct Plan - Growth,78.502,Kotak Mahindra Mutual Fund,Equity Scheme - Mid Cap Fund
2021-09-24,119775,Kotak Midcap Fund - Direct Plan - Growth,78.22,Kotak Mahindra Mutual Fund,Equity Scheme - Mid Cap Fund
2021-09-27,119775,Kotak Midcap Fund - Direct Plan - Growth,78.154,Kotak Mahindra Mutual Fund,Equity Scheme - Mid Cap Fund
2021-09-28,119775,Kotak Midcap Fund - Direct Plan - Growth,77.439,Kotak Mahindra Mutual Fund,Equity Scheme - Mid Cap Fund
2021-09-29,119775,Kotak Midcap Fund - Direct Plan - Growth,77.882,Kotak Mahindra Mutual Fund,Equity Scheme - Mid Cap Fund
2021-09-30,119775,Kotak Midcap Fund - Direct Plan - Growth,78.34,Kotak Mahindra Mutual Fund,Equity Scheme - Mid Cap Fund
2021-10-01,119775,Kotak Midcap Fund - Direct Plan - Growth,78.214,Kotak Mahindra Mutual Fund,Equity Scheme - Mid Cap Fund
2021-10-04,119775,Kotak Midcap Fund - Direct Plan - Growth,79.291,Kotak Mahindra Mutual Fund,Equity Scheme - Mid Cap Fund
2021-10-05,119775,Kotak Midcap Fund - Direct Plan - Growth,79.553,Kotak Mahindra Mutual Fund,Equity Scheme - Mid Cap Fund
2021-10-06,119775,Kotak Midcap Fund - Direct Plan - Growth,78.972,Kotak Mahindra Mutual Fund,Equity Scheme - Mid Cap Fund
2021-10-07,119775,Kotak Midcap Fund - Direct Plan - Growth,80.275,Kotak Mahindra Mutual Fund,Equity Scheme - Mid Cap Fund
2021-10-08,119775,Kotak Midcap Fund - Direct Plan - Growth,80.848,Kotak Mahindra Mutual Fund,Equity Scheme - Mid Cap Fund
2021-10-11,119775,Kotak Midcap Fund - Direct Plan - Growth,81.6,Kotak Mahindra Mutual Fund,Equity Scheme - Mid Cap Fund
2021-10-12,119775,Kotak Midcap Fund - Direct Plan - Growth,81.796,Kotak Mahindra Mutual Fund,Equity Scheme - Mid Cap Fund
2021-10-13,119775,Kotak Midcap Fund - Direct Plan - Growth,82.061,Kotak Mahindra Mutual Fund,Equity Scheme - Mid Cap Fund
2021-10-14,119775,Kotak Midcap Fund - Direct Plan - Growth,82.53,Kotak Mahindra Mutual Fund,Equity Scheme - Mid Cap Fund
2021-10-18,119775,Kotak Midcap Fund - Direct Plan - Growth,83.098,Kotak Mahindra Mutual Fund,Equity Scheme - Mid Cap Fund
2021-10-19,119775,Kotak Midcap Fund - Direct Plan - Growth,81.822,Kotak Mahindra Mutual Fund,Equity Scheme - Mid Cap Fund
2021-10-20,119775,Kotak Midcap Fund - Direct Plan - Growth,80.197,Kotak Mahindra Mutual Fund,Equity Scheme - Mid Cap Fund
2021-10-21,119775,Kotak Midcap Fund - Direct Plan - Growth,79.652,Kotak Mahindra Mutual Fund,Equity Scheme - Mid Cap Fund
2021-10-22,119775,Kotak Midcap Fund - Direct Plan - Growth,78.961,Kotak Mahindra Mutual Fund,Equity Scheme - Mid Cap Fund
2021-10-25,119775,Kotak Midcap Fund - Direct Plan - Growth,78.257,Kotak Mahindra Mutual Fund,Equity Scheme - Mid Cap Fund
2021-10-26,119775,Kotak Midcap Fund - Direct Plan - Growth,79.453,Kotak Mahindra Mutual Fund,Equity Scheme - Mid Cap Fund
2021-10-27,119775,Kotak Midcap Fund - Direct Plan - Growth,79.325,Kotak Mahindra Mutual Fund,Equity Scheme - Mid Cap Fund
2021-10-28,119775,Kotak Midcap Fund - Direct Plan - Growth,78.695,Kotak Mahindra Mutual Fund,Equity Scheme - Mid Cap Fund
2021-10-29,119775,Kotak Midcap Fund - Direct Plan - Growth,78.9,Kotak Mahindra Mutual Fund,Equity Scheme - Mid Cap Fund
2021-11-01,119775,Kotak Midcap Fund - Direct Plan - Growth,79.68,Kotak Mahindra Mutual Fund,Equity Scheme - Mid Cap Fund
2021-11-02,119775,Kotak Midcap Fund - Direct Plan - Growth,79.917,Kotak Mahindra Mutual Fund,Equity Scheme - Mid Cap Fund
2021-11-03,119775,Kotak Midcap Fund - Direct Plan - Growth,80.118,Kotak Mahindra Mutual Fund,Equity Scheme - Mid Cap Fund
2021-11-08,119775,Kotak Midcap Fund - Direct Plan - Growth,81.778,Kotak Mahindra Mutual Fund,Equity Scheme - Mid Cap Fund
2021-11-09,119775,Kotak Midcap Fund - Direct Plan - Growth,82.185,Kotak Mahindra Mutual Fund,Equity Scheme - Mid Cap Fund
2021-11-10,119775,Kotak Midcap Fund - Direct Plan - Growth,81.935,Kotak Mahindra Mutual Fund,Equity Scheme - Mid Cap Fund
2021-11-11,119775,Kotak Midcap Fund - Direct Plan - Growth,81.571,Kotak Mahindra Mutual Fund,Equity Scheme - Mid Cap Fund
2021-11-12,119775,Kotak Midcap Fund - Direct Plan - Growth,82.158,Kotak Mahindra Mutual Fund,Equity Scheme - Mid Cap Fund
2021-11-15,119775,Kotak Midcap Fund - Direct Plan - Growth,82.434,Kotak Mahindra Mutual Fund,Equity Scheme - Mid Cap Fund
2021-11-16,119775,Kotak Midcap Fund - Direct Plan - Growth,82.379,Kotak Mahindra Mutual Fund,Equity Scheme - Mid Cap Fund
2021-11-17,119775,Kotak Midcap Fund - Direct Plan - Growth,82.399,Kotak Mahindra Mutual Fund,Equity Scheme - Mid Cap Fund
2021-11-18,119775,Kotak Midcap Fund - Direct Plan - Growth,81.322,Kotak Mahindra Mutual Fund,Equity Scheme - Mid Cap Fund
2021-11-22,119775,Kotak Midcap Fund - Direct Plan - Growth,79.582,Kotak Mahindra Mutual Fund,Equity Scheme - Mid Cap Fund
2021-11-23,119775,Kotak Midcap Fund - Direct Plan - Growth,80.408,Kotak Mahindra Mutual Fund,Equity Scheme - Mid Cap Fund
2021-11-24,119775,Kotak Midcap Fund - Direct Plan - Growth,80.247,Kotak Mahindra Mutual Fund,Equity Scheme - Mid Cap Fund
2021-11-25,119775,Kotak Midcap Fund - Direct Plan - Growth,80.463,Kotak Mahindra Mutual Fund,Equity Scheme - Mid Cap Fund
2021-11-26,119775,Kotak Midcap Fund - Direct Plan - Growth,78.309,Kotak Mahindra Mutual Fund,Equity Scheme - Mid Cap Fund
2021-11-29,119775,Kotak Midcap Fund - Direct Plan - Growth,77.686,Kotak Mahindra Mutual Fund,Equity Scheme - Mid Cap Fund
2021-11-30,119775,Kotak Midcap Fund - Direct Plan - Growth,78.856,Kotak Mahindra Mutual Fund,Equity Scheme - Mid Cap Fund
2021-12-01,119775,Kotak Midcap Fund - Direct Plan - Growth,79.306,Kotak Mahindra Mutual Fund,Equity Scheme - Mid Cap Fund
2021-12-02,119775,Kotak Midcap Fund - Direct Plan - Growth,80.276,Kotak Mahindra Mutual Fund,Equity Scheme - Mid Cap Fund
2021-12-03,119775,Kotak Midcap Fund - Direct Plan - Growth,80.045,Kotak Mahindra Mutual Fund,Equity Scheme - Mid Cap Fund
2021-12-06,119775,Kotak Midcap Fund - Direct Plan - Growth,78.912,Kotak Mahindra Mutual Fund,Equity Scheme - Mid Cap Fund
2021-12-07,119775,Kotak Midcap Fund - Direct Plan - Growth,79.948,Kotak Mahindra Mutual Fund,Equity Scheme - Mid Cap Fund
2021-12-08,119775,Kotak Midcap Fund - Direct Plan - Growth,80.74,Kotak Mahindra Mutual Fund,Equity Scheme - Mid Cap Fund
2021-12-09,119775,Kotak Midcap Fund - Direct Plan - Growth,80.905,Kotak Mahindra Mutual Fund,Equity Scheme - Mid Cap Fund
2021-12-10,119775,Kotak Midcap Fund - Direct Plan - Growth,81.435,Kotak Mahindra Mutual Fund,Equity Scheme - Mid Cap Fund
2021-12-13,119775,Kotak Midcap Fund - Direct Plan - Growth,81.23,Kotak Mahindra Mutual Fund,Equity Scheme - Mid Cap Fund
2021-12-14,119775,Kotak Midcap Fund - Direct Plan - Growth,81.234,Kotak Mahindra Mutual Fund,Equity Scheme - Mid Cap Fund
2021-12-15,119775,Kotak Midcap Fund - Direct Plan - Growth,80.91,Kotak Mahindra Mutual Fund,Equity Scheme - Mid Cap Fund
2021-12-16,119775,Kotak Midcap Fund - Direct Plan - Growth,80.739,Kotak Mahindra Mutual Fund,Equity Scheme - Mid Cap Fund
2021-12-17,119775,Kotak Midcap Fund - Direct Plan - Growth,79.446,Kotak Mahindra Mutual Fund,Equity Scheme - Mid Cap Fund
2021-12-20,119775,Kotak Midcap Fund - Direct Plan - Growth,77.141,Kotak Mahindra Mutual Fund,Equity Scheme - Mid Cap Fund
2021-12-21,119775,Kotak Midcap Fund - Direct Plan - Growth,78.036,Kotak Mahindra Mutual Fund,Equity Scheme - Mid Cap Fund
2021-12-22,119775,Kotak Midcap Fund - Direct Plan - Growth,78.996,Kotak Mahindra Mutual Fund,Equity Scheme - Mid Cap Fund
2021-12-23,119775,Kotak Midcap Fund - Direct Plan - Growth,79.718,Kotak Mahindra Mutual Fund,Equity Scheme - Mid Cap Fund
2021-12-24,119775,Kotak Midcap Fund - Direct Plan - Growth,78.812,Kotak Mahindra Mutual Fund,Equity Scheme - Mid Cap Fund
2021-12-27,119775,Kotak Midcap Fund - Direct Plan - Growth,78.797,Kotak Mahindra Mutual Fund,Equity Scheme - Mid Cap Fund
2021-12-28,119775,Kotak Midcap Fund - Direct Plan - Growth,79.508,Kotak Mahindra Mutual Fund,Equity Scheme - Mid Cap Fund
2021-12-29,119775,Kotak Midcap Fund - Direct Plan - Growth,79.682,Kotak Mahindra Mutual Fund,Equity Scheme - Mid Cap Fund
2021-12-30,119775,Kotak Midcap Fund - Direct Plan - Growth,79.875,Kotak Mahindra Mutual Fund,Equity Scheme - Mid Cap Fund
2021-12-31,119775,Kotak Midcap Fund - Direct Plan - Growth,80.752,Kotak Mahindra Mutual Fund,Equity Scheme - Mid Cap Fund
2022-01-03,119775,Kotak Midcap Fund - Direct Plan - Growth,81.478,Kotak Mahindra Mutual Fund,Equity Scheme - Mid Cap Fund
2022-01-04,119775,Kotak Midcap Fund - Direct Plan - Growth,81.74,Kotak Mahindra Mutual Fund,Equity Scheme - Mid Cap Fund
2022-01-05,119775,Kotak Midcap Fund - Direct Plan - Growth,81.923,Kotak Mahindra Mutual Fund,Equity Scheme - Mid Cap Fund
2022-01-06,119775,Kotak Midcap Fund - Direct Plan - Growth,81.792,Kotak Mahindra Mutual Fund,Equity Scheme - Mid Cap Fund
2022-01-07,119775,Kotak Midcap Fund - Direct Plan - Growth,82.309,Kotak Mahindra Mutual Fund,Equity Scheme - Mid Cap Fund
2022-01-10,119775,Kotak Midcap Fund - Direct Plan - Growth,82.668,Kotak Mahindra Mutual Fund,Equity Scheme - Mid Cap Fund
2022-01-11,119775,Kotak Midcap Fund - Direct Plan - Growth,82.843,Kotak Mahindra Mutual Fund,Equity Scheme - Mid Cap Fund
2022-01-12,119775,Kotak Midcap Fund - Direct Plan - Growth,83.794,Kotak Mahindra Mutual Fund,Equity Scheme - Mid Cap Fund
2022-01-13,119775,Kotak Midcap Fund - Direct Plan - Growth,83.786,Kotak Mahindra Mutual Fund,Equity Scheme - Mid Cap Fund
2022-01-14,119775,Kotak Midcap Fund - Direct Plan - Growth,84.022,Kotak Mahindra Mutual Fund,Equity Scheme - Mid Cap Fund
2022-01-17,119775,Kotak Midcap Fund - Direct Plan - Growth,84.557,Kotak Mahindra Mutual Fund,Equity Scheme - Mid Cap Fund
2022-01-18,119775,Kotak Midcap Fund - Direct Plan - Growth,83.176,Kotak Mahindra Mutual Fund,Equity Scheme - Mid Cap Fund
2022-01-19,119775,Kotak Midcap Fund - Direct Plan - Growth,83.0,Kotak Mahindra Mutual Fund,Equity Scheme - Mid Cap Fund
2022-01-20,119775,Kotak Midcap Fund - Direct Plan - Growth,82.734,Kotak Mahindra Mutual Fund,Equity Scheme - Mid Cap Fund
2022-01-21,119775,Kotak Midcap Fund - Direct Plan - Growth,81.44,Kotak Mahindra Mutual Fund,Equity Scheme - Mid Cap Fund
2022-01-24,119775,Kotak Midcap Fund - Direct Plan - Growth,78.635,Kotak Mahindra Mutual Fund,Equity Scheme - Mid Cap Fund
2022-01-25,119775,Kotak Midcap Fund - Direct Plan - Growth,79.06,Kotak Mahindra Mutual Fund,Equity Scheme - Mid Cap Fund
2022-01-27,119775,Kotak Midcap Fund - Direct Plan - Growth,78.118,Kotak Mahindra Mutual Fund,Equity Scheme - Mid Cap Fund
2022-01-28,119775,Kotak Midcap Fund - Direct Plan - Growth,79.101,Kotak Mahindra Mutual Fund,Equity Scheme - Mid Cap Fund
2022-01-31,119775,Kotak Midcap Fund - Direct Plan - Growth,80.121,Kotak Mahindra Mutual Fund,Equity Scheme - Mid Cap Fund
2022-02-01,119775,Kotak Midcap Fund - Direct Plan - Growth,80.917,Kotak Mahindra Mutual Fund,Equity Scheme - Mid Cap Fund
2022-02-02,119775,Kotak Midcap Fund - Direct Plan - Growth,81.493,Kotak Mahindra Mutual Fund,Equity Scheme - Mid Cap Fund
2022-02-03,119775,Kotak Midcap Fund - Direct Plan - Growth,80.806,Kotak Mahindra Mutual Fund,Equity Scheme - Mid Cap Fund
2022-02-04,119775,Kotak Midcap Fund - Direct Plan - Growth,80.262,Kotak Mahindra Mutual Fund,Equity Scheme - Mid Cap Fund
2022-02-07,119775,Kotak Midcap Fund - Direct Plan - Growth,79.75,Kotak Mahindra Mutual Fund,Equity Scheme - Mid Cap Fund
2022-02-08,119775,Kotak Midcap Fund - Direct Plan - Growth,79.2,Kotak Mahindra Mutual Fund,Equity Scheme - Mid Cap Fund
2022-02-09,119775,Kotak Midcap Fund - Direct Plan - Growth,80.087,Kotak Mahindra Mutual Fund,Equity Scheme - Mid Cap Fund
2022-02-10,119775,Kotak Midcap Fund - Direct Plan - Growth,80.085,Kotak Mahindra Mutual Fund,Equity Scheme - Mid Cap Fund
2022-02-11,119775,Kotak Midcap Fund - Direct Plan - Growth,78.594,Kotak Mahindra Mutual Fund,Equity Scheme - Mid Cap Fund
2022-02-14,119775,Kotak Midcap Fund - Direct Plan - Growth,76.387,Kotak Mahindra Mutual Fund,Equity Scheme - Mid Cap Fund
2022-02-15,119775,Kotak Midcap Fund - Direct Plan - Growth,78.129,Kotak Mahindra Mutual Fund,Equity Scheme - Mid Cap Fund
2022-02-16,119775,Kotak Midcap Fund - Direct Plan - Growth,77.89,Kotak Mahindra Mutual Fund,Equity Scheme - Mid Cap Fund
2022-02-17,119775,Kotak Midcap Fund - Direct Plan - Growth,77.781,Kotak Mahindra Mutual Fund,Equity Scheme - Mid Cap Fund
2022-02-18,119775,Kotak Midcap Fund - Direct Plan - Growth,77.679,Kotak Mahindra Mutual Fund,Equity Scheme - Mid Cap Fund
2022-02-21,119775,Kotak Midcap Fund - Direct Plan - Growth,77.002,Kotak Mahindra Mutual Fund,Equity Scheme - Mid Cap Fund
2022-02-22,119775,Kotak Midcap Fund - Direct Plan - Growth,76.669,Kotak Mahindra Mutual Fund,Equity Scheme - Mid Cap Fund
2022-02-23,119775,Kotak Midcap Fund - Direct Plan - Growth,76.904,Kotak Mahindra Mutual Fund,Equity Scheme - Mid Cap Fund
2022-02-24,119775,Kotak Midcap Fund - Direct Plan - Growth,73.443,Kotak Mahindra Mutual Fund,Equity Scheme - Mid Cap Fund
2022-02-25,119775,Kotak Midcap Fund - Direct Plan - Growth,75.638,Kotak Mahindra Mutual Fund,Equity Scheme - Mid Cap Fund
2022-02-28,119775,Kotak Midcap Fund - Direct Plan - Growth,76.587,Kotak Mahindra Mutual Fund,Equity Scheme - Mid Cap Fund
2022-03-02,119775,Kotak Midcap Fund - Direct Plan - Growth,76.127,Kotak Mahindra Mutual Fund,Equity Scheme - Mid Cap Fund
2022-03-03,119775,Kotak Midcap Fund - Direct Plan - Growth,75.669,Kotak Mahindra Mutual Fund,Equity Scheme - Mid Cap Fund
2022-03-04,119775,Kotak Midcap Fund - Direct Plan - Growth,74.236,Kotak Mahindra Mutual Fund,Equity Scheme - Mid Cap Fund
2022-03-07,119775,Kotak Midcap Fund - Direct Plan - Growth,72.816,Kotak Mahindra Mutual Fund,Equity Scheme - Mid Cap Fund
2022-03-08,119775,Kotak Midcap Fund - Direct Plan - Growth,73.588,Kotak Mahindra Mutual Fund,Equity Scheme - Mid Cap Fund
2022-03-09,119775,Kotak Midcap Fund - Direct Plan - Growth,74.778,Kotak Mahindra Mutual Fund,Equity Scheme - Mid Cap Fund
2022-03-10,119775,Kotak Midcap Fund - Direct Plan - Growth,75.676,Kotak Mahindra Mutual Fund,Equity Scheme - Mid Cap Fund
2022-03-11,119775,Kotak Midcap Fund - Direct Plan - Growth,76.265,Kotak Mahindra Mutual Fund,Equity Scheme - Mid Cap Fund
2022-03-14,119775,Kotak Midcap Fund - Direct Plan - Growth,76.388,Kotak Mahindra Mutual Fund,Equity Scheme - Mid Cap Fund
2022-03-15,119775,Kotak Midcap Fund - Direct Plan - Growth,76.177,Kotak Mahindra Mutual Fund,Equity Scheme - Mid Cap Fund
2022-03-16,119775,Kotak Midcap Fund - Direct Plan - Growth,77.417,Kotak Mahindra Mutual Fund,Equity Scheme - Mid Cap Fund
2022-03-17,119775,Kotak Midcap Fund - Direct Plan - Growth,78.513,Kotak Mahindra Mutual Fund,Equity Scheme - Mid Cap Fund
2022-03-21,119775,Kotak Midcap Fund - Direct Plan - Growth,78.385,Kotak Mahindra Mutual Fund,Equity Scheme - Mid Cap Fund
2022-03-22,119775,Kotak Midcap Fund - Direct Plan - Growth,78.512,Kotak Mahindra Mutual Fund,Equity Scheme - Mid Cap Fund
2022-03-23,119775,Kotak Midcap Fund - Direct Plan - Growth,78.373,Kotak Mahindra Mutual Fund,Equity Scheme - Mid Cap Fund
2022-03-24,119775,Kotak Midcap Fund - Direct Plan - Growth,78.316,Kotak Mahindra Mutual Fund,Equity Scheme - Mid Cap Fund
2022-03-25,119775,Kotak Midcap Fund - Direct Plan - Growth,77.923,Kotak Mahindra Mutual Fund,Equity Scheme - Mid Cap Fund
2022-03-28,119775,Kotak Midcap Fund - Direct Plan - Growth,77.982,Kotak Mahindra Mutual Fund,Equity Scheme - Mid Cap Fund
2022-03-29,119775,Kotak Midcap Fund - Direct Plan - Growth,78.821,Kotak Mahindra Mutual Fund,Equity Scheme - Mid Cap Fund
2022-03-30,119775,Kotak Midcap Fund - Direct Plan - Growth,79.315,Kotak Mahindra Mutual Fund,Equity Scheme - Mid Cap Fund
2022-03-31,119775,Kotak Midcap Fund - Direct Plan - Growth,79.617,Kotak Mahindra Mutual Fund,Equity Scheme - Mid Cap Fund
2022-04-01,119775,Kotak Midcap Fund - Direct Plan - Growth,80.368,Kotak Mahindra Mutual Fund,Equity Scheme - Mid Cap Fund
2022-04-04,119775,Kotak Midcap Fund - Direct Plan - Growth,81.19,Kotak Mahindra Mutual Fund,Equity Scheme - Mid Cap Fund
2022-04-05,119775,Kotak Midcap Fund - Direct Plan - Growth,82.261,Kotak Mahindra Mutual Fund,Equity Scheme - Mid Cap Fund
2022-04-06,119775,Kotak Midcap Fund - Direct Plan - Growth,82.348,Kotak Mahindra Mutual Fund,Equity Scheme - Mid Cap Fund
2022-04-07,119775,Kotak Midcap Fund - Direct Plan - Growth,81.83,Kotak Mahindra Mutual Fund,Equity Scheme - Mid Cap Fund
2022-04-08,119775,Kotak Midcap Fund - Direct Plan - Growth,82.636,Kotak Mahindra Mutual Fund,Equity Scheme - Mid Cap Fund
2022-04-11,119775,Kotak Midcap Fund - Direct Plan - Growth,82.936,Kotak Mahindra Mutual Fund,Equity Scheme - Mid Cap Fund
2022-04-12,119775,Kotak Midcap Fund - Direct Plan - Growth,82.308,Kotak Mahindra Mutual Fund,Equity Scheme - Mid Cap Fund
2022-04-13,119775,Kotak Midcap Fund - Direct Plan - Growth,82.554,Kotak Mahindra Mutual Fund,Equity Scheme - Mid Cap Fund
2022-04-18,119775,Kotak Midcap Fund - Direct Plan - Growth,81.933,Kotak Mahindra Mutual Fund,Equity Scheme - Mid Cap Fund
2022-04-19,119775,Kotak Midcap Fund - Direct Plan - Growth,81.328,Kotak Mahindra Mutual Fund,Equity Scheme - Mid Cap Fund
2022-04-20,119775,Kotak Midcap Fund - Direct Plan - Growth,81.353,Kotak Mahindra Mutual Fund,Equity Scheme - Mid Cap Fund
2022-04-21,119775,Kotak Midcap Fund - Direct Plan - Growth,81.871,Kotak Mahindra Mutual Fund,Equity Scheme - Mid Cap Fund
2022-04-22,119775,Kotak Midcap Fund - Direct Plan - Growth,81.038,Kotak Mahindra Mutual Fund,Equity Scheme - Mid Cap Fund
2022-04-25,119775,Kotak Midcap Fund - Direct Plan - Growth,79.805,Kotak Mahindra Mutual Fund,Equity Scheme - Mid Cap Fund
2022-04-26,119775,Kotak Midcap Fund - Direct Plan - Growth,80.748,Kotak Mahindra Mutual Fund,Equity Scheme - Mid Cap Fund
2022-04-27,119775,Kotak Midcap Fund - Direct Plan - Growth,80.348,Kotak Mahindra Mutual Fund,Equity Scheme - Mid Cap Fund
2022-04-28,119775,Kotak Midcap Fund - Direct Plan - Growth,81.207,Kotak Mahindra Mutual Fund,Equity Scheme - Mid Cap Fund
2022-04-29,119775,Kotak Midcap Fund - Direct Plan - Growth,80.969,Kotak Mahindra Mutual Fund,Equity Scheme - Mid Cap Fund
2022-05-02,119775,Kotak Midcap Fund - Direct Plan - Growth,80.876,Kotak Mahindra Mutual Fund,Equity Scheme - Mid Cap Fund
2022-05-04,119775,Kotak Midcap Fund - Direct Plan - Growth,79.355,Kotak Mahindra Mutual Fund,Equity Scheme - Mid Cap Fund
2022-05-05,119775,Kotak Midcap Fund - Direct Plan - Growth,79.162,Kotak Mahindra Mutual Fund,Equity Scheme - Mid Cap Fund
2022-05-06,119775,Kotak Midcap Fund - Direct Plan - Growth,77.884,Kotak Mahindra Mutual Fund,Equity Scheme - Mid Cap Fund
2022-05-09,119775,Kotak Midcap Fund - Direct Plan - Growth,76.622,Kotak Mahindra Mutual Fund,Equity Scheme - Mid Cap Fund
2022-05-10,119775,Kotak Midcap Fund - Direct Plan - Growth,75.472,Kotak Mahindra Mutual Fund,Equity Scheme - Mid Cap Fund
2022-05-11,119775,Kotak Midcap Fund - Direct Plan - Growth,74.891,Kotak Mahindra Mutual Fund,Equity Scheme - Mid Cap Fund
2022-05-12,119775,Kotak Midcap Fund - Direct Plan - Growth,73.426,Kotak Mahindra Mutual Fund,Equity Scheme - Mid Cap Fund
2022-05-13,119775,Kotak Midcap Fund - Direct Plan - Growth,73.753,Kotak Mahindra Mutual Fund,Equity Scheme - Mid Cap Fund
2022-05-16,119775,Kotak Midcap Fund - Direct Plan - Growth,74.189,Kotak Mahindra Mutual Fund,Equity Scheme - Mid Cap Fund
2022-05-17,119775,Kotak Midcap Fund - Direct Plan - Growth,75.612,Kotak Mahindra Mutual Fund,Equity Scheme - Mid Cap Fund
2022-05-18,119775,Kotak Midcap Fund - Direct Plan - Growth,75.851,Kotak Mahindra Mutual Fund,Equity Scheme - Mid Cap Fund
2022-05-19,119775,Kotak Midcap Fund - Direct Plan - Growth,74.515,Kotak Mahindra Mutual Fund,Equity Scheme - Mid Cap Fund
2022-05-20,119775,Kotak Midcap Fund - Direct Plan - Growth,75.722,Kotak Mahindra Mutual Fund,Equity Scheme - Mid Cap Fund
2022-05-23,119775,Kotak Midcap Fund - Direct Plan - Growth,75.066,Kotak Mahindra Mutual Fund,Equity Scheme - Mid Cap Fund
2022-05-24,119775,Kotak Midcap Fund - Direct Plan - Growth,74.766,Kotak Mahindra Mutual Fund,Equity Scheme - Mid Cap Fund
2022-05-25,119775,Kotak Midcap Fund - Direct Plan - Growth,73.362,Kotak Mahindra Mutual Fund,Equity Scheme - Mid Cap Fund
2022-05-26,119775,Kotak Midcap Fund - Direct Plan - Growth,74.18,Kotak Mahindra Mutual Fund,Equity Scheme - Mid Cap Fund
2022-05-27,119775,Kotak Midcap Fund - Direct Plan - Growth,74.943,Kotak Mahindra Mutual Fund,Equity Scheme - Mid Cap Fund
2022-05-30,119775,Kotak Midcap Fund - Direct Plan - Growth,76.674,Kotak Mahindra Mutual Fund,Equity Scheme - Mid Cap Fund
2022-05-31,119775,Kotak Midcap Fund - Direct Plan - Growth,76.727,Kotak Mahindra Mutual Fund,Equity Scheme - Mid Cap Fund
2022-06-01,119775,Kotak Midcap Fund - Direct Plan - Growth,77.173,Kotak Mahindra Mutual Fund,Equity Scheme - Mid Cap Fund
2022-06-02,119775,Kotak Midcap Fund - Direct Plan - Growth,77.132,Kotak Mahindra Mutual Fund,Equity Scheme - Mid Cap Fund
2022-06-03,119775,Kotak Midcap Fund - Direct Plan - Growth,76.173,Kotak Mahindra Mutual Fund,Equity Scheme - Mid Cap Fund
2022-06-06,119775,Kotak Midcap Fund - Direct Plan - Growth,75.953,Kotak Mahindra Mutual Fund,Equity Scheme - Mid Cap Fund
2022-06-07,119775,Kotak Midcap Fund - Direct Plan - Growth,75.192,Kotak Mahindra Mutual Fund,Equity Scheme - Mid Cap Fund
2022-06-08,119775,Kotak Midcap Fund - Direct Plan - Growth,74.912,Kotak Mahindra Mutual Fund,Equity Scheme - Mid Cap Fund
2022-06-09,119775,Kotak Midcap Fund - Direct Plan - Growth,75.078,Kotak Mahindra Mutual Fund,Equity Scheme - Mid Cap Fund
2022-06-10,119775,Kotak Midcap Fund - Direct Plan - Growth,74.662,Kotak Mahindra Mutual Fund,Equity Scheme - Mid Cap Fund
2022-06-13,119775,Kotak Midcap Fund - Direct Plan - Growth,73.04,Kotak Mahindra Mutual Fund,Equity Scheme - Mid Cap Fund
2022-06-14,119775,Kotak Midcap Fund - Direct Plan - Growth,73.176,Kotak Mahindra Mutual Fund,Equity Scheme - Mid Cap Fund
2022-06-15,119775,Kotak Midcap Fund - Direct Plan - Growth,73.664,Kotak Mahindra Mutual Fund,Equity Scheme - Mid Cap Fund
2022-06-16,119775,Kotak Midcap Fund - Direct Plan - Growth,72.113,Kotak Mahindra Mutual Fund,Equity Scheme - Mid Cap Fund
2022-06-17,119775,Kotak Midcap Fund - Direct Plan - Growth,71.481,Kotak Mahindra Mutual Fund,Equity Scheme - Mid Cap Fund
2022-06-20,119775,Kotak Midcap Fund - Direct Plan - Growth,70.756,Kotak Mahindra Mutual Fund,Equity Scheme - Mid Cap Fund
2022-06-21,119775,Kotak Midcap Fund - Direct Plan - Growth,71.915,Kotak Mahindra Mutual Fund,Equity Scheme - Mid Cap Fund
2022-06-22,119775,Kotak Midcap Fund - Direct Plan - Growth,71.121,Kotak Mahindra Mutual Fund,Equity Scheme - Mid Cap Fund
2022-06-23,119775,Kotak Midcap Fund - Direct Plan - Growth,71.874,Kotak Mahindra Mutual Fund,Equity Scheme - Mid Cap Fund
2022-06-24,119775,Kotak Midcap Fund - Direct Plan - Growth,72.551,Kotak Mahindra Mutual Fund,Equity Scheme - Mid Cap Fund
2022-06-27,119775,Kotak Midcap Fund - Direct Plan - Growth,73.521,Kotak Mahindra Mutual Fund,Equity Scheme - Mid Cap Fund
2022-06-28,119775,Kotak Midcap Fund - Direct Plan - Growth,73.557,Kotak Mahindra Mutual Fund,Equity Scheme - Mid Cap Fund
2022-06-29,119775,Kotak Midcap Fund - Direct Plan - Growth,73.37,Kotak Mahindra Mutual Fund,Equity Scheme - Mid Cap Fund
2022-06-30,119775,Kotak Midcap Fund - Direct Plan - Growth,73.41,Kotak Mahindra Mutual Fund,Equity Scheme - Mid Cap Fund
2022-07-01,119775,Kotak Midcap Fund - Direct Plan - Growth,73.561,Kotak Mahindra Mutual Fund,Equity Scheme - Mid Cap Fund
2022-07-04,119775,Kotak Midcap Fund - Direct Plan - Growth,74.14,Kotak Mahindra Mutual Fund,Equity Scheme - Mid Cap Fund
2022-07-05,119775,Kotak Midcap Fund - Direct Plan - Growth,74.033,Kotak Mahindra Mutual Fund,Equity Scheme - Mid Cap Fund
2022-07-06,119775,Kotak Midcap Fund - Direct Plan - Growth,75.259,Kotak Mahindra Mutual Fund,Equity Scheme - Mid Cap Fund
2022-07-07,119775,Kotak Midcap Fund - Direct Plan - Growth,76.198,Kotak Mahindra Mutual Fund,Equity Scheme - Mid Cap Fund
2022-07-08,119775,Kotak Midcap Fund - Direct Plan - Growth,76.225,Kotak Mahindra Mutual Fund,Equity Scheme - Mid Cap Fund
2022-07-11,119775,Kotak Midcap Fund - Direct Plan - Growth,76.766,Kotak Mahindra Mutual Fund,Equity Scheme - Mid Cap Fund
2022-07-12,119775,Kotak Midcap Fund - Direct Plan - Growth,76.242,Kotak Mahindra Mutual Fund,Equity Scheme - Mid Cap Fund
2022-07-13,119775,Kotak Midcap Fund - Direct Plan - Growth,76.353,Kotak Mahindra Mutual Fund,Equity Scheme - Mid Cap Fund
2022-07-14,119775,Kotak Midcap Fund - Direct Plan - Growth,76.199,Kotak Mahindra Mutual Fund,Equity Scheme - Mid Cap Fund
2022-07-15,119775,Kotak Midcap Fund - Direct Plan - Growth,76.791,Kotak Mahindra Mutual Fund,Equity Scheme - Mid Cap Fund
2022-07-18,119775,Kotak Midcap Fund - Direct Plan - Growth,77.871,Kotak Mahindra Mutual Fund,Equity Scheme - Mid Cap Fund
2022-07-19,119775,Kotak Midcap Fund - Direct Plan - Growth,78.245,Kotak Mahindra Mutual Fund,Equity Scheme - Mid Cap Fund
2022-07-20,119775,Kotak Midcap Fund - Direct Plan - Growth,78.437,Kotak Mahindra Mutual Fund,Equity Scheme - Mid Cap Fund
2022-07-21,119775,Kotak Midcap Fund - Direct Plan - Growth,79.635,Kotak Mahindra Mutual Fund,Equity Scheme - Mid Cap Fund
2022-07-22,119775,Kotak Midcap Fund - Direct Plan - Growth,79.934,Kotak Mahindra Mutual Fund,Equity Scheme - Mid Cap Fund
2022-07-25,119775,Kotak Midcap Fund - Direct Plan - Growth,80.003,Kotak Mahindra Mutual Fund,Equity Scheme - Mid Cap Fund
2022-07-26,119775,Kotak Midcap Fund - Direct Plan - Growth,79.186,Kotak Mahindra Mutual Fund,Equity Scheme - Mid Cap Fund
2022-07-27,119775,Kotak Midcap Fund - Direct Plan - Growth,79.823,Kotak Mahindra Mutual Fund,Equity Scheme - Mid Cap Fund
2022-07-28,119775,Kotak Midcap Fund - Direct Plan - Growth,80.655,Kotak Mahindra Mutual Fund,Equity Scheme - Mid Cap Fund
2022-07-29,119775,Kotak Midcap Fund - Direct Plan - Growth,81.645,Kotak Mahindra Mutual Fund,Equity Scheme - Mid Cap Fund
2022-08-01,119775,Kotak Midcap Fund - Direct Plan - Growth,82.652,Kotak Mahindra Mutual Fund,Equity Scheme - Mid Cap Fund
2022-08-02,119775,Kotak Midcap Fund - Direct Plan - Growth,82.823,Kotak Mahindra Mutual Fund,Equity Scheme - Mid Cap Fund
2022-08-03,119775,Kotak Midcap Fund - Direct Plan - Growth,82.27,Kotak Mahindra Mutual Fund,Equity Scheme - Mid Cap Fund
2022-08-04,119775,Kotak Midcap Fund - Direct Plan - Growth,82.933,Kotak Mahindra Mutual Fund,Equity Scheme - Mid Cap Fund
2022-08-05,119775,Kotak Midcap Fund - Direct Plan - Growth,83.067,Kotak Mahindra Mutual Fund,Equity Scheme - Mid Cap Fund
2022-08-08,119775,Kotak Midcap Fund - Direct Plan - Growth,83.2,Kotak Mahindra Mutual Fund,Equity Scheme - Mid Cap Fund
2022-08-10,119775,Kotak Midcap Fund - Direct Plan - Growth,83.248,Kotak Mahindra Mutual Fund,Equity Scheme - Mid Cap Fund
2022-08-11,119775,Kotak Midcap Fund - Direct Plan - Growth,84.072,Kotak Mahindra Mutual Fund,Equity Scheme - Mid Cap Fund
2022-08-12,119775,Kotak Midcap Fund - Direct Plan - Growth,84.303,Kotak Mahindra Mutual Fund,Equity Scheme - Mid Cap Fund
2022-08-16,119775,Kotak Midcap Fund - Direct Plan - Growth,85.061,Kotak Mahindra Mutual Fund,Equity Scheme - Mid Cap Fund
2022-08-17,119775,Kotak Midcap Fund - Direct Plan - Growth,85.282,Kotak Mahindra Mutual Fund,Equity Scheme - Mid Cap Fund
2022-08-18,119775,Kotak Midcap Fund - Direct Plan - Growth,85.547,Kotak Mahindra Mutual Fund,Equity Scheme - Mid Cap Fund
2022-08-19,119775,Kotak Midcap Fund - Direct Plan - Growth,84.768,Kotak Mahindra Mutual Fund,Equity Scheme - Mid Cap Fund
2022-08-22,119775,Kotak Midcap Fund - Direct Plan - Growth,83.756,Kotak Mahindra Mutual Fund,Equity Scheme - Mid Cap Fund
2022-08-23,119775,Kotak Midcap Fund - Direct Plan - Growth,84.499,Kotak Mahindra Mutual Fund,Equity Scheme - Mid Cap Fund
2022-08-24,119775,Kotak Midcap Fund - Direct Plan - Growth,84.884,Kotak Mahindra Mutual Fund,Equity Scheme - Mid Cap Fund
2022-08-25,119775,Kotak Midcap Fund - Direct Plan - Growth,84.975,Kotak Mahindra Mutual Fund,Equity Scheme - Mid Cap Fund
2022-08-26,119775,Kotak Midcap Fund - Direct Plan - Growth,85.089,Kotak Mahindra Mutual Fund,Equity Scheme - Mid Cap Fund
2022-08-29,119775,Kotak Midcap Fund - Direct Plan - Growth,84.595,Kotak Mahindra Mutual Fund,Equity Scheme - Mid Cap Fund
2022-08-30,119775,Kotak Midcap Fund - Direct Plan - Growth,85.794,Kotak Mahindra Mutual Fund,Equity Scheme - Mid Cap Fund
2022-09-01,119775,Kotak Midcap Fund - Direct Plan - Growth,86.313,Kotak Mahindra Mutual Fund,Equity Scheme - Mid Cap Fund
2022-09-02,119775,Kotak Midcap Fund - Direct Plan - Growth,86.166,Kotak Mahindra Mutual Fund,Equity Scheme - Mid Cap Fund
2022-09-05,119775,Kotak Midcap Fund - Direct Plan - Growth,86.918,Kotak Mahindra Mutual Fund,Equity Scheme - Mid Cap Fund
2022-09-06,119775,Kotak Midcap Fund - Direct Plan - Growth,86.761,Kotak Mahindra Mutual Fund,Equity Scheme - Mid Cap Fund
2022-09-07,119775,Kotak Midcap Fund - Direct Plan - Growth,87.054,Kotak Mahindra Mutual Fund,Equity Scheme - Mid Cap Fund
2022-09-08,119775,Kotak Midcap Fund - Direct Plan - Growth,87.745,Kotak Mahindra Mutual Fund,Equity Scheme - Mid Cap Fund
2022-09-09,119775,Kotak Midcap Fund - Direct Plan - Growth,87.923,Kotak Mahindra Mutual Fund,Equity Scheme - Mid Cap Fund
2022-09-12,119775,Kotak Midcap Fund - Direct Plan - Growth,88.396,Kotak Mahindra Mutual Fund,Equity Scheme - Mid Cap Fund
2022-09-13,119775,Kotak Midcap Fund - Direct Plan - Growth,88.779,Kotak Mahindra Mutual Fund,Equity Scheme - Mid Cap Fund
2022-09-14,119775,Kotak Midcap Fund - Direct Plan - Growth,88.584,Kotak Mahindra Mutual Fund,Equity Scheme - Mid Cap Fund
2022-09-15,119775,Kotak Midcap Fund - Direct Plan - Growth,88.839,Kotak Mahindra Mutual Fund,Equity Scheme - Mid Cap Fund
2022-09-16,119775,Kotak Midcap Fund - Direct Plan - Growth,86.816,Kotak Mahindra Mutual Fund,Equity Scheme - Mid Cap Fund
2022-09-19,119775,Kotak Midcap Fund - Direct Plan - Growth,86.583,Kotak Mahindra Mutual Fund,Equity Scheme - Mid Cap Fund
2022-09-20,119775,Kotak Midcap Fund - Direct Plan - Growth,87.85,Kotak Mahindra Mutual Fund,Equity Scheme - Mid Cap Fund
2022-09-21,119775,Kotak Midcap Fund - Direct Plan - Growth,87.386,Kotak Mahindra Mutual Fund,Equity Scheme - Mid Cap Fund
2022-09-22,119775,Kotak Midcap Fund - Direct Plan - Growth,87.593,Kotak Mahindra Mutual Fund,Equity Scheme - Mid Cap Fund
2022-09-23,119775,Kotak Midcap Fund - Direct Plan - Growth,85.559,Kotak Mahindra Mutual Fund,Equity Scheme - Mid Cap Fund
2022-09-26,119775,Kotak Midcap Fund - Direct Plan - Growth,83.513,Kotak Mahindra Mutual Fund,Equity Scheme - Mid Cap Fund
2022-09-27,119775,Kotak Midcap Fund - Direct Plan - Growth,83.647,Kotak Mahindra Mutual Fund,Equity Scheme - Mid Cap Fund
2022-09-28,119775,Kotak Midcap Fund - Direct Plan - Growth,83.307,Kotak Mahindra Mutual Fund,Equity Scheme - Mid Cap Fund
2022-09-29,119775,Kotak Midcap Fund - Direct Plan - Growth,83.851,Kotak Mahindra Mutual Fund,Equity Scheme - Mid Cap Fund
2022-09-30,119775,Kotak Midcap Fund - Direct Plan - Growth,84.831,Kotak Mahindra Mutual Fund,Equity Scheme - Mid Cap Fund
2022-10-03,119775,Kotak Midcap Fund - Direct Plan - Growth,84.226,Kotak Mahindra Mutual Fund,Equity Scheme - Mid Cap Fund
2022-10-04,119775,Kotak Midcap Fund - Direct Plan - Growth,85.544,Kotak Mahindra Mutual Fund,Equity Scheme - Mid Cap Fund
2022-10-06,119775,Kotak Midcap Fund - Direct Plan - Growth,86.333,Kotak Mahindra Mutual Fund,Equity Scheme - Mid Cap Fund
2022-10-07,119775,Kotak Midcap Fund - Direct Plan - Growth,85.878,Kotak Mahindra Mutual Fund,Equity Scheme - Mid Cap Fund
2022-10-10,119775,Kotak Midcap Fund - Direct Plan - Growth,85.128,Kotak Mahindra Mutual Fund,Equity Scheme - Mid Cap Fund
2022-10-11,119775,Kotak Midcap Fund - Direct Plan - Growth,84.178,Kotak Mahindra Mutual Fund,Equity Scheme - Mid Cap Fund
2022-10-12,119775,Kotak Midcap Fund - Direct Plan - Growth,84.555,Kotak Mahindra Mutual Fund,Equity Scheme - Mid Cap Fund
2022-10-13,119775,Kotak Midcap Fund - Direct Plan - Growth,83.965,Kotak Mahindra Mutual Fund,Equity Scheme - Mid Cap Fund
2022-10-14,119775,Kotak Midcap Fund - Direct Plan - Growth,83.9,Kotak Mahindra Mutual Fund,Equity Scheme - Mid Cap Fund
2022-10-17,119775,Kotak Midcap Fund - Direct Plan - Growth,84.478,Kotak Mahindra Mutual Fund,Equity Scheme - Mid Cap Fund
2022-10-18,119775,Kotak Midcap Fund - Direct Plan - Growth,84.984,Kotak Mahindra Mutual Fund,Equity Scheme - Mid Cap Fund
2022-10-19,119775,Kotak Midcap Fund - Direct Plan - Growth,85.227,Kotak Mahindra Mutual Fund,Equity Scheme - Mid Cap Fund
2022-10-20,119775,Kotak Midcap Fund - Direct Plan - Growth,84.862,Kotak Mahindra Mutual Fund,Equity Scheme - Mid Cap Fund
2022-10-21,119775,Kotak Midcap Fund - Direct Plan - Growth,84.697,Kotak Mahindra Mutual Fund,Equity Scheme - Mid Cap Fund
2022-10-25,119775,Kotak Midcap Fund - Direct Plan - Growth,84.809,Kotak Mahindra Mutual Fund,Equity Scheme - Mid Cap Fund
2022-10-27,119775,Kotak Midcap Fund - Direct Plan - Growth,85.143,Kotak Mahindra Mutual Fund,Equity Scheme - Mid Cap Fund
2022-10-28,119775,Kotak Midcap Fund - Direct Plan - Growth,84.493,Kotak Mahindra Mutual Fund,Equity Scheme - Mid Cap Fund
2022-10-31,119775,Kotak Midcap Fund - Direct Plan - Growth,85.667,Kotak Mahindra Mutual Fund,Equity Scheme - Mid Cap Fund
2022-11-01,119775,Kotak Midcap Fund - Direct Plan - Growth,86.477,Kotak Mahindra Mutual Fund,Equity Scheme - Mid Cap Fund
2022-11-02,119775,Kotak Midcap Fund - Direct Plan - Growth,86.386,Kotak Mahindra Mutual Fund,Equity Scheme - Mid Cap Fund
2022-11-03,119775,Kotak Midcap Fund - Direct Plan - Growth,86.255,Kotak Mahindra Mutual Fund,Equity Scheme - Mid Cap Fund
2022-11-04,119775,Kotak Midcap Fund - Direct Plan - Growth,86.496,Kotak Mahindra Mutual Fund,Equity Scheme - Mid Cap Fund
2022-11-07,119775,Kotak Midcap Fund - Direct Plan - Growth,87.238,Kotak Mahindra Mutual Fund,Equity Scheme - Mid Cap Fund
2022-11-09,119775,Kotak Midcap Fund - Direct Plan - Growth,87.134,Kotak Mahindra Mutual Fund,Equity Scheme - Mid Cap Fund
2022-11-10,119775,Kotak Midcap Fund - Direct Plan - Growth,86.45,Kotak Mahindra Mutual Fund,Equity Scheme - Mid Cap Fund
2022-11-11,119775,Kotak Midcap Fund - Direct Plan - Growth,86.56,Kotak Mahindra Mutual Fund,Equity Scheme - Mid Cap Fund
2022-11-14,119775,Kotak Midcap Fund - Direct Plan - Growth,86.422,Kotak Mahindra Mutual Fund,Equity Scheme - Mid Cap Fund
2022-11-15,119775,Kotak Midcap Fund - Direct Plan - Growth,86.46,Kotak Mahindra Mutual Fund,Equity Scheme - Mid Cap Fund
2022-11-16,119775,Kotak Midcap Fund - Direct Plan - Growth,85.839,Kotak Mahindra Mutual Fund,Equity Scheme - Mid Cap Fund
2022-11-17,119775,Kotak Midcap Fund - Direct Plan - Growth,85.69,Kotak Mahindra Mutual Fund,Equity Scheme - Mid Cap Fund
2022-11-18,119775,Kotak Midcap Fund - Direct Plan - Growth,85.227,Kotak Mahindra Mutual Fund,Equity Scheme - Mid Cap Fund
2022-11-21,119775,Kotak Midcap Fund - Direct Plan - Growth,85.285,Kotak Mahindra Mutual Fund,Equity Scheme - Mid Cap Fund
2022-11-22,119775,Kotak Midcap Fund - Direct Plan - Growth,85.358,Kotak Mahindra Mutual Fund,Equity Scheme - Mid Cap Fund
2022-11-23,119775,Kotak Midcap Fund - Direct Plan - Growth,85.427,Kotak Mahindra Mutual Fund,Equity Scheme - Mid Cap Fund
2022-11-24,119775,Kotak Midcap Fund - Direct Plan - Growth,85.685,Kotak Mahindra Mutual Fund,Equity Scheme - Mid Cap Fund
2022-11-25,119775,Kotak Midcap Fund - Direct Plan - Growth,86.202,Kotak Mahindra Mutual Fund,Equity Scheme - Mid Cap Fund
2022-11-28,119775,Kotak Midcap Fund - Direct Plan - Growth,86.728,Kotak Mahindra Mutual Fund,Equity Scheme - Mid Cap Fund
2022-11-29,119775,Kotak Midcap Fund - Direct Plan - Growth,86.424,Kotak Mahindra Mutual Fund,Equity Scheme - Mid Cap Fund
2022-11-30,119775,Kotak Midcap Fund - Direct Plan - Growth,86.988,Kotak Mahindra Mutual Fund,Equity Scheme - Mid Cap Fund
2022-12-01,119775,Kotak Midcap Fund - Direct Plan - Growth,87.867,Kotak Mahindra Mutual Fund,Equity Scheme - Mid Cap Fund
2022-12-02,119775,Kotak Midcap Fund - Direct Plan - Growth,88.468,Kotak Mahindra Mutual Fund,Equity Scheme - Mid Cap Fund
2022-12-05,119775,Kotak Midcap Fund - Direct Plan - Growth,88.238,Kotak Mahindra Mutual Fund,Equity Scheme - Mid Cap Fund
2022-12-06,119775,Kotak Midcap Fund - Direct Plan - Growth,87.586,Kotak Mahindra Mutual Fund,Equity Scheme - Mid Cap Fund
2022-12-07,119775,Kotak Midcap Fund - Direct Plan - Growth,87.422,Kotak Mahindra Mutual Fund,Equity Scheme - Mid Cap Fund
2022-12-08,119775,Kotak Midcap Fund - Direct Plan - Growth,87.927,Kotak Mahindra Mutual Fund,Equity Scheme - Mid Cap Fund
2022-12-09,119775,Kotak Midcap Fund - Direct Plan - Growth,87.613,Kotak Mahindra Mutual Fund,Equity Scheme - Mid Cap Fund
2022-12-12,119775,Kotak Midcap Fund - Direct Plan - Growth,87.728,Kotak Mahindra Mutual Fund,Equity Scheme - Mid Cap Fund
2022-12-13,119775,Kotak Midcap Fund - Direct Plan - Growth,87.801,Kotak Mahindra Mutual Fund,Equity Scheme - Mid Cap Fund
2022-12-14,119775,Kotak Midcap Fund - Direct Plan - Growth,88.487,Kotak Mahindra Mutual Fund,Equity Scheme - Mid Cap Fund
2022-12-15,119775,Kotak Midcap Fund - Direct Plan - Growth,87.728,Kotak Mahindra Mutual Fund,Equity Scheme - Mid Cap Fund
2022-12-16,119775,Kotak Midcap Fund - Direct Plan - Growth,86.683,Kotak Mahindra Mutual Fund,Equity Scheme - Mid Cap Fund
2022-12-19,119775,Kotak Midcap Fund - Direct Plan - Growth,87.087,Kotak Mahindra Mutual Fund,Equity Scheme - Mid Cap Fund
2022-12-20,119775,Kotak Midcap Fund - Direct Plan - Growth,87.043,Kotak Mahindra Mutual Fund,Equity Scheme - Mid Cap Fund
2022-12-21,119775,Kotak Midcap Fund - Direct Plan - Growth,85.915,Kotak Mahindra Mutual Fund,Equity Scheme - Mid Cap Fund
2022-12-22,119775,Kotak Midcap Fund - Direct Plan - Growth,85.452,Kotak Mahindra Mutual Fund,Equity Scheme - Mid Cap Fund
2022-12-23,119775,Kotak Midcap Fund - Direct Plan - Growth,83.68,Kotak Mahindra Mutual Fund,Equity Scheme - Mid Cap Fund
2022-12-26,119775,Kotak Midcap Fund - Direct Plan - Growth,85.014,Kotak Mahindra Mutual Fund,Equity Scheme - Mid Cap Fund
2022-12-27,119775,Kotak Midcap Fund - Direct Plan - Growth,85.506,Kotak Mahindra Mutual Fund,Equity Scheme - Mid Cap Fund
2022-12-28,119775,Kotak Midcap Fund - Direct Plan - Growth,85.73,Kotak Mahindra Mutual Fund,Equity Scheme - Mid Cap Fund
2022-12-29,119775,Kotak Midcap Fund - Direct Plan - Growth,85.655,Kotak Mahindra Mutual Fund,Equity Scheme - Mid Cap Fund
2022-12-30,119775,Kotak Midcap Fund - Direct Plan - Growth,85.956,Kotak Mahindra Mutual Fund,Equity Scheme - Mid Cap Fund
2023-01-02,119775,Kotak Midcap Fund - Direct Plan - Growth,86.201,Kotak Mahindra Mutual Fund,Equity Scheme - Mid Cap Fund
2023-01-03,119775,Kotak Midcap Fund - Direct Plan - Growth,86.425,Kotak Mahindra Mutual Fund,Equity Scheme - Mid Cap Fund
2023-01-04,119775,Kotak Midcap Fund - Direct Plan - Growth,85.846,Kotak Mahindra Mutual Fund,Equity Scheme - Mid Cap Fund
2023-01-05,119775,Kotak Midcap Fund - Direct Plan - Growth,86.132,Kotak Mahindra Mutual Fund,Equity Scheme - Mid Cap Fund
2023-01-06,119775,Kotak Midcap Fund - Direct Plan - Growth,85.729,Kotak Mahindra Mutual Fund,Equity Scheme - Mid Cap Fund
2023-01-09,119775,Kotak Midcap Fund - Direct Plan - Growth,86.206,Kotak Mahindra Mutual Fund,Equity Scheme - Mid Cap Fund
2023-01-10,119775,Kotak Midcap Fund - Direct Plan - Growth,86.059,Kotak Mahindra Mutual Fund,Equity Scheme - Mid Cap Fund
2023-01-11,119775,Kotak Midcap Fund - Direct Plan - Growth,85.62,Kotak Mahindra Mutual Fund,Equity Scheme - Mid Cap Fund
2023-01-12,119775,Kotak Midcap Fund - Direct Plan - Growth,85.773,Kotak Mahindra Mutual Fund,Equity Scheme - Mid Cap Fund
2023-01-13,119775,Kotak Midcap Fund - Direct Plan - Growth,85.595,Kotak Mahindra Mutual Fund,Equity Scheme - Mid Cap Fund
2023-01-16,119775,Kotak Midcap Fund - Direct Plan - Growth,85.378,Kotak Mahindra Mutual Fund,Equity Scheme - Mid Cap Fund
2023-01-17,119775,Kotak Midcap Fund - Direct Plan - Growth,85.276,Kotak Mahindra Mutual Fund,Equity Scheme - Mid Cap Fund
2023-01-18,119775,Kotak Midcap Fund - Direct Plan - Growth,85.47,Kotak Mahindra Mutual Fund,Equity Scheme - Mid Cap Fund
2023-01-19,119775,Kotak Midcap Fund - Direct Plan - Growth,85.555,Kotak Mahindra Mutual Fund,Equity Scheme - Mid Cap Fund
2023-01-20,119775,Kotak Midcap Fund - Direct Plan - Growth,84.887,Kotak Mahindra Mutual Fund,Equity Scheme - Mid Cap Fund
2023-01-23,119775,Kotak Midcap Fund - Direct Plan - Growth,84.761,Kotak Mahindra Mutual Fund,Equity Scheme - Mid Cap Fund
2023-01-24,119775,Kotak Midcap Fund - Direct Plan - Growth,84.382,Kotak Mahindra Mutual Fund,Equity Scheme - Mid Cap Fund
2023-01-25,119775,Kotak Midcap Fund - Direct Plan - Growth,83.512,Kotak Mahindra Mutual Fund,Equity Scheme - Mid Cap Fund
2023-01-27,119775,Kotak Midcap Fund - Direct Plan - Growth,83.006,Kotak Mahindra Mutual Fund,Equity Scheme - Mid Cap Fund
2023-01-30,119775,Kotak Midcap Fund - Direct Plan - Growth,83.077,Kotak Mahindra Mutual Fund,Equity Scheme - Mid Cap Fund
2023-01-31,119775,Kotak Midcap Fund - Direct Plan - Growth,84.128,Kotak Mahindra Mutual Fund,Equity Scheme - Mid Cap Fund
2023-02-01,119775,Kotak Midcap Fund - Direct Plan - Growth,83.989,Kotak Mahindra Mutual Fund,Equity Scheme - Mid Cap Fund
2023-02-02,119775,Kotak Midcap Fund - Direct Plan - Growth,84.319,Kotak Mahindra Mutual Fund,Equity Scheme - Mid Cap Fund
2023-02-03,119775,Kotak Midcap Fund - Direct Plan - Growth,84.265,Kotak Mahindra Mutual Fund,Equity Scheme - Mid Cap Fund
2023-02-06,119775,Kotak Midcap Fund - Direct Plan - Growth,84.724,Kotak Mahindra Mutual Fund,Equity Scheme - Mid Cap Fund
2023-02-07,119775,Kotak Midcap Fund - Direct Plan - Growth,84.658,Kotak Mahindra Mutual Fund,Equity Scheme - Mid Cap Fund
2023-02-08,119775,Kotak Midcap Fund - Direct Plan - Growth,85.426,Kotak Mahindra Mutual Fund,Equity Scheme - Mid Cap Fund
2023-02-09,119775,Kotak Midcap Fund - Direct Plan - Growth,85.654,Kotak Mahindra Mutual Fund,Equity Scheme - Mid Cap Fund
2023-02-10,119775,Kotak Midcap Fund - Direct Plan - Growth,85.953,Kotak Mahindra Mutual Fund,Equity Scheme - Mid Cap Fund
2023-02-13,119775,Kotak Midcap Fund - Direct Plan - Growth,85.087,Kotak Mahindra Mutual Fund,Equity Scheme - Mid Cap Fund
2023-02-14,119775,Kotak Midcap Fund - Direct Plan - Growth,84.755,Kotak Mahindra Mutual Fund,Equity Scheme - Mid Cap Fund
2023-02-15,119775,Kotak Midcap Fund - Direct Plan - Growth,85.167,Kotak Mahindra Mutual Fund,Equity Scheme - Mid Cap Fund
2023-02-16,119775,Kotak Midcap Fund - Direct Plan - Growth,86.358,Kotak Mahindra Mutual Fund,Equity Scheme - Mid Cap Fund
2023-02-17,119775,Kotak Midcap Fund - Direct Plan - Growth,86.07,Kotak Mahindra Mutual Fund,Equity Scheme - Mid Cap Fund
2023-02-20,119775,Kotak Midcap Fund - Direct Plan - Growth,85.842,Kotak Mahindra Mutual Fund,Equity Scheme - Mid Cap Fund
2023-02-21,119775,Kotak Midcap Fund - Direct Plan - Growth,85.761,Kotak Mahindra Mutual Fund,Equity Scheme - Mid Cap Fund
2023-02-22,119775,Kotak Midcap Fund - Direct Plan - Growth,85.418,Kotak Mahindra Mutual Fund,Equity Scheme - Mid Cap Fund
2023-02-23,119775,Kotak Midcap Fund - Direct Plan - Growth,85.031,Kotak Mahindra Mutual Fund,Equity Scheme - Mid Cap Fund
2023-02-24,119775,Kotak Midcap Fund - Direct Plan - Growth,84.971,Kotak Mahindra Mutual Fund,Equity Scheme - Mid Cap Fund
2023-02-27,119775,Kotak Midcap Fund - Direct Plan - Growth,84.649,Kotak Mahindra Mutual Fund,Equity Scheme - Mid Cap Fund
2023-02-28,119775,Kotak Midcap Fund - Direct Plan - Growth,84.886,Kotak Mahindra Mutual Fund,Equity Scheme - Mid Cap Fund
2023-03-01,119775,Kotak Midcap Fund - Direct Plan - Growth,85.871,Kotak Mahindra Mutual Fund,Equity Scheme - Mid Cap Fund
2023-03-02,119775,Kotak Midcap Fund - Direct Plan - Growth,85.636,Kotak Mahindra Mutual Fund,Equity Scheme - Mid Cap Fund
2023-03-03,119775,Kotak Midcap Fund - Direct Plan - Growth,85.791,Kotak Mahindra Mutual Fund,Equity Scheme - Mid Cap Fund
2023-03-06,119775,Kotak Midcap Fund - Direct Plan - Growth,86.172,Kotak Mahindra Mutual Fund,Equity Scheme - Mid Cap Fund
2023-03-08,119775,Kotak Midcap Fund - Direct Plan - Growth,86.334,Kotak Mahindra Mutual Fund,Equity Scheme - Mid Cap Fund
2023-03-09,119775,Kotak Midcap Fund - Direct Plan - Growth,85.868,Kotak Mahindra Mutual Fund,Equity Scheme - Mid Cap Fund
2023-03-10,119775,Kotak Midcap Fund - Direct Plan - Growth,85.525,Kotak Mahindra Mutual Fund,Equity Scheme - Mid Cap Fund
2023-03-13,119775,Kotak Midcap Fund - Direct Plan - Growth,84.243,Kotak Mahindra Mutual Fund,Equity Scheme - Mid Cap Fund
2023-03-14,119775,Kotak Midcap Fund - Direct Plan - Growth,83.696,Kotak Mahindra Mutual Fund,Equity Scheme - Mid Cap Fund
2023-03-15,119775,Kotak Midcap Fund - Direct Plan - Growth,83.575,Kotak Mahindra Mutual Fund,Equity Scheme - Mid Cap Fund
2023-03-16,119775,Kotak Midcap Fund - Direct Plan - Growth,83.479,Kotak Mahindra Mutual Fund,Equity Scheme - Mid Cap Fund
2023-03-17,119775,Kotak Midcap Fund - Direct Plan - Growth,84.158,Kotak Mahindra Mutual Fund,Equity Scheme - Mid Cap Fund
2023-03-20,119775,Kotak Midcap Fund - Direct Plan - Growth,83.37,Kotak Mahindra Mutual Fund,Equity Scheme - Mid Cap Fund
2023-03-21,119775,Kotak Midcap Fund - Direct Plan - Growth,83.573,Kotak Mahindra Mutual Fund,Equity Scheme - Mid Cap Fund
2023-03-22,119775,Kotak Midcap Fund - Direct Plan - Growth,83.739,Kotak Mahindra Mutual Fund,Equity Scheme - Mid Cap Fund
2023-03-23,119775,Kotak Midcap Fund - Direct Plan - Growth,83.468,Kotak Mahindra Mutual Fund,Equity Scheme - Mid Cap Fund
2023-03-24,119775,Kotak Midcap Fund - Direct Plan - Growth,82.835,Kotak Mahindra Mutual Fund,Equity Scheme - Mid Cap Fund
2023-03-27,119775,Kotak Midcap Fund - Direct Plan - Growth,82.242,Kotak Mahindra Mutual Fund,Equity Scheme - Mid Cap Fund
2023-03-28,119775,Kotak Midcap Fund - Direct Plan - Growth,82.207,Kotak Mahindra Mutual Fund,Equity Scheme - Mid Cap Fund
2023-03-29,119775,Kotak Midcap Fund - Direct Plan - Growth,82.923,Kotak Mahindra Mutual Fund,Equity Scheme - Mid Cap Fund
2023-03-31,119775,Kotak Midcap Fund - Direct Plan - Growth,83.856,Kotak Mahindra Mutual Fund,Equity Scheme - Mid Cap Fund
2023-04-03,119775,Kotak Midcap Fund - Direct Plan - Growth,83.897,Kotak Mahindra Mutual Fund,Equity Scheme - Mid Cap Fund
2023-04-05,119775,Kotak Midcap Fund - Direct Plan - Growth,84.117,Kotak Mahindra Mutual Fund,Equity Scheme - Mid Cap Fund
2023-04-06,119775,Kotak Midcap Fund - Direct Plan - Growth,84.689,Kotak Mahindra Mutual Fund,Equity Scheme - Mid Cap Fund
2023-04-10,119775,Kotak Midcap Fund - Direct Plan - Growth,84.859,Kotak Mahindra Mutual Fund,Equity Scheme - Mid Cap Fund
2023-04-11,119775,Kotak Midcap Fund - Direct Plan - Growth,84.944,Kotak Mahindra Mutual Fund,Equity Scheme - Mid Cap Fund
2023-04-12,119775,Kotak Midcap Fund - Direct Plan - Growth,85.221,Kotak Mahindra Mutual Fund,Equity Scheme - Mid Cap Fund
2023-04-13,119775,Kotak Midcap Fund - Direct Plan - Growth,85.382,Kotak Mahindra Mutual Fund,Equity Scheme - Mid Cap Fund
2023-04-17,119775,Kotak Midcap Fund - Direct Plan - Growth,85.514,Kotak Mahindra Mutual Fund,Equity Scheme - Mid Cap Fund
2023-04-18,119775,Kotak Midcap Fund - Direct Plan - Growth,85.801,Kotak Mahindra Mutual Fund,Equity Scheme - Mid Cap Fund
2023-04-19,119775,Kotak Midcap Fund - Direct Plan - Growth,85.489,Kotak Mahindra Mutual Fund,Equity Scheme - Mid Cap Fund
2023-04-20,119775,Kotak Midcap Fund - Direct Plan - Growth,85.672,Kotak Mahindra Mutual Fund,Equity Scheme - Mid Cap Fund
2023-04-21,119775,Kotak Midcap Fund - Direct Plan - Growth,85.484,Kotak Mahindra Mutual Fund,Equity Scheme - Mid Cap Fund
2023-04-24,119775,Kotak Midcap Fund - Direct Plan - Growth,85.657,Kotak Mahindra Mutual Fund,Equity Scheme - Mid Cap Fund
2023-04-25,119775,Kotak Midcap Fund - Direct Plan - Growth,85.519,Kotak Mahindra Mutual Fund,Equity Scheme - Mid Cap Fund
2023-04-26,119775,Kotak Midcap Fund - Direct Plan - Growth,85.405,Kotak Mahindra Mutual Fund,Equity Scheme - Mid Cap Fund
2023-04-27,119775,Kotak Midcap Fund - Direct Plan - Growth,85.697,Kotak Mahindra Mutual Fund,Equity Scheme - Mid Cap Fund
2023-04-28,119775,Kotak Midcap Fund - Direct Plan - Growth,86.591,Kotak Mahindra Mutual Fund,Equity Scheme - Mid Cap Fund
2023-05-02,119775,Kotak Midcap Fund - Direct Plan - Growth,86.798,Kotak Mahindra Mutual Fund,Equity Scheme - Mid Cap Fund
2023-05-03,119775,Kotak Midcap Fund - Direct Plan - Growth,86.888,Kotak Mahindra Mutual Fund,Equity Scheme - Mid Cap Fund
2023-05-04,119775,Kotak Midcap Fund - Direct Plan - Growth,87.622,Kotak Mahindra Mutual Fund,Equity Scheme - Mid Cap Fund
2023-05-05,119775,Kotak Midcap Fund - Direct Plan - Growth,87.088,Kotak Mahindra Mutual Fund,Equity Scheme - Mid Cap Fund
2023-05-08,119775,Kotak Midcap Fund - Direct Plan - Growth,87.737,Kotak Mahindra Mutual Fund,Equity Scheme - Mid Cap Fund
2023-05-09,119775,Kotak Midcap Fund - Direct Plan - Growth,87.81,Kotak Mahindra Mutual Fund,Equity Scheme - Mid Cap Fund
2023-05-10,119775,Kotak Midcap Fund - Direct Plan - Growth,87.795,Kotak Mahindra Mutual Fund,Equity Scheme - Mid Cap Fund
2023-05-11,119775,Kotak Midcap Fund - Direct Plan - Growth,88.119,Kotak Mahindra Mutual Fund,Equity Scheme - Mid Cap Fund
2023-05-12,119775,Kotak Midcap Fund - Direct Plan - Growth,88.042,Kotak Mahindra Mutual Fund,Equity Scheme - Mid Cap Fund
2023-05-15,119775,Kotak Midcap Fund - Direct Plan - Growth,88.356,Kotak Mahindra Mutual Fund,Equity Scheme - Mid Cap Fund
2023-05-16,119775,Kotak Midcap Fund - Direct Plan - Growth,88.47,Kotak Mahindra Mutual Fund,Equity Scheme - Mid Cap Fund
2023-05-17,119775,Kotak Midcap Fund - Direct Plan - Growth,88.46,Kotak Mahindra Mutual Fund,Equity Scheme - Mid Cap Fund
2023-05-18,119775,Kotak Midcap Fund - Direct Plan - Growth,87.821,Kotak Mahindra Mutual Fund,Equity Scheme - Mid Cap Fund
2023-05-19,119775,Kotak Midcap Fund - Direct Plan - Growth,87.951,Kotak Mahindra Mutual Fund,Equity Scheme - Mid Cap Fund
2023-05-22,119775,Kotak Midcap Fund - Direct Plan - Growth,88.44,Kotak Mahindra Mutual Fund,Equity Scheme - Mid Cap Fund
2023-05-23,119775,Kotak Midcap Fund - Direct Plan - Growth,88.825,Kotak Mahindra Mutual Fund,Equity Scheme - Mid Cap Fund
2023-05-24,119775,Kotak Midcap Fund - Direct Plan - Growth,88.609,Kotak Mahindra Mutual Fund,Equity Scheme - Mid Cap Fund
2023-05-25,119775,Kotak Midcap Fund - Direct Plan - Growth,89.053,Kotak Mahindra Mutual Fund,Equity Scheme - Mid Cap Fund
2023-05-26,119775,Kotak Midcap Fund - Direct Plan - Growth,89.718,Kotak Mahindra Mutual Fund,Equity Scheme - Mid Cap Fund
2023-05-29,119775,Kotak Midcap Fund - Direct Plan - Growth,90.073,Kotak Mahindra Mutual Fund,Equity Scheme - Mid Cap Fund
2023-05-30,119775,Kotak Midcap Fund - Direct Plan - Growth,90.364,Kotak Mahindra Mutual Fund,Equity Scheme - Mid Cap Fund
2023-05-31,119775,Kotak Midcap Fund - Direct Plan - Growth,90.639,Kotak Mahindra Mutual Fund,Equity Scheme - Mid Cap Fund
2023-06-01,119775,Kotak Midcap Fund - Direct Plan - Growth,90.693,Kotak Mahindra Mutual Fund,Equity Scheme - Mid Cap Fund
2023-06-02,119775,Kotak Midcap Fund - Direct Plan - Growth,91.002,Kotak Mahindra Mutual Fund,Equity Scheme - Mid Cap Fund
2023-06-05,119775,Kotak Midcap Fund - Direct Plan - Growth,91.33,Kotak Mahindra Mutual Fund,Equity Scheme - Mid Cap Fund
2023-06-06,119775,Kotak Midcap Fund - Direct Plan - Growth,91.541,Kotak Mahindra Mutual Fund,Equity Scheme - Mid Cap Fund
2023-06-07,119775,Kotak Midcap Fund - Direct Plan - Growth,92.434,Kotak Mahindra Mutual Fund,Equity Scheme - Mid Cap Fund
2023-06-08,119775,Kotak Midcap Fund - Direct Plan - Growth,91.945,Kotak Mahindra Mutual Fund,Equity Scheme - Mid Cap Fund
2023-06-09,119775,Kotak Midcap Fund - Direct Plan - Growth,91.734,Kotak Mahindra Mutual Fund,Equity Scheme - Mid Cap Fund
2023-06-12,119775,Kotak Midcap Fund - Direct Plan - Growth,92.222,Kotak Mahindra Mutual Fund,Equity Scheme - Mid Cap Fund
2023-06-13,119775,Kotak Midcap Fund - Direct Plan - Growth,93.114,Kotak Mahindra Mutual Fund,Equity Scheme - Mid Cap Fund
2023-06-14,119775,Kotak Midcap Fund - Direct Plan - Growth,93.48,Kotak Mahindra Mutual Fund,Equity Scheme - Mid Cap Fund
2023-06-15,119775,Kotak Midcap Fund - Direct Plan - Growth,93.372,Kotak Mahindra Mutual Fund,Equity Scheme - Mid Cap Fund
2023-06-16,119775,Kotak Midcap Fund - Direct Plan - Growth,94.178,Kotak Mahindra Mutual Fund,Equity Scheme - Mid Cap Fund
2023-06-19,119775,Kotak Midcap Fund - Direct Plan - Growth,94.221,Kotak Mahindra Mutual Fund,Equity Scheme - Mid Cap Fund
2023-06-20,119775,Kotak Midcap Fund - Direct Plan - Growth,94.723,Kotak Mahindra Mutual Fund,Equity Scheme - Mid Cap Fund
2023-06-21,119775,Kotak Midcap Fund - Direct Plan - Growth,94.97,Kotak Mahindra Mutual Fund,Equity Scheme - Mid Cap Fund
2023-06-22,119775,Kotak Midcap Fund - Direct Plan - Growth,94.683,Kotak Mahindra Mutual Fund,Equity Scheme - Mid Cap Fund
2023-06-23,119775,Kotak Midcap Fund - Direct Plan - Growth,93.626,Kotak Mahindra Mutual Fund,Equity Scheme - Mid Cap Fund
2023-06-26,119775,Kotak Midcap Fund - Direct Plan - Growth,94.106,Kotak Mahindra Mutual Fund,Equity Scheme - Mid Cap Fund
2023-06-27,119775,Kotak Midcap Fund - Direct Plan - Growth,94.205,Kotak Mahindra Mutual Fund,Equity Scheme - Mid Cap Fund
2023-06-28,119775,Kotak Midcap Fund - Direct Plan - Growth,94.548,Kotak Mahindra Mutual Fund,Equity Scheme - Mid Cap Fund
2023-06-30,119775,Kotak Midcap Fund - Direct Plan - Growth,95.149,Kotak Mahindra Mutual Fund,Equity Scheme - Mid Cap Fund
2023-07-03,119775,Kotak Midcap Fund - Direct Plan - Growth,95.031,Kotak Mahindra Mutual Fund,Equity Scheme - Mid Cap Fund
2023-07-04,119775,Kotak Midcap Fund - Direct Plan - Growth,94.969,Kotak Mahindra Mutual Fund,Equity Scheme - Mid Cap Fund
2023-07-05,119775,Kotak Midcap Fund - Direct Plan - Growth,95.289,Kotak Mahindra Mutual Fund,Equity Scheme - Mid Cap Fund
2023-07-06,119775,Kotak Midcap Fund - Direct Plan - Growth,95.896,Kotak Mahindra Mutual Fund,Equity Scheme - Mid Cap Fund
2023-07-07,119775,Kotak Midcap Fund - Direct Plan - Growth,95.123,Kotak Mahindra Mutual Fund,Equity Scheme - Mid Cap Fund
2023-07-10,119775,Kotak Midcap Fund - Direct Plan - Growth,94.774,Kotak Mahindra Mutual Fund,Equity Scheme - Mid Cap Fund
2023-07-11,119775,Kotak Midcap Fund - Direct Plan - Growth,95.271,Kotak Mahindra Mutual Fund,Equity Scheme - Mid Cap Fund
2023-07-12,119775,Kotak Midcap Fund - Direct Plan - Growth,95.583,Kotak Mahindra Mutual Fund,Equity Scheme - Mid Cap Fund
2023-07-13,119775,Kotak Midcap Fund - Direct Plan - Growth,95.411,Kotak Mahindra Mutual Fund,Equity Scheme - Mid Cap Fund
2023-07-14,119775,Kotak Midcap Fund - Direct Plan - Growth,96.13,Kotak Mahindra Mutual Fund,Equity Scheme - Mid Cap Fund
2023-07-17,119775,Kotak Midcap Fund - Direct Plan - Growth,96.901,Kotak Mahindra Mutual Fund,Equity Scheme - Mid Cap Fund
2023-07-18,119775,Kotak Midcap Fund - Direct Plan - Growth,96.907,Kotak Mahindra Mutual Fund,Equity Scheme - Mid Cap Fund
2023-07-19,119775,Kotak Midcap Fund - Direct Plan - Growth,97.396,Kotak Mahindra Mutual Fund,Equity Scheme - Mid Cap Fund
2023-07-20,119775,Kotak Midcap Fund - Direct Plan - Growth,97.303,Kotak Mahindra Mutual Fund,Equity Scheme - Mid Cap Fund
2023-07-21,119775,Kotak Midcap Fund - Direct Plan - Growth,97.221,Kotak Mahindra Mutual Fund,Equity Scheme - Mid Cap Fund
2023-07-24,119775,Kotak Midcap Fund - Direct Plan - Growth,97.145,Kotak Mahindra Mutual Fund,Equity Scheme - Mid Cap Fund
2023-07-25,119775,Kotak Midcap Fund - Direct Plan - Growth,97.737,Kotak Mahindra Mutual Fund,Equity Scheme - Mid Cap Fund
2023-07-26,119775,Kotak Midcap Fund - Direct Plan - Growth,97.749,Kotak Mahindra Mutual Fund,Equity Scheme - Mid Cap Fund
2023-07-27,119775,Kotak Midcap Fund - Direct Plan - Growth,97.615,Kotak Mahindra Mutual Fund,Equity Scheme - Mid Cap Fund
2023-07-28,119775,Kotak Midcap Fund - Direct Plan - Growth,97.775,Kotak Mahindra Mutual Fund,Equity Scheme - Mid Cap Fund
2023-07-31,119775,Kotak Midcap Fund - Direct Plan - Growth,99.06,Kotak Mahindra Mutual Fund,Equity Scheme - Mid Cap Fund
2023-08-01,119775,Kotak Midcap Fund - Direct Plan - Growth,99.363,Kotak Mahindra Mutual Fund,Equity Scheme - Mid Cap Fund
2023-08-02,119775,Kotak Midcap Fund - Direct Plan - Growth,98.328,Kotak Mahindra Mutual Fund,Equity Scheme - Mid Cap Fund
2023-08-03,119775,Kotak Midcap Fund - Direct Plan - Growth,97.948,Kotak Mahindra Mutual Fund,Equity Scheme - Mid Cap Fund
2023-08-04,119775,Kotak Midcap Fund - Direct Plan - Growth,98.686,Kotak Mahindra Mutual Fund,Equity Scheme - Mid Cap Fund
2023-08-07,119775,Kotak Midcap Fund - Direct Plan - Growth,99.011,Kotak Mahindra Mutual Fund,Equity Scheme - Mid Cap Fund
2023-08-08,119775,Kotak Midcap Fund - Direct Plan - Growth,99.31,Kotak Mahindra Mutual Fund,Equity Scheme - Mid Cap Fund
2023-08-09,119775,Kotak Midcap Fund - Direct Plan - Growth,99.788,Kotak Mahindra Mutual Fund,Equity Scheme - Mid Cap Fund
2023-08-10,119775,Kotak Midcap Fund - Direct Plan - Growth,99.655,Kotak Mahindra Mutual Fund,Equity Scheme - Mid Cap Fund
2023-08-11,119775,Kotak Midcap Fund - Direct Plan - Growth,99.769,Kotak Mahindra Mutual Fund,Equity Scheme - Mid Cap Fund
2023-08-14,119775,Kotak Midcap Fund - Direct Plan - Growth,99.418,Kotak Mahindra Mutual Fund,Equity Scheme - Mid Cap Fund
2023-08-16,119775,Kotak Midcap Fund - Direct Plan - Growth,99.606,Kotak Mahindra Mutual Fund,Equity Scheme - Mid Cap Fund
2023-08-17,119775,Kotak Midcap Fund - Direct Plan - Growth,99.938,Kotak Mahindra Mutual Fund,Equity Scheme - Mid Cap Fund
2023-08-18,119775,Kotak Midcap Fund - Direct Plan - Growth,99.918,Kotak Mahindra Mutual Fund,Equity Scheme - Mid Cap Fund
2023-08-21,119775,Kotak Midcap Fund - Direct Plan - Growth,100.458,Kotak Mahindra Mutual Fund,Equity Scheme - Mid Cap Fund
2023-08-22,119775,Kotak Midcap Fund - Direct Plan - Growth,101.021,Kotak Mahindra Mutual Fund,Equity Scheme - Mid Cap Fund
2023-08-23,119775,Kotak Midcap Fund - Direct Plan - Growth,101.262,Kotak Mahindra Mutual Fund,Equity Scheme - Mid Cap Fund
2023-08-24,119775,Kotak Midcap Fund - Direct Plan - Growth,101.626,Kotak Mahindra Mutual Fund,Equity Scheme - Mid Cap Fund
2023-08-25,119775,Kotak Midcap Fund - Direct Plan - Growth,101.066,Kotak Mahindra Mutual Fund,Equity Scheme - Mid Cap Fund
2023-08-28,119775,Kotak Midcap Fund - Direct Plan - Growth,101.694,Kotak Mahindra Mutual Fund,Equity Scheme - Mid Cap Fund
2023-08-29,119775,Kotak Midcap Fund - Direct Plan - Growth,102.125,Kotak Mahindra Mutual Fund,Equity Scheme - Mid Cap Fund
2023-08-30,119775,Kotak Midcap Fund - Direct Plan - Growth,102.458,Kotak Mahindra Mutual Fund,Equity Scheme - Mid Cap Fund
2023-08-31,119775,Kotak Midcap Fund - Direct Plan - Growth,102.532,Kotak Mahindra Mutual Fund,Equity Scheme - Mid Cap Fund
2023-09-01,119775,Kotak Midcap Fund - Direct Plan - Growth,102.987,Kotak Mahindra Mutual Fund,Equity Scheme - Mid Cap Fund
2023-09-04,119775,Kotak Midcap Fund - Direct Plan - Growth,103.561,Kotak Mahindra Mutual Fund,Equity Scheme - Mid Cap Fund
2023-09-05,119775,Kotak Midcap Fund - Direct Plan - Growth,104.577,Kotak Mahindra Mutual Fund,Equity Scheme - Mid Cap Fund
2023-09-06,119775,Kotak Midcap Fund - Direct Plan - Growth,104.817,Kotak Mahindra Mutual Fund,Equity Scheme - Mid Cap Fund
2023-09-07,119775,Kotak Midcap Fund - Direct Plan - Growth,105.138,Kotak Mahindra Mutual Fund,Equity Scheme - Mid Cap Fund
2023-09-08,119775,Kotak Midcap Fund - Direct Plan - Growth,105.713,Kotak Mahindra Mutual Fund,Equity Scheme - Mid Cap Fund
2023-09-11,119775,Kotak Midcap Fund - Direct Plan - Growth,106.469,Kotak Mahindra Mutual Fund,Equity Scheme - Mid Cap Fund
2023-09-12,119775,Kotak Midcap Fund - Direct Plan - Growth,104.107,Kotak Mahindra Mutual Fund,Equity Scheme - Mid Cap Fund
2023-09-13,119775,Kotak Midcap Fund - Direct Plan - Growth,103.849,Kotak Mahindra Mutual Fund,Equity Scheme - Mid Cap Fund
2023-09-14,119775,Kotak Midcap Fund - Direct Plan - Growth,104.358,Kotak Mahindra Mutual Fund,Equity Scheme - Mid Cap Fund
2023-09-15,119775,Kotak Midcap Fund - Direct Plan - Growth,104.226,Kotak Mahindra Mutual Fund,Equity Scheme - Mid Cap Fund
2023-09-18,119775,Kotak Midcap Fund - Direct Plan - Growth,104.008,Kotak Mahindra Mutual Fund,Equity Scheme - Mid Cap Fund
2023-09-20,119775,Kotak Midcap Fund - Direct Plan - Growth,103.729,Kotak Mahindra Mutual Fund,Equity Scheme - Mid Cap Fund
2023-09-21,119775,Kotak Midcap Fund - Direct Plan - Growth,102.867,Kotak Mahindra Mutual Fund,Equity Scheme - Mid Cap Fund
2023-09-22,119775,Kotak Midcap Fund - Direct Plan - Growth,102.746,Kotak Mahindra Mutual Fund,Equity Scheme - Mid Cap Fund
2023-09-25,119775,Kotak Midcap Fund - Direct Plan - Growth,103.311,Kotak Mahindra Mutual Fund,Equity Scheme - Mid Cap Fund
2023-09-26,119775,Kotak Midcap Fund - Direct Plan - Growth,103.213,Kotak Mahindra Mutual Fund,Equity Scheme - Mid Cap Fund
2023-09-27,119775,Kotak Midcap Fund - Direct Plan - Growth,103.858,Kotak Mahindra Mutual Fund,Equity Scheme - Mid Cap Fund
2023-09-29,119775,Kotak Midcap Fund - Direct Plan - Growth,103.939,Kotak Mahindra Mutual Fund,Equity Scheme - Mid Cap Fund
2023-10-03,119775,Kotak Midcap Fund - Direct Plan - Growth,104.114,Kotak Mahindra Mutual Fund,Equity Scheme - Mid Cap Fund
2023-10-04,119775,Kotak Midcap Fund - Direct Plan - Growth,103.035,Kotak Mahindra Mutual Fund,Equity Scheme - Mid Cap Fund
2023-10-05,119775,Kotak Midcap Fund - Direct Plan - Growth,103.022,Kotak Mahindra Mutual Fund,Equity Scheme - Mid Cap Fund
2023-10-06,119775,Kotak Midcap Fund - Direct Plan - Growth,103.546,Kotak Mahindra Mutual Fund,Equity Scheme - Mid Cap Fund
2023-10-09,119775,Kotak Midcap Fund - Direct Plan - Growth,102.602,Kotak Mahindra Mutual Fund,Equity Scheme - Mid Cap Fund
2023-10-10,119775,Kotak Midcap Fund - Direct Plan - Growth,103.574,Kotak Mahindra Mutual Fund,Equity Scheme - Mid Cap Fund
2023-10-11,119775,Kotak Midcap Fund - Direct Plan - Growth,104.25,Kotak Mahindra Mutual Fund,Equity Scheme - Mid Cap Fund
2023-10-12,119775,Kotak Midcap Fund - Direct Plan - Growth,104.483,Kotak Mahindra Mutual Fund,Equity Scheme - Mid Cap Fund
2023-10-13,119775,Kotak Midcap Fund - Direct Plan - Growth,104.313,Kotak Mahindra Mutual Fund,Equity Scheme - Mid Cap Fund
2023-10-16,119775,Kotak Midcap Fund - Direct Plan - Growth,104.543,Kotak Mahindra Mutual Fund,Equity Scheme - Mid Cap Fund
2023-10-17,119775,Kotak Midcap Fund - Direct Plan - Growth,105.465,Kotak Mahindra Mutual Fund,Equity Scheme - Mid Cap Fund
2023-10-18,119775,Kotak Midcap Fund - Direct Plan - Growth,105.196,Kotak Mahindra Mutual Fund,Equity Scheme - Mid Cap Fund
2023-10-19,119775,Kotak Midcap Fund - Direct Plan - Growth,105.04,Kotak Mahindra Mutual Fund,Equity Scheme - Mid Cap Fund
2023-10-20,119775,Kotak Midcap Fund - Direct Plan - Growth,104.358,Kotak Mahindra Mutual Fund,Equity Scheme - Mid Cap Fund
2023-10-23,119775,Kotak Midcap Fund - Direct Plan - Growth,102.091,Kotak Mahindra Mutual Fund,Equity Scheme - Mid Cap Fund
2023-10-25,119775,Kotak Midcap Fund - Direct Plan - Growth,102.01,Kotak Mahindra Mutual Fund,Equity Scheme - Mid Cap Fund
2023-10-26,119775,Kotak Midcap Fund - Direct Plan - Growth,100.852,Kotak Mahindra Mutual Fund,Equity Scheme - Mid Cap Fund
2023-10-27,119775,Kotak Midcap Fund - Direct Plan - Growth,101.9,Kotak Mahindra Mutual Fund,Equity Scheme - Mid Cap Fund
2023-10-30,119775,Kotak Midcap Fund - Direct Plan - Growth,101.998,Kotak Mahindra Mutual Fund,Equity Scheme - Mid Cap Fund
2023-10-31,119775,Kotak Midcap Fund - Direct Plan - Growth,101.902,Kotak Mahindra Mutual Fund,Equity Scheme - Mid Cap Fund
2023-11-01,119775,Kotak Midcap Fund - Direct Plan - Growth,101.847,Kotak Mahindra Mutual Fund,Equity Scheme - Mid Cap Fund
2023-11-02,119775,Kotak Midcap Fund - Direct Plan - Growth,102.406,Kotak Mahindra Mutual Fund,Equity Scheme - Mid Cap Fund
2023-11-03,119775,Kotak Midcap Fund - Direct Plan - Growth,103.284,Kotak Mahindra Mutual Fund,Equity Scheme - Mid Cap Fund
2023-11-06,119775,Kotak Midcap Fund - Direct Plan - Growth,104.257,Kotak Mahindra Mutual Fund,Equity Scheme - Mid Cap Fund
2023-11-07,119775,Kotak Midcap Fund - Direct Plan - Growth,104.627,Kotak Mahindra Mutual Fund,Equity Scheme - Mid Cap Fund
2023-11-08,119775,Kotak Midcap Fund - Direct Plan - Growth,105.591,Kotak Mahindra Mutual Fund,Equity Scheme - Mid Cap Fund
2023-11-09,119775,Kotak Midcap Fund - Direct Plan - Growth,105.364,Kotak Mahindra Mutual Fund,Equity Scheme - Mid Cap Fund
2023-11-10,119775,Kotak Midcap Fund - Direct Plan - Growth,105.418,Kotak Mahindra Mutual Fund,Equity Scheme - Mid Cap Fund
2023-11-13,119775,Kotak Midcap Fund - Direct Plan - Growth,105.723,Kotak Mahindra Mutual Fund,Equity Scheme - Mid Cap Fund
2023-11-15,119775,Kotak Midcap Fund - Direct Plan - Growth,106.589,Kotak Mahindra Mutual Fund,Equity Scheme - Mid Cap Fund
2023-11-16,119775,Kotak Midcap Fund - Direct Plan - Growth,107.141,Kotak Mahindra Mutual Fund,Equity Scheme - Mid Cap Fund
2023-11-17,119775,Kotak Midcap Fund - Direct Plan - Growth,107.634,Kotak Mahindra Mutual Fund,Equity Scheme - Mid Cap Fund
2023-11-20,119775,Kotak Midcap Fund - Direct Plan - Growth,107.253,Kotak Mahindra Mutual Fund,Equity Scheme - Mid Cap Fund
2023-11-21,119775,Kotak Midcap Fund - Direct Plan - Growth,107.431,Kotak Mahindra Mutual Fund,Equity Scheme - Mid Cap Fund
2023-11-22,119775,Kotak Midcap Fund - Direct Plan - Growth,107.088,Kotak Mahindra Mutual Fund,Equity Scheme - Mid Cap Fund
2023-11-23,119775,Kotak Midcap Fund - Direct Plan - Growth,107.381,Kotak Mahindra Mutual Fund,Equity Scheme - Mid Cap Fund
2023-11-24,119775,Kotak Midcap Fund - Direct Plan - Growth,107.403,Kotak Mahindra Mutual Fund,Equity Scheme - Mid Cap Fund
2023-11-28,119775,Kotak Midcap Fund - Direct Plan - Growth,107.471,Kotak Mahindra Mutual Fund,Equity Scheme - Mid Cap Fund
2023-11-29,119775,Kotak Midcap Fund - Direct Plan - Growth,108.116,Kotak Mahindra Mutual Fund,Equity Scheme - Mid Cap Fund
2023-11-30,119775,Kotak Midcap Fund - Direct Plan - Growth,109.04,Kotak Mahindra Mutual Fund,Equity Scheme - Mid Cap Fund
2023-12-01,119775,Kotak Midcap Fund - Direct Plan - Growth,109.694,Kotak Mahindra Mutual Fund,Equity Scheme - Mid Cap Fund
2023-12-04,119775,Kotak Midcap Fund - Direct Plan - Growth,110.779,Kotak Mahindra Mutual Fund,Equity Scheme - Mid Cap Fund
2023-12-05,119775,Kotak Midcap Fund - Direct Plan - Growth,111.011,Kotak Mahindra Mutual Fund,Equity Scheme - Mid Cap Fund
2023-12-06,119775,Kotak Midcap Fund - Direct Plan - Growth,111.072,Kotak Mahindra Mutual Fund,Equity Scheme - Mid Cap Fund
2023-12-07,119775,Kotak Midcap Fund - Direct Plan - Growth,111.283,Kotak Mahindra Mutual Fund,Equity Scheme - Mid Cap Fund
2023-12-08,119775,Kotak Midcap Fund - Direct Plan - Growth,110.916,Kotak Mahindra Mutual Fund,Equity Scheme - Mid Cap Fund
2023-12-11,119775,Kotak Midcap Fund - Direct Plan - Growth,111.723,Kotak Mahindra Mutual Fund,Equity Scheme - Mid Cap Fund
2023-12-12,119775,Kotak Midcap Fund - Direct Plan - Growth,110.75,Kotak Mahindra Mutual Fund,Equity Scheme - Mid Cap Fund
2023-12-13,119775,Kotak Midcap Fund - Direct Plan - Growth,111.123,Kotak Mahindra Mutual Fund,Equity Scheme - Mid Cap Fund
2023-12-14,119775,Kotak Midcap Fund - Direct Plan - Growth,112.151,Kotak Mahindra Mutual Fund,Equity Scheme - Mid Cap Fund
2023-12-15,119775,Kotak Midcap Fund - Direct Plan - Growth,112.878,Kotak Mahindra Mutual Fund,Equity Scheme - Mid Cap Fund
2023-12-18,119775,Kotak Midcap Fund - Direct Plan - Growth,113.251,Kotak Mahindra Mutual Fund,Equity Scheme - Mid Cap Fund
2023-12-19,119775,Kotak Midcap Fund - Direct Plan - Growth,113.076,Kotak Mahindra Mutual Fund,Equity Scheme - Mid Cap Fund
2023-12-20,119775,Kotak Midcap Fund - Direct Plan - Growth,110.921,Kotak Mahindra Mutual Fund,Equity Scheme - Mid Cap Fund
2023-12-21,119775,Kotak Midcap Fund - Direct Plan - Growth,111.661,Kotak Mahindra Mutual Fund,Equity Scheme - Mid Cap Fund
2023-12-22,119775,Kotak Midcap Fund - Direct Plan - Growth,112.754,Kotak Mahindra Mutual Fund,Equity Scheme - Mid Cap Fund
2023-12-26,119775,Kotak Midcap Fund - Direct Plan - Growth,113.278,Kotak Mahindra Mutual Fund,Equity Scheme - Mid Cap Fund
2023-12-27,119775,Kotak Midcap Fund - Direct Plan - Growth,113.502,Kotak Mahindra Mutual Fund,Equity Scheme - Mid Cap Fund
2023-12-28,119775,Kotak Midcap Fund - Direct Plan - Growth,113.88,Kotak Mahindra Mutual Fund,Equity Scheme - Mid Cap Fund
2023-12-29,119775,Kotak Midcap Fund - Direct Plan - Growth,114.341,Kotak Mahindra Mutual Fund,Equity Scheme - Mid Cap Fund
2024-01-01,119775,Kotak Midcap Fund - Direct Plan - Growth,114.351,Kotak Mahindra Mutual Fund,Equity Scheme - Mid Cap Fund
2024-01-02,119775,Kotak Midcap Fund - Direct Plan - Growth,113.922,Kotak Mahindra Mutual Fund,Equity Scheme - Mid Cap Fund
2024-01-03,119775,Kotak Midcap Fund - Direct Plan - Growth,113.987,Kotak Mahindra Mutual Fund,Equity Scheme - Mid Cap Fund
2024-01-04,119775,Kotak Midcap Fund - Direct Plan - Growth,114.698,Kotak Mahindra Mutual Fund,Equity Scheme - Mid Cap Fund
2024-01-05,119775,Kotak Midcap Fund - Direct Plan - Growth,115.169,Kotak Mahindra Mutual Fund,Equity Scheme - Mid Cap Fund
2024-01-08,119775,Kotak Midcap Fund - Direct Plan - Growth,114.225,Kotak Mahindra Mutual Fund,Equity Scheme - Mid Cap Fund
2024-01-09,119775,Kotak Midcap Fund - Direct Plan - Growth,114.504,Kotak Mahindra Mutual Fund,Equity Scheme - Mid Cap Fund
2024-01-10,119775,Kotak Midcap Fund - Direct Plan - Growth,114.767,Kotak Mahindra Mutual Fund,Equity Scheme - Mid Cap Fund
2024-01-11,119775,Kotak Midcap Fund - Direct Plan - Growth,115.859,Kotak Mahindra Mutual Fund,Equity Scheme - Mid Cap Fund
2024-01-12,119775,Kotak Midcap Fund - Direct Plan - Growth,116.154,Kotak Mahindra Mutual Fund,Equity Scheme - Mid Cap Fund
2024-01-15,119775,Kotak Midcap Fund - Direct Plan - Growth,116.337,Kotak Mahindra Mutual Fund,Equity Scheme - Mid Cap Fund
2024-01-16,119775,Kotak Midcap Fund - Direct Plan - Growth,115.84,Kotak Mahindra Mutual Fund,Equity Scheme - Mid Cap Fund
2024-01-17,119775,Kotak Midcap Fund - Direct Plan - Growth,114.464,Kotak Mahindra Mutual Fund,Equity Scheme - Mid Cap Fund
2024-01-18,119775,Kotak Midcap Fund - Direct Plan - Growth,114.004,Kotak Mahindra Mutual Fund,Equity Scheme - Mid Cap Fund
2024-01-19,119775,Kotak Midcap Fund - Direct Plan - Growth,114.969,Kotak Mahindra Mutual Fund,Equity Scheme - Mid Cap Fund
2024-01-23,119775,Kotak Midcap Fund - Direct Plan - Growth,112.634,Kotak Mahindra Mutual Fund,Equity Scheme - Mid Cap Fund
2024-01-24,119775,Kotak Midcap Fund - Direct Plan - Growth,113.722,Kotak Mahindra Mutual Fund,Equity Scheme - Mid Cap Fund
2024-01-25,119775,Kotak Midcap Fund - Direct Plan - Growth,112.943,Kotak Mahindra Mutual Fund,Equity Scheme - Mid Cap Fund
2024-01-29,119775,Kotak Midcap Fund - Direct Plan - Growth,114.285,Kotak Mahindra Mutual Fund,Equity Scheme - Mid Cap Fund
2024-01-30,119775,Kotak Midcap Fund - Direct Plan - Growth,113.553,Kotak Mahindra Mutual Fund,Equity Scheme - Mid Cap Fund
2024-01-31,119775,Kotak Midcap Fund - Direct Plan - Growth,115.225,Kotak Mahindra Mutual Fund,Equity Scheme - Mid Cap Fund
2024-02-01,119775,Kotak Midcap Fund - Direct Plan - Growth,114.505,Kotak Mahindra Mutual Fund,Equity Scheme - Mid Cap Fund
2024-02-02,119775,Kotak Midcap Fund - Direct Plan - Growth,115.018,Kotak Mahindra Mutual Fund,Equity Scheme - Mid Cap Fund
2024-02-05,119775,Kotak Midcap Fund - Direct Plan - Growth,115.037,Kotak Mahindra Mutual Fund,Equity Scheme - Mid Cap Fund
2024-02-06,119775,Kotak Midcap Fund - Direct Plan - Growth,116.434,Kotak Mahindra Mutual Fund,Equity Scheme - Mid Cap Fund
2024-02-07,119775,Kotak Midcap Fund - Direct Plan - Growth,116.866,Kotak Mahindra Mutual Fund,Equity Scheme - Mid Cap Fund
2024-02-08,119775,Kotak Midcap Fund - Direct Plan - Growth,116.452,Kotak Mahindra Mutual Fund,Equity Scheme - Mid Cap Fund
2024-02-09,119775,Kotak Midcap Fund - Direct Plan - Growth,115.704,Kotak Mahindra Mutual Fund,Equity Scheme - Mid Cap Fund
2024-02-12,119775,Kotak Midcap Fund - Direct Plan - Growth,113.733,Kotak Mahindra Mutual Fund,Equity Scheme - Mid Cap Fund
2024-02-13,119775,Kotak Midcap Fund - Direct Plan - Growth,114.082,Kotak Mahindra Mutual Fund,Equity Scheme - Mid Cap Fund
2024-02-14,119775,Kotak Midcap Fund - Direct Plan - Growth,114.691,Kotak Mahindra Mutual Fund,Equity Scheme - Mid Cap Fund
2024-02-15,119775,Kotak Midcap Fund - Direct Plan - Growth,115.582,Kotak Mahindra Mutual Fund,Equity Scheme - Mid Cap Fund
2024-02-16,119775,Kotak Midcap Fund - Direct Plan - Growth,116.809,Kotak Mahindra Mutual Fund,Equity Scheme - Mid Cap Fund
2024-02-19,119775,Kotak Midcap Fund - Direct Plan - Growth,117.195,Kotak Mahindra Mutual Fund,Equity Scheme - Mid Cap Fund
2024-02-20,119775,Kotak Midcap Fund - Direct Plan - Growth,116.929,Kotak Mahindra Mutual Fund,Equity Scheme - Mid Cap Fund
2024-02-21,119775,Kotak Midcap Fund - Direct Plan - Growth,116.18,Kotak Mahindra Mutual Fund,Equity Scheme - Mid Cap Fund
2024-02-22,119775,Kotak Midcap Fund - Direct Plan - Growth,117.122,Kotak Mahindra Mutual Fund,Equity Scheme - Mid Cap Fund
2024-02-23,119775,Kotak Midcap Fund - Direct Plan - Growth,117.847,Kotak Mahindra Mutual Fund,Equity Scheme - Mid Cap Fund
2024-02-26,119775,Kotak Midcap Fund - Direct Plan - Growth,117.503,Kotak Mahindra Mutual Fund,Equity Scheme - Mid Cap Fund
2024-02-27,119775,Kotak Midcap Fund - Direct Plan - Growth,117.628,Kotak Mahindra Mutual Fund,Equity Scheme - Mid Cap Fund
2024-02-28,119775,Kotak Midcap Fund - Direct Plan - Growth,116.221,Kotak Mahindra Mutual Fund,Equity Scheme - Mid Cap Fund
2024-02-29,119775,Kotak Midcap Fund - Direct Plan - Growth,117.03,Kotak Mahindra Mutual Fund,Equity Scheme - Mid Cap Fund
2024-03-01,119775,Kotak Midcap Fund - Direct Plan - Growth,117.856,Kotak Mahindra Mutual Fund,Equity Scheme - Mid Cap Fund
2024-03-04,119775,Kotak Midcap Fund - Direct Plan - Growth,118.512,Kotak Mahindra Mutual Fund,Equity Scheme - Mid Cap Fund
2024-03-05,119775,Kotak Midcap Fund - Direct Plan - Growth,118.148,Kotak Mahindra Mutual Fund,Equity Scheme - Mid Cap Fund
2024-03-06,119775,Kotak Midcap Fund - Direct Plan - Growth,117.235,Kotak Mahindra Mutual Fund,Equity Scheme - Mid Cap Fund
2024-03-07,119775,Kotak Midcap Fund - Direct Plan - Growth,117.644,Kotak Mahindra Mutual Fund,Equity Scheme - Mid Cap Fund
2024-03-11,119775,Kotak Midcap Fund - Direct Plan - Growth,117.294,Kotak Mahindra Mutual Fund,Equity Scheme - Mid Cap Fund
2024-03-12,119775,Kotak Midcap Fund - Direct Plan - Growth,116.131,Kotak Mahindra Mutual Fund,Equity Scheme - Mid Cap Fund
2024-03-13,119775,Kotak Midcap Fund - Direct Plan - Growth,112.646,Kotak Mahindra Mutual Fund,Equity Scheme - Mid Cap Fund
2024-03-14,119775,Kotak Midcap Fund - Direct Plan - Growth,114.566,Kotak Mahindra Mutual Fund,Equity Scheme - Mid Cap Fund
2024-03-15,119775,Kotak Midcap Fund - Direct Plan - Growth,114.247,Kotak Mahindra Mutual Fund,Equity Scheme - Mid Cap Fund
2024-03-18,119775,Kotak Midcap Fund - Direct Plan - Growth,113.975,Kotak Mahindra Mutual Fund,Equity Scheme - Mid Cap Fund
2024-03-19,119775,Kotak Midcap Fund - Direct Plan - Growth,112.829,Kotak Mahindra Mutual Fund,Equity Scheme - Mid Cap Fund
2024-03-20,119775,Kotak Midcap Fund - Direct Plan - Growth,113.059,Kotak Mahindra Mutual Fund,Equity Scheme - Mid Cap Fund
2024-03-21,119775,Kotak Midcap Fund - Direct Plan - Growth,115.565,Kotak Mahindra Mutual Fund,Equity Scheme - Mid Cap Fund
2024-03-22,119775,Kotak Midcap Fund - Direct Plan - Growth,116.063,Kotak Mahindra Mutual Fund,Equity Scheme - Mid Cap Fund
2024-03-26,119775,Kotak Midcap Fund - Direct Plan - Growth,116.594,Kotak Mahindra Mutual Fund,Equity Scheme - Mid Cap Fund
2024-03-27,119775,Kotak Midcap Fund - Direct Plan - Growth,116.734,Kotak Mahindra Mutual Fund,Equity Scheme - Mid Cap Fund
2024-03-28,119775,Kotak Midcap Fund - Direct Plan - Growth,117.02,Kotak Mahindra Mutual Fund,Equity Scheme - Mid Cap Fund
2024-03-31,119775,Kotak Midcap Fund - Direct Plan - Growth,117.018,Kotak Mahindra Mutual Fund,Equity Scheme - Mid Cap Fund
2024-04-01,119775,Kotak Midcap Fund - Direct Plan - Growth,118.901,Kotak Mahindra Mutual Fund,Equity Scheme - Mid Cap Fund
2024-04-02,119775,Kotak Midcap Fund - Direct Plan - Growth,120.234,Kotak Mahindra Mutual Fund,Equity Scheme - Mid Cap Fund
2024-04-03,119775,Kotak Midcap Fund - Direct Plan - Growth,120.935,Kotak Mahindra Mutual Fund,Equity Scheme - Mid Cap Fund
2024-04-04,119775,Kotak Midcap Fund - Direct Plan - Growth,121.073,Kotak Mahindra Mutual Fund,Equity Scheme - Mid Cap Fund
2024-04-05,119775,Kotak Midcap Fund - Direct Plan - Growth,121.893,Kotak Mahindra Mutual Fund,Equity Scheme - Mid Cap Fund
2024-04-08,119775,Kotak Midcap Fund - Direct Plan - Growth,122.378,Kotak Mahindra Mutual Fund,Equity Scheme - Mid Cap Fund
2024-04-09,119775,Kotak Midcap Fund - Direct Plan - Growth,122.076,Kotak Mahindra Mutual Fund,Equity Scheme - Mid Cap Fund
2024-04-10,119775,Kotak Midcap Fund - Direct Plan - Growth,122.637,Kotak Mahindra Mutual Fund,Equity Scheme - Mid Cap Fund
2024-04-12,119775,Kotak Midcap Fund - Direct Plan - Growth,122.314,Kotak Mahindra Mutual Fund,Equity Scheme - Mid Cap Fund
2024-04-15,119775,Kotak Midcap Fund - Direct Plan - Growth,121.085,Kotak Mahindra Mutual Fund,Equity Scheme - Mid Cap Fund
2024-04-16,119775,Kotak Midcap Fund - Direct Plan - Growth,121.487,Kotak Mahindra Mutual Fund,Equity Scheme - Mid Cap Fund
2024-04-18,119775,Kotak Midcap Fund - Direct Plan - Growth,121.357,Kotak Mahindra Mutual Fund,Equity Scheme - Mid Cap Fund
2024-04-19,119775,Kotak Midcap Fund - Direct Plan - Growth,121.132,Kotak Mahindra Mutual Fund,Equity Scheme - Mid Cap Fund
2024-04-22,119775,Kotak Midcap Fund - Direct Plan - Growth,121.552,Kotak Mahindra Mutual Fund,Equity Scheme - Mid Cap Fund
2024-04-23,119775,Kotak Midcap Fund - Direct Plan - Growth,121.994,Kotak Mahindra Mutual Fund,Equity Scheme - Mid Cap Fund
2024-04-24,119775,Kotak Midcap Fund - Direct Plan - Growth,122.564,Kotak Mahindra Mutual Fund,Equity Scheme - Mid Cap Fund
2024-04-25,119775,Kotak Midcap Fund - Direct Plan - Growth,122.766,Kotak Mahindra Mutual Fund,Equity Scheme - Mid Cap Fund
2024-04-26,119775,Kotak Midcap Fund - Direct Plan - Growth,123.726,Kotak Mahindra Mutual Fund,Equity Scheme - Mid Cap Fund
2024-04-29,119775,Kotak Midcap Fund - Direct Plan - Growth,124.818,Kotak Mahindra Mutual Fund,Equity Scheme - Mid Cap Fund
2024-04-30,119775,Kotak Midcap Fund - Direct Plan - Growth,125.74,Kotak Mahindra Mutual Fund,Equity Scheme - Mid Cap Fund
2024-05-02,119775,Kotak Midcap Fund - Direct Plan - Growth,126.212,Kotak Mahindra Mutual Fund,Equity Scheme - Mid Cap Fund
2024-05-03,119775,Kotak Midcap Fund - Direct Plan - Growth,126.186,Kotak Mahindra Mutual Fund,Equity Scheme - Mid Cap Fund
2024-05-06,119775,Kotak Midcap Fund - Direct Plan - Growth,125.857,Kotak Mahindra Mutual Fund,Equity Scheme - Mid Cap Fund
2024-05-07,119775,Kotak Midcap Fund - Direct Plan - Growth,124.079,Kotak Mahindra Mutual Fund,Equity Scheme - Mid Cap Fund
2024-05-08,119775,Kotak Midcap Fund - Direct Plan - Growth,125.373,Kotak Mahindra Mutual Fund,Equity Scheme - Mid Cap Fund
2024-05-09,119775,Kotak Midcap Fund - Direct Plan - Growth,123.591,Kotak Mahindra Mutual Fund,Equity Scheme - Mid Cap Fund
2024-05-10,119775,Kotak Midcap Fund - Direct Plan - Growth,124.33,Kotak Mahindra Mutual Fund,Equity Scheme - Mid Cap Fund
2024-05-13,119775,Kotak Midcap Fund - Direct Plan - Growth,124.714,Kotak Mahindra Mutual Fund,Equity Scheme - Mid Cap Fund
2024-05-14,119775,Kotak Midcap Fund - Direct Plan - Growth,125.634,Kotak Mahindra Mutual Fund,Equity Scheme - Mid Cap Fund
2024-05-15,119775,Kotak Midcap Fund - Direct Plan - Growth,127.194,Kotak Mahindra Mutual Fund,Equity Scheme - Mid Cap Fund
2024-05-16,119775,Kotak Midcap Fund - Direct Plan - Growth,129.321,Kotak Mahindra Mutual Fund,Equity Scheme - Mid Cap Fund
2024-05-17,119775,Kotak Midcap Fund - Direct Plan - Growth,131.366,Kotak Mahindra Mutual Fund,Equity Scheme - Mid Cap Fund
2024-05-21,119775,Kotak Midcap Fund - Direct Plan - Growth,132.291,Kotak Mahindra Mutual Fund,Equity Scheme - Mid Cap Fund
2024-05-22,119775,Kotak Midcap Fund - Direct Plan - Growth,132.847,Kotak Mahindra Mutual Fund,Equity Scheme - Mid Cap Fund
2024-05-23,119775,Kotak Midcap Fund - Direct Plan - Growth,133.825,Kotak Mahindra Mutual Fund,Equity Scheme - Mid Cap Fund
2024-05-24,119775,Kotak Midcap Fund - Direct Plan - Growth,134.224,Kotak Mahindra Mutual Fund,Equity Scheme - Mid Cap Fund
2024-05-27,119775,Kotak Midcap Fund - Direct Plan - Growth,135.162,Kotak Mahindra Mutual Fund,Equity Scheme - Mid Cap Fund
2024-05-28,119775,Kotak Midcap Fund - Direct Plan - Growth,134.951,Kotak Mahindra Mutual Fund,Equity Scheme - Mid Cap Fund
2024-05-29,119775,Kotak Midcap Fund - Direct Plan - Growth,134.402,Kotak Mahindra Mutual Fund,Equity Scheme - Mid Cap Fund
2024-05-30,119775,Kotak Midcap Fund - Direct Plan - Growth,132.652,Kotak Mahindra Mutual Fund,Equity Scheme - Mid Cap Fund
2024-05-31,119775,Kotak Midcap Fund - Direct Plan - Growth,132.437,Kotak Mahindra Mutual Fund,Equity Scheme - Mid Cap Fund
2024-06-03,119775,Kotak Midcap Fund - Direct Plan - Growth,136.402,Kotak Mahindra Mutual Fund,Equity Scheme - Mid Cap Fund
2024-06-04,119775,Kotak Midcap Fund - Direct Plan - Growth,127.38,Kotak Mahindra Mutual Fund,Equity Scheme - Mid Cap Fund
2024-06-05,119775,Kotak Midcap Fund - Direct Plan - Growth,131.831,Kotak Mahindra Mutual Fund,Equity Scheme - Mid Cap Fund
2024-06-06,119775,Kotak Midcap Fund - Direct Plan - Growth,134.855,Kotak Mahindra Mutual Fund,Equity Scheme - Mid Cap Fund
2024-06-07,119775,Kotak Midcap Fund - Direct Plan - Growth,136.764,Kotak Mahindra Mutual Fund,Equity Scheme - Mid Cap Fund
2024-06-10,119775,Kotak Midcap Fund - Direct Plan - Growth,137.643,Kotak Mahindra Mutual Fund,Equity Scheme - Mid Cap Fund
2024-06-11,119775,Kotak Midcap Fund - Direct Plan - Growth,138.805,Kotak Mahindra Mutual Fund,Equity Scheme - Mid Cap Fund
2024-06-12,119775,Kotak Midcap Fund - Direct Plan - Growth,140.308,Kotak Mahindra Mutual Fund,Equity Scheme - Mid Cap Fund
2024-06-13,119775,Kotak Midcap Fund - Direct Plan - Growth,141.686,Kotak Mahindra Mutual Fund,Equity Scheme - Mid Cap Fund
2024-06-14,119775,Kotak Midcap Fund - Direct Plan - Growth,143.555,Kotak Mahindra Mutual Fund,Equity Scheme - Mid Cap Fund
2024-06-18,119775,Kotak Midcap Fund - Direct Plan - Growth,145.025,Kotak Mahindra Mutual Fund,Equity Scheme - Mid Cap Fund
2024-06-19,119775,Kotak Midcap Fund - Direct Plan - Growth,143.758,Kotak Mahindra Mutual Fund,Equity Scheme - Mid Cap Fund
2024-06-20,119775,Kotak Midcap Fund - Direct Plan - Growth,144.652,Kotak Mahindra Mutual Fund,Equity Scheme - Mid Cap Fund
2024-06-21,119775,Kotak Midcap Fund - Direct Plan - Growth,144.111,Kotak Mahindra Mutual Fund,Equity Scheme - Mid Cap Fund
2024-06-24,119775,Kotak Midcap Fund - Direct Plan - Growth,144.801,Kotak Mahindra Mutual Fund,Equity Scheme - Mid Cap Fund
2024-06-25,119775,Kotak Midcap Fund - Direct Plan - Growth,144.89,Kotak Mahindra Mutual Fund,Equity Scheme - Mid Cap Fund
2024-06-26,119775,Kotak Midcap Fund - Direct Plan - Growth,144.47,Kotak Mahindra Mutual Fund,Equity Scheme - Mid Cap Fund
2024-06-27,119775,Kotak Midcap Fund - Direct Plan - Growth,144.436,Kotak Mahindra Mutual Fund,Equity Scheme - Mid Cap Fund
2024-06-28,119775,Kotak Midcap Fund - Direct Plan - Growth,145.112,Kotak Mahindra Mutual Fund,Equity Scheme - Mid Cap Fund
2024-07-01,119775,Kotak Midcap Fund - Direct Plan - Growth,146.633,Kotak Mahindra Mutual Fund,Equity Scheme - Mid Cap Fund
2024-07-02,119775,Kotak Midcap Fund - Direct Plan - Growth,146.642,Kotak Mahindra Mutual Fund,Equity Scheme - Mid Cap Fund
2024-07-03,119775,Kotak Midcap Fund - Direct Plan - Growth,148.321,Kotak Mahindra Mutual Fund,Equity Scheme - Mid Cap Fund
2024-07-04,119775,Kotak Midcap Fund - Direct Plan - Growth,148.922,Kotak Mahindra Mutual Fund,Equity Scheme - Mid Cap Fund
2024-07-05,119775,Kotak Midcap Fund - Direct Plan - Growth,149.341,Kotak Mahindra Mutual Fund,Equity Scheme - Mid Cap Fund
2024-07-08,119775,Kotak Midcap Fund - Direct Plan - Growth,148.494,Kotak Mahindra Mutual Fund,Equity Scheme - Mid Cap Fund
2024-07-09,119775,Kotak Midcap Fund - Direct Plan - Growth,149.152,Kotak Mahindra Mutual Fund,Equity Scheme - Mid Cap Fund
2024-07-10,119775,Kotak Midcap Fund - Direct Plan - Growth,148.658,Kotak Mahindra Mutual Fund,Equity Scheme - Mid Cap Fund
2024-07-11,119775,Kotak Midcap Fund - Direct Plan - Growth,148.899,Kotak Mahindra Mutual Fund,Equity Scheme - Mid Cap Fund
2024-07-12,119775,Kotak Midcap Fund - Direct Plan - Growth,149.228,Kotak Mahindra Mutual Fund,Equity Scheme - Mid Cap Fund
2024-07-15,119775,Kotak Midcap Fund - Direct Plan - Growth,149.988,Kotak Mahindra Mutual Fund,Equity Scheme - Mid Cap Fund
2024-07-16,119775,Kotak Midcap Fund - Direct Plan - Growth,150.072,Kotak Mahindra Mutual Fund,Equity Scheme - Mid Cap Fund
2024-07-18,119775,Kotak Midcap Fund - Direct Plan - Growth,148.826,Kotak Mahindra Mutual Fund,Equity Scheme - Mid Cap Fund
2024-07-19,119775,Kotak Midcap Fund - Direct Plan - Growth,145.728,Kotak Mahindra Mutual Fund,Equity Scheme - Mid Cap Fund
2024-07-22,119775,Kotak Midcap Fund - Direct Plan - Growth,147.424,Kotak Mahindra Mutual Fund,Equity Scheme - Mid Cap Fund
2024-07-23,119775,Kotak Midcap Fund - Direct Plan - Growth,146.907,Kotak Mahindra Mutual Fund,Equity Scheme - Mid Cap Fund
2024-07-24,119775,Kotak Midcap Fund - Direct Plan - Growth,147.695,Kotak Mahindra Mutual Fund,Equity Scheme - Mid Cap Fund
2024-07-25,119775,Kotak Midcap Fund - Direct Plan - Growth,147.467,Kotak Mahindra Mutual Fund,Equity Scheme - Mid Cap Fund
2024-07-26,119775,Kotak Midcap Fund - Direct Plan - Growth,150.487,Kotak Mahindra Mutual Fund,Equity Scheme - Mid Cap Fund
2024-07-29,119775,Kotak Midcap Fund - Direct Plan - Growth,151.568,Kotak Mahindra Mutual Fund,Equity Scheme - Mid Cap Fund
2024-07-30,119775,Kotak Midcap Fund - Direct Plan - Growth,151.712,Kotak Mahindra Mutual Fund,Equity Scheme - Mid Cap Fund
2024-07-31,119775,Kotak Midcap Fund - Direct Plan - Growth,152.074,Kotak Mahindra Mutual Fund,Equity Scheme - Mid Cap Fund
2024-08-01,119775,Kotak Midcap Fund - Direct Plan - Growth,151.367,Kotak Mahindra Mutual Fund,Equity Scheme - Mid Cap Fund
2024-08-02,119775,Kotak Midcap Fund - Direct Plan - Growth,149.057,Kotak Mahindra Mutual Fund,Equity Scheme - Mid Cap Fund
2024-08-05,119775,Kotak Midcap Fund - Direct Plan - Growth,143.926,Kotak Mahindra Mutual Fund,Equity Scheme - Mid Cap Fund
2024-08-06,119775,Kotak Midcap Fund - Direct Plan - Growth,143.34,Kotak Mahindra Mutual Fund,Equity Scheme - Mid Cap Fund
2024-08-07,119775,Kotak Midcap Fund - Direct Plan - Growth,146.481,Kotak Mahindra Mutual Fund,Equity Scheme - Mid Cap Fund
2024-08-08,119775,Kotak Midcap Fund - Direct Plan - Growth,146.071,Kotak Mahindra Mutual Fund,Equity Scheme - Mid Cap Fund
2024-08-09,119775,Kotak Midcap Fund - Direct Plan - Growth,147.568,Kotak Mahindra Mutual Fund,Equity Scheme - Mid Cap Fund
2024-08-12,119775,Kotak Midcap Fund - Direct Plan - Growth,147.955,Kotak Mahindra Mutual Fund,Equity Scheme - Mid Cap Fund
2024-08-13,119775,Kotak Midcap Fund - Direct Plan - Growth,147.292,Kotak Mahindra Mutual Fund,Equity Scheme - Mid Cap Fund
2024-08-14,119775,Kotak Midcap Fund - Direct Plan - Growth,146.837,Kotak Mahindra Mutual Fund,Equity Scheme - Mid Cap Fund
2024-08-16,119775,Kotak Midcap Fund - Direct Plan - Growth,149.446,Kotak Mahindra Mutual Fund,Equity Scheme - Mid Cap Fund
2024-08-19,119775,Kotak Midcap Fund - Direct Plan - Growth,149.405,Kotak Mahindra Mutual Fund,Equity Scheme - Mid Cap Fund
2024-08-20,119775,Kotak Midcap Fund - Direct Plan - Growth,150.298,Kotak Mahindra Mutual Fund,Equity Scheme - Mid Cap Fund
2024-08-21,119775,Kotak Midcap Fund - Direct Plan - Growth,151.232,Kotak Mahindra Mutual Fund,Equity Scheme - Mid Cap Fund
2024-08-22,119775,Kotak Midcap Fund - Direct Plan - Growth,151.879,Kotak Mahindra Mutual Fund,Equity Scheme - Mid Cap Fund
2024-08-23,119775,Kotak Midcap Fund - Direct Plan - Growth,151.274,Kotak Mahindra Mutual Fund,Equity Scheme - Mid Cap Fund
2024-08-26,119775,Kotak Midcap Fund - Direct Plan - Growth,151.981,Kotak Mahindra Mutual Fund,Equity Scheme - Mid Cap Fund
2024-08-27,119775,Kotak Midcap Fund - Direct Plan - Growth,152.445,Kotak Mahindra Mutual Fund,Equity Scheme - Mid Cap Fund
2024-08-28,119775,Kotak Midcap Fund - Direct Plan - Growth,152.514,Kotak Mahindra Mutual Fund,Equity Scheme - Mid Cap Fund
2024-08-29,119775,Kotak Midcap Fund - Direct Plan - Growth,152.352,Kotak Mahindra Mutual Fund,Equity Scheme - Mid Cap Fund
2024-08-30,119775,Kotak Midcap Fund - Direct Plan - Growth,153.603,Kotak Mahindra Mutual Fund,Equity Scheme - Mid Cap Fund
2024-09-02,119775,Kotak Midcap Fund - Direct Plan - Growth,153.428,Kotak Mahindra Mutual Fund,Equity Scheme - Mid Cap Fund
2024-09-03,119775,Kotak Midcap Fund - Direct Plan - Growth,154.487,Kotak Mahindra Mutual Fund,Equity Scheme - Mid Cap Fund
2024-09-04,119775,Kotak Midcap Fund - Direct Plan - Growth,154.226,Kotak Mahindra Mutual Fund,Equity Scheme - Mid Cap Fund
2024-09-05,119775,Kotak Midcap Fund - Direct Plan - Growth,154.604,Kotak Mahindra Mutual Fund,Equity Scheme - Mid Cap Fund
2024-09-06,119775,Kotak Midcap Fund - Direct Plan - Growth,152.594,Kotak Mahindra Mutual Fund,Equity Scheme - Mid Cap Fund
2024-09-09,119775,Kotak Midcap Fund - Direct Plan - Growth,152.416,Kotak Mahindra Mutual Fund,Equity Scheme - Mid Cap Fund
2024-09-10,119775,Kotak Midcap Fund - Direct Plan - Growth,153.459,Kotak Mahindra Mutual Fund,Equity Scheme - Mid Cap Fund
2024-09-11,119775,Kotak Midcap Fund - Direct Plan - Growth,152.8,Kotak Mahindra Mutual Fund,Equity Scheme - Mid Cap Fund
2024-09-12,119775,Kotak Midcap Fund - Direct Plan - Growth,154.431,Kotak Mahindra Mutual Fund,Equity Scheme - Mid Cap Fund
2024-09-13,119775,Kotak Midcap Fund - Direct Plan - Growth,156.121,Kotak Mahindra Mutual Fund,Equity Scheme - Mid Cap Fund
2024-09-16,119775,Kotak Midcap Fund - Direct Plan - Growth,156.029,Kotak Mahindra Mutual Fund,Equity Scheme - Mid Cap Fund
2024-09-17,119775,Kotak Midcap Fund - Direct Plan - Growth,156.048,Kotak Mahindra Mutual Fund,Equity Scheme - Mid Cap Fund
2024-09-18,119775,Kotak Midcap Fund - Direct Plan - Growth,154.311,Kotak Mahindra Mutual Fund,Equity Scheme - Mid Cap Fund
2024-09-19,119775,Kotak Midcap Fund - Direct Plan - Growth,153.837,Kotak Mahindra Mutual Fund,Equity Scheme - Mid Cap Fund
2024-09-20,119775,Kotak Midcap Fund - Direct Plan - Growth,155.218,Kotak Mahindra Mutual Fund,Equity Scheme - Mid Cap Fund
2024-09-23,119775,Kotak Midcap Fund - Direct Plan - Growth,156.542,Kotak Mahindra Mutual Fund,Equity Scheme - Mid Cap Fund
2024-09-24,119775,Kotak Midcap Fund - Direct Plan - Growth,156.941,Kotak Mahindra Mutual Fund,Equity Scheme - Mid Cap Fund
2024-09-25,119775,Kotak Midcap Fund - Direct Plan - Growth,156.207,Kotak Mahindra Mutual Fund,Equity Scheme - Mid Cap Fund
2024-09-26,119775,Kotak Midcap Fund - Direct Plan - Growth,156.587,Kotak Mahindra Mutual Fund,Equity Scheme - Mid Cap Fund
2024-09-27,119775,Kotak Midcap Fund - Direct Plan - Growth,157.293,Kotak Mahindra Mutual Fund,Equity Scheme - Mid Cap Fund
2024-09-30,119775,Kotak Midcap Fund - Direct Plan - Growth,156.825,Kotak Mahindra Mutual Fund,Equity Scheme - Mid Cap Fund
2024-10-01,119775,Kotak Midcap Fund - Direct Plan - Growth,157.362,Kotak Mahindra Mutual Fund,Equity Scheme - Mid Cap Fund
2024-10-03,119775,Kotak Midcap Fund - Direct Plan - Growth,153.928,Kotak Mahindra Mutual Fund,Equity Scheme - Mid Cap Fund
2024-10-04,119775,Kotak Midcap Fund - Direct Plan - Growth,152.631,Kotak Mahindra Mutual Fund,Equity Scheme - Mid Cap Fund
2024-10-07,119775,Kotak Midcap Fund - Direct Plan - Growth,150.005,Kotak Mahindra Mutual Fund,Equity Scheme - Mid Cap Fund
2024-10-08,119775,Kotak Midcap Fund - Direct Plan - Growth,152.73,Kotak Mahindra Mutual Fund,Equity Scheme - Mid Cap Fund
2024-10-09,119775,Kotak Midcap Fund - Direct Plan - Growth,154.592,Kotak Mahindra Mutual Fund,Equity Scheme - Mid Cap Fund
2024-10-10,119775,Kotak Midcap Fund - Direct Plan - Growth,154.269,Kotak Mahindra Mutual Fund,Equity Scheme - Mid Cap Fund
2024-10-11,119775,Kotak Midcap Fund - Direct Plan - Growth,155.061,Kotak Mahindra Mutual Fund,Equity Scheme - Mid Cap Fund
2024-10-14,119775,Kotak Midcap Fund - Direct Plan - Growth,156.561,Kotak Mahindra Mutual Fund,Equity Scheme - Mid Cap Fund
2024-10-15,119775,Kotak Midcap Fund - Direct Plan - Growth,157.232,Kotak Mahindra Mutual Fund,Equity Scheme - Mid Cap Fund
2024-10-16,119775,Kotak Midcap Fund - Direct Plan - Growth,156.859,Kotak Mahindra Mutual Fund,Equity Scheme - Mid Cap Fund
2024-10-17,119775,Kotak Midcap Fund - Direct Plan - Growth,154.806,Kotak Mahindra Mutual Fund,Equity Scheme - Mid Cap Fund
2024-10-18,119775,Kotak Midcap Fund - Direct Plan - Growth,155.571,Kotak Mahindra Mutual Fund,Equity Scheme - Mid Cap Fund
2024-10-21,119775,Kotak Midcap Fund - Direct Plan - Growth,153.549,Kotak Mahindra Mutual Fund,Equity Scheme - Mid Cap Fund
2024-10-22,119775,Kotak Midcap Fund - Direct Plan - Growth,149.528,Kotak Mahindra Mutual Fund,Equity Scheme - Mid Cap Fund
2024-10-23,119775,Kotak Midcap Fund - Direct Plan - Growth,151.379,Kotak Mahindra Mutual Fund,Equity Scheme - Mid Cap Fund
2024-10-24,119775,Kotak Midcap Fund - Direct Plan - Growth,150.45,Kotak Mahindra Mutual Fund,Equity Scheme - Mid Cap Fund
2024-10-25,119775,Kotak Midcap Fund - Direct Plan - Growth,148.644,Kotak Mahindra Mutual Fund,Equity Scheme - Mid Cap Fund
2024-10-28,119775,Kotak Midcap Fund - Direct Plan - Growth,149.259,Kotak Mahindra Mutual Fund,Equity Scheme - Mid Cap Fund
2024-10-29,119775,Kotak Midcap Fund - Direct Plan - Growth,150.391,Kotak Mahindra Mutual Fund,Equity Scheme - Mid Cap Fund
2024-10-30,119775,Kotak Midcap Fund - Direct Plan - Growth,150.149,Kotak Mahindra Mutual Fund,Equity Scheme - Mid Cap Fund
2024-10-31,119775,Kotak Midcap Fund - Direct Plan - Growth,149.849,Kotak Mahindra Mutual Fund,Equity Scheme - Mid Cap Fund
2024-11-04,119775,Kotak Midcap Fund - Direct Plan - Growth,148.941,Kotak Mahindra Mutual Fund,Equity Scheme - Mid Cap Fund
2024-11-05,119775,Kotak Midcap Fund - Direct Plan - Growth,149.83,Kotak Mahindra Mutual Fund,Equity Scheme - Mid Cap Fund
2024-11-06,119775,Kotak Midcap Fund - Direct Plan - Growth,153.141,Kotak Mahindra Mutual Fund,Equity Scheme - Mid Cap Fund
2024-11-07,119775,Kotak Midcap Fund - Direct Plan - Growth,152.321,Kotak Mahindra Mutual Fund,Equity Scheme - Mid Cap Fund
2024-11-08,119775,Kotak Midcap Fund - Direct Plan - Growth,151.019,Kotak Mahindra Mutual Fund,Equity Scheme - Mid Cap Fund
2024-11-11,119775,Kotak Midcap Fund - Direct Plan - Growth,151.062,Kotak Mahindra Mutual Fund,Equity Scheme - Mid Cap Fund
2024-11-12,119775,Kotak Midcap Fund - Direct Plan - Growth,150.058,Kotak Mahindra Mutual Fund,Equity Scheme - Mid Cap Fund
2024-11-13,119775,Kotak Midcap Fund - Direct Plan - Growth,146.919,Kotak Mahindra Mutual Fund,Equity Scheme - Mid Cap Fund
2024-11-14,119775,Kotak Midcap Fund - Direct Plan - Growth,148.065,Kotak Mahindra Mutual Fund,Equity Scheme - Mid Cap Fund
2024-11-18,119775,Kotak Midcap Fund - Direct Plan - Growth,146.791,Kotak Mahindra Mutual Fund,Equity Scheme - Mid Cap Fund
2024-11-19,119775,Kotak Midcap Fund - Direct Plan - Growth,148.218,Kotak Mahindra Mutual Fund,Equity Scheme - Mid Cap Fund
2024-11-21,119775,Kotak Midcap Fund - Direct Plan - Growth,147.636,Kotak Mahindra Mutual Fund,Equity Scheme - Mid Cap Fund
2024-11-22,119775,Kotak Midcap Fund - Direct Plan - Growth,149.498,Kotak Mahindra Mutual Fund,Equity Scheme - Mid Cap Fund
2024-11-25,119775,Kotak Midcap Fund - Direct Plan - Growth,151.507,Kotak Mahindra Mutual Fund,Equity Scheme - Mid Cap Fund
2024-11-26,119775,Kotak Midcap Fund - Direct Plan - Growth,151.388,Kotak Mahindra Mutual Fund,Equity Scheme - Mid Cap Fund
2024-11-27,119775,Kotak Midcap Fund - Direct Plan - Growth,151.773,Kotak Mahindra Mutual Fund,Equity Scheme - Mid Cap Fund
2024-11-28,119775,Kotak Midcap Fund - Direct Plan - Growth,151.222,Kotak Mahindra Mutual Fund,Equity Scheme - Mid Cap Fund
2024-11-29,119775,Kotak Midcap Fund - Direct Plan - Growth,152.614,Kotak Mahindra Mutual Fund,Equity Scheme - Mid Cap Fund
2024-12-02,119775,Kotak Midcap Fund - Direct Plan - Growth,153.946,Kotak Mahindra Mutual Fund,Equity Scheme - Mid Cap Fund
2024-12-03,119775,Kotak Midcap Fund - Direct Plan - Growth,155.289,Kotak Mahindra Mutual Fund,Equity Scheme - Mid Cap Fund
2024-12-04,119775,Kotak Midcap Fund - Direct Plan - Growth,156.288,Kotak Mahindra Mutual Fund,Equity Scheme - Mid Cap Fund
2024-12-05,119775,Kotak Midcap Fund - Direct Plan - Growth,156.263,Kotak Mahindra Mutual Fund,Equity Scheme - Mid Cap Fund
2024-12-06,119775,Kotak Midcap Fund - Direct Plan - Growth,157.005,Kotak Mahindra Mutual Fund,Equity Scheme - Mid Cap Fund
2024-12-09,119775,Kotak Midcap Fund - Direct Plan - Growth,157.753,Kotak Mahindra Mutual Fund,Equity Scheme - Mid Cap Fund
2024-12-10,119775,Kotak Midcap Fund - Direct Plan - Growth,157.894,Kotak Mahindra Mutual Fund,Equity Scheme - Mid Cap Fund
2024-12-11,119775,Kotak Midcap Fund - Direct Plan - Growth,158.238,Kotak Mahindra Mutual Fund,Equity Scheme - Mid Cap Fund
2024-12-12,119775,Kotak Midcap Fund - Direct Plan - Growth,157.269,Kotak Mahindra Mutual Fund,Equity Scheme - Mid Cap Fund
2024-12-13,119775,Kotak Midcap Fund - Direct Plan - Growth,157.27,Kotak Mahindra Mutual Fund,Equity Scheme - Mid Cap Fund
2024-12-16,119775,Kotak Midcap Fund - Direct Plan - Growth,158.494,Kotak Mahindra Mutual Fund,Equity Scheme - Mid Cap Fund
2024-12-17,119775,Kotak Midcap Fund - Direct Plan - Growth,157.261,Kotak Mahindra Mutual Fund,Equity Scheme - Mid Cap Fund
2024-12-18,119775,Kotak Midcap Fund - Direct Plan - Growth,156.791,Kotak Mahindra Mutual Fund,Equity Scheme - Mid Cap Fund
2024-12-19,119775,Kotak Midcap Fund - Direct Plan - Growth,156.729,Kotak Mahindra Mutual Fund,Equity Scheme - Mid Cap Fund
2024-12-20,119775,Kotak Midcap Fund - Direct Plan - Growth,153.579,Kotak Mahindra Mutual Fund,Equity Scheme - Mid Cap Fund
2024-12-23,119775,Kotak Midcap Fund - Direct Plan - Growth,153.684,Kotak Mahindra Mutual Fund,Equity Scheme - Mid Cap Fund
2024-12-24,119775,Kotak Midcap Fund - Direct Plan - Growth,153.941,Kotak Mahindra Mutual Fund,Equity Scheme - Mid Cap Fund
2024-12-26,119775,Kotak Midcap Fund - Direct Plan - Growth,154.066,Kotak Mahindra Mutual Fund,Equity Scheme - Mid Cap Fund
2024-12-27,119775,Kotak Midcap Fund - Direct Plan - Growth,154.178,Kotak Mahindra Mutual Fund,Equity Scheme - Mid Cap Fund
2024-12-30,119775,Kotak Midcap Fund - Direct Plan - Growth,154.239,Kotak Mahindra Mutual Fund,Equity Scheme - Mid Cap Fund
2024-12-31,119775,Kotak Midcap Fund - Direct Plan - Growth,154.38,Kotak Mahindra Mutual Fund,Equity Scheme - Mid Cap Fund
2025-01-01,119775,Kotak Midcap Fund - Direct Plan - Growth,155.098,Kotak Mahindra Mutual Fund,Equity Scheme - Mid Cap Fund
2025-01-02,119775,Kotak Midcap Fund - Direct Plan - Growth,156.565,Kotak Mahindra Mutual Fund,Equity Scheme - Mid Cap Fund
2025-01-03,119775,Kotak Midcap Fund - Direct Plan - Growth,156.085,Kotak Mahindra Mutual Fund,Equity Scheme - Mid Cap Fund
2025-01-06,119775,Kotak Midcap Fund - Direct Plan - Growth,152.899,Kotak Mahindra Mutual Fund,Equity Scheme - Mid Cap Fund
2025-01-07,119775,Kotak Midcap Fund - Direct Plan - Growth,154.278,Kotak Mahindra Mutual Fund,Equity Scheme - Mid Cap Fund
2025-01-08,119775,Kotak Midcap Fund - Direct Plan - Growth,152.537,Kotak Mahindra Mutual Fund,Equity Scheme - Mid Cap Fund
2025-01-09,119775,Kotak Midcap Fund - Direct Plan - Growth,151.397,Kotak Mahindra Mutual Fund,Equity Scheme - Mid Cap Fund
2025-01-10,119775,Kotak Midcap Fund - Direct Plan - Growth,149.094,Kotak Mahindra Mutual Fund,Equity Scheme - Mid Cap Fund
2025-01-13,119775,Kotak Midcap Fund - Direct Plan - Growth,142.868,Kotak Mahindra Mutual Fund,Equity Scheme - Mid Cap Fund
2025-01-14,119775,Kotak Midcap Fund - Direct Plan - Growth,144.438,Kotak Mahindra Mutual Fund,Equity Scheme - Mid Cap Fund
2025-01-15,119775,Kotak Midcap Fund - Direct Plan - Growth,145.053,Kotak Mahindra Mutual Fund,Equity Scheme - Mid Cap Fund
2025-01-16,119775,Kotak Midcap Fund - Direct Plan - Growth,145.907,Kotak Mahindra Mutual Fund,Equity Scheme - Mid Cap Fund
2025-01-17,119775,Kotak Midcap Fund - Direct Plan - Growth,145.317,Kotak Mahindra Mutual Fund,Equity Scheme - Mid Cap Fund
2025-01-20,119775,Kotak Midcap Fund - Direct Plan - Growth,145.733,Kotak Mahindra Mutual Fund,Equity Scheme - Mid Cap Fund
2025-01-21,119775,Kotak Midcap Fund - Direct Plan - Growth,142.799,Kotak Mahindra Mutual Fund,Equity Scheme - Mid Cap Fund
2025-01-22,119775,Kotak Midcap Fund - Direct Plan - Growth,141.061,Kotak Mahindra Mutual Fund,Equity Scheme - Mid Cap Fund
2025-01-23,119775,Kotak Midcap Fund - Direct Plan - Growth,144.159,Kotak Mahindra Mutual Fund,Equity Scheme - Mid Cap Fund
2025-01-24,119775,Kotak Midcap Fund - Direct Plan - Growth,141.518,Kotak Mahindra Mutual Fund,Equity Scheme - Mid Cap Fund
2025-01-27,119775,Kotak Midcap Fund - Direct Plan - Growth,137.215,Kotak Mahindra Mutual Fund,Equity Scheme - Mid Cap Fund
2025-01-28,119775,Kotak Midcap Fund - Direct Plan - Growth,135.606,Kotak Mahindra Mutual Fund,Equity Scheme - Mid Cap Fund
2025-01-29,119775,Kotak Midcap Fund - Direct Plan - Growth,139.253,Kotak Mahindra Mutual Fund,Equity Scheme - Mid Cap Fund
2025-01-30,119775,Kotak Midcap Fund - Direct Plan - Growth,139.331,Kotak Mahindra Mutual Fund,Equity Scheme - Mid Cap Fund
2025-01-31,119775,Kotak Midcap Fund - Direct Plan - Growth,141.194,Kotak Mahindra Mutual Fund,Equity Scheme - Mid Cap Fund
2025-02-03,119775,Kotak Midcap Fund - Direct Plan - Growth,139.297,Kotak Mahindra Mutual Fund,Equity Scheme - Mid Cap Fund
2025-02-04,119775,Kotak Midcap Fund - Direct Plan - Growth,141.12,Kotak Mahindra Mutual Fund,Equity Scheme - Mid Cap Fund
2025-02-05,119775,Kotak Midcap Fund - Direct Plan - Growth,142.607,Kotak Mahindra Mutual Fund,Equity Scheme - Mid Cap Fund
2025-02-06,119775,Kotak Midcap Fund - Direct Plan - Growth,141.493,Kotak Mahindra Mutual Fund,Equity Scheme - Mid Cap Fund
2025-02-07,119775,Kotak Midcap Fund - Direct Plan - Growth,142.063,Kotak Mahindra Mutual Fund,Equity Scheme - Mid Cap Fund
2025-02-10,119775,Kotak Midcap Fund - Direct Plan - Growth,139.475,Kotak Mahindra Mutual Fund,Equity Scheme - Mid Cap Fund
2025-02-11,119775,Kotak Midcap Fund - Direct Plan - Growth,135.673,Kotak Mahindra Mutual Fund,Equity Scheme - Mid Cap Fund
2025-02-12,119775,Kotak Midcap Fund - Direct Plan - Growth,134.604,Kotak Mahindra Mutual Fund,Equity Scheme - Mid Cap Fund
2025-02-13,119775,Kotak Midcap Fund - Direct Plan - Growth,134.596,Kotak Mahindra Mutual Fund,Equity Scheme - Mid Cap Fund
2025-02-14,119775,Kotak Midcap Fund - Direct Plan - Growth,131.254,Kotak Mahindra Mutual Fund,Equity Scheme - Mid Cap Fund
2025-02-17,119775,Kotak Midcap Fund - Direct Plan - Growth,131.121,Kotak Mahindra Mutual Fund,Equity Scheme - Mid Cap Fund
2025-02-18,119775,Kotak Midcap Fund - Direct Plan - Growth,130.683,Kotak Mahindra Mutual Fund,Equity Scheme - Mid Cap Fund
2025-02-19,119775,Kotak Midcap Fund - Direct Plan - Growth,132.35,Kotak Mahindra Mutual Fund,Equity Scheme - Mid Cap Fund
2025-02-20,119775,Kotak Midcap Fund - Direct Plan - Growth,133.991,Kotak Mahindra Mutual Fund,Equity Scheme - Mid Cap Fund
2025-02-21,119775,Kotak Midcap Fund - Direct Plan - Growth,132.522,Kotak Mahindra Mutual Fund,Equity Scheme - Mid Cap Fund
2025-02-24,119775,Kotak Midcap Fund - Direct Plan - Growth,130.766,Kotak Mahindra Mutual Fund,Equity Scheme - Mid Cap Fund
2025-02-25,119775,Kotak Midcap Fund - Direct Plan - Growth,130.13,Kotak Mahindra Mutual Fund,Equity Scheme - Mid Cap Fund
2025-02-27,119775,Kotak Midcap Fund - Direct Plan - Growth,128.047,Kotak Mahindra Mutual Fund,Equity Scheme - Mid Cap Fund
2025-02-28,119775,Kotak Midcap Fund - Direct Plan - Growth,125.416,Kotak Mahindra Mutual Fund,Equity Scheme - Mid Cap Fund
2025-03-03,119775,Kotak Midcap Fund - Direct Plan - Growth,126.45,Kotak Mahindra Mutual Fund,Equity Scheme - Mid Cap Fund
2025-03-04,119775,Kotak Midcap Fund - Direct Plan - Growth,126.814,Kotak Mahindra Mutual Fund,Equity Scheme - Mid Cap Fund
2025-03-05,119775,Kotak Midcap Fund - Direct Plan - Growth,129.862,Kotak Mahindra Mutual Fund,Equity Scheme - Mid Cap Fund
2025-03-06,119775,Kotak Midcap Fund - Direct Plan - Growth,130.816,Kotak Mahindra Mutual Fund,Equity Scheme - Mid Cap Fund
2025-03-07,119775,Kotak Midcap Fund - Direct Plan - Growth,130.304,Kotak Mahindra Mutual Fund,Equity Scheme - Mid Cap Fund
2025-03-10,119775,Kotak Midcap Fund - Direct Plan - Growth,128.784,Kotak Mahindra Mutual Fund,Equity Scheme - Mid Cap Fund
2025-03-11,119775,Kotak Midcap Fund - Direct Plan - Growth,128.836,Kotak Mahindra Mutual Fund,Equity Scheme - Mid Cap Fund
2025-03-12,119775,Kotak Midcap Fund - Direct Plan - Growth,128.261,Kotak Mahindra Mutual Fund,Equity Scheme - Mid Cap Fund
2025-03-13,119775,Kotak Midcap Fund - Direct Plan - Growth,127.674,Kotak Mahindra Mutual Fund,Equity Scheme - Mid Cap Fund
2025-03-17,119775,Kotak Midcap Fund - Direct Plan - Growth,128.746,Kotak Mahindra Mutual Fund,Equity Scheme - Mid Cap Fund
2025-03-18,119775,Kotak Midcap Fund - Direct Plan - Growth,131.706,Kotak Mahindra Mutual Fund,Equity Scheme - Mid Cap Fund
2025-03-19,119775,Kotak Midcap Fund - Direct Plan - Growth,133.599,Kotak Mahindra Mutual Fund,Equity Scheme - Mid Cap Fund
2025-03-20,119775,Kotak Midcap Fund - Direct Plan - Growth,134.464,Kotak Mahindra Mutual Fund,Equity Scheme - Mid Cap Fund
2025-03-21,119775,Kotak Midcap Fund - Direct Plan - Growth,135.876,Kotak Mahindra Mutual Fund,Equity Scheme - Mid Cap Fund
2025-03-24,119775,Kotak Midcap Fund - Direct Plan - Growth,137.682,Kotak Mahindra Mutual Fund,Equity Scheme - Mid Cap Fund
2025-03-25,119775,Kotak Midcap Fund - Direct Plan - Growth,136.791,Kotak Mahindra Mutual Fund,Equity Scheme - Mid Cap Fund
2025-03-26,119775,Kotak Midcap Fund - Direct Plan - Growth,135.425,Kotak Mahindra Mutual Fund,Equity Scheme - Mid Cap Fund
2025-03-27,119775,Kotak Midcap Fund - Direct Plan - Growth,136.669,Kotak Mahindra Mutual Fund,Equity Scheme - Mid Cap Fund
2025-03-28,119775,Kotak Midcap Fund - Direct Plan - Growth,136.352,Kotak Mahindra Mutual Fund,Equity Scheme - Mid Cap Fund
2025-03-31,119775,Kotak Midcap Fund - Direct Plan - Growth,136.348,Kotak Mahindra Mutual Fund,Equity Scheme - Mid Cap Fund
2025-04-01,119775,Kotak Midcap Fund - Direct Plan - Growth,134.386,Kotak Mahindra Mutual Fund,Equity Scheme - Mid Cap Fund
2025-04-02,119775,Kotak Midcap Fund - Direct Plan - Growth,135.643,Kotak Mahindra Mutual Fund,Equity Scheme - Mid Cap Fund
2025-04-03,119775,Kotak Midcap Fund - Direct Plan - Growth,135.044,Kotak Mahindra Mutual Fund,Equity Scheme - Mid Cap Fund
2025-04-04,119775,Kotak Midcap Fund - Direct Plan - Growth,131.54,Kotak Mahindra Mutual Fund,Equity Scheme - Mid Cap Fund
2025-04-07,119775,Kotak Midcap Fund - Direct Plan - Growth,126.854,Kotak Mahindra Mutual Fund,Equity Scheme - Mid Cap Fund
2025-04-08,119775,Kotak Midcap Fund - Direct Plan - Growth,129.541,Kotak Mahindra Mutual Fund,Equity Scheme - Mid Cap Fund
2025-04-09,119775,Kotak Midcap Fund - Direct Plan - Growth,128.495,Kotak Mahindra Mutual Fund,Equity Scheme - Mid Cap Fund
2025-04-11,119775,Kotak Midcap Fund - Direct Plan - Growth,131.379,Kotak Mahindra Mutual Fund,Equity Scheme - Mid Cap Fund
2025-04-15,119775,Kotak Midcap Fund - Direct Plan - Growth,135.225,Kotak Mahindra Mutual Fund,Equity Scheme - Mid Cap Fund
2025-04-16,119775,Kotak Midcap Fund - Direct Plan - Growth,136.099,Kotak Mahindra Mutual Fund,Equity Scheme - Mid Cap Fund
2025-04-17,119775,Kotak Midcap Fund - Direct Plan - Growth,136.612,Kotak Mahindra Mutual Fund,Equity Scheme - Mid Cap Fund
2025-04-21,119775,Kotak Midcap Fund - Direct Plan - Growth,138.944,Kotak Mahindra Mutual Fund,Equity Scheme - Mid Cap Fund
2025-04-22,119775,Kotak Midcap Fund - Direct Plan - Growth,140.112,Kotak Mahindra Mutual Fund,Equity Scheme - Mid Cap Fund
2025-04-23,119775,Kotak Midcap Fund - Direct Plan - Growth,140.963,Kotak Mahindra Mutual Fund,Equity Scheme - Mid Cap Fund
2025-04-24,119775,Kotak Midcap Fund - Direct Plan - Growth,140.867,Kotak Mahindra Mutual Fund,Equity Scheme - Mid Cap Fund
2025-04-25,119775,Kotak Midcap Fund - Direct Plan - Growth,138.115,Kotak Mahindra Mutual Fund,Equity Scheme - Mid Cap Fund
2025-04-28,119775,Kotak Midcap Fund - Direct Plan - Growth,139.613,Kotak Mahindra Mutual Fund,Equity Scheme - Mid Cap Fund
2025-04-29,119775,Kotak Midcap Fund - Direct Plan - Growth,139.984,Kotak Mahindra Mutual Fund,Equity Scheme - Mid Cap Fund
2025-04-30,119775,Kotak Midcap Fund - Direct Plan - Growth,139.499,Kotak Mahindra Mutual Fund,Equity Scheme - Mid Cap Fund
2025-05-02,119775,Kotak Midcap Fund - Direct Plan - Growth,139.252,Kotak Mahindra Mutual Fund,Equity Scheme - Mid Cap Fund
2025-05-05,119775,Kotak Midcap Fund - Direct Plan - Growth,140.905,Kotak Mahindra Mutual Fund,Equity Scheme - Mid Cap Fund
2025-05-06,119775,Kotak Midcap Fund - Direct Plan - Growth,138.915,Kotak Mahindra Mutual Fund,Equity Scheme - Mid Cap Fund
2025-05-07,119775,Kotak Midcap Fund - Direct Plan - Growth,140.603,Kotak Mahindra Mutual Fund,Equity Scheme - Mid Cap Fund
2025-05-08,119775,Kotak Midcap Fund - Direct Plan - Growth,138.721,Kotak Mahindra Mutual Fund,Equity Scheme - Mid Cap Fund
2025-05-09,119775,Kotak Midcap Fund - Direct Plan - Growth,138.958,Kotak Mahindra Mutual Fund,Equity Scheme - Mid Cap Fund
2025-05-12,119775,Kotak Midcap Fund - Direct Plan - Growth,143.334,Kotak Mahindra Mutual Fund,Equity Scheme - Mid Cap Fund
2025-05-13,119775,Kotak Midcap Fund - Direct Plan - Growth,143.603,Kotak Mahindra Mutual Fund,Equity Scheme - Mid Cap Fund
2025-05-14,119775,Kotak Midcap Fund - Direct Plan - Growth,145.133,Kotak Mahindra Mutual Fund,Equity Scheme - Mid Cap Fund
2025-05-15,119775,Kotak Midcap Fund - Direct Plan - Growth,146.698,Kotak Mahindra Mutual Fund,Equity Scheme - Mid Cap Fund
2025-05-16,119775,Kotak Midcap Fund - Direct Plan - Growth,147.698,Kotak Mahindra Mutual Fund,Equity Scheme - Mid Cap Fund
2025-05-19,119775,Kotak Midcap Fund - Direct Plan - Growth,148.019,Kotak Mahindra Mutual Fund,Equity Scheme - Mid Cap Fund
2025-05-20,119775,Kotak Midcap Fund - Direct Plan - Growth,146.044,Kotak Mahindra Mutual Fund,Equity Scheme - Mid Cap Fund
2025-05-21,119775,Kotak Midcap Fund - Direct Plan - Growth,147.008,Kotak Mahindra Mutual Fund,Equity Scheme - Mid Cap Fund
2025-05-22,119775,Kotak Midcap Fund - Direct Plan - Growth,147.023,Kotak Mahindra Mutual Fund,Equity Scheme - Mid Cap Fund
2025-05-23,119775,Kotak Midcap Fund - Direct Plan - Growth,147.717,Kotak Mahindra Mutual Fund,Equity Scheme - Mid Cap Fund
2025-05-26,119775,Kotak Midcap Fund - Direct Plan - Growth,148.604,Kotak Mahindra Mutual Fund,Equity Scheme - Mid Cap Fund
2025-05-27,119775,Kotak Midcap Fund - Direct Plan - Growth,148.814,Kotak Mahindra Mutual Fund,Equity Scheme - Mid Cap Fund
2025-05-28,119775,Kotak Midcap Fund - Direct Plan - Growth,149.485,Kotak Mahindra Mutual Fund,Equity Scheme - Mid Cap Fund
2025-05-29,119775,Kotak Midcap Fund - Direct Plan - Growth,149.918,Kotak Mahindra Mutual Fund,Equity Scheme - Mid Cap Fund
2025-05-30,119775,Kotak Midcap Fund - Direct Plan - Growth,149.472,Kotak Mahindra Mutual Fund,Equity Scheme - Mid Cap Fund
2025-06-02,119775,Kotak Midcap Fund - Direct Plan - Growth,149.782,Kotak Mahindra Mutual Fund,Equity Scheme - Mid Cap Fund
2025-06-03,119775,Kotak Midcap Fund - Direct Plan - Growth,149.796,Kotak Mahindra Mutual Fund,Equity Scheme - Mid Cap Fund
2025-06-04,119775,Kotak Midcap Fund - Direct Plan - Growth,151.42,Kotak Mahindra Mutual Fund,Equity Scheme - Mid Cap Fund
2025-06-05,119775,Kotak Midcap Fund - Direct Plan - Growth,152.289,Kotak Mahindra Mutual Fund,Equity Scheme - Mid Cap Fund
2025-06-06,119775,Kotak Midcap Fund - Direct Plan - Growth,153.174,Kotak Mahindra Mutual Fund,Equity Scheme - Mid Cap Fund
2025-06-09,119775,Kotak Midcap Fund - Direct Plan - Growth,154.38,Kotak Mahindra Mutual Fund,Equity Scheme - Mid Cap Fund
2025-06-10,119775,Kotak Midcap Fund - Direct Plan - Growth,154.78,Kotak Mahindra Mutual Fund,Equity Scheme - Mid Cap Fund
2025-06-11,119775,Kotak Midcap Fund - Direct Plan - Growth,155.044,Kotak Mahindra Mutual Fund,Equity Scheme - Mid Cap Fund
2025-06-12,119775,Kotak Midcap Fund - Direct Plan - Growth,153.138,Kotak Mahindra Mutual Fund,Equity Scheme - Mid Cap Fund
2025-06-13,119775,Kotak Midcap Fund - Direct Plan - Growth,152.921,Kotak Mahindra Mutual Fund,Equity Scheme - Mid Cap Fund
2025-06-16,119775,Kotak Midcap Fund - Direct Plan - Growth,153.885,Kotak Mahindra Mutual Fund,Equity Scheme - Mid Cap Fund
2025-06-17,119775,Kotak Midcap Fund - Direct Plan - Growth,153.613,Kotak Mahindra Mutual Fund,Equity Scheme - Mid Cap Fund
2025-06-18,119775,Kotak Midcap Fund - Direct Plan - Growth,153.14,Kotak Mahindra Mutual Fund,Equity Scheme - Mid Cap Fund
2025-06-19,119775,Kotak Midcap Fund - Direct Plan - Growth,151.523,Kotak Mahindra Mutual Fund,Equity Scheme - Mid Cap Fund
2025-06-20,119775,Kotak Midcap Fund - Direct Plan - Growth,153.173,Kotak Mahindra Mutual Fund,Equity Scheme - Mid Cap Fund
2025-06-23,119775,Kotak Midcap Fund - Direct Plan - Growth,153.683,Kotak Mahindra Mutual Fund,Equity Scheme - Mid Cap Fund
2025-06-24,119775,Kotak Midcap Fund - Direct Plan - Growth,155.055,Kotak Mahindra Mutual Fund,Equity Scheme - Mid Cap Fund
2025-06-25,119775,Kotak Midcap Fund - Direct Plan - Growth,156.039,Kotak Mahindra Mutual Fund,Equity Scheme - Mid Cap Fund
2025-06-26,119775,Kotak Midcap Fund - Direct Plan - Growth,156.723,Kotak Mahindra Mutual Fund,Equity Scheme - Mid Cap Fund
2025-06-27,119775,Kotak Midcap Fund - Direct Plan - Growth,157.461,Kotak Mahindra Mutual Fund,Equity Scheme - Mid Cap Fund
2025-06-30,119775,Kotak Midcap Fund - Direct Plan - Growth,158.359,Kotak Mahindra Mutual Fund,Equity Scheme - Mid Cap Fund
2025-07-01,119775,Kotak Midcap Fund - Direct Plan - Growth,157.662,Kotak Mahindra Mutual Fund,Equity Scheme - Mid Cap Fund
2025-07-02,119775,Kotak Midcap Fund - Direct Plan - Growth,157.923,Kotak Mahindra Mutual Fund,Equity Scheme - Mid Cap Fund
2025-07-03,119775,Kotak Midcap Fund - Direct Plan - Growth,158.341,Kotak Mahindra Mutual Fund,Equity Scheme - Mid Cap Fund
2025-07-04,119775,Kotak Midcap Fund - Direct Plan - Growth,157.857,Kotak Mahindra Mutual Fund,Equity Scheme - Mid Cap Fund
2025-07-07,119775,Kotak Midcap Fund - Direct Plan - Growth,157.586,Kotak Mahindra Mutual Fund,Equity Scheme - Mid Cap Fund
2025-07-08,119775,Kotak Midcap Fund - Direct Plan - Growth,157.949,Kotak Mahindra Mutual Fund,Equity Scheme - Mid Cap Fund
2025-07-09,119775,Kotak Midcap Fund - Direct Plan - Growth,158.286,Kotak Mahindra Mutual Fund,Equity Scheme - Mid Cap Fund
2025-07-10,119775,Kotak Midcap Fund - Direct Plan - Growth,157.672,Kotak Mahindra Mutual Fund,Equity Scheme - Mid Cap Fund
2025-07-11,119775,Kotak Midcap Fund - Direct Plan - Growth,156.43,Kotak Mahindra Mutual Fund,Equity Scheme - Mid Cap Fund
2025-07-14,119775,Kotak Midcap Fund - Direct Plan - Growth,157.154,Kotak Mahindra Mutual Fund,Equity Scheme - Mid Cap Fund
2025-07-15,119775,Kotak Midcap Fund - Direct Plan - Growth,158.426,Kotak Mahindra Mutual Fund,Equity Scheme - Mid Cap Fund
2025-07-16,119775,Kotak Midcap Fund - Direct Plan - Growth,158.67,Kotak Mahindra Mutual Fund,Equity Scheme - Mid Cap Fund
2025-07-17,119775,Kotak Midcap Fund - Direct Plan - Growth,158.785,Kotak Mahindra Mutual Fund,Equity Scheme - Mid Cap Fund
2025-07-18,119775,Kotak Midcap Fund - Direct Plan - Growth,157.99,Kotak Mahindra Mutual Fund,Equity Scheme - Mid Cap Fund
2025-07-21,119775,Kotak Midcap Fund - Direct Plan - Growth,159.002,Kotak Mahindra Mutual Fund,Equity Scheme - Mid Cap Fund
2025-07-22,119775,Kotak Midcap Fund - Direct Plan - Growth,159.064,Kotak Mahindra Mutual Fund,Equity Scheme - Mid Cap Fund
2025-07-23,119775,Kotak Midcap Fund - Direct Plan - Growth,159.235,Kotak Mahindra Mutual Fund,Equity Scheme - Mid Cap Fund
2025-07-24,119775,Kotak Midcap Fund - Direct Plan - Growth,159.385,Kotak Mahindra Mutual Fund,Equity Scheme - Mid Cap Fund
2025-07-25,119775,Kotak Midcap Fund - Direct Plan - Growth,156.991,Kotak Mahindra Mutual Fund,Equity Scheme - Mid Cap Fund
2025-07-28,119775,Kotak Midcap Fund - Direct Plan - Growth,155.67,Kotak Mahindra Mutual Fund,Equity Scheme - Mid Cap Fund
2025-07-29,119775,Kotak Midcap Fund - Direct Plan - Growth,157.691,Kotak Mahindra Mutual Fund,Equity Scheme - Mid Cap Fund
2025-07-30,119775,Kotak Midcap Fund - Direct Plan - Growth,158.265,Kotak Mahindra Mutual Fund,Equity Scheme - Mid Cap Fund
2025-07-31,119775,Kotak Midcap Fund - Direct Plan - Growth,157.63,Kotak Mahindra Mutual Fund,Equity Scheme - Mid Cap Fund
2025-08-01,119775,Kotak Midcap Fund - Direct Plan - Growth,155.876,Kotak Mahindra Mutual Fund,Equity Scheme - Mid Cap Fund
2025-08-04,119775,Kotak Midcap Fund - Direct Plan - Growth,157.048,Kotak Mahindra Mutual Fund,Equity Scheme - Mid Cap Fund
2025-08-05,119775,Kotak Midcap Fund - Direct Plan - Growth,157.187,Kotak Mahindra Mutual Fund,Equity Scheme - Mid Cap Fund
2025-08-06,119775,Kotak Midcap Fund - Direct Plan - Growth,155.8,Kotak Mahindra Mutual Fund,Equity Scheme - Mid Cap Fund
2025-08-07,119775,Kotak Midcap Fund - Direct Plan - Growth,155.955,Kotak Mahindra Mutual Fund,Equity Scheme - Mid Cap Fund
2025-08-08,119775,Kotak Midcap Fund - Direct Plan - Growth,154.631,Kotak Mahindra Mutual Fund,Equity Scheme - Mid Cap Fund
2025-08-11,119775,Kotak Midcap Fund - Direct Plan - Growth,155.603,Kotak Mahindra Mutual Fund,Equity Scheme - Mid Cap Fund
2025-08-12,119775,Kotak Midcap Fund - Direct Plan - Growth,155.322,Kotak Mahindra Mutual Fund,Equity Scheme - Mid Cap Fund
2025-08-13,119775,Kotak Midcap Fund - Direct Plan - Growth,156.17,Kotak Mahindra Mutual Fund,Equity Scheme - Mid Cap Fund
2025-08-14,119775,Kotak Midcap Fund - Direct Plan - Growth,156.109,Kotak Mahindra Mutual Fund,Equity Scheme - Mid Cap Fund
2025-08-18,119775,Kotak Midcap Fund - Direct Plan - Growth,157.776,Kotak Mahindra Mutual Fund,Equity Scheme - Mid Cap Fund
2025-08-19,119775,Kotak Midcap Fund - Direct Plan - Growth,158.802,Kotak Mahindra Mutual Fund,Equity Scheme - Mid Cap Fund
2025-08-20,119775,Kotak Midcap Fund - Direct Plan - Growth,159.686,Kotak Mahindra Mutual Fund,Equity Scheme - Mid Cap Fund
2025-08-21,119775,Kotak Midcap Fund - Direct Plan - Growth,159.365,Kotak Mahindra Mutual Fund,Equity Scheme - Mid Cap Fund
2025-08-22,119775,Kotak Midcap Fund - Direct Plan - Growth,159.235,Kotak Mahindra Mutual Fund,Equity Scheme - Mid Cap Fund
2025-08-25,119775,Kotak Midcap Fund - Direct Plan - Growth,159.209,Kotak Mahindra Mutual Fund,Equity Scheme - Mid Cap Fund
2025-08-26,119775,Kotak Midcap Fund - Direct Plan - Growth,157.265,Kotak Mahindra Mutual Fund,Equity Scheme - Mid Cap Fund
2025-08-28,119775,Kotak Midcap Fund - Direct Plan - Growth,155.764,Kotak Mahindra Mutual Fund,Equity Scheme - Mid Cap Fund
2025-08-29,119775,Kotak Midcap Fund - Direct Plan - Growth,155.127,Kotak Mahindra Mutual Fund,Equity Scheme - Mid Cap Fund
2025-09-01,119775,Kotak Midcap Fund - Direct Plan - Growth,157.667,Kotak Mahindra Mutual Fund,Equity Scheme - Mid Cap Fund
2025-09-02,119775,Kotak Midcap Fund - Direct Plan - Growth,157.685,Kotak Mahindra Mutual Fund,Equity Scheme - Mid Cap Fund
2025-09-03,119775,Kotak Midcap Fund - Direct Plan - Growth,158.396,Kotak Mahindra Mutual Fund,Equity Scheme - Mid Cap Fund
2025-09-04,119775,Kotak Midcap Fund - Direct Plan - Growth,157.602,Kotak Mahindra Mutual Fund,Equity Scheme - Mid Cap Fund
2025-09-05,119775,Kotak Midcap Fund - Direct Plan - Growth,157.3,Kotak Mahindra Mutual Fund,Equity Scheme - Mid Cap Fund
2025-09-08,119775,Kotak Midcap Fund - Direct Plan - Growth,157.405,Kotak Mahindra Mutual Fund,Equity Scheme - Mid Cap Fund
2025-09-09,119775,Kotak Midcap Fund - Direct Plan - Growth,157.637,Kotak Mahindra Mutual Fund,Equity Scheme - Mid Cap Fund
2025-09-10,119775,Kotak Midcap Fund - Direct Plan - Growth,159.041,Kotak Mahindra Mutual Fund,Equity Scheme - Mid Cap Fund
2025-09-11,119775,Kotak Midcap Fund - Direct Plan - Growth,158.776,Kotak Mahindra Mutual Fund,Equity Scheme - Mid Cap Fund
2025-09-12,119775,Kotak Midcap Fund - Direct Plan - Growth,159.006,Kotak Mahindra Mutual Fund,Equity Scheme - Mid Cap Fund
2025-09-15,119775,Kotak Midcap Fund - Direct Plan - Growth,159.433,Kotak Mahindra Mutual Fund,Equity Scheme - Mid Cap Fund
2025-09-16,119775,Kotak Midcap Fund - Direct Plan - Growth,161.065,Kotak Mahindra Mutual Fund,Equity Scheme - Mid Cap Fund
2025-09-17,119775,Kotak Midcap Fund - Direct Plan - Growth,161.785,Kotak Mahindra Mutual Fund,Equity Scheme - Mid Cap Fund
2025-09-18,119775,Kotak Midcap Fund - Direct Plan - Growth,162.226,Kotak Mahindra Mutual Fund,Equity Scheme - Mid Cap Fund
2025-09-19,119775,Kotak Midcap Fund - Direct Plan - Growth,162.75,Kotak Mahindra Mutual Fund,Equity Scheme - Mid Cap Fund
2025-09-22,119775,Kotak Midcap Fund - Direct Plan - Growth,161.559,Kotak Mahindra Mutual Fund,Equity Scheme - Mid Cap Fund
2025-09-23,119775,Kotak Midcap Fund - Direct Plan - Growth,161.083,Kotak Mahindra Mutual Fund,Equity Scheme - Mid Cap Fund
2025-09-24,119775,Kotak Midcap Fund - Direct Plan - Growth,159.831,Kotak Mahindra Mutual Fund,Equity Scheme - Mid Cap Fund
2025-09-25,119775,Kotak Midcap Fund - Direct Plan - Growth,158.81,Kotak Mahindra Mutual Fund,Equity Scheme - Mid Cap Fund
2025-09-26,119775,Kotak Midcap Fund - Direct Plan - Growth,155.692,Kotak Mahindra Mutual Fund,Equity Scheme - Mid Cap Fund
2025-09-30,119775,Kotak Midcap Fund - Direct Plan - Growth,156.998,Kotak Mahindra Mutual Fund,Equity Scheme - Mid Cap Fund
2025-10-01,119775,Kotak Midcap Fund - Direct Plan - Growth,158.072,Kotak Mahindra Mutual Fund,Equity Scheme - Mid Cap Fund
2025-10-03,119775,Kotak Midcap Fund - Direct Plan - Growth,159.424,Kotak Mahindra Mutual Fund,Equity Scheme - Mid Cap Fund
2025-10-06,119775,Kotak Midcap Fund - Direct Plan - Growth,161.247,Kotak Mahindra Mutual Fund,Equity Scheme - Mid Cap Fund
2025-10-07,119775,Kotak Midcap Fund - Direct Plan - Growth,161.665,Kotak Mahindra Mutual Fund,Equity Scheme - Mid Cap Fund
2025-10-08,119775,Kotak Midcap Fund - Direct Plan - Growth,160.821,Kotak Mahindra Mutual Fund,Equity Scheme - Mid Cap Fund
2025-10-09,119775,Kotak Midcap Fund - Direct Plan - Growth,161.533,Kotak Mahindra Mutual Fund,Equity Scheme - Mid Cap Fund
2025-10-10,119775,Kotak Midcap Fund - Direct Plan - Growth,161.519,Kotak Mahindra Mutual Fund,Equity Scheme - Mid Cap Fund
2025-10-13,119775,Kotak Midcap Fund - Direct Plan - Growth,161.618,Kotak Mahindra Mutual Fund,Equity Scheme - Mid Cap Fund
2025-10-14,119775,Kotak Midcap Fund - Direct Plan - Growth,160.377,Kotak Mahindra Mutual Fund,Equity Scheme - Mid Cap Fund
2025-10-15,119775,Kotak Midcap Fund - Direct Plan - Growth,161.589,Kotak Mahindra Mutual Fund,Equity Scheme - Mid Cap Fund
2025-10-16,119775,Kotak Midcap Fund - Direct Plan - Growth,162.181,Kotak Mahindra Mutual Fund,Equity Scheme - Mid Cap Fund
2025-10-17,119775,Kotak Midcap Fund - Direct Plan - Growth,161.303,Kotak Mahindra Mutual Fund,Equity Scheme - Mid Cap Fund
2025-10-20,119775,Kotak Midcap Fund - Direct Plan - Growth,161.481,Kotak Mahindra Mutual Fund,Equity Scheme - Mid Cap Fund
2025-10-23,119775,Kotak Midcap Fund - Direct Plan - Growth,160.757,Kotak Mahindra Mutual Fund,Equity Scheme - Mid Cap Fund
2025-10-24,119775,Kotak Midcap Fund - Direct Plan - Growth,160.724,Kotak Mahindra Mutual Fund,Equity Scheme - Mid Cap Fund
2025-10-27,119775,Kotak Midcap Fund - Direct Plan - Growth,162.05,Kotak Mahindra Mutual Fund,Equity Scheme - Mid Cap Fund
2025-10-28,119775,Kotak Midcap Fund - Direct Plan - Growth,161.789,Kotak Mahindra Mutual Fund,Equity Scheme - Mid Cap Fund
2025-10-29,119775,Kotak Midcap Fund - Direct Plan - Growth,162.789,Kotak Mahindra Mutual Fund,Equity Scheme - Mid Cap Fund
2025-10-30,119775,Kotak Midcap Fund - Direct Plan - Growth,162.261,Kotak Mahindra Mutual Fund,Equity Scheme - Mid Cap Fund
2025-10-31,119775,Kotak Midcap Fund - Direct Plan - Growth,160.771,Kotak Mahindra Mutual Fund,Equity Scheme - Mid Cap Fund
2025-11-03,119775,Kotak Midcap Fund - Direct Plan - Growth,161.986,Kotak Mahindra Mutual Fund,Equity Scheme - Mid Cap Fund
2025-11-04,119775,Kotak Midcap Fund - Direct Plan - Growth,160.906,Kotak Mahindra Mutual Fund,Equity Scheme - Mid Cap Fund
2025-11-06,119775,Kotak Midcap Fund - Direct Plan - Growth,158.85,Kotak Mahindra Mutual Fund,Equity Scheme - Mid Cap Fund
2025-11-07,119775,Kotak Midcap Fund - Direct Plan - Growth,159.433,Kotak Mahindra Mutual Fund,Equity Scheme - Mid Cap Fund
2025-11-10,119775,Kotak Midcap Fund - Direct Plan - Growth,159.826,Kotak Mahindra Mutual Fund,Equity Scheme - Mid Cap Fund
2025-11-11,119775,Kotak Midcap Fund - Direct Plan - Growth,160.154,Kotak Mahindra Mutual Fund,Equity Scheme - Mid Cap Fund
2025-11-12,119775,Kotak Midcap Fund - Direct Plan - Growth,161.041,Kotak Mahindra Mutual Fund,Equity Scheme - Mid Cap Fund
2025-11-13,119775,Kotak Midcap Fund - Direct Plan - Growth,160.298,Kotak Mahindra Mutual Fund,Equity Scheme - Mid Cap Fund
2025-11-14,119775,Kotak Midcap Fund - Direct Plan - Growth,160.391,Kotak Mahindra Mutual Fund,Equity Scheme - Mid Cap Fund
2025-11-17,119775,Kotak Midcap Fund - Direct Plan - Growth,161.077,Kotak Mahindra Mutual Fund,Equity Scheme - Mid Cap Fund
2025-11-18,119775,Kotak Midcap Fund - Direct Plan - Growth,159.998,Kotak Mahindra Mutual Fund,Equity Scheme - Mid Cap Fund
2025-11-19,119775,Kotak Midcap Fund - Direct Plan - Growth,160.724,Kotak Mahindra Mutual Fund,Equity Scheme - Mid Cap Fund
2025-11-20,119775,Kotak Midcap Fund - Direct Plan - Growth,160.885,Kotak Mahindra Mutual Fund,Equity Scheme - Mid Cap Fund
2025-11-21,119775,Kotak Midcap Fund - Direct Plan - Growth,158.539,Kotak Mahindra Mutual Fund,Equity Scheme - Mid Cap Fund
2025-11-24,119775,Kotak Midcap Fund - Direct Plan - Growth,158.123,Kotak Mahindra Mutual Fund,Equity Scheme - Mid Cap Fund
2025-11-25,119775,Kotak Midcap Fund - Direct Plan - Growth,158.089,Kotak Mahindra Mutual Fund,Equity Scheme - Mid Cap Fund
2025-11-26,119775,Kotak Midcap Fund - Direct Plan - Growth,160.254,Kotak Mahindra Mutual Fund,Equity Scheme - Mid Cap Fund
2025-11-27,119775,Kotak Midcap Fund - Direct Plan - Growth,159.531,Kotak Mahindra Mutual Fund,Equity Scheme - Mid Cap Fund
2025-11-28,119775,Kotak Midcap Fund - Direct Plan - Growth,159.594,Kotak Mahindra Mutual Fund,Equity Scheme - Mid Cap Fund
2025-12-01,119775,Kotak Midcap Fund - Direct Plan - Growth,159.306,Kotak Mahindra Mutual Fund,Equity Scheme - Mid Cap Fund
2025-12-02,119775,Kotak Midcap Fund - Direct Plan - Growth,158.789,Kotak Mahindra Mutual Fund,Equity Scheme - Mid Cap Fund
2025-12-03,119775,Kotak Midcap Fund - Direct Plan - Growth,157.533,Kotak Mahindra Mutual Fund,Equity Scheme - Mid Cap Fund
2025-12-04,119775,Kotak Midcap Fund - Direct Plan - Growth,157.664,Kotak Mahindra Mutual Fund,Equity Scheme - Mid Cap Fund
2025-12-05,119775,Kotak Midcap Fund - Direct Plan - Growth,157.951,Kotak Mahindra Mutual Fund,Equity Scheme - Mid Cap Fund
2025-12-08,119775,Kotak Midcap Fund - Direct Plan - Growth,155.418,Kotak Mahindra Mutual Fund,Equity Scheme - Mid Cap Fund
2025-12-09,119775,Kotak Midcap Fund - Direct Plan - Growth,156.452,Kotak Mahindra Mutual Fund,Equity Scheme - Mid Cap Fund
2025-12-10,119775,Kotak Midcap Fund - Direct Plan - Growth,155.339,Kotak Mahindra Mutual Fund,Equity Scheme - Mid Cap Fund
2025-12-11,119775,Kotak Midcap Fund - Direct Plan - Growth,156.691,Kotak Mahindra Mutual Fund,Equity Scheme - Mid Cap Fund
2025-12-12,119775,Kotak Midcap Fund - Direct Plan - Growth,158.202,Kotak Mahindra Mutual Fund,Equity Scheme - Mid Cap Fund
2025-12-15,119775,Kotak Midcap Fund - Direct Plan - Growth,158.068,Kotak Mahindra Mutual Fund,Equity Scheme - Mid Cap Fund
2025-12-16,119775,Kotak Midcap Fund - Direct Plan - Growth,157.013,Kotak Mahindra Mutual Fund,Equity Scheme - Mid Cap Fund
2025-12-17,119775,Kotak Midcap Fund - Direct Plan - Growth,156.014,Kotak Mahindra Mutual Fund,Equity Scheme - Mid Cap Fund
2025-12-18,119775,Kotak Midcap Fund - Direct Plan - Growth,156.05,Kotak Mahindra Mutual Fund,Equity Scheme - Mid Cap Fund
2025-12-19,119775,Kotak Midcap Fund - Direct Plan - Growth,157.979,Kotak Mahindra Mutual Fund,Equity Scheme - Mid Cap Fund
2025-12-22,119775,Kotak Midcap Fund - Direct Plan - Growth,159.316,Kotak Mahindra Mutual Fund,Equity Scheme - Mid Cap Fund
2025-12-23,119775,Kotak Midcap Fund - Direct Plan - Growth,159.795,Kotak Mahindra Mutual Fund,Equity Scheme - Mid Cap Fund
2025-12-24,119775,Kotak Midcap Fund - Direct Plan - Growth,159.272,Kotak Mahindra Mutual Fund,Equity Scheme - Mid Cap Fund
2025-12-26,119775,Kotak Midcap Fund - Direct Plan - Growth,158.503,Kotak Mahindra Mutual Fund,Equity Scheme - Mid Cap Fund
2025-12-29,119775,Kotak Midcap Fund - Direct Plan - Growth,157.793,Kotak Mahindra Mutual Fund,Equity Scheme - Mid Cap Fund
2025-12-30,119775,Kotak Midcap Fund - Direct Plan - Growth,156.869,Kotak Mahindra Mutual Fund,Equity Scheme - Mid Cap Fund
2025-12-31,119775,Kotak Midcap Fund - Direct Plan - Growth,158.834,Kotak Mahindra Mutual Fund,Equity Scheme - Mid Cap Fund
2026-01-01,119775,Kotak Midcap Fund - Direct Plan - Growth,159.248,Kotak Mahindra Mutual Fund,Equity Scheme - Mid Cap Fund
2026-01-02,119775,Kotak Midcap Fund - Direct Plan - Growth,160.329,Kotak Mahindra Mutual Fund,Equity Scheme - Mid Cap Fund
2026-01-05,119775,Kotak Midcap Fund - Direct Plan - Growth,160.5,Kotak Mahindra Mutual Fund,Equity Scheme - Mid Cap Fund
2026-01-06,119775,Kotak Midcap Fund - Direct Plan - Growth,160.259,Kotak Mahindra Mutual Fund,Equity Scheme - Mid Cap Fund
2026-01-07,119775,Kotak Midcap Fund - Direct Plan - Growth,161.381,Kotak Mahindra Mutual Fund,Equity Scheme - Mid Cap Fund
2026-01-08,119775,Kotak Midcap Fund - Direct Plan - Growth,158.658,Kotak Mahindra Mutual Fund,Equity Scheme - Mid Cap Fund
2026-01-09,119775,Kotak Midcap Fund - Direct Plan - Growth,157.179,Kotak Mahindra Mutual Fund,Equity Scheme - Mid Cap Fund
2026-01-12,119775,Kotak Midcap Fund - Direct Plan - Growth,156.183,Kotak Mahindra Mutual Fund,Equity Scheme - Mid Cap Fund
2026-01-13,119775,Kotak Midcap Fund - Direct Plan - Growth,156.213,Kotak Mahindra Mutual Fund,Equity Scheme - Mid Cap Fund
2026-01-14,119775,Kotak Midcap Fund - Direct Plan - Growth,156.219,Kotak Mahindra Mutual Fund,Equity Scheme - Mid Cap Fund
2026-01-16,119775,Kotak Midcap Fund - Direct Plan - Growth,156.12,Kotak Mahindra Mutual Fund,Equity Scheme - Mid Cap Fund
2026-01-19,119775,Kotak Midcap Fund - Direct Plan - Growth,155.001,Kotak Mahindra Mutual Fund,Equity Scheme - Mid Cap Fund
2026-01-20,119775,Kotak Midcap Fund - Direct Plan - Growth,151.474,Kotak Mahindra Mutual Fund,Equity Scheme - Mid Cap Fund
2026-01-21,119775,Kotak Midcap Fund - Direct Plan - Growth,150.016,Kotak Mahindra Mutual Fund,Equity Scheme - Mid Cap Fund
2026-01-22,119775,Kotak Midcap Fund - Direct Plan - Growth,151.404,Kotak Mahindra Mutual Fund,Equity Scheme - Mid Cap Fund
2026-01-23,119775,Kotak Midcap Fund - Direct Plan - Growth,149.4,Kotak Mahindra Mutual Fund,Equity Scheme - Mid Cap Fund
2026-01-27,119775,Kotak Midcap Fund - Direct Plan - Growth,149.821,Kotak Mahindra Mutual Fund,Equity Scheme - Mid Cap Fund
2026-01-28,119775,Kotak Midcap Fund - Direct Plan - Growth,152.316,Kotak Mahindra Mutual Fund,Equity Scheme - Mid Cap Fund
2026-01-29,119775,Kotak Midcap Fund - Direct Plan - Growth,152.913,Kotak Mahindra Mutual Fund,Equity Scheme - Mid Cap Fund
2026-01-30,119775,Kotak Midcap Fund - Direct Plan - Growth,153.607,Kotak Mahindra Mutual Fund,Equity Scheme - Mid Cap Fund
2026-02-02,119775,Kotak Midcap Fund - Direct Plan - Growth,152.47,Kotak Mahindra Mutual Fund,Equity Scheme - Mid Cap Fund
2026-02-03,119775,Kotak Midcap Fund - Direct Plan - Growth,157.304,Kotak Mahindra Mutual Fund,Equity Scheme - Mid Cap Fund
2026-02-04,119775,Kotak Midcap Fund - Direct Plan - Growth,157.917,Kotak Mahindra Mutual Fund,Equity Scheme - Mid Cap Fund
2026-02-05,119775,Kotak Midcap Fund - Direct Plan - Growth,157.398,Kotak Mahindra Mutual Fund,Equity Scheme - Mid Cap Fund
2026-02-06,119775,Kotak Midcap Fund - Direct Plan - Growth,157.348,Kotak Mahindra Mutual Fund,Equity Scheme - Mid Cap Fund
2026-02-09,119775,Kotak Midcap Fund - Direct Plan - Growth,160.443,Kotak Mahindra Mutual Fund,Equity Scheme - Mid Cap Fund
2026-02-10,119775,Kotak Midcap Fund - Direct Plan - Growth,160.884,Kotak Mahindra Mutual Fund,Equity Scheme - Mid Cap Fund
2026-02-11,119775,Kotak Midcap Fund - Direct Plan - Growth,161.182,Kotak Mahindra Mutual Fund,Equity Scheme - Mid Cap Fund
2026-02-12,119775,Kotak Midcap Fund - Direct Plan - Growth,160.398,Kotak Mahindra Mutual Fund,Equity Scheme - Mid Cap Fund
2026-02-13,119775,Kotak Midcap Fund - Direct Plan - Growth,158.524,Kotak Mahindra Mutual Fund,Equity Scheme - Mid Cap Fund
2026-02-16,119775,Kotak Midcap Fund - Direct Plan - Growth,159.053,Kotak Mahindra Mutual Fund,Equity Scheme - Mid Cap Fund
2026-02-17,119775,Kotak Midcap Fund - Direct Plan - Growth,159.806,Kotak Mahindra Mutual Fund,Equity Scheme - Mid Cap Fund
2026-02-18,119775,Kotak Midcap Fund - Direct Plan - Growth,160.832,Kotak Mahindra Mutual Fund,Equity Scheme - Mid Cap Fund
2026-02-19,119775,Kotak Midcap Fund - Direct Plan - Growth,158.016,Kotak Mahindra Mutual Fund,Equity Scheme - Mid Cap Fund
2026-02-20,119775,Kotak Midcap Fund - Direct Plan - Growth,158.61,Kotak Mahindra Mutual Fund,Equity Scheme - Mid Cap Fund
2026-02-23,119775,Kotak Midcap Fund - Direct Plan - Growth,159.407,Kotak Mahindra Mutual Fund,Equity Scheme - Mid Cap Fund
2026-02-24,119775,Kotak Midcap Fund - Direct Plan - Growth,158.851,Kotak Mahindra Mutual Fund,Equity Scheme - Mid Cap Fund
2026-02-25,119775,Kotak Midcap Fund - Direct Plan - Growth,160.09,Kotak Mahindra Mutual Fund,Equity Scheme - Mid Cap Fund
2026-02-26,119775,Kotak Midcap Fund - Direct Plan - Growth,161.183,Kotak Mahindra Mutual Fund,Equity Scheme - Mid Cap Fund
2026-02-27,119775,Kotak Midcap Fund - Direct Plan - Growth,159.422,Kotak Mahindra Mutual Fund,Equity Scheme - Mid Cap Fund
2026-03-02,119775,Kotak Midcap Fund - Direct Plan - Growth,157.214,Kotak Mahindra Mutual Fund,Equity Scheme - Mid Cap Fund
2026-03-04,119775,Kotak Midcap Fund - Direct Plan - Growth,153.708,Kotak Mahindra Mutual Fund,Equity Scheme - Mid Cap Fund
2026-03-05,119775,Kotak Midcap Fund - Direct Plan - Growth,155.862,Kotak Mahindra Mutual Fund,Equity Scheme - Mid Cap Fund
2026-03-06,119775,Kotak Midcap Fund - Direct Plan - Growth,154.947,Kotak Mahindra Mutual Fund,Equity Scheme - Mid Cap Fund
2026-03-09,119775,Kotak Midcap Fund - Direct Plan - Growth,151.698,Kotak Mahindra Mutual Fund,Equity Scheme - Mid Cap Fund
2026-03-10,119775,Kotak Midcap Fund - Direct Plan - Growth,153.708,Kotak Mahindra Mutual Fund,Equity Scheme - Mid Cap Fund
2026-03-11,119775,Kotak Midcap Fund - Direct Plan - Growth,151.759,Kotak Mahindra Mutual Fund,Equity Scheme - Mid Cap Fund
2026-03-12,119775,Kotak Midcap Fund - Direct Plan - Growth,151.348,Kotak Mahindra Mutual Fund,Equity Scheme - Mid Cap Fund
2026-03-13,119775,Kotak Midcap Fund - Direct Plan - Growth,147.135,Kotak Mahindra Mutual Fund,Equity Scheme - Mid Cap Fund
2026-03-16,119775,Kotak Midcap Fund - Direct Plan - Growth,146.356,Kotak Mahindra Mutual Fund,Equity Scheme - Mid Cap Fund
2026-03-17,119775,Kotak Midcap Fund - Direct Plan - Growth,148.018,Kotak Mahindra Mutual Fund,Equity Scheme - Mid Cap Fund
2026-03-18,119775,Kotak Midcap Fund - Direct Plan - Growth,150.824,Kotak Mahindra Mutual Fund,Equity Scheme - Mid Cap Fund
2026-03-19,119775,Kotak Midcap Fund - Direct Plan - Growth,146.404,Kotak Mahindra Mutual Fund,Equity Scheme - Mid Cap Fund
2026-03-20,119775,Kotak Midcap Fund - Direct Plan - Growth,146.765,Kotak Mahindra Mutual Fund,Equity Scheme - Mid Cap Fund
2026-03-23,119775,Kotak Midcap Fund - Direct Plan - Growth,141.582,Kotak Mahindra Mutual Fund,Equity Scheme - Mid Cap Fund
2026-03-24,119775,Kotak Midcap Fund - Direct Plan - Growth,144.863,Kotak Mahindra Mutual Fund,Equity Scheme - Mid Cap Fund
2026-03-25,119775,Kotak Midcap Fund - Direct Plan - Growth,148.436,Kotak Mahindra Mutual Fund,Equity Scheme - Mid Cap Fund
2026-03-27,119775,Kotak Midcap Fund - Direct Plan - Growth,145.7,Kotak Mahindra Mutual Fund,Equity Scheme - Mid Cap Fund
2026-03-30,119775,Kotak Midcap Fund - Direct Plan - Growth,142.194,Kotak Mahindra Mutual Fund,Equity Scheme - Mid Cap Fund
2026-03-31,119775,Kotak Midcap Fund - Direct Plan - Growth,142.194,Kotak Mahindra Mutual Fund,Equity Scheme - Mid Cap Fund
2026-04-01,119775,Kotak Midcap Fund - Direct Plan - Growth,145.035,Kotak Mahindra Mutual Fund,Equity Scheme - Mid Cap Fund
2026-04-02,119775,Kotak Midcap Fund - Direct Plan - Growth,144.661,Kotak Mahindra Mutual Fund,Equity Scheme - Mid Cap Fund
2026-04-06,119775,Kotak Midcap Fund - Direct Plan - Growth,146.516,Kotak Mahindra Mutual Fund,Equity Scheme - Mid Cap Fund
2026-04-07,119775,Kotak Midcap Fund - Direct Plan - Growth,147.145,Kotak Mahindra Mutual Fund,Equity Scheme - Mid Cap Fund
2026-04-08,119775,Kotak Midcap Fund - Direct Plan - Growth,152.335,Kotak Mahindra Mutual Fund,Equity Scheme - Mid Cap Fund
2026-04-09,119775,Kotak Midcap Fund - Direct Plan - Growth,152.88,Kotak Mahindra Mutual Fund,Equity Scheme - Mid Cap Fund
2026-04-10,119775,Kotak Midcap Fund - Direct Plan - Growth,155.462,Kotak Mahindra Mutual Fund,Equity Scheme - Mid Cap Fund
2026-04-13,119775,Kotak Midcap Fund - Direct Plan - Growth,154.381,Kotak Mahindra Mutual Fund,Equity Scheme - Mid Cap Fund
2026-04-15,119775,Kotak Midcap Fund - Direct Plan - Growth,157.823,Kotak Mahindra Mutual Fund,Equity Scheme - Mid Cap Fund
2026-04-16,119775,Kotak Midcap Fund - Direct Plan - Growth,158.951,Kotak Mahindra Mutual Fund,Equity Scheme - Mid Cap Fund
2026-04-17,119775,Kotak Midcap Fund - Direct Plan - Growth,160.676,Kotak Mahindra Mutual Fund,Equity Scheme - Mid Cap Fund
2026-04-20,119775,Kotak Midcap Fund - Direct Plan - Growth,160.979,Kotak Mahindra Mutual Fund,Equity Scheme - Mid Cap Fund
2026-04-21,119775,Kotak Midcap Fund - Direct Plan - Growth,162.294,Kotak Mahindra Mutual Fund,Equity Scheme - Mid Cap Fund
2026-04-22,119775,Kotak Midcap Fund - Direct Plan - Growth,162.745,Kotak Mahindra Mutual Fund,Equity Scheme - Mid Cap Fund
2026-04-23,119775,Kotak Midcap Fund - Direct Plan - Growth,162.538,Kotak Mahindra Mutual Fund,Equity Scheme - Mid Cap Fund
2026-04-24,119775,Kotak Midcap Fund - Direct Plan - Growth,161.262,Kotak Mahindra Mutual Fund,Equity Scheme - Mid Cap Fund
2026-04-27,119775,Kotak Midcap Fund - Direct Plan - Growth,163.247,Kotak Mahindra Mutual Fund,Equity Scheme - Mid Cap Fund
2026-04-28,119775,Kotak Midcap Fund - Direct Plan - Growth,162.786,Kotak Mahindra Mutual Fund,Equity Scheme - Mid Cap Fund
2026-04-29,119775,Kotak Midcap Fund - Direct Plan - Growth,162.407,Kotak Mahindra Mutual Fund,Equity Scheme - Mid Cap Fund
2026-04-30,119775,Kotak Midcap Fund - Direct Plan - Growth,160.518,Kotak Mahindra Mutual Fund,Equity Scheme - Mid Cap Fund
2026-05-04,119775,Kotak Midcap Fund - Direct Plan - Growth,162.223,Kotak Mahindra Mutual Fund,Equity Scheme - Mid Cap Fund
2026-05-05,119775,Kotak Midcap Fund - Direct Plan - Growth,162.477,Kotak Mahindra Mutual Fund,Equity Scheme - Mid Cap Fund
2026-05-06,119775,Kotak Midcap Fund - Direct Plan - Growth,164.967,Kotak Mahindra Mutual Fund,Equity Scheme - Mid Cap Fund
2026-05-07,119775,Kotak Midcap Fund - Direct Plan - Growth,166.001,Kotak Mahindra Mutual Fund,Equity Scheme - Mid Cap Fund
2026-05-08,119775,Kotak Midcap Fund - Direct Plan - Growth,165.582,Kotak Mahindra Mutual Fund,Equity Scheme - Mid Cap Fund
2026-05-11,119775,Kotak Midcap Fund - Direct Plan - Growth,163.561,Kotak Mahindra Mutual Fund,Equity Scheme - Mid Cap Fund
2026-05-12,119775,Kotak Midcap Fund - Direct Plan - Growth,159.363,Kotak Mahindra Mutual Fund,Equity Scheme - Mid Cap Fund
2026-05-13,119775,Kotak Midcap Fund - Direct Plan - Growth,159.942,Kotak Mahindra Mutual Fund,Equity Scheme - Mid Cap Fund
2026-05-14,119775,Kotak Midcap Fund - Direct Plan - Growth,161.254,Kotak Mahindra Mutual Fund,Equity Scheme - Mid Cap Fund
2026-05-15,119775,Kotak Midcap Fund - Direct Plan - Growth,160.712,Kotak Mahindra Mutual Fund,Equity Scheme - Mid Cap Fund
2026-05-18,119775,Kotak Midcap Fund - Direct Plan - Growth,160.431,Kotak Mahindra Mutual Fund,Equity Scheme - Mid Cap Fund
2026-05-19,119775,Kotak Midcap Fund - Direct Plan - Growth,161.586,Kotak Mahindra Mutual Fund,Equity Scheme - Mid Cap Fund
2026-05-20,119775,Kotak Midcap Fund - Direct Plan - Growth,161.99,Kotak Mahindra Mutual Fund,Equity Scheme - Mid Cap Fund
2026-05-21,119775,Kotak Midcap Fund - Direct Plan - Growth,162.592,Kotak Mahindra Mutual Fund,Equity Scheme - Mid Cap Fund
2026-05-22,119775,Kotak Midcap Fund - Direct Plan - Growth,162.551,Kotak Mahindra Mutual Fund,Equity Scheme - Mid Cap Fund
2026-05-25,119775,Kotak Midcap Fund - Direct Plan - Growth,164.01,Kotak Mahindra Mutual Fund,Equity Scheme - Mid Cap Fund
2026-05-26,119775,Kotak Midcap Fund - Direct Plan - Growth,164.034,Kotak Mahindra Mutual Fund,Equity Scheme - Mid Cap Fund
2026-05-27,119775,Kotak Midcap Fund - Direct Plan - Growth,164.772,Kotak Mahindra Mutual Fund,Equity Scheme - Mid Cap Fund
2026-05-29,119775,Kotak Midcap Fund - Direct Plan - Growth,162.367,Kotak Mahindra Mutual Fund,Equity Scheme - Mid Cap Fund
2026-06-01,119775,Kotak Midcap Fund - Direct Plan - Growth,160.429,Kotak Mahindra Mutual Fund,Equity Scheme - Mid Cap Fund
2026-06-02,119775,Kotak Midcap Fund - Direct Plan - Growth,161.463,Kotak Mahindra Mutual Fund,Equity Scheme - Mid Cap Fund
2026-06-03,119775,Kotak Midcap Fund - Direct Plan - Growth,161.201,Kotak Mahindra Mutual Fund,Equity Scheme - Mid Cap Fund
2026-06-04,119775,Kotak Midcap Fund - Direct Plan - Growth,162.148,Kotak Mahindra Mutual Fund,Equity Scheme - Mid Cap Fund
2026-06-05,119775,Kotak Midcap Fund - Direct Plan - Growth,162.614,Kotak Mahindra Mutual Fund,Equity Scheme - Mid Cap Fund
2026-06-08,119775,Kotak Midcap Fund - Direct Plan - Growth,160.189,Kotak Mahindra Mutual Fund,Equity Scheme - Mid Cap Fund
2026-06-09,119775,Kotak Midcap Fund - Direct Plan - Growth,162.509,Kotak Mahindra Mutual Fund,Equity Scheme - Mid Cap Fund
2026-06-10,119775,Kotak Midcap Fund - Direct Plan - Growth,161.134,Kotak Mahindra Mutual Fund,Equity Scheme - Mid Cap Fund
2026-06-11,119775,Kotak Midcap Fund - Direct Plan - Growth,159.759,Kotak Mahindra Mutual Fund,Equity Scheme - Mid Cap Fund
2026-06-12,119775,Kotak Midcap Fund - Direct Plan - Growth,163.466,Kotak Mahindra Mutual Fund,Equity Scheme - Mid Cap Fund
2026-06-15,119775,Kotak Midcap Fund - Direct Plan - Growth,166.019,Kotak Mahindra Mutual Fund,Equity Scheme - Mid Cap Fund
2026-06-16,119775,Kotak Midcap Fund - Direct Plan - Growth,166.467,Kotak Mahindra Mutual Fund,Equity Scheme - Mid Cap Fund
2026-06-17,119775,Kotak Midcap Fund - Direct Plan - Growth,167.965,Kotak Mahindra Mutual Fund,Equity Scheme - Mid Cap Fund
2026-06-18,119775,Kotak Midcap Fund - Direct Plan - Growth,168.241,Kotak Mahindra Mutual Fund,Equity Scheme - Mid Cap Fund
2026-06-19,119775,Kotak Midcap Fund - Direct Plan - Growth,169.553,Kotak Mahindra Mutual Fund,Equity Scheme - Mid Cap Fund
2026-06-22,119775,Kotak Midcap Fund - Direct Plan - Growth,170.004,Kotak Mahindra Mutual Fund,Equity Scheme - Mid Cap Fund
2026-06-23,119775,Kotak Midcap Fund - Direct Plan - Growth,169.097,Kotak Mahindra Mutual Fund,Equity Scheme - Mid Cap Fund
2026-06-24,119775,Kotak Midcap Fund - Direct Plan - Growth,169.105,Kotak Mahindra Mutual Fund,Equity Scheme - Mid Cap Fund
2026-06-25,119775,Kotak Midcap Fund - Direct Plan - Growth,168.272,Kotak Mahindra Mutual Fund,Equity Scheme - Mid Cap Fund
2026-06-29,119775,Kotak Midcap Fund - Direct Plan - Growth,167.143,Kotak Mahindra Mutual Fund,Equity Scheme - Mid Cap Fund
2026-06-30,119775,Kotak Midcap Fund - Direct Plan - Growth,168.093,Kotak Mahindra Mutual Fund,Equity Scheme - Mid Cap Fund
2026-07-01,119775,Kotak Midcap Fund - Direct Plan - Growth,168.007,Kotak Mahindra Mutual Fund,Equity Scheme - Mid Cap Fund
2026-07-02,119775,Kotak Midcap Fund - Direct Plan - Growth,169.817,Kotak Mahindra Mutual Fund,Equity Scheme - Mid Cap Fund
2026-07-03,119775,Kotak Midcap Fund - Direct Plan - Growth,169.953,Kotak Mahindra Mutual Fund,Equity Scheme - Mid Cap Fund
2026-07-06,119775,Kotak Midcap Fund - Direct Plan - Growth,170.905,Kotak Mahindra Mutual Fund,Equity Scheme - Mid Cap Fund
2026-07-07,119775,Kotak Midcap Fund - Direct Plan - Growth,170.626,Kotak Mahindra Mutual Fund,Equity Scheme - Mid Cap Fund
2026-07-08,119775,Kotak Midcap Fund - Direct Plan - Growth,167.202,Kotak Mahindra Mutual Fund,Equity Scheme - Mid Cap Fund
2026-07-09,119775,Kotak Midcap Fund - Direct Plan - Growth,169.51,Kotak Mahindra Mutual Fund,Equity Scheme - Mid Cap Fund
2026-07-10,119775,Kotak Midcap Fund - Direct Plan - Growth,172.034,Kotak Mahindra Mutual Fund,Equity Scheme - Mid Cap Fund
2026-07-13,119775,Kotak Midcap Fund - Direct Plan - Growth,171.782,Kotak Mahindra Mutual Fund,Equity Scheme - Mid Cap Fund
2026-07-14,119775,Kotak Midcap Fund - Direct Plan - Growth,170.817,Kotak Mahindra Mutual Fund,Equity Scheme - Mid Cap Fund
2026-07-15,119775,Kotak Midcap Fund - Direct Plan - Growth,171.968,Kotak Mahindra Mutual Fund,Equity Scheme - Mid Cap Fund
2026-07-16,119775,Kotak Midcap Fund - Direct Plan - Growth,171.107,Kotak Mahindra Mutual Fund,Equity Scheme - Mid Cap Fund
2026-07-17,119775,Kotak Midcap Fund - Direct Plan - Growth,171.164,Kotak Mahindra Mutual Fund,Equity Scheme - Mid Cap Fund
2026-07-20,119775,Kotak Midcap Fund - Direct Plan - Growth,171.832,Kotak Mahindra Mutual Fund,Equity Scheme - Mid Cap Fund
2026-07-21,119775,Kotak Midcap Fund - Direct Plan - Growth,172.431,Kotak Mahindra Mutual Fund,Equity Scheme - Mid Cap Fund
2026-07-22,119775,Kotak Midcap Fund - Direct Plan - Growth,170.183,Kotak Mahindra Mutual Fund,Equity Scheme - Mid Cap Fund
2026-07-23,119775,Kotak Midcap Fund - Direct Plan - Growth,168.481,Kotak Mahindra Mutual Fund,Equity Scheme - Mid Cap Fund
2026-07-24,119775,Kotak Midcap Fund - Direct Plan - Growth,168.139,Kotak Mahindra Mutual Fund,Equity Scheme - Mid Cap Fund
