Date,Scheme_Code,Scheme_Name,NAV,Fund_House,Scheme_Category
2013-11-18,125497,SBI Small Cap Fund - Direct Plan - Growth,13.0894,SBI Mutual Fund,Equity Scheme - Small Cap Fund
2013-11-19,125497,SBI Small Cap Fund - Direct Plan - Growth,13.1068,SBI Mutual Fund,Equity Scheme - Small Cap Fund
2013-11-20,125497,SBI Small Cap Fund - Direct Plan - Growth,12.9549,SBI Mutual Fund,Equity Scheme - Small Cap Fund
2013-11-21,125497,SBI Small Cap Fund - Direct Plan - Growth,12.7957,SBI Mutual Fund,Equity Scheme - Small Cap Fund
2013-11-22,125497,SBI Small Cap Fund - Direct Plan - Growth,12.7775,SBI Mutual Fund,Equity Scheme - Small Cap Fund
2013-11-25,125497,SBI Small Cap Fund - Direct Plan - Growth,12.8548,SBI Mutual Fund,Equity Scheme - Small Cap Fund
2013-11-26,125497,SBI Small Cap Fund - Direct Plan - Growth,12.8591,SBI Mutual Fund,Equity Scheme - Small Cap Fund
2013-11-27,125497,SBI Small Cap Fund - Direct Plan - Growth,12.8389,SBI Mutual Fund,Equity Scheme - Small Cap Fund
2013-11-28,125497,SBI Small Cap Fund - Direct Plan - Growth,12.8773,SBI Mutual Fund,Equity Scheme - Small Cap Fund
2013-11-29,125497,SBI Small Cap Fund - Direct Plan - Growth,12.9509,SBI Mutual Fund,Equity Scheme - Small Cap Fund
2013-12-02,125497,SBI Small Cap Fund - Direct Plan - Growth,13.0012,SBI Mutual Fund,Equity Scheme - Small Cap Fund
2013-12-03,125497,SBI Small Cap Fund - Direct Plan - Growth,13.0048,SBI Mutual Fund,Equity Scheme - Small Cap Fund
2013-12-04,125497,SBI Small Cap Fund - Direct Plan - Growth,12.9799,SBI Mutual Fund,Equity Scheme - Small Cap Fund
2013-12-05,125497,SBI Small Cap Fund - Direct Plan - Growth,13.0319,SBI Mutual Fund,Equity Scheme - Small Cap Fund
2013-12-06,125497,SBI Small Cap Fund - Direct Plan - Growth,13.0439,SBI Mutual Fund,Equity Scheme - Small Cap Fund
2013-12-09,125497,SBI Small Cap Fund - Direct Plan - Growth,13.0282,SBI Mutual Fund,Equity Scheme - Small Cap Fund
2013-12-10,125497,SBI Small Cap Fund - Direct Plan - Growth,13.0325,SBI Mutual Fund,Equity Scheme - Small Cap Fund
2013-12-11,125497,SBI Small Cap Fund - Direct Plan - Growth,13.0129,SBI Mutual Fund,Equity Scheme - Small Cap Fund
2013-12-12,125497,SBI Small Cap Fund - Direct Plan - Growth,13.0021,SBI Mutual Fund,Equity Scheme - Small Cap Fund
2013-12-13,125497,SBI Small Cap Fund - Direct Plan - Growth,12.9891,SBI Mutual Fund,Equity Scheme - Small Cap Fund
2013-12-16,125497,SBI Small Cap Fund - Direct Plan - Growth,13.0345,SBI Mutual Fund,Equity Scheme - Small Cap Fund
2013-12-17,125497,SBI Small Cap Fund - Direct Plan - Growth,12.9569,SBI Mutual Fund,Equity Scheme - Small Cap Fund
2013-12-18,125497,SBI Small Cap Fund - Direct Plan - Growth,13.0672,SBI Mutual Fund,Equity Scheme - Small Cap Fund
2013-12-19,125497,SBI Small Cap Fund - Direct Plan - Growth,13.1392,SBI Mutual Fund,Equity Scheme - Small Cap Fund
2013-12-20,125497,SBI Small Cap Fund - Direct Plan - Growth,13.1776,SBI Mutual Fund,Equity Scheme - Small Cap Fund
2013-12-23,125497,SBI Small Cap Fund - Direct Plan - Growth,13.1886,SBI Mutual Fund,Equity Scheme - Small Cap Fund
2013-12-24,125497,SBI Small Cap Fund - Direct Plan - Growth,13.2683,SBI Mutual Fund,Equity Scheme - Small Cap Fund
2013-12-26,125497,SBI Small Cap Fund - Direct Plan - Growth,13.4811,SBI Mutual Fund,Equity Scheme - Small Cap Fund
2013-12-27,125497,SBI Small Cap Fund - Direct Plan - Growth,13.5024,SBI Mutual Fund,Equity Scheme - Small Cap Fund
2013-12-30,125497,SBI Small Cap Fund - Direct Plan - Growth,13.5862,SBI Mutual Fund,Equity Scheme - Small Cap Fund
2013-12-31,125497,SBI Small Cap Fund - Direct Plan - Growth,13.7277,SBI Mutual Fund,Equity Scheme - Small Cap Fund
2014-01-01,125497,SBI Small Cap Fund - Direct Plan - Growth,13.7418,SBI Mutual Fund,Equity Scheme - Small Cap Fund
2014-01-02,125497,SBI Small Cap Fund - Direct Plan - Growth,13.7553,SBI Mutual Fund,Equity Scheme - Small Cap Fund
2014-01-03,125497,SBI Small Cap Fund - Direct Plan - Growth,13.8494,SBI Mutual Fund,Equity Scheme - Small Cap Fund
2014-01-06,125497,SBI Small Cap Fund - Direct Plan - Growth,13.8568,SBI Mutual Fund,Equity Scheme - Small Cap Fund
2014-01-07,125497,SBI Small Cap Fund - Direct Plan - Growth,13.9214,SBI Mutual Fund,Equity Scheme - Small Cap Fund
2014-01-08,125497,SBI Small Cap Fund - Direct Plan - Growth,14.0081,SBI Mutual Fund,Equity Scheme - Small Cap Fund
2014-01-09,125497,SBI Small Cap Fund - Direct Plan - Growth,13.8644,SBI Mutual Fund,Equity Scheme - Small Cap Fund
2014-01-10,125497,SBI Small Cap Fund - Direct Plan - Growth,13.8143,SBI Mutual Fund,Equity Scheme - Small Cap Fund
2014-01-13,125497,SBI Small Cap Fund - Direct Plan - Growth,13.7909,SBI Mutual Fund,Equity Scheme - Small Cap Fund
2014-01-14,125497,SBI Small Cap Fund - Direct Plan - Growth,13.8249,SBI Mutual Fund,Equity Scheme - Small Cap Fund
2014-01-15,125497,SBI Small Cap Fund - Direct Plan - Growth,14.0209,SBI Mutual Fund,Equity Scheme - Small Cap Fund
2014-01-16,125497,SBI Small Cap Fund - Direct Plan - Growth,14.0042,SBI Mutual Fund,Equity Scheme - Small Cap Fund
2014-01-17,125497,SBI Small Cap Fund - Direct Plan - Growth,13.7841,SBI Mutual Fund,Equity Scheme - Small Cap Fund
2014-01-20,125497,SBI Small Cap Fund - Direct Plan - Growth,13.8144,SBI Mutual Fund,Equity Scheme - Small Cap Fund
2014-01-21,125497,SBI Small Cap Fund - Direct Plan - Growth,13.8659,SBI Mutual Fund,Equity Scheme - Small Cap Fund
2014-01-22,125497,SBI Small Cap Fund - Direct Plan - Growth,13.9302,SBI Mutual Fund,Equity Scheme - Small Cap Fund
2014-01-23,125497,SBI Small Cap Fund - Direct Plan - Growth,13.9537,SBI Mutual Fund,Equity Scheme - Small Cap Fund
2014-01-24,125497,SBI Small Cap Fund - Direct Plan - Growth,13.8688,SBI Mutual Fund,Equity Scheme - Small Cap Fund
2014-01-27,125497,SBI Small Cap Fund - Direct Plan - Growth,13.6829,SBI Mutual Fund,Equity Scheme - Small Cap Fund
2014-01-28,125497,SBI Small Cap Fund - Direct Plan - Growth,13.5678,SBI Mutual Fund,Equity Scheme - Small Cap Fund
2014-01-29,125497,SBI Small Cap Fund - Direct Plan - Growth,13.4977,SBI Mutual Fund,Equity Scheme - Small Cap Fund
2014-01-30,125497,SBI Small Cap Fund - Direct Plan - Growth,13.4661,SBI Mutual Fund,Equity Scheme - Small Cap Fund
2014-01-31,125497,SBI Small Cap Fund - Direct Plan - Growth,13.6059,SBI Mutual Fund,Equity Scheme - Small Cap Fund
2014-02-03,125497,SBI Small Cap Fund - Direct Plan - Growth,13.4995,SBI Mutual Fund,Equity Scheme - Small Cap Fund
2014-02-04,125497,SBI Small Cap Fund - Direct Plan - Growth,13.4717,SBI Mutual Fund,Equity Scheme - Small Cap Fund
2014-02-05,125497,SBI Small Cap Fund - Direct Plan - Growth,13.5431,SBI Mutual Fund,Equity Scheme - Small Cap Fund
2014-02-06,125497,SBI Small Cap Fund - Direct Plan - Growth,13.5883,SBI Mutual Fund,Equity Scheme - Small Cap Fund
2014-02-07,125497,SBI Small Cap Fund - Direct Plan - Growth,13.5552,SBI Mutual Fund,Equity Scheme - Small Cap Fund
2014-02-10,125497,SBI Small Cap Fund - Direct Plan - Growth,13.7402,SBI Mutual Fund,Equity Scheme - Small Cap Fund
2014-02-11,125497,SBI Small Cap Fund - Direct Plan - Growth,13.6983,SBI Mutual Fund,Equity Scheme - Small Cap Fund
2014-02-12,125497,SBI Small Cap Fund - Direct Plan - Growth,13.6874,SBI Mutual Fund,Equity Scheme - Small Cap Fund
2014-02-13,125497,SBI Small Cap Fund - Direct Plan - Growth,13.678,SBI Mutual Fund,Equity Scheme - Small Cap Fund
2014-02-14,125497,SBI Small Cap Fund - Direct Plan - Growth,13.5948,SBI Mutual Fund,Equity Scheme - Small Cap Fund
2014-02-17,125497,SBI Small Cap Fund - Direct Plan - Growth,13.6423,SBI Mutual Fund,Equity Scheme - Small Cap Fund
2014-02-18,125497,SBI Small Cap Fund - Direct Plan - Growth,13.6801,SBI Mutual Fund,Equity Scheme - Small Cap Fund
2014-02-19,125497,SBI Small Cap Fund - Direct Plan - Growth,13.801,SBI Mutual Fund,Equity Scheme - Small Cap Fund
2014-02-20,125497,SBI Small Cap Fund - Direct Plan - Growth,13.8913,SBI Mutual Fund,Equity Scheme - Small Cap Fund
2014-02-21,125497,SBI Small Cap Fund - Direct Plan - Growth,14.037,SBI Mutual Fund,Equity Scheme - Small Cap Fund
2014-02-24,125497,SBI Small Cap Fund - Direct Plan - Growth,14.1905,SBI Mutual Fund,Equity Scheme - Small Cap Fund
2014-02-25,125497,SBI Small Cap Fund - Direct Plan - Growth,14.2704,SBI Mutual Fund,Equity Scheme - Small Cap Fund
2014-02-26,125497,SBI Small Cap Fund - Direct Plan - Growth,14.1733,SBI Mutual Fund,Equity Scheme - Small Cap Fund
2014-02-28,125497,SBI Small Cap Fund - Direct Plan - Growth,14.2102,SBI Mutual Fund,Equity Scheme - Small Cap Fund
2014-03-03,125497,SBI Small Cap Fund - Direct Plan - Growth,14.2753,SBI Mutual Fund,Equity Scheme - Small Cap Fund
2014-03-04,125497,SBI Small Cap Fund - Direct Plan - Growth,14.4166,SBI Mutual Fund,Equity Scheme - Small Cap Fund
2014-03-05,125497,SBI Small Cap Fund - Direct Plan - Growth,14.5448,SBI Mutual Fund,Equity Scheme - Small Cap Fund
2014-03-06,125497,SBI Small Cap Fund - Direct Plan - Growth,14.6678,SBI Mutual Fund,Equity Scheme - Small Cap Fund
2014-03-07,125497,SBI Small Cap Fund - Direct Plan - Growth,14.5275,SBI Mutual Fund,Equity Scheme - Small Cap Fund
2014-03-10,125497,SBI Small Cap Fund - Direct Plan - Growth,14.5576,SBI Mutual Fund,Equity Scheme - Small Cap Fund
2014-03-11,125497,SBI Small Cap Fund - Direct Plan - Growth,14.6449,SBI Mutual Fund,Equity Scheme - Small Cap Fund
2014-03-12,125497,SBI Small Cap Fund - Direct Plan - Growth,14.7175,SBI Mutual Fund,Equity Scheme - Small Cap Fund
2014-03-13,125497,SBI Small Cap Fund - Direct Plan - Growth,14.7121,SBI Mutual Fund,Equity Scheme - Small Cap Fund
2014-03-14,125497,SBI Small Cap Fund - Direct Plan - Growth,14.6527,SBI Mutual Fund,Equity Scheme - Small Cap Fund
2014-03-18,125497,SBI Small Cap Fund - Direct Plan - Growth,14.7961,SBI Mutual Fund,Equity Scheme - Small Cap Fund
2014-03-19,125497,SBI Small Cap Fund - Direct Plan - Growth,14.7118,SBI Mutual Fund,Equity Scheme - Small Cap Fund
2014-03-20,125497,SBI Small Cap Fund - Direct Plan - Growth,14.8045,SBI Mutual Fund,Equity Scheme - Small Cap Fund
2014-03-21,125497,SBI Small Cap Fund - Direct Plan - Growth,14.9389,SBI Mutual Fund,Equity Scheme - Small Cap Fund
2014-03-24,125497,SBI Small Cap Fund - Direct Plan - Growth,14.9833,SBI Mutual Fund,Equity Scheme - Small Cap Fund
2014-03-25,125497,SBI Small Cap Fund - Direct Plan - Growth,15.017,SBI Mutual Fund,Equity Scheme - Small Cap Fund
2014-03-26,125497,SBI Small Cap Fund - Direct Plan - Growth,15.0172,SBI Mutual Fund,Equity Scheme - Small Cap Fund
2014-03-27,125497,SBI Small Cap Fund - Direct Plan - Growth,15.016,SBI Mutual Fund,Equity Scheme - Small Cap Fund
2014-03-28,125497,SBI Small Cap Fund - Direct Plan - Growth,15.1698,SBI Mutual Fund,Equity Scheme - Small Cap Fund
2014-03-31,125497,SBI Small Cap Fund - Direct Plan - Growth,15.2761,SBI Mutual Fund,Equity Scheme - Small Cap Fund
2014-04-01,125497,SBI Small Cap Fund - Direct Plan - Growth,15.3236,SBI Mutual Fund,Equity Scheme - Small Cap Fund
2014-04-02,125497,SBI Small Cap Fund - Direct Plan - Growth,15.5261,SBI Mutual Fund,Equity Scheme - Small Cap Fund
2014-04-03,125497,SBI Small Cap Fund - Direct Plan - Growth,15.5016,SBI Mutual Fund,Equity Scheme - Small Cap Fund
2014-04-04,125497,SBI Small Cap Fund - Direct Plan - Growth,15.6554,SBI Mutual Fund,Equity Scheme - Small Cap Fund
2014-04-07,125497,SBI Small Cap Fund - Direct Plan - Growth,15.7238,SBI Mutual Fund,Equity Scheme - Small Cap Fund
2014-04-09,125497,SBI Small Cap Fund - Direct Plan - Growth,15.7721,SBI Mutual Fund,Equity Scheme - Small Cap Fund
2014-04-10,125497,SBI Small Cap Fund - Direct Plan - Growth,15.7832,SBI Mutual Fund,Equity Scheme - Small Cap Fund
2014-04-11,125497,SBI Small Cap Fund - Direct Plan - Growth,15.8805,SBI Mutual Fund,Equity Scheme - Small Cap Fund
2014-04-15,125497,SBI Small Cap Fund - Direct Plan - Growth,15.959,SBI Mutual Fund,Equity Scheme - Small Cap Fund
2014-04-16,125497,SBI Small Cap Fund - Direct Plan - Growth,15.8341,SBI Mutual Fund,Equity Scheme - Small Cap Fund
2014-04-17,125497,SBI Small Cap Fund - Direct Plan - Growth,15.9681,SBI Mutual Fund,Equity Scheme - Small Cap Fund
2014-04-21,125497,SBI Small Cap Fund - Direct Plan - Growth,16.061,SBI Mutual Fund,Equity Scheme - Small Cap Fund
2014-04-22,125497,SBI Small Cap Fund - Direct Plan - Growth,16.1917,SBI Mutual Fund,Equity Scheme - Small Cap Fund
2014-04-23,125497,SBI Small Cap Fund - Direct Plan - Growth,16.2362,SBI Mutual Fund,Equity Scheme - Small Cap Fund
2014-04-25,125497,SBI Small Cap Fund - Direct Plan - Growth,16.2714,SBI Mutual Fund,Equity Scheme - Small Cap Fund
2014-04-28,125497,SBI Small Cap Fund - Direct Plan - Growth,16.3857,SBI Mutual Fund,Equity Scheme - Small Cap Fund
2014-04-29,125497,SBI Small Cap Fund - Direct Plan - Growth,16.4239,SBI Mutual Fund,Equity Scheme - Small Cap Fund
2014-04-30,125497,SBI Small Cap Fund - Direct Plan - Growth,16.194,SBI Mutual Fund,Equity Scheme - Small Cap Fund
2014-05-02,125497,SBI Small Cap Fund - Direct Plan - Growth,16.1784,SBI Mutual Fund,Equity Scheme - Small Cap Fund
2014-05-05,125497,SBI Small Cap Fund - Direct Plan - Growth,16.1466,SBI Mutual Fund,Equity Scheme - Small Cap Fund
2014-05-06,125497,SBI Small Cap Fund - Direct Plan - Growth,16.2026,SBI Mutual Fund,Equity Scheme - Small Cap Fund
2014-05-07,125497,SBI Small Cap Fund - Direct Plan - Growth,16.2031,SBI Mutual Fund,Equity Scheme - Small Cap Fund
2014-05-08,125497,SBI Small Cap Fund - Direct Plan - Growth,16.2601,SBI Mutual Fund,Equity Scheme - Small Cap Fund
2014-05-09,125497,SBI Small Cap Fund - Direct Plan - Growth,16.2665,SBI Mutual Fund,Equity Scheme - Small Cap Fund
2014-05-12,125497,SBI Small Cap Fund - Direct Plan - Growth,16.236,SBI Mutual Fund,Equity Scheme - Small Cap Fund
2014-05-13,125497,SBI Small Cap Fund - Direct Plan - Growth,16.318,SBI Mutual Fund,Equity Scheme - Small Cap Fund
2014-05-14,125497,SBI Small Cap Fund - Direct Plan - Growth,16.3868,SBI Mutual Fund,Equity Scheme - Small Cap Fund
2014-05-15,125497,SBI Small Cap Fund - Direct Plan - Growth,16.2742,SBI Mutual Fund,Equity Scheme - Small Cap Fund
2014-05-16,125497,SBI Small Cap Fund - Direct Plan - Growth,16.3354,SBI Mutual Fund,Equity Scheme - Small Cap Fund
2014-05-19,125497,SBI Small Cap Fund - Direct Plan - Growth,16.6375,SBI Mutual Fund,Equity Scheme - Small Cap Fund
2014-05-20,125497,SBI Small Cap Fund - Direct Plan - Growth,17.0756,SBI Mutual Fund,Equity Scheme - Small Cap Fund
2014-05-21,125497,SBI Small Cap Fund - Direct Plan - Growth,17.3618,SBI Mutual Fund,Equity Scheme - Small Cap Fund
2014-05-22,125497,SBI Small Cap Fund - Direct Plan - Growth,17.6336,SBI Mutual Fund,Equity Scheme - Small Cap Fund
2014-05-23,125497,SBI Small Cap Fund - Direct Plan - Growth,17.5799,SBI Mutual Fund,Equity Scheme - Small Cap Fund
2014-05-26,125497,SBI Small Cap Fund - Direct Plan - Growth,17.2722,SBI Mutual Fund,Equity Scheme - Small Cap Fund
2014-05-27,125497,SBI Small Cap Fund - Direct Plan - Growth,17.4244,SBI Mutual Fund,Equity Scheme - Small Cap Fund
2014-05-28,125497,SBI Small Cap Fund - Direct Plan - Growth,17.7014,SBI Mutual Fund,Equity Scheme - Small Cap Fund
2014-05-29,125497,SBI Small Cap Fund - Direct Plan - Growth,17.6411,SBI Mutual Fund,Equity Scheme - Small Cap Fund
2014-05-30,125497,SBI Small Cap Fund - Direct Plan - Growth,17.5999,SBI Mutual Fund,Equity Scheme - Small Cap Fund
2014-06-02,125497,SBI Small Cap Fund - Direct Plan - Growth,17.7284,SBI Mutual Fund,Equity Scheme - Small Cap Fund
2014-06-03,125497,SBI Small Cap Fund - Direct Plan - Growth,17.7281,SBI Mutual Fund,Equity Scheme - Small Cap Fund
2014-06-04,125497,SBI Small Cap Fund - Direct Plan - Growth,18.0406,SBI Mutual Fund,Equity Scheme - Small Cap Fund
2014-06-05,125497,SBI Small Cap Fund - Direct Plan - Growth,18.2638,SBI Mutual Fund,Equity Scheme - Small Cap Fund
2014-06-06,125497,SBI Small Cap Fund - Direct Plan - Growth,18.5395,SBI Mutual Fund,Equity Scheme - Small Cap Fund
2014-06-09,125497,SBI Small Cap Fund - Direct Plan - Growth,18.8095,SBI Mutual Fund,Equity Scheme - Small Cap Fund
2014-06-10,125497,SBI Small Cap Fund - Direct Plan - Growth,18.9611,SBI Mutual Fund,Equity Scheme - Small Cap Fund
2014-06-11,125497,SBI Small Cap Fund - Direct Plan - Growth,18.7536,SBI Mutual Fund,Equity Scheme - Small Cap Fund
2014-06-12,125497,SBI Small Cap Fund - Direct Plan - Growth,18.9265,SBI Mutual Fund,Equity Scheme - Small Cap Fund
2014-06-13,125497,SBI Small Cap Fund - Direct Plan - Growth,18.7545,SBI Mutual Fund,Equity Scheme - Small Cap Fund
2014-06-16,125497,SBI Small Cap Fund - Direct Plan - Growth,18.7174,SBI Mutual Fund,Equity Scheme - Small Cap Fund
2014-06-17,125497,SBI Small Cap Fund - Direct Plan - Growth,19.0015,SBI Mutual Fund,Equity Scheme - Small Cap Fund
2014-06-18,125497,SBI Small Cap Fund - Direct Plan - Growth,19.2167,SBI Mutual Fund,Equity Scheme - Small Cap Fund
2014-06-19,125497,SBI Small Cap Fund - Direct Plan - Growth,19.1541,SBI Mutual Fund,Equity Scheme - Small Cap Fund
2014-06-20,125497,SBI Small Cap Fund - Direct Plan - Growth,19.1702,SBI Mutual Fund,Equity Scheme - Small Cap Fund
2014-06-23,125497,SBI Small Cap Fund - Direct Plan - Growth,19.1147,SBI Mutual Fund,Equity Scheme - Small Cap Fund
2014-06-24,125497,SBI Small Cap Fund - Direct Plan - Growth,19.1991,SBI Mutual Fund,Equity Scheme - Small Cap Fund
2014-06-25,125497,SBI Small Cap Fund - Direct Plan - Growth,19.3056,SBI Mutual Fund,Equity Scheme - Small Cap Fund
2014-06-26,125497,SBI Small Cap Fund - Direct Plan - Growth,19.5189,SBI Mutual Fund,Equity Scheme - Small Cap Fund
2014-06-27,125497,SBI Small Cap Fund - Direct Plan - Growth,19.669,SBI Mutual Fund,Equity Scheme - Small Cap Fund
2014-06-30,125497,SBI Small Cap Fund - Direct Plan - Growth,20.0705,SBI Mutual Fund,Equity Scheme - Small Cap Fund
2014-07-01,125497,SBI Small Cap Fund - Direct Plan - Growth,20.2237,SBI Mutual Fund,Equity Scheme - Small Cap Fund
2014-07-02,125497,SBI Small Cap Fund - Direct Plan - Growth,20.3994,SBI Mutual Fund,Equity Scheme - Small Cap Fund
2014-07-03,125497,SBI Small Cap Fund - Direct Plan - Growth,20.539,SBI Mutual Fund,Equity Scheme - Small Cap Fund
2014-07-04,125497,SBI Small Cap Fund - Direct Plan - Growth,20.7887,SBI Mutual Fund,Equity Scheme - Small Cap Fund
2014-07-07,125497,SBI Small Cap Fund - Direct Plan - Growth,20.9874,SBI Mutual Fund,Equity Scheme - Small Cap Fund
2014-07-08,125497,SBI Small Cap Fund - Direct Plan - Growth,20.4515,SBI Mutual Fund,Equity Scheme - Small Cap Fund
2014-07-09,125497,SBI Small Cap Fund - Direct Plan - Growth,20.1567,SBI Mutual Fund,Equity Scheme - Small Cap Fund
2014-07-10,125497,SBI Small Cap Fund - Direct Plan - Growth,20.1881,SBI Mutual Fund,Equity Scheme - Small Cap Fund
2014-07-11,125497,SBI Small Cap Fund - Direct Plan - Growth,19.8392,SBI Mutual Fund,Equity Scheme - Small Cap Fund
2014-07-14,125497,SBI Small Cap Fund - Direct Plan - Growth,19.7798,SBI Mutual Fund,Equity Scheme - Small Cap Fund
2014-07-15,125497,SBI Small Cap Fund - Direct Plan - Growth,19.9854,SBI Mutual Fund,Equity Scheme - Small Cap Fund
2014-07-16,125497,SBI Small Cap Fund - Direct Plan - Growth,20.4248,SBI Mutual Fund,Equity Scheme - Small Cap Fund
2014-07-17,125497,SBI Small Cap Fund - Direct Plan - Growth,20.8995,SBI Mutual Fund,Equity Scheme - Small Cap Fund
2014-07-18,125497,SBI Small Cap Fund - Direct Plan - Growth,20.8316,SBI Mutual Fund,Equity Scheme - Small Cap Fund
2014-07-21,125497,SBI Small Cap Fund - Direct Plan - Growth,21.28,SBI Mutual Fund,Equity Scheme - Small Cap Fund
2014-07-22,125497,SBI Small Cap Fund - Direct Plan - Growth,21.363,SBI Mutual Fund,Equity Scheme - Small Cap Fund
2014-07-23,125497,SBI Small Cap Fund - Direct Plan - Growth,21.24,SBI Mutual Fund,Equity Scheme - Small Cap Fund
2014-07-24,125497,SBI Small Cap Fund - Direct Plan - Growth,21.3216,SBI Mutual Fund,Equity Scheme - Small Cap Fund
2014-07-25,125497,SBI Small Cap Fund - Direct Plan - Growth,21.1489,SBI Mutual Fund,Equity Scheme - Small Cap Fund
2014-07-28,125497,SBI Small Cap Fund - Direct Plan - Growth,21.1246,SBI Mutual Fund,Equity Scheme - Small Cap Fund
2014-07-30,125497,SBI Small Cap Fund - Direct Plan - Growth,21.0491,SBI Mutual Fund,Equity Scheme - Small Cap Fund
2014-07-31,125497,SBI Small Cap Fund - Direct Plan - Growth,21.0652,SBI Mutual Fund,Equity Scheme - Small Cap Fund
2014-08-01,125497,SBI Small Cap Fund - Direct Plan - Growth,20.8274,SBI Mutual Fund,Equity Scheme - Small Cap Fund
2014-08-04,125497,SBI Small Cap Fund - Direct Plan - Growth,21.1423,SBI Mutual Fund,Equity Scheme - Small Cap Fund
2014-08-05,125497,SBI Small Cap Fund - Direct Plan - Growth,21.1792,SBI Mutual Fund,Equity Scheme - Small Cap Fund
2014-08-06,125497,SBI Small Cap Fund - Direct Plan - Growth,21.2068,SBI Mutual Fund,Equity Scheme - Small Cap Fund
2014-08-07,125497,SBI Small Cap Fund - Direct Plan - Growth,21.1366,SBI Mutual Fund,Equity Scheme - Small Cap Fund
2014-08-08,125497,SBI Small Cap Fund - Direct Plan - Growth,20.9051,SBI Mutual Fund,Equity Scheme - Small Cap Fund
2014-08-11,125497,SBI Small Cap Fund - Direct Plan - Growth,21.0294,SBI Mutual Fund,Equity Scheme - Small Cap Fund
2014-08-12,125497,SBI Small Cap Fund - Direct Plan - Growth,20.9523,SBI Mutual Fund,Equity Scheme - Small Cap Fund
2014-08-13,125497,SBI Small Cap Fund - Direct Plan - Growth,20.4227,SBI Mutual Fund,Equity Scheme - Small Cap Fund
2014-08-14,125497,SBI Small Cap Fund - Direct Plan - Growth,20.6268,SBI Mutual Fund,Equity Scheme - Small Cap Fund
2014-08-18,125497,SBI Small Cap Fund - Direct Plan - Growth,20.9437,SBI Mutual Fund,Equity Scheme - Small Cap Fund
2014-08-19,125497,SBI Small Cap Fund - Direct Plan - Growth,21.1964,SBI Mutual Fund,Equity Scheme - Small Cap Fund
2014-08-20,125497,SBI Small Cap Fund - Direct Plan - Growth,21.5099,SBI Mutual Fund,Equity Scheme - Small Cap Fund
2014-08-21,125497,SBI Small Cap Fund - Direct Plan - Growth,21.8125,SBI Mutual Fund,Equity Scheme - Small Cap Fund
2014-08-22,125497,SBI Small Cap Fund - Direct Plan - Growth,21.898,SBI Mutual Fund,Equity Scheme - Small Cap Fund
2014-08-25,125497,SBI Small Cap Fund - Direct Plan - Growth,21.7299,SBI Mutual Fund,Equity Scheme - Small Cap Fund
2014-08-26,125497,SBI Small Cap Fund - Direct Plan - Growth,21.6681,SBI Mutual Fund,Equity Scheme - Small Cap Fund
2014-08-27,125497,SBI Small Cap Fund - Direct Plan - Growth,22.0752,SBI Mutual Fund,Equity Scheme - Small Cap Fund
2014-08-28,125497,SBI Small Cap Fund - Direct Plan - Growth,22.1709,SBI Mutual Fund,Equity Scheme - Small Cap Fund
2014-09-01,125497,SBI Small Cap Fund - Direct Plan - Growth,22.5292,SBI Mutual Fund,Equity Scheme - Small Cap Fund
2014-09-02,125497,SBI Small Cap Fund - Direct Plan - Growth,22.6476,SBI Mutual Fund,Equity Scheme - Small Cap Fund
2014-09-03,125497,SBI Small Cap Fund - Direct Plan - Growth,22.842,SBI Mutual Fund,Equity Scheme - Small Cap Fund
2014-09-04,125497,SBI Small Cap Fund - Direct Plan - Growth,22.8661,SBI Mutual Fund,Equity Scheme - Small Cap Fund
2014-09-05,125497,SBI Small Cap Fund - Direct Plan - Growth,22.9624,SBI Mutual Fund,Equity Scheme - Small Cap Fund
2014-09-08,125497,SBI Small Cap Fund - Direct Plan - Growth,23.31,SBI Mutual Fund,Equity Scheme - Small Cap Fund
2014-09-09,125497,SBI Small Cap Fund - Direct Plan - Growth,23.6853,SBI Mutual Fund,Equity Scheme - Small Cap Fund
2014-09-10,125497,SBI Small Cap Fund - Direct Plan - Growth,23.8862,SBI Mutual Fund,Equity Scheme - Small Cap Fund
2014-09-11,125497,SBI Small Cap Fund - Direct Plan - Growth,24.41,SBI Mutual Fund,Equity Scheme - Small Cap Fund
2014-09-12,125497,SBI Small Cap Fund - Direct Plan - Growth,24.6248,SBI Mutual Fund,Equity Scheme - Small Cap Fund
2014-09-15,125497,SBI Small Cap Fund - Direct Plan - Growth,24.7489,SBI Mutual Fund,Equity Scheme - Small Cap Fund
2014-09-16,125497,SBI Small Cap Fund - Direct Plan - Growth,24.0716,SBI Mutual Fund,Equity Scheme - Small Cap Fund
2014-09-17,125497,SBI Small Cap Fund - Direct Plan - Growth,24.2051,SBI Mutual Fund,Equity Scheme - Small Cap Fund
2014-09-18,125497,SBI Small Cap Fund - Direct Plan - Growth,24.5974,SBI Mutual Fund,Equity Scheme - Small Cap Fund
2014-09-19,125497,SBI Small Cap Fund - Direct Plan - Growth,24.6537,SBI Mutual Fund,Equity Scheme - Small Cap Fund
2014-09-22,125497,SBI Small Cap Fund - Direct Plan - Growth,24.9688,SBI Mutual Fund,Equity Scheme - Small Cap Fund
2014-09-23,125497,SBI Small Cap Fund - Direct Plan - Growth,24.5235,SBI Mutual Fund,Equity Scheme - Small Cap Fund
2014-09-24,125497,SBI Small Cap Fund - Direct Plan - Growth,24.1531,SBI Mutual Fund,Equity Scheme - Small Cap Fund
2014-09-25,125497,SBI Small Cap Fund - Direct Plan - Growth,23.6113,SBI Mutual Fund,Equity Scheme - Small Cap Fund
2014-09-26,125497,SBI Small Cap Fund - Direct Plan - Growth,23.6912,SBI Mutual Fund,Equity Scheme - Small Cap Fund
2014-09-29,125497,SBI Small Cap Fund - Direct Plan - Growth,23.9932,SBI Mutual Fund,Equity Scheme - Small Cap Fund
2014-09-30,125497,SBI Small Cap Fund - Direct Plan - Growth,24.2982,SBI Mutual Fund,Equity Scheme - Small Cap Fund
2014-10-01,125497,SBI Small Cap Fund - Direct Plan - Growth,24.1597,SBI Mutual Fund,Equity Scheme - Small Cap Fund
2014-10-07,125497,SBI Small Cap Fund - Direct Plan - Growth,23.9234,SBI Mutual Fund,Equity Scheme - Small Cap Fund
2014-10-08,125497,SBI Small Cap Fund - Direct Plan - Growth,24.0609,SBI Mutual Fund,Equity Scheme - Small Cap Fund
2014-10-09,125497,SBI Small Cap Fund - Direct Plan - Growth,24.0814,SBI Mutual Fund,Equity Scheme - Small Cap Fund
2014-10-10,125497,SBI Small Cap Fund - Direct Plan - Growth,23.7407,SBI Mutual Fund,Equity Scheme - Small Cap Fund
2014-10-13,125497,SBI Small Cap Fund - Direct Plan - Growth,23.8232,SBI Mutual Fund,Equity Scheme - Small Cap Fund
2014-10-14,125497,SBI Small Cap Fund - Direct Plan - Growth,23.7147,SBI Mutual Fund,Equity Scheme - Small Cap Fund
2014-10-16,125497,SBI Small Cap Fund - Direct Plan - Growth,23.2763,SBI Mutual Fund,Equity Scheme - Small Cap Fund
2014-10-17,125497,SBI Small Cap Fund - Direct Plan - Growth,23.3519,SBI Mutual Fund,Equity Scheme - Small Cap Fund
2014-10-20,125497,SBI Small Cap Fund - Direct Plan - Growth,23.3913,SBI Mutual Fund,Equity Scheme - Small Cap Fund
2014-10-21,125497,SBI Small Cap Fund - Direct Plan - Growth,23.54,SBI Mutual Fund,Equity Scheme - Small Cap Fund
2014-10-22,125497,SBI Small Cap Fund - Direct Plan - Growth,23.8185,SBI Mutual Fund,Equity Scheme - Small Cap Fund
2014-10-27,125497,SBI Small Cap Fund - Direct Plan - Growth,23.9115,SBI Mutual Fund,Equity Scheme - Small Cap Fund
2014-10-28,125497,SBI Small Cap Fund - Direct Plan - Growth,24.0775,SBI Mutual Fund,Equity Scheme - Small Cap Fund
2014-10-29,125497,SBI Small Cap Fund - Direct Plan - Growth,24.2092,SBI Mutual Fund,Equity Scheme - Small Cap Fund
2014-10-30,125497,SBI Small Cap Fund - Direct Plan - Growth,24.2267,SBI Mutual Fund,Equity Scheme - Small Cap Fund
2014-10-31,125497,SBI Small Cap Fund - Direct Plan - Growth,24.3031,SBI Mutual Fund,Equity Scheme - Small Cap Fund
2014-11-03,125497,SBI Small Cap Fund - Direct Plan - Growth,24.5647,SBI Mutual Fund,Equity Scheme - Small Cap Fund
2014-11-05,125497,SBI Small Cap Fund - Direct Plan - Growth,24.6593,SBI Mutual Fund,Equity Scheme - Small Cap Fund
2014-11-07,125497,SBI Small Cap Fund - Direct Plan - Growth,24.567,SBI Mutual Fund,Equity Scheme - Small Cap Fund
2014-11-10,125497,SBI Small Cap Fund - Direct Plan - Growth,24.7095,SBI Mutual Fund,Equity Scheme - Small Cap Fund
2014-11-11,125497,SBI Small Cap Fund - Direct Plan - Growth,24.92,SBI Mutual Fund,Equity Scheme - Small Cap Fund
2014-11-12,125497,SBI Small Cap Fund - Direct Plan - Growth,25.2255,SBI Mutual Fund,Equity Scheme - Small Cap Fund
2014-11-13,125497,SBI Small Cap Fund - Direct Plan - Growth,25.3732,SBI Mutual Fund,Equity Scheme - Small Cap Fund
2014-11-14,125497,SBI Small Cap Fund - Direct Plan - Growth,25.4694,SBI Mutual Fund,Equity Scheme - Small Cap Fund
2014-11-17,125497,SBI Small Cap Fund - Direct Plan - Growth,25.74,SBI Mutual Fund,Equity Scheme - Small Cap Fund
2014-11-18,125497,SBI Small Cap Fund - Direct Plan - Growth,26.0028,SBI Mutual Fund,Equity Scheme - Small Cap Fund
2014-11-19,125497,SBI Small Cap Fund - Direct Plan - Growth,26.0641,SBI Mutual Fund,Equity Scheme - Small Cap Fund
2014-11-20,125497,SBI Small Cap Fund - Direct Plan - Growth,25.8923,SBI Mutual Fund,Equity Scheme - Small Cap Fund
2014-11-21,125497,SBI Small Cap Fund - Direct Plan - Growth,25.9891,SBI Mutual Fund,Equity Scheme - Small Cap Fund
2014-11-24,125497,SBI Small Cap Fund - Direct Plan - Growth,25.896,SBI Mutual Fund,Equity Scheme - Small Cap Fund
2014-11-25,125497,SBI Small Cap Fund - Direct Plan - Growth,25.3911,SBI Mutual Fund,Equity Scheme - Small Cap Fund
2014-11-26,125497,SBI Small Cap Fund - Direct Plan - Growth,25.6618,SBI Mutual Fund,Equity Scheme - Small Cap Fund
2014-11-27,125497,SBI Small Cap Fund - Direct Plan - Growth,26.0216,SBI Mutual Fund,Equity Scheme - Small Cap Fund
2014-11-28,125497,SBI Small Cap Fund - Direct Plan - Growth,26.2402,SBI Mutual Fund,Equity Scheme - Small Cap Fund
2014-12-01,125497,SBI Small Cap Fund - Direct Plan - Growth,26.2093,SBI Mutual Fund,Equity Scheme - Small Cap Fund
2014-12-02,125497,SBI Small Cap Fund - Direct Plan - Growth,26.5928,SBI Mutual Fund,Equity Scheme - Small Cap Fund
2014-12-03,125497,SBI Small Cap Fund - Direct Plan - Growth,27.0697,SBI Mutual Fund,Equity Scheme - Small Cap Fund
2014-12-04,125497,SBI Small Cap Fund - Direct Plan - Growth,27.342,SBI Mutual Fund,Equity Scheme - Small Cap Fund
2014-12-05,125497,SBI Small Cap Fund - Direct Plan - Growth,27.3359,SBI Mutual Fund,Equity Scheme - Small Cap Fund
2014-12-08,125497,SBI Small Cap Fund - Direct Plan - Growth,27.5153,SBI Mutual Fund,Equity Scheme - Small Cap Fund
2014-12-09,125497,SBI Small Cap Fund - Direct Plan - Growth,27.0266,SBI Mutual Fund,Equity Scheme - Small Cap Fund
2014-12-10,125497,SBI Small Cap Fund - Direct Plan - Growth,27.2901,SBI Mutual Fund,Equity Scheme - Small Cap Fund
2014-12-11,125497,SBI Small Cap Fund - Direct Plan - Growth,27.739,SBI Mutual Fund,Equity Scheme - Small Cap Fund
2014-12-12,125497,SBI Small Cap Fund - Direct Plan - Growth,27.4434,SBI Mutual Fund,Equity Scheme - Small Cap Fund
2014-12-15,125497,SBI Small Cap Fund - Direct Plan - Growth,27.3527,SBI Mutual Fund,Equity Scheme - Small Cap Fund
2014-12-16,125497,SBI Small Cap Fund - Direct Plan - Growth,26.791,SBI Mutual Fund,Equity Scheme - Small Cap Fund
2014-12-17,125497,SBI Small Cap Fund - Direct Plan - Growth,26.2936,SBI Mutual Fund,Equity Scheme - Small Cap Fund
2014-12-18,125497,SBI Small Cap Fund - Direct Plan - Growth,27.0853,SBI Mutual Fund,Equity Scheme - Small Cap Fund
2014-12-19,125497,SBI Small Cap Fund - Direct Plan - Growth,27.1556,SBI Mutual Fund,Equity Scheme - Small Cap Fund
2014-12-22,125497,SBI Small Cap Fund - Direct Plan - Growth,27.439,SBI Mutual Fund,Equity Scheme - Small Cap Fund
2014-12-23,125497,SBI Small Cap Fund - Direct Plan - Growth,27.4262,SBI Mutual Fund,Equity Scheme - Small Cap Fund
2014-12-24,125497,SBI Small Cap Fund - Direct Plan - Growth,27.4695,SBI Mutual Fund,Equity Scheme - Small Cap Fund
2014-12-26,125497,SBI Small Cap Fund - Direct Plan - Growth,27.5386,SBI Mutual Fund,Equity Scheme - Small Cap Fund
2014-12-29,125497,SBI Small Cap Fund - Direct Plan - Growth,28.1163,SBI Mutual Fund,Equity Scheme - Small Cap Fund
2014-12-30,125497,SBI Small Cap Fund - Direct Plan - Growth,28.5876,SBI Mutual Fund,Equity Scheme - Small Cap Fund
2014-12-31,125497,SBI Small Cap Fund - Direct Plan - Growth,29.2084,SBI Mutual Fund,Equity Scheme - Small Cap Fund
2015-01-01,125497,SBI Small Cap Fund - Direct Plan - Growth,29.3671,SBI Mutual Fund,Equity Scheme - Small Cap Fund
2015-01-02,125497,SBI Small Cap Fund - Direct Plan - Growth,29.4253,SBI Mutual Fund,Equity Scheme - Small Cap Fund
2015-01-05,125497,SBI Small Cap Fund - Direct Plan - Growth,29.3031,SBI Mutual Fund,Equity Scheme - Small Cap Fund
2015-01-06,125497,SBI Small Cap Fund - Direct Plan - Growth,28.566,SBI Mutual Fund,Equity Scheme - Small Cap Fund
2015-01-07,125497,SBI Small Cap Fund - Direct Plan - Growth,28.7345,SBI Mutual Fund,Equity Scheme - Small Cap Fund
2015-01-08,125497,SBI Small Cap Fund - Direct Plan - Growth,29.2325,SBI Mutual Fund,Equity Scheme - Small Cap Fund
2015-01-09,125497,SBI Small Cap Fund - Direct Plan - Growth,29.2834,SBI Mutual Fund,Equity Scheme - Small Cap Fund
2015-01-12,125497,SBI Small Cap Fund - Direct Plan - Growth,29.4713,SBI Mutual Fund,Equity Scheme - Small Cap Fund
2015-01-13,125497,SBI Small Cap Fund - Direct Plan - Growth,29.4388,SBI Mutual Fund,Equity Scheme - Small Cap Fund
2015-01-14,125497,SBI Small Cap Fund - Direct Plan - Growth,29.5028,SBI Mutual Fund,Equity Scheme - Small Cap Fund
2015-01-15,125497,SBI Small Cap Fund - Direct Plan - Growth,29.6991,SBI Mutual Fund,Equity Scheme - Small Cap Fund
2015-01-16,125497,SBI Small Cap Fund - Direct Plan - Growth,29.7293,SBI Mutual Fund,Equity Scheme - Small Cap Fund
2015-01-19,125497,SBI Small Cap Fund - Direct Plan - Growth,30.5172,SBI Mutual Fund,Equity Scheme - Small Cap Fund
2015-01-20,125497,SBI Small Cap Fund - Direct Plan - Growth,30.8184,SBI Mutual Fund,Equity Scheme - Small Cap Fund
2015-01-21,125497,SBI Small Cap Fund - Direct Plan - Growth,30.714,SBI Mutual Fund,Equity Scheme - Small Cap Fund
2015-01-22,125497,SBI Small Cap Fund - Direct Plan - Growth,30.7123,SBI Mutual Fund,Equity Scheme - Small Cap Fund
2015-01-23,125497,SBI Small Cap Fund - Direct Plan - Growth,30.4927,SBI Mutual Fund,Equity Scheme - Small Cap Fund
2015-01-27,125497,SBI Small Cap Fund - Direct Plan - Growth,30.5724,SBI Mutual Fund,Equity Scheme - Small Cap Fund
2015-01-28,125497,SBI Small Cap Fund - Direct Plan - Growth,30.7898,SBI Mutual Fund,Equity Scheme - Small Cap Fund
2015-01-29,125497,SBI Small Cap Fund - Direct Plan - Growth,30.7497,SBI Mutual Fund,Equity Scheme - Small Cap Fund
2015-01-30,125497,SBI Small Cap Fund - Direct Plan - Growth,30.5936,SBI Mutual Fund,Equity Scheme - Small Cap Fund
2015-02-02,125497,SBI Small Cap Fund - Direct Plan - Growth,30.6145,SBI Mutual Fund,Equity Scheme - Small Cap Fund
2015-02-03,125497,SBI Small Cap Fund - Direct Plan - Growth,30.7745,SBI Mutual Fund,Equity Scheme - Small Cap Fund
2015-02-04,125497,SBI Small Cap Fund - Direct Plan - Growth,30.6731,SBI Mutual Fund,Equity Scheme - Small Cap Fund
2015-02-05,125497,SBI Small Cap Fund - Direct Plan - Growth,30.2614,SBI Mutual Fund,Equity Scheme - Small Cap Fund
2015-02-06,125497,SBI Small Cap Fund - Direct Plan - Growth,29.7377,SBI Mutual Fund,Equity Scheme - Small Cap Fund
2015-02-09,125497,SBI Small Cap Fund - Direct Plan - Growth,29.397,SBI Mutual Fund,Equity Scheme - Small Cap Fund
2015-02-10,125497,SBI Small Cap Fund - Direct Plan - Growth,29.5782,SBI Mutual Fund,Equity Scheme - Small Cap Fund
2015-02-11,125497,SBI Small Cap Fund - Direct Plan - Growth,29.9083,SBI Mutual Fund,Equity Scheme - Small Cap Fund
2015-02-12,125497,SBI Small Cap Fund - Direct Plan - Growth,30.2611,SBI Mutual Fund,Equity Scheme - Small Cap Fund
2015-02-13,125497,SBI Small Cap Fund - Direct Plan - Growth,30.2844,SBI Mutual Fund,Equity Scheme - Small Cap Fund
2015-02-16,125497,SBI Small Cap Fund - Direct Plan - Growth,30.5344,SBI Mutual Fund,Equity Scheme - Small Cap Fund
2015-02-18,125497,SBI Small Cap Fund - Direct Plan - Growth,30.6868,SBI Mutual Fund,Equity Scheme - Small Cap Fund
2015-02-19,125497,SBI Small Cap Fund - Direct Plan - Growth,30.6178,SBI Mutual Fund,Equity Scheme - Small Cap Fund
2015-02-20,125497,SBI Small Cap Fund - Direct Plan - Growth,30.6869,SBI Mutual Fund,Equity Scheme - Small Cap Fund
2015-02-23,125497,SBI Small Cap Fund - Direct Plan - Growth,30.3222,SBI Mutual Fund,Equity Scheme - Small Cap Fund
2015-02-24,125497,SBI Small Cap Fund - Direct Plan - Growth,30.2175,SBI Mutual Fund,Equity Scheme - Small Cap Fund
2015-02-25,125497,SBI Small Cap Fund - Direct Plan - Growth,30.1089,SBI Mutual Fund,Equity Scheme - Small Cap Fund
2015-02-26,125497,SBI Small Cap Fund - Direct Plan - Growth,29.9507,SBI Mutual Fund,Equity Scheme - Small Cap Fund
2015-02-27,125497,SBI Small Cap Fund - Direct Plan - Growth,30.2262,SBI Mutual Fund,Equity Scheme - Small Cap Fund
2015-03-02,125497,SBI Small Cap Fund - Direct Plan - Growth,30.5216,SBI Mutual Fund,Equity Scheme - Small Cap Fund
2015-03-03,125497,SBI Small Cap Fund - Direct Plan - Growth,30.8045,SBI Mutual Fund,Equity Scheme - Small Cap Fund
2015-03-04,125497,SBI Small Cap Fund - Direct Plan - Growth,30.6349,SBI Mutual Fund,Equity Scheme - Small Cap Fund
2015-03-05,125497,SBI Small Cap Fund - Direct Plan - Growth,30.6428,SBI Mutual Fund,Equity Scheme - Small Cap Fund
2015-03-09,125497,SBI Small Cap Fund - Direct Plan - Growth,30.4317,SBI Mutual Fund,Equity Scheme - Small Cap Fund
2015-03-10,125497,SBI Small Cap Fund - Direct Plan - Growth,30.3725,SBI Mutual Fund,Equity Scheme - Small Cap Fund
2015-03-11,125497,SBI Small Cap Fund - Direct Plan - Growth,30.4375,SBI Mutual Fund,Equity Scheme - Small Cap Fund
2015-03-12,125497,SBI Small Cap Fund - Direct Plan - Growth,30.686,SBI Mutual Fund,Equity Scheme - Small Cap Fund
2015-03-13,125497,SBI Small Cap Fund - Direct Plan - Growth,30.2599,SBI Mutual Fund,Equity Scheme - Small Cap Fund
2015-03-16,125497,SBI Small Cap Fund - Direct Plan - Growth,30.179,SBI Mutual Fund,Equity Scheme - Small Cap Fund
2015-03-17,125497,SBI Small Cap Fund - Direct Plan - Growth,30.0579,SBI Mutual Fund,Equity Scheme - Small Cap Fund
2015-03-18,125497,SBI Small Cap Fund - Direct Plan - Growth,30.0143,SBI Mutual Fund,Equity Scheme - Small Cap Fund
2015-03-19,125497,SBI Small Cap Fund - Direct Plan - Growth,29.8192,SBI Mutual Fund,Equity Scheme - Small Cap Fund
2015-03-20,125497,SBI Small Cap Fund - Direct Plan - Growth,29.392,SBI Mutual Fund,Equity Scheme - Small Cap Fund
2015-03-23,125497,SBI Small Cap Fund - Direct Plan - Growth,28.911,SBI Mutual Fund,Equity Scheme - Small Cap Fund
2015-03-24,125497,SBI Small Cap Fund - Direct Plan - Growth,28.8295,SBI Mutual Fund,Equity Scheme - Small Cap Fund
2015-03-25,125497,SBI Small Cap Fund - Direct Plan - Growth,28.8366,SBI Mutual Fund,Equity Scheme - Small Cap Fund
2015-03-26,125497,SBI Small Cap Fund - Direct Plan - Growth,28.4267,SBI Mutual Fund,Equity Scheme - Small Cap Fund
2015-03-27,125497,SBI Small Cap Fund - Direct Plan - Growth,28.5473,SBI Mutual Fund,Equity Scheme - Small Cap Fund
2015-03-30,125497,SBI Small Cap Fund - Direct Plan - Growth,29.2627,SBI Mutual Fund,Equity Scheme - Small Cap Fund
2015-03-31,125497,SBI Small Cap Fund - Direct Plan - Growth,29.3347,SBI Mutual Fund,Equity Scheme - Small Cap Fund
2015-04-01,125497,SBI Small Cap Fund - Direct Plan - Growth,29.7949,SBI Mutual Fund,Equity Scheme - Small Cap Fund
2015-04-06,125497,SBI Small Cap Fund - Direct Plan - Growth,30.1584,SBI Mutual Fund,Equity Scheme - Small Cap Fund
2015-04-07,125497,SBI Small Cap Fund - Direct Plan - Growth,30.2953,SBI Mutual Fund,Equity Scheme - Small Cap Fund
2015-04-08,125497,SBI Small Cap Fund - Direct Plan - Growth,30.8106,SBI Mutual Fund,Equity Scheme - Small Cap Fund
2015-04-09,125497,SBI Small Cap Fund - Direct Plan - Growth,31.2433,SBI Mutual Fund,Equity Scheme - Small Cap Fund
2015-04-10,125497,SBI Small Cap Fund - Direct Plan - Growth,31.3292,SBI Mutual Fund,Equity Scheme - Small Cap Fund
2015-04-13,125497,SBI Small Cap Fund - Direct Plan - Growth,31.7364,SBI Mutual Fund,Equity Scheme - Small Cap Fund
2015-04-15,125497,SBI Small Cap Fund - Direct Plan - Growth,31.8726,SBI Mutual Fund,Equity Scheme - Small Cap Fund
2015-04-16,125497,SBI Small Cap Fund - Direct Plan - Growth,31.9168,SBI Mutual Fund,Equity Scheme - Small Cap Fund
2015-04-17,125497,SBI Small Cap Fund - Direct Plan - Growth,31.798,SBI Mutual Fund,Equity Scheme - Small Cap Fund
2015-04-20,125497,SBI Small Cap Fund - Direct Plan - Growth,31.0796,SBI Mutual Fund,Equity Scheme - Small Cap Fund
2015-04-21,125497,SBI Small Cap Fund - Direct Plan - Growth,31.0267,SBI Mutual Fund,Equity Scheme - Small Cap Fund
2015-04-22,125497,SBI Small Cap Fund - Direct Plan - Growth,31.0468,SBI Mutual Fund,Equity Scheme - Small Cap Fund
2015-04-23,125497,SBI Small Cap Fund - Direct Plan - Growth,30.9662,SBI Mutual Fund,Equity Scheme - Small Cap Fund
2015-04-24,125497,SBI Small Cap Fund - Direct Plan - Growth,30.2416,SBI Mutual Fund,Equity Scheme - Small Cap Fund
2015-04-27,125497,SBI Small Cap Fund - Direct Plan - Growth,29.674,SBI Mutual Fund,Equity Scheme - Small Cap Fund
2015-04-28,125497,SBI Small Cap Fund - Direct Plan - Growth,29.7529,SBI Mutual Fund,Equity Scheme - Small Cap Fund
2015-04-29,125497,SBI Small Cap Fund - Direct Plan - Growth,30.1521,SBI Mutual Fund,Equity Scheme - Small Cap Fund
2015-04-30,125497,SBI Small Cap Fund - Direct Plan - Growth,30.1525,SBI Mutual Fund,Equity Scheme - Small Cap Fund
2015-05-04,125497,SBI Small Cap Fund - Direct Plan - Growth,30.6068,SBI Mutual Fund,Equity Scheme - Small Cap Fund
2015-05-05,125497,SBI Small Cap Fund - Direct Plan - Growth,30.6932,SBI Mutual Fund,Equity Scheme - Small Cap Fund
2015-05-06,125497,SBI Small Cap Fund - Direct Plan - Growth,30.0312,SBI Mutual Fund,Equity Scheme - Small Cap Fund
2015-05-07,125497,SBI Small Cap Fund - Direct Plan - Growth,29.4468,SBI Mutual Fund,Equity Scheme - Small Cap Fund
2015-05-08,125497,SBI Small Cap Fund - Direct Plan - Growth,29.884,SBI Mutual Fund,Equity Scheme - Small Cap Fund
2015-05-11,125497,SBI Small Cap Fund - Direct Plan - Growth,30.6452,SBI Mutual Fund,Equity Scheme - Small Cap Fund
2015-05-12,125497,SBI Small Cap Fund - Direct Plan - Growth,30.1822,SBI Mutual Fund,Equity Scheme - Small Cap Fund
2015-05-13,125497,SBI Small Cap Fund - Direct Plan - Growth,30.4511,SBI Mutual Fund,Equity Scheme - Small Cap Fund
2015-05-14,125497,SBI Small Cap Fund - Direct Plan - Growth,30.5463,SBI Mutual Fund,Equity Scheme - Small Cap Fund
2015-05-15,125497,SBI Small Cap Fund - Direct Plan - Growth,31.0965,SBI Mutual Fund,Equity Scheme - Small Cap Fund
2015-05-18,125497,SBI Small Cap Fund - Direct Plan - Growth,31.1586,SBI Mutual Fund,Equity Scheme - Small Cap Fund
2015-05-19,125497,SBI Small Cap Fund - Direct Plan - Growth,31.0088,SBI Mutual Fund,Equity Scheme - Small Cap Fund
2015-05-20,125497,SBI Small Cap Fund - Direct Plan - Growth,30.9295,SBI Mutual Fund,Equity Scheme - Small Cap Fund
2015-05-21,125497,SBI Small Cap Fund - Direct Plan - Growth,30.8716,SBI Mutual Fund,Equity Scheme - Small Cap Fund
2015-05-22,125497,SBI Small Cap Fund - Direct Plan - Growth,30.8954,SBI Mutual Fund,Equity Scheme - Small Cap Fund
2015-05-25,125497,SBI Small Cap Fund - Direct Plan - Growth,30.681,SBI Mutual Fund,Equity Scheme - Small Cap Fund
2015-05-26,125497,SBI Small Cap Fund - Direct Plan - Growth,30.5493,SBI Mutual Fund,Equity Scheme - Small Cap Fund
2015-05-27,125497,SBI Small Cap Fund - Direct Plan - Growth,30.3406,SBI Mutual Fund,Equity Scheme - Small Cap Fund
2015-05-28,125497,SBI Small Cap Fund - Direct Plan - Growth,30.3566,SBI Mutual Fund,Equity Scheme - Small Cap Fund
2015-05-29,125497,SBI Small Cap Fund - Direct Plan - Growth,30.5261,SBI Mutual Fund,Equity Scheme - Small Cap Fund
2015-06-01,125497,SBI Small Cap Fund - Direct Plan - Growth,30.3029,SBI Mutual Fund,Equity Scheme - Small Cap Fund
2015-06-02,125497,SBI Small Cap Fund - Direct Plan - Growth,29.8851,SBI Mutual Fund,Equity Scheme - Small Cap Fund
2015-06-03,125497,SBI Small Cap Fund - Direct Plan - Growth,29.5373,SBI Mutual Fund,Equity Scheme - Small Cap Fund
2015-06-04,125497,SBI Small Cap Fund - Direct Plan - Growth,29.4409,SBI Mutual Fund,Equity Scheme - Small Cap Fund
2015-06-05,125497,SBI Small Cap Fund - Direct Plan - Growth,29.7033,SBI Mutual Fund,Equity Scheme - Small Cap Fund
2015-06-08,125497,SBI Small Cap Fund - Direct Plan - Growth,29.3979,SBI Mutual Fund,Equity Scheme - Small Cap Fund
2015-06-09,125497,SBI Small Cap Fund - Direct Plan - Growth,29.2003,SBI Mutual Fund,Equity Scheme - Small Cap Fund
2015-06-10,125497,SBI Small Cap Fund - Direct Plan - Growth,29.6228,SBI Mutual Fund,Equity Scheme - Small Cap Fund
2015-06-11,125497,SBI Small Cap Fund - Direct Plan - Growth,29.1922,SBI Mutual Fund,Equity Scheme - Small Cap Fund
2015-06-12,125497,SBI Small Cap Fund - Direct Plan - Growth,29.2746,SBI Mutual Fund,Equity Scheme - Small Cap Fund
2015-06-15,125497,SBI Small Cap Fund - Direct Plan - Growth,29.5041,SBI Mutual Fund,Equity Scheme - Small Cap Fund
2015-06-16,125497,SBI Small Cap Fund - Direct Plan - Growth,29.497,SBI Mutual Fund,Equity Scheme - Small Cap Fund
2015-06-17,125497,SBI Small Cap Fund - Direct Plan - Growth,30.0202,SBI Mutual Fund,Equity Scheme - Small Cap Fund
2015-06-18,125497,SBI Small Cap Fund - Direct Plan - Growth,30.4689,SBI Mutual Fund,Equity Scheme - Small Cap Fund
2015-06-19,125497,SBI Small Cap Fund - Direct Plan - Growth,30.5701,SBI Mutual Fund,Equity Scheme - Small Cap Fund
2015-06-22,125497,SBI Small Cap Fund - Direct Plan - Growth,30.7491,SBI Mutual Fund,Equity Scheme - Small Cap Fund
2015-06-23,125497,SBI Small Cap Fund - Direct Plan - Growth,30.8937,SBI Mutual Fund,Equity Scheme - Small Cap Fund
2015-06-24,125497,SBI Small Cap Fund - Direct Plan - Growth,30.9998,SBI Mutual Fund,Equity Scheme - Small Cap Fund
2015-06-25,125497,SBI Small Cap Fund - Direct Plan - Growth,31.0607,SBI Mutual Fund,Equity Scheme - Small Cap Fund
2015-06-26,125497,SBI Small Cap Fund - Direct Plan - Growth,31.0294,SBI Mutual Fund,Equity Scheme - Small Cap Fund
2015-06-29,125497,SBI Small Cap Fund - Direct Plan - Growth,30.6479,SBI Mutual Fund,Equity Scheme - Small Cap Fund
2015-06-30,125497,SBI Small Cap Fund - Direct Plan - Growth,31.1456,SBI Mutual Fund,Equity Scheme - Small Cap Fund
2015-07-01,125497,SBI Small Cap Fund - Direct Plan - Growth,31.4503,SBI Mutual Fund,Equity Scheme - Small Cap Fund
2015-07-02,125497,SBI Small Cap Fund - Direct Plan - Growth,31.5581,SBI Mutual Fund,Equity Scheme - Small Cap Fund
2015-07-03,125497,SBI Small Cap Fund - Direct Plan - Growth,31.7734,SBI Mutual Fund,Equity Scheme - Small Cap Fund
2015-07-06,125497,SBI Small Cap Fund - Direct Plan - Growth,32.4565,SBI Mutual Fund,Equity Scheme - Small Cap Fund
2015-07-07,125497,SBI Small Cap Fund - Direct Plan - Growth,32.8775,SBI Mutual Fund,Equity Scheme - Small Cap Fund
2015-07-08,125497,SBI Small Cap Fund - Direct Plan - Growth,32.7031,SBI Mutual Fund,Equity Scheme - Small Cap Fund
2015-07-09,125497,SBI Small Cap Fund - Direct Plan - Growth,32.7345,SBI Mutual Fund,Equity Scheme - Small Cap Fund
2015-07-10,125497,SBI Small Cap Fund - Direct Plan - Growth,32.8467,SBI Mutual Fund,Equity Scheme - Small Cap Fund
2015-07-13,125497,SBI Small Cap Fund - Direct Plan - Growth,32.901,SBI Mutual Fund,Equity Scheme - Small Cap Fund
2015-07-14,125497,SBI Small Cap Fund - Direct Plan - Growth,32.7785,SBI Mutual Fund,Equity Scheme - Small Cap Fund
2015-07-15,125497,SBI Small Cap Fund - Direct Plan - Growth,33.0081,SBI Mutual Fund,Equity Scheme - Small Cap Fund
2015-07-16,125497,SBI Small Cap Fund - Direct Plan - Growth,33.357,SBI Mutual Fund,Equity Scheme - Small Cap Fund
2015-07-17,125497,SBI Small Cap Fund - Direct Plan - Growth,33.3724,SBI Mutual Fund,Equity Scheme - Small Cap Fund
2015-07-20,125497,SBI Small Cap Fund - Direct Plan - Growth,33.5203,SBI Mutual Fund,Equity Scheme - Small Cap Fund
2015-07-21,125497,SBI Small Cap Fund - Direct Plan - Growth,33.0264,SBI Mutual Fund,Equity Scheme - Small Cap Fund
2015-07-22,125497,SBI Small Cap Fund - Direct Plan - Growth,33.1968,SBI Mutual Fund,Equity Scheme - Small Cap Fund
2015-07-23,125497,SBI Small Cap Fund - Direct Plan - Growth,33.5174,SBI Mutual Fund,Equity Scheme - Small Cap Fund
2015-07-24,125497,SBI Small Cap Fund - Direct Plan - Growth,33.1976,SBI Mutual Fund,Equity Scheme - Small Cap Fund
2015-07-27,125497,SBI Small Cap Fund - Direct Plan - Growth,33.1625,SBI Mutual Fund,Equity Scheme - Small Cap Fund
2015-07-28,125497,SBI Small Cap Fund - Direct Plan - Growth,33.0327,SBI Mutual Fund,Equity Scheme - Small Cap Fund
2015-07-29,125497,SBI Small Cap Fund - Direct Plan - Growth,33.1365,SBI Mutual Fund,Equity Scheme - Small Cap Fund
2015-07-30,125497,SBI Small Cap Fund - Direct Plan - Growth,33.2022,SBI Mutual Fund,Equity Scheme - Small Cap Fund
2015-07-31,125497,SBI Small Cap Fund - Direct Plan - Growth,33.6861,SBI Mutual Fund,Equity Scheme - Small Cap Fund
2015-08-03,125497,SBI Small Cap Fund - Direct Plan - Growth,33.884,SBI Mutual Fund,Equity Scheme - Small Cap Fund
2015-08-04,125497,SBI Small Cap Fund - Direct Plan - Growth,34.1317,SBI Mutual Fund,Equity Scheme - Small Cap Fund
2015-08-05,125497,SBI Small Cap Fund - Direct Plan - Growth,34.118,SBI Mutual Fund,Equity Scheme - Small Cap Fund
2015-08-06,125497,SBI Small Cap Fund - Direct Plan - Growth,33.7245,SBI Mutual Fund,Equity Scheme - Small Cap Fund
2015-08-07,125497,SBI Small Cap Fund - Direct Plan - Growth,33.7308,SBI Mutual Fund,Equity Scheme - Small Cap Fund
2015-08-10,125497,SBI Small Cap Fund - Direct Plan - Growth,33.7575,SBI Mutual Fund,Equity Scheme - Small Cap Fund
2015-08-11,125497,SBI Small Cap Fund - Direct Plan - Growth,33.3291,SBI Mutual Fund,Equity Scheme - Small Cap Fund
2015-08-12,125497,SBI Small Cap Fund - Direct Plan - Growth,32.7984,SBI Mutual Fund,Equity Scheme - Small Cap Fund
2015-08-13,125497,SBI Small Cap Fund - Direct Plan - Growth,32.6931,SBI Mutual Fund,Equity Scheme - Small Cap Fund
2015-08-14,125497,SBI Small Cap Fund - Direct Plan - Growth,33.1547,SBI Mutual Fund,Equity Scheme - Small Cap Fund
2015-08-17,125497,SBI Small Cap Fund - Direct Plan - Growth,33.3263,SBI Mutual Fund,Equity Scheme - Small Cap Fund
2015-08-18,125497,SBI Small Cap Fund - Direct Plan - Growth,33.6383,SBI Mutual Fund,Equity Scheme - Small Cap Fund
2015-08-19,125497,SBI Small Cap Fund - Direct Plan - Growth,33.8543,SBI Mutual Fund,Equity Scheme - Small Cap Fund
2015-08-20,125497,SBI Small Cap Fund - Direct Plan - Growth,33.2221,SBI Mutual Fund,Equity Scheme - Small Cap Fund
2015-08-21,125497,SBI Small Cap Fund - Direct Plan - Growth,33.1377,SBI Mutual Fund,Equity Scheme - Small Cap Fund
2015-08-24,125497,SBI Small Cap Fund - Direct Plan - Growth,31.2426,SBI Mutual Fund,Equity Scheme - Small Cap Fund
2015-08-25,125497,SBI Small Cap Fund - Direct Plan - Growth,31.1813,SBI Mutual Fund,Equity Scheme - Small Cap Fund
2015-08-26,125497,SBI Small Cap Fund - Direct Plan - Growth,31.2456,SBI Mutual Fund,Equity Scheme - Small Cap Fund
2015-08-27,125497,SBI Small Cap Fund - Direct Plan - Growth,32.1993,SBI Mutual Fund,Equity Scheme - Small Cap Fund
2015-08-28,125497,SBI Small Cap Fund - Direct Plan - Growth,32.0768,SBI Mutual Fund,Equity Scheme - Small Cap Fund
2015-08-31,125497,SBI Small Cap Fund - Direct Plan - Growth,31.9757,SBI Mutual Fund,Equity Scheme - Small Cap Fund
2015-09-01,125497,SBI Small Cap Fund - Direct Plan - Growth,31.4028,SBI Mutual Fund,Equity Scheme - Small Cap Fund
2015-09-02,125497,SBI Small Cap Fund - Direct Plan - Growth,31.3571,SBI Mutual Fund,Equity Scheme - Small Cap Fund
2015-09-03,125497,SBI Small Cap Fund - Direct Plan - Growth,31.5572,SBI Mutual Fund,Equity Scheme - Small Cap Fund
2015-09-04,125497,SBI Small Cap Fund - Direct Plan - Growth,31.2791,SBI Mutual Fund,Equity Scheme - Small Cap Fund
2015-09-07,125497,SBI Small Cap Fund - Direct Plan - Growth,30.8824,SBI Mutual Fund,Equity Scheme - Small Cap Fund
2015-09-08,125497,SBI Small Cap Fund - Direct Plan - Growth,30.8088,SBI Mutual Fund,Equity Scheme - Small Cap Fund
2015-09-09,125497,SBI Small Cap Fund - Direct Plan - Growth,31.1685,SBI Mutual Fund,Equity Scheme - Small Cap Fund
2015-09-10,125497,SBI Small Cap Fund - Direct Plan - Growth,31.2459,SBI Mutual Fund,Equity Scheme - Small Cap Fund
2015-09-11,125497,SBI Small Cap Fund - Direct Plan - Growth,31.3747,SBI Mutual Fund,Equity Scheme - Small Cap Fund
2015-09-14,125497,SBI Small Cap Fund - Direct Plan - Growth,31.638,SBI Mutual Fund,Equity Scheme - Small Cap Fund
2015-09-15,125497,SBI Small Cap Fund - Direct Plan - Growth,31.5174,SBI Mutual Fund,Equity Scheme - Small Cap Fund
2015-09-16,125497,SBI Small Cap Fund - Direct Plan - Growth,31.4122,SBI Mutual Fund,Equity Scheme - Small Cap Fund
2015-09-18,125497,SBI Small Cap Fund - Direct Plan - Growth,31.7435,SBI Mutual Fund,Equity Scheme - Small Cap Fund
2015-09-21,125497,SBI Small Cap Fund - Direct Plan - Growth,31.8795,SBI Mutual Fund,Equity Scheme - Small Cap Fund
2015-09-22,125497,SBI Small Cap Fund - Direct Plan - Growth,31.6014,SBI Mutual Fund,Equity Scheme - Small Cap Fund
2015-09-23,125497,SBI Small Cap Fund - Direct Plan - Growth,31.6956,SBI Mutual Fund,Equity Scheme - Small Cap Fund
2015-09-24,125497,SBI Small Cap Fund - Direct Plan - Growth,31.6004,SBI Mutual Fund,Equity Scheme - Small Cap Fund
2015-09-28,125497,SBI Small Cap Fund - Direct Plan - Growth,31.6127,SBI Mutual Fund,Equity Scheme - Small Cap Fund
2015-09-29,125497,SBI Small Cap Fund - Direct Plan - Growth,31.5525,SBI Mutual Fund,Equity Scheme - Small Cap Fund
2015-09-30,125497,SBI Small Cap Fund - Direct Plan - Growth,31.9449,SBI Mutual Fund,Equity Scheme - Small Cap Fund
2015-10-01,125497,SBI Small Cap Fund - Direct Plan - Growth,32.0303,SBI Mutual Fund,Equity Scheme - Small Cap Fund
2015-10-05,125497,SBI Small Cap Fund - Direct Plan - Growth,32.4891,SBI Mutual Fund,Equity Scheme - Small Cap Fund
2015-10-06,125497,SBI Small Cap Fund - Direct Plan - Growth,32.4971,SBI Mutual Fund,Equity Scheme - Small Cap Fund
2015-10-07,125497,SBI Small Cap Fund - Direct Plan - Growth,32.6458,SBI Mutual Fund,Equity Scheme - Small Cap Fund
2015-10-08,125497,SBI Small Cap Fund - Direct Plan - Growth,32.787,SBI Mutual Fund,Equity Scheme - Small Cap Fund
2015-10-09,125497,SBI Small Cap Fund - Direct Plan - Growth,32.8509,SBI Mutual Fund,Equity Scheme - Small Cap Fund
2015-10-12,125497,SBI Small Cap Fund - Direct Plan - Growth,32.7741,SBI Mutual Fund,Equity Scheme - Small Cap Fund
2015-10-13,125497,SBI Small Cap Fund - Direct Plan - Growth,32.8369,SBI Mutual Fund,Equity Scheme - Small Cap Fund
2015-10-14,125497,SBI Small Cap Fund - Direct Plan - Growth,32.851,SBI Mutual Fund,Equity Scheme - Small Cap Fund
2015-10-15,125497,SBI Small Cap Fund - Direct Plan - Growth,33.0744,SBI Mutual Fund,Equity Scheme - Small Cap Fund
2015-10-16,125497,SBI Small Cap Fund - Direct Plan - Growth,33.1072,SBI Mutual Fund,Equity Scheme - Small Cap Fund
2015-10-19,125497,SBI Small Cap Fund - Direct Plan - Growth,33.3166,SBI Mutual Fund,Equity Scheme - Small Cap Fund
2015-10-20,125497,SBI Small Cap Fund - Direct Plan - Growth,33.5605,SBI Mutual Fund,Equity Scheme - Small Cap Fund
2015-10-21,125497,SBI Small Cap Fund - Direct Plan - Growth,33.6267,SBI Mutual Fund,Equity Scheme - Small Cap Fund
2015-10-23,125497,SBI Small Cap Fund - Direct Plan - Growth,33.5274,SBI Mutual Fund,Equity Scheme - Small Cap Fund
2015-10-26,125497,SBI Small Cap Fund - Direct Plan - Growth,33.2641,SBI Mutual Fund,Equity Scheme - Small Cap Fund
2015-10-27,125497,SBI Small Cap Fund - Direct Plan - Growth,33.4053,SBI Mutual Fund,Equity Scheme - Small Cap Fund
2015-10-28,125497,SBI Small Cap Fund - Direct Plan - Growth,33.3372,SBI Mutual Fund,Equity Scheme - Small Cap Fund
2015-10-29,125497,SBI Small Cap Fund - Direct Plan - Growth,33.2373,SBI Mutual Fund,Equity Scheme - Small Cap Fund
2015-10-30,125497,SBI Small Cap Fund - Direct Plan - Growth,33.1814,SBI Mutual Fund,Equity Scheme - Small Cap Fund
2015-11-02,125497,SBI Small Cap Fund - Direct Plan - Growth,32.949,SBI Mutual Fund,Equity Scheme - Small Cap Fund
2015-11-03,125497,SBI Small Cap Fund - Direct Plan - Growth,33.328,SBI Mutual Fund,Equity Scheme - Small Cap Fund
2015-11-04,125497,SBI Small Cap Fund - Direct Plan - Growth,33.2605,SBI Mutual Fund,Equity Scheme - Small Cap Fund
2015-11-05,125497,SBI Small Cap Fund - Direct Plan - Growth,32.938,SBI Mutual Fund,Equity Scheme - Small Cap Fund
2015-11-06,125497,SBI Small Cap Fund - Direct Plan - Growth,32.6837,SBI Mutual Fund,Equity Scheme - Small Cap Fund
2015-11-09,125497,SBI Small Cap Fund - Direct Plan - Growth,33.0826,SBI Mutual Fund,Equity Scheme - Small Cap Fund
2015-11-10,125497,SBI Small Cap Fund - Direct Plan - Growth,32.8783,SBI Mutual Fund,Equity Scheme - Small Cap Fund
2015-11-13,125497,SBI Small Cap Fund - Direct Plan - Growth,32.8994,SBI Mutual Fund,Equity Scheme - Small Cap Fund
2015-11-16,125497,SBI Small Cap Fund - Direct Plan - Growth,32.8399,SBI Mutual Fund,Equity Scheme - Small Cap Fund
2015-11-17,125497,SBI Small Cap Fund - Direct Plan - Growth,33.142,SBI Mutual Fund,Equity Scheme - Small Cap Fund
2015-11-18,125497,SBI Small Cap Fund - Direct Plan - Growth,32.7862,SBI Mutual Fund,Equity Scheme - Small Cap Fund
2015-11-19,125497,SBI Small Cap Fund - Direct Plan - Growth,33.2648,SBI Mutual Fund,Equity Scheme - Small Cap Fund
2015-11-20,125497,SBI Small Cap Fund - Direct Plan - Growth,33.4842,SBI Mutual Fund,Equity Scheme - Small Cap Fund
2015-11-23,125497,SBI Small Cap Fund - Direct Plan - Growth,33.6307,SBI Mutual Fund,Equity Scheme - Small Cap Fund
2015-11-24,125497,SBI Small Cap Fund - Direct Plan - Growth,33.4978,SBI Mutual Fund,Equity Scheme - Small Cap Fund
2015-11-26,125497,SBI Small Cap Fund - Direct Plan - Growth,33.4275,SBI Mutual Fund,Equity Scheme - Small Cap Fund
2015-11-27,125497,SBI Small Cap Fund - Direct Plan - Growth,33.5568,SBI Mutual Fund,Equity Scheme - Small Cap Fund
2015-11-30,125497,SBI Small Cap Fund - Direct Plan - Growth,33.5197,SBI Mutual Fund,Equity Scheme - Small Cap Fund
2015-12-01,125497,SBI Small Cap Fund - Direct Plan - Growth,33.5186,SBI Mutual Fund,Equity Scheme - Small Cap Fund
2015-12-02,125497,SBI Small Cap Fund - Direct Plan - Growth,33.8327,SBI Mutual Fund,Equity Scheme - Small Cap Fund
2015-12-03,125497,SBI Small Cap Fund - Direct Plan - Growth,33.7975,SBI Mutual Fund,Equity Scheme - Small Cap Fund
2015-12-04,125497,SBI Small Cap Fund - Direct Plan - Growth,33.694,SBI Mutual Fund,Equity Scheme - Small Cap Fund
2015-12-07,125497,SBI Small Cap Fund - Direct Plan - Growth,33.6603,SBI Mutual Fund,Equity Scheme - Small Cap Fund
2015-12-08,125497,SBI Small Cap Fund - Direct Plan - Growth,33.2944,SBI Mutual Fund,Equity Scheme - Small Cap Fund
2015-12-09,125497,SBI Small Cap Fund - Direct Plan - Growth,32.871,SBI Mutual Fund,Equity Scheme - Small Cap Fund
2015-12-10,125497,SBI Small Cap Fund - Direct Plan - Growth,33.2474,SBI Mutual Fund,Equity Scheme - Small Cap Fund
2015-12-11,125497,SBI Small Cap Fund - Direct Plan - Growth,33.0682,SBI Mutual Fund,Equity Scheme - Small Cap Fund
2015-12-14,125497,SBI Small Cap Fund - Direct Plan - Growth,33.0979,SBI Mutual Fund,Equity Scheme - Small Cap Fund
2015-12-15,125497,SBI Small Cap Fund - Direct Plan - Growth,33.3962,SBI Mutual Fund,Equity Scheme - Small Cap Fund
2015-12-16,125497,SBI Small Cap Fund - Direct Plan - Growth,33.3913,SBI Mutual Fund,Equity Scheme - Small Cap Fund
2015-12-17,125497,SBI Small Cap Fund - Direct Plan - Growth,34.0463,SBI Mutual Fund,Equity Scheme - Small Cap Fund
2015-12-18,125497,SBI Small Cap Fund - Direct Plan - Growth,33.9321,SBI Mutual Fund,Equity Scheme - Small Cap Fund
2015-12-21,125497,SBI Small Cap Fund - Direct Plan - Growth,34.167,SBI Mutual Fund,Equity Scheme - Small Cap Fund
2015-12-22,125497,SBI Small Cap Fund - Direct Plan - Growth,34.2195,SBI Mutual Fund,Equity Scheme - Small Cap Fund
2015-12-23,125497,SBI Small Cap Fund - Direct Plan - Growth,34.4628,SBI Mutual Fund,Equity Scheme - Small Cap Fund
2015-12-24,125497,SBI Small Cap Fund - Direct Plan - Growth,34.6924,SBI Mutual Fund,Equity Scheme - Small Cap Fund
2015-12-28,125497,SBI Small Cap Fund - Direct Plan - Growth,34.9675,SBI Mutual Fund,Equity Scheme - Small Cap Fund
2015-12-29,125497,SBI Small Cap Fund - Direct Plan - Growth,35.1231,SBI Mutual Fund,Equity Scheme - Small Cap Fund
2015-12-30,125497,SBI Small Cap Fund - Direct Plan - Growth,35.4189,SBI Mutual Fund,Equity Scheme - Small Cap Fund
2015-12-31,125497,SBI Small Cap Fund - Direct Plan - Growth,35.7192,SBI Mutual Fund,Equity Scheme - Small Cap Fund
2016-01-01,125497,SBI Small Cap Fund - Direct Plan - Growth,36.0391,SBI Mutual Fund,Equity Scheme - Small Cap Fund
2016-01-04,125497,SBI Small Cap Fund - Direct Plan - Growth,35.7424,SBI Mutual Fund,Equity Scheme - Small Cap Fund
2016-01-05,125497,SBI Small Cap Fund - Direct Plan - Growth,35.9544,SBI Mutual Fund,Equity Scheme - Small Cap Fund
2016-01-06,125497,SBI Small Cap Fund - Direct Plan - Growth,35.5722,SBI Mutual Fund,Equity Scheme - Small Cap Fund
2016-01-07,125497,SBI Small Cap Fund - Direct Plan - Growth,34.6033,SBI Mutual Fund,Equity Scheme - Small Cap Fund
2016-01-08,125497,SBI Small Cap Fund - Direct Plan - Growth,35.1548,SBI Mutual Fund,Equity Scheme - Small Cap Fund
2016-01-11,125497,SBI Small Cap Fund - Direct Plan - Growth,35.1181,SBI Mutual Fund,Equity Scheme - Small Cap Fund
2016-01-12,125497,SBI Small Cap Fund - Direct Plan - Growth,34.5143,SBI Mutual Fund,Equity Scheme - Small Cap Fund
2016-01-13,125497,SBI Small Cap Fund - Direct Plan - Growth,33.9198,SBI Mutual Fund,Equity Scheme - Small Cap Fund
2016-01-14,125497,SBI Small Cap Fund - Direct Plan - Growth,33.6342,SBI Mutual Fund,Equity Scheme - Small Cap Fund
2016-01-15,125497,SBI Small Cap Fund - Direct Plan - Growth,32.8379,SBI Mutual Fund,Equity Scheme - Small Cap Fund
2016-01-18,125497,SBI Small Cap Fund - Direct Plan - Growth,31.6702,SBI Mutual Fund,Equity Scheme - Small Cap Fund
2016-01-19,125497,SBI Small Cap Fund - Direct Plan - Growth,31.9417,SBI Mutual Fund,Equity Scheme - Small Cap Fund
2016-01-20,125497,SBI Small Cap Fund - Direct Plan - Growth,31.3699,SBI Mutual Fund,Equity Scheme - Small Cap Fund
2016-01-21,125497,SBI Small Cap Fund - Direct Plan - Growth,31.4128,SBI Mutual Fund,Equity Scheme - Small Cap Fund
2016-01-22,125497,SBI Small Cap Fund - Direct Plan - Growth,32.1795,SBI Mutual Fund,Equity Scheme - Small Cap Fund
2016-01-25,125497,SBI Small Cap Fund - Direct Plan - Growth,32.3429,SBI Mutual Fund,Equity Scheme - Small Cap Fund
2016-01-27,125497,SBI Small Cap Fund - Direct Plan - Growth,32.3767,SBI Mutual Fund,Equity Scheme - Small Cap Fund
2016-01-28,125497,SBI Small Cap Fund - Direct Plan - Growth,32.3849,SBI Mutual Fund,Equity Scheme - Small Cap Fund
2016-01-29,125497,SBI Small Cap Fund - Direct Plan - Growth,32.5066,SBI Mutual Fund,Equity Scheme - Small Cap Fund
2016-02-01,125497,SBI Small Cap Fund - Direct Plan - Growth,32.6827,SBI Mutual Fund,Equity Scheme - Small Cap Fund
2016-02-02,125497,SBI Small Cap Fund - Direct Plan - Growth,32.579,SBI Mutual Fund,Equity Scheme - Small Cap Fund
2016-02-03,125497,SBI Small Cap Fund - Direct Plan - Growth,32.1505,SBI Mutual Fund,Equity Scheme - Small Cap Fund
2016-02-04,125497,SBI Small Cap Fund - Direct Plan - Growth,32.0113,SBI Mutual Fund,Equity Scheme - Small Cap Fund
2016-02-05,125497,SBI Small Cap Fund - Direct Plan - Growth,32.187,SBI Mutual Fund,Equity Scheme - Small Cap Fund
2016-02-08,125497,SBI Small Cap Fund - Direct Plan - Growth,32.1441,SBI Mutual Fund,Equity Scheme - Small Cap Fund
2016-02-09,125497,SBI Small Cap Fund - Direct Plan - Growth,32.0579,SBI Mutual Fund,Equity Scheme - Small Cap Fund
2016-02-10,125497,SBI Small Cap Fund - Direct Plan - Growth,31.6489,SBI Mutual Fund,Equity Scheme - Small Cap Fund
2016-02-11,125497,SBI Small Cap Fund - Direct Plan - Growth,30.4832,SBI Mutual Fund,Equity Scheme - Small Cap Fund
2016-02-12,125497,SBI Small Cap Fund - Direct Plan - Growth,30.1716,SBI Mutual Fund,Equity Scheme - Small Cap Fund
2016-02-15,125497,SBI Small Cap Fund - Direct Plan - Growth,31.0517,SBI Mutual Fund,Equity Scheme - Small Cap Fund
2016-02-16,125497,SBI Small Cap Fund - Direct Plan - Growth,30.4216,SBI Mutual Fund,Equity Scheme - Small Cap Fund
2016-02-17,125497,SBI Small Cap Fund - Direct Plan - Growth,30.7027,SBI Mutual Fund,Equity Scheme - Small Cap Fund
2016-02-18,125497,SBI Small Cap Fund - Direct Plan - Growth,31.0755,SBI Mutual Fund,Equity Scheme - Small Cap Fund
2016-02-19,125497,SBI Small Cap Fund - Direct Plan - Growth,31.1002,SBI Mutual Fund,Equity Scheme - Small Cap Fund
2016-02-22,125497,SBI Small Cap Fund - Direct Plan - Growth,31.016,SBI Mutual Fund,Equity Scheme - Small Cap Fund
2016-02-23,125497,SBI Small Cap Fund - Direct Plan - Growth,30.6836,SBI Mutual Fund,Equity Scheme - Small Cap Fund
2016-02-24,125497,SBI Small Cap Fund - Direct Plan - Growth,30.265,SBI Mutual Fund,Equity Scheme - Small Cap Fund
2016-02-25,125497,SBI Small Cap Fund - Direct Plan - Growth,30.24,SBI Mutual Fund,Equity Scheme - Small Cap Fund
2016-02-26,125497,SBI Small Cap Fund - Direct Plan - Growth,29.9406,SBI Mutual Fund,Equity Scheme - Small Cap Fund
2016-02-29,125497,SBI Small Cap Fund - Direct Plan - Growth,29.7635,SBI Mutual Fund,Equity Scheme - Small Cap Fund
2016-03-01,125497,SBI Small Cap Fund - Direct Plan - Growth,30.5287,SBI Mutual Fund,Equity Scheme - Small Cap Fund
2016-03-02,125497,SBI Small Cap Fund - Direct Plan - Growth,30.9607,SBI Mutual Fund,Equity Scheme - Small Cap Fund
2016-03-03,125497,SBI Small Cap Fund - Direct Plan - Growth,31.1097,SBI Mutual Fund,Equity Scheme - Small Cap Fund
2016-03-04,125497,SBI Small Cap Fund - Direct Plan - Growth,31.114,SBI Mutual Fund,Equity Scheme - Small Cap Fund
2016-03-08,125497,SBI Small Cap Fund - Direct Plan - Growth,31.0575,SBI Mutual Fund,Equity Scheme - Small Cap Fund
2016-03-09,125497,SBI Small Cap Fund - Direct Plan - Growth,31.0997,SBI Mutual Fund,Equity Scheme - Small Cap Fund
2016-03-10,125497,SBI Small Cap Fund - Direct Plan - Growth,31.0779,SBI Mutual Fund,Equity Scheme - Small Cap Fund
2016-03-11,125497,SBI Small Cap Fund - Direct Plan - Growth,31.0885,SBI Mutual Fund,Equity Scheme - Small Cap Fund
2016-03-14,125497,SBI Small Cap Fund - Direct Plan - Growth,31.3364,SBI Mutual Fund,Equity Scheme - Small Cap Fund
2016-03-15,125497,SBI Small Cap Fund - Direct Plan - Growth,31.1758,SBI Mutual Fund,Equity Scheme - Small Cap Fund
2016-03-16,125497,SBI Small Cap Fund - Direct Plan - Growth,31.2445,SBI Mutual Fund,Equity Scheme - Small Cap Fund
2016-03-17,125497,SBI Small Cap Fund - Direct Plan - Growth,31.3309,SBI Mutual Fund,Equity Scheme - Small Cap Fund
2016-03-18,125497,SBI Small Cap Fund - Direct Plan - Growth,31.5504,SBI Mutual Fund,Equity Scheme - Small Cap Fund
2016-03-21,125497,SBI Small Cap Fund - Direct Plan - Growth,31.9899,SBI Mutual Fund,Equity Scheme - Small Cap Fund
2016-03-22,125497,SBI Small Cap Fund - Direct Plan - Growth,31.8682,SBI Mutual Fund,Equity Scheme - Small Cap Fund
2016-03-23,125497,SBI Small Cap Fund - Direct Plan - Growth,32.2192,SBI Mutual Fund,Equity Scheme - Small Cap Fund
2016-03-28,125497,SBI Small Cap Fund - Direct Plan - Growth,31.8759,SBI Mutual Fund,Equity Scheme - Small Cap Fund
2016-03-29,125497,SBI Small Cap Fund - Direct Plan - Growth,31.9445,SBI Mutual Fund,Equity Scheme - Small Cap Fund
2016-03-30,125497,SBI Small Cap Fund - Direct Plan - Growth,32.3132,SBI Mutual Fund,Equity Scheme - Small Cap Fund
2016-03-31,125497,SBI Small Cap Fund - Direct Plan - Growth,32.3614,SBI Mutual Fund,Equity Scheme - Small Cap Fund
2016-04-01,125497,SBI Small Cap Fund - Direct Plan - Growth,32.6099,SBI Mutual Fund,Equity Scheme - Small Cap Fund
2016-04-04,125497,SBI Small Cap Fund - Direct Plan - Growth,33.112,SBI Mutual Fund,Equity Scheme - Small Cap Fund
2016-04-05,125497,SBI Small Cap Fund - Direct Plan - Growth,32.9295,SBI Mutual Fund,Equity Scheme - Small Cap Fund
2016-04-06,125497,SBI Small Cap Fund - Direct Plan - Growth,33.2317,SBI Mutual Fund,Equity Scheme - Small Cap Fund
2016-04-07,125497,SBI Small Cap Fund - Direct Plan - Growth,33.0194,SBI Mutual Fund,Equity Scheme - Small Cap Fund
2016-04-08,125497,SBI Small Cap Fund - Direct Plan - Growth,33.065,SBI Mutual Fund,Equity Scheme - Small Cap Fund
2016-04-11,125497,SBI Small Cap Fund - Direct Plan - Growth,33.3875,SBI Mutual Fund,Equity Scheme - Small Cap Fund
2016-04-12,125497,SBI Small Cap Fund - Direct Plan - Growth,33.512,SBI Mutual Fund,Equity Scheme - Small Cap Fund
2016-04-13,125497,SBI Small Cap Fund - Direct Plan - Growth,33.7693,SBI Mutual Fund,Equity Scheme - Small Cap Fund
2016-04-18,125497,SBI Small Cap Fund - Direct Plan - Growth,34.1922,SBI Mutual Fund,Equity Scheme - Small Cap Fund
2016-04-20,125497,SBI Small Cap Fund - Direct Plan - Growth,34.2725,SBI Mutual Fund,Equity Scheme - Small Cap Fund
2016-04-21,125497,SBI Small Cap Fund - Direct Plan - Growth,34.1677,SBI Mutual Fund,Equity Scheme - Small Cap Fund
2016-04-22,125497,SBI Small Cap Fund - Direct Plan - Growth,34.001,SBI Mutual Fund,Equity Scheme - Small Cap Fund
2016-04-25,125497,SBI Small Cap Fund - Direct Plan - Growth,33.9629,SBI Mutual Fund,Equity Scheme - Small Cap Fund
2016-04-26,125497,SBI Small Cap Fund - Direct Plan - Growth,34.1453,SBI Mutual Fund,Equity Scheme - Small Cap Fund
2016-04-27,125497,SBI Small Cap Fund - Direct Plan - Growth,34.3437,SBI Mutual Fund,Equity Scheme - Small Cap Fund
2016-04-28,125497,SBI Small Cap Fund - Direct Plan - Growth,34.1016,SBI Mutual Fund,Equity Scheme - Small Cap Fund
2016-04-29,125497,SBI Small Cap Fund - Direct Plan - Growth,34.1348,SBI Mutual Fund,Equity Scheme - Small Cap Fund
2016-05-02,125497,SBI Small Cap Fund - Direct Plan - Growth,34.0495,SBI Mutual Fund,Equity Scheme - Small Cap Fund
2016-05-03,125497,SBI Small Cap Fund - Direct Plan - Growth,34.0306,SBI Mutual Fund,Equity Scheme - Small Cap Fund
2016-05-04,125497,SBI Small Cap Fund - Direct Plan - Growth,33.7226,SBI Mutual Fund,Equity Scheme - Small Cap Fund
2016-05-05,125497,SBI Small Cap Fund - Direct Plan - Growth,33.9939,SBI Mutual Fund,Equity Scheme - Small Cap Fund
2016-05-06,125497,SBI Small Cap Fund - Direct Plan - Growth,33.8769,SBI Mutual Fund,Equity Scheme - Small Cap Fund
2016-05-09,125497,SBI Small Cap Fund - Direct Plan - Growth,34.0572,SBI Mutual Fund,Equity Scheme - Small Cap Fund
2016-05-10,125497,SBI Small Cap Fund - Direct Plan - Growth,33.8602,SBI Mutual Fund,Equity Scheme - Small Cap Fund
2016-05-11,125497,SBI Small Cap Fund - Direct Plan - Growth,33.9502,SBI Mutual Fund,Equity Scheme - Small Cap Fund
2016-05-12,125497,SBI Small Cap Fund - Direct Plan - Growth,34.334,SBI Mutual Fund,Equity Scheme - Small Cap Fund
2016-05-13,125497,SBI Small Cap Fund - Direct Plan - Growth,34.2819,SBI Mutual Fund,Equity Scheme - Small Cap Fund
2016-05-16,125497,SBI Small Cap Fund - Direct Plan - Growth,34.214,SBI Mutual Fund,Equity Scheme - Small Cap Fund
2016-05-17,125497,SBI Small Cap Fund - Direct Plan - Growth,34.2682,SBI Mutual Fund,Equity Scheme - Small Cap Fund
2016-05-18,125497,SBI Small Cap Fund - Direct Plan - Growth,34.3194,SBI Mutual Fund,Equity Scheme - Small Cap Fund
2016-05-19,125497,SBI Small Cap Fund - Direct Plan - Growth,33.8355,SBI Mutual Fund,Equity Scheme - Small Cap Fund
2016-05-20,125497,SBI Small Cap Fund - Direct Plan - Growth,33.6161,SBI Mutual Fund,Equity Scheme - Small Cap Fund
2016-05-23,125497,SBI Small Cap Fund - Direct Plan - Growth,33.6583,SBI Mutual Fund,Equity Scheme - Small Cap Fund
2016-05-24,125497,SBI Small Cap Fund - Direct Plan - Growth,33.416,SBI Mutual Fund,Equity Scheme - Small Cap Fund
2016-05-25,125497,SBI Small Cap Fund - Direct Plan - Growth,33.6057,SBI Mutual Fund,Equity Scheme - Small Cap Fund
2016-05-26,125497,SBI Small Cap Fund - Direct Plan - Growth,33.5544,SBI Mutual Fund,Equity Scheme - Small Cap Fund
2016-05-27,125497,SBI Small Cap Fund - Direct Plan - Growth,33.7237,SBI Mutual Fund,Equity Scheme - Small Cap Fund
2016-05-30,125497,SBI Small Cap Fund - Direct Plan - Growth,33.8423,SBI Mutual Fund,Equity Scheme - Small Cap Fund
2016-05-31,125497,SBI Small Cap Fund - Direct Plan - Growth,33.7683,SBI Mutual Fund,Equity Scheme - Small Cap Fund
2016-06-01,125497,SBI Small Cap Fund - Direct Plan - Growth,33.793,SBI Mutual Fund,Equity Scheme - Small Cap Fund
2016-06-02,125497,SBI Small Cap Fund - Direct Plan - Growth,33.9535,SBI Mutual Fund,Equity Scheme - Small Cap Fund
2016-06-03,125497,SBI Small Cap Fund - Direct Plan - Growth,33.8652,SBI Mutual Fund,Equity Scheme - Small Cap Fund
2016-06-06,125497,SBI Small Cap Fund - Direct Plan - Growth,34.0559,SBI Mutual Fund,Equity Scheme - Small Cap Fund
2016-06-07,125497,SBI Small Cap Fund - Direct Plan - Growth,34.4547,SBI Mutual Fund,Equity Scheme - Small Cap Fund
2016-06-08,125497,SBI Small Cap Fund - Direct Plan - Growth,34.5334,SBI Mutual Fund,Equity Scheme - Small Cap Fund
2016-06-09,125497,SBI Small Cap Fund - Direct Plan - Growth,34.2408,SBI Mutual Fund,Equity Scheme - Small Cap Fund
2016-06-10,125497,SBI Small Cap Fund - Direct Plan - Growth,34.345,SBI Mutual Fund,Equity Scheme - Small Cap Fund
2016-06-13,125497,SBI Small Cap Fund - Direct Plan - Growth,34.1257,SBI Mutual Fund,Equity Scheme - Small Cap Fund
2016-06-14,125497,SBI Small Cap Fund - Direct Plan - Growth,34.0845,SBI Mutual Fund,Equity Scheme - Small Cap Fund
2016-06-15,125497,SBI Small Cap Fund - Direct Plan - Growth,34.3849,SBI Mutual Fund,Equity Scheme - Small Cap Fund
2016-06-16,125497,SBI Small Cap Fund - Direct Plan - Growth,34.26,SBI Mutual Fund,Equity Scheme - Small Cap Fund
2016-06-17,125497,SBI Small Cap Fund - Direct Plan - Growth,34.405,SBI Mutual Fund,Equity Scheme - Small Cap Fund
2016-06-20,125497,SBI Small Cap Fund - Direct Plan - Growth,34.2823,SBI Mutual Fund,Equity Scheme - Small Cap Fund
2016-06-21,125497,SBI Small Cap Fund - Direct Plan - Growth,34.2368,SBI Mutual Fund,Equity Scheme - Small Cap Fund
2016-06-22,125497,SBI Small Cap Fund - Direct Plan - Growth,34.2584,SBI Mutual Fund,Equity Scheme - Small Cap Fund
2016-06-23,125497,SBI Small Cap Fund - Direct Plan - Growth,34.2001,SBI Mutual Fund,Equity Scheme - Small Cap Fund
2016-06-24,125497,SBI Small Cap Fund - Direct Plan - Growth,33.9007,SBI Mutual Fund,Equity Scheme - Small Cap Fund
2016-06-27,125497,SBI Small Cap Fund - Direct Plan - Growth,34.2331,SBI Mutual Fund,Equity Scheme - Small Cap Fund
2016-06-28,125497,SBI Small Cap Fund - Direct Plan - Growth,34.5703,SBI Mutual Fund,Equity Scheme - Small Cap Fund
2016-06-29,125497,SBI Small Cap Fund - Direct Plan - Growth,35.1004,SBI Mutual Fund,Equity Scheme - Small Cap Fund
2016-06-30,125497,SBI Small Cap Fund - Direct Plan - Growth,35.2551,SBI Mutual Fund,Equity Scheme - Small Cap Fund
2016-07-01,125497,SBI Small Cap Fund - Direct Plan - Growth,35.3909,SBI Mutual Fund,Equity Scheme - Small Cap Fund
2016-07-04,125497,SBI Small Cap Fund - Direct Plan - Growth,35.5248,SBI Mutual Fund,Equity Scheme - Small Cap Fund
2016-07-05,125497,SBI Small Cap Fund - Direct Plan - Growth,35.5532,SBI Mutual Fund,Equity Scheme - Small Cap Fund
2016-07-07,125497,SBI Small Cap Fund - Direct Plan - Growth,35.6973,SBI Mutual Fund,Equity Scheme - Small Cap Fund
2016-07-08,125497,SBI Small Cap Fund - Direct Plan - Growth,35.747,SBI Mutual Fund,Equity Scheme - Small Cap Fund
2016-07-11,125497,SBI Small Cap Fund - Direct Plan - Growth,35.8859,SBI Mutual Fund,Equity Scheme - Small Cap Fund
2016-07-12,125497,SBI Small Cap Fund - Direct Plan - Growth,35.7695,SBI Mutual Fund,Equity Scheme - Small Cap Fund
2016-07-13,125497,SBI Small Cap Fund - Direct Plan - Growth,35.8112,SBI Mutual Fund,Equity Scheme - Small Cap Fund
2016-07-14,125497,SBI Small Cap Fund - Direct Plan - Growth,36.3687,SBI Mutual Fund,Equity Scheme - Small Cap Fund
2016-07-15,125497,SBI Small Cap Fund - Direct Plan - Growth,36.3821,SBI Mutual Fund,Equity Scheme - Small Cap Fund
2016-07-18,125497,SBI Small Cap Fund - Direct Plan - Growth,36.3078,SBI Mutual Fund,Equity Scheme - Small Cap Fund
2016-07-19,125497,SBI Small Cap Fund - Direct Plan - Growth,36.1272,SBI Mutual Fund,Equity Scheme - Small Cap Fund
2016-07-20,125497,SBI Small Cap Fund - Direct Plan - Growth,36.5005,SBI Mutual Fund,Equity Scheme - Small Cap Fund
2016-07-21,125497,SBI Small Cap Fund - Direct Plan - Growth,36.5193,SBI Mutual Fund,Equity Scheme - Small Cap Fund
2016-07-22,125497,SBI Small Cap Fund - Direct Plan - Growth,36.6433,SBI Mutual Fund,Equity Scheme - Small Cap Fund
2016-07-25,125497,SBI Small Cap Fund - Direct Plan - Growth,36.9769,SBI Mutual Fund,Equity Scheme - Small Cap Fund
2016-07-26,125497,SBI Small Cap Fund - Direct Plan - Growth,36.7347,SBI Mutual Fund,Equity Scheme - Small Cap Fund
2016-07-27,125497,SBI Small Cap Fund - Direct Plan - Growth,36.4712,SBI Mutual Fund,Equity Scheme - Small Cap Fund
2016-07-28,125497,SBI Small Cap Fund - Direct Plan - Growth,36.7219,SBI Mutual Fund,Equity Scheme - Small Cap Fund
2016-07-29,125497,SBI Small Cap Fund - Direct Plan - Growth,36.8836,SBI Mutual Fund,Equity Scheme - Small Cap Fund
2016-08-01,125497,SBI Small Cap Fund - Direct Plan - Growth,36.5024,SBI Mutual Fund,Equity Scheme - Small Cap Fund
2016-08-02,125497,SBI Small Cap Fund - Direct Plan - Growth,36.3876,SBI Mutual Fund,Equity Scheme - Small Cap Fund
2016-08-03,125497,SBI Small Cap Fund - Direct Plan - Growth,35.9656,SBI Mutual Fund,Equity Scheme - Small Cap Fund
2016-08-04,125497,SBI Small Cap Fund - Direct Plan - Growth,36.1689,SBI Mutual Fund,Equity Scheme - Small Cap Fund
2016-08-05,125497,SBI Small Cap Fund - Direct Plan - Growth,36.4669,SBI Mutual Fund,Equity Scheme - Small Cap Fund
2016-08-08,125497,SBI Small Cap Fund - Direct Plan - Growth,36.5398,SBI Mutual Fund,Equity Scheme - Small Cap Fund
2016-08-09,125497,SBI Small Cap Fund - Direct Plan - Growth,36.3094,SBI Mutual Fund,Equity Scheme - Small Cap Fund
2016-08-10,125497,SBI Small Cap Fund - Direct Plan - Growth,35.939,SBI Mutual Fund,Equity Scheme - Small Cap Fund
2016-08-11,125497,SBI Small Cap Fund - Direct Plan - Growth,35.9288,SBI Mutual Fund,Equity Scheme - Small Cap Fund
2016-08-12,125497,SBI Small Cap Fund - Direct Plan - Growth,36.0147,SBI Mutual Fund,Equity Scheme - Small Cap Fund
2016-08-16,125497,SBI Small Cap Fund - Direct Plan - Growth,35.9908,SBI Mutual Fund,Equity Scheme - Small Cap Fund
2016-08-17,125497,SBI Small Cap Fund - Direct Plan - Growth,36.3047,SBI Mutual Fund,Equity Scheme - Small Cap Fund
2016-08-18,125497,SBI Small Cap Fund - Direct Plan - Growth,36.6979,SBI Mutual Fund,Equity Scheme - Small Cap Fund
2016-08-19,125497,SBI Small Cap Fund - Direct Plan - Growth,36.761,SBI Mutual Fund,Equity Scheme - Small Cap Fund
2016-08-22,125497,SBI Small Cap Fund - Direct Plan - Growth,36.7581,SBI Mutual Fund,Equity Scheme - Small Cap Fund
2016-08-23,125497,SBI Small Cap Fund - Direct Plan - Growth,36.8134,SBI Mutual Fund,Equity Scheme - Small Cap Fund
2016-08-24,125497,SBI Small Cap Fund - Direct Plan - Growth,37.0685,SBI Mutual Fund,Equity Scheme - Small Cap Fund
2016-08-25,125497,SBI Small Cap Fund - Direct Plan - Growth,37.1465,SBI Mutual Fund,Equity Scheme - Small Cap Fund
2016-08-26,125497,SBI Small Cap Fund - Direct Plan - Growth,37.145,SBI Mutual Fund,Equity Scheme - Small Cap Fund
2016-08-29,125497,SBI Small Cap Fund - Direct Plan - Growth,37.3338,SBI Mutual Fund,Equity Scheme - Small Cap Fund
2016-08-30,125497,SBI Small Cap Fund - Direct Plan - Growth,37.8232,SBI Mutual Fund,Equity Scheme - Small Cap Fund
2016-08-31,125497,SBI Small Cap Fund - Direct Plan - Growth,37.9673,SBI Mutual Fund,Equity Scheme - Small Cap Fund
2016-09-01,125497,SBI Small Cap Fund - Direct Plan - Growth,37.547,SBI Mutual Fund,Equity Scheme - Small Cap Fund
2016-09-02,125497,SBI Small Cap Fund - Direct Plan - Growth,37.7261,SBI Mutual Fund,Equity Scheme - Small Cap Fund
2016-09-06,125497,SBI Small Cap Fund - Direct Plan - Growth,37.9713,SBI Mutual Fund,Equity Scheme - Small Cap Fund
2016-09-07,125497,SBI Small Cap Fund - Direct Plan - Growth,37.7765,SBI Mutual Fund,Equity Scheme - Small Cap Fund
2016-09-08,125497,SBI Small Cap Fund - Direct Plan - Growth,38.0072,SBI Mutual Fund,Equity Scheme - Small Cap Fund
2016-09-09,125497,SBI Small Cap Fund - Direct Plan - Growth,37.8889,SBI Mutual Fund,Equity Scheme - Small Cap Fund
2016-09-12,125497,SBI Small Cap Fund - Direct Plan - Growth,37.1323,SBI Mutual Fund,Equity Scheme - Small Cap Fund
2016-09-14,125497,SBI Small Cap Fund - Direct Plan - Growth,37.4695,SBI Mutual Fund,Equity Scheme - Small Cap Fund
2016-09-15,125497,SBI Small Cap Fund - Direct Plan - Growth,37.5655,SBI Mutual Fund,Equity Scheme - Small Cap Fund
2016-09-16,125497,SBI Small Cap Fund - Direct Plan - Growth,37.5474,SBI Mutual Fund,Equity Scheme - Small Cap Fund
2016-09-19,125497,SBI Small Cap Fund - Direct Plan - Growth,37.7317,SBI Mutual Fund,Equity Scheme - Small Cap Fund
2016-09-20,125497,SBI Small Cap Fund - Direct Plan - Growth,37.8995,SBI Mutual Fund,Equity Scheme - Small Cap Fund
2016-09-21,125497,SBI Small Cap Fund - Direct Plan - Growth,37.8895,SBI Mutual Fund,Equity Scheme - Small Cap Fund
2016-09-22,125497,SBI Small Cap Fund - Direct Plan - Growth,38.4994,SBI Mutual Fund,Equity Scheme - Small Cap Fund
2016-09-23,125497,SBI Small Cap Fund - Direct Plan - Growth,38.6335,SBI Mutual Fund,Equity Scheme - Small Cap Fund
2016-09-26,125497,SBI Small Cap Fund - Direct Plan - Growth,38.5512,SBI Mutual Fund,Equity Scheme - Small Cap Fund
2016-09-27,125497,SBI Small Cap Fund - Direct Plan - Growth,38.6536,SBI Mutual Fund,Equity Scheme - Small Cap Fund
2016-09-28,125497,SBI Small Cap Fund - Direct Plan - Growth,38.8645,SBI Mutual Fund,Equity Scheme - Small Cap Fund
2016-09-29,125497,SBI Small Cap Fund - Direct Plan - Growth,37.6457,SBI Mutual Fund,Equity Scheme - Small Cap Fund
2016-09-30,125497,SBI Small Cap Fund - Direct Plan - Growth,38.6634,SBI Mutual Fund,Equity Scheme - Small Cap Fund
2016-10-03,125497,SBI Small Cap Fund - Direct Plan - Growth,39.4262,SBI Mutual Fund,Equity Scheme - Small Cap Fund
2016-10-04,125497,SBI Small Cap Fund - Direct Plan - Growth,39.6324,SBI Mutual Fund,Equity Scheme - Small Cap Fund
2016-10-05,125497,SBI Small Cap Fund - Direct Plan - Growth,39.9987,SBI Mutual Fund,Equity Scheme - Small Cap Fund
2016-10-06,125497,SBI Small Cap Fund - Direct Plan - Growth,39.8451,SBI Mutual Fund,Equity Scheme - Small Cap Fund
2016-10-07,125497,SBI Small Cap Fund - Direct Plan - Growth,40.2223,SBI Mutual Fund,Equity Scheme - Small Cap Fund
2016-10-10,125497,SBI Small Cap Fund - Direct Plan - Growth,40.4711,SBI Mutual Fund,Equity Scheme - Small Cap Fund
2016-10-13,125497,SBI Small Cap Fund - Direct Plan - Growth,39.7037,SBI Mutual Fund,Equity Scheme - Small Cap Fund
2016-10-14,125497,SBI Small Cap Fund - Direct Plan - Growth,39.9726,SBI Mutual Fund,Equity Scheme - Small Cap Fund
2016-10-17,125497,SBI Small Cap Fund - Direct Plan - Growth,39.6723,SBI Mutual Fund,Equity Scheme - Small Cap Fund
2016-10-18,125497,SBI Small Cap Fund - Direct Plan - Growth,40.0062,SBI Mutual Fund,Equity Scheme - Small Cap Fund
2016-10-19,125497,SBI Small Cap Fund - Direct Plan - Growth,40.2299,SBI Mutual Fund,Equity Scheme - Small Cap Fund
2016-10-20,125497,SBI Small Cap Fund - Direct Plan - Growth,40.2785,SBI Mutual Fund,Equity Scheme - Small Cap Fund
2016-10-21,125497,SBI Small Cap Fund - Direct Plan - Growth,40.0949,SBI Mutual Fund,Equity Scheme - Small Cap Fund
2016-10-24,125497,SBI Small Cap Fund - Direct Plan - Growth,40.4993,SBI Mutual Fund,Equity Scheme - Small Cap Fund
2016-10-25,125497,SBI Small Cap Fund - Direct Plan - Growth,40.6786,SBI Mutual Fund,Equity Scheme - Small Cap Fund
2016-10-26,125497,SBI Small Cap Fund - Direct Plan - Growth,40.5044,SBI Mutual Fund,Equity Scheme - Small Cap Fund
2016-10-27,125497,SBI Small Cap Fund - Direct Plan - Growth,40.588,SBI Mutual Fund,Equity Scheme - Small Cap Fund
2016-10-28,125497,SBI Small Cap Fund - Direct Plan - Growth,41.0564,SBI Mutual Fund,Equity Scheme - Small Cap Fund
2016-11-01,125497,SBI Small Cap Fund - Direct Plan - Growth,41.6575,SBI Mutual Fund,Equity Scheme - Small Cap Fund
2016-11-02,125497,SBI Small Cap Fund - Direct Plan - Growth,41.034,SBI Mutual Fund,Equity Scheme - Small Cap Fund
2016-11-03,125497,SBI Small Cap Fund - Direct Plan - Growth,40.5851,SBI Mutual Fund,Equity Scheme - Small Cap Fund
2016-11-04,125497,SBI Small Cap Fund - Direct Plan - Growth,39.8044,SBI Mutual Fund,Equity Scheme - Small Cap Fund
2016-11-07,125497,SBI Small Cap Fund - Direct Plan - Growth,40.3143,SBI Mutual Fund,Equity Scheme - Small Cap Fund
2016-11-08,125497,SBI Small Cap Fund - Direct Plan - Growth,40.2973,SBI Mutual Fund,Equity Scheme - Small Cap Fund
2016-11-09,125497,SBI Small Cap Fund - Direct Plan - Growth,39.7184,SBI Mutual Fund,Equity Scheme - Small Cap Fund
2016-11-10,125497,SBI Small Cap Fund - Direct Plan - Growth,40.372,SBI Mutual Fund,Equity Scheme - Small Cap Fund
2016-11-11,125497,SBI Small Cap Fund - Direct Plan - Growth,39.2286,SBI Mutual Fund,Equity Scheme - Small Cap Fund
2016-11-15,125497,SBI Small Cap Fund - Direct Plan - Growth,37.2816,SBI Mutual Fund,Equity Scheme - Small Cap Fund
2016-11-16,125497,SBI Small Cap Fund - Direct Plan - Growth,37.2673,SBI Mutual Fund,Equity Scheme - Small Cap Fund
2016-11-17,125497,SBI Small Cap Fund - Direct Plan - Growth,37.079,SBI Mutual Fund,Equity Scheme - Small Cap Fund
2016-11-18,125497,SBI Small Cap Fund - Direct Plan - Growth,37.4444,SBI Mutual Fund,Equity Scheme - Small Cap Fund
2016-11-21,125497,SBI Small Cap Fund - Direct Plan - Growth,36.0161,SBI Mutual Fund,Equity Scheme - Small Cap Fund
2016-11-22,125497,SBI Small Cap Fund - Direct Plan - Growth,36.3454,SBI Mutual Fund,Equity Scheme - Small Cap Fund
2016-11-23,125497,SBI Small Cap Fund - Direct Plan - Growth,36.6964,SBI Mutual Fund,Equity Scheme - Small Cap Fund
2016-11-24,125497,SBI Small Cap Fund - Direct Plan - Growth,36.8274,SBI Mutual Fund,Equity Scheme - Small Cap Fund
2016-11-25,125497,SBI Small Cap Fund - Direct Plan - Growth,37.3075,SBI Mutual Fund,Equity Scheme - Small Cap Fund
2016-11-28,125497,SBI Small Cap Fund - Direct Plan - Growth,37.784,SBI Mutual Fund,Equity Scheme - Small Cap Fund
2016-11-29,125497,SBI Small Cap Fund - Direct Plan - Growth,37.9466,SBI Mutual Fund,Equity Scheme - Small Cap Fund
2016-11-30,125497,SBI Small Cap Fund - Direct Plan - Growth,38.2132,SBI Mutual Fund,Equity Scheme - Small Cap Fund
2016-12-01,125497,SBI Small Cap Fund - Direct Plan - Growth,38.1715,SBI Mutual Fund,Equity Scheme - Small Cap Fund
2016-12-02,125497,SBI Small Cap Fund - Direct Plan - Growth,37.6241,SBI Mutual Fund,Equity Scheme - Small Cap Fund
2016-12-05,125497,SBI Small Cap Fund - Direct Plan - Growth,37.5993,SBI Mutual Fund,Equity Scheme - Small Cap Fund
2016-12-06,125497,SBI Small Cap Fund - Direct Plan - Growth,37.4778,SBI Mutual Fund,Equity Scheme - Small Cap Fund
2016-12-07,125497,SBI Small Cap Fund - Direct Plan - Growth,37.3837,SBI Mutual Fund,Equity Scheme - Small Cap Fund
2016-12-08,125497,SBI Small Cap Fund - Direct Plan - Growth,37.6893,SBI Mutual Fund,Equity Scheme - Small Cap Fund
2016-12-09,125497,SBI Small Cap Fund - Direct Plan - Growth,37.7144,SBI Mutual Fund,Equity Scheme - Small Cap Fund
2016-12-12,125497,SBI Small Cap Fund - Direct Plan - Growth,37.4765,SBI Mutual Fund,Equity Scheme - Small Cap Fund
2016-12-13,125497,SBI Small Cap Fund - Direct Plan - Growth,37.6478,SBI Mutual Fund,Equity Scheme - Small Cap Fund
2016-12-14,125497,SBI Small Cap Fund - Direct Plan - Growth,37.2921,SBI Mutual Fund,Equity Scheme - Small Cap Fund
2016-12-15,125497,SBI Small Cap Fund - Direct Plan - Growth,37.1506,SBI Mutual Fund,Equity Scheme - Small Cap Fund
2016-12-16,125497,SBI Small Cap Fund - Direct Plan - Growth,37.1271,SBI Mutual Fund,Equity Scheme - Small Cap Fund
2016-12-19,125497,SBI Small Cap Fund - Direct Plan - Growth,36.945,SBI Mutual Fund,Equity Scheme - Small Cap Fund
2016-12-20,125497,SBI Small Cap Fund - Direct Plan - Growth,36.545,SBI Mutual Fund,Equity Scheme - Small Cap Fund
2016-12-21,125497,SBI Small Cap Fund - Direct Plan - Growth,36.5384,SBI Mutual Fund,Equity Scheme - Small Cap Fund
2016-12-22,125497,SBI Small Cap Fund - Direct Plan - Growth,36.1526,SBI Mutual Fund,Equity Scheme - Small Cap Fund
2016-12-23,125497,SBI Small Cap Fund - Direct Plan - Growth,36.2255,SBI Mutual Fund,Equity Scheme - Small Cap Fund
2016-12-26,125497,SBI Small Cap Fund - Direct Plan - Growth,35.6034,SBI Mutual Fund,Equity Scheme - Small Cap Fund
2016-12-27,125497,SBI Small Cap Fund - Direct Plan - Growth,35.8987,SBI Mutual Fund,Equity Scheme - Small Cap Fund
2016-12-28,125497,SBI Small Cap Fund - Direct Plan - Growth,36.0955,SBI Mutual Fund,Equity Scheme - Small Cap Fund
2016-12-29,125497,SBI Small Cap Fund - Direct Plan - Growth,36.3282,SBI Mutual Fund,Equity Scheme - Small Cap Fund
2016-12-30,125497,SBI Small Cap Fund - Direct Plan - Growth,36.6631,SBI Mutual Fund,Equity Scheme - Small Cap Fund
2017-01-02,125497,SBI Small Cap Fund - Direct Plan - Growth,36.945,SBI Mutual Fund,Equity Scheme - Small Cap Fund
2017-01-03,125497,SBI Small Cap Fund - Direct Plan - Growth,37.2804,SBI Mutual Fund,Equity Scheme - Small Cap Fund
2017-01-04,125497,SBI Small Cap Fund - Direct Plan - Growth,37.3559,SBI Mutual Fund,Equity Scheme - Small Cap Fund
2017-01-05,125497,SBI Small Cap Fund - Direct Plan - Growth,37.6091,SBI Mutual Fund,Equity Scheme - Small Cap Fund
2017-01-06,125497,SBI Small Cap Fund - Direct Plan - Growth,37.6588,SBI Mutual Fund,Equity Scheme - Small Cap Fund
2017-01-09,125497,SBI Small Cap Fund - Direct Plan - Growth,37.8471,SBI Mutual Fund,Equity Scheme - Small Cap Fund
2017-01-10,125497,SBI Small Cap Fund - Direct Plan - Growth,38.0179,SBI Mutual Fund,Equity Scheme - Small Cap Fund
2017-01-11,125497,SBI Small Cap Fund - Direct Plan - Growth,38.2558,SBI Mutual Fund,Equity Scheme - Small Cap Fund
2017-01-12,125497,SBI Small Cap Fund - Direct Plan - Growth,38.1337,SBI Mutual Fund,Equity Scheme - Small Cap Fund
2017-01-13,125497,SBI Small Cap Fund - Direct Plan - Growth,38.1845,SBI Mutual Fund,Equity Scheme - Small Cap Fund
2017-01-16,125497,SBI Small Cap Fund - Direct Plan - Growth,38.3745,SBI Mutual Fund,Equity Scheme - Small Cap Fund
2017-01-17,125497,SBI Small Cap Fund - Direct Plan - Growth,38.5511,SBI Mutual Fund,Equity Scheme - Small Cap Fund
2017-01-18,125497,SBI Small Cap Fund - Direct Plan - Growth,38.8508,SBI Mutual Fund,Equity Scheme - Small Cap Fund
2017-01-19,125497,SBI Small Cap Fund - Direct Plan - Growth,38.9791,SBI Mutual Fund,Equity Scheme - Small Cap Fund
2017-01-20,125497,SBI Small Cap Fund - Direct Plan - Growth,38.6106,SBI Mutual Fund,Equity Scheme - Small Cap Fund
2017-01-23,125497,SBI Small Cap Fund - Direct Plan - Growth,38.7686,SBI Mutual Fund,Equity Scheme - Small Cap Fund
2017-01-24,125497,SBI Small Cap Fund - Direct Plan - Growth,39.1981,SBI Mutual Fund,Equity Scheme - Small Cap Fund
2017-01-25,125497,SBI Small Cap Fund - Direct Plan - Growth,39.3139,SBI Mutual Fund,Equity Scheme - Small Cap Fund
2017-01-27,125497,SBI Small Cap Fund - Direct Plan - Growth,39.5765,SBI Mutual Fund,Equity Scheme - Small Cap Fund
2017-01-30,125497,SBI Small Cap Fund - Direct Plan - Growth,39.3144,SBI Mutual Fund,Equity Scheme - Small Cap Fund
2017-01-31,125497,SBI Small Cap Fund - Direct Plan - Growth,39.1862,SBI Mutual Fund,Equity Scheme - Small Cap Fund
2017-02-01,125497,SBI Small Cap Fund - Direct Plan - Growth,39.5325,SBI Mutual Fund,Equity Scheme - Small Cap Fund
2017-02-02,125497,SBI Small Cap Fund - Direct Plan - Growth,39.6138,SBI Mutual Fund,Equity Scheme - Small Cap Fund
2017-02-03,125497,SBI Small Cap Fund - Direct Plan - Growth,40.3205,SBI Mutual Fund,Equity Scheme - Small Cap Fund
2017-02-06,125497,SBI Small Cap Fund - Direct Plan - Growth,40.7207,SBI Mutual Fund,Equity Scheme - Small Cap Fund
2017-02-07,125497,SBI Small Cap Fund - Direct Plan - Growth,40.9243,SBI Mutual Fund,Equity Scheme - Small Cap Fund
2017-02-08,125497,SBI Small Cap Fund - Direct Plan - Growth,40.9586,SBI Mutual Fund,Equity Scheme - Small Cap Fund
2017-02-09,125497,SBI Small Cap Fund - Direct Plan - Growth,40.9909,SBI Mutual Fund,Equity Scheme - Small Cap Fund
2017-02-10,125497,SBI Small Cap Fund - Direct Plan - Growth,41.2994,SBI Mutual Fund,Equity Scheme - Small Cap Fund
2017-02-13,125497,SBI Small Cap Fund - Direct Plan - Growth,41.2657,SBI Mutual Fund,Equity Scheme - Small Cap Fund
2017-02-14,125497,SBI Small Cap Fund - Direct Plan - Growth,41.0917,SBI Mutual Fund,Equity Scheme - Small Cap Fund
2017-02-15,125497,SBI Small Cap Fund - Direct Plan - Growth,40.3628,SBI Mutual Fund,Equity Scheme - Small Cap Fund
2017-02-16,125497,SBI Small Cap Fund - Direct Plan - Growth,40.8238,SBI Mutual Fund,Equity Scheme - Small Cap Fund
2017-02-17,125497,SBI Small Cap Fund - Direct Plan - Growth,40.8373,SBI Mutual Fund,Equity Scheme - Small Cap Fund
2017-02-20,125497,SBI Small Cap Fund - Direct Plan - Growth,41.1251,SBI Mutual Fund,Equity Scheme - Small Cap Fund
2017-02-21,125497,SBI Small Cap Fund - Direct Plan - Growth,41.2254,SBI Mutual Fund,Equity Scheme - Small Cap Fund
2017-02-22,125497,SBI Small Cap Fund - Direct Plan - Growth,40.9946,SBI Mutual Fund,Equity Scheme - Small Cap Fund
2017-02-23,125497,SBI Small Cap Fund - Direct Plan - Growth,41.03,SBI Mutual Fund,Equity Scheme - Small Cap Fund
2017-02-27,125497,SBI Small Cap Fund - Direct Plan - Growth,40.7685,SBI Mutual Fund,Equity Scheme - Small Cap Fund
2017-02-28,125497,SBI Small Cap Fund - Direct Plan - Growth,40.9008,SBI Mutual Fund,Equity Scheme - Small Cap Fund
2017-03-01,125497,SBI Small Cap Fund - Direct Plan - Growth,41.2422,SBI Mutual Fund,Equity Scheme - Small Cap Fund
2017-03-02,125497,SBI Small Cap Fund - Direct Plan - Growth,40.7713,SBI Mutual Fund,Equity Scheme - Small Cap Fund
2017-03-03,125497,SBI Small Cap Fund - Direct Plan - Growth,40.9417,SBI Mutual Fund,Equity Scheme - Small Cap Fund
2017-03-06,125497,SBI Small Cap Fund - Direct Plan - Growth,40.9656,SBI Mutual Fund,Equity Scheme - Small Cap Fund
2017-03-07,125497,SBI Small Cap Fund - Direct Plan - Growth,41.0703,SBI Mutual Fund,Equity Scheme - Small Cap Fund
2017-03-08,125497,SBI Small Cap Fund - Direct Plan - Growth,41.0006,SBI Mutual Fund,Equity Scheme - Small Cap Fund
2017-03-09,125497,SBI Small Cap Fund - Direct Plan - Growth,41.0732,SBI Mutual Fund,Equity Scheme - Small Cap Fund
2017-03-10,125497,SBI Small Cap Fund - Direct Plan - Growth,40.9816,SBI Mutual Fund,Equity Scheme - Small Cap Fund
2017-03-14,125497,SBI Small Cap Fund - Direct Plan - Growth,41.304,SBI Mutual Fund,Equity Scheme - Small Cap Fund
2017-03-15,125497,SBI Small Cap Fund - Direct Plan - Growth,41.3027,SBI Mutual Fund,Equity Scheme - Small Cap Fund
2017-03-16,125497,SBI Small Cap Fund - Direct Plan - Growth,41.8189,SBI Mutual Fund,Equity Scheme - Small Cap Fund
2017-03-17,125497,SBI Small Cap Fund - Direct Plan - Growth,41.9777,SBI Mutual Fund,Equity Scheme - Small Cap Fund
2017-03-20,125497,SBI Small Cap Fund - Direct Plan - Growth,42.24,SBI Mutual Fund,Equity Scheme - Small Cap Fund
2017-03-21,125497,SBI Small Cap Fund - Direct Plan - Growth,42.1456,SBI Mutual Fund,Equity Scheme - Small Cap Fund
2017-03-22,125497,SBI Small Cap Fund - Direct Plan - Growth,42.0026,SBI Mutual Fund,Equity Scheme - Small Cap Fund
2017-03-23,125497,SBI Small Cap Fund - Direct Plan - Growth,42.1719,SBI Mutual Fund,Equity Scheme - Small Cap Fund
2017-03-24,125497,SBI Small Cap Fund - Direct Plan - Growth,42.2284,SBI Mutual Fund,Equity Scheme - Small Cap Fund
2017-03-27,125497,SBI Small Cap Fund - Direct Plan - Growth,42.2659,SBI Mutual Fund,Equity Scheme - Small Cap Fund
2017-03-28,125497,SBI Small Cap Fund - Direct Plan - Growth,42.3497,SBI Mutual Fund,Equity Scheme - Small Cap Fund
2017-03-29,125497,SBI Small Cap Fund - Direct Plan - Growth,42.3573,SBI Mutual Fund,Equity Scheme - Small Cap Fund
2017-03-30,125497,SBI Small Cap Fund - Direct Plan - Growth,42.691,SBI Mutual Fund,Equity Scheme - Small Cap Fund
2017-03-31,125497,SBI Small Cap Fund - Direct Plan - Growth,42.7884,SBI Mutual Fund,Equity Scheme - Small Cap Fund
2017-04-03,125497,SBI Small Cap Fund - Direct Plan - Growth,43.2863,SBI Mutual Fund,Equity Scheme - Small Cap Fund
2017-04-05,125497,SBI Small Cap Fund - Direct Plan - Growth,44.5942,SBI Mutual Fund,Equity Scheme - Small Cap Fund
2017-04-06,125497,SBI Small Cap Fund - Direct Plan - Growth,44.6978,SBI Mutual Fund,Equity Scheme - Small Cap Fund
2017-04-07,125497,SBI Small Cap Fund - Direct Plan - Growth,44.3425,SBI Mutual Fund,Equity Scheme - Small Cap Fund
2017-04-10,125497,SBI Small Cap Fund - Direct Plan - Growth,44.7075,SBI Mutual Fund,Equity Scheme - Small Cap Fund
2017-04-11,125497,SBI Small Cap Fund - Direct Plan - Growth,45.0113,SBI Mutual Fund,Equity Scheme - Small Cap Fund
2017-04-12,125497,SBI Small Cap Fund - Direct Plan - Growth,44.8462,SBI Mutual Fund,Equity Scheme - Small Cap Fund
2017-04-13,125497,SBI Small Cap Fund - Direct Plan - Growth,44.78,SBI Mutual Fund,Equity Scheme - Small Cap Fund
2017-04-17,125497,SBI Small Cap Fund - Direct Plan - Growth,44.9619,SBI Mutual Fund,Equity Scheme - Small Cap Fund
2017-04-18,125497,SBI Small Cap Fund - Direct Plan - Growth,44.5612,SBI Mutual Fund,Equity Scheme - Small Cap Fund
2017-04-19,125497,SBI Small Cap Fund - Direct Plan - Growth,44.6032,SBI Mutual Fund,Equity Scheme - Small Cap Fund
2017-04-20,125497,SBI Small Cap Fund - Direct Plan - Growth,45.0012,SBI Mutual Fund,Equity Scheme - Small Cap Fund
2017-04-21,125497,SBI Small Cap Fund - Direct Plan - Growth,44.9958,SBI Mutual Fund,Equity Scheme - Small Cap Fund
2017-04-24,125497,SBI Small Cap Fund - Direct Plan - Growth,45.2712,SBI Mutual Fund,Equity Scheme - Small Cap Fund
2017-04-25,125497,SBI Small Cap Fund - Direct Plan - Growth,45.2974,SBI Mutual Fund,Equity Scheme - Small Cap Fund
2017-04-26,125497,SBI Small Cap Fund - Direct Plan - Growth,44.6934,SBI Mutual Fund,Equity Scheme - Small Cap Fund
2017-04-27,125497,SBI Small Cap Fund - Direct Plan - Growth,44.964,SBI Mutual Fund,Equity Scheme - Small Cap Fund
2017-04-28,125497,SBI Small Cap Fund - Direct Plan - Growth,44.9968,SBI Mutual Fund,Equity Scheme - Small Cap Fund
2017-05-02,125497,SBI Small Cap Fund - Direct Plan - Growth,44.8776,SBI Mutual Fund,Equity Scheme - Small Cap Fund
2017-05-03,125497,SBI Small Cap Fund - Direct Plan - Growth,44.8741,SBI Mutual Fund,Equity Scheme - Small Cap Fund
2017-05-04,125497,SBI Small Cap Fund - Direct Plan - Growth,45.0697,SBI Mutual Fund,Equity Scheme - Small Cap Fund
2017-05-05,125497,SBI Small Cap Fund - Direct Plan - Growth,44.9503,SBI Mutual Fund,Equity Scheme - Small Cap Fund
2017-05-08,125497,SBI Small Cap Fund - Direct Plan - Growth,45.2513,SBI Mutual Fund,Equity Scheme - Small Cap Fund
2017-05-09,125497,SBI Small Cap Fund - Direct Plan - Growth,45.4696,SBI Mutual Fund,Equity Scheme - Small Cap Fund
2017-05-10,125497,SBI Small Cap Fund - Direct Plan - Growth,45.8331,SBI Mutual Fund,Equity Scheme - Small Cap Fund
2017-05-11,125497,SBI Small Cap Fund - Direct Plan - Growth,45.5728,SBI Mutual Fund,Equity Scheme - Small Cap Fund
2017-05-12,125497,SBI Small Cap Fund - Direct Plan - Growth,45.1186,SBI Mutual Fund,Equity Scheme - Small Cap Fund
2017-05-15,125497,SBI Small Cap Fund - Direct Plan - Growth,45.6024,SBI Mutual Fund,Equity Scheme - Small Cap Fund
2017-05-16,125497,SBI Small Cap Fund - Direct Plan - Growth,45.686,SBI Mutual Fund,Equity Scheme - Small Cap Fund
2017-05-17,125497,SBI Small Cap Fund - Direct Plan - Growth,45.8048,SBI Mutual Fund,Equity Scheme - Small Cap Fund
2017-05-18,125497,SBI Small Cap Fund - Direct Plan - Growth,45.5892,SBI Mutual Fund,Equity Scheme - Small Cap Fund
2017-05-19,125497,SBI Small Cap Fund - Direct Plan - Growth,45.2431,SBI Mutual Fund,Equity Scheme - Small Cap Fund
2017-05-22,125497,SBI Small Cap Fund - Direct Plan - Growth,44.866,SBI Mutual Fund,Equity Scheme - Small Cap Fund
2017-05-23,125497,SBI Small Cap Fund - Direct Plan - Growth,44.0249,SBI Mutual Fund,Equity Scheme - Small Cap Fund
2017-05-24,125497,SBI Small Cap Fund - Direct Plan - Growth,43.3484,SBI Mutual Fund,Equity Scheme - Small Cap Fund
2017-05-25,125497,SBI Small Cap Fund - Direct Plan - Growth,44.2257,SBI Mutual Fund,Equity Scheme - Small Cap Fund
2017-05-26,125497,SBI Small Cap Fund - Direct Plan - Growth,44.8599,SBI Mutual Fund,Equity Scheme - Small Cap Fund
2017-05-29,125497,SBI Small Cap Fund - Direct Plan - Growth,44.4295,SBI Mutual Fund,Equity Scheme - Small Cap Fund
2017-05-30,125497,SBI Small Cap Fund - Direct Plan - Growth,44.2141,SBI Mutual Fund,Equity Scheme - Small Cap Fund
2017-05-31,125497,SBI Small Cap Fund - Direct Plan - Growth,44.5677,SBI Mutual Fund,Equity Scheme - Small Cap Fund
2017-06-01,125497,SBI Small Cap Fund - Direct Plan - Growth,44.592,SBI Mutual Fund,Equity Scheme - Small Cap Fund
2017-06-02,125497,SBI Small Cap Fund - Direct Plan - Growth,44.8693,SBI Mutual Fund,Equity Scheme - Small Cap Fund
2017-06-05,125497,SBI Small Cap Fund - Direct Plan - Growth,45.12,SBI Mutual Fund,Equity Scheme - Small Cap Fund
2017-06-06,125497,SBI Small Cap Fund - Direct Plan - Growth,44.8932,SBI Mutual Fund,Equity Scheme - Small Cap Fund
2017-06-07,125497,SBI Small Cap Fund - Direct Plan - Growth,45.2229,SBI Mutual Fund,Equity Scheme - Small Cap Fund
2017-06-08,125497,SBI Small Cap Fund - Direct Plan - Growth,45.3666,SBI Mutual Fund,Equity Scheme - Small Cap Fund
2017-06-09,125497,SBI Small Cap Fund - Direct Plan - Growth,45.3998,SBI Mutual Fund,Equity Scheme - Small Cap Fund
2017-06-12,125497,SBI Small Cap Fund - Direct Plan - Growth,45.6426,SBI Mutual Fund,Equity Scheme - Small Cap Fund
2017-06-13,125497,SBI Small Cap Fund - Direct Plan - Growth,45.76,SBI Mutual Fund,Equity Scheme - Small Cap Fund
2017-06-14,125497,SBI Small Cap Fund - Direct Plan - Growth,45.7899,SBI Mutual Fund,Equity Scheme - Small Cap Fund
2017-06-15,125497,SBI Small Cap Fund - Direct Plan - Growth,46.1215,SBI Mutual Fund,Equity Scheme - Small Cap Fund
2017-06-16,125497,SBI Small Cap Fund - Direct Plan - Growth,46.2799,SBI Mutual Fund,Equity Scheme - Small Cap Fund
2017-06-19,125497,SBI Small Cap Fund - Direct Plan - Growth,46.4924,SBI Mutual Fund,Equity Scheme - Small Cap Fund
2017-06-20,125497,SBI Small Cap Fund - Direct Plan - Growth,46.6247,SBI Mutual Fund,Equity Scheme - Small Cap Fund
2017-06-21,125497,SBI Small Cap Fund - Direct Plan - Growth,46.8016,SBI Mutual Fund,Equity Scheme - Small Cap Fund
2017-06-22,125497,SBI Small Cap Fund - Direct Plan - Growth,46.9542,SBI Mutual Fund,Equity Scheme - Small Cap Fund
2017-06-23,125497,SBI Small Cap Fund - Direct Plan - Growth,46.4126,SBI Mutual Fund,Equity Scheme - Small Cap Fund
2017-06-27,125497,SBI Small Cap Fund - Direct Plan - Growth,46.0949,SBI Mutual Fund,Equity Scheme - Small Cap Fund
2017-06-28,125497,SBI Small Cap Fund - Direct Plan - Growth,45.7199,SBI Mutual Fund,Equity Scheme - Small Cap Fund
2017-06-29,125497,SBI Small Cap Fund - Direct Plan - Growth,46.1769,SBI Mutual Fund,Equity Scheme - Small Cap Fund
2017-06-30,125497,SBI Small Cap Fund - Direct Plan - Growth,46.3484,SBI Mutual Fund,Equity Scheme - Small Cap Fund
2017-07-03,125497,SBI Small Cap Fund - Direct Plan - Growth,47.0864,SBI Mutual Fund,Equity Scheme - Small Cap Fund
2017-07-04,125497,SBI Small Cap Fund - Direct Plan - Growth,47.3041,SBI Mutual Fund,Equity Scheme - Small Cap Fund
2017-07-05,125497,SBI Small Cap Fund - Direct Plan - Growth,47.6057,SBI Mutual Fund,Equity Scheme - Small Cap Fund
2017-07-06,125497,SBI Small Cap Fund - Direct Plan - Growth,47.6048,SBI Mutual Fund,Equity Scheme - Small Cap Fund
2017-07-07,125497,SBI Small Cap Fund - Direct Plan - Growth,47.6689,SBI Mutual Fund,Equity Scheme - Small Cap Fund
2017-07-10,125497,SBI Small Cap Fund - Direct Plan - Growth,47.7571,SBI Mutual Fund,Equity Scheme - Small Cap Fund
2017-07-11,125497,SBI Small Cap Fund - Direct Plan - Growth,47.8999,SBI Mutual Fund,Equity Scheme - Small Cap Fund
2017-07-12,125497,SBI Small Cap Fund - Direct Plan - Growth,47.981,SBI Mutual Fund,Equity Scheme - Small Cap Fund
2017-07-13,125497,SBI Small Cap Fund - Direct Plan - Growth,48.2403,SBI Mutual Fund,Equity Scheme - Small Cap Fund
2017-07-14,125497,SBI Small Cap Fund - Direct Plan - Growth,47.7904,SBI Mutual Fund,Equity Scheme - Small Cap Fund
2017-07-17,125497,SBI Small Cap Fund - Direct Plan - Growth,47.97,SBI Mutual Fund,Equity Scheme - Small Cap Fund
2017-07-18,125497,SBI Small Cap Fund - Direct Plan - Growth,47.9429,SBI Mutual Fund,Equity Scheme - Small Cap Fund
2017-07-19,125497,SBI Small Cap Fund - Direct Plan - Growth,48.2322,SBI Mutual Fund,Equity Scheme - Small Cap Fund
2017-07-20,125497,SBI Small Cap Fund - Direct Plan - Growth,48.4308,SBI Mutual Fund,Equity Scheme - Small Cap Fund
2017-07-21,125497,SBI Small Cap Fund - Direct Plan - Growth,48.2629,SBI Mutual Fund,Equity Scheme - Small Cap Fund
2017-07-24,125497,SBI Small Cap Fund - Direct Plan - Growth,48.2489,SBI Mutual Fund,Equity Scheme - Small Cap Fund
2017-07-25,125497,SBI Small Cap Fund - Direct Plan - Growth,48.2663,SBI Mutual Fund,Equity Scheme - Small Cap Fund
2017-07-26,125497,SBI Small Cap Fund - Direct Plan - Growth,48.4663,SBI Mutual Fund,Equity Scheme - Small Cap Fund
2017-07-27,125497,SBI Small Cap Fund - Direct Plan - Growth,48.1589,SBI Mutual Fund,Equity Scheme - Small Cap Fund
2017-07-28,125497,SBI Small Cap Fund - Direct Plan - Growth,48.5811,SBI Mutual Fund,Equity Scheme - Small Cap Fund
2017-07-31,125497,SBI Small Cap Fund - Direct Plan - Growth,48.6537,SBI Mutual Fund,Equity Scheme - Small Cap Fund
2017-08-01,125497,SBI Small Cap Fund - Direct Plan - Growth,48.8185,SBI Mutual Fund,Equity Scheme - Small Cap Fund
2017-08-02,125497,SBI Small Cap Fund - Direct Plan - Growth,48.434,SBI Mutual Fund,Equity Scheme - Small Cap Fund
2017-08-03,125497,SBI Small Cap Fund - Direct Plan - Growth,48.0355,SBI Mutual Fund,Equity Scheme - Small Cap Fund
2017-08-04,125497,SBI Small Cap Fund - Direct Plan - Growth,48.1507,SBI Mutual Fund,Equity Scheme - Small Cap Fund
2017-08-07,125497,SBI Small Cap Fund - Direct Plan - Growth,48.5716,SBI Mutual Fund,Equity Scheme - Small Cap Fund
2017-08-08,125497,SBI Small Cap Fund - Direct Plan - Growth,48.14,SBI Mutual Fund,Equity Scheme - Small Cap Fund
2017-08-09,125497,SBI Small Cap Fund - Direct Plan - Growth,47.6533,SBI Mutual Fund,Equity Scheme - Small Cap Fund
2017-08-10,125497,SBI Small Cap Fund - Direct Plan - Growth,46.6004,SBI Mutual Fund,Equity Scheme - Small Cap Fund
2017-08-11,125497,SBI Small Cap Fund - Direct Plan - Growth,46.9331,SBI Mutual Fund,Equity Scheme - Small Cap Fund
2017-08-14,125497,SBI Small Cap Fund - Direct Plan - Growth,47.737,SBI Mutual Fund,Equity Scheme - Small Cap Fund
2017-08-16,125497,SBI Small Cap Fund - Direct Plan - Growth,48.3225,SBI Mutual Fund,Equity Scheme - Small Cap Fund
2017-08-17,125497,SBI Small Cap Fund - Direct Plan - Growth,48.7034,SBI Mutual Fund,Equity Scheme - Small Cap Fund
2017-08-18,125497,SBI Small Cap Fund - Direct Plan - Growth,48.3833,SBI Mutual Fund,Equity Scheme - Small Cap Fund
2017-08-21,125497,SBI Small Cap Fund - Direct Plan - Growth,47.7179,SBI Mutual Fund,Equity Scheme - Small Cap Fund
2017-08-22,125497,SBI Small Cap Fund - Direct Plan - Growth,47.9154,SBI Mutual Fund,Equity Scheme - Small Cap Fund
2017-08-23,125497,SBI Small Cap Fund - Direct Plan - Growth,48.1917,SBI Mutual Fund,Equity Scheme - Small Cap Fund
2017-08-24,125497,SBI Small Cap Fund - Direct Plan - Growth,48.248,SBI Mutual Fund,Equity Scheme - Small Cap Fund
2017-08-28,125497,SBI Small Cap Fund - Direct Plan - Growth,48.5392,SBI Mutual Fund,Equity Scheme - Small Cap Fund
2017-08-29,125497,SBI Small Cap Fund - Direct Plan - Growth,48.1384,SBI Mutual Fund,Equity Scheme - Small Cap Fund
2017-08-30,125497,SBI Small Cap Fund - Direct Plan - Growth,48.4861,SBI Mutual Fund,Equity Scheme - Small Cap Fund
2017-08-31,125497,SBI Small Cap Fund - Direct Plan - Growth,49.1482,SBI Mutual Fund,Equity Scheme - Small Cap Fund
2017-09-01,125497,SBI Small Cap Fund - Direct Plan - Growth,49.6448,SBI Mutual Fund,Equity Scheme - Small Cap Fund
2017-09-04,125497,SBI Small Cap Fund - Direct Plan - Growth,49.5888,SBI Mutual Fund,Equity Scheme - Small Cap Fund
2017-09-05,125497,SBI Small Cap Fund - Direct Plan - Growth,50.0883,SBI Mutual Fund,Equity Scheme - Small Cap Fund
2017-09-06,125497,SBI Small Cap Fund - Direct Plan - Growth,50.2949,SBI Mutual Fund,Equity Scheme - Small Cap Fund
2017-09-07,125497,SBI Small Cap Fund - Direct Plan - Growth,50.479,SBI Mutual Fund,Equity Scheme - Small Cap Fund
2017-09-08,125497,SBI Small Cap Fund - Direct Plan - Growth,50.5481,SBI Mutual Fund,Equity Scheme - Small Cap Fund
2017-09-11,125497,SBI Small Cap Fund - Direct Plan - Growth,50.7696,SBI Mutual Fund,Equity Scheme - Small Cap Fund
2017-09-12,125497,SBI Small Cap Fund - Direct Plan - Growth,51.0852,SBI Mutual Fund,Equity Scheme - Small Cap Fund
2017-09-13,125497,SBI Small Cap Fund - Direct Plan - Growth,50.6965,SBI Mutual Fund,Equity Scheme - Small Cap Fund
2017-09-14,125497,SBI Small Cap Fund - Direct Plan - Growth,51.3182,SBI Mutual Fund,Equity Scheme - Small Cap Fund
2017-09-15,125497,SBI Small Cap Fund - Direct Plan - Growth,51.7518,SBI Mutual Fund,Equity Scheme - Small Cap Fund
2017-09-18,125497,SBI Small Cap Fund - Direct Plan - Growth,52.3804,SBI Mutual Fund,Equity Scheme - Small Cap Fund
2017-09-19,125497,SBI Small Cap Fund - Direct Plan - Growth,52.9686,SBI Mutual Fund,Equity Scheme - Small Cap Fund
2017-09-20,125497,SBI Small Cap Fund - Direct Plan - Growth,53.3602,SBI Mutual Fund,Equity Scheme - Small Cap Fund
2017-09-21,125497,SBI Small Cap Fund - Direct Plan - Growth,53.3041,SBI Mutual Fund,Equity Scheme - Small Cap Fund
2017-09-22,125497,SBI Small Cap Fund - Direct Plan - Growth,51.5995,SBI Mutual Fund,Equity Scheme - Small Cap Fund
2017-09-25,125497,SBI Small Cap Fund - Direct Plan - Growth,51.0501,SBI Mutual Fund,Equity Scheme - Small Cap Fund
2017-09-26,125497,SBI Small Cap Fund - Direct Plan - Growth,51.6784,SBI Mutual Fund,Equity Scheme - Small Cap Fund
2017-09-27,125497,SBI Small Cap Fund - Direct Plan - Growth,50.832,SBI Mutual Fund,Equity Scheme - Small Cap Fund
2017-09-28,125497,SBI Small Cap Fund - Direct Plan - Growth,51.2362,SBI Mutual Fund,Equity Scheme - Small Cap Fund
2017-09-29,125497,SBI Small Cap Fund - Direct Plan - Growth,51.961,SBI Mutual Fund,Equity Scheme - Small Cap Fund
2017-10-03,125497,SBI Small Cap Fund - Direct Plan - Growth,52.3213,SBI Mutual Fund,Equity Scheme - Small Cap Fund
2017-10-04,125497,SBI Small Cap Fund - Direct Plan - Growth,53.2395,SBI Mutual Fund,Equity Scheme - Small Cap Fund
2017-10-05,125497,SBI Small Cap Fund - Direct Plan - Growth,53.4476,SBI Mutual Fund,Equity Scheme - Small Cap Fund
2017-10-06,125497,SBI Small Cap Fund - Direct Plan - Growth,53.8125,SBI Mutual Fund,Equity Scheme - Small Cap Fund
2017-10-09,125497,SBI Small Cap Fund - Direct Plan - Growth,53.9716,SBI Mutual Fund,Equity Scheme - Small Cap Fund
2017-10-10,125497,SBI Small Cap Fund - Direct Plan - Growth,54.358,SBI Mutual Fund,Equity Scheme - Small Cap Fund
2017-10-11,125497,SBI Small Cap Fund - Direct Plan - Growth,53.678,SBI Mutual Fund,Equity Scheme - Small Cap Fund
2017-10-12,125497,SBI Small Cap Fund - Direct Plan - Growth,53.9971,SBI Mutual Fund,Equity Scheme - Small Cap Fund
2017-10-13,125497,SBI Small Cap Fund - Direct Plan - Growth,54.1717,SBI Mutual Fund,Equity Scheme - Small Cap Fund
2017-10-16,125497,SBI Small Cap Fund - Direct Plan - Growth,54.2114,SBI Mutual Fund,Equity Scheme - Small Cap Fund
2017-10-17,125497,SBI Small Cap Fund - Direct Plan - Growth,54.5388,SBI Mutual Fund,Equity Scheme - Small Cap Fund
2017-10-18,125497,SBI Small Cap Fund - Direct Plan - Growth,54.4244,SBI Mutual Fund,Equity Scheme - Small Cap Fund
2017-10-23,125497,SBI Small Cap Fund - Direct Plan - Growth,54.3424,SBI Mutual Fund,Equity Scheme - Small Cap Fund
2017-10-24,125497,SBI Small Cap Fund - Direct Plan - Growth,54.5146,SBI Mutual Fund,Equity Scheme - Small Cap Fund
2017-10-25,125497,SBI Small Cap Fund - Direct Plan - Growth,53.9848,SBI Mutual Fund,Equity Scheme - Small Cap Fund
2017-10-26,125497,SBI Small Cap Fund - Direct Plan - Growth,54.1288,SBI Mutual Fund,Equity Scheme - Small Cap Fund
2017-10-27,125497,SBI Small Cap Fund - Direct Plan - Growth,54.5232,SBI Mutual Fund,Equity Scheme - Small Cap Fund
2017-10-30,125497,SBI Small Cap Fund - Direct Plan - Growth,55.0944,SBI Mutual Fund,Equity Scheme - Small Cap Fund
2017-10-31,125497,SBI Small Cap Fund - Direct Plan - Growth,55.4171,SBI Mutual Fund,Equity Scheme - Small Cap Fund
2017-11-01,125497,SBI Small Cap Fund - Direct Plan - Growth,55.8753,SBI Mutual Fund,Equity Scheme - Small Cap Fund
2017-11-02,125497,SBI Small Cap Fund - Direct Plan - Growth,56.6875,SBI Mutual Fund,Equity Scheme - Small Cap Fund
2017-11-03,125497,SBI Small Cap Fund - Direct Plan - Growth,57.5792,SBI Mutual Fund,Equity Scheme - Small Cap Fund
2017-11-06,125497,SBI Small Cap Fund - Direct Plan - Growth,57.8698,SBI Mutual Fund,Equity Scheme - Small Cap Fund
2017-11-07,125497,SBI Small Cap Fund - Direct Plan - Growth,57.5758,SBI Mutual Fund,Equity Scheme - Small Cap Fund
2017-11-08,125497,SBI Small Cap Fund - Direct Plan - Growth,57.2373,SBI Mutual Fund,Equity Scheme - Small Cap Fund
2017-11-09,125497,SBI Small Cap Fund - Direct Plan - Growth,58.0804,SBI Mutual Fund,Equity Scheme - Small Cap Fund
2017-11-10,125497,SBI Small Cap Fund - Direct Plan - Growth,57.7898,SBI Mutual Fund,Equity Scheme - Small Cap Fund
2017-11-13,125497,SBI Small Cap Fund - Direct Plan - Growth,57.8186,SBI Mutual Fund,Equity Scheme - Small Cap Fund
2017-11-14,125497,SBI Small Cap Fund - Direct Plan - Growth,57.9063,SBI Mutual Fund,Equity Scheme - Small Cap Fund
2017-11-15,125497,SBI Small Cap Fund - Direct Plan - Growth,57.2689,SBI Mutual Fund,Equity Scheme - Small Cap Fund
2017-11-16,125497,SBI Small Cap Fund - Direct Plan - Growth,58.0829,SBI Mutual Fund,Equity Scheme - Small Cap Fund
2017-11-17,125497,SBI Small Cap Fund - Direct Plan - Growth,58.6486,SBI Mutual Fund,Equity Scheme - Small Cap Fund
2017-11-20,125497,SBI Small Cap Fund - Direct Plan - Growth,59.2067,SBI Mutual Fund,Equity Scheme - Small Cap Fund
2017-11-21,125497,SBI Small Cap Fund - Direct Plan - Growth,59.6667,SBI Mutual Fund,Equity Scheme - Small Cap Fund
2017-11-22,125497,SBI Small Cap Fund - Direct Plan - Growth,60.0691,SBI Mutual Fund,Equity Scheme - Small Cap Fund
2017-11-23,125497,SBI Small Cap Fund - Direct Plan - Growth,60.5408,SBI Mutual Fund,Equity Scheme - Small Cap Fund
2017-11-24,125497,SBI Small Cap Fund - Direct Plan - Growth,61.0875,SBI Mutual Fund,Equity Scheme - Small Cap Fund
2017-11-27,125497,SBI Small Cap Fund - Direct Plan - Growth,61.2762,SBI Mutual Fund,Equity Scheme - Small Cap Fund
2017-11-28,125497,SBI Small Cap Fund - Direct Plan - Growth,61.8321,SBI Mutual Fund,Equity Scheme - Small Cap Fund
2017-11-29,125497,SBI Small Cap Fund - Direct Plan - Growth,61.933,SBI Mutual Fund,Equity Scheme - Small Cap Fund
2017-11-30,125497,SBI Small Cap Fund - Direct Plan - Growth,61.9529,SBI Mutual Fund,Equity Scheme - Small Cap Fund
2017-12-01,125497,SBI Small Cap Fund - Direct Plan - Growth,61.4989,SBI Mutual Fund,Equity Scheme - Small Cap Fund
2017-12-04,125497,SBI Small Cap Fund - Direct Plan - Growth,61.3177,SBI Mutual Fund,Equity Scheme - Small Cap Fund
2017-12-05,125497,SBI Small Cap Fund - Direct Plan - Growth,61.5105,SBI Mutual Fund,Equity Scheme - Small Cap Fund
2017-12-06,125497,SBI Small Cap Fund - Direct Plan - Growth,61.4633,SBI Mutual Fund,Equity Scheme - Small Cap Fund
2017-12-07,125497,SBI Small Cap Fund - Direct Plan - Growth,61.9916,SBI Mutual Fund,Equity Scheme - Small Cap Fund
2017-12-08,125497,SBI Small Cap Fund - Direct Plan - Growth,62.8436,SBI Mutual Fund,Equity Scheme - Small Cap Fund
2017-12-11,125497,SBI Small Cap Fund - Direct Plan - Growth,63.6318,SBI Mutual Fund,Equity Scheme - Small Cap Fund
2017-12-12,125497,SBI Small Cap Fund - Direct Plan - Growth,63.3879,SBI Mutual Fund,Equity Scheme - Small Cap Fund
2017-12-13,125497,SBI Small Cap Fund - Direct Plan - Growth,62.8065,SBI Mutual Fund,Equity Scheme - Small Cap Fund
2017-12-14,125497,SBI Small Cap Fund - Direct Plan - Growth,62.7841,SBI Mutual Fund,Equity Scheme - Small Cap Fund
2017-12-15,125497,SBI Small Cap Fund - Direct Plan - Growth,63.3238,SBI Mutual Fund,Equity Scheme - Small Cap Fund
2017-12-18,125497,SBI Small Cap Fund - Direct Plan - Growth,63.8694,SBI Mutual Fund,Equity Scheme - Small Cap Fund
2017-12-19,125497,SBI Small Cap Fund - Direct Plan - Growth,65.2296,SBI Mutual Fund,Equity Scheme - Small Cap Fund
2017-12-20,125497,SBI Small Cap Fund - Direct Plan - Growth,65.8782,SBI Mutual Fund,Equity Scheme - Small Cap Fund
2017-12-21,125497,SBI Small Cap Fund - Direct Plan - Growth,66.4699,SBI Mutual Fund,Equity Scheme - Small Cap Fund
2017-12-22,125497,SBI Small Cap Fund - Direct Plan - Growth,66.208,SBI Mutual Fund,Equity Scheme - Small Cap Fund
2017-12-26,125497,SBI Small Cap Fund - Direct Plan - Growth,66.0961,SBI Mutual Fund,Equity Scheme - Small Cap Fund
2017-12-27,125497,SBI Small Cap Fund - Direct Plan - Growth,66.0456,SBI Mutual Fund,Equity Scheme - Small Cap Fund
2017-12-28,125497,SBI Small Cap Fund - Direct Plan - Growth,66.3183,SBI Mutual Fund,Equity Scheme - Small Cap Fund
2017-12-29,125497,SBI Small Cap Fund - Direct Plan - Growth,66.1565,SBI Mutual Fund,Equity Scheme - Small Cap Fund
2018-01-01,125497,SBI Small Cap Fund - Direct Plan - Growth,66.1953,SBI Mutual Fund,Equity Scheme - Small Cap Fund
2018-01-02,125497,SBI Small Cap Fund - Direct Plan - Growth,65.5915,SBI Mutual Fund,Equity Scheme - Small Cap Fund
2018-01-03,125497,SBI Small Cap Fund - Direct Plan - Growth,67.0627,SBI Mutual Fund,Equity Scheme - Small Cap Fund
2018-01-04,125497,SBI Small Cap Fund - Direct Plan - Growth,67.8023,SBI Mutual Fund,Equity Scheme - Small Cap Fund
2018-01-05,125497,SBI Small Cap Fund - Direct Plan - Growth,68.8684,SBI Mutual Fund,Equity Scheme - Small Cap Fund
2018-01-08,125497,SBI Small Cap Fund - Direct Plan - Growth,69.0661,SBI Mutual Fund,Equity Scheme - Small Cap Fund
2018-01-09,125497,SBI Small Cap Fund - Direct Plan - Growth,68.6975,SBI Mutual Fund,Equity Scheme - Small Cap Fund
2018-01-10,125497,SBI Small Cap Fund - Direct Plan - Growth,68.6873,SBI Mutual Fund,Equity Scheme - Small Cap Fund
2018-01-11,125497,SBI Small Cap Fund - Direct Plan - Growth,68.7927,SBI Mutual Fund,Equity Scheme - Small Cap Fund
2018-01-12,125497,SBI Small Cap Fund - Direct Plan - Growth,68.8466,SBI Mutual Fund,Equity Scheme - Small Cap Fund
2018-01-15,125497,SBI Small Cap Fund - Direct Plan - Growth,69.0392,SBI Mutual Fund,Equity Scheme - Small Cap Fund
2018-01-16,125497,SBI Small Cap Fund - Direct Plan - Growth,67.6438,SBI Mutual Fund,Equity Scheme - Small Cap Fund
2018-01-17,125497,SBI Small Cap Fund - Direct Plan - Growth,67.8071,SBI Mutual Fund,Equity Scheme - Small Cap Fund
2018-01-18,125497,SBI Small Cap Fund - Direct Plan - Growth,66.4689,SBI Mutual Fund,Equity Scheme - Small Cap Fund
2018-01-19,125497,SBI Small Cap Fund - Direct Plan - Growth,67.0254,SBI Mutual Fund,Equity Scheme - Small Cap Fund
2018-01-22,125497,SBI Small Cap Fund - Direct Plan - Growth,67.6775,SBI Mutual Fund,Equity Scheme - Small Cap Fund
2018-01-23,125497,SBI Small Cap Fund - Direct Plan - Growth,67.2381,SBI Mutual Fund,Equity Scheme - Small Cap Fund
2018-01-24,125497,SBI Small Cap Fund - Direct Plan - Growth,66.4519,SBI Mutual Fund,Equity Scheme - Small Cap Fund
2018-01-25,125497,SBI Small Cap Fund - Direct Plan - Growth,65.9743,SBI Mutual Fund,Equity Scheme - Small Cap Fund
2018-01-29,125497,SBI Small Cap Fund - Direct Plan - Growth,65.4636,SBI Mutual Fund,Equity Scheme - Small Cap Fund
2018-01-30,125497,SBI Small Cap Fund - Direct Plan - Growth,65.2116,SBI Mutual Fund,Equity Scheme - Small Cap Fund
2018-01-31,125497,SBI Small Cap Fund - Direct Plan - Growth,64.872,SBI Mutual Fund,Equity Scheme - Small Cap Fund
2018-02-01,125497,SBI Small Cap Fund - Direct Plan - Growth,64.6604,SBI Mutual Fund,Equity Scheme - Small Cap Fund
2018-02-02,125497,SBI Small Cap Fund - Direct Plan - Growth,62.5129,SBI Mutual Fund,Equity Scheme - Small Cap Fund
2018-02-05,125497,SBI Small Cap Fund - Direct Plan - Growth,62.5391,SBI Mutual Fund,Equity Scheme - Small Cap Fund
2018-02-06,125497,SBI Small Cap Fund - Direct Plan - Growth,61.0687,SBI Mutual Fund,Equity Scheme - Small Cap Fund
2018-02-07,125497,SBI Small Cap Fund - Direct Plan - Growth,62.36,SBI Mutual Fund,Equity Scheme - Small Cap Fund
2018-02-08,125497,SBI Small Cap Fund - Direct Plan - Growth,63.7076,SBI Mutual Fund,Equity Scheme - Small Cap Fund
2018-02-09,125497,SBI Small Cap Fund - Direct Plan - Growth,63.9351,SBI Mutual Fund,Equity Scheme - Small Cap Fund
2018-02-12,125497,SBI Small Cap Fund - Direct Plan - Growth,64.4738,SBI Mutual Fund,Equity Scheme - Small Cap Fund
2018-02-14,125497,SBI Small Cap Fund - Direct Plan - Growth,64.5707,SBI Mutual Fund,Equity Scheme - Small Cap Fund
2018-02-15,125497,SBI Small Cap Fund - Direct Plan - Growth,63.6826,SBI Mutual Fund,Equity Scheme - Small Cap Fund
2018-02-16,125497,SBI Small Cap Fund - Direct Plan - Growth,62.6723,SBI Mutual Fund,Equity Scheme - Small Cap Fund
2018-02-19,125497,SBI Small Cap Fund - Direct Plan - Growth,61.7037,SBI Mutual Fund,Equity Scheme - Small Cap Fund
2018-02-20,125497,SBI Small Cap Fund - Direct Plan - Growth,61.855,SBI Mutual Fund,Equity Scheme - Small Cap Fund
2018-02-21,125497,SBI Small Cap Fund - Direct Plan - Growth,61.8416,SBI Mutual Fund,Equity Scheme - Small Cap Fund
2018-02-22,125497,SBI Small Cap Fund - Direct Plan - Growth,61.7289,SBI Mutual Fund,Equity Scheme - Small Cap Fund
2018-02-23,125497,SBI Small Cap Fund - Direct Plan - Growth,62.211,SBI Mutual Fund,Equity Scheme - Small Cap Fund
2018-02-26,125497,SBI Small Cap Fund - Direct Plan - Growth,62.7988,SBI Mutual Fund,Equity Scheme - Small Cap Fund
2018-02-27,125497,SBI Small Cap Fund - Direct Plan - Growth,62.4806,SBI Mutual Fund,Equity Scheme - Small Cap Fund
2018-02-28,125497,SBI Small Cap Fund - Direct Plan - Growth,62.2774,SBI Mutual Fund,Equity Scheme - Small Cap Fund
2018-03-01,125497,SBI Small Cap Fund - Direct Plan - Growth,62.2116,SBI Mutual Fund,Equity Scheme - Small Cap Fund
2018-03-05,125497,SBI Small Cap Fund - Direct Plan - Growth,61.4179,SBI Mutual Fund,Equity Scheme - Small Cap Fund
2018-03-06,125497,SBI Small Cap Fund - Direct Plan - Growth,60.7648,SBI Mutual Fund,Equity Scheme - Small Cap Fund
2018-03-07,125497,SBI Small Cap Fund - Direct Plan - Growth,59.7924,SBI Mutual Fund,Equity Scheme - Small Cap Fund
2018-03-08,125497,SBI Small Cap Fund - Direct Plan - Growth,59.6107,SBI Mutual Fund,Equity Scheme - Small Cap Fund
2018-03-09,125497,SBI Small Cap Fund - Direct Plan - Growth,59.6427,SBI Mutual Fund,Equity Scheme - Small Cap Fund
2018-03-12,125497,SBI Small Cap Fund - Direct Plan - Growth,59.9923,SBI Mutual Fund,Equity Scheme - Small Cap Fund
2018-03-13,125497,SBI Small Cap Fund - Direct Plan - Growth,60.5853,SBI Mutual Fund,Equity Scheme - Small Cap Fund
2018-03-14,125497,SBI Small Cap Fund - Direct Plan - Growth,60.3817,SBI Mutual Fund,Equity Scheme - Small Cap Fund
2018-03-15,125497,SBI Small Cap Fund - Direct Plan - Growth,60.6964,SBI Mutual Fund,Equity Scheme - Small Cap Fund
2018-03-16,125497,SBI Small Cap Fund - Direct Plan - Growth,60.1759,SBI Mutual Fund,Equity Scheme - Small Cap Fund
2018-03-19,125497,SBI Small Cap Fund - Direct Plan - Growth,59.1931,SBI Mutual Fund,Equity Scheme - Small Cap Fund
2018-03-20,125497,SBI Small Cap Fund - Direct Plan - Growth,59.0942,SBI Mutual Fund,Equity Scheme - Small Cap Fund
2018-03-21,125497,SBI Small Cap Fund - Direct Plan - Growth,59.2581,SBI Mutual Fund,Equity Scheme - Small Cap Fund
2018-03-22,125497,SBI Small Cap Fund - Direct Plan - Growth,58.3845,SBI Mutual Fund,Equity Scheme - Small Cap Fund
2018-03-23,125497,SBI Small Cap Fund - Direct Plan - Growth,57.8792,SBI Mutual Fund,Equity Scheme - Small Cap Fund
2018-03-26,125497,SBI Small Cap Fund - Direct Plan - Growth,58.3483,SBI Mutual Fund,Equity Scheme - Small Cap Fund
2018-03-27,125497,SBI Small Cap Fund - Direct Plan - Growth,58.7848,SBI Mutual Fund,Equity Scheme - Small Cap Fund
2018-03-28,125497,SBI Small Cap Fund - Direct Plan - Growth,58.0969,SBI Mutual Fund,Equity Scheme - Small Cap Fund
2018-04-02,125497,SBI Small Cap Fund - Direct Plan - Growth,59.6897,SBI Mutual Fund,Equity Scheme - Small Cap Fund
2018-04-03,125497,SBI Small Cap Fund - Direct Plan - Growth,60.3663,SBI Mutual Fund,Equity Scheme - Small Cap Fund
2018-04-04,125497,SBI Small Cap Fund - Direct Plan - Growth,59.8079,SBI Mutual Fund,Equity Scheme - Small Cap Fund
2018-04-05,125497,SBI Small Cap Fund - Direct Plan - Growth,60.5934,SBI Mutual Fund,Equity Scheme - Small Cap Fund
2018-04-06,125497,SBI Small Cap Fund - Direct Plan - Growth,61.0985,SBI Mutual Fund,Equity Scheme - Small Cap Fund
2018-04-09,125497,SBI Small Cap Fund - Direct Plan - Growth,61.559,SBI Mutual Fund,Equity Scheme - Small Cap Fund
2018-04-10,125497,SBI Small Cap Fund - Direct Plan - Growth,61.7781,SBI Mutual Fund,Equity Scheme - Small Cap Fund
2018-04-11,125497,SBI Small Cap Fund - Direct Plan - Growth,61.6102,SBI Mutual Fund,Equity Scheme - Small Cap Fund
2018-04-12,125497,SBI Small Cap Fund - Direct Plan - Growth,61.7648,SBI Mutual Fund,Equity Scheme - Small Cap Fund
2018-04-13,125497,SBI Small Cap Fund - Direct Plan - Growth,61.5831,SBI Mutual Fund,Equity Scheme - Small Cap Fund
2018-04-16,125497,SBI Small Cap Fund - Direct Plan - Growth,61.9447,SBI Mutual Fund,Equity Scheme - Small Cap Fund
2018-04-17,125497,SBI Small Cap Fund - Direct Plan - Growth,61.8273,SBI Mutual Fund,Equity Scheme - Small Cap Fund
2018-04-18,125497,SBI Small Cap Fund - Direct Plan - Growth,61.6812,SBI Mutual Fund,Equity Scheme - Small Cap Fund
2018-04-19,125497,SBI Small Cap Fund - Direct Plan - Growth,62.0316,SBI Mutual Fund,Equity Scheme - Small Cap Fund
2018-04-20,125497,SBI Small Cap Fund - Direct Plan - Growth,62.0067,SBI Mutual Fund,Equity Scheme - Small Cap Fund
2018-04-23,125497,SBI Small Cap Fund - Direct Plan - Growth,62.337,SBI Mutual Fund,Equity Scheme - Small Cap Fund
2018-04-24,125497,SBI Small Cap Fund - Direct Plan - Growth,62.5241,SBI Mutual Fund,Equity Scheme - Small Cap Fund
2018-04-25,125497,SBI Small Cap Fund - Direct Plan - Growth,62.5142,SBI Mutual Fund,Equity Scheme - Small Cap Fund
2018-04-26,125497,SBI Small Cap Fund - Direct Plan - Growth,63.2641,SBI Mutual Fund,Equity Scheme - Small Cap Fund
2018-04-27,125497,SBI Small Cap Fund - Direct Plan - Growth,63.0954,SBI Mutual Fund,Equity Scheme - Small Cap Fund
2018-04-30,125497,SBI Small Cap Fund - Direct Plan - Growth,62.9323,SBI Mutual Fund,Equity Scheme - Small Cap Fund
2018-05-02,125497,SBI Small Cap Fund - Direct Plan - Growth,62.4199,SBI Mutual Fund,Equity Scheme - Small Cap Fund
2018-05-03,125497,SBI Small Cap Fund - Direct Plan - Growth,61.9566,SBI Mutual Fund,Equity Scheme - Small Cap Fund
2018-05-04,125497,SBI Small Cap Fund - Direct Plan - Growth,61.5548,SBI Mutual Fund,Equity Scheme - Small Cap Fund
2018-05-07,125497,SBI Small Cap Fund - Direct Plan - Growth,62.362,SBI Mutual Fund,Equity Scheme - Small Cap Fund
2018-05-08,125497,SBI Small Cap Fund - Direct Plan - Growth,62.3405,SBI Mutual Fund,Equity Scheme - Small Cap Fund
2018-05-09,125497,SBI Small Cap Fund - Direct Plan - Growth,62.7255,SBI Mutual Fund,Equity Scheme - Small Cap Fund
2018-05-10,125497,SBI Small Cap Fund - Direct Plan - Growth,62.18,SBI Mutual Fund,Equity Scheme - Small Cap Fund
2018-05-11,125497,SBI Small Cap Fund - Direct Plan - Growth,62.0221,SBI Mutual Fund,Equity Scheme - Small Cap Fund
2018-05-14,125497,SBI Small Cap Fund - Direct Plan - Growth,61.1396,SBI Mutual Fund,Equity Scheme - Small Cap Fund
2018-05-15,125497,SBI Small Cap Fund - Direct Plan - Growth,61.1301,SBI Mutual Fund,Equity Scheme - Small Cap Fund
2018-05-16,125497,SBI Small Cap Fund - Direct Plan - Growth,60.6782,SBI Mutual Fund,Equity Scheme - Small Cap Fund
2018-05-17,125497,SBI Small Cap Fund - Direct Plan - Growth,61.0749,SBI Mutual Fund,Equity Scheme - Small Cap Fund
2018-05-18,125497,SBI Small Cap Fund - Direct Plan - Growth,60.8312,SBI Mutual Fund,Equity Scheme - Small Cap Fund
2018-05-21,125497,SBI Small Cap Fund - Direct Plan - Growth,59.7326,SBI Mutual Fund,Equity Scheme - Small Cap Fund
2018-05-22,125497,SBI Small Cap Fund - Direct Plan - Growth,59.7925,SBI Mutual Fund,Equity Scheme - Small Cap Fund
2018-05-23,125497,SBI Small Cap Fund - Direct Plan - Growth,59.3398,SBI Mutual Fund,Equity Scheme - Small Cap Fund
2018-05-24,125497,SBI Small Cap Fund - Direct Plan - Growth,59.2931,SBI Mutual Fund,Equity Scheme - Small Cap Fund
2018-05-25,125497,SBI Small Cap Fund - Direct Plan - Growth,59.255,SBI Mutual Fund,Equity Scheme - Small Cap Fund
2018-05-28,125497,SBI Small Cap Fund - Direct Plan - Growth,59.7938,SBI Mutual Fund,Equity Scheme - Small Cap Fund
2018-05-29,125497,SBI Small Cap Fund - Direct Plan - Growth,59.4956,SBI Mutual Fund,Equity Scheme - Small Cap Fund
2018-05-30,125497,SBI Small Cap Fund - Direct Plan - Growth,59.6359,SBI Mutual Fund,Equity Scheme - Small Cap Fund
2018-05-31,125497,SBI Small Cap Fund - Direct Plan - Growth,58.995,SBI Mutual Fund,Equity Scheme - Small Cap Fund
2018-06-01,125497,SBI Small Cap Fund - Direct Plan - Growth,57.8765,SBI Mutual Fund,Equity Scheme - Small Cap Fund
2018-06-04,125497,SBI Small Cap Fund - Direct Plan - Growth,56.5065,SBI Mutual Fund,Equity Scheme - Small Cap Fund
2018-06-05,125497,SBI Small Cap Fund - Direct Plan - Growth,55.1442,SBI Mutual Fund,Equity Scheme - Small Cap Fund
2018-06-06,125497,SBI Small Cap Fund - Direct Plan - Growth,55.91,SBI Mutual Fund,Equity Scheme - Small Cap Fund
2018-06-07,125497,SBI Small Cap Fund - Direct Plan - Growth,57.0031,SBI Mutual Fund,Equity Scheme - Small Cap Fund
2018-06-08,125497,SBI Small Cap Fund - Direct Plan - Growth,57.0448,SBI Mutual Fund,Equity Scheme - Small Cap Fund
2018-06-11,125497,SBI Small Cap Fund - Direct Plan - Growth,57.3946,SBI Mutual Fund,Equity Scheme - Small Cap Fund
2018-06-12,125497,SBI Small Cap Fund - Direct Plan - Growth,57.4404,SBI Mutual Fund,Equity Scheme - Small Cap Fund
2018-06-13,125497,SBI Small Cap Fund - Direct Plan - Growth,57.2522,SBI Mutual Fund,Equity Scheme - Small Cap Fund
2018-06-14,125497,SBI Small Cap Fund - Direct Plan - Growth,57.4387,SBI Mutual Fund,Equity Scheme - Small Cap Fund
2018-06-15,125497,SBI Small Cap Fund - Direct Plan - Growth,57.0672,SBI Mutual Fund,Equity Scheme - Small Cap Fund
2018-06-18,125497,SBI Small Cap Fund - Direct Plan - Growth,56.868,SBI Mutual Fund,Equity Scheme - Small Cap Fund
2018-06-19,125497,SBI Small Cap Fund - Direct Plan - Growth,56.0586,SBI Mutual Fund,Equity Scheme - Small Cap Fund
2018-06-20,125497,SBI Small Cap Fund - Direct Plan - Growth,55.9644,SBI Mutual Fund,Equity Scheme - Small Cap Fund
2018-06-21,125497,SBI Small Cap Fund - Direct Plan - Growth,55.5814,SBI Mutual Fund,Equity Scheme - Small Cap Fund
2018-06-22,125497,SBI Small Cap Fund - Direct Plan - Growth,55.5548,SBI Mutual Fund,Equity Scheme - Small Cap Fund
2018-06-25,125497,SBI Small Cap Fund - Direct Plan - Growth,55.0055,SBI Mutual Fund,Equity Scheme - Small Cap Fund
2018-06-26,125497,SBI Small Cap Fund - Direct Plan - Growth,54.6316,SBI Mutual Fund,Equity Scheme - Small Cap Fund
2018-06-27,125497,SBI Small Cap Fund - Direct Plan - Growth,53.7015,SBI Mutual Fund,Equity Scheme - Small Cap Fund
2018-06-28,125497,SBI Small Cap Fund - Direct Plan - Growth,53.2372,SBI Mutual Fund,Equity Scheme - Small Cap Fund
2018-06-29,125497,SBI Small Cap Fund - Direct Plan - Growth,54.0638,SBI Mutual Fund,Equity Scheme - Small Cap Fund
2018-07-02,125497,SBI Small Cap Fund - Direct Plan - Growth,53.9029,SBI Mutual Fund,Equity Scheme - Small Cap Fund
2018-07-03,125497,SBI Small Cap Fund - Direct Plan - Growth,53.973,SBI Mutual Fund,Equity Scheme - Small Cap Fund
2018-07-04,125497,SBI Small Cap Fund - Direct Plan - Growth,54.162,SBI Mutual Fund,Equity Scheme - Small Cap Fund
2018-07-05,125497,SBI Small Cap Fund - Direct Plan - Growth,53.9747,SBI Mutual Fund,Equity Scheme - Small Cap Fund
2018-07-06,125497,SBI Small Cap Fund - Direct Plan - Growth,54.1996,SBI Mutual Fund,Equity Scheme - Small Cap Fund
2018-07-09,125497,SBI Small Cap Fund - Direct Plan - Growth,54.8668,SBI Mutual Fund,Equity Scheme - Small Cap Fund
2018-07-10,125497,SBI Small Cap Fund - Direct Plan - Growth,54.9768,SBI Mutual Fund,Equity Scheme - Small Cap Fund
2018-07-11,125497,SBI Small Cap Fund - Direct Plan - Growth,55.0134,SBI Mutual Fund,Equity Scheme - Small Cap Fund
2018-07-12,125497,SBI Small Cap Fund - Direct Plan - Growth,54.9257,SBI Mutual Fund,Equity Scheme - Small Cap Fund
2018-07-13,125497,SBI Small Cap Fund - Direct Plan - Growth,54.7351,SBI Mutual Fund,Equity Scheme - Small Cap Fund
2018-07-16,125497,SBI Small Cap Fund - Direct Plan - Growth,53.8182,SBI Mutual Fund,Equity Scheme - Small Cap Fund
2018-07-17,125497,SBI Small Cap Fund - Direct Plan - Growth,53.9208,SBI Mutual Fund,Equity Scheme - Small Cap Fund
2018-07-18,125497,SBI Small Cap Fund - Direct Plan - Growth,53.3584,SBI Mutual Fund,Equity Scheme - Small Cap Fund
2018-07-19,125497,SBI Small Cap Fund - Direct Plan - Growth,53.0648,SBI Mutual Fund,Equity Scheme - Small Cap Fund
2018-07-20,125497,SBI Small Cap Fund - Direct Plan - Growth,53.1279,SBI Mutual Fund,Equity Scheme - Small Cap Fund
2018-07-23,125497,SBI Small Cap Fund - Direct Plan - Growth,53.4957,SBI Mutual Fund,Equity Scheme - Small Cap Fund
2018-07-24,125497,SBI Small Cap Fund - Direct Plan - Growth,54.2935,SBI Mutual Fund,Equity Scheme - Small Cap Fund
2018-07-25,125497,SBI Small Cap Fund - Direct Plan - Growth,54.3981,SBI Mutual Fund,Equity Scheme - Small Cap Fund
2018-07-26,125497,SBI Small Cap Fund - Direct Plan - Growth,54.6171,SBI Mutual Fund,Equity Scheme - Small Cap Fund
2018-07-27,125497,SBI Small Cap Fund - Direct Plan - Growth,55.8532,SBI Mutual Fund,Equity Scheme - Small Cap Fund
2018-07-30,125497,SBI Small Cap Fund - Direct Plan - Growth,56.2737,SBI Mutual Fund,Equity Scheme - Small Cap Fund
2018-07-31,125497,SBI Small Cap Fund - Direct Plan - Growth,56.6181,SBI Mutual Fund,Equity Scheme - Small Cap Fund
2018-08-01,125497,SBI Small Cap Fund - Direct Plan - Growth,57.0216,SBI Mutual Fund,Equity Scheme - Small Cap Fund
2018-08-02,125497,SBI Small Cap Fund - Direct Plan - Growth,57.2162,SBI Mutual Fund,Equity Scheme - Small Cap Fund
2018-08-03,125497,SBI Small Cap Fund - Direct Plan - Growth,57.7594,SBI Mutual Fund,Equity Scheme - Small Cap Fund
2018-08-06,125497,SBI Small Cap Fund - Direct Plan - Growth,58.7914,SBI Mutual Fund,Equity Scheme - Small Cap Fund
2018-08-07,125497,SBI Small Cap Fund - Direct Plan - Growth,58.9834,SBI Mutual Fund,Equity Scheme - Small Cap Fund
2018-08-08,125497,SBI Small Cap Fund - Direct Plan - Growth,59.0029,SBI Mutual Fund,Equity Scheme - Small Cap Fund
2018-08-09,125497,SBI Small Cap Fund - Direct Plan - Growth,58.7543,SBI Mutual Fund,Equity Scheme - Small Cap Fund
2018-08-10,125497,SBI Small Cap Fund - Direct Plan - Growth,58.6551,SBI Mutual Fund,Equity Scheme - Small Cap Fund
2018-08-13,125497,SBI Small Cap Fund - Direct Plan - Growth,58.2451,SBI Mutual Fund,Equity Scheme - Small Cap Fund
2018-08-14,125497,SBI Small Cap Fund - Direct Plan - Growth,58.0781,SBI Mutual Fund,Equity Scheme - Small Cap Fund
2018-08-16,125497,SBI Small Cap Fund - Direct Plan - Growth,58.388,SBI Mutual Fund,Equity Scheme - Small Cap Fund
2018-08-17,125497,SBI Small Cap Fund - Direct Plan - Growth,58.7555,SBI Mutual Fund,Equity Scheme - Small Cap Fund
2018-08-20,125497,SBI Small Cap Fund - Direct Plan - Growth,58.7597,SBI Mutual Fund,Equity Scheme - Small Cap Fund
2018-08-21,125497,SBI Small Cap Fund - Direct Plan - Growth,58.8857,SBI Mutual Fund,Equity Scheme - Small Cap Fund
2018-08-23,125497,SBI Small Cap Fund - Direct Plan - Growth,59.031,SBI Mutual Fund,Equity Scheme - Small Cap Fund
2018-08-24,125497,SBI Small Cap Fund - Direct Plan - Growth,58.8617,SBI Mutual Fund,Equity Scheme - Small Cap Fund
2018-08-27,125497,SBI Small Cap Fund - Direct Plan - Growth,59.3442,SBI Mutual Fund,Equity Scheme - Small Cap Fund
2018-08-28,125497,SBI Small Cap Fund - Direct Plan - Growth,59.5545,SBI Mutual Fund,Equity Scheme - Small Cap Fund
2018-08-29,125497,SBI Small Cap Fund - Direct Plan - Growth,59.4907,SBI Mutual Fund,Equity Scheme - Small Cap Fund
2018-08-30,125497,SBI Small Cap Fund - Direct Plan - Growth,59.5719,SBI Mutual Fund,Equity Scheme - Small Cap Fund
2018-08-31,125497,SBI Small Cap Fund - Direct Plan - Growth,60.1287,SBI Mutual Fund,Equity Scheme - Small Cap Fund
2018-09-03,125497,SBI Small Cap Fund - Direct Plan - Growth,59.8974,SBI Mutual Fund,Equity Scheme - Small Cap Fund
2018-09-04,125497,SBI Small Cap Fund - Direct Plan - Growth,58.889,SBI Mutual Fund,Equity Scheme - Small Cap Fund
2018-09-05,125497,SBI Small Cap Fund - Direct Plan - Growth,58.6949,SBI Mutual Fund,Equity Scheme - Small Cap Fund
2018-09-06,125497,SBI Small Cap Fund - Direct Plan - Growth,59.2383,SBI Mutual Fund,Equity Scheme - Small Cap Fund
2018-09-07,125497,SBI Small Cap Fund - Direct Plan - Growth,59.3814,SBI Mutual Fund,Equity Scheme - Small Cap Fund
2018-09-10,125497,SBI Small Cap Fund - Direct Plan - Growth,58.943,SBI Mutual Fund,Equity Scheme - Small Cap Fund
2018-09-11,125497,SBI Small Cap Fund - Direct Plan - Growth,58.317,SBI Mutual Fund,Equity Scheme - Small Cap Fund
2018-09-12,125497,SBI Small Cap Fund - Direct Plan - Growth,58.2059,SBI Mutual Fund,Equity Scheme - Small Cap Fund
2018-09-14,125497,SBI Small Cap Fund - Direct Plan - Growth,58.7983,SBI Mutual Fund,Equity Scheme - Small Cap Fund
2018-09-17,125497,SBI Small Cap Fund - Direct Plan - Growth,58.5504,SBI Mutual Fund,Equity Scheme - Small Cap Fund
2018-09-18,125497,SBI Small Cap Fund - Direct Plan - Growth,58.0036,SBI Mutual Fund,Equity Scheme - Small Cap Fund
2018-09-19,125497,SBI Small Cap Fund - Direct Plan - Growth,57.5821,SBI Mutual Fund,Equity Scheme - Small Cap Fund
2018-09-21,125497,SBI Small Cap Fund - Direct Plan - Growth,56.4467,SBI Mutual Fund,Equity Scheme - Small Cap Fund
2018-09-24,125497,SBI Small Cap Fund - Direct Plan - Growth,55.2821,SBI Mutual Fund,Equity Scheme - Small Cap Fund
2018-09-25,125497,SBI Small Cap Fund - Direct Plan - Growth,54.8274,SBI Mutual Fund,Equity Scheme - Small Cap Fund
2018-09-26,125497,SBI Small Cap Fund - Direct Plan - Growth,55.1202,SBI Mutual Fund,Equity Scheme - Small Cap Fund
2018-09-27,125497,SBI Small Cap Fund - Direct Plan - Growth,54.4466,SBI Mutual Fund,Equity Scheme - Small Cap Fund
2018-09-28,125497,SBI Small Cap Fund - Direct Plan - Growth,53.3171,SBI Mutual Fund,Equity Scheme - Small Cap Fund
2018-10-01,125497,SBI Small Cap Fund - Direct Plan - Growth,52.883,SBI Mutual Fund,Equity Scheme - Small Cap Fund
2018-10-03,125497,SBI Small Cap Fund - Direct Plan - Growth,52.9192,SBI Mutual Fund,Equity Scheme - Small Cap Fund
2018-10-04,125497,SBI Small Cap Fund - Direct Plan - Growth,51.9575,SBI Mutual Fund,Equity Scheme - Small Cap Fund
2018-10-05,125497,SBI Small Cap Fund - Direct Plan - Growth,51.0967,SBI Mutual Fund,Equity Scheme - Small Cap Fund
2018-10-08,125497,SBI Small Cap Fund - Direct Plan - Growth,50.3191,SBI Mutual Fund,Equity Scheme - Small Cap Fund
2018-10-09,125497,SBI Small Cap Fund - Direct Plan - Growth,49.9984,SBI Mutual Fund,Equity Scheme - Small Cap Fund
2018-10-10,125497,SBI Small Cap Fund - Direct Plan - Growth,51.6901,SBI Mutual Fund,Equity Scheme - Small Cap Fund
2018-10-11,125497,SBI Small Cap Fund - Direct Plan - Growth,51.0028,SBI Mutual Fund,Equity Scheme - Small Cap Fund
2018-10-12,125497,SBI Small Cap Fund - Direct Plan - Growth,51.7944,SBI Mutual Fund,Equity Scheme - Small Cap Fund
2018-10-15,125497,SBI Small Cap Fund - Direct Plan - Growth,52.1697,SBI Mutual Fund,Equity Scheme - Small Cap Fund
2018-10-16,125497,SBI Small Cap Fund - Direct Plan - Growth,52.7174,SBI Mutual Fund,Equity Scheme - Small Cap Fund
2018-10-17,125497,SBI Small Cap Fund - Direct Plan - Growth,51.9801,SBI Mutual Fund,Equity Scheme - Small Cap Fund
2018-10-19,125497,SBI Small Cap Fund - Direct Plan - Growth,51.425,SBI Mutual Fund,Equity Scheme - Small Cap Fund
2018-10-22,125497,SBI Small Cap Fund - Direct Plan - Growth,50.7772,SBI Mutual Fund,Equity Scheme - Small Cap Fund
2018-10-23,125497,SBI Small Cap Fund - Direct Plan - Growth,50.1667,SBI Mutual Fund,Equity Scheme - Small Cap Fund
2018-10-24,125497,SBI Small Cap Fund - Direct Plan - Growth,50.3952,SBI Mutual Fund,Equity Scheme - Small Cap Fund
2018-10-25,125497,SBI Small Cap Fund - Direct Plan - Growth,50.251,SBI Mutual Fund,Equity Scheme - Small Cap Fund
2018-10-26,125497,SBI Small Cap Fund - Direct Plan - Growth,50.3325,SBI Mutual Fund,Equity Scheme - Small Cap Fund
2018-10-29,125497,SBI Small Cap Fund - Direct Plan - Growth,50.9297,SBI Mutual Fund,Equity Scheme - Small Cap Fund
2018-10-30,125497,SBI Small Cap Fund - Direct Plan - Growth,51.4475,SBI Mutual Fund,Equity Scheme - Small Cap Fund
2018-10-31,125497,SBI Small Cap Fund - Direct Plan - Growth,51.8851,SBI Mutual Fund,Equity Scheme - Small Cap Fund
2018-11-01,125497,SBI Small Cap Fund - Direct Plan - Growth,52.0587,SBI Mutual Fund,Equity Scheme - Small Cap Fund
2018-11-02,125497,SBI Small Cap Fund - Direct Plan - Growth,52.5668,SBI Mutual Fund,Equity Scheme - Small Cap Fund
2018-11-05,125497,SBI Small Cap Fund - Direct Plan - Growth,52.4327,SBI Mutual Fund,Equity Scheme - Small Cap Fund
2018-11-06,125497,SBI Small Cap Fund - Direct Plan - Growth,52.3747,SBI Mutual Fund,Equity Scheme - Small Cap Fund
2018-11-09,125497,SBI Small Cap Fund - Direct Plan - Growth,53.0344,SBI Mutual Fund,Equity Scheme - Small Cap Fund
2018-11-12,125497,SBI Small Cap Fund - Direct Plan - Growth,52.6627,SBI Mutual Fund,Equity Scheme - Small Cap Fund
2018-11-13,125497,SBI Small Cap Fund - Direct Plan - Growth,52.6014,SBI Mutual Fund,Equity Scheme - Small Cap Fund
2018-11-14,125497,SBI Small Cap Fund - Direct Plan - Growth,52.847,SBI Mutual Fund,Equity Scheme - Small Cap Fund
2018-11-15,125497,SBI Small Cap Fund - Direct Plan - Growth,52.6406,SBI Mutual Fund,Equity Scheme - Small Cap Fund
2018-11-16,125497,SBI Small Cap Fund - Direct Plan - Growth,52.5647,SBI Mutual Fund,Equity Scheme - Small Cap Fund
2018-11-19,125497,SBI Small Cap Fund - Direct Plan - Growth,53.029,SBI Mutual Fund,Equity Scheme - Small Cap Fund
2018-11-20,125497,SBI Small Cap Fund - Direct Plan - Growth,52.7118,SBI Mutual Fund,Equity Scheme - Small Cap Fund
2018-11-21,125497,SBI Small Cap Fund - Direct Plan - Growth,52.6805,SBI Mutual Fund,Equity Scheme - Small Cap Fund
2018-11-22,125497,SBI Small Cap Fund - Direct Plan - Growth,52.5867,SBI Mutual Fund,Equity Scheme - Small Cap Fund
2018-11-26,125497,SBI Small Cap Fund - Direct Plan - Growth,52.3692,SBI Mutual Fund,Equity Scheme - Small Cap Fund
2018-11-27,125497,SBI Small Cap Fund - Direct Plan - Growth,52.3787,SBI Mutual Fund,Equity Scheme - Small Cap Fund
2018-11-28,125497,SBI Small Cap Fund - Direct Plan - Growth,52.4448,SBI Mutual Fund,Equity Scheme - Small Cap Fund
2018-11-29,125497,SBI Small Cap Fund - Direct Plan - Growth,52.4969,SBI Mutual Fund,Equity Scheme - Small Cap Fund
2018-11-30,125497,SBI Small Cap Fund - Direct Plan - Growth,52.7422,SBI Mutual Fund,Equity Scheme - Small Cap Fund
2018-12-03,125497,SBI Small Cap Fund - Direct Plan - Growth,52.7747,SBI Mutual Fund,Equity Scheme - Small Cap Fund
2018-12-04,125497,SBI Small Cap Fund - Direct Plan - Growth,52.9458,SBI Mutual Fund,Equity Scheme - Small Cap Fund
2018-12-05,125497,SBI Small Cap Fund - Direct Plan - Growth,52.5267,SBI Mutual Fund,Equity Scheme - Small Cap Fund
2018-12-06,125497,SBI Small Cap Fund - Direct Plan - Growth,51.9051,SBI Mutual Fund,Equity Scheme - Small Cap Fund
2018-12-07,125497,SBI Small Cap Fund - Direct Plan - Growth,52.0078,SBI Mutual Fund,Equity Scheme - Small Cap Fund
2018-12-10,125497,SBI Small Cap Fund - Direct Plan - Growth,51.301,SBI Mutual Fund,Equity Scheme - Small Cap Fund
2018-12-11,125497,SBI Small Cap Fund - Direct Plan - Growth,51.6933,SBI Mutual Fund,Equity Scheme - Small Cap Fund
2018-12-12,125497,SBI Small Cap Fund - Direct Plan - Growth,52.6722,SBI Mutual Fund,Equity Scheme - Small Cap Fund
2018-12-13,125497,SBI Small Cap Fund - Direct Plan - Growth,53.0474,SBI Mutual Fund,Equity Scheme - Small Cap Fund
2018-12-14,125497,SBI Small Cap Fund - Direct Plan - Growth,53.0898,SBI Mutual Fund,Equity Scheme - Small Cap Fund
2018-12-17,125497,SBI Small Cap Fund - Direct Plan - Growth,53.2949,SBI Mutual Fund,Equity Scheme - Small Cap Fund
2018-12-18,125497,SBI Small Cap Fund - Direct Plan - Growth,53.4937,SBI Mutual Fund,Equity Scheme - Small Cap Fund
2018-12-19,125497,SBI Small Cap Fund - Direct Plan - Growth,54.0589,SBI Mutual Fund,Equity Scheme - Small Cap Fund
2018-12-20,125497,SBI Small Cap Fund - Direct Plan - Growth,54.1591,SBI Mutual Fund,Equity Scheme - Small Cap Fund
2018-12-21,125497,SBI Small Cap Fund - Direct Plan - Growth,53.5026,SBI Mutual Fund,Equity Scheme - Small Cap Fund
2018-12-24,125497,SBI Small Cap Fund - Direct Plan - Growth,52.8045,SBI Mutual Fund,Equity Scheme - Small Cap Fund
2018-12-26,125497,SBI Small Cap Fund - Direct Plan - Growth,52.817,SBI Mutual Fund,Equity Scheme - Small Cap Fund
2018-12-27,125497,SBI Small Cap Fund - Direct Plan - Growth,53.0365,SBI Mutual Fund,Equity Scheme - Small Cap Fund
2018-12-28,125497,SBI Small Cap Fund - Direct Plan - Growth,53.5178,SBI Mutual Fund,Equity Scheme - Small Cap Fund
2018-12-31,125497,SBI Small Cap Fund - Direct Plan - Growth,53.8265,SBI Mutual Fund,Equity Scheme - Small Cap Fund
2019-01-01,125497,SBI Small Cap Fund - Direct Plan - Growth,53.818,SBI Mutual Fund,Equity Scheme - Small Cap Fund
2019-01-02,125497,SBI Small Cap Fund - Direct Plan - Growth,53.7148,SBI Mutual Fund,Equity Scheme - Small Cap Fund
2019-01-03,125497,SBI Small Cap Fund - Direct Plan - Growth,53.5067,SBI Mutual Fund,Equity Scheme - Small Cap Fund
2019-01-04,125497,SBI Small Cap Fund - Direct Plan - Growth,53.3289,SBI Mutual Fund,Equity Scheme - Small Cap Fund
2019-01-07,125497,SBI Small Cap Fund - Direct Plan - Growth,53.4187,SBI Mutual Fund,Equity Scheme - Small Cap Fund
2019-01-08,125497,SBI Small Cap Fund - Direct Plan - Growth,53.2516,SBI Mutual Fund,Equity Scheme - Small Cap Fund
2019-01-09,125497,SBI Small Cap Fund - Direct Plan - Growth,53.2998,SBI Mutual Fund,Equity Scheme - Small Cap Fund
2019-01-10,125497,SBI Small Cap Fund - Direct Plan - Growth,53.2423,SBI Mutual Fund,Equity Scheme - Small Cap Fund
2019-01-11,125497,SBI Small Cap Fund - Direct Plan - Growth,53.1862,SBI Mutual Fund,Equity Scheme - Small Cap Fund
2019-01-14,125497,SBI Small Cap Fund - Direct Plan - Growth,53.1547,SBI Mutual Fund,Equity Scheme - Small Cap Fund
2019-01-15,125497,SBI Small Cap Fund - Direct Plan - Growth,53.2756,SBI Mutual Fund,Equity Scheme - Small Cap Fund
2019-01-16,125497,SBI Small Cap Fund - Direct Plan - Growth,53.2055,SBI Mutual Fund,Equity Scheme - Small Cap Fund
2019-01-17,125497,SBI Small Cap Fund - Direct Plan - Growth,53.1674,SBI Mutual Fund,Equity Scheme - Small Cap Fund
2019-01-18,125497,SBI Small Cap Fund - Direct Plan - Growth,53.071,SBI Mutual Fund,Equity Scheme - Small Cap Fund
2019-01-21,125497,SBI Small Cap Fund - Direct Plan - Growth,52.858,SBI Mutual Fund,Equity Scheme - Small Cap Fund
2019-01-22,125497,SBI Small Cap Fund - Direct Plan - Growth,52.5351,SBI Mutual Fund,Equity Scheme - Small Cap Fund
2019-01-23,125497,SBI Small Cap Fund - Direct Plan - Growth,52.2713,SBI Mutual Fund,Equity Scheme - Small Cap Fund
2019-01-24,125497,SBI Small Cap Fund - Direct Plan - Growth,52.2905,SBI Mutual Fund,Equity Scheme - Small Cap Fund
2019-01-25,125497,SBI Small Cap Fund - Direct Plan - Growth,51.8002,SBI Mutual Fund,Equity Scheme - Small Cap Fund
2019-01-28,125497,SBI Small Cap Fund - Direct Plan - Growth,51.0862,SBI Mutual Fund,Equity Scheme - Small Cap Fund
2019-01-29,125497,SBI Small Cap Fund - Direct Plan - Growth,51.0547,SBI Mutual Fund,Equity Scheme - Small Cap Fund
2019-01-30,125497,SBI Small Cap Fund - Direct Plan - Growth,51.0055,SBI Mutual Fund,Equity Scheme - Small Cap Fund
2019-01-31,125497,SBI Small Cap Fund - Direct Plan - Growth,51.3507,SBI Mutual Fund,Equity Scheme - Small Cap Fund
2019-02-01,125497,SBI Small Cap Fund - Direct Plan - Growth,51.2972,SBI Mutual Fund,Equity Scheme - Small Cap Fund
2019-02-04,125497,SBI Small Cap Fund - Direct Plan - Growth,51.0358,SBI Mutual Fund,Equity Scheme - Small Cap Fund
2019-02-05,125497,SBI Small Cap Fund - Direct Plan - Growth,50.7151,SBI Mutual Fund,Equity Scheme - Small Cap Fund
2019-02-06,125497,SBI Small Cap Fund - Direct Plan - Growth,50.5395,SBI Mutual Fund,Equity Scheme - Small Cap Fund
2019-02-07,125497,SBI Small Cap Fund - Direct Plan - Growth,50.8924,SBI Mutual Fund,Equity Scheme - Small Cap Fund
2019-02-08,125497,SBI Small Cap Fund - Direct Plan - Growth,50.5532,SBI Mutual Fund,Equity Scheme - Small Cap Fund
2019-02-11,125497,SBI Small Cap Fund - Direct Plan - Growth,50.1417,SBI Mutual Fund,Equity Scheme - Small Cap Fund
2019-02-12,125497,SBI Small Cap Fund - Direct Plan - Growth,49.9865,SBI Mutual Fund,Equity Scheme - Small Cap Fund
2019-02-13,125497,SBI Small Cap Fund - Direct Plan - Growth,49.9159,SBI Mutual Fund,Equity Scheme - Small Cap Fund
2019-02-14,125497,SBI Small Cap Fund - Direct Plan - Growth,50.0246,SBI Mutual Fund,Equity Scheme - Small Cap Fund
2019-02-15,125497,SBI Small Cap Fund - Direct Plan - Growth,49.8363,SBI Mutual Fund,Equity Scheme - Small Cap Fund
2019-02-18,125497,SBI Small Cap Fund - Direct Plan - Growth,49.7231,SBI Mutual Fund,Equity Scheme - Small Cap Fund
2019-02-19,125497,SBI Small Cap Fund - Direct Plan - Growth,50.1932,SBI Mutual Fund,Equity Scheme - Small Cap Fund
2019-02-20,125497,SBI Small Cap Fund - Direct Plan - Growth,50.5134,SBI Mutual Fund,Equity Scheme - Small Cap Fund
2019-02-21,125497,SBI Small Cap Fund - Direct Plan - Growth,50.8863,SBI Mutual Fund,Equity Scheme - Small Cap Fund
2019-02-22,125497,SBI Small Cap Fund - Direct Plan - Growth,51.1164,SBI Mutual Fund,Equity Scheme - Small Cap Fund
2019-02-25,125497,SBI Small Cap Fund - Direct Plan - Growth,51.1544,SBI Mutual Fund,Equity Scheme - Small Cap Fund
2019-02-26,125497,SBI Small Cap Fund - Direct Plan - Growth,50.9392,SBI Mutual Fund,Equity Scheme - Small Cap Fund
2019-02-27,125497,SBI Small Cap Fund - Direct Plan - Growth,50.6695,SBI Mutual Fund,Equity Scheme - Small Cap Fund
2019-02-28,125497,SBI Small Cap Fund - Direct Plan - Growth,50.7717,SBI Mutual Fund,Equity Scheme - Small Cap Fund
2019-03-01,125497,SBI Small Cap Fund - Direct Plan - Growth,51.4418,SBI Mutual Fund,Equity Scheme - Small Cap Fund
2019-03-05,125497,SBI Small Cap Fund - Direct Plan - Growth,52.7007,SBI Mutual Fund,Equity Scheme - Small Cap Fund
2019-03-06,125497,SBI Small Cap Fund - Direct Plan - Growth,53.2436,SBI Mutual Fund,Equity Scheme - Small Cap Fund
2019-03-07,125497,SBI Small Cap Fund - Direct Plan - Growth,53.7052,SBI Mutual Fund,Equity Scheme - Small Cap Fund
2019-03-08,125497,SBI Small Cap Fund - Direct Plan - Growth,53.9401,SBI Mutual Fund,Equity Scheme - Small Cap Fund
2019-03-11,125497,SBI Small Cap Fund - Direct Plan - Growth,54.7406,SBI Mutual Fund,Equity Scheme - Small Cap Fund
2019-03-12,125497,SBI Small Cap Fund - Direct Plan - Growth,55.2773,SBI Mutual Fund,Equity Scheme - Small Cap Fund
2019-03-13,125497,SBI Small Cap Fund - Direct Plan - Growth,55.1959,SBI Mutual Fund,Equity Scheme - Small Cap Fund
2019-03-14,125497,SBI Small Cap Fund - Direct Plan - Growth,55.0181,SBI Mutual Fund,Equity Scheme - Small Cap Fund
2019-03-15,125497,SBI Small Cap Fund - Direct Plan - Growth,54.8323,SBI Mutual Fund,Equity Scheme - Small Cap Fund
2019-03-18,125497,SBI Small Cap Fund - Direct Plan - Growth,54.8356,SBI Mutual Fund,Equity Scheme - Small Cap Fund
2019-03-19,125497,SBI Small Cap Fund - Direct Plan - Growth,55.1238,SBI Mutual Fund,Equity Scheme - Small Cap Fund
2019-03-20,125497,SBI Small Cap Fund - Direct Plan - Growth,54.7637,SBI Mutual Fund,Equity Scheme - Small Cap Fund
2019-03-22,125497,SBI Small Cap Fund - Direct Plan - Growth,54.6498,SBI Mutual Fund,Equity Scheme - Small Cap Fund
2019-03-25,125497,SBI Small Cap Fund - Direct Plan - Growth,54.0256,SBI Mutual Fund,Equity Scheme - Small Cap Fund
2019-03-26,125497,SBI Small Cap Fund - Direct Plan - Growth,54.4065,SBI Mutual Fund,Equity Scheme - Small Cap Fund
2019-03-27,125497,SBI Small Cap Fund - Direct Plan - Growth,54.46,SBI Mutual Fund,Equity Scheme - Small Cap Fund
2019-03-28,125497,SBI Small Cap Fund - Direct Plan - Growth,54.7581,SBI Mutual Fund,Equity Scheme - Small Cap Fund
2019-03-29,125497,SBI Small Cap Fund - Direct Plan - Growth,55.663,SBI Mutual Fund,Equity Scheme - Small Cap Fund
2019-04-01,125497,SBI Small Cap Fund - Direct Plan - Growth,56.1772,SBI Mutual Fund,Equity Scheme - Small Cap Fund
2019-04-02,125497,SBI Small Cap Fund - Direct Plan - Growth,56.0011,SBI Mutual Fund,Equity Scheme - Small Cap Fund
2019-04-03,125497,SBI Small Cap Fund - Direct Plan - Growth,55.6601,SBI Mutual Fund,Equity Scheme - Small Cap Fund
2019-04-04,125497,SBI Small Cap Fund - Direct Plan - Growth,55.6447,SBI Mutual Fund,Equity Scheme - Small Cap Fund
2019-04-05,125497,SBI Small Cap Fund - Direct Plan - Growth,56.0191,SBI Mutual Fund,Equity Scheme - Small Cap Fund
2019-04-08,125497,SBI Small Cap Fund - Direct Plan - Growth,55.8828,SBI Mutual Fund,Equity Scheme - Small Cap Fund
2019-04-09,125497,SBI Small Cap Fund - Direct Plan - Growth,55.6612,SBI Mutual Fund,Equity Scheme - Small Cap Fund
2019-04-10,125497,SBI Small Cap Fund - Direct Plan - Growth,55.6388,SBI Mutual Fund,Equity Scheme - Small Cap Fund
2019-04-11,125497,SBI Small Cap Fund - Direct Plan - Growth,55.7987,SBI Mutual Fund,Equity Scheme - Small Cap Fund
2019-04-12,125497,SBI Small Cap Fund - Direct Plan - Growth,55.9226,SBI Mutual Fund,Equity Scheme - Small Cap Fund
2019-04-15,125497,SBI Small Cap Fund - Direct Plan - Growth,56.1536,SBI Mutual Fund,Equity Scheme - Small Cap Fund
2019-04-16,125497,SBI Small Cap Fund - Direct Plan - Growth,56.1267,SBI Mutual Fund,Equity Scheme - Small Cap Fund
2019-04-18,125497,SBI Small Cap Fund - Direct Plan - Growth,55.7232,SBI Mutual Fund,Equity Scheme - Small Cap Fund
2019-04-22,125497,SBI Small Cap Fund - Direct Plan - Growth,54.9458,SBI Mutual Fund,Equity Scheme - Small Cap Fund
2019-04-23,125497,SBI Small Cap Fund - Direct Plan - Growth,55.0555,SBI Mutual Fund,Equity Scheme - Small Cap Fund
2019-04-24,125497,SBI Small Cap Fund - Direct Plan - Growth,55.2723,SBI Mutual Fund,Equity Scheme - Small Cap Fund
2019-04-25,125497,SBI Small Cap Fund - Direct Plan - Growth,55.3592,SBI Mutual Fund,Equity Scheme - Small Cap Fund
2019-04-26,125497,SBI Small Cap Fund - Direct Plan - Growth,55.3187,SBI Mutual Fund,Equity Scheme - Small Cap Fund
2019-04-30,125497,SBI Small Cap Fund - Direct Plan - Growth,55.083,SBI Mutual Fund,Equity Scheme - Small Cap Fund
2019-05-02,125497,SBI Small Cap Fund - Direct Plan - Growth,55.0024,SBI Mutual Fund,Equity Scheme - Small Cap Fund
2019-05-03,125497,SBI Small Cap Fund - Direct Plan - Growth,54.897,SBI Mutual Fund,Equity Scheme - Small Cap Fund
2019-05-06,125497,SBI Small Cap Fund - Direct Plan - Growth,54.4976,SBI Mutual Fund,Equity Scheme - Small Cap Fund
2019-05-07,125497,SBI Small Cap Fund - Direct Plan - Growth,54.3424,SBI Mutual Fund,Equity Scheme - Small Cap Fund
2019-05-08,125497,SBI Small Cap Fund - Direct Plan - Growth,53.8583,SBI Mutual Fund,Equity Scheme - Small Cap Fund
2019-05-09,125497,SBI Small Cap Fund - Direct Plan - Growth,53.7084,SBI Mutual Fund,Equity Scheme - Small Cap Fund
2019-05-10,125497,SBI Small Cap Fund - Direct Plan - Growth,53.706,SBI Mutual Fund,Equity Scheme - Small Cap Fund
2019-05-13,125497,SBI Small Cap Fund - Direct Plan - Growth,52.8389,SBI Mutual Fund,Equity Scheme - Small Cap Fund
2019-05-14,125497,SBI Small Cap Fund - Direct Plan - Growth,53.1004,SBI Mutual Fund,Equity Scheme - Small Cap Fund
2019-05-15,125497,SBI Small Cap Fund - Direct Plan - Growth,53.0303,SBI Mutual Fund,Equity Scheme - Small Cap Fund
2019-05-16,125497,SBI Small Cap Fund - Direct Plan - Growth,52.9338,SBI Mutual Fund,Equity Scheme - Small Cap Fund
2019-05-17,125497,SBI Small Cap Fund - Direct Plan - Growth,53.073,SBI Mutual Fund,Equity Scheme - Small Cap Fund
2019-05-20,125497,SBI Small Cap Fund - Direct Plan - Growth,54.4867,SBI Mutual Fund,Equity Scheme - Small Cap Fund
2019-05-21,125497,SBI Small Cap Fund - Direct Plan - Growth,54.0838,SBI Mutual Fund,Equity Scheme - Small Cap Fund
2019-05-22,125497,SBI Small Cap Fund - Direct Plan - Growth,54.0958,SBI Mutual Fund,Equity Scheme - Small Cap Fund
2019-05-23,125497,SBI Small Cap Fund - Direct Plan - Growth,53.9873,SBI Mutual Fund,Equity Scheme - Small Cap Fund
2019-05-24,125497,SBI Small Cap Fund - Direct Plan - Growth,54.9948,SBI Mutual Fund,Equity Scheme - Small Cap Fund
2019-05-27,125497,SBI Small Cap Fund - Direct Plan - Growth,55.9036,SBI Mutual Fund,Equity Scheme - Small Cap Fund
2019-05-28,125497,SBI Small Cap Fund - Direct Plan - Growth,56.5415,SBI Mutual Fund,Equity Scheme - Small Cap Fund
2019-05-29,125497,SBI Small Cap Fund - Direct Plan - Growth,56.3573,SBI Mutual Fund,Equity Scheme - Small Cap Fund
2019-05-30,125497,SBI Small Cap Fund - Direct Plan - Growth,56.1882,SBI Mutual Fund,Equity Scheme - Small Cap Fund
2019-05-31,125497,SBI Small Cap Fund - Direct Plan - Growth,56.4804,SBI Mutual Fund,Equity Scheme - Small Cap Fund
2019-06-03,125497,SBI Small Cap Fund - Direct Plan - Growth,56.7417,SBI Mutual Fund,Equity Scheme - Small Cap Fund
2019-06-04,125497,SBI Small Cap Fund - Direct Plan - Growth,56.7067,SBI Mutual Fund,Equity Scheme - Small Cap Fund
2019-06-06,125497,SBI Small Cap Fund - Direct Plan - Growth,56.1253,SBI Mutual Fund,Equity Scheme - Small Cap Fund
2019-06-07,125497,SBI Small Cap Fund - Direct Plan - Growth,56.094,SBI Mutual Fund,Equity Scheme - Small Cap Fund
2019-06-10,125497,SBI Small Cap Fund - Direct Plan - Growth,55.7431,SBI Mutual Fund,Equity Scheme - Small Cap Fund
2019-06-11,125497,SBI Small Cap Fund - Direct Plan - Growth,55.677,SBI Mutual Fund,Equity Scheme - Small Cap Fund
2019-06-12,125497,SBI Small Cap Fund - Direct Plan - Growth,55.6663,SBI Mutual Fund,Equity Scheme - Small Cap Fund
2019-06-13,125497,SBI Small Cap Fund - Direct Plan - Growth,55.3583,SBI Mutual Fund,Equity Scheme - Small Cap Fund
2019-06-14,125497,SBI Small Cap Fund - Direct Plan - Growth,55.2265,SBI Mutual Fund,Equity Scheme - Small Cap Fund
2019-06-17,125497,SBI Small Cap Fund - Direct Plan - Growth,54.651,SBI Mutual Fund,Equity Scheme - Small Cap Fund
2019-06-18,125497,SBI Small Cap Fund - Direct Plan - Growth,54.3588,SBI Mutual Fund,Equity Scheme - Small Cap Fund
2019-06-19,125497,SBI Small Cap Fund - Direct Plan - Growth,54.0946,SBI Mutual Fund,Equity Scheme - Small Cap Fund
2019-06-20,125497,SBI Small Cap Fund - Direct Plan - Growth,54.4507,SBI Mutual Fund,Equity Scheme - Small Cap Fund
2019-06-21,125497,SBI Small Cap Fund - Direct Plan - Growth,54.4826,SBI Mutual Fund,Equity Scheme - Small Cap Fund
2019-06-24,125497,SBI Small Cap Fund - Direct Plan - Growth,54.1894,SBI Mutual Fund,Equity Scheme - Small Cap Fund
2019-06-25,125497,SBI Small Cap Fund - Direct Plan - Growth,54.4957,SBI Mutual Fund,Equity Scheme - Small Cap Fund
2019-06-26,125497,SBI Small Cap Fund - Direct Plan - Growth,54.9657,SBI Mutual Fund,Equity Scheme - Small Cap Fund
2019-06-27,125497,SBI Small Cap Fund - Direct Plan - Growth,55.097,SBI Mutual Fund,Equity Scheme - Small Cap Fund
2019-06-28,125497,SBI Small Cap Fund - Direct Plan - Growth,55.224,SBI Mutual Fund,Equity Scheme - Small Cap Fund
2019-07-01,125497,SBI Small Cap Fund - Direct Plan - Growth,55.3031,SBI Mutual Fund,Equity Scheme - Small Cap Fund
2019-07-02,125497,SBI Small Cap Fund - Direct Plan - Growth,55.456,SBI Mutual Fund,Equity Scheme - Small Cap Fund
2019-07-03,125497,SBI Small Cap Fund - Direct Plan - Growth,55.3738,SBI Mutual Fund,Equity Scheme - Small Cap Fund
2019-07-04,125497,SBI Small Cap Fund - Direct Plan - Growth,55.4699,SBI Mutual Fund,Equity Scheme - Small Cap Fund
2019-07-05,125497,SBI Small Cap Fund - Direct Plan - Growth,54.8561,SBI Mutual Fund,Equity Scheme - Small Cap Fund
2019-07-08,125497,SBI Small Cap Fund - Direct Plan - Growth,54.1644,SBI Mutual Fund,Equity Scheme - Small Cap Fund
2019-07-09,125497,SBI Small Cap Fund - Direct Plan - Growth,54.0836,SBI Mutual Fund,Equity Scheme - Small Cap Fund
2019-07-10,125497,SBI Small Cap Fund - Direct Plan - Growth,53.8443,SBI Mutual Fund,Equity Scheme - Small Cap Fund
2019-07-11,125497,SBI Small Cap Fund - Direct Plan - Growth,54.0984,SBI Mutual Fund,Equity Scheme - Small Cap Fund
2019-07-12,125497,SBI Small Cap Fund - Direct Plan - Growth,54.2785,SBI Mutual Fund,Equity Scheme - Small Cap Fund
2019-07-15,125497,SBI Small Cap Fund - Direct Plan - Growth,54.1461,SBI Mutual Fund,Equity Scheme - Small Cap Fund
2019-07-16,125497,SBI Small Cap Fund - Direct Plan - Growth,54.0856,SBI Mutual Fund,Equity Scheme - Small Cap Fund
2019-07-17,125497,SBI Small Cap Fund - Direct Plan - Growth,54.319,SBI Mutual Fund,Equity Scheme - Small Cap Fund
2019-07-18,125497,SBI Small Cap Fund - Direct Plan - Growth,54.0147,SBI Mutual Fund,Equity Scheme - Small Cap Fund
2019-07-19,125497,SBI Small Cap Fund - Direct Plan - Growth,53.4029,SBI Mutual Fund,Equity Scheme - Small Cap Fund
2019-07-22,125497,SBI Small Cap Fund - Direct Plan - Growth,53.024,SBI Mutual Fund,Equity Scheme - Small Cap Fund
2019-07-23,125497,SBI Small Cap Fund - Direct Plan - Growth,53.155,SBI Mutual Fund,Equity Scheme - Small Cap Fund
2019-07-24,125497,SBI Small Cap Fund - Direct Plan - Growth,52.7374,SBI Mutual Fund,Equity Scheme - Small Cap Fund
2019-07-25,125497,SBI Small Cap Fund - Direct Plan - Growth,52.5207,SBI Mutual Fund,Equity Scheme - Small Cap Fund
2019-07-26,125497,SBI Small Cap Fund - Direct Plan - Growth,52.5686,SBI Mutual Fund,Equity Scheme - Small Cap Fund
2019-07-29,125497,SBI Small Cap Fund - Direct Plan - Growth,52.1616,SBI Mutual Fund,Equity Scheme - Small Cap Fund
2019-07-30,125497,SBI Small Cap Fund - Direct Plan - Growth,51.466,SBI Mutual Fund,Equity Scheme - Small Cap Fund
2019-07-31,125497,SBI Small Cap Fund - Direct Plan - Growth,51.9017,SBI Mutual Fund,Equity Scheme - Small Cap Fund
2019-08-01,125497,SBI Small Cap Fund - Direct Plan - Growth,51.3082,SBI Mutual Fund,Equity Scheme - Small Cap Fund
2019-08-02,125497,SBI Small Cap Fund - Direct Plan - Growth,51.0349,SBI Mutual Fund,Equity Scheme - Small Cap Fund
2019-08-05,125497,SBI Small Cap Fund - Direct Plan - Growth,50.5861,SBI Mutual Fund,Equity Scheme - Small Cap Fund
2019-08-06,125497,SBI Small Cap Fund - Direct Plan - Growth,51.0319,SBI Mutual Fund,Equity Scheme - Small Cap Fund
2019-08-07,125497,SBI Small Cap Fund - Direct Plan - Growth,51.1681,SBI Mutual Fund,Equity Scheme - Small Cap Fund
2019-08-08,125497,SBI Small Cap Fund - Direct Plan - Growth,51.2595,SBI Mutual Fund,Equity Scheme - Small Cap Fund
2019-08-09,125497,SBI Small Cap Fund - Direct Plan - Growth,51.6177,SBI Mutual Fund,Equity Scheme - Small Cap Fund
2019-08-13,125497,SBI Small Cap Fund - Direct Plan - Growth,51.0979,SBI Mutual Fund,Equity Scheme - Small Cap Fund
2019-08-14,125497,SBI Small Cap Fund - Direct Plan - Growth,51.7299,SBI Mutual Fund,Equity Scheme - Small Cap Fund
2019-08-16,125497,SBI Small Cap Fund - Direct Plan - Growth,52.0211,SBI Mutual Fund,Equity Scheme - Small Cap Fund
2019-08-19,125497,SBI Small Cap Fund - Direct Plan - Growth,51.9983,SBI Mutual Fund,Equity Scheme - Small Cap Fund
2019-08-20,125497,SBI Small Cap Fund - Direct Plan - Growth,51.9247,SBI Mutual Fund,Equity Scheme - Small Cap Fund
2019-08-21,125497,SBI Small Cap Fund - Direct Plan - Growth,51.522,SBI Mutual Fund,Equity Scheme - Small Cap Fund
2019-08-22,125497,SBI Small Cap Fund - Direct Plan - Growth,51.038,SBI Mutual Fund,Equity Scheme - Small Cap Fund
2019-08-23,125497,SBI Small Cap Fund - Direct Plan - Growth,51.3091,SBI Mutual Fund,Equity Scheme - Small Cap Fund
2019-08-26,125497,SBI Small Cap Fund - Direct Plan - Growth,52.0341,SBI Mutual Fund,Equity Scheme - Small Cap Fund
2019-08-27,125497,SBI Small Cap Fund - Direct Plan - Growth,52.5731,SBI Mutual Fund,Equity Scheme - Small Cap Fund
2019-08-28,125497,SBI Small Cap Fund - Direct Plan - Growth,52.4938,SBI Mutual Fund,Equity Scheme - Small Cap Fund
2019-08-29,125497,SBI Small Cap Fund - Direct Plan - Growth,52.0987,SBI Mutual Fund,Equity Scheme - Small Cap Fund
2019-08-30,125497,SBI Small Cap Fund - Direct Plan - Growth,52.3752,SBI Mutual Fund,Equity Scheme - Small Cap Fund
2019-09-03,125497,SBI Small Cap Fund - Direct Plan - Growth,51.9742,SBI Mutual Fund,Equity Scheme - Small Cap Fund
2019-09-04,125497,SBI Small Cap Fund - Direct Plan - Growth,52.1216,SBI Mutual Fund,Equity Scheme - Small Cap Fund
2019-09-05,125497,SBI Small Cap Fund - Direct Plan - Growth,52.2783,SBI Mutual Fund,Equity Scheme - Small Cap Fund
2019-09-06,125497,SBI Small Cap Fund - Direct Plan - Growth,52.6455,SBI Mutual Fund,Equity Scheme - Small Cap Fund
2019-09-09,125497,SBI Small Cap Fund - Direct Plan - Growth,52.9366,SBI Mutual Fund,Equity Scheme - Small Cap Fund
2019-09-11,125497,SBI Small Cap Fund - Direct Plan - Growth,53.7478,SBI Mutual Fund,Equity Scheme - Small Cap Fund
2019-09-12,125497,SBI Small Cap Fund - Direct Plan - Growth,53.6476,SBI Mutual Fund,Equity Scheme - Small Cap Fund
2019-09-13,125497,SBI Small Cap Fund - Direct Plan - Growth,53.6012,SBI Mutual Fund,Equity Scheme - Small Cap Fund
2019-09-16,125497,SBI Small Cap Fund - Direct Plan - Growth,53.814,SBI Mutual Fund,Equity Scheme - Small Cap Fund
2019-09-17,125497,SBI Small Cap Fund - Direct Plan - Growth,53.1853,SBI Mutual Fund,Equity Scheme - Small Cap Fund
2019-09-18,125497,SBI Small Cap Fund - Direct Plan - Growth,53.1334,SBI Mutual Fund,Equity Scheme - Small Cap Fund
2019-09-19,125497,SBI Small Cap Fund - Direct Plan - Growth,52.7845,SBI Mutual Fund,Equity Scheme - Small Cap Fund
2019-09-20,125497,SBI Small Cap Fund - Direct Plan - Growth,54.447,SBI Mutual Fund,Equity Scheme - Small Cap Fund
2019-09-23,125497,SBI Small Cap Fund - Direct Plan - Growth,56.3502,SBI Mutual Fund,Equity Scheme - Small Cap Fund
2019-09-24,125497,SBI Small Cap Fund - Direct Plan - Growth,56.4498,SBI Mutual Fund,Equity Scheme - Small Cap Fund
2019-09-25,125497,SBI Small Cap Fund - Direct Plan - Growth,55.9413,SBI Mutual Fund,Equity Scheme - Small Cap Fund
2019-09-26,125497,SBI Small Cap Fund - Direct Plan - Growth,56.3859,SBI Mutual Fund,Equity Scheme - Small Cap Fund
2019-09-27,125497,SBI Small Cap Fund - Direct Plan - Growth,56.3843,SBI Mutual Fund,Equity Scheme - Small Cap Fund
2019-09-30,125497,SBI Small Cap Fund - Direct Plan - Growth,56.147,SBI Mutual Fund,Equity Scheme - Small Cap Fund
2019-10-01,125497,SBI Small Cap Fund - Direct Plan - Growth,55.6556,SBI Mutual Fund,Equity Scheme - Small Cap Fund
2019-10-03,125497,SBI Small Cap Fund - Direct Plan - Growth,55.399,SBI Mutual Fund,Equity Scheme - Small Cap Fund
2019-10-04,125497,SBI Small Cap Fund - Direct Plan - Growth,54.9464,SBI Mutual Fund,Equity Scheme - Small Cap Fund
2019-10-07,125497,SBI Small Cap Fund - Direct Plan - Growth,54.8053,SBI Mutual Fund,Equity Scheme - Small Cap Fund
2019-10-09,125497,SBI Small Cap Fund - Direct Plan - Growth,55.0566,SBI Mutual Fund,Equity Scheme - Small Cap Fund
2019-10-10,125497,SBI Small Cap Fund - Direct Plan - Growth,54.7665,SBI Mutual Fund,Equity Scheme - Small Cap Fund
2019-10-11,125497,SBI Small Cap Fund - Direct Plan - Growth,54.8222,SBI Mutual Fund,Equity Scheme - Small Cap Fund
2019-10-14,125497,SBI Small Cap Fund - Direct Plan - Growth,54.9658,SBI Mutual Fund,Equity Scheme - Small Cap Fund
2019-10-15,125497,SBI Small Cap Fund - Direct Plan - Growth,55.0504,SBI Mutual Fund,Equity Scheme - Small Cap Fund
2019-10-16,125497,SBI Small Cap Fund - Direct Plan - Growth,54.9299,SBI Mutual Fund,Equity Scheme - Small Cap Fund
2019-10-17,125497,SBI Small Cap Fund - Direct Plan - Growth,55.2661,SBI Mutual Fund,Equity Scheme - Small Cap Fund
2019-10-18,125497,SBI Small Cap Fund - Direct Plan - Growth,56.3596,SBI Mutual Fund,Equity Scheme - Small Cap Fund
2019-10-22,125497,SBI Small Cap Fund - Direct Plan - Growth,56.3394,SBI Mutual Fund,Equity Scheme - Small Cap Fund
2019-10-23,125497,SBI Small Cap Fund - Direct Plan - Growth,56.394,SBI Mutual Fund,Equity Scheme - Small Cap Fund
2019-10-24,125497,SBI Small Cap Fund - Direct Plan - Growth,56.4878,SBI Mutual Fund,Equity Scheme - Small Cap Fund
2019-10-25,125497,SBI Small Cap Fund - Direct Plan - Growth,56.3768,SBI Mutual Fund,Equity Scheme - Small Cap Fund
2019-10-29,125497,SBI Small Cap Fund - Direct Plan - Growth,57.0785,SBI Mutual Fund,Equity Scheme - Small Cap Fund
2019-10-30,125497,SBI Small Cap Fund - Direct Plan - Growth,57.1831,SBI Mutual Fund,Equity Scheme - Small Cap Fund
2019-10-31,125497,SBI Small Cap Fund - Direct Plan - Growth,57.6615,SBI Mutual Fund,Equity Scheme - Small Cap Fund
2019-11-01,125497,SBI Small Cap Fund - Direct Plan - Growth,57.9809,SBI Mutual Fund,Equity Scheme - Small Cap Fund
2019-11-04,125497,SBI Small Cap Fund - Direct Plan - Growth,58.5157,SBI Mutual Fund,Equity Scheme - Small Cap Fund
2019-11-05,125497,SBI Small Cap Fund - Direct Plan - Growth,58.0708,SBI Mutual Fund,Equity Scheme - Small Cap Fund
2019-11-06,125497,SBI Small Cap Fund - Direct Plan - Growth,57.7536,SBI Mutual Fund,Equity Scheme - Small Cap Fund
2019-11-07,125497,SBI Small Cap Fund - Direct Plan - Growth,57.9074,SBI Mutual Fund,Equity Scheme - Small Cap Fund
2019-11-08,125497,SBI Small Cap Fund - Direct Plan - Growth,57.4537,SBI Mutual Fund,Equity Scheme - Small Cap Fund
2019-11-11,125497,SBI Small Cap Fund - Direct Plan - Growth,57.692,SBI Mutual Fund,Equity Scheme - Small Cap Fund
2019-11-13,125497,SBI Small Cap Fund - Direct Plan - Growth,57.9023,SBI Mutual Fund,Equity Scheme - Small Cap Fund
2019-11-14,125497,SBI Small Cap Fund - Direct Plan - Growth,57.8273,SBI Mutual Fund,Equity Scheme - Small Cap Fund
2019-11-15,125497,SBI Small Cap Fund - Direct Plan - Growth,57.71,SBI Mutual Fund,Equity Scheme - Small Cap Fund
2019-11-18,125497,SBI Small Cap Fund - Direct Plan - Growth,57.7894,SBI Mutual Fund,Equity Scheme - Small Cap Fund
2019-11-19,125497,SBI Small Cap Fund - Direct Plan - Growth,57.8266,SBI Mutual Fund,Equity Scheme - Small Cap Fund
2019-11-20,125497,SBI Small Cap Fund - Direct Plan - Growth,57.8357,SBI Mutual Fund,Equity Scheme - Small Cap Fund
2019-11-21,125497,SBI Small Cap Fund - Direct Plan - Growth,58.0232,SBI Mutual Fund,Equity Scheme - Small Cap Fund
2019-11-22,125497,SBI Small Cap Fund - Direct Plan - Growth,58.0555,SBI Mutual Fund,Equity Scheme - Small Cap Fund
2019-11-25,125497,SBI Small Cap Fund - Direct Plan - Growth,58.2373,SBI Mutual Fund,Equity Scheme - Small Cap Fund
2019-11-26,125497,SBI Small Cap Fund - Direct Plan - Growth,57.9258,SBI Mutual Fund,Equity Scheme - Small Cap Fund
2019-11-27,125497,SBI Small Cap Fund - Direct Plan - Growth,57.825,SBI Mutual Fund,Equity Scheme - Small Cap Fund
2019-11-28,125497,SBI Small Cap Fund - Direct Plan - Growth,57.7441,SBI Mutual Fund,Equity Scheme - Small Cap Fund
2019-11-29,125497,SBI Small Cap Fund - Direct Plan - Growth,57.9839,SBI Mutual Fund,Equity Scheme - Small Cap Fund
2019-12-02,125497,SBI Small Cap Fund - Direct Plan - Growth,58.0533,SBI Mutual Fund,Equity Scheme - Small Cap Fund
2019-12-03,125497,SBI Small Cap Fund - Direct Plan - Growth,57.9542,SBI Mutual Fund,Equity Scheme - Small Cap Fund
2019-12-04,125497,SBI Small Cap Fund - Direct Plan - Growth,58.3397,SBI Mutual Fund,Equity Scheme - Small Cap Fund
2019-12-05,125497,SBI Small Cap Fund - Direct Plan - Growth,58.2459,SBI Mutual Fund,Equity Scheme - Small Cap Fund
2019-12-06,125497,SBI Small Cap Fund - Direct Plan - Growth,57.6323,SBI Mutual Fund,Equity Scheme - Small Cap Fund
2019-12-09,125497,SBI Small Cap Fund - Direct Plan - Growth,57.3044,SBI Mutual Fund,Equity Scheme - Small Cap Fund
2019-12-10,125497,SBI Small Cap Fund - Direct Plan - Growth,56.8176,SBI Mutual Fund,Equity Scheme - Small Cap Fund
2019-12-11,125497,SBI Small Cap Fund - Direct Plan - Growth,56.6208,SBI Mutual Fund,Equity Scheme - Small Cap Fund
2019-12-12,125497,SBI Small Cap Fund - Direct Plan - Growth,56.7141,SBI Mutual Fund,Equity Scheme - Small Cap Fund
2019-12-13,125497,SBI Small Cap Fund - Direct Plan - Growth,57.2957,SBI Mutual Fund,Equity Scheme - Small Cap Fund
2019-12-16,125497,SBI Small Cap Fund - Direct Plan - Growth,56.9909,SBI Mutual Fund,Equity Scheme - Small Cap Fund
2019-12-17,125497,SBI Small Cap Fund - Direct Plan - Growth,57.3155,SBI Mutual Fund,Equity Scheme - Small Cap Fund
2019-12-18,125497,SBI Small Cap Fund - Direct Plan - Growth,57.1274,SBI Mutual Fund,Equity Scheme - Small Cap Fund
2019-12-19,125497,SBI Small Cap Fund - Direct Plan - Growth,57.3051,SBI Mutual Fund,Equity Scheme - Small Cap Fund
2019-12-20,125497,SBI Small Cap Fund - Direct Plan - Growth,57.6649,SBI Mutual Fund,Equity Scheme - Small Cap Fund
2019-12-23,125497,SBI Small Cap Fund - Direct Plan - Growth,57.5756,SBI Mutual Fund,Equity Scheme - Small Cap Fund
2019-12-24,125497,SBI Small Cap Fund - Direct Plan - Growth,57.4196,SBI Mutual Fund,Equity Scheme - Small Cap Fund
2019-12-26,125497,SBI Small Cap Fund - Direct Plan - Growth,57.4846,SBI Mutual Fund,Equity Scheme - Small Cap Fund
2019-12-27,125497,SBI Small Cap Fund - Direct Plan - Growth,57.7682,SBI Mutual Fund,Equity Scheme - Small Cap Fund
2019-12-30,125497,SBI Small Cap Fund - Direct Plan - Growth,57.7981,SBI Mutual Fund,Equity Scheme - Small Cap Fund
2019-12-31,125497,SBI Small Cap Fund - Direct Plan - Growth,57.8093,SBI Mutual Fund,Equity Scheme - Small Cap Fund
2020-01-01,125497,SBI Small Cap Fund - Direct Plan - Growth,57.886,SBI Mutual Fund,Equity Scheme - Small Cap Fund
2020-01-02,125497,SBI Small Cap Fund - Direct Plan - Growth,58.3988,SBI Mutual Fund,Equity Scheme - Small Cap Fund
2020-01-03,125497,SBI Small Cap Fund - Direct Plan - Growth,58.6872,SBI Mutual Fund,Equity Scheme - Small Cap Fund
2020-01-06,125497,SBI Small Cap Fund - Direct Plan - Growth,57.7329,SBI Mutual Fund,Equity Scheme - Small Cap Fund
2020-01-07,125497,SBI Small Cap Fund - Direct Plan - Growth,58.2107,SBI Mutual Fund,Equity Scheme - Small Cap Fund
2020-01-08,125497,SBI Small Cap Fund - Direct Plan - Growth,57.9868,SBI Mutual Fund,Equity Scheme - Small Cap Fund
2020-01-09,125497,SBI Small Cap Fund - Direct Plan - Growth,58.6407,SBI Mutual Fund,Equity Scheme - Small Cap Fund
2020-01-10,125497,SBI Small Cap Fund - Direct Plan - Growth,58.9076,SBI Mutual Fund,Equity Scheme - Small Cap Fund
2020-01-13,125497,SBI Small Cap Fund - Direct Plan - Growth,59.1726,SBI Mutual Fund,Equity Scheme - Small Cap Fund
2020-01-14,125497,SBI Small Cap Fund - Direct Plan - Growth,59.2895,SBI Mutual Fund,Equity Scheme - Small Cap Fund
2020-01-15,125497,SBI Small Cap Fund - Direct Plan - Growth,59.6795,SBI Mutual Fund,Equity Scheme - Small Cap Fund
2020-01-16,125497,SBI Small Cap Fund - Direct Plan - Growth,60.2189,SBI Mutual Fund,Equity Scheme - Small Cap Fund
2020-01-17,125497,SBI Small Cap Fund - Direct Plan - Growth,60.8952,SBI Mutual Fund,Equity Scheme - Small Cap Fund
2020-01-20,125497,SBI Small Cap Fund - Direct Plan - Growth,60.9709,SBI Mutual Fund,Equity Scheme - Small Cap Fund
2020-01-21,125497,SBI Small Cap Fund - Direct Plan - Growth,60.7275,SBI Mutual Fund,Equity Scheme - Small Cap Fund
2020-01-22,125497,SBI Small Cap Fund - Direct Plan - Growth,60.8469,SBI Mutual Fund,Equity Scheme - Small Cap Fund
2020-01-23,125497,SBI Small Cap Fund - Direct Plan - Growth,61.1488,SBI Mutual Fund,Equity Scheme - Small Cap Fund
2020-01-24,125497,SBI Small Cap Fund - Direct Plan - Growth,61.8393,SBI Mutual Fund,Equity Scheme - Small Cap Fund
2020-01-27,125497,SBI Small Cap Fund - Direct Plan - Growth,61.9656,SBI Mutual Fund,Equity Scheme - Small Cap Fund
2020-01-28,125497,SBI Small Cap Fund - Direct Plan - Growth,62.0886,SBI Mutual Fund,Equity Scheme - Small Cap Fund
2020-01-29,125497,SBI Small Cap Fund - Direct Plan - Growth,62.1324,SBI Mutual Fund,Equity Scheme - Small Cap Fund
2020-01-30,125497,SBI Small Cap Fund - Direct Plan - Growth,61.8134,SBI Mutual Fund,Equity Scheme - Small Cap Fund
2020-01-31,125497,SBI Small Cap Fund - Direct Plan - Growth,61.7543,SBI Mutual Fund,Equity Scheme - Small Cap Fund
2020-02-03,125497,SBI Small Cap Fund - Direct Plan - Growth,60.8872,SBI Mutual Fund,Equity Scheme - Small Cap Fund
2020-02-04,125497,SBI Small Cap Fund - Direct Plan - Growth,61.7883,SBI Mutual Fund,Equity Scheme - Small Cap Fund
2020-02-05,125497,SBI Small Cap Fund - Direct Plan - Growth,62.0606,SBI Mutual Fund,Equity Scheme - Small Cap Fund
2020-02-06,125497,SBI Small Cap Fund - Direct Plan - Growth,62.089,SBI Mutual Fund,Equity Scheme - Small Cap Fund
2020-02-07,125497,SBI Small Cap Fund - Direct Plan - Growth,62.3167,SBI Mutual Fund,Equity Scheme - Small Cap Fund
2020-02-10,125497,SBI Small Cap Fund - Direct Plan - Growth,61.9086,SBI Mutual Fund,Equity Scheme - Small Cap Fund
2020-02-11,125497,SBI Small Cap Fund - Direct Plan - Growth,62.1921,SBI Mutual Fund,Equity Scheme - Small Cap Fund
2020-02-12,125497,SBI Small Cap Fund - Direct Plan - Growth,62.2058,SBI Mutual Fund,Equity Scheme - Small Cap Fund
2020-02-13,125497,SBI Small Cap Fund - Direct Plan - Growth,62.2181,SBI Mutual Fund,Equity Scheme - Small Cap Fund
2020-02-14,125497,SBI Small Cap Fund - Direct Plan - Growth,62.2419,SBI Mutual Fund,Equity Scheme - Small Cap Fund
2020-02-17,125497,SBI Small Cap Fund - Direct Plan - Growth,62.0469,SBI Mutual Fund,Equity Scheme - Small Cap Fund
2020-02-18,125497,SBI Small Cap Fund - Direct Plan - Growth,61.5595,SBI Mutual Fund,Equity Scheme - Small Cap Fund
2020-02-19,125497,SBI Small Cap Fund - Direct Plan - Growth,62.26,SBI Mutual Fund,Equity Scheme - Small Cap Fund
2020-02-20,125497,SBI Small Cap Fund - Direct Plan - Growth,62.3727,SBI Mutual Fund,Equity Scheme - Small Cap Fund
2020-02-24,125497,SBI Small Cap Fund - Direct Plan - Growth,61.7942,SBI Mutual Fund,Equity Scheme - Small Cap Fund
2020-02-25,125497,SBI Small Cap Fund - Direct Plan - Growth,61.6015,SBI Mutual Fund,Equity Scheme - Small Cap Fund
2020-02-26,125497,SBI Small Cap Fund - Direct Plan - Growth,61.1649,SBI Mutual Fund,Equity Scheme - Small Cap Fund
2020-02-27,125497,SBI Small Cap Fund - Direct Plan - Growth,61.0899,SBI Mutual Fund,Equity Scheme - Small Cap Fund
2020-02-28,125497,SBI Small Cap Fund - Direct Plan - Growth,59.45,SBI Mutual Fund,Equity Scheme - Small Cap Fund
2020-03-02,125497,SBI Small Cap Fund - Direct Plan - Growth,59.4357,SBI Mutual Fund,Equity Scheme - Small Cap Fund
2020-03-03,125497,SBI Small Cap Fund - Direct Plan - Growth,59.7023,SBI Mutual Fund,Equity Scheme - Small Cap Fund
2020-03-04,125497,SBI Small Cap Fund - Direct Plan - Growth,58.8308,SBI Mutual Fund,Equity Scheme - Small Cap Fund
2020-03-05,125497,SBI Small Cap Fund - Direct Plan - Growth,59.2727,SBI Mutual Fund,Equity Scheme - Small Cap Fund
2020-03-06,125497,SBI Small Cap Fund - Direct Plan - Growth,58.5236,SBI Mutual Fund,Equity Scheme - Small Cap Fund
2020-03-09,125497,SBI Small Cap Fund - Direct Plan - Growth,56.7701,SBI Mutual Fund,Equity Scheme - Small Cap Fund
2020-03-11,125497,SBI Small Cap Fund - Direct Plan - Growth,56.6672,SBI Mutual Fund,Equity Scheme - Small Cap Fund
2020-03-12,125497,SBI Small Cap Fund - Direct Plan - Growth,53.1617,SBI Mutual Fund,Equity Scheme - Small Cap Fund
2020-03-13,125497,SBI Small Cap Fund - Direct Plan - Growth,53.1576,SBI Mutual Fund,Equity Scheme - Small Cap Fund
2020-03-16,125497,SBI Small Cap Fund - Direct Plan - Growth,50.8999,SBI Mutual Fund,Equity Scheme - Small Cap Fund
2020-03-17,125497,SBI Small Cap Fund - Direct Plan - Growth,49.9371,SBI Mutual Fund,Equity Scheme - Small Cap Fund
2020-03-18,125497,SBI Small Cap Fund - Direct Plan - Growth,47.0783,SBI Mutual Fund,Equity Scheme - Small Cap Fund
2020-03-19,125497,SBI Small Cap Fund - Direct Plan - Growth,45.2642,SBI Mutual Fund,Equity Scheme - Small Cap Fund
2020-03-20,125497,SBI Small Cap Fund - Direct Plan - Growth,45.7468,SBI Mutual Fund,Equity Scheme - Small Cap Fund
2020-03-23,125497,SBI Small Cap Fund - Direct Plan - Growth,41.311,SBI Mutual Fund,Equity Scheme - Small Cap Fund
2020-03-24,125497,SBI Small Cap Fund - Direct Plan - Growth,41.26,SBI Mutual Fund,Equity Scheme - Small Cap Fund
2020-03-25,125497,SBI Small Cap Fund - Direct Plan - Growth,42.2905,SBI Mutual Fund,Equity Scheme - Small Cap Fund
2020-03-26,125497,SBI Small Cap Fund - Direct Plan - Growth,43.7048,SBI Mutual Fund,Equity Scheme - Small Cap Fund
2020-03-27,125497,SBI Small Cap Fund - Direct Plan - Growth,44.2552,SBI Mutual Fund,Equity Scheme - Small Cap Fund
2020-03-30,125497,SBI Small Cap Fund - Direct Plan - Growth,43.1613,SBI Mutual Fund,Equity Scheme - Small Cap Fund
2020-03-31,125497,SBI Small Cap Fund - Direct Plan - Growth,44.2998,SBI Mutual Fund,Equity Scheme - Small Cap Fund
2020-04-01,125497,SBI Small Cap Fund - Direct Plan - Growth,43.7773,SBI Mutual Fund,Equity Scheme - Small Cap Fund
2020-04-03,125497,SBI Small Cap Fund - Direct Plan - Growth,43.6981,SBI Mutual Fund,Equity Scheme - Small Cap Fund
2020-04-07,125497,SBI Small Cap Fund - Direct Plan - Growth,45.121,SBI Mutual Fund,Equity Scheme - Small Cap Fund
2020-04-08,125497,SBI Small Cap Fund - Direct Plan - Growth,45.7678,SBI Mutual Fund,Equity Scheme - Small Cap Fund
2020-04-09,125497,SBI Small Cap Fund - Direct Plan - Growth,46.7891,SBI Mutual Fund,Equity Scheme - Small Cap Fund
2020-04-13,125497,SBI Small Cap Fund - Direct Plan - Growth,46.3737,SBI Mutual Fund,Equity Scheme - Small Cap Fund
2020-04-15,125497,SBI Small Cap Fund - Direct Plan - Growth,46.6621,SBI Mutual Fund,Equity Scheme - Small Cap Fund
2020-04-16,125497,SBI Small Cap Fund - Direct Plan - Growth,47.0044,SBI Mutual Fund,Equity Scheme - Small Cap Fund
2020-04-17,125497,SBI Small Cap Fund - Direct Plan - Growth,47.9462,SBI Mutual Fund,Equity Scheme - Small Cap Fund
2020-04-20,125497,SBI Small Cap Fund - Direct Plan - Growth,48.8951,SBI Mutual Fund,Equity Scheme - Small Cap Fund
2020-04-21,125497,SBI Small Cap Fund - Direct Plan - Growth,47.7874,SBI Mutual Fund,Equity Scheme - Small Cap Fund
2020-04-22,125497,SBI Small Cap Fund - Direct Plan - Growth,48.307,SBI Mutual Fund,Equity Scheme - Small Cap Fund
2020-04-23,125497,SBI Small Cap Fund - Direct Plan - Growth,48.6464,SBI Mutual Fund,Equity Scheme - Small Cap Fund
2020-04-24,125497,SBI Small Cap Fund - Direct Plan - Growth,47.8799,SBI Mutual Fund,Equity Scheme - Small Cap Fund
2020-04-27,125497,SBI Small Cap Fund - Direct Plan - Growth,48.0846,SBI Mutual Fund,Equity Scheme - Small Cap Fund
2020-04-28,125497,SBI Small Cap Fund - Direct Plan - Growth,48.4286,SBI Mutual Fund,Equity Scheme - Small Cap Fund
2020-04-29,125497,SBI Small Cap Fund - Direct Plan - Growth,48.915,SBI Mutual Fund,Equity Scheme - Small Cap Fund
2020-04-30,125497,SBI Small Cap Fund - Direct Plan - Growth,49.4021,SBI Mutual Fund,Equity Scheme - Small Cap Fund
2020-05-04,125497,SBI Small Cap Fund - Direct Plan - Growth,48.0018,SBI Mutual Fund,Equity Scheme - Small Cap Fund
2020-05-05,125497,SBI Small Cap Fund - Direct Plan - Growth,47.5152,SBI Mutual Fund,Equity Scheme - Small Cap Fund
2020-05-06,125497,SBI Small Cap Fund - Direct Plan - Growth,47.5508,SBI Mutual Fund,Equity Scheme - Small Cap Fund
2020-05-07,125497,SBI Small Cap Fund - Direct Plan - Growth,47.4015,SBI Mutual Fund,Equity Scheme - Small Cap Fund
2020-05-08,125497,SBI Small Cap Fund - Direct Plan - Growth,47.0197,SBI Mutual Fund,Equity Scheme - Small Cap Fund
2020-05-11,125497,SBI Small Cap Fund - Direct Plan - Growth,46.9345,SBI Mutual Fund,Equity Scheme - Small Cap Fund
2020-05-12,125497,SBI Small Cap Fund - Direct Plan - Growth,46.6427,SBI Mutual Fund,Equity Scheme - Small Cap Fund
2020-05-13,125497,SBI Small Cap Fund - Direct Plan - Growth,47.5349,SBI Mutual Fund,Equity Scheme - Small Cap Fund
2020-05-14,125497,SBI Small Cap Fund - Direct Plan - Growth,46.8328,SBI Mutual Fund,Equity Scheme - Small Cap Fund
2020-05-15,125497,SBI Small Cap Fund - Direct Plan - Growth,46.9331,SBI Mutual Fund,Equity Scheme - Small Cap Fund
2020-05-18,125497,SBI Small Cap Fund - Direct Plan - Growth,45.8781,SBI Mutual Fund,Equity Scheme - Small Cap Fund
2020-05-19,125497,SBI Small Cap Fund - Direct Plan - Growth,45.725,SBI Mutual Fund,Equity Scheme - Small Cap Fund
2020-05-20,125497,SBI Small Cap Fund - Direct Plan - Growth,46.2563,SBI Mutual Fund,Equity Scheme - Small Cap Fund
2020-05-21,125497,SBI Small Cap Fund - Direct Plan - Growth,46.5947,SBI Mutual Fund,Equity Scheme - Small Cap Fund
2020-05-22,125497,SBI Small Cap Fund - Direct Plan - Growth,46.2132,SBI Mutual Fund,Equity Scheme - Small Cap Fund
2020-05-26,125497,SBI Small Cap Fund - Direct Plan - Growth,46.4193,SBI Mutual Fund,Equity Scheme - Small Cap Fund
2020-05-27,125497,SBI Small Cap Fund - Direct Plan - Growth,46.5354,SBI Mutual Fund,Equity Scheme - Small Cap Fund
2020-05-28,125497,SBI Small Cap Fund - Direct Plan - Growth,47.1434,SBI Mutual Fund,Equity Scheme - Small Cap Fund
2020-05-29,125497,SBI Small Cap Fund - Direct Plan - Growth,47.8748,SBI Mutual Fund,Equity Scheme - Small Cap Fund
2020-06-01,125497,SBI Small Cap Fund - Direct Plan - Growth,49.3635,SBI Mutual Fund,Equity Scheme - Small Cap Fund
2020-06-02,125497,SBI Small Cap Fund - Direct Plan - Growth,50.232,SBI Mutual Fund,Equity Scheme - Small Cap Fund
2020-06-03,125497,SBI Small Cap Fund - Direct Plan - Growth,50.9722,SBI Mutual Fund,Equity Scheme - Small Cap Fund
2020-06-04,125497,SBI Small Cap Fund - Direct Plan - Growth,50.798,SBI Mutual Fund,Equity Scheme - Small Cap Fund
2020-06-05,125497,SBI Small Cap Fund - Direct Plan - Growth,51.3008,SBI Mutual Fund,Equity Scheme - Small Cap Fund
2020-06-08,125497,SBI Small Cap Fund - Direct Plan - Growth,51.7451,SBI Mutual Fund,Equity Scheme - Small Cap Fund
2020-06-09,125497,SBI Small Cap Fund - Direct Plan - Growth,51.1714,SBI Mutual Fund,Equity Scheme - Small Cap Fund
2020-06-10,125497,SBI Small Cap Fund - Direct Plan - Growth,51.4119,SBI Mutual Fund,Equity Scheme - Small Cap Fund
2020-06-11,125497,SBI Small Cap Fund - Direct Plan - Growth,50.6426,SBI Mutual Fund,Equity Scheme - Small Cap Fund
2020-06-12,125497,SBI Small Cap Fund - Direct Plan - Growth,50.8648,SBI Mutual Fund,Equity Scheme - Small Cap Fund
2020-06-15,125497,SBI Small Cap Fund - Direct Plan - Growth,51.0041,SBI Mutual Fund,Equity Scheme - Small Cap Fund
2020-06-16,125497,SBI Small Cap Fund - Direct Plan - Growth,50.7675,SBI Mutual Fund,Equity Scheme - Small Cap Fund
2020-06-17,125497,SBI Small Cap Fund - Direct Plan - Growth,50.9734,SBI Mutual Fund,Equity Scheme - Small Cap Fund
2020-06-18,125497,SBI Small Cap Fund - Direct Plan - Growth,51.5685,SBI Mutual Fund,Equity Scheme - Small Cap Fund
2020-06-19,125497,SBI Small Cap Fund - Direct Plan - Growth,52.3501,SBI Mutual Fund,Equity Scheme - Small Cap Fund
2020-06-22,125497,SBI Small Cap Fund - Direct Plan - Growth,53.2647,SBI Mutual Fund,Equity Scheme - Small Cap Fund
2020-06-23,125497,SBI Small Cap Fund - Direct Plan - Growth,53.6129,SBI Mutual Fund,Equity Scheme - Small Cap Fund
2020-06-24,125497,SBI Small Cap Fund - Direct Plan - Growth,53.2495,SBI Mutual Fund,Equity Scheme - Small Cap Fund
2020-06-25,125497,SBI Small Cap Fund - Direct Plan - Growth,53.1915,SBI Mutual Fund,Equity Scheme - Small Cap Fund
2020-06-26,125497,SBI Small Cap Fund - Direct Plan - Growth,53.4577,SBI Mutual Fund,Equity Scheme - Small Cap Fund
2020-06-29,125497,SBI Small Cap Fund - Direct Plan - Growth,52.9446,SBI Mutual Fund,Equity Scheme - Small Cap Fund
2020-06-30,125497,SBI Small Cap Fund - Direct Plan - Growth,52.8219,SBI Mutual Fund,Equity Scheme - Small Cap Fund
2020-07-01,125497,SBI Small Cap Fund - Direct Plan - Growth,53.0526,SBI Mutual Fund,Equity Scheme - Small Cap Fund
2020-07-02,125497,SBI Small Cap Fund - Direct Plan - Growth,53.4633,SBI Mutual Fund,Equity Scheme - Small Cap Fund
2020-07-03,125497,SBI Small Cap Fund - Direct Plan - Growth,53.9367,SBI Mutual Fund,Equity Scheme - Small Cap Fund
2020-07-06,125497,SBI Small Cap Fund - Direct Plan - Growth,54.7915,SBI Mutual Fund,Equity Scheme - Small Cap Fund
2020-07-07,125497,SBI Small Cap Fund - Direct Plan - Growth,54.932,SBI Mutual Fund,Equity Scheme - Small Cap Fund
2020-07-08,125497,SBI Small Cap Fund - Direct Plan - Growth,54.5073,SBI Mutual Fund,Equity Scheme - Small Cap Fund
2020-07-09,125497,SBI Small Cap Fund - Direct Plan - Growth,54.9956,SBI Mutual Fund,Equity Scheme - Small Cap Fund
2020-07-10,125497,SBI Small Cap Fund - Direct Plan - Growth,54.9376,SBI Mutual Fund,Equity Scheme - Small Cap Fund
2020-07-13,125497,SBI Small Cap Fund - Direct Plan - Growth,54.5398,SBI Mutual Fund,Equity Scheme - Small Cap Fund
2020-07-14,125497,SBI Small Cap Fund - Direct Plan - Growth,54.2574,SBI Mutual Fund,Equity Scheme - Small Cap Fund
2020-07-15,125497,SBI Small Cap Fund - Direct Plan - Growth,54.4579,SBI Mutual Fund,Equity Scheme - Small Cap Fund
2020-07-16,125497,SBI Small Cap Fund - Direct Plan - Growth,54.2633,SBI Mutual Fund,Equity Scheme - Small Cap Fund
2020-07-17,125497,SBI Small Cap Fund - Direct Plan - Growth,54.546,SBI Mutual Fund,Equity Scheme - Small Cap Fund
2020-07-20,125497,SBI Small Cap Fund - Direct Plan - Growth,54.9045,SBI Mutual Fund,Equity Scheme - Small Cap Fund
2020-07-21,125497,SBI Small Cap Fund - Direct Plan - Growth,55.4238,SBI Mutual Fund,Equity Scheme - Small Cap Fund
2020-07-22,125497,SBI Small Cap Fund - Direct Plan - Growth,55.5652,SBI Mutual Fund,Equity Scheme - Small Cap Fund
2020-07-23,125497,SBI Small Cap Fund - Direct Plan - Growth,55.9901,SBI Mutual Fund,Equity Scheme - Small Cap Fund
2020-07-24,125497,SBI Small Cap Fund - Direct Plan - Growth,56.1087,SBI Mutual Fund,Equity Scheme - Small Cap Fund
2020-07-27,125497,SBI Small Cap Fund - Direct Plan - Growth,55.5097,SBI Mutual Fund,Equity Scheme - Small Cap Fund
2020-07-28,125497,SBI Small Cap Fund - Direct Plan - Growth,55.2362,SBI Mutual Fund,Equity Scheme - Small Cap Fund
2020-07-29,125497,SBI Small Cap Fund - Direct Plan - Growth,55.1299,SBI Mutual Fund,Equity Scheme - Small Cap Fund
2020-07-30,125497,SBI Small Cap Fund - Direct Plan - Growth,55.0194,SBI Mutual Fund,Equity Scheme - Small Cap Fund
2020-07-31,125497,SBI Small Cap Fund - Direct Plan - Growth,55.3008,SBI Mutual Fund,Equity Scheme - Small Cap Fund
2020-08-03,125497,SBI Small Cap Fund - Direct Plan - Growth,56.0147,SBI Mutual Fund,Equity Scheme - Small Cap Fund
2020-08-04,125497,SBI Small Cap Fund - Direct Plan - Growth,56.5565,SBI Mutual Fund,Equity Scheme - Small Cap Fund
2020-08-05,125497,SBI Small Cap Fund - Direct Plan - Growth,57.0065,SBI Mutual Fund,Equity Scheme - Small Cap Fund
2020-08-06,125497,SBI Small Cap Fund - Direct Plan - Growth,57.6979,SBI Mutual Fund,Equity Scheme - Small Cap Fund
2020-08-07,125497,SBI Small Cap Fund - Direct Plan - Growth,57.9724,SBI Mutual Fund,Equity Scheme - Small Cap Fund
2020-08-10,125497,SBI Small Cap Fund - Direct Plan - Growth,58.7216,SBI Mutual Fund,Equity Scheme - Small Cap Fund
2020-08-11,125497,SBI Small Cap Fund - Direct Plan - Growth,58.9922,SBI Mutual Fund,Equity Scheme - Small Cap Fund
2020-08-12,125497,SBI Small Cap Fund - Direct Plan - Growth,59.2859,SBI Mutual Fund,Equity Scheme - Small Cap Fund
2020-08-13,125497,SBI Small Cap Fund - Direct Plan - Growth,60.7092,SBI Mutual Fund,Equity Scheme - Small Cap Fund
2020-08-14,125497,SBI Small Cap Fund - Direct Plan - Growth,60.8519,SBI Mutual Fund,Equity Scheme - Small Cap Fund
2020-08-17,125497,SBI Small Cap Fund - Direct Plan - Growth,61.0084,SBI Mutual Fund,Equity Scheme - Small Cap Fund
2020-08-18,125497,SBI Small Cap Fund - Direct Plan - Growth,61.5686,SBI Mutual Fund,Equity Scheme - Small Cap Fund
2020-08-19,125497,SBI Small Cap Fund - Direct Plan - Growth,61.7767,SBI Mutual Fund,Equity Scheme - Small Cap Fund
2020-08-20,125497,SBI Small Cap Fund - Direct Plan - Growth,62.3087,SBI Mutual Fund,Equity Scheme - Small Cap Fund
2020-08-21,125497,SBI Small Cap Fund - Direct Plan - Growth,63.2056,SBI Mutual Fund,Equity Scheme - Small Cap Fund
2020-08-24,125497,SBI Small Cap Fund - Direct Plan - Growth,64.2166,SBI Mutual Fund,Equity Scheme - Small Cap Fund
2020-08-25,125497,SBI Small Cap Fund - Direct Plan - Growth,64.2012,SBI Mutual Fund,Equity Scheme - Small Cap Fund
2020-08-26,125497,SBI Small Cap Fund - Direct Plan - Growth,64.6439,SBI Mutual Fund,Equity Scheme - Small Cap Fund
2020-08-27,125497,SBI Small Cap Fund - Direct Plan - Growth,65.0304,SBI Mutual Fund,Equity Scheme - Small Cap Fund
2020-08-28,125497,SBI Small Cap Fund - Direct Plan - Growth,65.0345,SBI Mutual Fund,Equity Scheme - Small Cap Fund
2020-08-31,125497,SBI Small Cap Fund - Direct Plan - Growth,62.3588,SBI Mutual Fund,Equity Scheme - Small Cap Fund
2020-09-01,125497,SBI Small Cap Fund - Direct Plan - Growth,62.3265,SBI Mutual Fund,Equity Scheme - Small Cap Fund
2020-09-02,125497,SBI Small Cap Fund - Direct Plan - Growth,63.5433,SBI Mutual Fund,Equity Scheme - Small Cap Fund
2020-09-03,125497,SBI Small Cap Fund - Direct Plan - Growth,63.6277,SBI Mutual Fund,Equity Scheme - Small Cap Fund
2020-09-04,125497,SBI Small Cap Fund - Direct Plan - Growth,63.0449,SBI Mutual Fund,Equity Scheme - Small Cap Fund
2020-09-07,125497,SBI Small Cap Fund - Direct Plan - Growth,63.1455,SBI Mutual Fund,Equity Scheme - Small Cap Fund
2020-09-08,125497,SBI Small Cap Fund - Direct Plan - Growth,62.6925,SBI Mutual Fund,Equity Scheme - Small Cap Fund
2020-09-09,125497,SBI Small Cap Fund - Direct Plan - Growth,61.9976,SBI Mutual Fund,Equity Scheme - Small Cap Fund
2020-09-10,125497,SBI Small Cap Fund - Direct Plan - Growth,62.9838,SBI Mutual Fund,Equity Scheme - Small Cap Fund
2020-09-11,125497,SBI Small Cap Fund - Direct Plan - Growth,62.9364,SBI Mutual Fund,Equity Scheme - Small Cap Fund
2020-09-14,125497,SBI Small Cap Fund - Direct Plan - Growth,65.8331,SBI Mutual Fund,Equity Scheme - Small Cap Fund
2020-09-15,125497,SBI Small Cap Fund - Direct Plan - Growth,66.5188,SBI Mutual Fund,Equity Scheme - Small Cap Fund
2020-09-16,125497,SBI Small Cap Fund - Direct Plan - Growth,66.7009,SBI Mutual Fund,Equity Scheme - Small Cap Fund
2020-09-17,125497,SBI Small Cap Fund - Direct Plan - Growth,66.2742,SBI Mutual Fund,Equity Scheme - Small Cap Fund
2020-09-18,125497,SBI Small Cap Fund - Direct Plan - Growth,65.7147,SBI Mutual Fund,Equity Scheme - Small Cap Fund
2020-09-21,125497,SBI Small Cap Fund - Direct Plan - Growth,63.9585,SBI Mutual Fund,Equity Scheme - Small Cap Fund
2020-09-22,125497,SBI Small Cap Fund - Direct Plan - Growth,62.8153,SBI Mutual Fund,Equity Scheme - Small Cap Fund
2020-09-23,125497,SBI Small Cap Fund - Direct Plan - Growth,62.7063,SBI Mutual Fund,Equity Scheme - Small Cap Fund
2020-09-24,125497,SBI Small Cap Fund - Direct Plan - Growth,61.6467,SBI Mutual Fund,Equity Scheme - Small Cap Fund
2020-09-25,125497,SBI Small Cap Fund - Direct Plan - Growth,62.4845,SBI Mutual Fund,Equity Scheme - Small Cap Fund
2020-09-28,125497,SBI Small Cap Fund - Direct Plan - Growth,63.5663,SBI Mutual Fund,Equity Scheme - Small Cap Fund
2020-09-29,125497,SBI Small Cap Fund - Direct Plan - Growth,63.6305,SBI Mutual Fund,Equity Scheme - Small Cap Fund
2020-09-30,125497,SBI Small Cap Fund - Direct Plan - Growth,63.8023,SBI Mutual Fund,Equity Scheme - Small Cap Fund
2020-10-01,125497,SBI Small Cap Fund - Direct Plan - Growth,64.1093,SBI Mutual Fund,Equity Scheme - Small Cap Fund
2020-10-05,125497,SBI Small Cap Fund - Direct Plan - Growth,64.3535,SBI Mutual Fund,Equity Scheme - Small Cap Fund
2020-10-06,125497,SBI Small Cap Fund - Direct Plan - Growth,64.2617,SBI Mutual Fund,Equity Scheme - Small Cap Fund
2020-10-07,125497,SBI Small Cap Fund - Direct Plan - Growth,64.1025,SBI Mutual Fund,Equity Scheme - Small Cap Fund
2020-10-08,125497,SBI Small Cap Fund - Direct Plan - Growth,63.4817,SBI Mutual Fund,Equity Scheme - Small Cap Fund
2020-10-09,125497,SBI Small Cap Fund - Direct Plan - Growth,63.2906,SBI Mutual Fund,Equity Scheme - Small Cap Fund
2020-10-12,125497,SBI Small Cap Fund - Direct Plan - Growth,62.7597,SBI Mutual Fund,Equity Scheme - Small Cap Fund
2020-10-13,125497,SBI Small Cap Fund - Direct Plan - Growth,62.8658,SBI Mutual Fund,Equity Scheme - Small Cap Fund
2020-10-14,125497,SBI Small Cap Fund - Direct Plan - Growth,63.4637,SBI Mutual Fund,Equity Scheme - Small Cap Fund
2020-10-15,125497,SBI Small Cap Fund - Direct Plan - Growth,62.5586,SBI Mutual Fund,Equity Scheme - Small Cap Fund
2020-10-16,125497,SBI Small Cap Fund - Direct Plan - Growth,63.2883,SBI Mutual Fund,Equity Scheme - Small Cap Fund
2020-10-19,125497,SBI Small Cap Fund - Direct Plan - Growth,63.7933,SBI Mutual Fund,Equity Scheme - Small Cap Fund
2020-10-20,125497,SBI Small Cap Fund - Direct Plan - Growth,63.7148,SBI Mutual Fund,Equity Scheme - Small Cap Fund
2020-10-21,125497,SBI Small Cap Fund - Direct Plan - Growth,63.7626,SBI Mutual Fund,Equity Scheme - Small Cap Fund
2020-10-22,125497,SBI Small Cap Fund - Direct Plan - Growth,63.9264,SBI Mutual Fund,Equity Scheme - Small Cap Fund
2020-10-23,125497,SBI Small Cap Fund - Direct Plan - Growth,64.4167,SBI Mutual Fund,Equity Scheme - Small Cap Fund
2020-10-26,125497,SBI Small Cap Fund - Direct Plan - Growth,64.1467,SBI Mutual Fund,Equity Scheme - Small Cap Fund
2020-10-27,125497,SBI Small Cap Fund - Direct Plan - Growth,64.2905,SBI Mutual Fund,Equity Scheme - Small Cap Fund
2020-10-28,125497,SBI Small Cap Fund - Direct Plan - Growth,64.1264,SBI Mutual Fund,Equity Scheme - Small Cap Fund
2020-10-29,125497,SBI Small Cap Fund - Direct Plan - Growth,63.8738,SBI Mutual Fund,Equity Scheme - Small Cap Fund
2020-10-30,125497,SBI Small Cap Fund - Direct Plan - Growth,64.0422,SBI Mutual Fund,Equity Scheme - Small Cap Fund
2020-11-02,125497,SBI Small Cap Fund - Direct Plan - Growth,63.9582,SBI Mutual Fund,Equity Scheme - Small Cap Fund
2020-11-03,125497,SBI Small Cap Fund - Direct Plan - Growth,64.2757,SBI Mutual Fund,Equity Scheme - Small Cap Fund
2020-11-04,125497,SBI Small Cap Fund - Direct Plan - Growth,64.6703,SBI Mutual Fund,Equity Scheme - Small Cap Fund
2020-11-05,125497,SBI Small Cap Fund - Direct Plan - Growth,65.3632,SBI Mutual Fund,Equity Scheme - Small Cap Fund
2020-11-06,125497,SBI Small Cap Fund - Direct Plan - Growth,65.761,SBI Mutual Fund,Equity Scheme - Small Cap Fund
2020-11-09,125497,SBI Small Cap Fund - Direct Plan - Growth,66.5707,SBI Mutual Fund,Equity Scheme - Small Cap Fund
2020-11-10,125497,SBI Small Cap Fund - Direct Plan - Growth,66.4961,SBI Mutual Fund,Equity Scheme - Small Cap Fund
2020-11-11,125497,SBI Small Cap Fund - Direct Plan - Growth,66.6685,SBI Mutual Fund,Equity Scheme - Small Cap Fund
2020-11-12,125497,SBI Small Cap Fund - Direct Plan - Growth,67.0874,SBI Mutual Fund,Equity Scheme - Small Cap Fund
2020-11-13,125497,SBI Small Cap Fund - Direct Plan - Growth,67.8975,SBI Mutual Fund,Equity Scheme - Small Cap Fund
2020-11-17,125497,SBI Small Cap Fund - Direct Plan - Growth,69.2585,SBI Mutual Fund,Equity Scheme - Small Cap Fund
2020-11-18,125497,SBI Small Cap Fund - Direct Plan - Growth,70.0787,SBI Mutual Fund,Equity Scheme - Small Cap Fund
2020-11-19,125497,SBI Small Cap Fund - Direct Plan - Growth,70.3257,SBI Mutual Fund,Equity Scheme - Small Cap Fund
2020-11-20,125497,SBI Small Cap Fund - Direct Plan - Growth,70.6897,SBI Mutual Fund,Equity Scheme - Small Cap Fund
2020-11-23,125497,SBI Small Cap Fund - Direct Plan - Growth,71.3108,SBI Mutual Fund,Equity Scheme - Small Cap Fund
2020-11-24,125497,SBI Small Cap Fund - Direct Plan - Growth,72.0394,SBI Mutual Fund,Equity Scheme - Small Cap Fund
2020-11-25,125497,SBI Small Cap Fund - Direct Plan - Growth,71.2859,SBI Mutual Fund,Equity Scheme - Small Cap Fund
2020-11-26,125497,SBI Small Cap Fund - Direct Plan - Growth,71.4394,SBI Mutual Fund,Equity Scheme - Small Cap Fund
2020-11-27,125497,SBI Small Cap Fund - Direct Plan - Growth,73.1105,SBI Mutual Fund,Equity Scheme - Small Cap Fund
2020-12-01,125497,SBI Small Cap Fund - Direct Plan - Growth,73.9151,SBI Mutual Fund,Equity Scheme - Small Cap Fund
2020-12-02,125497,SBI Small Cap Fund - Direct Plan - Growth,74.0961,SBI Mutual Fund,Equity Scheme - Small Cap Fund
2020-12-03,125497,SBI Small Cap Fund - Direct Plan - Growth,74.5188,SBI Mutual Fund,Equity Scheme - Small Cap Fund
2020-12-04,125497,SBI Small Cap Fund - Direct Plan - Growth,75.2531,SBI Mutual Fund,Equity Scheme - Small Cap Fund
2020-12-07,125497,SBI Small Cap Fund - Direct Plan - Growth,76.2757,SBI Mutual Fund,Equity Scheme - Small Cap Fund
2020-12-08,125497,SBI Small Cap Fund - Direct Plan - Growth,76.0347,SBI Mutual Fund,Equity Scheme - Small Cap Fund
2020-12-09,125497,SBI Small Cap Fund - Direct Plan - Growth,76.3633,SBI Mutual Fund,Equity Scheme - Small Cap Fund
2020-12-10,125497,SBI Small Cap Fund - Direct Plan - Growth,76.0258,SBI Mutual Fund,Equity Scheme - Small Cap Fund
2020-12-11,125497,SBI Small Cap Fund - Direct Plan - Growth,76.1897,SBI Mutual Fund,Equity Scheme - Small Cap Fund
2020-12-14,125497,SBI Small Cap Fund - Direct Plan - Growth,76.7302,SBI Mutual Fund,Equity Scheme - Small Cap Fund
2020-12-15,125497,SBI Small Cap Fund - Direct Plan - Growth,76.8527,SBI Mutual Fund,Equity Scheme - Small Cap Fund
2020-12-16,125497,SBI Small Cap Fund - Direct Plan - Growth,77.1352,SBI Mutual Fund,Equity Scheme - Small Cap Fund
2020-12-17,125497,SBI Small Cap Fund - Direct Plan - Growth,76.9464,SBI Mutual Fund,Equity Scheme - Small Cap Fund
2020-12-18,125497,SBI Small Cap Fund - Direct Plan - Growth,76.6351,SBI Mutual Fund,Equity Scheme - Small Cap Fund
2020-12-21,125497,SBI Small Cap Fund - Direct Plan - Growth,74.3431,SBI Mutual Fund,Equity Scheme - Small Cap Fund
2020-12-22,125497,SBI Small Cap Fund - Direct Plan - Growth,74.4438,SBI Mutual Fund,Equity Scheme - Small Cap Fund
2020-12-23,125497,SBI Small Cap Fund - Direct Plan - Growth,75.995,SBI Mutual Fund,Equity Scheme - Small Cap Fund
2020-12-24,125497,SBI Small Cap Fund - Direct Plan - Growth,76.2652,SBI Mutual Fund,Equity Scheme - Small Cap Fund
2020-12-28,125497,SBI Small Cap Fund - Direct Plan - Growth,77.201,SBI Mutual Fund,Equity Scheme - Small Cap Fund
2020-12-29,125497,SBI Small Cap Fund - Direct Plan - Growth,77.9378,SBI Mutual Fund,Equity Scheme - Small Cap Fund
2020-12-30,125497,SBI Small Cap Fund - Direct Plan - Growth,78.1608,SBI Mutual Fund,Equity Scheme - Small Cap Fund
2020-12-31,125497,SBI Small Cap Fund - Direct Plan - Growth,78.1396,SBI Mutual Fund,Equity Scheme - Small Cap Fund
2021-01-01,125497,SBI Small Cap Fund - Direct Plan - Growth,78.961,SBI Mutual Fund,Equity Scheme - Small Cap Fund
2021-01-04,125497,SBI Small Cap Fund - Direct Plan - Growth,79.9178,SBI Mutual Fund,Equity Scheme - Small Cap Fund
2021-01-05,125497,SBI Small Cap Fund - Direct Plan - Growth,80.6897,SBI Mutual Fund,Equity Scheme - Small Cap Fund
2021-01-06,125497,SBI Small Cap Fund - Direct Plan - Growth,80.8795,SBI Mutual Fund,Equity Scheme - Small Cap Fund
2021-01-07,125497,SBI Small Cap Fund - Direct Plan - Growth,81.8689,SBI Mutual Fund,Equity Scheme - Small Cap Fund
2021-01-08,125497,SBI Small Cap Fund - Direct Plan - Growth,82.4047,SBI Mutual Fund,Equity Scheme - Small Cap Fund
2021-01-11,125497,SBI Small Cap Fund - Direct Plan - Growth,82.0949,SBI Mutual Fund,Equity Scheme - Small Cap Fund
2021-01-12,125497,SBI Small Cap Fund - Direct Plan - Growth,81.9853,SBI Mutual Fund,Equity Scheme - Small Cap Fund
2021-01-13,125497,SBI Small Cap Fund - Direct Plan - Growth,81.6065,SBI Mutual Fund,Equity Scheme - Small Cap Fund
2021-01-14,125497,SBI Small Cap Fund - Direct Plan - Growth,81.0944,SBI Mutual Fund,Equity Scheme - Small Cap Fund
2021-01-15,125497,SBI Small Cap Fund - Direct Plan - Growth,80.5302,SBI Mutual Fund,Equity Scheme - Small Cap Fund
2021-01-18,125497,SBI Small Cap Fund - Direct Plan - Growth,79.4401,SBI Mutual Fund,Equity Scheme - Small Cap Fund
2021-01-19,125497,SBI Small Cap Fund - Direct Plan - Growth,80.6173,SBI Mutual Fund,Equity Scheme - Small Cap Fund
2021-01-20,125497,SBI Small Cap Fund - Direct Plan - Growth,80.6259,SBI Mutual Fund,Equity Scheme - Small Cap Fund
2021-01-21,125497,SBI Small Cap Fund - Direct Plan - Growth,80.5094,SBI Mutual Fund,Equity Scheme - Small Cap Fund
2021-01-22,125497,SBI Small Cap Fund - Direct Plan - Growth,79.6084,SBI Mutual Fund,Equity Scheme - Small Cap Fund
2021-01-25,125497,SBI Small Cap Fund - Direct Plan - Growth,78.9867,SBI Mutual Fund,Equity Scheme - Small Cap Fund
2021-01-27,125497,SBI Small Cap Fund - Direct Plan - Growth,78.2494,SBI Mutual Fund,Equity Scheme - Small Cap Fund
2021-01-28,125497,SBI Small Cap Fund - Direct Plan - Growth,77.7009,SBI Mutual Fund,Equity Scheme - Small Cap Fund
2021-01-29,125497,SBI Small Cap Fund - Direct Plan - Growth,77.8537,SBI Mutual Fund,Equity Scheme - Small Cap Fund
2021-02-01,125497,SBI Small Cap Fund - Direct Plan - Growth,79.4344,SBI Mutual Fund,Equity Scheme - Small Cap Fund
2021-02-02,125497,SBI Small Cap Fund - Direct Plan - Growth,80.6225,SBI Mutual Fund,Equity Scheme - Small Cap Fund
2021-02-03,125497,SBI Small Cap Fund - Direct Plan - Growth,81.6538,SBI Mutual Fund,Equity Scheme - Small Cap Fund
2021-02-04,125497,SBI Small Cap Fund - Direct Plan - Growth,82.4453,SBI Mutual Fund,Equity Scheme - Small Cap Fund
2021-02-05,125497,SBI Small Cap Fund - Direct Plan - Growth,82.6153,SBI Mutual Fund,Equity Scheme - Small Cap Fund
2021-02-08,125497,SBI Small Cap Fund - Direct Plan - Growth,83.4924,SBI Mutual Fund,Equity Scheme - Small Cap Fund
2021-02-09,125497,SBI Small Cap Fund - Direct Plan - Growth,83.1303,SBI Mutual Fund,Equity Scheme - Small Cap Fund
2021-02-10,125497,SBI Small Cap Fund - Direct Plan - Growth,83.3864,SBI Mutual Fund,Equity Scheme - Small Cap Fund
2021-02-11,125497,SBI Small Cap Fund - Direct Plan - Growth,84.1694,SBI Mutual Fund,Equity Scheme - Small Cap Fund
2021-02-12,125497,SBI Small Cap Fund - Direct Plan - Growth,84.5864,SBI Mutual Fund,Equity Scheme - Small Cap Fund
2021-02-15,125497,SBI Small Cap Fund - Direct Plan - Growth,85.0276,SBI Mutual Fund,Equity Scheme - Small Cap Fund
2021-02-16,125497,SBI Small Cap Fund - Direct Plan - Growth,84.5871,SBI Mutual Fund,Equity Scheme - Small Cap Fund
2021-02-17,125497,SBI Small Cap Fund - Direct Plan - Growth,84.8193,SBI Mutual Fund,Equity Scheme - Small Cap Fund
2021-02-18,125497,SBI Small Cap Fund - Direct Plan - Growth,85.5317,SBI Mutual Fund,Equity Scheme - Small Cap Fund
2021-02-19,125497,SBI Small Cap Fund - Direct Plan - Growth,84.9273,SBI Mutual Fund,Equity Scheme - Small Cap Fund
2021-02-22,125497,SBI Small Cap Fund - Direct Plan - Growth,83.6608,SBI Mutual Fund,Equity Scheme - Small Cap Fund
2021-02-23,125497,SBI Small Cap Fund - Direct Plan - Growth,84.0135,SBI Mutual Fund,Equity Scheme - Small Cap Fund
2021-02-24,125497,SBI Small Cap Fund - Direct Plan - Growth,84.7936,SBI Mutual Fund,Equity Scheme - Small Cap Fund
2021-02-25,125497,SBI Small Cap Fund - Direct Plan - Growth,86.3588,SBI Mutual Fund,Equity Scheme - Small Cap Fund
2021-02-26,125497,SBI Small Cap Fund - Direct Plan - Growth,85.7878,SBI Mutual Fund,Equity Scheme - Small Cap Fund
2021-03-01,125497,SBI Small Cap Fund - Direct Plan - Growth,86.8947,SBI Mutual Fund,Equity Scheme - Small Cap Fund
2021-03-02,125497,SBI Small Cap Fund - Direct Plan - Growth,87.7662,SBI Mutual Fund,Equity Scheme - Small Cap Fund
2021-03-03,125497,SBI Small Cap Fund - Direct Plan - Growth,88.4923,SBI Mutual Fund,Equity Scheme - Small Cap Fund
2021-03-04,125497,SBI Small Cap Fund - Direct Plan - Growth,88.9623,SBI Mutual Fund,Equity Scheme - Small Cap Fund
2021-03-05,125497,SBI Small Cap Fund - Direct Plan - Growth,88.2252,SBI Mutual Fund,Equity Scheme - Small Cap Fund
2021-03-08,125497,SBI Small Cap Fund - Direct Plan - Growth,88.5876,SBI Mutual Fund,Equity Scheme - Small Cap Fund
2021-03-09,125497,SBI Small Cap Fund - Direct Plan - Growth,88.3161,SBI Mutual Fund,Equity Scheme - Small Cap Fund
2021-03-10,125497,SBI Small Cap Fund - Direct Plan - Growth,88.6966,SBI Mutual Fund,Equity Scheme - Small Cap Fund
2021-03-12,125497,SBI Small Cap Fund - Direct Plan - Growth,88.9315,SBI Mutual Fund,Equity Scheme - Small Cap Fund
2021-03-15,125497,SBI Small Cap Fund - Direct Plan - Growth,88.5963,SBI Mutual Fund,Equity Scheme - Small Cap Fund
2021-03-16,125497,SBI Small Cap Fund - Direct Plan - Growth,88.5682,SBI Mutual Fund,Equity Scheme - Small Cap Fund
2021-03-17,125497,SBI Small Cap Fund - Direct Plan - Growth,87.2732,SBI Mutual Fund,Equity Scheme - Small Cap Fund
2021-03-18,125497,SBI Small Cap Fund - Direct Plan - Growth,86.0465,SBI Mutual Fund,Equity Scheme - Small Cap Fund
2021-03-19,125497,SBI Small Cap Fund - Direct Plan - Growth,85.7498,SBI Mutual Fund,Equity Scheme - Small Cap Fund
2021-03-22,125497,SBI Small Cap Fund - Direct Plan - Growth,86.4156,SBI Mutual Fund,Equity Scheme - Small Cap Fund
2021-03-23,125497,SBI Small Cap Fund - Direct Plan - Growth,87.5212,SBI Mutual Fund,Equity Scheme - Small Cap Fund
2021-03-24,125497,SBI Small Cap Fund - Direct Plan - Growth,86.1717,SBI Mutual Fund,Equity Scheme - Small Cap Fund
2021-03-25,125497,SBI Small Cap Fund - Direct Plan - Growth,84.6698,SBI Mutual Fund,Equity Scheme - Small Cap Fund
2021-03-26,125497,SBI Small Cap Fund - Direct Plan - Growth,85.5087,SBI Mutual Fund,Equity Scheme - Small Cap Fund
2021-03-30,125497,SBI Small Cap Fund - Direct Plan - Growth,86.6977,SBI Mutual Fund,Equity Scheme - Small Cap Fund
2021-03-31,125497,SBI Small Cap Fund - Direct Plan - Growth,87.4737,SBI Mutual Fund,Equity Scheme - Small Cap Fund
2021-04-01,125497,SBI Small Cap Fund - Direct Plan - Growth,88.4903,SBI Mutual Fund,Equity Scheme - Small Cap Fund
2021-04-05,125497,SBI Small Cap Fund - Direct Plan - Growth,87.5976,SBI Mutual Fund,Equity Scheme - Small Cap Fund
2021-04-06,125497,SBI Small Cap Fund - Direct Plan - Growth,88.3419,SBI Mutual Fund,Equity Scheme - Small Cap Fund
2021-04-07,125497,SBI Small Cap Fund - Direct Plan - Growth,88.9063,SBI Mutual Fund,Equity Scheme - Small Cap Fund
2021-04-08,125497,SBI Small Cap Fund - Direct Plan - Growth,89.9964,SBI Mutual Fund,Equity Scheme - Small Cap Fund
2021-04-09,125497,SBI Small Cap Fund - Direct Plan - Growth,90.0091,SBI Mutual Fund,Equity Scheme - Small Cap Fund
2021-04-12,125497,SBI Small Cap Fund - Direct Plan - Growth,86.272,SBI Mutual Fund,Equity Scheme - Small Cap Fund
2021-04-13,125497,SBI Small Cap Fund - Direct Plan - Growth,86.9516,SBI Mutual Fund,Equity Scheme - Small Cap Fund
2021-04-15,125497,SBI Small Cap Fund - Direct Plan - Growth,87.1259,SBI Mutual Fund,Equity Scheme - Small Cap Fund
2021-04-16,125497,SBI Small Cap Fund - Direct Plan - Growth,87.3888,SBI Mutual Fund,Equity Scheme - Small Cap Fund
2021-04-19,125497,SBI Small Cap Fund - Direct Plan - Growth,86.7783,SBI Mutual Fund,Equity Scheme - Small Cap Fund
2021-04-20,125497,SBI Small Cap Fund - Direct Plan - Growth,87.1948,SBI Mutual Fund,Equity Scheme - Small Cap Fund
2021-04-22,125497,SBI Small Cap Fund - Direct Plan - Growth,87.767,SBI Mutual Fund,Equity Scheme - Small Cap Fund
2021-04-23,125497,SBI Small Cap Fund - Direct Plan - Growth,87.9149,SBI Mutual Fund,Equity Scheme - Small Cap Fund
2021-04-26,125497,SBI Small Cap Fund - Direct Plan - Growth,88.5558,SBI Mutual Fund,Equity Scheme - Small Cap Fund
2021-04-27,125497,SBI Small Cap Fund - Direct Plan - Growth,89.5712,SBI Mutual Fund,Equity Scheme - Small Cap Fund
2021-04-28,125497,SBI Small Cap Fund - Direct Plan - Growth,90.332,SBI Mutual Fund,Equity Scheme - Small Cap Fund
2021-04-29,125497,SBI Small Cap Fund - Direct Plan - Growth,90.6173,SBI Mutual Fund,Equity Scheme - Small Cap Fund
2021-04-30,125497,SBI Small Cap Fund - Direct Plan - Growth,90.4752,SBI Mutual Fund,Equity Scheme - Small Cap Fund
2021-05-03,125497,SBI Small Cap Fund - Direct Plan - Growth,91.3828,SBI Mutual Fund,Equity Scheme - Small Cap Fund
2021-05-04,125497,SBI Small Cap Fund - Direct Plan - Growth,91.3626,SBI Mutual Fund,Equity Scheme - Small Cap Fund
2021-05-05,125497,SBI Small Cap Fund - Direct Plan - Growth,92.0577,SBI Mutual Fund,Equity Scheme - Small Cap Fund
2021-05-06,125497,SBI Small Cap Fund - Direct Plan - Growth,92.1186,SBI Mutual Fund,Equity Scheme - Small Cap Fund
2021-05-07,125497,SBI Small Cap Fund - Direct Plan - Growth,92.2135,SBI Mutual Fund,Equity Scheme - Small Cap Fund
2021-05-10,125497,SBI Small Cap Fund - Direct Plan - Growth,92.846,SBI Mutual Fund,Equity Scheme - Small Cap Fund
2021-05-11,125497,SBI Small Cap Fund - Direct Plan - Growth,93.5737,SBI Mutual Fund,Equity Scheme - Small Cap Fund
2021-05-12,125497,SBI Small Cap Fund - Direct Plan - Growth,92.9124,SBI Mutual Fund,Equity Scheme - Small Cap Fund
2021-05-14,125497,SBI Small Cap Fund - Direct Plan - Growth,92.2765,SBI Mutual Fund,Equity Scheme - Small Cap Fund
2021-05-17,125497,SBI Small Cap Fund - Direct Plan - Growth,92.9585,SBI Mutual Fund,Equity Scheme - Small Cap Fund
2021-05-18,125497,SBI Small Cap Fund - Direct Plan - Growth,93.9225,SBI Mutual Fund,Equity Scheme - Small Cap Fund
2021-05-19,125497,SBI Small Cap Fund - Direct Plan - Growth,94.7558,SBI Mutual Fund,Equity Scheme - Small Cap Fund
2021-05-20,125497,SBI Small Cap Fund - Direct Plan - Growth,95.0316,SBI Mutual Fund,Equity Scheme - Small Cap Fund
2021-05-21,125497,SBI Small Cap Fund - Direct Plan - Growth,95.3914,SBI Mutual Fund,Equity Scheme - Small Cap Fund
2021-05-24,125497,SBI Small Cap Fund - Direct Plan - Growth,96.0305,SBI Mutual Fund,Equity Scheme - Small Cap Fund
2021-05-25,125497,SBI Small Cap Fund - Direct Plan - Growth,96.8992,SBI Mutual Fund,Equity Scheme - Small Cap Fund
2021-05-26,125497,SBI Small Cap Fund - Direct Plan - Growth,97.3437,SBI Mutual Fund,Equity Scheme - Small Cap Fund
2021-05-27,125497,SBI Small Cap Fund - Direct Plan - Growth,97.9063,SBI Mutual Fund,Equity Scheme - Small Cap Fund
2021-05-28,125497,SBI Small Cap Fund - Direct Plan - Growth,97.2483,SBI Mutual Fund,Equity Scheme - Small Cap Fund
2021-05-31,125497,SBI Small Cap Fund - Direct Plan - Growth,97.38,SBI Mutual Fund,Equity Scheme - Small Cap Fund
2021-06-01,125497,SBI Small Cap Fund - Direct Plan - Growth,97.2044,SBI Mutual Fund,Equity Scheme - Small Cap Fund
2021-06-02,125497,SBI Small Cap Fund - Direct Plan - Growth,98.0796,SBI Mutual Fund,Equity Scheme - Small Cap Fund
2021-06-03,125497,SBI Small Cap Fund - Direct Plan - Growth,98.125,SBI Mutual Fund,Equity Scheme - Small Cap Fund
2021-06-04,125497,SBI Small Cap Fund - Direct Plan - Growth,98.8539,SBI Mutual Fund,Equity Scheme - Small Cap Fund
2021-06-07,125497,SBI Small Cap Fund - Direct Plan - Growth,99.9491,SBI Mutual Fund,Equity Scheme - Small Cap Fund
2021-06-08,125497,SBI Small Cap Fund - Direct Plan - Growth,100.1122,SBI Mutual Fund,Equity Scheme - Small Cap Fund
2021-06-09,125497,SBI Small Cap Fund - Direct Plan - Growth,99.0036,SBI Mutual Fund,Equity Scheme - Small Cap Fund
2021-06-10,125497,SBI Small Cap Fund - Direct Plan - Growth,99.9654,SBI Mutual Fund,Equity Scheme - Small Cap Fund
2021-06-11,125497,SBI Small Cap Fund - Direct Plan - Growth,99.8345,SBI Mutual Fund,Equity Scheme - Small Cap Fund
2021-06-14,125497,SBI Small Cap Fund - Direct Plan - Growth,99.2339,SBI Mutual Fund,Equity Scheme - Small Cap Fund
2021-06-15,125497,SBI Small Cap Fund - Direct Plan - Growth,99.6014,SBI Mutual Fund,Equity Scheme - Small Cap Fund
2021-06-16,125497,SBI Small Cap Fund - Direct Plan - Growth,99.1338,SBI Mutual Fund,Equity Scheme - Small Cap Fund
2021-06-17,125497,SBI Small Cap Fund - Direct Plan - Growth,98.6026,SBI Mutual Fund,Equity Scheme - Small Cap Fund
2021-06-18,125497,SBI Small Cap Fund - Direct Plan - Growth,98.4344,SBI Mutual Fund,Equity Scheme - Small Cap Fund
2021-06-21,125497,SBI Small Cap Fund - Direct Plan - Growth,98.8195,SBI Mutual Fund,Equity Scheme - Small Cap Fund
2021-06-22,125497,SBI Small Cap Fund - Direct Plan - Growth,99.366,SBI Mutual Fund,Equity Scheme - Small Cap Fund
2021-06-23,125497,SBI Small Cap Fund - Direct Plan - Growth,99.71,SBI Mutual Fund,Equity Scheme - Small Cap Fund
2021-06-24,125497,SBI Small Cap Fund - Direct Plan - Growth,99.7729,SBI Mutual Fund,Equity Scheme - Small Cap Fund
2021-06-25,125497,SBI Small Cap Fund - Direct Plan - Growth,100.1155,SBI Mutual Fund,Equity Scheme - Small Cap Fund
2021-06-28,125497,SBI Small Cap Fund - Direct Plan - Growth,100.7862,SBI Mutual Fund,Equity Scheme - Small Cap Fund
2021-06-29,125497,SBI Small Cap Fund - Direct Plan - Growth,100.5042,SBI Mutual Fund,Equity Scheme - Small Cap Fund
2021-06-30,125497,SBI Small Cap Fund - Direct Plan - Growth,100.9756,SBI Mutual Fund,Equity Scheme - Small Cap Fund
2021-07-01,125497,SBI Small Cap Fund - Direct Plan - Growth,101.142,SBI Mutual Fund,Equity Scheme - Small Cap Fund
2021-07-02,125497,SBI Small Cap Fund - Direct Plan - Growth,101.8067,SBI Mutual Fund,Equity Scheme - Small Cap Fund
2021-07-05,125497,SBI Small Cap Fund - Direct Plan - Growth,102.4792,SBI Mutual Fund,Equity Scheme - Small Cap Fund
2021-07-06,125497,SBI Small Cap Fund - Direct Plan - Growth,102.8988,SBI Mutual Fund,Equity Scheme - Small Cap Fund
2021-07-07,125497,SBI Small Cap Fund - Direct Plan - Growth,103.5981,SBI Mutual Fund,Equity Scheme - Small Cap Fund
2021-07-08,125497,SBI Small Cap Fund - Direct Plan - Growth,103.0963,SBI Mutual Fund,Equity Scheme - Small Cap Fund
2021-07-09,125497,SBI Small Cap Fund - Direct Plan - Growth,103.1664,SBI Mutual Fund,Equity Scheme - Small Cap Fund
2021-07-12,125497,SBI Small Cap Fund - Direct Plan - Growth,104.1041,SBI Mutual Fund,Equity Scheme - Small Cap Fund
2021-07-13,125497,SBI Small Cap Fund - Direct Plan - Growth,104.6746,SBI Mutual Fund,Equity Scheme - Small Cap Fund
2021-07-14,125497,SBI Small Cap Fund - Direct Plan - Growth,105.2564,SBI Mutual Fund,Equity Scheme - Small Cap Fund
2021-07-15,125497,SBI Small Cap Fund - Direct Plan - Growth,105.0695,SBI Mutual Fund,Equity Scheme - Small Cap Fund
2021-07-16,125497,SBI Small Cap Fund - Direct Plan - Growth,104.9914,SBI Mutual Fund,Equity Scheme - Small Cap Fund
2021-07-19,125497,SBI Small Cap Fund - Direct Plan - Growth,104.8046,SBI Mutual Fund,Equity Scheme - Small Cap Fund
2021-07-20,125497,SBI Small Cap Fund - Direct Plan - Growth,103.3603,SBI Mutual Fund,Equity Scheme - Small Cap Fund
2021-07-22,125497,SBI Small Cap Fund - Direct Plan - Growth,104.1531,SBI Mutual Fund,Equity Scheme - Small Cap Fund
2021-07-23,125497,SBI Small Cap Fund - Direct Plan - Growth,104.3972,SBI Mutual Fund,Equity Scheme - Small Cap Fund
2021-07-26,125497,SBI Small Cap Fund - Direct Plan - Growth,104.4083,SBI Mutual Fund,Equity Scheme - Small Cap Fund
2021-07-27,125497,SBI Small Cap Fund - Direct Plan - Growth,103.8914,SBI Mutual Fund,Equity Scheme - Small Cap Fund
2021-07-28,125497,SBI Small Cap Fund - Direct Plan - Growth,103.617,SBI Mutual Fund,Equity Scheme - Small Cap Fund
2021-07-29,125497,SBI Small Cap Fund - Direct Plan - Growth,104.8903,SBI Mutual Fund,Equity Scheme - Small Cap Fund
2021-07-30,125497,SBI Small Cap Fund - Direct Plan - Growth,105.3714,SBI Mutual Fund,Equity Scheme - Small Cap Fund
2021-08-02,125497,SBI Small Cap Fund - Direct Plan - Growth,106.1017,SBI Mutual Fund,Equity Scheme - Small Cap Fund
2021-08-03,125497,SBI Small Cap Fund - Direct Plan - Growth,106.3929,SBI Mutual Fund,Equity Scheme - Small Cap Fund
2021-08-04,125497,SBI Small Cap Fund - Direct Plan - Growth,105.4579,SBI Mutual Fund,Equity Scheme - Small Cap Fund
2021-08-05,125497,SBI Small Cap Fund - Direct Plan - Growth,104.998,SBI Mutual Fund,Equity Scheme - Small Cap Fund
2021-08-06,125497,SBI Small Cap Fund - Direct Plan - Growth,104.8069,SBI Mutual Fund,Equity Scheme - Small Cap Fund
2021-08-09,125497,SBI Small Cap Fund - Direct Plan - Growth,104.2697,SBI Mutual Fund,Equity Scheme - Small Cap Fund
2021-08-10,125497,SBI Small Cap Fund - Direct Plan - Growth,102.739,SBI Mutual Fund,Equity Scheme - Small Cap Fund
2021-08-11,125497,SBI Small Cap Fund - Direct Plan - Growth,101.5778,SBI Mutual Fund,Equity Scheme - Small Cap Fund
2021-08-12,125497,SBI Small Cap Fund - Direct Plan - Growth,102.8351,SBI Mutual Fund,Equity Scheme - Small Cap Fund
2021-08-13,125497,SBI Small Cap Fund - Direct Plan - Growth,103.1156,SBI Mutual Fund,Equity Scheme - Small Cap Fund
2021-08-16,125497,SBI Small Cap Fund - Direct Plan - Growth,102.6818,SBI Mutual Fund,Equity Scheme - Small Cap Fund
2021-08-17,125497,SBI Small Cap Fund - Direct Plan - Growth,102.9948,SBI Mutual Fund,Equity Scheme - Small Cap Fund
2021-08-18,125497,SBI Small Cap Fund - Direct Plan - Growth,102.7792,SBI Mutual Fund,Equity Scheme - Small Cap Fund
2021-08-20,125497,SBI Small Cap Fund - Direct Plan - Growth,101.3154,SBI Mutual Fund,Equity Scheme - Small Cap Fund
2021-08-23,125497,SBI Small Cap Fund - Direct Plan - Growth,100.065,SBI Mutual Fund,Equity Scheme - Small Cap Fund
2021-08-24,125497,SBI Small Cap Fund - Direct Plan - Growth,101.0715,SBI Mutual Fund,Equity Scheme - Small Cap Fund
2021-08-25,125497,SBI Small Cap Fund - Direct Plan - Growth,101.532,SBI Mutual Fund,Equity Scheme - Small Cap Fund
2021-08-26,125497,SBI Small Cap Fund - Direct Plan - Growth,102.162,SBI Mutual Fund,Equity Scheme - Small Cap Fund
2021-08-27,125497,SBI Small Cap Fund - Direct Plan - Growth,102.8137,SBI Mutual Fund,Equity Scheme - Small Cap Fund
2021-08-30,125497,SBI Small Cap Fund - Direct Plan - Growth,104.648,SBI Mutual Fund,Equity Scheme - Small Cap Fund
2021-08-31,125497,SBI Small Cap Fund - Direct Plan - Growth,105.6214,SBI Mutual Fund,Equity Scheme - Small Cap Fund
2021-09-01,125497,SBI Small Cap Fund - Direct Plan - Growth,105.6616,SBI Mutual Fund,Equity Scheme - Small Cap Fund
2021-09-02,125497,SBI Small Cap Fund - Direct Plan - Growth,106.4916,SBI Mutual Fund,Equity Scheme - Small Cap Fund
2021-09-03,125497,SBI Small Cap Fund - Direct Plan - Growth,106.5171,SBI Mutual Fund,Equity Scheme - Small Cap Fund
2021-09-06,125497,SBI Small Cap Fund - Direct Plan - Growth,107.1149,SBI Mutual Fund,Equity Scheme - Small Cap Fund
2021-09-07,125497,SBI Small Cap Fund - Direct Plan - Growth,106.9263,SBI Mutual Fund,Equity Scheme - Small Cap Fund
2021-09-08,125497,SBI Small Cap Fund - Direct Plan - Growth,107.1416,SBI Mutual Fund,Equity Scheme - Small Cap Fund
2021-09-09,125497,SBI Small Cap Fund - Direct Plan - Growth,108.1289,SBI Mutual Fund,Equity Scheme - Small Cap Fund
2021-09-13,125497,SBI Small Cap Fund - Direct Plan - Growth,108.3557,SBI Mutual Fund,Equity Scheme - Small Cap Fund
2021-09-14,125497,SBI Small Cap Fund - Direct Plan - Growth,109.5639,SBI Mutual Fund,Equity Scheme - Small Cap Fund
2021-09-15,125497,SBI Small Cap Fund - Direct Plan - Growth,110.3295,SBI Mutual Fund,Equity Scheme - Small Cap Fund
2021-09-16,125497,SBI Small Cap Fund - Direct Plan - Growth,110.188,SBI Mutual Fund,Equity Scheme - Small Cap Fund
2021-09-17,125497,SBI Small Cap Fund - Direct Plan - Growth,109.0842,SBI Mutual Fund,Equity Scheme - Small Cap Fund
2021-09-20,125497,SBI Small Cap Fund - Direct Plan - Growth,107.5332,SBI Mutual Fund,Equity Scheme - Small Cap Fund
2021-09-21,125497,SBI Small Cap Fund - Direct Plan - Growth,107.9811,SBI Mutual Fund,Equity Scheme - Small Cap Fund
2021-09-22,125497,SBI Small Cap Fund - Direct Plan - Growth,109.0144,SBI Mutual Fund,Equity Scheme - Small Cap Fund
2021-09-23,125497,SBI Small Cap Fund - Direct Plan - Growth,110.2011,SBI Mutual Fund,Equity Scheme - Small Cap Fund
2021-09-24,125497,SBI Small Cap Fund - Direct Plan - Growth,109.5436,SBI Mutual Fund,Equity Scheme - Small Cap Fund
2021-09-27,125497,SBI Small Cap Fund - Direct Plan - Growth,109.313,SBI Mutual Fund,Equity Scheme - Small Cap Fund
2021-09-28,125497,SBI Small Cap Fund - Direct Plan - Growth,109.4454,SBI Mutual Fund,Equity Scheme - Small Cap Fund
2021-09-29,125497,SBI Small Cap Fund - Direct Plan - Growth,109.4882,SBI Mutual Fund,Equity Scheme - Small Cap Fund
2021-09-30,125497,SBI Small Cap Fund - Direct Plan - Growth,110.1672,SBI Mutual Fund,Equity Scheme - Small Cap Fund
2021-10-01,125497,SBI Small Cap Fund - Direct Plan - Growth,110.9385,SBI Mutual Fund,Equity Scheme - Small Cap Fund
2021-10-04,125497,SBI Small Cap Fund - Direct Plan - Growth,112.8335,SBI Mutual Fund,Equity Scheme - Small Cap Fund
2021-10-05,125497,SBI Small Cap Fund - Direct Plan - Growth,112.8715,SBI Mutual Fund,Equity Scheme - Small Cap Fund
2021-10-06,125497,SBI Small Cap Fund - Direct Plan - Growth,112.5383,SBI Mutual Fund,Equity Scheme - Small Cap Fund
2021-10-07,125497,SBI Small Cap Fund - Direct Plan - Growth,113.9512,SBI Mutual Fund,Equity Scheme - Small Cap Fund
2021-10-08,125497,SBI Small Cap Fund - Direct Plan - Growth,114.3972,SBI Mutual Fund,Equity Scheme - Small Cap Fund
2021-10-11,125497,SBI Small Cap Fund - Direct Plan - Growth,115.1336,SBI Mutual Fund,Equity Scheme - Small Cap Fund
2021-10-12,125497,SBI Small Cap Fund - Direct Plan - Growth,115.2274,SBI Mutual Fund,Equity Scheme - Small Cap Fund
2021-10-13,125497,SBI Small Cap Fund - Direct Plan - Growth,116.4436,SBI Mutual Fund,Equity Scheme - Small Cap Fund
2021-10-14,125497,SBI Small Cap Fund - Direct Plan - Growth,116.6919,SBI Mutual Fund,Equity Scheme - Small Cap Fund
2021-10-18,125497,SBI Small Cap Fund - Direct Plan - Growth,117.5222,SBI Mutual Fund,Equity Scheme - Small Cap Fund
2021-10-19,125497,SBI Small Cap Fund - Direct Plan - Growth,116.2545,SBI Mutual Fund,Equity Scheme - Small Cap Fund
2021-10-20,125497,SBI Small Cap Fund - Direct Plan - Growth,113.4912,SBI Mutual Fund,Equity Scheme - Small Cap Fund
2021-10-21,125497,SBI Small Cap Fund - Direct Plan - Growth,113.8861,SBI Mutual Fund,Equity Scheme - Small Cap Fund
2021-10-22,125497,SBI Small Cap Fund - Direct Plan - Growth,113.4348,SBI Mutual Fund,Equity Scheme - Small Cap Fund
2021-10-25,125497,SBI Small Cap Fund - Direct Plan - Growth,111.9962,SBI Mutual Fund,Equity Scheme - Small Cap Fund
2021-10-26,125497,SBI Small Cap Fund - Direct Plan - Growth,113.5163,SBI Mutual Fund,Equity Scheme - Small Cap Fund
2021-10-27,125497,SBI Small Cap Fund - Direct Plan - Growth,114.1178,SBI Mutual Fund,Equity Scheme - Small Cap Fund
2021-10-28,125497,SBI Small Cap Fund - Direct Plan - Growth,113.475,SBI Mutual Fund,Equity Scheme - Small Cap Fund
2021-10-29,125497,SBI Small Cap Fund - Direct Plan - Growth,113.6715,SBI Mutual Fund,Equity Scheme - Small Cap Fund
2021-11-01,125497,SBI Small Cap Fund - Direct Plan - Growth,114.2579,SBI Mutual Fund,Equity Scheme - Small Cap Fund
2021-11-02,125497,SBI Small Cap Fund - Direct Plan - Growth,115.5178,SBI Mutual Fund,Equity Scheme - Small Cap Fund
2021-11-03,125497,SBI Small Cap Fund - Direct Plan - Growth,115.5222,SBI Mutual Fund,Equity Scheme - Small Cap Fund
2021-11-08,125497,SBI Small Cap Fund - Direct Plan - Growth,117.3055,SBI Mutual Fund,Equity Scheme - Small Cap Fund
2021-11-09,125497,SBI Small Cap Fund - Direct Plan - Growth,117.9077,SBI Mutual Fund,Equity Scheme - Small Cap Fund
2021-11-10,125497,SBI Small Cap Fund - Direct Plan - Growth,117.9059,SBI Mutual Fund,Equity Scheme - Small Cap Fund
2021-11-11,125497,SBI Small Cap Fund - Direct Plan - Growth,118.4235,SBI Mutual Fund,Equity Scheme - Small Cap Fund
2021-11-12,125497,SBI Small Cap Fund - Direct Plan - Growth,119.2912,SBI Mutual Fund,Equity Scheme - Small Cap Fund
2021-11-15,125497,SBI Small Cap Fund - Direct Plan - Growth,119.239,SBI Mutual Fund,Equity Scheme - Small Cap Fund
2021-11-16,125497,SBI Small Cap Fund - Direct Plan - Growth,118.6213,SBI Mutual Fund,Equity Scheme - Small Cap Fund
2021-11-17,125497,SBI Small Cap Fund - Direct Plan - Growth,118.1513,SBI Mutual Fund,Equity Scheme - Small Cap Fund
2021-11-18,125497,SBI Small Cap Fund - Direct Plan - Growth,116.9958,SBI Mutual Fund,Equity Scheme - Small Cap Fund
2021-11-22,125497,SBI Small Cap Fund - Direct Plan - Growth,114.5634,SBI Mutual Fund,Equity Scheme - Small Cap Fund
2021-11-23,125497,SBI Small Cap Fund - Direct Plan - Growth,115.7625,SBI Mutual Fund,Equity Scheme - Small Cap Fund
2021-11-24,125497,SBI Small Cap Fund - Direct Plan - Growth,116.9382,SBI Mutual Fund,Equity Scheme - Small Cap Fund
2021-11-25,125497,SBI Small Cap Fund - Direct Plan - Growth,117.3365,SBI Mutual Fund,Equity Scheme - Small Cap Fund
2021-11-26,125497,SBI Small Cap Fund - Direct Plan - Growth,113.7581,SBI Mutual Fund,Equity Scheme - Small Cap Fund
2021-11-29,125497,SBI Small Cap Fund - Direct Plan - Growth,112.0406,SBI Mutual Fund,Equity Scheme - Small Cap Fund
2021-11-30,125497,SBI Small Cap Fund - Direct Plan - Growth,114.6061,SBI Mutual Fund,Equity Scheme - Small Cap Fund
2021-12-01,125497,SBI Small Cap Fund - Direct Plan - Growth,114.5225,SBI Mutual Fund,Equity Scheme - Small Cap Fund
2021-12-02,125497,SBI Small Cap Fund - Direct Plan - Growth,115.1803,SBI Mutual Fund,Equity Scheme - Small Cap Fund
2021-12-03,125497,SBI Small Cap Fund - Direct Plan - Growth,115.4989,SBI Mutual Fund,Equity Scheme - Small Cap Fund
2021-12-06,125497,SBI Small Cap Fund - Direct Plan - Growth,114.2375,SBI Mutual Fund,Equity Scheme - Small Cap Fund
2021-12-07,125497,SBI Small Cap Fund - Direct Plan - Growth,115.5693,SBI Mutual Fund,Equity Scheme - Small Cap Fund
2021-12-08,125497,SBI Small Cap Fund - Direct Plan - Growth,115.9955,SBI Mutual Fund,Equity Scheme - Small Cap Fund
2021-12-09,125497,SBI Small Cap Fund - Direct Plan - Growth,116.4189,SBI Mutual Fund,Equity Scheme - Small Cap Fund
2021-12-10,125497,SBI Small Cap Fund - Direct Plan - Growth,117.0295,SBI Mutual Fund,Equity Scheme - Small Cap Fund
2021-12-13,125497,SBI Small Cap Fund - Direct Plan - Growth,116.6731,SBI Mutual Fund,Equity Scheme - Small Cap Fund
2021-12-14,125497,SBI Small Cap Fund - Direct Plan - Growth,116.5661,SBI Mutual Fund,Equity Scheme - Small Cap Fund
2021-12-15,125497,SBI Small Cap Fund - Direct Plan - Growth,116.7334,SBI Mutual Fund,Equity Scheme - Small Cap Fund
2021-12-16,125497,SBI Small Cap Fund - Direct Plan - Growth,115.5621,SBI Mutual Fund,Equity Scheme - Small Cap Fund
2021-12-17,125497,SBI Small Cap Fund - Direct Plan - Growth,114.4182,SBI Mutual Fund,Equity Scheme - Small Cap Fund
2021-12-20,125497,SBI Small Cap Fund - Direct Plan - Growth,111.4291,SBI Mutual Fund,Equity Scheme - Small Cap Fund
2021-12-21,125497,SBI Small Cap Fund - Direct Plan - Growth,112.1347,SBI Mutual Fund,Equity Scheme - Small Cap Fund
2021-12-22,125497,SBI Small Cap Fund - Direct Plan - Growth,113.5008,SBI Mutual Fund,Equity Scheme - Small Cap Fund
2021-12-23,125497,SBI Small Cap Fund - Direct Plan - Growth,114.0603,SBI Mutual Fund,Equity Scheme - Small Cap Fund
2021-12-24,125497,SBI Small Cap Fund - Direct Plan - Growth,113.0034,SBI Mutual Fund,Equity Scheme - Small Cap Fund
2021-12-27,125497,SBI Small Cap Fund - Direct Plan - Growth,113.1013,SBI Mutual Fund,Equity Scheme - Small Cap Fund
2021-12-28,125497,SBI Small Cap Fund - Direct Plan - Growth,114.187,SBI Mutual Fund,Equity Scheme - Small Cap Fund
2021-12-29,125497,SBI Small Cap Fund - Direct Plan - Growth,115.107,SBI Mutual Fund,Equity Scheme - Small Cap Fund
2021-12-30,125497,SBI Small Cap Fund - Direct Plan - Growth,115.0392,SBI Mutual Fund,Equity Scheme - Small Cap Fund
2021-12-31,125497,SBI Small Cap Fund - Direct Plan - Growth,116.5135,SBI Mutual Fund,Equity Scheme - Small Cap Fund
2022-01-03,125497,SBI Small Cap Fund - Direct Plan - Growth,117.8295,SBI Mutual Fund,Equity Scheme - Small Cap Fund
2022-01-04,125497,SBI Small Cap Fund - Direct Plan - Growth,117.9937,SBI Mutual Fund,Equity Scheme - Small Cap Fund
2022-01-05,125497,SBI Small Cap Fund - Direct Plan - Growth,117.8449,SBI Mutual Fund,Equity Scheme - Small Cap Fund
2022-01-06,125497,SBI Small Cap Fund - Direct Plan - Growth,118.078,SBI Mutual Fund,Equity Scheme - Small Cap Fund
2022-01-07,125497,SBI Small Cap Fund - Direct Plan - Growth,118.0578,SBI Mutual Fund,Equity Scheme - Small Cap Fund
2022-01-10,125497,SBI Small Cap Fund - Direct Plan - Growth,119.259,SBI Mutual Fund,Equity Scheme - Small Cap Fund
2022-01-11,125497,SBI Small Cap Fund - Direct Plan - Growth,119.2122,SBI Mutual Fund,Equity Scheme - Small Cap Fund
2022-01-12,125497,SBI Small Cap Fund - Direct Plan - Growth,120.503,SBI Mutual Fund,Equity Scheme - Small Cap Fund
2022-01-13,125497,SBI Small Cap Fund - Direct Plan - Growth,120.6145,SBI Mutual Fund,Equity Scheme - Small Cap Fund
2022-01-14,125497,SBI Small Cap Fund - Direct Plan - Growth,121.5144,SBI Mutual Fund,Equity Scheme - Small Cap Fund
2022-01-17,125497,SBI Small Cap Fund - Direct Plan - Growth,121.889,SBI Mutual Fund,Equity Scheme - Small Cap Fund
2022-01-18,125497,SBI Small Cap Fund - Direct Plan - Growth,120.3738,SBI Mutual Fund,Equity Scheme - Small Cap Fund
2022-01-19,125497,SBI Small Cap Fund - Direct Plan - Growth,120.1682,SBI Mutual Fund,Equity Scheme - Small Cap Fund
2022-01-20,125497,SBI Small Cap Fund - Direct Plan - Growth,120.1311,SBI Mutual Fund,Equity Scheme - Small Cap Fund
2022-01-21,125497,SBI Small Cap Fund - Direct Plan - Growth,118.8871,SBI Mutual Fund,Equity Scheme - Small Cap Fund
2022-01-24,125497,SBI Small Cap Fund - Direct Plan - Growth,113.8388,SBI Mutual Fund,Equity Scheme - Small Cap Fund
2022-01-25,125497,SBI Small Cap Fund - Direct Plan - Growth,114.9265,SBI Mutual Fund,Equity Scheme - Small Cap Fund
2022-01-27,125497,SBI Small Cap Fund - Direct Plan - Growth,113.4644,SBI Mutual Fund,Equity Scheme - Small Cap Fund
2022-01-28,125497,SBI Small Cap Fund - Direct Plan - Growth,113.7542,SBI Mutual Fund,Equity Scheme - Small Cap Fund
2022-01-31,125497,SBI Small Cap Fund - Direct Plan - Growth,115.1383,SBI Mutual Fund,Equity Scheme - Small Cap Fund
2022-02-01,125497,SBI Small Cap Fund - Direct Plan - Growth,116.8615,SBI Mutual Fund,Equity Scheme - Small Cap Fund
2022-02-02,125497,SBI Small Cap Fund - Direct Plan - Growth,118.2925,SBI Mutual Fund,Equity Scheme - Small Cap Fund
2022-02-03,125497,SBI Small Cap Fund - Direct Plan - Growth,117.9384,SBI Mutual Fund,Equity Scheme - Small Cap Fund
2022-02-04,125497,SBI Small Cap Fund - Direct Plan - Growth,118.1779,SBI Mutual Fund,Equity Scheme - Small Cap Fund
2022-02-07,125497,SBI Small Cap Fund - Direct Plan - Growth,118.1213,SBI Mutual Fund,Equity Scheme - Small Cap Fund
2022-02-08,125497,SBI Small Cap Fund - Direct Plan - Growth,116.9897,SBI Mutual Fund,Equity Scheme - Small Cap Fund
2022-02-09,125497,SBI Small Cap Fund - Direct Plan - Growth,116.6628,SBI Mutual Fund,Equity Scheme - Small Cap Fund
2022-02-10,125497,SBI Small Cap Fund - Direct Plan - Growth,116.361,SBI Mutual Fund,Equity Scheme - Small Cap Fund
2022-02-11,125497,SBI Small Cap Fund - Direct Plan - Growth,114.5805,SBI Mutual Fund,Equity Scheme - Small Cap Fund
2022-02-14,125497,SBI Small Cap Fund - Direct Plan - Growth,111.1649,SBI Mutual Fund,Equity Scheme - Small Cap Fund
2022-02-15,125497,SBI Small Cap Fund - Direct Plan - Growth,112.2859,SBI Mutual Fund,Equity Scheme - Small Cap Fund
2022-02-16,125497,SBI Small Cap Fund - Direct Plan - Growth,113.4702,SBI Mutual Fund,Equity Scheme - Small Cap Fund
2022-02-17,125497,SBI Small Cap Fund - Direct Plan - Growth,113.0094,SBI Mutual Fund,Equity Scheme - Small Cap Fund
2022-02-18,125497,SBI Small Cap Fund - Direct Plan - Growth,112.6163,SBI Mutual Fund,Equity Scheme - Small Cap Fund
2022-02-21,125497,SBI Small Cap Fund - Direct Plan - Growth,110.5555,SBI Mutual Fund,Equity Scheme - Small Cap Fund
2022-02-22,125497,SBI Small Cap Fund - Direct Plan - Growth,109.2415,SBI Mutual Fund,Equity Scheme - Small Cap Fund
2022-02-23,125497,SBI Small Cap Fund - Direct Plan - Growth,109.8892,SBI Mutual Fund,Equity Scheme - Small Cap Fund
2022-02-24,125497,SBI Small Cap Fund - Direct Plan - Growth,105.5919,SBI Mutual Fund,Equity Scheme - Small Cap Fund
2022-02-25,125497,SBI Small Cap Fund - Direct Plan - Growth,109.1447,SBI Mutual Fund,Equity Scheme - Small Cap Fund
2022-02-28,125497,SBI Small Cap Fund - Direct Plan - Growth,109.8735,SBI Mutual Fund,Equity Scheme - Small Cap Fund
2022-03-02,125497,SBI Small Cap Fund - Direct Plan - Growth,109.7898,SBI Mutual Fund,Equity Scheme - Small Cap Fund
2022-03-03,125497,SBI Small Cap Fund - Direct Plan - Growth,109.9523,SBI Mutual Fund,Equity Scheme - Small Cap Fund
2022-03-04,125497,SBI Small Cap Fund - Direct Plan - Growth,108.4432,SBI Mutual Fund,Equity Scheme - Small Cap Fund
2022-03-07,125497,SBI Small Cap Fund - Direct Plan - Growth,106.6562,SBI Mutual Fund,Equity Scheme - Small Cap Fund
2022-03-08,125497,SBI Small Cap Fund - Direct Plan - Growth,107.1074,SBI Mutual Fund,Equity Scheme - Small Cap Fund
2022-03-09,125497,SBI Small Cap Fund - Direct Plan - Growth,108.7536,SBI Mutual Fund,Equity Scheme - Small Cap Fund
2022-03-10,125497,SBI Small Cap Fund - Direct Plan - Growth,109.8399,SBI Mutual Fund,Equity Scheme - Small Cap Fund
2022-03-11,125497,SBI Small Cap Fund - Direct Plan - Growth,110.3959,SBI Mutual Fund,Equity Scheme - Small Cap Fund
2022-03-14,125497,SBI Small Cap Fund - Direct Plan - Growth,111.3776,SBI Mutual Fund,Equity Scheme - Small Cap Fund
2022-03-15,125497,SBI Small Cap Fund - Direct Plan - Growth,110.7915,SBI Mutual Fund,Equity Scheme - Small Cap Fund
2022-03-16,125497,SBI Small Cap Fund - Direct Plan - Growth,111.4996,SBI Mutual Fund,Equity Scheme - Small Cap Fund
2022-03-17,125497,SBI Small Cap Fund - Direct Plan - Growth,112.1278,SBI Mutual Fund,Equity Scheme - Small Cap Fund
2022-03-21,125497,SBI Small Cap Fund - Direct Plan - Growth,111.8034,SBI Mutual Fund,Equity Scheme - Small Cap Fund
2022-03-22,125497,SBI Small Cap Fund - Direct Plan - Growth,111.8136,SBI Mutual Fund,Equity Scheme - Small Cap Fund
2022-03-23,125497,SBI Small Cap Fund - Direct Plan - Growth,112.0594,SBI Mutual Fund,Equity Scheme - Small Cap Fund
2022-03-24,125497,SBI Small Cap Fund - Direct Plan - Growth,112.129,SBI Mutual Fund,Equity Scheme - Small Cap Fund
2022-03-25,125497,SBI Small Cap Fund - Direct Plan - Growth,111.8414,SBI Mutual Fund,Equity Scheme - Small Cap Fund
2022-03-28,125497,SBI Small Cap Fund - Direct Plan - Growth,111.3773,SBI Mutual Fund,Equity Scheme - Small Cap Fund
2022-03-29,125497,SBI Small Cap Fund - Direct Plan - Growth,112.833,SBI Mutual Fund,Equity Scheme - Small Cap Fund
2022-03-30,125497,SBI Small Cap Fund - Direct Plan - Growth,113.3938,SBI Mutual Fund,Equity Scheme - Small Cap Fund
2022-03-31,125497,SBI Small Cap Fund - Direct Plan - Growth,113.3881,SBI Mutual Fund,Equity Scheme - Small Cap Fund
2022-04-01,125497,SBI Small Cap Fund - Direct Plan - Growth,114.8655,SBI Mutual Fund,Equity Scheme - Small Cap Fund
2022-04-04,125497,SBI Small Cap Fund - Direct Plan - Growth,116.1819,SBI Mutual Fund,Equity Scheme - Small Cap Fund
2022-04-05,125497,SBI Small Cap Fund - Direct Plan - Growth,117.6729,SBI Mutual Fund,Equity Scheme - Small Cap Fund
2022-04-06,125497,SBI Small Cap Fund - Direct Plan - Growth,117.9615,SBI Mutual Fund,Equity Scheme - Small Cap Fund
2022-04-07,125497,SBI Small Cap Fund - Direct Plan - Growth,117.3808,SBI Mutual Fund,Equity Scheme - Small Cap Fund
2022-04-08,125497,SBI Small Cap Fund - Direct Plan - Growth,118.159,SBI Mutual Fund,Equity Scheme - Small Cap Fund
2022-04-11,125497,SBI Small Cap Fund - Direct Plan - Growth,118.7434,SBI Mutual Fund,Equity Scheme - Small Cap Fund
2022-04-12,125497,SBI Small Cap Fund - Direct Plan - Growth,117.6272,SBI Mutual Fund,Equity Scheme - Small Cap Fund
2022-04-13,125497,SBI Small Cap Fund - Direct Plan - Growth,117.5522,SBI Mutual Fund,Equity Scheme - Small Cap Fund
2022-04-18,125497,SBI Small Cap Fund - Direct Plan - Growth,117.0086,SBI Mutual Fund,Equity Scheme - Small Cap Fund
2022-04-19,125497,SBI Small Cap Fund - Direct Plan - Growth,116.0671,SBI Mutual Fund,Equity Scheme - Small Cap Fund
2022-04-20,125497,SBI Small Cap Fund - Direct Plan - Growth,116.0793,SBI Mutual Fund,Equity Scheme - Small Cap Fund
2022-04-21,125497,SBI Small Cap Fund - Direct Plan - Growth,117.0681,SBI Mutual Fund,Equity Scheme - Small Cap Fund
2022-04-22,125497,SBI Small Cap Fund - Direct Plan - Growth,116.9877,SBI Mutual Fund,Equity Scheme - Small Cap Fund
2022-04-25,125497,SBI Small Cap Fund - Direct Plan - Growth,115.7364,SBI Mutual Fund,Equity Scheme - Small Cap Fund
2022-04-26,125497,SBI Small Cap Fund - Direct Plan - Growth,116.5381,SBI Mutual Fund,Equity Scheme - Small Cap Fund
2022-04-27,125497,SBI Small Cap Fund - Direct Plan - Growth,116.3239,SBI Mutual Fund,Equity Scheme - Small Cap Fund
2022-04-28,125497,SBI Small Cap Fund - Direct Plan - Growth,117.2654,SBI Mutual Fund,Equity Scheme - Small Cap Fund
2022-04-29,125497,SBI Small Cap Fund - Direct Plan - Growth,116.4371,SBI Mutual Fund,Equity Scheme - Small Cap Fund
2022-05-02,125497,SBI Small Cap Fund - Direct Plan - Growth,115.6675,SBI Mutual Fund,Equity Scheme - Small Cap Fund
2022-05-04,125497,SBI Small Cap Fund - Direct Plan - Growth,113.5479,SBI Mutual Fund,Equity Scheme - Small Cap Fund
2022-05-05,125497,SBI Small Cap Fund - Direct Plan - Growth,113.3928,SBI Mutual Fund,Equity Scheme - Small Cap Fund
2022-05-06,125497,SBI Small Cap Fund - Direct Plan - Growth,111.917,SBI Mutual Fund,Equity Scheme - Small Cap Fund
2022-05-09,125497,SBI Small Cap Fund - Direct Plan - Growth,111.1072,SBI Mutual Fund,Equity Scheme - Small Cap Fund
2022-05-10,125497,SBI Small Cap Fund - Direct Plan - Growth,109.6278,SBI Mutual Fund,Equity Scheme - Small Cap Fund
2022-05-11,125497,SBI Small Cap Fund - Direct Plan - Growth,108.1924,SBI Mutual Fund,Equity Scheme - Small Cap Fund
2022-05-12,125497,SBI Small Cap Fund - Direct Plan - Growth,106.8265,SBI Mutual Fund,Equity Scheme - Small Cap Fund
2022-05-13,125497,SBI Small Cap Fund - Direct Plan - Growth,107.0481,SBI Mutual Fund,Equity Scheme - Small Cap Fund
2022-05-16,125497,SBI Small Cap Fund - Direct Plan - Growth,108.381,SBI Mutual Fund,Equity Scheme - Small Cap Fund
2022-05-17,125497,SBI Small Cap Fund - Direct Plan - Growth,110.5126,SBI Mutual Fund,Equity Scheme - Small Cap Fund
2022-05-18,125497,SBI Small Cap Fund - Direct Plan - Growth,110.4242,SBI Mutual Fund,Equity Scheme - Small Cap Fund
2022-05-19,125497,SBI Small Cap Fund - Direct Plan - Growth,109.1737,SBI Mutual Fund,Equity Scheme - Small Cap Fund
2022-05-20,125497,SBI Small Cap Fund - Direct Plan - Growth,110.5206,SBI Mutual Fund,Equity Scheme - Small Cap Fund
2022-05-23,125497,SBI Small Cap Fund - Direct Plan - Growth,110.7194,SBI Mutual Fund,Equity Scheme - Small Cap Fund
2022-05-24,125497,SBI Small Cap Fund - Direct Plan - Growth,110.3592,SBI Mutual Fund,Equity Scheme - Small Cap Fund
2022-05-25,125497,SBI Small Cap Fund - Direct Plan - Growth,108.4736,SBI Mutual Fund,Equity Scheme - Small Cap Fund
2022-05-26,125497,SBI Small Cap Fund - Direct Plan - Growth,109.0641,SBI Mutual Fund,Equity Scheme - Small Cap Fund
2022-05-27,125497,SBI Small Cap Fund - Direct Plan - Growth,109.1239,SBI Mutual Fund,Equity Scheme - Small Cap Fund
2022-05-30,125497,SBI Small Cap Fund - Direct Plan - Growth,110.8854,SBI Mutual Fund,Equity Scheme - Small Cap Fund
2022-05-31,125497,SBI Small Cap Fund - Direct Plan - Growth,111.3985,SBI Mutual Fund,Equity Scheme - Small Cap Fund
2022-06-01,125497,SBI Small Cap Fund - Direct Plan - Growth,113.0469,SBI Mutual Fund,Equity Scheme - Small Cap Fund
2022-06-02,125497,SBI Small Cap Fund - Direct Plan - Growth,113.0447,SBI Mutual Fund,Equity Scheme - Small Cap Fund
2022-06-03,125497,SBI Small Cap Fund - Direct Plan - Growth,111.6854,SBI Mutual Fund,Equity Scheme - Small Cap Fund
2022-06-06,125497,SBI Small Cap Fund - Direct Plan - Growth,111.468,SBI Mutual Fund,Equity Scheme - Small Cap Fund
2022-06-07,125497,SBI Small Cap Fund - Direct Plan - Growth,110.8741,SBI Mutual Fund,Equity Scheme - Small Cap Fund
2022-06-08,125497,SBI Small Cap Fund - Direct Plan - Growth,110.696,SBI Mutual Fund,Equity Scheme - Small Cap Fund
2022-06-09,125497,SBI Small Cap Fund - Direct Plan - Growth,110.773,SBI Mutual Fund,Equity Scheme - Small Cap Fund
2022-06-10,125497,SBI Small Cap Fund - Direct Plan - Growth,110.3611,SBI Mutual Fund,Equity Scheme - Small Cap Fund
2022-06-13,125497,SBI Small Cap Fund - Direct Plan - Growth,108.1973,SBI Mutual Fund,Equity Scheme - Small Cap Fund
2022-06-14,125497,SBI Small Cap Fund - Direct Plan - Growth,107.7655,SBI Mutual Fund,Equity Scheme - Small Cap Fund
2022-06-15,125497,SBI Small Cap Fund - Direct Plan - Growth,107.9569,SBI Mutual Fund,Equity Scheme - Small Cap Fund
2022-06-16,125497,SBI Small Cap Fund - Direct Plan - Growth,105.836,SBI Mutual Fund,Equity Scheme - Small Cap Fund
2022-06-17,125497,SBI Small Cap Fund - Direct Plan - Growth,104.8911,SBI Mutual Fund,Equity Scheme - Small Cap Fund
2022-06-20,125497,SBI Small Cap Fund - Direct Plan - Growth,103.2049,SBI Mutual Fund,Equity Scheme - Small Cap Fund
2022-06-21,125497,SBI Small Cap Fund - Direct Plan - Growth,104.8701,SBI Mutual Fund,Equity Scheme - Small Cap Fund
2022-06-22,125497,SBI Small Cap Fund - Direct Plan - Growth,104.2718,SBI Mutual Fund,Equity Scheme - Small Cap Fund
2022-06-23,125497,SBI Small Cap Fund - Direct Plan - Growth,105.5826,SBI Mutual Fund,Equity Scheme - Small Cap Fund
2022-06-24,125497,SBI Small Cap Fund - Direct Plan - Growth,106.563,SBI Mutual Fund,Equity Scheme - Small Cap Fund
2022-06-27,125497,SBI Small Cap Fund - Direct Plan - Growth,107.743,SBI Mutual Fund,Equity Scheme - Small Cap Fund
2022-06-28,125497,SBI Small Cap Fund - Direct Plan - Growth,107.8457,SBI Mutual Fund,Equity Scheme - Small Cap Fund
2022-06-29,125497,SBI Small Cap Fund - Direct Plan - Growth,107.5298,SBI Mutual Fund,Equity Scheme - Small Cap Fund
2022-06-30,125497,SBI Small Cap Fund - Direct Plan - Growth,107.3447,SBI Mutual Fund,Equity Scheme - Small Cap Fund
2022-07-01,125497,SBI Small Cap Fund - Direct Plan - Growth,107.2511,SBI Mutual Fund,Equity Scheme - Small Cap Fund
2022-07-04,125497,SBI Small Cap Fund - Direct Plan - Growth,108.086,SBI Mutual Fund,Equity Scheme - Small Cap Fund
2022-07-05,125497,SBI Small Cap Fund - Direct Plan - Growth,108.9019,SBI Mutual Fund,Equity Scheme - Small Cap Fund
2022-07-06,125497,SBI Small Cap Fund - Direct Plan - Growth,109.4531,SBI Mutual Fund,Equity Scheme - Small Cap Fund
2022-07-07,125497,SBI Small Cap Fund - Direct Plan - Growth,110.0959,SBI Mutual Fund,Equity Scheme - Small Cap Fund
2022-07-08,125497,SBI Small Cap Fund - Direct Plan - Growth,110.3205,SBI Mutual Fund,Equity Scheme - Small Cap Fund
2022-07-11,125497,SBI Small Cap Fund - Direct Plan - Growth,111.3735,SBI Mutual Fund,Equity Scheme - Small Cap Fund
2022-07-12,125497,SBI Small Cap Fund - Direct Plan - Growth,110.5217,SBI Mutual Fund,Equity Scheme - Small Cap Fund
2022-07-13,125497,SBI Small Cap Fund - Direct Plan - Growth,110.6876,SBI Mutual Fund,Equity Scheme - Small Cap Fund
2022-07-14,125497,SBI Small Cap Fund - Direct Plan - Growth,110.5523,SBI Mutual Fund,Equity Scheme - Small Cap Fund
2022-07-15,125497,SBI Small Cap Fund - Direct Plan - Growth,111.1987,SBI Mutual Fund,Equity Scheme - Small Cap Fund
2022-07-18,125497,SBI Small Cap Fund - Direct Plan - Growth,111.9322,SBI Mutual Fund,Equity Scheme - Small Cap Fund
2022-07-19,125497,SBI Small Cap Fund - Direct Plan - Growth,112.8046,SBI Mutual Fund,Equity Scheme - Small Cap Fund
2022-07-20,125497,SBI Small Cap Fund - Direct Plan - Growth,112.9868,SBI Mutual Fund,Equity Scheme - Small Cap Fund
2022-07-21,125497,SBI Small Cap Fund - Direct Plan - Growth,113.4094,SBI Mutual Fund,Equity Scheme - Small Cap Fund
2022-07-22,125497,SBI Small Cap Fund - Direct Plan - Growth,114.09,SBI Mutual Fund,Equity Scheme - Small Cap Fund
2022-07-25,125497,SBI Small Cap Fund - Direct Plan - Growth,114.3251,SBI Mutual Fund,Equity Scheme - Small Cap Fund
2022-07-26,125497,SBI Small Cap Fund - Direct Plan - Growth,113.9363,SBI Mutual Fund,Equity Scheme - Small Cap Fund
2022-07-27,125497,SBI Small Cap Fund - Direct Plan - Growth,114.2238,SBI Mutual Fund,Equity Scheme - Small Cap Fund
2022-07-28,125497,SBI Small Cap Fund - Direct Plan - Growth,115.4212,SBI Mutual Fund,Equity Scheme - Small Cap Fund
2022-07-29,125497,SBI Small Cap Fund - Direct Plan - Growth,115.8262,SBI Mutual Fund,Equity Scheme - Small Cap Fund
2022-08-01,125497,SBI Small Cap Fund - Direct Plan - Growth,118.4285,SBI Mutual Fund,Equity Scheme - Small Cap Fund
2022-08-02,125497,SBI Small Cap Fund - Direct Plan - Growth,119.6709,SBI Mutual Fund,Equity Scheme - Small Cap Fund
2022-08-03,125497,SBI Small Cap Fund - Direct Plan - Growth,119.3671,SBI Mutual Fund,Equity Scheme - Small Cap Fund
2022-08-04,125497,SBI Small Cap Fund - Direct Plan - Growth,119.5351,SBI Mutual Fund,Equity Scheme - Small Cap Fund
2022-08-05,125497,SBI Small Cap Fund - Direct Plan - Growth,119.5001,SBI Mutual Fund,Equity Scheme - Small Cap Fund
2022-08-08,125497,SBI Small Cap Fund - Direct Plan - Growth,120.8529,SBI Mutual Fund,Equity Scheme - Small Cap Fund
2022-08-10,125497,SBI Small Cap Fund - Direct Plan - Growth,121.7895,SBI Mutual Fund,Equity Scheme - Small Cap Fund
2022-08-11,125497,SBI Small Cap Fund - Direct Plan - Growth,122.0436,SBI Mutual Fund,Equity Scheme - Small Cap Fund
2022-08-12,125497,SBI Small Cap Fund - Direct Plan - Growth,122.1465,SBI Mutual Fund,Equity Scheme - Small Cap Fund
2022-08-16,125497,SBI Small Cap Fund - Direct Plan - Growth,122.5798,SBI Mutual Fund,Equity Scheme - Small Cap Fund
2022-08-17,125497,SBI Small Cap Fund - Direct Plan - Growth,122.7003,SBI Mutual Fund,Equity Scheme - Small Cap Fund
2022-08-18,125497,SBI Small Cap Fund - Direct Plan - Growth,123.1031,SBI Mutual Fund,Equity Scheme - Small Cap Fund
2022-08-19,125497,SBI Small Cap Fund - Direct Plan - Growth,121.8963,SBI Mutual Fund,Equity Scheme - Small Cap Fund
2022-08-22,125497,SBI Small Cap Fund - Direct Plan - Growth,121.1594,SBI Mutual Fund,Equity Scheme - Small Cap Fund
2022-08-23,125497,SBI Small Cap Fund - Direct Plan - Growth,122.1378,SBI Mutual Fund,Equity Scheme - Small Cap Fund
2022-08-24,125497,SBI Small Cap Fund - Direct Plan - Growth,122.9131,SBI Mutual Fund,Equity Scheme - Small Cap Fund
2022-08-25,125497,SBI Small Cap Fund - Direct Plan - Growth,123.2572,SBI Mutual Fund,Equity Scheme - Small Cap Fund
2022-08-26,125497,SBI Small Cap Fund - Direct Plan - Growth,123.6562,SBI Mutual Fund,Equity Scheme - Small Cap Fund
2022-08-29,125497,SBI Small Cap Fund - Direct Plan - Growth,123.2418,SBI Mutual Fund,Equity Scheme - Small Cap Fund
2022-08-30,125497,SBI Small Cap Fund - Direct Plan - Growth,124.7127,SBI Mutual Fund,Equity Scheme - Small Cap Fund
2022-09-01,125497,SBI Small Cap Fund - Direct Plan - Growth,124.8265,SBI Mutual Fund,Equity Scheme - Small Cap Fund
2022-09-02,125497,SBI Small Cap Fund - Direct Plan - Growth,126.1091,SBI Mutual Fund,Equity Scheme - Small Cap Fund
2022-09-05,125497,SBI Small Cap Fund - Direct Plan - Growth,126.9883,SBI Mutual Fund,Equity Scheme - Small Cap Fund
2022-09-06,125497,SBI Small Cap Fund - Direct Plan - Growth,127.812,SBI Mutual Fund,Equity Scheme - Small Cap Fund
2022-09-07,125497,SBI Small Cap Fund - Direct Plan - Growth,128.9903,SBI Mutual Fund,Equity Scheme - Small Cap Fund
2022-09-08,125497,SBI Small Cap Fund - Direct Plan - Growth,129.8388,SBI Mutual Fund,Equity Scheme - Small Cap Fund
2022-09-09,125497,SBI Small Cap Fund - Direct Plan - Growth,130.1662,SBI Mutual Fund,Equity Scheme - Small Cap Fund
2022-09-12,125497,SBI Small Cap Fund - Direct Plan - Growth,131.2711,SBI Mutual Fund,Equity Scheme - Small Cap Fund
2022-09-13,125497,SBI Small Cap Fund - Direct Plan - Growth,130.9984,SBI Mutual Fund,Equity Scheme - Small Cap Fund
2022-09-14,125497,SBI Small Cap Fund - Direct Plan - Growth,131.5105,SBI Mutual Fund,Equity Scheme - Small Cap Fund
2022-09-15,125497,SBI Small Cap Fund - Direct Plan - Growth,130.8477,SBI Mutual Fund,Equity Scheme - Small Cap Fund
2022-09-16,125497,SBI Small Cap Fund - Direct Plan - Growth,128.0029,SBI Mutual Fund,Equity Scheme - Small Cap Fund
2022-09-19,125497,SBI Small Cap Fund - Direct Plan - Growth,127.8166,SBI Mutual Fund,Equity Scheme - Small Cap Fund
2022-09-20,125497,SBI Small Cap Fund - Direct Plan - Growth,128.8983,SBI Mutual Fund,Equity Scheme - Small Cap Fund
2022-09-21,125497,SBI Small Cap Fund - Direct Plan - Growth,128.623,SBI Mutual Fund,Equity Scheme - Small Cap Fund
2022-09-22,125497,SBI Small Cap Fund - Direct Plan - Growth,128.606,SBI Mutual Fund,Equity Scheme - Small Cap Fund
2022-09-23,125497,SBI Small Cap Fund - Direct Plan - Growth,126.9671,SBI Mutual Fund,Equity Scheme - Small Cap Fund
2022-09-26,125497,SBI Small Cap Fund - Direct Plan - Growth,123.8437,SBI Mutual Fund,Equity Scheme - Small Cap Fund
2022-09-27,125497,SBI Small Cap Fund - Direct Plan - Growth,124.6406,SBI Mutual Fund,Equity Scheme - Small Cap Fund
2022-09-28,125497,SBI Small Cap Fund - Direct Plan - Growth,124.4319,SBI Mutual Fund,Equity Scheme - Small Cap Fund
2022-09-29,125497,SBI Small Cap Fund - Direct Plan - Growth,125.2023,SBI Mutual Fund,Equity Scheme - Small Cap Fund
2022-09-30,125497,SBI Small Cap Fund - Direct Plan - Growth,126.7384,SBI Mutual Fund,Equity Scheme - Small Cap Fund
2022-10-03,125497,SBI Small Cap Fund - Direct Plan - Growth,127.1351,SBI Mutual Fund,Equity Scheme - Small Cap Fund
2022-10-04,125497,SBI Small Cap Fund - Direct Plan - Growth,128.2436,SBI Mutual Fund,Equity Scheme - Small Cap Fund
2022-10-06,125497,SBI Small Cap Fund - Direct Plan - Growth,128.8844,SBI Mutual Fund,Equity Scheme - Small Cap Fund
2022-10-07,125497,SBI Small Cap Fund - Direct Plan - Growth,129.3889,SBI Mutual Fund,Equity Scheme - Small Cap Fund
2022-10-10,125497,SBI Small Cap Fund - Direct Plan - Growth,128.2879,SBI Mutual Fund,Equity Scheme - Small Cap Fund
2022-10-11,125497,SBI Small Cap Fund - Direct Plan - Growth,127.5503,SBI Mutual Fund,Equity Scheme - Small Cap Fund
2022-10-12,125497,SBI Small Cap Fund - Direct Plan - Growth,127.8117,SBI Mutual Fund,Equity Scheme - Small Cap Fund
2022-10-13,125497,SBI Small Cap Fund - Direct Plan - Growth,127.0832,SBI Mutual Fund,Equity Scheme - Small Cap Fund
2022-10-14,125497,SBI Small Cap Fund - Direct Plan - Growth,127.3371,SBI Mutual Fund,Equity Scheme - Small Cap Fund
2022-10-17,125497,SBI Small Cap Fund - Direct Plan - Growth,127.4936,SBI Mutual Fund,Equity Scheme - Small Cap Fund
2022-10-18,125497,SBI Small Cap Fund - Direct Plan - Growth,128.0846,SBI Mutual Fund,Equity Scheme - Small Cap Fund
2022-10-19,125497,SBI Small Cap Fund - Direct Plan - Growth,128.6649,SBI Mutual Fund,Equity Scheme - Small Cap Fund
2022-10-20,125497,SBI Small Cap Fund - Direct Plan - Growth,128.7159,SBI Mutual Fund,Equity Scheme - Small Cap Fund
2022-10-21,125497,SBI Small Cap Fund - Direct Plan - Growth,127.685,SBI Mutual Fund,Equity Scheme - Small Cap Fund
2022-10-25,125497,SBI Small Cap Fund - Direct Plan - Growth,128.1443,SBI Mutual Fund,Equity Scheme - Small Cap Fund
2022-10-27,125497,SBI Small Cap Fund - Direct Plan - Growth,128.5742,SBI Mutual Fund,Equity Scheme - Small Cap Fund
2022-10-28,125497,SBI Small Cap Fund - Direct Plan - Growth,127.8495,SBI Mutual Fund,Equity Scheme - Small Cap Fund
2022-10-31,125497,SBI Small Cap Fund - Direct Plan - Growth,127.6411,SBI Mutual Fund,Equity Scheme - Small Cap Fund
2022-11-01,125497,SBI Small Cap Fund - Direct Plan - Growth,127.8603,SBI Mutual Fund,Equity Scheme - Small Cap Fund
2022-11-02,125497,SBI Small Cap Fund - Direct Plan - Growth,128.4568,SBI Mutual Fund,Equity Scheme - Small Cap Fund
2022-11-03,125497,SBI Small Cap Fund - Direct Plan - Growth,128.4345,SBI Mutual Fund,Equity Scheme - Small Cap Fund
2022-11-04,125497,SBI Small Cap Fund - Direct Plan - Growth,128.615,SBI Mutual Fund,Equity Scheme - Small Cap Fund
2022-11-07,125497,SBI Small Cap Fund - Direct Plan - Growth,128.9903,SBI Mutual Fund,Equity Scheme - Small Cap Fund
2022-11-09,125497,SBI Small Cap Fund - Direct Plan - Growth,128.443,SBI Mutual Fund,Equity Scheme - Small Cap Fund
2022-11-10,125497,SBI Small Cap Fund - Direct Plan - Growth,127.722,SBI Mutual Fund,Equity Scheme - Small Cap Fund
2022-11-11,125497,SBI Small Cap Fund - Direct Plan - Growth,127.747,SBI Mutual Fund,Equity Scheme - Small Cap Fund
2022-11-14,125497,SBI Small Cap Fund - Direct Plan - Growth,127.4932,SBI Mutual Fund,Equity Scheme - Small Cap Fund
2022-11-15,125497,SBI Small Cap Fund - Direct Plan - Growth,127.4028,SBI Mutual Fund,Equity Scheme - Small Cap Fund
2022-11-16,125497,SBI Small Cap Fund - Direct Plan - Growth,128.1135,SBI Mutual Fund,Equity Scheme - Small Cap Fund
2022-11-17,125497,SBI Small Cap Fund - Direct Plan - Growth,128.0744,SBI Mutual Fund,Equity Scheme - Small Cap Fund
2022-11-18,125497,SBI Small Cap Fund - Direct Plan - Growth,127.4022,SBI Mutual Fund,Equity Scheme - Small Cap Fund
2022-11-21,125497,SBI Small Cap Fund - Direct Plan - Growth,127.6535,SBI Mutual Fund,Equity Scheme - Small Cap Fund
2022-11-22,125497,SBI Small Cap Fund - Direct Plan - Growth,127.4269,SBI Mutual Fund,Equity Scheme - Small Cap Fund
2022-11-23,125497,SBI Small Cap Fund - Direct Plan - Growth,127.7493,SBI Mutual Fund,Equity Scheme - Small Cap Fund
2022-11-24,125497,SBI Small Cap Fund - Direct Plan - Growth,128.2567,SBI Mutual Fund,Equity Scheme - Small Cap Fund
2022-11-25,125497,SBI Small Cap Fund - Direct Plan - Growth,128.5562,SBI Mutual Fund,Equity Scheme - Small Cap Fund
2022-11-28,125497,SBI Small Cap Fund - Direct Plan - Growth,129.0166,SBI Mutual Fund,Equity Scheme - Small Cap Fund
2022-11-29,125497,SBI Small Cap Fund - Direct Plan - Growth,128.544,SBI Mutual Fund,Equity Scheme - Small Cap Fund
2022-11-30,125497,SBI Small Cap Fund - Direct Plan - Growth,129.5097,SBI Mutual Fund,Equity Scheme - Small Cap Fund
2022-12-01,125497,SBI Small Cap Fund - Direct Plan - Growth,130.2758,SBI Mutual Fund,Equity Scheme - Small Cap Fund
2022-12-02,125497,SBI Small Cap Fund - Direct Plan - Growth,130.6855,SBI Mutual Fund,Equity Scheme - Small Cap Fund
2022-12-05,125497,SBI Small Cap Fund - Direct Plan - Growth,131.0408,SBI Mutual Fund,Equity Scheme - Small Cap Fund
2022-12-06,125497,SBI Small Cap Fund - Direct Plan - Growth,130.9286,SBI Mutual Fund,Equity Scheme - Small Cap Fund
2022-12-07,125497,SBI Small Cap Fund - Direct Plan - Growth,130.6184,SBI Mutual Fund,Equity Scheme - Small Cap Fund
2022-12-08,125497,SBI Small Cap Fund - Direct Plan - Growth,131.3288,SBI Mutual Fund,Equity Scheme - Small Cap Fund
2022-12-09,125497,SBI Small Cap Fund - Direct Plan - Growth,130.5903,SBI Mutual Fund,Equity Scheme - Small Cap Fund
2022-12-12,125497,SBI Small Cap Fund - Direct Plan - Growth,130.6256,SBI Mutual Fund,Equity Scheme - Small Cap Fund
2022-12-13,125497,SBI Small Cap Fund - Direct Plan - Growth,131.0784,SBI Mutual Fund,Equity Scheme - Small Cap Fund
2022-12-14,125497,SBI Small Cap Fund - Direct Plan - Growth,131.9951,SBI Mutual Fund,Equity Scheme - Small Cap Fund
2022-12-15,125497,SBI Small Cap Fund - Direct Plan - Growth,130.9591,SBI Mutual Fund,Equity Scheme - Small Cap Fund
2022-12-16,125497,SBI Small Cap Fund - Direct Plan - Growth,129.8891,SBI Mutual Fund,Equity Scheme - Small Cap Fund
2022-12-19,125497,SBI Small Cap Fund - Direct Plan - Growth,129.9222,SBI Mutual Fund,Equity Scheme - Small Cap Fund
2022-12-20,125497,SBI Small Cap Fund - Direct Plan - Growth,130.2814,SBI Mutual Fund,Equity Scheme - Small Cap Fund
2022-12-21,125497,SBI Small Cap Fund - Direct Plan - Growth,128.1564,SBI Mutual Fund,Equity Scheme - Small Cap Fund
2022-12-22,125497,SBI Small Cap Fund - Direct Plan - Growth,125.9663,SBI Mutual Fund,Equity Scheme - Small Cap Fund
2022-12-23,125497,SBI Small Cap Fund - Direct Plan - Growth,122.5751,SBI Mutual Fund,Equity Scheme - Small Cap Fund
2022-12-26,125497,SBI Small Cap Fund - Direct Plan - Growth,125.3049,SBI Mutual Fund,Equity Scheme - Small Cap Fund
2022-12-27,125497,SBI Small Cap Fund - Direct Plan - Growth,126.32,SBI Mutual Fund,Equity Scheme - Small Cap Fund
2022-12-28,125497,SBI Small Cap Fund - Direct Plan - Growth,126.6449,SBI Mutual Fund,Equity Scheme - Small Cap Fund
2022-12-29,125497,SBI Small Cap Fund - Direct Plan - Growth,127.0211,SBI Mutual Fund,Equity Scheme - Small Cap Fund
2022-12-30,125497,SBI Small Cap Fund - Direct Plan - Growth,127.3348,SBI Mutual Fund,Equity Scheme - Small Cap Fund
2023-01-02,125497,SBI Small Cap Fund - Direct Plan - Growth,127.8404,SBI Mutual Fund,Equity Scheme - Small Cap Fund
2023-01-03,125497,SBI Small Cap Fund - Direct Plan - Growth,127.7046,SBI Mutual Fund,Equity Scheme - Small Cap Fund
2023-01-04,125497,SBI Small Cap Fund - Direct Plan - Growth,126.7266,SBI Mutual Fund,Equity Scheme - Small Cap Fund
2023-01-05,125497,SBI Small Cap Fund - Direct Plan - Growth,126.7327,SBI Mutual Fund,Equity Scheme - Small Cap Fund
2023-01-06,125497,SBI Small Cap Fund - Direct Plan - Growth,125.7185,SBI Mutual Fund,Equity Scheme - Small Cap Fund
2023-01-09,125497,SBI Small Cap Fund - Direct Plan - Growth,126.4462,SBI Mutual Fund,Equity Scheme - Small Cap Fund
2023-01-10,125497,SBI Small Cap Fund - Direct Plan - Growth,125.8004,SBI Mutual Fund,Equity Scheme - Small Cap Fund
2023-01-11,125497,SBI Small Cap Fund - Direct Plan - Growth,125.908,SBI Mutual Fund,Equity Scheme - Small Cap Fund
2023-01-12,125497,SBI Small Cap Fund - Direct Plan - Growth,126.1964,SBI Mutual Fund,Equity Scheme - Small Cap Fund
2023-01-13,125497,SBI Small Cap Fund - Direct Plan - Growth,126.0588,SBI Mutual Fund,Equity Scheme - Small Cap Fund
2023-01-16,125497,SBI Small Cap Fund - Direct Plan - Growth,125.9832,SBI Mutual Fund,Equity Scheme - Small Cap Fund
2023-01-17,125497,SBI Small Cap Fund - Direct Plan - Growth,125.8074,SBI Mutual Fund,Equity Scheme - Small Cap Fund
2023-01-18,125497,SBI Small Cap Fund - Direct Plan - Growth,125.7186,SBI Mutual Fund,Equity Scheme - Small Cap Fund
2023-01-19,125497,SBI Small Cap Fund - Direct Plan - Growth,125.5433,SBI Mutual Fund,Equity Scheme - Small Cap Fund
2023-01-20,125497,SBI Small Cap Fund - Direct Plan - Growth,124.805,SBI Mutual Fund,Equity Scheme - Small Cap Fund
2023-01-23,125497,SBI Small Cap Fund - Direct Plan - Growth,124.425,SBI Mutual Fund,Equity Scheme - Small Cap Fund
2023-01-24,125497,SBI Small Cap Fund - Direct Plan - Growth,124.1328,SBI Mutual Fund,Equity Scheme - Small Cap Fund
2023-01-25,125497,SBI Small Cap Fund - Direct Plan - Growth,123.7522,SBI Mutual Fund,Equity Scheme - Small Cap Fund
2023-01-27,125497,SBI Small Cap Fund - Direct Plan - Growth,122.6962,SBI Mutual Fund,Equity Scheme - Small Cap Fund
2023-01-30,125497,SBI Small Cap Fund - Direct Plan - Growth,122.3633,SBI Mutual Fund,Equity Scheme - Small Cap Fund
2023-01-31,125497,SBI Small Cap Fund - Direct Plan - Growth,124.3138,SBI Mutual Fund,Equity Scheme - Small Cap Fund
2023-02-01,125497,SBI Small Cap Fund - Direct Plan - Growth,123.4784,SBI Mutual Fund,Equity Scheme - Small Cap Fund
2023-02-02,125497,SBI Small Cap Fund - Direct Plan - Growth,124.0083,SBI Mutual Fund,Equity Scheme - Small Cap Fund
2023-02-03,125497,SBI Small Cap Fund - Direct Plan - Growth,124.2907,SBI Mutual Fund,Equity Scheme - Small Cap Fund
2023-02-06,125497,SBI Small Cap Fund - Direct Plan - Growth,123.9921,SBI Mutual Fund,Equity Scheme - Small Cap Fund
2023-02-07,125497,SBI Small Cap Fund - Direct Plan - Growth,124.4182,SBI Mutual Fund,Equity Scheme - Small Cap Fund
2023-02-08,125497,SBI Small Cap Fund - Direct Plan - Growth,125.1117,SBI Mutual Fund,Equity Scheme - Small Cap Fund
2023-02-09,125497,SBI Small Cap Fund - Direct Plan - Growth,124.7379,SBI Mutual Fund,Equity Scheme - Small Cap Fund
2023-02-10,125497,SBI Small Cap Fund - Direct Plan - Growth,125.1702,SBI Mutual Fund,Equity Scheme - Small Cap Fund
2023-02-13,125497,SBI Small Cap Fund - Direct Plan - Growth,124.4056,SBI Mutual Fund,Equity Scheme - Small Cap Fund
2023-02-14,125497,SBI Small Cap Fund - Direct Plan - Growth,124.0916,SBI Mutual Fund,Equity Scheme - Small Cap Fund
2023-02-15,125497,SBI Small Cap Fund - Direct Plan - Growth,124.4506,SBI Mutual Fund,Equity Scheme - Small Cap Fund
2023-02-16,125497,SBI Small Cap Fund - Direct Plan - Growth,124.9714,SBI Mutual Fund,Equity Scheme - Small Cap Fund
2023-02-17,125497,SBI Small Cap Fund - Direct Plan - Growth,125.1119,SBI Mutual Fund,Equity Scheme - Small Cap Fund
2023-02-20,125497,SBI Small Cap Fund - Direct Plan - Growth,124.9814,SBI Mutual Fund,Equity Scheme - Small Cap Fund
2023-02-21,125497,SBI Small Cap Fund - Direct Plan - Growth,124.5172,SBI Mutual Fund,Equity Scheme - Small Cap Fund
2023-02-22,125497,SBI Small Cap Fund - Direct Plan - Growth,123.392,SBI Mutual Fund,Equity Scheme - Small Cap Fund
2023-02-23,125497,SBI Small Cap Fund - Direct Plan - Growth,123.0513,SBI Mutual Fund,Equity Scheme - Small Cap Fund
2023-02-24,125497,SBI Small Cap Fund - Direct Plan - Growth,123.1777,SBI Mutual Fund,Equity Scheme - Small Cap Fund
2023-02-27,125497,SBI Small Cap Fund - Direct Plan - Growth,122.0552,SBI Mutual Fund,Equity Scheme - Small Cap Fund
2023-02-28,125497,SBI Small Cap Fund - Direct Plan - Growth,122.8701,SBI Mutual Fund,Equity Scheme - Small Cap Fund
2023-03-01,125497,SBI Small Cap Fund - Direct Plan - Growth,123.665,SBI Mutual Fund,Equity Scheme - Small Cap Fund
2023-03-02,125497,SBI Small Cap Fund - Direct Plan - Growth,123.3993,SBI Mutual Fund,Equity Scheme - Small Cap Fund
2023-03-03,125497,SBI Small Cap Fund - Direct Plan - Growth,123.9481,SBI Mutual Fund,Equity Scheme - Small Cap Fund
2023-03-06,125497,SBI Small Cap Fund - Direct Plan - Growth,124.8339,SBI Mutual Fund,Equity Scheme - Small Cap Fund
2023-03-08,125497,SBI Small Cap Fund - Direct Plan - Growth,124.7469,SBI Mutual Fund,Equity Scheme - Small Cap Fund
2023-03-09,125497,SBI Small Cap Fund - Direct Plan - Growth,124.5502,SBI Mutual Fund,Equity Scheme - Small Cap Fund
2023-03-10,125497,SBI Small Cap Fund - Direct Plan - Growth,124.211,SBI Mutual Fund,Equity Scheme - Small Cap Fund
2023-03-13,125497,SBI Small Cap Fund - Direct Plan - Growth,122.7771,SBI Mutual Fund,Equity Scheme - Small Cap Fund
2023-03-14,125497,SBI Small Cap Fund - Direct Plan - Growth,121.7529,SBI Mutual Fund,Equity Scheme - Small Cap Fund
2023-03-15,125497,SBI Small Cap Fund - Direct Plan - Growth,121.8605,SBI Mutual Fund,Equity Scheme - Small Cap Fund
2023-03-16,125497,SBI Small Cap Fund - Direct Plan - Growth,120.9417,SBI Mutual Fund,Equity Scheme - Small Cap Fund
2023-03-17,125497,SBI Small Cap Fund - Direct Plan - Growth,121.446,SBI Mutual Fund,Equity Scheme - Small Cap Fund
2023-03-20,125497,SBI Small Cap Fund - Direct Plan - Growth,120.3344,SBI Mutual Fund,Equity Scheme - Small Cap Fund
2023-03-21,125497,SBI Small Cap Fund - Direct Plan - Growth,120.9953,SBI Mutual Fund,Equity Scheme - Small Cap Fund
2023-03-22,125497,SBI Small Cap Fund - Direct Plan - Growth,121.4156,SBI Mutual Fund,Equity Scheme - Small Cap Fund
2023-03-23,125497,SBI Small Cap Fund - Direct Plan - Growth,121.7065,SBI Mutual Fund,Equity Scheme - Small Cap Fund
2023-03-24,125497,SBI Small Cap Fund - Direct Plan - Growth,120.2745,SBI Mutual Fund,Equity Scheme - Small Cap Fund
2023-03-27,125497,SBI Small Cap Fund - Direct Plan - Growth,119.383,SBI Mutual Fund,Equity Scheme - Small Cap Fund
2023-03-28,125497,SBI Small Cap Fund - Direct Plan - Growth,118.3058,SBI Mutual Fund,Equity Scheme - Small Cap Fund
2023-03-29,125497,SBI Small Cap Fund - Direct Plan - Growth,120.0371,SBI Mutual Fund,Equity Scheme - Small Cap Fund
2023-03-31,125497,SBI Small Cap Fund - Direct Plan - Growth,121.7144,SBI Mutual Fund,Equity Scheme - Small Cap Fund
2023-04-03,125497,SBI Small Cap Fund - Direct Plan - Growth,122.1271,SBI Mutual Fund,Equity Scheme - Small Cap Fund
2023-04-05,125497,SBI Small Cap Fund - Direct Plan - Growth,122.6212,SBI Mutual Fund,Equity Scheme - Small Cap Fund
2023-04-06,125497,SBI Small Cap Fund - Direct Plan - Growth,122.7811,SBI Mutual Fund,Equity Scheme - Small Cap Fund
2023-04-10,125497,SBI Small Cap Fund - Direct Plan - Growth,122.9416,SBI Mutual Fund,Equity Scheme - Small Cap Fund
2023-04-11,125497,SBI Small Cap Fund - Direct Plan - Growth,123.2215,SBI Mutual Fund,Equity Scheme - Small Cap Fund
2023-04-12,125497,SBI Small Cap Fund - Direct Plan - Growth,123.6808,SBI Mutual Fund,Equity Scheme - Small Cap Fund
2023-04-13,125497,SBI Small Cap Fund - Direct Plan - Growth,123.9911,SBI Mutual Fund,Equity Scheme - Small Cap Fund
2023-04-17,125497,SBI Small Cap Fund - Direct Plan - Growth,124.2728,SBI Mutual Fund,Equity Scheme - Small Cap Fund
2023-04-18,125497,SBI Small Cap Fund - Direct Plan - Growth,124.3244,SBI Mutual Fund,Equity Scheme - Small Cap Fund
2023-04-19,125497,SBI Small Cap Fund - Direct Plan - Growth,124.6246,SBI Mutual Fund,Equity Scheme - Small Cap Fund
2023-04-20,125497,SBI Small Cap Fund - Direct Plan - Growth,125.3792,SBI Mutual Fund,Equity Scheme - Small Cap Fund
2023-04-21,125497,SBI Small Cap Fund - Direct Plan - Growth,125.2284,SBI Mutual Fund,Equity Scheme - Small Cap Fund
2023-04-24,125497,SBI Small Cap Fund - Direct Plan - Growth,125.372,SBI Mutual Fund,Equity Scheme - Small Cap Fund
2023-04-25,125497,SBI Small Cap Fund - Direct Plan - Growth,125.3949,SBI Mutual Fund,Equity Scheme - Small Cap Fund
2023-04-26,125497,SBI Small Cap Fund - Direct Plan - Growth,125.8618,SBI Mutual Fund,Equity Scheme - Small Cap Fund
2023-04-27,125497,SBI Small Cap Fund - Direct Plan - Growth,126.338,SBI Mutual Fund,Equity Scheme - Small Cap Fund
2023-04-28,125497,SBI Small Cap Fund - Direct Plan - Growth,127.1712,SBI Mutual Fund,Equity Scheme - Small Cap Fund
2023-05-02,125497,SBI Small Cap Fund - Direct Plan - Growth,127.3545,SBI Mutual Fund,Equity Scheme - Small Cap Fund
2023-05-03,125497,SBI Small Cap Fund - Direct Plan - Growth,127.493,SBI Mutual Fund,Equity Scheme - Small Cap Fund
2023-05-04,125497,SBI Small Cap Fund - Direct Plan - Growth,128.1846,SBI Mutual Fund,Equity Scheme - Small Cap Fund
2023-05-05,125497,SBI Small Cap Fund - Direct Plan - Growth,127.7371,SBI Mutual Fund,Equity Scheme - Small Cap Fund
2023-05-08,125497,SBI Small Cap Fund - Direct Plan - Growth,128.9877,SBI Mutual Fund,Equity Scheme - Small Cap Fund
2023-05-09,125497,SBI Small Cap Fund - Direct Plan - Growth,128.8274,SBI Mutual Fund,Equity Scheme - Small Cap Fund
2023-05-10,125497,SBI Small Cap Fund - Direct Plan - Growth,129.4546,SBI Mutual Fund,Equity Scheme - Small Cap Fund
2023-05-11,125497,SBI Small Cap Fund - Direct Plan - Growth,130.2851,SBI Mutual Fund,Equity Scheme - Small Cap Fund
2023-05-12,125497,SBI Small Cap Fund - Direct Plan - Growth,130.1433,SBI Mutual Fund,Equity Scheme - Small Cap Fund
2023-05-15,125497,SBI Small Cap Fund - Direct Plan - Growth,130.5259,SBI Mutual Fund,Equity Scheme - Small Cap Fund
2023-05-16,125497,SBI Small Cap Fund - Direct Plan - Growth,130.8127,SBI Mutual Fund,Equity Scheme - Small Cap Fund
2023-05-17,125497,SBI Small Cap Fund - Direct Plan - Growth,130.5682,SBI Mutual Fund,Equity Scheme - Small Cap Fund
2023-05-18,125497,SBI Small Cap Fund - Direct Plan - Growth,130.6447,SBI Mutual Fund,Equity Scheme - Small Cap Fund
2023-05-19,125497,SBI Small Cap Fund - Direct Plan - Growth,130.2383,SBI Mutual Fund,Equity Scheme - Small Cap Fund
2023-05-22,125497,SBI Small Cap Fund - Direct Plan - Growth,131.1264,SBI Mutual Fund,Equity Scheme - Small Cap Fund
2023-05-23,125497,SBI Small Cap Fund - Direct Plan - Growth,130.87,SBI Mutual Fund,Equity Scheme - Small Cap Fund
2023-05-24,125497,SBI Small Cap Fund - Direct Plan - Growth,130.9864,SBI Mutual Fund,Equity Scheme - Small Cap Fund
2023-05-25,125497,SBI Small Cap Fund - Direct Plan - Growth,131.1635,SBI Mutual Fund,Equity Scheme - Small Cap Fund
2023-05-26,125497,SBI Small Cap Fund - Direct Plan - Growth,131.5821,SBI Mutual Fund,Equity Scheme - Small Cap Fund
2023-05-29,125497,SBI Small Cap Fund - Direct Plan - Growth,131.7139,SBI Mutual Fund,Equity Scheme - Small Cap Fund
2023-05-30,125497,SBI Small Cap Fund - Direct Plan - Growth,131.9012,SBI Mutual Fund,Equity Scheme - Small Cap Fund
2023-05-31,125497,SBI Small Cap Fund - Direct Plan - Growth,132.2913,SBI Mutual Fund,Equity Scheme - Small Cap Fund
2023-06-01,125497,SBI Small Cap Fund - Direct Plan - Growth,132.3341,SBI Mutual Fund,Equity Scheme - Small Cap Fund
2023-06-02,125497,SBI Small Cap Fund - Direct Plan - Growth,132.614,SBI Mutual Fund,Equity Scheme - Small Cap Fund
2023-06-05,125497,SBI Small Cap Fund - Direct Plan - Growth,133.1177,SBI Mutual Fund,Equity Scheme - Small Cap Fund
2023-06-06,125497,SBI Small Cap Fund - Direct Plan - Growth,133.5734,SBI Mutual Fund,Equity Scheme - Small Cap Fund
2023-06-07,125497,SBI Small Cap Fund - Direct Plan - Growth,134.9855,SBI Mutual Fund,Equity Scheme - Small Cap Fund
2023-06-08,125497,SBI Small Cap Fund - Direct Plan - Growth,134.5646,SBI Mutual Fund,Equity Scheme - Small Cap Fund
2023-06-09,125497,SBI Small Cap Fund - Direct Plan - Growth,134.1118,SBI Mutual Fund,Equity Scheme - Small Cap Fund
2023-06-12,125497,SBI Small Cap Fund - Direct Plan - Growth,134.7018,SBI Mutual Fund,Equity Scheme - Small Cap Fund
2023-06-13,125497,SBI Small Cap Fund - Direct Plan - Growth,135.9844,SBI Mutual Fund,Equity Scheme - Small Cap Fund
2023-06-14,125497,SBI Small Cap Fund - Direct Plan - Growth,136.5423,SBI Mutual Fund,Equity Scheme - Small Cap Fund
2023-06-15,125497,SBI Small Cap Fund - Direct Plan - Growth,136.6775,SBI Mutual Fund,Equity Scheme - Small Cap Fund
2023-06-16,125497,SBI Small Cap Fund - Direct Plan - Growth,137.2618,SBI Mutual Fund,Equity Scheme - Small Cap Fund
2023-06-19,125497,SBI Small Cap Fund - Direct Plan - Growth,137.0258,SBI Mutual Fund,Equity Scheme - Small Cap Fund
2023-06-20,125497,SBI Small Cap Fund - Direct Plan - Growth,137.3878,SBI Mutual Fund,Equity Scheme - Small Cap Fund
2023-06-21,125497,SBI Small Cap Fund - Direct Plan - Growth,137.8518,SBI Mutual Fund,Equity Scheme - Small Cap Fund
2023-06-22,125497,SBI Small Cap Fund - Direct Plan - Growth,137.2514,SBI Mutual Fund,Equity Scheme - Small Cap Fund
2023-06-23,125497,SBI Small Cap Fund - Direct Plan - Growth,136.3524,SBI Mutual Fund,Equity Scheme - Small Cap Fund
2023-06-26,125497,SBI Small Cap Fund - Direct Plan - Growth,137.1738,SBI Mutual Fund,Equity Scheme - Small Cap Fund
2023-06-27,125497,SBI Small Cap Fund - Direct Plan - Growth,137.5173,SBI Mutual Fund,Equity Scheme - Small Cap Fund
2023-06-28,125497,SBI Small Cap Fund - Direct Plan - Growth,137.561,SBI Mutual Fund,Equity Scheme - Small Cap Fund
2023-06-30,125497,SBI Small Cap Fund - Direct Plan - Growth,138.0883,SBI Mutual Fund,Equity Scheme - Small Cap Fund
2023-07-03,125497,SBI Small Cap Fund - Direct Plan - Growth,138.6742,SBI Mutual Fund,Equity Scheme - Small Cap Fund
2023-07-04,125497,SBI Small Cap Fund - Direct Plan - Growth,138.2876,SBI Mutual Fund,Equity Scheme - Small Cap Fund
2023-07-05,125497,SBI Small Cap Fund - Direct Plan - Growth,138.9579,SBI Mutual Fund,Equity Scheme - Small Cap Fund
2023-07-06,125497,SBI Small Cap Fund - Direct Plan - Growth,139.6278,SBI Mutual Fund,Equity Scheme - Small Cap Fund
2023-07-07,125497,SBI Small Cap Fund - Direct Plan - Growth,139.5112,SBI Mutual Fund,Equity Scheme - Small Cap Fund
2023-07-10,125497,SBI Small Cap Fund - Direct Plan - Growth,139.4743,SBI Mutual Fund,Equity Scheme - Small Cap Fund
2023-07-11,125497,SBI Small Cap Fund - Direct Plan - Growth,139.9054,SBI Mutual Fund,Equity Scheme - Small Cap Fund
2023-07-12,125497,SBI Small Cap Fund - Direct Plan - Growth,140.8036,SBI Mutual Fund,Equity Scheme - Small Cap Fund
2023-07-13,125497,SBI Small Cap Fund - Direct Plan - Growth,140.3448,SBI Mutual Fund,Equity Scheme - Small Cap Fund
2023-07-14,125497,SBI Small Cap Fund - Direct Plan - Growth,141.0983,SBI Mutual Fund,Equity Scheme - Small Cap Fund
2023-07-17,125497,SBI Small Cap Fund - Direct Plan - Growth,142.205,SBI Mutual Fund,Equity Scheme - Small Cap Fund
2023-07-18,125497,SBI Small Cap Fund - Direct Plan - Growth,141.8948,SBI Mutual Fund,Equity Scheme - Small Cap Fund
2023-07-19,125497,SBI Small Cap Fund - Direct Plan - Growth,142.4317,SBI Mutual Fund,Equity Scheme - Small Cap Fund
2023-07-20,125497,SBI Small Cap Fund - Direct Plan - Growth,143.0615,SBI Mutual Fund,Equity Scheme - Small Cap Fund
2023-07-21,125497,SBI Small Cap Fund - Direct Plan - Growth,142.8064,SBI Mutual Fund,Equity Scheme - Small Cap Fund
2023-07-24,125497,SBI Small Cap Fund - Direct Plan - Growth,143.1832,SBI Mutual Fund,Equity Scheme - Small Cap Fund
2023-07-25,125497,SBI Small Cap Fund - Direct Plan - Growth,143.1863,SBI Mutual Fund,Equity Scheme - Small Cap Fund
2023-07-26,125497,SBI Small Cap Fund - Direct Plan - Growth,143.6188,SBI Mutual Fund,Equity Scheme - Small Cap Fund
2023-07-27,125497,SBI Small Cap Fund - Direct Plan - Growth,143.8359,SBI Mutual Fund,Equity Scheme - Small Cap Fund
2023-07-28,125497,SBI Small Cap Fund - Direct Plan - Growth,144.5824,SBI Mutual Fund,Equity Scheme - Small Cap Fund
2023-07-31,125497,SBI Small Cap Fund - Direct Plan - Growth,146.1582,SBI Mutual Fund,Equity Scheme - Small Cap Fund
2023-08-01,125497,SBI Small Cap Fund - Direct Plan - Growth,146.7457,SBI Mutual Fund,Equity Scheme - Small Cap Fund
2023-08-02,125497,SBI Small Cap Fund - Direct Plan - Growth,145.4234,SBI Mutual Fund,Equity Scheme - Small Cap Fund
2023-08-03,125497,SBI Small Cap Fund - Direct Plan - Growth,145.0795,SBI Mutual Fund,Equity Scheme - Small Cap Fund
2023-08-04,125497,SBI Small Cap Fund - Direct Plan - Growth,145.7129,SBI Mutual Fund,Equity Scheme - Small Cap Fund
2023-08-07,125497,SBI Small Cap Fund - Direct Plan - Growth,145.7272,SBI Mutual Fund,Equity Scheme - Small Cap Fund
2023-08-08,125497,SBI Small Cap Fund - Direct Plan - Growth,145.5002,SBI Mutual Fund,Equity Scheme - Small Cap Fund
2023-08-09,125497,SBI Small Cap Fund - Direct Plan - Growth,146.3293,SBI Mutual Fund,Equity Scheme - Small Cap Fund
2023-08-10,125497,SBI Small Cap Fund - Direct Plan - Growth,145.4723,SBI Mutual Fund,Equity Scheme - Small Cap Fund
2023-08-11,125497,SBI Small Cap Fund - Direct Plan - Growth,145.5881,SBI Mutual Fund,Equity Scheme - Small Cap Fund
2023-08-14,125497,SBI Small Cap Fund - Direct Plan - Growth,145.3391,SBI Mutual Fund,Equity Scheme - Small Cap Fund
2023-08-16,125497,SBI Small Cap Fund - Direct Plan - Growth,145.847,SBI Mutual Fund,Equity Scheme - Small Cap Fund
2023-08-17,125497,SBI Small Cap Fund - Direct Plan - Growth,145.501,SBI Mutual Fund,Equity Scheme - Small Cap Fund
2023-08-18,125497,SBI Small Cap Fund - Direct Plan - Growth,145.4976,SBI Mutual Fund,Equity Scheme - Small Cap Fund
2023-08-21,125497,SBI Small Cap Fund - Direct Plan - Growth,145.9692,SBI Mutual Fund,Equity Scheme - Small Cap Fund
2023-08-22,125497,SBI Small Cap Fund - Direct Plan - Growth,147.4207,SBI Mutual Fund,Equity Scheme - Small Cap Fund
2023-08-23,125497,SBI Small Cap Fund - Direct Plan - Growth,147.6666,SBI Mutual Fund,Equity Scheme - Small Cap Fund
2023-08-24,125497,SBI Small Cap Fund - Direct Plan - Growth,147.6233,SBI Mutual Fund,Equity Scheme - Small Cap Fund
2023-08-25,125497,SBI Small Cap Fund - Direct Plan - Growth,147.0885,SBI Mutual Fund,Equity Scheme - Small Cap Fund
2023-08-28,125497,SBI Small Cap Fund - Direct Plan - Growth,148.1074,SBI Mutual Fund,Equity Scheme - Small Cap Fund
2023-08-29,125497,SBI Small Cap Fund - Direct Plan - Growth,148.5692,SBI Mutual Fund,Equity Scheme - Small Cap Fund
2023-08-30,125497,SBI Small Cap Fund - Direct Plan - Growth,149.2884,SBI Mutual Fund,Equity Scheme - Small Cap Fund
2023-08-31,125497,SBI Small Cap Fund - Direct Plan - Growth,150.2306,SBI Mutual Fund,Equity Scheme - Small Cap Fund
2023-09-01,125497,SBI Small Cap Fund - Direct Plan - Growth,150.4126,SBI Mutual Fund,Equity Scheme - Small Cap Fund
2023-09-04,125497,SBI Small Cap Fund - Direct Plan - Growth,151.5748,SBI Mutual Fund,Equity Scheme - Small Cap Fund
2023-09-05,125497,SBI Small Cap Fund - Direct Plan - Growth,151.7655,SBI Mutual Fund,Equity Scheme - Small Cap Fund
2023-09-06,125497,SBI Small Cap Fund - Direct Plan - Growth,151.6147,SBI Mutual Fund,Equity Scheme - Small Cap Fund
2023-09-07,125497,SBI Small Cap Fund - Direct Plan - Growth,153.151,SBI Mutual Fund,Equity Scheme - Small Cap Fund
2023-09-08,125497,SBI Small Cap Fund - Direct Plan - Growth,153.8431,SBI Mutual Fund,Equity Scheme - Small Cap Fund
2023-09-11,125497,SBI Small Cap Fund - Direct Plan - Growth,154.9908,SBI Mutual Fund,Equity Scheme - Small Cap Fund
2023-09-12,125497,SBI Small Cap Fund - Direct Plan - Growth,151.6583,SBI Mutual Fund,Equity Scheme - Small Cap Fund
2023-09-13,125497,SBI Small Cap Fund - Direct Plan - Growth,151.9055,SBI Mutual Fund,Equity Scheme - Small Cap Fund
2023-09-14,125497,SBI Small Cap Fund - Direct Plan - Growth,153.1389,SBI Mutual Fund,Equity Scheme - Small Cap Fund
2023-09-15,125497,SBI Small Cap Fund - Direct Plan - Growth,153.193,SBI Mutual Fund,Equity Scheme - Small Cap Fund
2023-09-18,125497,SBI Small Cap Fund - Direct Plan - Growth,152.7061,SBI Mutual Fund,Equity Scheme - Small Cap Fund
2023-09-20,125497,SBI Small Cap Fund - Direct Plan - Growth,152.9313,SBI Mutual Fund,Equity Scheme - Small Cap Fund
2023-09-21,125497,SBI Small Cap Fund - Direct Plan - Growth,150.8272,SBI Mutual Fund,Equity Scheme - Small Cap Fund
2023-09-22,125497,SBI Small Cap Fund - Direct Plan - Growth,151.2597,SBI Mutual Fund,Equity Scheme - Small Cap Fund
2023-09-25,125497,SBI Small Cap Fund - Direct Plan - Growth,151.1966,SBI Mutual Fund,Equity Scheme - Small Cap Fund
2023-09-26,125497,SBI Small Cap Fund - Direct Plan - Growth,151.1526,SBI Mutual Fund,Equity Scheme - Small Cap Fund
2023-09-27,125497,SBI Small Cap Fund - Direct Plan - Growth,151.7553,SBI Mutual Fund,Equity Scheme - Small Cap Fund
2023-09-29,125497,SBI Small Cap Fund - Direct Plan - Growth,151.2497,SBI Mutual Fund,Equity Scheme - Small Cap Fund
2023-10-03,125497,SBI Small Cap Fund - Direct Plan - Growth,151.7295,SBI Mutual Fund,Equity Scheme - Small Cap Fund
2023-10-04,125497,SBI Small Cap Fund - Direct Plan - Growth,150.848,SBI Mutual Fund,Equity Scheme - Small Cap Fund
2023-10-05,125497,SBI Small Cap Fund - Direct Plan - Growth,151.0584,SBI Mutual Fund,Equity Scheme - Small Cap Fund
2023-10-06,125497,SBI Small Cap Fund - Direct Plan - Growth,151.72,SBI Mutual Fund,Equity Scheme - Small Cap Fund
2023-10-09,125497,SBI Small Cap Fund - Direct Plan - Growth,149.6845,SBI Mutual Fund,Equity Scheme - Small Cap Fund
2023-10-10,125497,SBI Small Cap Fund - Direct Plan - Growth,150.8563,SBI Mutual Fund,Equity Scheme - Small Cap Fund
2023-10-11,125497,SBI Small Cap Fund - Direct Plan - Growth,151.7229,SBI Mutual Fund,Equity Scheme - Small Cap Fund
2023-10-12,125497,SBI Small Cap Fund - Direct Plan - Growth,152.0191,SBI Mutual Fund,Equity Scheme - Small Cap Fund
2023-10-13,125497,SBI Small Cap Fund - Direct Plan - Growth,151.9922,SBI Mutual Fund,Equity Scheme - Small Cap Fund
2023-10-16,125497,SBI Small Cap Fund - Direct Plan - Growth,152.9747,SBI Mutual Fund,Equity Scheme - Small Cap Fund
2023-10-17,125497,SBI Small Cap Fund - Direct Plan - Growth,153.4866,SBI Mutual Fund,Equity Scheme - Small Cap Fund
2023-10-18,125497,SBI Small Cap Fund - Direct Plan - Growth,153.6252,SBI Mutual Fund,Equity Scheme - Small Cap Fund
2023-10-19,125497,SBI Small Cap Fund - Direct Plan - Growth,153.637,SBI Mutual Fund,Equity Scheme - Small Cap Fund
2023-10-20,125497,SBI Small Cap Fund - Direct Plan - Growth,152.8916,SBI Mutual Fund,Equity Scheme - Small Cap Fund
2023-10-23,125497,SBI Small Cap Fund - Direct Plan - Growth,148.0186,SBI Mutual Fund,Equity Scheme - Small Cap Fund
2023-10-25,125497,SBI Small Cap Fund - Direct Plan - Growth,146.7862,SBI Mutual Fund,Equity Scheme - Small Cap Fund
2023-10-26,125497,SBI Small Cap Fund - Direct Plan - Growth,145.453,SBI Mutual Fund,Equity Scheme - Small Cap Fund
2023-10-27,125497,SBI Small Cap Fund - Direct Plan - Growth,147.2793,SBI Mutual Fund,Equity Scheme - Small Cap Fund
2023-10-30,125497,SBI Small Cap Fund - Direct Plan - Growth,147.1974,SBI Mutual Fund,Equity Scheme - Small Cap Fund
2023-10-31,125497,SBI Small Cap Fund - Direct Plan - Growth,147.5626,SBI Mutual Fund,Equity Scheme - Small Cap Fund
2023-11-01,125497,SBI Small Cap Fund - Direct Plan - Growth,147.1546,SBI Mutual Fund,Equity Scheme - Small Cap Fund
2023-11-02,125497,SBI Small Cap Fund - Direct Plan - Growth,147.8192,SBI Mutual Fund,Equity Scheme - Small Cap Fund
2023-11-03,125497,SBI Small Cap Fund - Direct Plan - Growth,148.7205,SBI Mutual Fund,Equity Scheme - Small Cap Fund
2023-11-06,125497,SBI Small Cap Fund - Direct Plan - Growth,149.592,SBI Mutual Fund,Equity Scheme - Small Cap Fund
2023-11-07,125497,SBI Small Cap Fund - Direct Plan - Growth,150.0494,SBI Mutual Fund,Equity Scheme - Small Cap Fund
2023-11-08,125497,SBI Small Cap Fund - Direct Plan - Growth,150.5331,SBI Mutual Fund,Equity Scheme - Small Cap Fund
2023-11-09,125497,SBI Small Cap Fund - Direct Plan - Growth,150.3998,SBI Mutual Fund,Equity Scheme - Small Cap Fund
2023-11-10,125497,SBI Small Cap Fund - Direct Plan - Growth,150.5781,SBI Mutual Fund,Equity Scheme - Small Cap Fund
2023-11-13,125497,SBI Small Cap Fund - Direct Plan - Growth,151.314,SBI Mutual Fund,Equity Scheme - Small Cap Fund
2023-11-15,125497,SBI Small Cap Fund - Direct Plan - Growth,152.7398,SBI Mutual Fund,Equity Scheme - Small Cap Fund
2023-11-16,125497,SBI Small Cap Fund - Direct Plan - Growth,152.8377,SBI Mutual Fund,Equity Scheme - Small Cap Fund
2023-11-17,125497,SBI Small Cap Fund - Direct Plan - Growth,153.408,SBI Mutual Fund,Equity Scheme - Small Cap Fund
2023-11-20,125497,SBI Small Cap Fund - Direct Plan - Growth,153.9873,SBI Mutual Fund,Equity Scheme - Small Cap Fund
2023-11-21,125497,SBI Small Cap Fund - Direct Plan - Growth,154.9701,SBI Mutual Fund,Equity Scheme - Small Cap Fund
2023-11-22,125497,SBI Small Cap Fund - Direct Plan - Growth,154.4341,SBI Mutual Fund,Equity Scheme - Small Cap Fund
2023-11-23,125497,SBI Small Cap Fund - Direct Plan - Growth,154.3926,SBI Mutual Fund,Equity Scheme - Small Cap Fund
2023-11-24,125497,SBI Small Cap Fund - Direct Plan - Growth,154.683,SBI Mutual Fund,Equity Scheme - Small Cap Fund
2023-11-28,125497,SBI Small Cap Fund - Direct Plan - Growth,155.6451,SBI Mutual Fund,Equity Scheme - Small Cap Fund
2023-11-29,125497,SBI Small Cap Fund - Direct Plan - Growth,155.7105,SBI Mutual Fund,Equity Scheme - Small Cap Fund
2023-11-30,125497,SBI Small Cap Fund - Direct Plan - Growth,157.4314,SBI Mutual Fund,Equity Scheme - Small Cap Fund
2023-12-01,125497,SBI Small Cap Fund - Direct Plan - Growth,157.4176,SBI Mutual Fund,Equity Scheme - Small Cap Fund
2023-12-04,125497,SBI Small Cap Fund - Direct Plan - Growth,158.8101,SBI Mutual Fund,Equity Scheme - Small Cap Fund
2023-12-05,125497,SBI Small Cap Fund - Direct Plan - Growth,159.5041,SBI Mutual Fund,Equity Scheme - Small Cap Fund
2023-12-06,125497,SBI Small Cap Fund - Direct Plan - Growth,159.4849,SBI Mutual Fund,Equity Scheme - Small Cap Fund
2023-12-07,125497,SBI Small Cap Fund - Direct Plan - Growth,159.9568,SBI Mutual Fund,Equity Scheme - Small Cap Fund
2023-12-08,125497,SBI Small Cap Fund - Direct Plan - Growth,159.5553,SBI Mutual Fund,Equity Scheme - Small Cap Fund
2023-12-11,125497,SBI Small Cap Fund - Direct Plan - Growth,159.7954,SBI Mutual Fund,Equity Scheme - Small Cap Fund
2023-12-12,125497,SBI Small Cap Fund - Direct Plan - Growth,159.4436,SBI Mutual Fund,Equity Scheme - Small Cap Fund
2023-12-13,125497,SBI Small Cap Fund - Direct Plan - Growth,159.9402,SBI Mutual Fund,Equity Scheme - Small Cap Fund
2023-12-14,125497,SBI Small Cap Fund - Direct Plan - Growth,161.0609,SBI Mutual Fund,Equity Scheme - Small Cap Fund
2023-12-15,125497,SBI Small Cap Fund - Direct Plan - Growth,161.5428,SBI Mutual Fund,Equity Scheme - Small Cap Fund
2023-12-18,125497,SBI Small Cap Fund - Direct Plan - Growth,161.4356,SBI Mutual Fund,Equity Scheme - Small Cap Fund
2023-12-19,125497,SBI Small Cap Fund - Direct Plan - Growth,161.0618,SBI Mutual Fund,Equity Scheme - Small Cap Fund
2023-12-20,125497,SBI Small Cap Fund - Direct Plan - Growth,157.127,SBI Mutual Fund,Equity Scheme - Small Cap Fund
2023-12-21,125497,SBI Small Cap Fund - Direct Plan - Growth,158.6327,SBI Mutual Fund,Equity Scheme - Small Cap Fund
2023-12-22,125497,SBI Small Cap Fund - Direct Plan - Growth,159.2023,SBI Mutual Fund,Equity Scheme - Small Cap Fund
2023-12-26,125497,SBI Small Cap Fund - Direct Plan - Growth,159.3241,SBI Mutual Fund,Equity Scheme - Small Cap Fund
2023-12-27,125497,SBI Small Cap Fund - Direct Plan - Growth,159.8029,SBI Mutual Fund,Equity Scheme - Small Cap Fund
2023-12-28,125497,SBI Small Cap Fund - Direct Plan - Growth,159.9625,SBI Mutual Fund,Equity Scheme - Small Cap Fund
2023-12-29,125497,SBI Small Cap Fund - Direct Plan - Growth,161.2357,SBI Mutual Fund,Equity Scheme - Small Cap Fund
2024-01-01,125497,SBI Small Cap Fund - Direct Plan - Growth,161.4272,SBI Mutual Fund,Equity Scheme - Small Cap Fund
2024-01-02,125497,SBI Small Cap Fund - Direct Plan - Growth,162.0646,SBI Mutual Fund,Equity Scheme - Small Cap Fund
2024-01-03,125497,SBI Small Cap Fund - Direct Plan - Growth,162.106,SBI Mutual Fund,Equity Scheme - Small Cap Fund
2024-01-04,125497,SBI Small Cap Fund - Direct Plan - Growth,162.7609,SBI Mutual Fund,Equity Scheme - Small Cap Fund
2024-01-05,125497,SBI Small Cap Fund - Direct Plan - Growth,163.7499,SBI Mutual Fund,Equity Scheme - Small Cap Fund
2024-01-08,125497,SBI Small Cap Fund - Direct Plan - Growth,162.5916,SBI Mutual Fund,Equity Scheme - Small Cap Fund
2024-01-09,125497,SBI Small Cap Fund - Direct Plan - Growth,162.8311,SBI Mutual Fund,Equity Scheme - Small Cap Fund
2024-01-10,125497,SBI Small Cap Fund - Direct Plan - Growth,162.7562,SBI Mutual Fund,Equity Scheme - Small Cap Fund
2024-01-11,125497,SBI Small Cap Fund - Direct Plan - Growth,163.7165,SBI Mutual Fund,Equity Scheme - Small Cap Fund
2024-01-12,125497,SBI Small Cap Fund - Direct Plan - Growth,164.2106,SBI Mutual Fund,Equity Scheme - Small Cap Fund
2024-01-15,125497,SBI Small Cap Fund - Direct Plan - Growth,165.0183,SBI Mutual Fund,Equity Scheme - Small Cap Fund
2024-01-16,125497,SBI Small Cap Fund - Direct Plan - Growth,164.4321,SBI Mutual Fund,Equity Scheme - Small Cap Fund
2024-01-17,125497,SBI Small Cap Fund - Direct Plan - Growth,162.9031,SBI Mutual Fund,Equity Scheme - Small Cap Fund
2024-01-18,125497,SBI Small Cap Fund - Direct Plan - Growth,162.2609,SBI Mutual Fund,Equity Scheme - Small Cap Fund
2024-01-19,125497,SBI Small Cap Fund - Direct Plan - Growth,162.8323,SBI Mutual Fund,Equity Scheme - Small Cap Fund
2024-01-23,125497,SBI Small Cap Fund - Direct Plan - Growth,161.1305,SBI Mutual Fund,Equity Scheme - Small Cap Fund
2024-01-24,125497,SBI Small Cap Fund - Direct Plan - Growth,162.9044,SBI Mutual Fund,Equity Scheme - Small Cap Fund
2024-01-25,125497,SBI Small Cap Fund - Direct Plan - Growth,163.0642,SBI Mutual Fund,Equity Scheme - Small Cap Fund
2024-01-29,125497,SBI Small Cap Fund - Direct Plan - Growth,164.243,SBI Mutual Fund,Equity Scheme - Small Cap Fund
2024-01-30,125497,SBI Small Cap Fund - Direct Plan - Growth,163.8854,SBI Mutual Fund,Equity Scheme - Small Cap Fund
2024-01-31,125497,SBI Small Cap Fund - Direct Plan - Growth,167.0853,SBI Mutual Fund,Equity Scheme - Small Cap Fund
2024-02-01,125497,SBI Small Cap Fund - Direct Plan - Growth,166.5191,SBI Mutual Fund,Equity Scheme - Small Cap Fund
2024-02-02,125497,SBI Small Cap Fund - Direct Plan - Growth,166.8172,SBI Mutual Fund,Equity Scheme - Small Cap Fund
2024-02-05,125497,SBI Small Cap Fund - Direct Plan - Growth,165.8049,SBI Mutual Fund,Equity Scheme - Small Cap Fund
2024-02-06,125497,SBI Small Cap Fund - Direct Plan - Growth,168.0277,SBI Mutual Fund,Equity Scheme - Small Cap Fund
2024-02-07,125497,SBI Small Cap Fund - Direct Plan - Growth,168.7067,SBI Mutual Fund,Equity Scheme - Small Cap Fund
2024-02-08,125497,SBI Small Cap Fund - Direct Plan - Growth,168.6894,SBI Mutual Fund,Equity Scheme - Small Cap Fund
2024-02-09,125497,SBI Small Cap Fund - Direct Plan - Growth,168.0813,SBI Mutual Fund,Equity Scheme - Small Cap Fund
2024-02-12,125497,SBI Small Cap Fund - Direct Plan - Growth,165.3607,SBI Mutual Fund,Equity Scheme - Small Cap Fund
2024-02-13,125497,SBI Small Cap Fund - Direct Plan - Growth,166.3553,SBI Mutual Fund,Equity Scheme - Small Cap Fund
2024-02-14,125497,SBI Small Cap Fund - Direct Plan - Growth,168.0551,SBI Mutual Fund,Equity Scheme - Small Cap Fund
2024-02-15,125497,SBI Small Cap Fund - Direct Plan - Growth,168.783,SBI Mutual Fund,Equity Scheme - Small Cap Fund
2024-02-16,125497,SBI Small Cap Fund - Direct Plan - Growth,169.6879,SBI Mutual Fund,Equity Scheme - Small Cap Fund
2024-02-19,125497,SBI Small Cap Fund - Direct Plan - Growth,169.6421,SBI Mutual Fund,Equity Scheme - Small Cap Fund
2024-02-20,125497,SBI Small Cap Fund - Direct Plan - Growth,169.7975,SBI Mutual Fund,Equity Scheme - Small Cap Fund
2024-02-21,125497,SBI Small Cap Fund - Direct Plan - Growth,169.2609,SBI Mutual Fund,Equity Scheme - Small Cap Fund
2024-02-22,125497,SBI Small Cap Fund - Direct Plan - Growth,169.453,SBI Mutual Fund,Equity Scheme - Small Cap Fund
2024-02-23,125497,SBI Small Cap Fund - Direct Plan - Growth,170.7513,SBI Mutual Fund,Equity Scheme - Small Cap Fund
2024-02-26,125497,SBI Small Cap Fund - Direct Plan - Growth,170.7723,SBI Mutual Fund,Equity Scheme - Small Cap Fund
2024-02-27,125497,SBI Small Cap Fund - Direct Plan - Growth,171.1506,SBI Mutual Fund,Equity Scheme - Small Cap Fund
2024-02-28,125497,SBI Small Cap Fund - Direct Plan - Growth,169.6781,SBI Mutual Fund,Equity Scheme - Small Cap Fund
2024-02-29,125497,SBI Small Cap Fund - Direct Plan - Growth,169.9634,SBI Mutual Fund,Equity Scheme - Small Cap Fund
2024-03-01,125497,SBI Small Cap Fund - Direct Plan - Growth,171.3862,SBI Mutual Fund,Equity Scheme - Small Cap Fund
2024-03-04,125497,SBI Small Cap Fund - Direct Plan - Growth,172.0116,SBI Mutual Fund,Equity Scheme - Small Cap Fund
2024-03-05,125497,SBI Small Cap Fund - Direct Plan - Growth,171.4449,SBI Mutual Fund,Equity Scheme - Small Cap Fund
2024-03-06,125497,SBI Small Cap Fund - Direct Plan - Growth,168.7803,SBI Mutual Fund,Equity Scheme - Small Cap Fund
2024-03-07,125497,SBI Small Cap Fund - Direct Plan - Growth,169.9846,SBI Mutual Fund,Equity Scheme - Small Cap Fund
2024-03-11,125497,SBI Small Cap Fund - Direct Plan - Growth,168.4794,SBI Mutual Fund,Equity Scheme - Small Cap Fund
2024-03-12,125497,SBI Small Cap Fund - Direct Plan - Growth,166.2062,SBI Mutual Fund,Equity Scheme - Small Cap Fund
2024-03-13,125497,SBI Small Cap Fund - Direct Plan - Growth,160.5835,SBI Mutual Fund,Equity Scheme - Small Cap Fund
2024-03-14,125497,SBI Small Cap Fund - Direct Plan - Growth,162.5619,SBI Mutual Fund,Equity Scheme - Small Cap Fund
2024-03-15,125497,SBI Small Cap Fund - Direct Plan - Growth,162.6157,SBI Mutual Fund,Equity Scheme - Small Cap Fund
2024-03-18,125497,SBI Small Cap Fund - Direct Plan - Growth,163.1055,SBI Mutual Fund,Equity Scheme - Small Cap Fund
2024-03-19,125497,SBI Small Cap Fund - Direct Plan - Growth,162.3885,SBI Mutual Fund,Equity Scheme - Small Cap Fund
2024-03-20,125497,SBI Small Cap Fund - Direct Plan - Growth,162.0769,SBI Mutual Fund,Equity Scheme - Small Cap Fund
2024-03-21,125497,SBI Small Cap Fund - Direct Plan - Growth,165.0148,SBI Mutual Fund,Equity Scheme - Small Cap Fund
2024-03-22,125497,SBI Small Cap Fund - Direct Plan - Growth,166.5897,SBI Mutual Fund,Equity Scheme - Small Cap Fund
2024-03-26,125497,SBI Small Cap Fund - Direct Plan - Growth,166.3844,SBI Mutual Fund,Equity Scheme - Small Cap Fund
2024-03-27,125497,SBI Small Cap Fund - Direct Plan - Growth,167.1819,SBI Mutual Fund,Equity Scheme - Small Cap Fund
2024-03-28,125497,SBI Small Cap Fund - Direct Plan - Growth,167.8139,SBI Mutual Fund,Equity Scheme - Small Cap Fund
2024-03-31,125497,SBI Small Cap Fund - Direct Plan - Growth,167.8136,SBI Mutual Fund,Equity Scheme - Small Cap Fund
2024-04-01,125497,SBI Small Cap Fund - Direct Plan - Growth,171.3184,SBI Mutual Fund,Equity Scheme - Small Cap Fund
2024-04-02,125497,SBI Small Cap Fund - Direct Plan - Growth,172.3272,SBI Mutual Fund,Equity Scheme - Small Cap Fund
2024-04-03,125497,SBI Small Cap Fund - Direct Plan - Growth,173.6926,SBI Mutual Fund,Equity Scheme - Small Cap Fund
2024-04-04,125497,SBI Small Cap Fund - Direct Plan - Growth,174.6364,SBI Mutual Fund,Equity Scheme - Small Cap Fund
2024-04-05,125497,SBI Small Cap Fund - Direct Plan - Growth,175.3538,SBI Mutual Fund,Equity Scheme - Small Cap Fund
2024-04-08,125497,SBI Small Cap Fund - Direct Plan - Growth,175.5646,SBI Mutual Fund,Equity Scheme - Small Cap Fund
2024-04-09,125497,SBI Small Cap Fund - Direct Plan - Growth,175.3061,SBI Mutual Fund,Equity Scheme - Small Cap Fund
2024-04-10,125497,SBI Small Cap Fund - Direct Plan - Growth,176.9202,SBI Mutual Fund,Equity Scheme - Small Cap Fund
2024-04-12,125497,SBI Small Cap Fund - Direct Plan - Growth,175.8047,SBI Mutual Fund,Equity Scheme - Small Cap Fund
2024-04-15,125497,SBI Small Cap Fund - Direct Plan - Growth,174.1554,SBI Mutual Fund,Equity Scheme - Small Cap Fund
2024-04-16,125497,SBI Small Cap Fund - Direct Plan - Growth,174.6419,SBI Mutual Fund,Equity Scheme - Small Cap Fund
2024-04-18,125497,SBI Small Cap Fund - Direct Plan - Growth,174.7465,SBI Mutual Fund,Equity Scheme - Small Cap Fund
2024-04-19,125497,SBI Small Cap Fund - Direct Plan - Growth,175.6445,SBI Mutual Fund,Equity Scheme - Small Cap Fund
2024-04-22,125497,SBI Small Cap Fund - Direct Plan - Growth,177.2586,SBI Mutual Fund,Equity Scheme - Small Cap Fund
2024-04-23,125497,SBI Small Cap Fund - Direct Plan - Growth,178.2084,SBI Mutual Fund,Equity Scheme - Small Cap Fund
2024-04-24,125497,SBI Small Cap Fund - Direct Plan - Growth,179.5328,SBI Mutual Fund,Equity Scheme - Small Cap Fund
2024-04-25,125497,SBI Small Cap Fund - Direct Plan - Growth,180.4345,SBI Mutual Fund,Equity Scheme - Small Cap Fund
2024-04-26,125497,SBI Small Cap Fund - Direct Plan - Growth,180.425,SBI Mutual Fund,Equity Scheme - Small Cap Fund
2024-04-29,125497,SBI Small Cap Fund - Direct Plan - Growth,181.053,SBI Mutual Fund,Equity Scheme - Small Cap Fund
2024-04-30,125497,SBI Small Cap Fund - Direct Plan - Growth,181.4347,SBI Mutual Fund,Equity Scheme - Small Cap Fund
2024-05-02,125497,SBI Small Cap Fund - Direct Plan - Growth,181.828,SBI Mutual Fund,Equity Scheme - Small Cap Fund
2024-05-03,125497,SBI Small Cap Fund - Direct Plan - Growth,180.5829,SBI Mutual Fund,Equity Scheme - Small Cap Fund
2024-05-06,125497,SBI Small Cap Fund - Direct Plan - Growth,179.8196,SBI Mutual Fund,Equity Scheme - Small Cap Fund
2024-05-07,125497,SBI Small Cap Fund - Direct Plan - Growth,178.2565,SBI Mutual Fund,Equity Scheme - Small Cap Fund
2024-05-08,125497,SBI Small Cap Fund - Direct Plan - Growth,179.0846,SBI Mutual Fund,Equity Scheme - Small Cap Fund
2024-05-09,125497,SBI Small Cap Fund - Direct Plan - Growth,174.9782,SBI Mutual Fund,Equity Scheme - Small Cap Fund
2024-05-10,125497,SBI Small Cap Fund - Direct Plan - Growth,175.7796,SBI Mutual Fund,Equity Scheme - Small Cap Fund
2024-05-13,125497,SBI Small Cap Fund - Direct Plan - Growth,175.8048,SBI Mutual Fund,Equity Scheme - Small Cap Fund
2024-05-14,125497,SBI Small Cap Fund - Direct Plan - Growth,177.7655,SBI Mutual Fund,Equity Scheme - Small Cap Fund
2024-05-15,125497,SBI Small Cap Fund - Direct Plan - Growth,179.5407,SBI Mutual Fund,Equity Scheme - Small Cap Fund
2024-05-16,125497,SBI Small Cap Fund - Direct Plan - Growth,181.9138,SBI Mutual Fund,Equity Scheme - Small Cap Fund
2024-05-17,125497,SBI Small Cap Fund - Direct Plan - Growth,183.6697,SBI Mutual Fund,Equity Scheme - Small Cap Fund
2024-05-21,125497,SBI Small Cap Fund - Direct Plan - Growth,184.7749,SBI Mutual Fund,Equity Scheme - Small Cap Fund
2024-05-22,125497,SBI Small Cap Fund - Direct Plan - Growth,185.1718,SBI Mutual Fund,Equity Scheme - Small Cap Fund
2024-05-23,125497,SBI Small Cap Fund - Direct Plan - Growth,184.8647,SBI Mutual Fund,Equity Scheme - Small Cap Fund
2024-05-24,125497,SBI Small Cap Fund - Direct Plan - Growth,184.2296,SBI Mutual Fund,Equity Scheme - Small Cap Fund
2024-05-27,125497,SBI Small Cap Fund - Direct Plan - Growth,183.9672,SBI Mutual Fund,Equity Scheme - Small Cap Fund
2024-05-28,125497,SBI Small Cap Fund - Direct Plan - Growth,183.2963,SBI Mutual Fund,Equity Scheme - Small Cap Fund
2024-05-29,125497,SBI Small Cap Fund - Direct Plan - Growth,183.9199,SBI Mutual Fund,Equity Scheme - Small Cap Fund
2024-05-30,125497,SBI Small Cap Fund - Direct Plan - Growth,181.9907,SBI Mutual Fund,Equity Scheme - Small Cap Fund
2024-05-31,125497,SBI Small Cap Fund - Direct Plan - Growth,183.555,SBI Mutual Fund,Equity Scheme - Small Cap Fund
2024-06-03,125497,SBI Small Cap Fund - Direct Plan - Growth,186.9155,SBI Mutual Fund,Equity Scheme - Small Cap Fund
2024-06-04,125497,SBI Small Cap Fund - Direct Plan - Growth,178.3591,SBI Mutual Fund,Equity Scheme - Small Cap Fund
2024-06-05,125497,SBI Small Cap Fund - Direct Plan - Growth,183.0496,SBI Mutual Fund,Equity Scheme - Small Cap Fund
2024-06-06,125497,SBI Small Cap Fund - Direct Plan - Growth,186.5083,SBI Mutual Fund,Equity Scheme - Small Cap Fund
2024-06-07,125497,SBI Small Cap Fund - Direct Plan - Growth,189.5698,SBI Mutual Fund,Equity Scheme - Small Cap Fund
2024-06-10,125497,SBI Small Cap Fund - Direct Plan - Growth,192.3518,SBI Mutual Fund,Equity Scheme - Small Cap Fund
2024-06-11,125497,SBI Small Cap Fund - Direct Plan - Growth,193.7358,SBI Mutual Fund,Equity Scheme - Small Cap Fund
2024-06-12,125497,SBI Small Cap Fund - Direct Plan - Growth,195.4415,SBI Mutual Fund,Equity Scheme - Small Cap Fund
2024-06-13,125497,SBI Small Cap Fund - Direct Plan - Growth,196.4383,SBI Mutual Fund,Equity Scheme - Small Cap Fund
2024-06-14,125497,SBI Small Cap Fund - Direct Plan - Growth,198.1281,SBI Mutual Fund,Equity Scheme - Small Cap Fund
2024-06-18,125497,SBI Small Cap Fund - Direct Plan - Growth,198.2516,SBI Mutual Fund,Equity Scheme - Small Cap Fund
2024-06-19,125497,SBI Small Cap Fund - Direct Plan - Growth,197.8645,SBI Mutual Fund,Equity Scheme - Small Cap Fund
2024-06-20,125497,SBI Small Cap Fund - Direct Plan - Growth,198.7321,SBI Mutual Fund,Equity Scheme - Small Cap Fund
2024-06-21,125497,SBI Small Cap Fund - Direct Plan - Growth,198.8453,SBI Mutual Fund,Equity Scheme - Small Cap Fund
2024-06-24,125497,SBI Small Cap Fund - Direct Plan - Growth,198.9645,SBI Mutual Fund,Equity Scheme - Small Cap Fund
2024-06-25,125497,SBI Small Cap Fund - Direct Plan - Growth,199.2888,SBI Mutual Fund,Equity Scheme - Small Cap Fund
2024-06-26,125497,SBI Small Cap Fund - Direct Plan - Growth,198.6826,SBI Mutual Fund,Equity Scheme - Small Cap Fund
2024-06-27,125497,SBI Small Cap Fund - Direct Plan - Growth,197.541,SBI Mutual Fund,Equity Scheme - Small Cap Fund
2024-06-28,125497,SBI Small Cap Fund - Direct Plan - Growth,197.8746,SBI Mutual Fund,Equity Scheme - Small Cap Fund
2024-06-30,125497,SBI Small Cap Fund - Direct Plan - Growth,197.8755,SBI Mutual Fund,Equity Scheme - Small Cap Fund
2024-07-01,125497,SBI Small Cap Fund - Direct Plan - Growth,200.4556,SBI Mutual Fund,Equity Scheme - Small Cap Fund
2024-07-02,125497,SBI Small Cap Fund - Direct Plan - Growth,200.5912,SBI Mutual Fund,Equity Scheme - Small Cap Fund
2024-07-03,125497,SBI Small Cap Fund - Direct Plan - Growth,202.9049,SBI Mutual Fund,Equity Scheme - Small Cap Fund
2024-07-04,125497,SBI Small Cap Fund - Direct Plan - Growth,203.5723,SBI Mutual Fund,Equity Scheme - Small Cap Fund
2024-07-05,125497,SBI Small Cap Fund - Direct Plan - Growth,204.8921,SBI Mutual Fund,Equity Scheme - Small Cap Fund
2024-07-08,125497,SBI Small Cap Fund - Direct Plan - Growth,203.9505,SBI Mutual Fund,Equity Scheme - Small Cap Fund
2024-07-09,125497,SBI Small Cap Fund - Direct Plan - Growth,204.7434,SBI Mutual Fund,Equity Scheme - Small Cap Fund
2024-07-10,125497,SBI Small Cap Fund - Direct Plan - Growth,204.005,SBI Mutual Fund,Equity Scheme - Small Cap Fund
2024-07-11,125497,SBI Small Cap Fund - Direct Plan - Growth,205.3326,SBI Mutual Fund,Equity Scheme - Small Cap Fund
2024-07-12,125497,SBI Small Cap Fund - Direct Plan - Growth,204.3766,SBI Mutual Fund,Equity Scheme - Small Cap Fund
2024-07-15,125497,SBI Small Cap Fund - Direct Plan - Growth,204.2651,SBI Mutual Fund,Equity Scheme - Small Cap Fund
2024-07-16,125497,SBI Small Cap Fund - Direct Plan - Growth,204.6439,SBI Mutual Fund,Equity Scheme - Small Cap Fund
2024-07-18,125497,SBI Small Cap Fund - Direct Plan - Growth,203.6047,SBI Mutual Fund,Equity Scheme - Small Cap Fund
2024-07-19,125497,SBI Small Cap Fund - Direct Plan - Growth,200.7347,SBI Mutual Fund,Equity Scheme - Small Cap Fund
2024-07-22,125497,SBI Small Cap Fund - Direct Plan - Growth,202.0355,SBI Mutual Fund,Equity Scheme - Small Cap Fund
2024-07-23,125497,SBI Small Cap Fund - Direct Plan - Growth,201.7018,SBI Mutual Fund,Equity Scheme - Small Cap Fund
2024-07-24,125497,SBI Small Cap Fund - Direct Plan - Growth,204.4677,SBI Mutual Fund,Equity Scheme - Small Cap Fund
2024-07-25,125497,SBI Small Cap Fund - Direct Plan - Growth,203.7419,SBI Mutual Fund,Equity Scheme - Small Cap Fund
2024-07-26,125497,SBI Small Cap Fund - Direct Plan - Growth,205.4205,SBI Mutual Fund,Equity Scheme - Small Cap Fund
2024-07-29,125497,SBI Small Cap Fund - Direct Plan - Growth,208.2548,SBI Mutual Fund,Equity Scheme - Small Cap Fund
2024-07-30,125497,SBI Small Cap Fund - Direct Plan - Growth,208.6912,SBI Mutual Fund,Equity Scheme - Small Cap Fund
2024-07-31,125497,SBI Small Cap Fund - Direct Plan - Growth,208.4358,SBI Mutual Fund,Equity Scheme - Small Cap Fund
2024-08-01,125497,SBI Small Cap Fund - Direct Plan - Growth,207.8403,SBI Mutual Fund,Equity Scheme - Small Cap Fund
2024-08-02,125497,SBI Small Cap Fund - Direct Plan - Growth,206.2035,SBI Mutual Fund,Equity Scheme - Small Cap Fund
2024-08-05,125497,SBI Small Cap Fund - Direct Plan - Growth,199.5619,SBI Mutual Fund,Equity Scheme - Small Cap Fund
2024-08-06,125497,SBI Small Cap Fund - Direct Plan - Growth,199.0114,SBI Mutual Fund,Equity Scheme - Small Cap Fund
2024-08-07,125497,SBI Small Cap Fund - Direct Plan - Growth,202.0034,SBI Mutual Fund,Equity Scheme - Small Cap Fund
2024-08-08,125497,SBI Small Cap Fund - Direct Plan - Growth,201.0925,SBI Mutual Fund,Equity Scheme - Small Cap Fund
2024-08-09,125497,SBI Small Cap Fund - Direct Plan - Growth,201.5699,SBI Mutual Fund,Equity Scheme - Small Cap Fund
2024-08-12,125497,SBI Small Cap Fund - Direct Plan - Growth,202.1742,SBI Mutual Fund,Equity Scheme - Small Cap Fund
2024-08-13,125497,SBI Small Cap Fund - Direct Plan - Growth,201.6101,SBI Mutual Fund,Equity Scheme - Small Cap Fund
2024-08-14,125497,SBI Small Cap Fund - Direct Plan - Growth,200.5532,SBI Mutual Fund,Equity Scheme - Small Cap Fund
2024-08-16,125497,SBI Small Cap Fund - Direct Plan - Growth,202.8471,SBI Mutual Fund,Equity Scheme - Small Cap Fund
2024-08-19,125497,SBI Small Cap Fund - Direct Plan - Growth,204.1016,SBI Mutual Fund,Equity Scheme - Small Cap Fund
2024-08-20,125497,SBI Small Cap Fund - Direct Plan - Growth,204.2778,SBI Mutual Fund,Equity Scheme - Small Cap Fund
2024-08-21,125497,SBI Small Cap Fund - Direct Plan - Growth,205.6904,SBI Mutual Fund,Equity Scheme - Small Cap Fund
2024-08-22,125497,SBI Small Cap Fund - Direct Plan - Growth,206.1419,SBI Mutual Fund,Equity Scheme - Small Cap Fund
2024-08-23,125497,SBI Small Cap Fund - Direct Plan - Growth,206.3889,SBI Mutual Fund,Equity Scheme - Small Cap Fund
2024-08-26,125497,SBI Small Cap Fund - Direct Plan - Growth,206.7864,SBI Mutual Fund,Equity Scheme - Small Cap Fund
2024-08-27,125497,SBI Small Cap Fund - Direct Plan - Growth,207.4904,SBI Mutual Fund,Equity Scheme - Small Cap Fund
2024-08-28,125497,SBI Small Cap Fund - Direct Plan - Growth,207.8987,SBI Mutual Fund,Equity Scheme - Small Cap Fund
2024-08-29,125497,SBI Small Cap Fund - Direct Plan - Growth,207.0499,SBI Mutual Fund,Equity Scheme - Small Cap Fund
2024-08-30,125497,SBI Small Cap Fund - Direct Plan - Growth,208.4168,SBI Mutual Fund,Equity Scheme - Small Cap Fund
2024-08-31,125497,SBI Small Cap Fund - Direct Plan - Growth,208.4167,SBI Mutual Fund,Equity Scheme - Small Cap Fund
2024-09-02,125497,SBI Small Cap Fund - Direct Plan - Growth,208.3113,SBI Mutual Fund,Equity Scheme - Small Cap Fund
2024-09-03,125497,SBI Small Cap Fund - Direct Plan - Growth,209.171,SBI Mutual Fund,Equity Scheme - Small Cap Fund
2024-09-04,125497,SBI Small Cap Fund - Direct Plan - Growth,208.9043,SBI Mutual Fund,Equity Scheme - Small Cap Fund
2024-09-05,125497,SBI Small Cap Fund - Direct Plan - Growth,210.0836,SBI Mutual Fund,Equity Scheme - Small Cap Fund
2024-09-06,125497,SBI Small Cap Fund - Direct Plan - Growth,209.5018,SBI Mutual Fund,Equity Scheme - Small Cap Fund
2024-09-09,125497,SBI Small Cap Fund - Direct Plan - Growth,208.709,SBI Mutual Fund,Equity Scheme - Small Cap Fund
2024-09-10,125497,SBI Small Cap Fund - Direct Plan - Growth,211.8353,SBI Mutual Fund,Equity Scheme - Small Cap Fund
2024-09-11,125497,SBI Small Cap Fund - Direct Plan - Growth,210.1111,SBI Mutual Fund,Equity Scheme - Small Cap Fund
2024-09-12,125497,SBI Small Cap Fund - Direct Plan - Growth,211.2842,SBI Mutual Fund,Equity Scheme - Small Cap Fund
2024-09-13,125497,SBI Small Cap Fund - Direct Plan - Growth,212.6824,SBI Mutual Fund,Equity Scheme - Small Cap Fund
2024-09-16,125497,SBI Small Cap Fund - Direct Plan - Growth,213.118,SBI Mutual Fund,Equity Scheme - Small Cap Fund
2024-09-17,125497,SBI Small Cap Fund - Direct Plan - Growth,212.8713,SBI Mutual Fund,Equity Scheme - Small Cap Fund
2024-09-18,125497,SBI Small Cap Fund - Direct Plan - Growth,212.1974,SBI Mutual Fund,Equity Scheme - Small Cap Fund
2024-09-19,125497,SBI Small Cap Fund - Direct Plan - Growth,211.2903,SBI Mutual Fund,Equity Scheme - Small Cap Fund
2024-09-20,125497,SBI Small Cap Fund - Direct Plan - Growth,212.0753,SBI Mutual Fund,Equity Scheme - Small Cap Fund
2024-09-23,125497,SBI Small Cap Fund - Direct Plan - Growth,213.6607,SBI Mutual Fund,Equity Scheme - Small Cap Fund
2024-09-24,125497,SBI Small Cap Fund - Direct Plan - Growth,212.9454,SBI Mutual Fund,Equity Scheme - Small Cap Fund
2024-09-25,125497,SBI Small Cap Fund - Direct Plan - Growth,213.2071,SBI Mutual Fund,Equity Scheme - Small Cap Fund
2024-09-26,125497,SBI Small Cap Fund - Direct Plan - Growth,212.393,SBI Mutual Fund,Equity Scheme - Small Cap Fund
2024-09-27,125497,SBI Small Cap Fund - Direct Plan - Growth,213.8245,SBI Mutual Fund,Equity Scheme - Small Cap Fund
2024-09-30,125497,SBI Small Cap Fund - Direct Plan - Growth,213.8541,SBI Mutual Fund,Equity Scheme - Small Cap Fund
2024-10-01,125497,SBI Small Cap Fund - Direct Plan - Growth,214.2759,SBI Mutual Fund,Equity Scheme - Small Cap Fund
2024-10-03,125497,SBI Small Cap Fund - Direct Plan - Growth,211.1073,SBI Mutual Fund,Equity Scheme - Small Cap Fund
2024-10-04,125497,SBI Small Cap Fund - Direct Plan - Growth,210.645,SBI Mutual Fund,Equity Scheme - Small Cap Fund
2024-10-07,125497,SBI Small Cap Fund - Direct Plan - Growth,205.9307,SBI Mutual Fund,Equity Scheme - Small Cap Fund
2024-10-08,125497,SBI Small Cap Fund - Direct Plan - Growth,209.7125,SBI Mutual Fund,Equity Scheme - Small Cap Fund
2024-10-09,125497,SBI Small Cap Fund - Direct Plan - Growth,211.4618,SBI Mutual Fund,Equity Scheme - Small Cap Fund
2024-10-10,125497,SBI Small Cap Fund - Direct Plan - Growth,211.2075,SBI Mutual Fund,Equity Scheme - Small Cap Fund
2024-10-11,125497,SBI Small Cap Fund - Direct Plan - Growth,211.8682,SBI Mutual Fund,Equity Scheme - Small Cap Fund
2024-10-14,125497,SBI Small Cap Fund - Direct Plan - Growth,212.7061,SBI Mutual Fund,Equity Scheme - Small Cap Fund
2024-10-15,125497,SBI Small Cap Fund - Direct Plan - Growth,214.6767,SBI Mutual Fund,Equity Scheme - Small Cap Fund
2024-10-16,125497,SBI Small Cap Fund - Direct Plan - Growth,214.6138,SBI Mutual Fund,Equity Scheme - Small Cap Fund
2024-10-17,125497,SBI Small Cap Fund - Direct Plan - Growth,212.5836,SBI Mutual Fund,Equity Scheme - Small Cap Fund
2024-10-18,125497,SBI Small Cap Fund - Direct Plan - Growth,212.4258,SBI Mutual Fund,Equity Scheme - Small Cap Fund
2024-10-21,125497,SBI Small Cap Fund - Direct Plan - Growth,209.1812,SBI Mutual Fund,Equity Scheme - Small Cap Fund
2024-10-22,125497,SBI Small Cap Fund - Direct Plan - Growth,204.119,SBI Mutual Fund,Equity Scheme - Small Cap Fund
2024-10-23,125497,SBI Small Cap Fund - Direct Plan - Growth,204.1604,SBI Mutual Fund,Equity Scheme - Small Cap Fund
2024-10-24,125497,SBI Small Cap Fund - Direct Plan - Growth,202.3794,SBI Mutual Fund,Equity Scheme - Small Cap Fund
2024-10-25,125497,SBI Small Cap Fund - Direct Plan - Growth,199.0257,SBI Mutual Fund,Equity Scheme - Small Cap Fund
2024-10-28,125497,SBI Small Cap Fund - Direct Plan - Growth,198.762,SBI Mutual Fund,Equity Scheme - Small Cap Fund
2024-10-29,125497,SBI Small Cap Fund - Direct Plan - Growth,199.6621,SBI Mutual Fund,Equity Scheme - Small Cap Fund
2024-10-30,125497,SBI Small Cap Fund - Direct Plan - Growth,201.17,SBI Mutual Fund,Equity Scheme - Small Cap Fund
2024-10-31,125497,SBI Small Cap Fund - Direct Plan - Growth,204.7065,SBI Mutual Fund,Equity Scheme - Small Cap Fund
2024-11-04,125497,SBI Small Cap Fund - Direct Plan - Growth,204.1821,SBI Mutual Fund,Equity Scheme - Small Cap Fund
2024-11-05,125497,SBI Small Cap Fund - Direct Plan - Growth,203.8845,SBI Mutual Fund,Equity Scheme - Small Cap Fund
2024-11-06,125497,SBI Small Cap Fund - Direct Plan - Growth,205.5932,SBI Mutual Fund,Equity Scheme - Small Cap Fund
2024-11-07,125497,SBI Small Cap Fund - Direct Plan - Growth,204.9185,SBI Mutual Fund,Equity Scheme - Small Cap Fund
2024-11-08,125497,SBI Small Cap Fund - Direct Plan - Growth,202.8558,SBI Mutual Fund,Equity Scheme - Small Cap Fund
2024-11-11,125497,SBI Small Cap Fund - Direct Plan - Growth,201.1783,SBI Mutual Fund,Equity Scheme - Small Cap Fund
2024-11-12,125497,SBI Small Cap Fund - Direct Plan - Growth,198.665,SBI Mutual Fund,Equity Scheme - Small Cap Fund
2024-11-13,125497,SBI Small Cap Fund - Direct Plan - Growth,194.6035,SBI Mutual Fund,Equity Scheme - Small Cap Fund
2024-11-14,125497,SBI Small Cap Fund - Direct Plan - Growth,195.8825,SBI Mutual Fund,Equity Scheme - Small Cap Fund
2024-11-18,125497,SBI Small Cap Fund - Direct Plan - Growth,194.9632,SBI Mutual Fund,Equity Scheme - Small Cap Fund
2024-11-19,125497,SBI Small Cap Fund - Direct Plan - Growth,196.9149,SBI Mutual Fund,Equity Scheme - Small Cap Fund
2024-11-21,125497,SBI Small Cap Fund - Direct Plan - Growth,196.0174,SBI Mutual Fund,Equity Scheme - Small Cap Fund
2024-11-22,125497,SBI Small Cap Fund - Direct Plan - Growth,196.9679,SBI Mutual Fund,Equity Scheme - Small Cap Fund
2024-11-25,125497,SBI Small Cap Fund - Direct Plan - Growth,201.2427,SBI Mutual Fund,Equity Scheme - Small Cap Fund
2024-11-26,125497,SBI Small Cap Fund - Direct Plan - Growth,201.5981,SBI Mutual Fund,Equity Scheme - Small Cap Fund
2024-11-27,125497,SBI Small Cap Fund - Direct Plan - Growth,202.2303,SBI Mutual Fund,Equity Scheme - Small Cap Fund
2024-11-28,125497,SBI Small Cap Fund - Direct Plan - Growth,202.2046,SBI Mutual Fund,Equity Scheme - Small Cap Fund
2024-11-29,125497,SBI Small Cap Fund - Direct Plan - Growth,203.2298,SBI Mutual Fund,Equity Scheme - Small Cap Fund
2024-11-30,125497,SBI Small Cap Fund - Direct Plan - Growth,203.2306,SBI Mutual Fund,Equity Scheme - Small Cap Fund
2024-12-02,125497,SBI Small Cap Fund - Direct Plan - Growth,203.0662,SBI Mutual Fund,Equity Scheme - Small Cap Fund
2024-12-03,125497,SBI Small Cap Fund - Direct Plan - Growth,205.6142,SBI Mutual Fund,Equity Scheme - Small Cap Fund
2024-12-04,125497,SBI Small Cap Fund - Direct Plan - Growth,206.8799,SBI Mutual Fund,Equity Scheme - Small Cap Fund
2024-12-05,125497,SBI Small Cap Fund - Direct Plan - Growth,206.9634,SBI Mutual Fund,Equity Scheme - Small Cap Fund
2024-12-06,125497,SBI Small Cap Fund - Direct Plan - Growth,207.7793,SBI Mutual Fund,Equity Scheme - Small Cap Fund
2024-12-09,125497,SBI Small Cap Fund - Direct Plan - Growth,209.1188,SBI Mutual Fund,Equity Scheme - Small Cap Fund
2024-12-10,125497,SBI Small Cap Fund - Direct Plan - Growth,210.1936,SBI Mutual Fund,Equity Scheme - Small Cap Fund
2024-12-11,125497,SBI Small Cap Fund - Direct Plan - Growth,210.4887,SBI Mutual Fund,Equity Scheme - Small Cap Fund
2024-12-12,125497,SBI Small Cap Fund - Direct Plan - Growth,209.1364,SBI Mutual Fund,Equity Scheme - Small Cap Fund
2024-12-13,125497,SBI Small Cap Fund - Direct Plan - Growth,209.4705,SBI Mutual Fund,Equity Scheme - Small Cap Fund
2024-12-16,125497,SBI Small Cap Fund - Direct Plan - Growth,209.9361,SBI Mutual Fund,Equity Scheme - Small Cap Fund
2024-12-17,125497,SBI Small Cap Fund - Direct Plan - Growth,209.149,SBI Mutual Fund,Equity Scheme - Small Cap Fund
2024-12-18,125497,SBI Small Cap Fund - Direct Plan - Growth,208.9039,SBI Mutual Fund,Equity Scheme - Small Cap Fund
2024-12-19,125497,SBI Small Cap Fund - Direct Plan - Growth,208.1814,SBI Mutual Fund,Equity Scheme - Small Cap Fund
2024-12-20,125497,SBI Small Cap Fund - Direct Plan - Growth,203.8639,SBI Mutual Fund,Equity Scheme - Small Cap Fund
2024-12-23,125497,SBI Small Cap Fund - Direct Plan - Growth,201.8235,SBI Mutual Fund,Equity Scheme - Small Cap Fund
2024-12-24,125497,SBI Small Cap Fund - Direct Plan - Growth,201.9117,SBI Mutual Fund,Equity Scheme - Small Cap Fund
2024-12-26,125497,SBI Small Cap Fund - Direct Plan - Growth,201.1712,SBI Mutual Fund,Equity Scheme - Small Cap Fund
2024-12-27,125497,SBI Small Cap Fund - Direct Plan - Growth,202.2744,SBI Mutual Fund,Equity Scheme - Small Cap Fund
2024-12-30,125497,SBI Small Cap Fund - Direct Plan - Growth,200.9474,SBI Mutual Fund,Equity Scheme - Small Cap Fund
2024-12-31,125497,SBI Small Cap Fund - Direct Plan - Growth,202.025,SBI Mutual Fund,Equity Scheme - Small Cap Fund
2025-01-01,125497,SBI Small Cap Fund - Direct Plan - Growth,204.0133,SBI Mutual Fund,Equity Scheme - Small Cap Fund
2025-01-02,125497,SBI Small Cap Fund - Direct Plan - Growth,204.958,SBI Mutual Fund,Equity Scheme - Small Cap Fund
2025-01-03,125497,SBI Small Cap Fund - Direct Plan - Growth,204.7473,SBI Mutual Fund,Equity Scheme - Small Cap Fund
2025-01-06,125497,SBI Small Cap Fund - Direct Plan - Growth,199.9325,SBI Mutual Fund,Equity Scheme - Small Cap Fund
2025-01-07,125497,SBI Small Cap Fund - Direct Plan - Growth,201.51,SBI Mutual Fund,Equity Scheme - Small Cap Fund
2025-01-08,125497,SBI Small Cap Fund - Direct Plan - Growth,199.1083,SBI Mutual Fund,Equity Scheme - Small Cap Fund
2025-01-09,125497,SBI Small Cap Fund - Direct Plan - Growth,197.3978,SBI Mutual Fund,Equity Scheme - Small Cap Fund
2025-01-10,125497,SBI Small Cap Fund - Direct Plan - Growth,194.0951,SBI Mutual Fund,Equity Scheme - Small Cap Fund
2025-01-13,125497,SBI Small Cap Fund - Direct Plan - Growth,187.9708,SBI Mutual Fund,Equity Scheme - Small Cap Fund
2025-01-14,125497,SBI Small Cap Fund - Direct Plan - Growth,189.4394,SBI Mutual Fund,Equity Scheme - Small Cap Fund
2025-01-15,125497,SBI Small Cap Fund - Direct Plan - Growth,190.2908,SBI Mutual Fund,Equity Scheme - Small Cap Fund
2025-01-16,125497,SBI Small Cap Fund - Direct Plan - Growth,191.5461,SBI Mutual Fund,Equity Scheme - Small Cap Fund
2025-01-17,125497,SBI Small Cap Fund - Direct Plan - Growth,190.5474,SBI Mutual Fund,Equity Scheme - Small Cap Fund
2025-01-20,125497,SBI Small Cap Fund - Direct Plan - Growth,191.8699,SBI Mutual Fund,Equity Scheme - Small Cap Fund
2025-01-21,125497,SBI Small Cap Fund - Direct Plan - Growth,189.0302,SBI Mutual Fund,Equity Scheme - Small Cap Fund
2025-01-22,125497,SBI Small Cap Fund - Direct Plan - Growth,186.9925,SBI Mutual Fund,Equity Scheme - Small Cap Fund
2025-01-23,125497,SBI Small Cap Fund - Direct Plan - Growth,187.6026,SBI Mutual Fund,Equity Scheme - Small Cap Fund
2025-01-24,125497,SBI Small Cap Fund - Direct Plan - Growth,184.8357,SBI Mutual Fund,Equity Scheme - Small Cap Fund
2025-01-27,125497,SBI Small Cap Fund - Direct Plan - Growth,181.1505,SBI Mutual Fund,Equity Scheme - Small Cap Fund
2025-01-28,125497,SBI Small Cap Fund - Direct Plan - Growth,179.9981,SBI Mutual Fund,Equity Scheme - Small Cap Fund
2025-01-29,125497,SBI Small Cap Fund - Direct Plan - Growth,184.474,SBI Mutual Fund,Equity Scheme - Small Cap Fund
2025-01-30,125497,SBI Small Cap Fund - Direct Plan - Growth,183.9481,SBI Mutual Fund,Equity Scheme - Small Cap Fund
2025-01-31,125497,SBI Small Cap Fund - Direct Plan - Growth,185.8927,SBI Mutual Fund,Equity Scheme - Small Cap Fund
2025-02-03,125497,SBI Small Cap Fund - Direct Plan - Growth,186.5887,SBI Mutual Fund,Equity Scheme - Small Cap Fund
2025-02-04,125497,SBI Small Cap Fund - Direct Plan - Growth,187.7402,SBI Mutual Fund,Equity Scheme - Small Cap Fund
2025-02-05,125497,SBI Small Cap Fund - Direct Plan - Growth,188.0012,SBI Mutual Fund,Equity Scheme - Small Cap Fund
2025-02-06,125497,SBI Small Cap Fund - Direct Plan - Growth,188.2236,SBI Mutual Fund,Equity Scheme - Small Cap Fund
2025-02-07,125497,SBI Small Cap Fund - Direct Plan - Growth,186.6001,SBI Mutual Fund,Equity Scheme - Small Cap Fund
2025-02-10,125497,SBI Small Cap Fund - Direct Plan - Growth,183.4947,SBI Mutual Fund,Equity Scheme - Small Cap Fund
2025-02-11,125497,SBI Small Cap Fund - Direct Plan - Growth,178.8097,SBI Mutual Fund,Equity Scheme - Small Cap Fund
2025-02-12,125497,SBI Small Cap Fund - Direct Plan - Growth,178.0673,SBI Mutual Fund,Equity Scheme - Small Cap Fund
2025-02-13,125497,SBI Small Cap Fund - Direct Plan - Growth,177.2214,SBI Mutual Fund,Equity Scheme - Small Cap Fund
2025-02-14,125497,SBI Small Cap Fund - Direct Plan - Growth,173.7027,SBI Mutual Fund,Equity Scheme - Small Cap Fund
2025-02-17,125497,SBI Small Cap Fund - Direct Plan - Growth,172.6017,SBI Mutual Fund,Equity Scheme - Small Cap Fund
2025-02-18,125497,SBI Small Cap Fund - Direct Plan - Growth,170.6351,SBI Mutual Fund,Equity Scheme - Small Cap Fund
2025-02-19,125497,SBI Small Cap Fund - Direct Plan - Growth,172.8542,SBI Mutual Fund,Equity Scheme - Small Cap Fund
2025-02-20,125497,SBI Small Cap Fund - Direct Plan - Growth,173.7251,SBI Mutual Fund,Equity Scheme - Small Cap Fund
2025-02-21,125497,SBI Small Cap Fund - Direct Plan - Growth,173.194,SBI Mutual Fund,Equity Scheme - Small Cap Fund
2025-02-24,125497,SBI Small Cap Fund - Direct Plan - Growth,171.0281,SBI Mutual Fund,Equity Scheme - Small Cap Fund
2025-02-25,125497,SBI Small Cap Fund - Direct Plan - Growth,170.5772,SBI Mutual Fund,Equity Scheme - Small Cap Fund
2025-02-27,125497,SBI Small Cap Fund - Direct Plan - Growth,169.2761,SBI Mutual Fund,Equity Scheme - Small Cap Fund
2025-02-28,125497,SBI Small Cap Fund - Direct Plan - Growth,167.2753,SBI Mutual Fund,Equity Scheme - Small Cap Fund
2025-03-03,125497,SBI Small Cap Fund - Direct Plan - Growth,166.5363,SBI Mutual Fund,Equity Scheme - Small Cap Fund
2025-03-04,125497,SBI Small Cap Fund - Direct Plan - Growth,167.4144,SBI Mutual Fund,Equity Scheme - Small Cap Fund
2025-03-05,125497,SBI Small Cap Fund - Direct Plan - Growth,170.5378,SBI Mutual Fund,Equity Scheme - Small Cap Fund
2025-03-06,125497,SBI Small Cap Fund - Direct Plan - Growth,173.0546,SBI Mutual Fund,Equity Scheme - Small Cap Fund
2025-03-07,125497,SBI Small Cap Fund - Direct Plan - Growth,173.6464,SBI Mutual Fund,Equity Scheme - Small Cap Fund
2025-03-10,125497,SBI Small Cap Fund - Direct Plan - Growth,171.8878,SBI Mutual Fund,Equity Scheme - Small Cap Fund
2025-03-11,125497,SBI Small Cap Fund - Direct Plan - Growth,170.8118,SBI Mutual Fund,Equity Scheme - Small Cap Fund
2025-03-12,125497,SBI Small Cap Fund - Direct Plan - Growth,170.9127,SBI Mutual Fund,Equity Scheme - Small Cap Fund
2025-03-13,125497,SBI Small Cap Fund - Direct Plan - Growth,170.4454,SBI Mutual Fund,Equity Scheme - Small Cap Fund
2025-03-17,125497,SBI Small Cap Fund - Direct Plan - Growth,170.8415,SBI Mutual Fund,Equity Scheme - Small Cap Fund
2025-03-18,125497,SBI Small Cap Fund - Direct Plan - Growth,174.3065,SBI Mutual Fund,Equity Scheme - Small Cap Fund
2025-03-19,125497,SBI Small Cap Fund - Direct Plan - Growth,176.277,SBI Mutual Fund,Equity Scheme - Small Cap Fund
2025-03-20,125497,SBI Small Cap Fund - Direct Plan - Growth,177.2546,SBI Mutual Fund,Equity Scheme - Small Cap Fund
2025-03-21,125497,SBI Small Cap Fund - Direct Plan - Growth,179.8765,SBI Mutual Fund,Equity Scheme - Small Cap Fund
2025-03-24,125497,SBI Small Cap Fund - Direct Plan - Growth,181.6626,SBI Mutual Fund,Equity Scheme - Small Cap Fund
2025-03-25,125497,SBI Small Cap Fund - Direct Plan - Growth,181.1499,SBI Mutual Fund,Equity Scheme - Small Cap Fund
2025-03-26,125497,SBI Small Cap Fund - Direct Plan - Growth,178.8617,SBI Mutual Fund,Equity Scheme - Small Cap Fund
2025-03-27,125497,SBI Small Cap Fund - Direct Plan - Growth,178.6535,SBI Mutual Fund,Equity Scheme - Small Cap Fund
2025-03-28,125497,SBI Small Cap Fund - Direct Plan - Growth,178.5548,SBI Mutual Fund,Equity Scheme - Small Cap Fund
2025-03-31,125497,SBI Small Cap Fund - Direct Plan - Growth,178.5628,SBI Mutual Fund,Equity Scheme - Small Cap Fund
2025-04-01,125497,SBI Small Cap Fund - Direct Plan - Growth,178.3073,SBI Mutual Fund,Equity Scheme - Small Cap Fund
2025-04-02,125497,SBI Small Cap Fund - Direct Plan - Growth,180.504,SBI Mutual Fund,Equity Scheme - Small Cap Fund
2025-04-03,125497,SBI Small Cap Fund - Direct Plan - Growth,181.0205,SBI Mutual Fund,Equity Scheme - Small Cap Fund
2025-04-04,125497,SBI Small Cap Fund - Direct Plan - Growth,176.8853,SBI Mutual Fund,Equity Scheme - Small Cap Fund
2025-04-07,125497,SBI Small Cap Fund - Direct Plan - Growth,171.893,SBI Mutual Fund,Equity Scheme - Small Cap Fund
2025-04-08,125497,SBI Small Cap Fund - Direct Plan - Growth,174.6198,SBI Mutual Fund,Equity Scheme - Small Cap Fund
2025-04-09,125497,SBI Small Cap Fund - Direct Plan - Growth,173.4024,SBI Mutual Fund,Equity Scheme - Small Cap Fund
2025-04-11,125497,SBI Small Cap Fund - Direct Plan - Growth,177.359,SBI Mutual Fund,Equity Scheme - Small Cap Fund
2025-04-15,125497,SBI Small Cap Fund - Direct Plan - Growth,181.4688,SBI Mutual Fund,Equity Scheme - Small Cap Fund
2025-04-16,125497,SBI Small Cap Fund - Direct Plan - Growth,182.6797,SBI Mutual Fund,Equity Scheme - Small Cap Fund
2025-04-17,125497,SBI Small Cap Fund - Direct Plan - Growth,183.494,SBI Mutual Fund,Equity Scheme - Small Cap Fund
2025-04-21,125497,SBI Small Cap Fund - Direct Plan - Growth,186.1086,SBI Mutual Fund,Equity Scheme - Small Cap Fund
2025-04-22,125497,SBI Small Cap Fund - Direct Plan - Growth,187.4594,SBI Mutual Fund,Equity Scheme - Small Cap Fund
2025-04-23,125497,SBI Small Cap Fund - Direct Plan - Growth,187.4918,SBI Mutual Fund,Equity Scheme - Small Cap Fund
2025-04-24,125497,SBI Small Cap Fund - Direct Plan - Growth,187.4442,SBI Mutual Fund,Equity Scheme - Small Cap Fund
2025-04-25,125497,SBI Small Cap Fund - Direct Plan - Growth,184.3892,SBI Mutual Fund,Equity Scheme - Small Cap Fund
2025-04-28,125497,SBI Small Cap Fund - Direct Plan - Growth,184.7984,SBI Mutual Fund,Equity Scheme - Small Cap Fund
2025-04-29,125497,SBI Small Cap Fund - Direct Plan - Growth,184.4749,SBI Mutual Fund,Equity Scheme - Small Cap Fund
2025-04-30,125497,SBI Small Cap Fund - Direct Plan - Growth,181.8527,SBI Mutual Fund,Equity Scheme - Small Cap Fund
2025-05-02,125497,SBI Small Cap Fund - Direct Plan - Growth,181.6763,SBI Mutual Fund,Equity Scheme - Small Cap Fund
2025-05-05,125497,SBI Small Cap Fund - Direct Plan - Growth,183.67,SBI Mutual Fund,Equity Scheme - Small Cap Fund
2025-05-06,125497,SBI Small Cap Fund - Direct Plan - Growth,180.8742,SBI Mutual Fund,Equity Scheme - Small Cap Fund
2025-05-07,125497,SBI Small Cap Fund - Direct Plan - Growth,182.5147,SBI Mutual Fund,Equity Scheme - Small Cap Fund
2025-05-08,125497,SBI Small Cap Fund - Direct Plan - Growth,181.2148,SBI Mutual Fund,Equity Scheme - Small Cap Fund
2025-05-09,125497,SBI Small Cap Fund - Direct Plan - Growth,180.3079,SBI Mutual Fund,Equity Scheme - Small Cap Fund
2025-05-12,125497,SBI Small Cap Fund - Direct Plan - Growth,185.5194,SBI Mutual Fund,Equity Scheme - Small Cap Fund
2025-05-13,125497,SBI Small Cap Fund - Direct Plan - Growth,185.9199,SBI Mutual Fund,Equity Scheme - Small Cap Fund
2025-05-14,125497,SBI Small Cap Fund - Direct Plan - Growth,188.3401,SBI Mutual Fund,Equity Scheme - Small Cap Fund
2025-05-15,125497,SBI Small Cap Fund - Direct Plan - Growth,189.7716,SBI Mutual Fund,Equity Scheme - Small Cap Fund
2025-05-16,125497,SBI Small Cap Fund - Direct Plan - Growth,190.5543,SBI Mutual Fund,Equity Scheme - Small Cap Fund
2025-05-19,125497,SBI Small Cap Fund - Direct Plan - Growth,192.0015,SBI Mutual Fund,Equity Scheme - Small Cap Fund
2025-05-20,125497,SBI Small Cap Fund - Direct Plan - Growth,190.162,SBI Mutual Fund,Equity Scheme - Small Cap Fund
2025-05-21,125497,SBI Small Cap Fund - Direct Plan - Growth,190.2708,SBI Mutual Fund,Equity Scheme - Small Cap Fund
2025-05-22,125497,SBI Small Cap Fund - Direct Plan - Growth,190.2297,SBI Mutual Fund,Equity Scheme - Small Cap Fund
2025-05-23,125497,SBI Small Cap Fund - Direct Plan - Growth,190.7428,SBI Mutual Fund,Equity Scheme - Small Cap Fund
2025-05-26,125497,SBI Small Cap Fund - Direct Plan - Growth,192.0116,SBI Mutual Fund,Equity Scheme - Small Cap Fund
2025-05-27,125497,SBI Small Cap Fund - Direct Plan - Growth,191.6915,SBI Mutual Fund,Equity Scheme - Small Cap Fund
2025-05-28,125497,SBI Small Cap Fund - Direct Plan - Growth,192.2322,SBI Mutual Fund,Equity Scheme - Small Cap Fund
2025-05-29,125497,SBI Small Cap Fund - Direct Plan - Growth,192.4906,SBI Mutual Fund,Equity Scheme - Small Cap Fund
2025-05-30,125497,SBI Small Cap Fund - Direct Plan - Growth,192.6772,SBI Mutual Fund,Equity Scheme - Small Cap Fund
2025-05-31,125497,SBI Small Cap Fund - Direct Plan - Growth,192.6784,SBI Mutual Fund,Equity Scheme - Small Cap Fund
2025-06-02,125497,SBI Small Cap Fund - Direct Plan - Growth,193.0141,SBI Mutual Fund,Equity Scheme - Small Cap Fund
2025-06-03,125497,SBI Small Cap Fund - Direct Plan - Growth,193.3558,SBI Mutual Fund,Equity Scheme - Small Cap Fund
2025-06-04,125497,SBI Small Cap Fund - Direct Plan - Growth,193.3241,SBI Mutual Fund,Equity Scheme - Small Cap Fund
2025-06-05,125497,SBI Small Cap Fund - Direct Plan - Growth,193.4622,SBI Mutual Fund,Equity Scheme - Small Cap Fund
2025-06-06,125497,SBI Small Cap Fund - Direct Plan - Growth,194.4367,SBI Mutual Fund,Equity Scheme - Small Cap Fund
2025-06-09,125497,SBI Small Cap Fund - Direct Plan - Growth,196.2268,SBI Mutual Fund,Equity Scheme - Small Cap Fund
2025-06-10,125497,SBI Small Cap Fund - Direct Plan - Growth,196.3203,SBI Mutual Fund,Equity Scheme - Small Cap Fund
2025-06-11,125497,SBI Small Cap Fund - Direct Plan - Growth,196.3155,SBI Mutual Fund,Equity Scheme - Small Cap Fund
2025-06-12,125497,SBI Small Cap Fund - Direct Plan - Growth,194.3159,SBI Mutual Fund,Equity Scheme - Small Cap Fund
2025-06-13,125497,SBI Small Cap Fund - Direct Plan - Growth,193.8702,SBI Mutual Fund,Equity Scheme - Small Cap Fund
2025-06-16,125497,SBI Small Cap Fund - Direct Plan - Growth,194.3117,SBI Mutual Fund,Equity Scheme - Small Cap Fund
2025-06-17,125497,SBI Small Cap Fund - Direct Plan - Growth,194.4976,SBI Mutual Fund,Equity Scheme - Small Cap Fund
2025-06-18,125497,SBI Small Cap Fund - Direct Plan - Growth,194.7498,SBI Mutual Fund,Equity Scheme - Small Cap Fund
2025-06-19,125497,SBI Small Cap Fund - Direct Plan - Growth,192.1535,SBI Mutual Fund,Equity Scheme - Small Cap Fund
2025-06-20,125497,SBI Small Cap Fund - Direct Plan - Growth,192.5872,SBI Mutual Fund,Equity Scheme - Small Cap Fund
2025-06-23,125497,SBI Small Cap Fund - Direct Plan - Growth,192.973,SBI Mutual Fund,Equity Scheme - Small Cap Fund
2025-06-24,125497,SBI Small Cap Fund - Direct Plan - Growth,194.4838,SBI Mutual Fund,Equity Scheme - Small Cap Fund
2025-06-25,125497,SBI Small Cap Fund - Direct Plan - Growth,197.4405,SBI Mutual Fund,Equity Scheme - Small Cap Fund
2025-06-26,125497,SBI Small Cap Fund - Direct Plan - Growth,197.2286,SBI Mutual Fund,Equity Scheme - Small Cap Fund
2025-06-27,125497,SBI Small Cap Fund - Direct Plan - Growth,198.0688,SBI Mutual Fund,Equity Scheme - Small Cap Fund
2025-06-30,125497,SBI Small Cap Fund - Direct Plan - Growth,200.3178,SBI Mutual Fund,Equity Scheme - Small Cap Fund
2025-07-01,125497,SBI Small Cap Fund - Direct Plan - Growth,200.2672,SBI Mutual Fund,Equity Scheme - Small Cap Fund
2025-07-02,125497,SBI Small Cap Fund - Direct Plan - Growth,199.3409,SBI Mutual Fund,Equity Scheme - Small Cap Fund
2025-07-03,125497,SBI Small Cap Fund - Direct Plan - Growth,200.0186,SBI Mutual Fund,Equity Scheme - Small Cap Fund
2025-07-04,125497,SBI Small Cap Fund - Direct Plan - Growth,200.6762,SBI Mutual Fund,Equity Scheme - Small Cap Fund
2025-07-07,125497,SBI Small Cap Fund - Direct Plan - Growth,200.3235,SBI Mutual Fund,Equity Scheme - Small Cap Fund
2025-07-08,125497,SBI Small Cap Fund - Direct Plan - Growth,200.4396,SBI Mutual Fund,Equity Scheme - Small Cap Fund
2025-07-09,125497,SBI Small Cap Fund - Direct Plan - Growth,201.3287,SBI Mutual Fund,Equity Scheme - Small Cap Fund
2025-07-10,125497,SBI Small Cap Fund - Direct Plan - Growth,201.5985,SBI Mutual Fund,Equity Scheme - Small Cap Fund
2025-07-11,125497,SBI Small Cap Fund - Direct Plan - Growth,201.2606,SBI Mutual Fund,Equity Scheme - Small Cap Fund
2025-07-14,125497,SBI Small Cap Fund - Direct Plan - Growth,202.0189,SBI Mutual Fund,Equity Scheme - Small Cap Fund
2025-07-15,125497,SBI Small Cap Fund - Direct Plan - Growth,203.9268,SBI Mutual Fund,Equity Scheme - Small Cap Fund
2025-07-16,125497,SBI Small Cap Fund - Direct Plan - Growth,203.6835,SBI Mutual Fund,Equity Scheme - Small Cap Fund
2025-07-17,125497,SBI Small Cap Fund - Direct Plan - Growth,204.9043,SBI Mutual Fund,Equity Scheme - Small Cap Fund
2025-07-18,125497,SBI Small Cap Fund - Direct Plan - Growth,204.0356,SBI Mutual Fund,Equity Scheme - Small Cap Fund
2025-07-21,125497,SBI Small Cap Fund - Direct Plan - Growth,203.8028,SBI Mutual Fund,Equity Scheme - Small Cap Fund
2025-07-22,125497,SBI Small Cap Fund - Direct Plan - Growth,203.3714,SBI Mutual Fund,Equity Scheme - Small Cap Fund
2025-07-23,125497,SBI Small Cap Fund - Direct Plan - Growth,203.9043,SBI Mutual Fund,Equity Scheme - Small Cap Fund
2025-07-24,125497,SBI Small Cap Fund - Direct Plan - Growth,202.721,SBI Mutual Fund,Equity Scheme - Small Cap Fund
2025-07-25,125497,SBI Small Cap Fund - Direct Plan - Growth,199.4349,SBI Mutual Fund,Equity Scheme - Small Cap Fund
2025-07-28,125497,SBI Small Cap Fund - Direct Plan - Growth,197.4629,SBI Mutual Fund,Equity Scheme - Small Cap Fund
2025-07-29,125497,SBI Small Cap Fund - Direct Plan - Growth,197.8146,SBI Mutual Fund,Equity Scheme - Small Cap Fund
2025-07-30,125497,SBI Small Cap Fund - Direct Plan - Growth,198.4508,SBI Mutual Fund,Equity Scheme - Small Cap Fund
2025-07-31,125497,SBI Small Cap Fund - Direct Plan - Growth,197.489,SBI Mutual Fund,Equity Scheme - Small Cap Fund
2025-08-01,125497,SBI Small Cap Fund - Direct Plan - Growth,194.9548,SBI Mutual Fund,Equity Scheme - Small Cap Fund
2025-08-04,125497,SBI Small Cap Fund - Direct Plan - Growth,195.6536,SBI Mutual Fund,Equity Scheme - Small Cap Fund
2025-08-05,125497,SBI Small Cap Fund - Direct Plan - Growth,194.9731,SBI Mutual Fund,Equity Scheme - Small Cap Fund
2025-08-06,125497,SBI Small Cap Fund - Direct Plan - Growth,193.5756,SBI Mutual Fund,Equity Scheme - Small Cap Fund
2025-08-07,125497,SBI Small Cap Fund - Direct Plan - Growth,193.0064,SBI Mutual Fund,Equity Scheme - Small Cap Fund
2025-08-08,125497,SBI Small Cap Fund - Direct Plan - Growth,191.9575,SBI Mutual Fund,Equity Scheme - Small Cap Fund
2025-08-11,125497,SBI Small Cap Fund - Direct Plan - Growth,193.1584,SBI Mutual Fund,Equity Scheme - Small Cap Fund
2025-08-12,125497,SBI Small Cap Fund - Direct Plan - Growth,192.705,SBI Mutual Fund,Equity Scheme - Small Cap Fund
2025-08-13,125497,SBI Small Cap Fund - Direct Plan - Growth,192.9222,SBI Mutual Fund,Equity Scheme - Small Cap Fund
2025-08-14,125497,SBI Small Cap Fund - Direct Plan - Growth,193.4131,SBI Mutual Fund,Equity Scheme - Small Cap Fund
2025-08-18,125497,SBI Small Cap Fund - Direct Plan - Growth,196.9203,SBI Mutual Fund,Equity Scheme - Small Cap Fund
2025-08-19,125497,SBI Small Cap Fund - Direct Plan - Growth,198.0389,SBI Mutual Fund,Equity Scheme - Small Cap Fund
2025-08-20,125497,SBI Small Cap Fund - Direct Plan - Growth,198.8477,SBI Mutual Fund,Equity Scheme - Small Cap Fund
2025-08-21,125497,SBI Small Cap Fund - Direct Plan - Growth,200.0554,SBI Mutual Fund,Equity Scheme - Small Cap Fund
2025-08-22,125497,SBI Small Cap Fund - Direct Plan - Growth,199.1156,SBI Mutual Fund,Equity Scheme - Small Cap Fund
2025-08-25,125497,SBI Small Cap Fund - Direct Plan - Growth,198.7805,SBI Mutual Fund,Equity Scheme - Small Cap Fund
2025-08-26,125497,SBI Small Cap Fund - Direct Plan - Growth,195.5946,SBI Mutual Fund,Equity Scheme - Small Cap Fund
2025-08-28,125497,SBI Small Cap Fund - Direct Plan - Growth,194.4893,SBI Mutual Fund,Equity Scheme - Small Cap Fund
2025-08-29,125497,SBI Small Cap Fund - Direct Plan - Growth,193.7532,SBI Mutual Fund,Equity Scheme - Small Cap Fund
2025-08-31,125497,SBI Small Cap Fund - Direct Plan - Growth,193.7537,SBI Mutual Fund,Equity Scheme - Small Cap Fund
2025-09-01,125497,SBI Small Cap Fund - Direct Plan - Growth,195.7343,SBI Mutual Fund,Equity Scheme - Small Cap Fund
2025-09-02,125497,SBI Small Cap Fund - Direct Plan - Growth,196.2367,SBI Mutual Fund,Equity Scheme - Small Cap Fund
2025-09-03,125497,SBI Small Cap Fund - Direct Plan - Growth,197.6325,SBI Mutual Fund,Equity Scheme - Small Cap Fund
2025-09-04,125497,SBI Small Cap Fund - Direct Plan - Growth,197.6887,SBI Mutual Fund,Equity Scheme - Small Cap Fund
2025-09-05,125497,SBI Small Cap Fund - Direct Plan - Growth,197.5939,SBI Mutual Fund,Equity Scheme - Small Cap Fund
2025-09-08,125497,SBI Small Cap Fund - Direct Plan - Growth,197.448,SBI Mutual Fund,Equity Scheme - Small Cap Fund
2025-09-09,125497,SBI Small Cap Fund - Direct Plan - Growth,198.2444,SBI Mutual Fund,Equity Scheme - Small Cap Fund
2025-09-10,125497,SBI Small Cap Fund - Direct Plan - Growth,198.7075,SBI Mutual Fund,Equity Scheme - Small Cap Fund
2025-09-11,125497,SBI Small Cap Fund - Direct Plan - Growth,198.9835,SBI Mutual Fund,Equity Scheme - Small Cap Fund
2025-09-12,125497,SBI Small Cap Fund - Direct Plan - Growth,199.0716,SBI Mutual Fund,Equity Scheme - Small Cap Fund
2025-09-15,125497,SBI Small Cap Fund - Direct Plan - Growth,200.0967,SBI Mutual Fund,Equity Scheme - Small Cap Fund
2025-09-16,125497,SBI Small Cap Fund - Direct Plan - Growth,201.1795,SBI Mutual Fund,Equity Scheme - Small Cap Fund
2025-09-17,125497,SBI Small Cap Fund - Direct Plan - Growth,201.82,SBI Mutual Fund,Equity Scheme - Small Cap Fund
2025-09-18,125497,SBI Small Cap Fund - Direct Plan - Growth,201.5447,SBI Mutual Fund,Equity Scheme - Small Cap Fund
2025-09-19,125497,SBI Small Cap Fund - Direct Plan - Growth,201.306,SBI Mutual Fund,Equity Scheme - Small Cap Fund
2025-09-22,125497,SBI Small Cap Fund - Direct Plan - Growth,200.2539,SBI Mutual Fund,Equity Scheme - Small Cap Fund
2025-09-23,125497,SBI Small Cap Fund - Direct Plan - Growth,199.4573,SBI Mutual Fund,Equity Scheme - Small Cap Fund
2025-09-24,125497,SBI Small Cap Fund - Direct Plan - Growth,198.8861,SBI Mutual Fund,Equity Scheme - Small Cap Fund
2025-09-25,125497,SBI Small Cap Fund - Direct Plan - Growth,197.3447,SBI Mutual Fund,Equity Scheme - Small Cap Fund
2025-09-26,125497,SBI Small Cap Fund - Direct Plan - Growth,194.0973,SBI Mutual Fund,Equity Scheme - Small Cap Fund
2025-09-30,125497,SBI Small Cap Fund - Direct Plan - Growth,193.8822,SBI Mutual Fund,Equity Scheme - Small Cap Fund
2025-10-01,125497,SBI Small Cap Fund - Direct Plan - Growth,195.0856,SBI Mutual Fund,Equity Scheme - Small Cap Fund
2025-10-03,125497,SBI Small Cap Fund - Direct Plan - Growth,196.2965,SBI Mutual Fund,Equity Scheme - Small Cap Fund
2025-10-06,125497,SBI Small Cap Fund - Direct Plan - Growth,196.5483,SBI Mutual Fund,Equity Scheme - Small Cap Fund
2025-10-07,125497,SBI Small Cap Fund - Direct Plan - Growth,196.4294,SBI Mutual Fund,Equity Scheme - Small Cap Fund
2025-10-08,125497,SBI Small Cap Fund - Direct Plan - Growth,195.8587,SBI Mutual Fund,Equity Scheme - Small Cap Fund
2025-10-09,125497,SBI Small Cap Fund - Direct Plan - Growth,195.0376,SBI Mutual Fund,Equity Scheme - Small Cap Fund
2025-10-10,125497,SBI Small Cap Fund - Direct Plan - Growth,195.1185,SBI Mutual Fund,Equity Scheme - Small Cap Fund
2025-10-13,125497,SBI Small Cap Fund - Direct Plan - Growth,194.5364,SBI Mutual Fund,Equity Scheme - Small Cap Fund
2025-10-14,125497,SBI Small Cap Fund - Direct Plan - Growth,193.3975,SBI Mutual Fund,Equity Scheme - Small Cap Fund
2025-10-15,125497,SBI Small Cap Fund - Direct Plan - Growth,194.7,SBI Mutual Fund,Equity Scheme - Small Cap Fund
2025-10-16,125497,SBI Small Cap Fund - Direct Plan - Growth,196.9521,SBI Mutual Fund,Equity Scheme - Small Cap Fund
2025-10-17,125497,SBI Small Cap Fund - Direct Plan - Growth,197.1075,SBI Mutual Fund,Equity Scheme - Small Cap Fund
2025-10-20,125497,SBI Small Cap Fund - Direct Plan - Growth,197.5258,SBI Mutual Fund,Equity Scheme - Small Cap Fund
2025-10-23,125497,SBI Small Cap Fund - Direct Plan - Growth,198.7521,SBI Mutual Fund,Equity Scheme - Small Cap Fund
2025-10-24,125497,SBI Small Cap Fund - Direct Plan - Growth,198.4115,SBI Mutual Fund,Equity Scheme - Small Cap Fund
2025-10-27,125497,SBI Small Cap Fund - Direct Plan - Growth,199.7965,SBI Mutual Fund,Equity Scheme - Small Cap Fund
2025-10-28,125497,SBI Small Cap Fund - Direct Plan - Growth,200.6348,SBI Mutual Fund,Equity Scheme - Small Cap Fund
2025-10-29,125497,SBI Small Cap Fund - Direct Plan - Growth,201.0375,SBI Mutual Fund,Equity Scheme - Small Cap Fund
2025-10-30,125497,SBI Small Cap Fund - Direct Plan - Growth,200.5185,SBI Mutual Fund,Equity Scheme - Small Cap Fund
2025-10-31,125497,SBI Small Cap Fund - Direct Plan - Growth,199.8234,SBI Mutual Fund,Equity Scheme - Small Cap Fund
2025-11-03,125497,SBI Small Cap Fund - Direct Plan - Growth,200.9709,SBI Mutual Fund,Equity Scheme - Small Cap Fund
2025-11-04,125497,SBI Small Cap Fund - Direct Plan - Growth,200.4678,SBI Mutual Fund,Equity Scheme - Small Cap Fund
2025-11-06,125497,SBI Small Cap Fund - Direct Plan - Growth,197.8032,SBI Mutual Fund,Equity Scheme - Small Cap Fund
2025-11-07,125497,SBI Small Cap Fund - Direct Plan - Growth,197.315,SBI Mutual Fund,Equity Scheme - Small Cap Fund
2025-11-10,125497,SBI Small Cap Fund - Direct Plan - Growth,196.2451,SBI Mutual Fund,Equity Scheme - Small Cap Fund
2025-11-11,125497,SBI Small Cap Fund - Direct Plan - Growth,196.4486,SBI Mutual Fund,Equity Scheme - Small Cap Fund
2025-11-12,125497,SBI Small Cap Fund - Direct Plan - Growth,196.884,SBI Mutual Fund,Equity Scheme - Small Cap Fund
2025-11-13,125497,SBI Small Cap Fund - Direct Plan - Growth,196.5465,SBI Mutual Fund,Equity Scheme - Small Cap Fund
2025-11-14,125497,SBI Small Cap Fund - Direct Plan - Growth,197.0676,SBI Mutual Fund,Equity Scheme - Small Cap Fund
2025-11-17,125497,SBI Small Cap Fund - Direct Plan - Growth,197.9212,SBI Mutual Fund,Equity Scheme - Small Cap Fund
2025-11-18,125497,SBI Small Cap Fund - Direct Plan - Growth,196.9478,SBI Mutual Fund,Equity Scheme - Small Cap Fund
2025-11-19,125497,SBI Small Cap Fund - Direct Plan - Growth,196.528,SBI Mutual Fund,Equity Scheme - Small Cap Fund
2025-11-20,125497,SBI Small Cap Fund - Direct Plan - Growth,196.0732,SBI Mutual Fund,Equity Scheme - Small Cap Fund
2025-11-21,125497,SBI Small Cap Fund - Direct Plan - Growth,194.2517,SBI Mutual Fund,Equity Scheme - Small Cap Fund
2025-11-24,125497,SBI Small Cap Fund - Direct Plan - Growth,193.9092,SBI Mutual Fund,Equity Scheme - Small Cap Fund
2025-11-25,125497,SBI Small Cap Fund - Direct Plan - Growth,194.2042,SBI Mutual Fund,Equity Scheme - Small Cap Fund
2025-11-26,125497,SBI Small Cap Fund - Direct Plan - Growth,195.8555,SBI Mutual Fund,Equity Scheme - Small Cap Fund
2025-11-27,125497,SBI Small Cap Fund - Direct Plan - Growth,195.149,SBI Mutual Fund,Equity Scheme - Small Cap Fund
2025-11-28,125497,SBI Small Cap Fund - Direct Plan - Growth,194.9784,SBI Mutual Fund,Equity Scheme - Small Cap Fund
2025-11-30,125497,SBI Small Cap Fund - Direct Plan - Growth,194.979,SBI Mutual Fund,Equity Scheme - Small Cap Fund
2025-12-01,125497,SBI Small Cap Fund - Direct Plan - Growth,195.3626,SBI Mutual Fund,Equity Scheme - Small Cap Fund
2025-12-02,125497,SBI Small Cap Fund - Direct Plan - Growth,194.4312,SBI Mutual Fund,Equity Scheme - Small Cap Fund
2025-12-03,125497,SBI Small Cap Fund - Direct Plan - Growth,194.3355,SBI Mutual Fund,Equity Scheme - Small Cap Fund
2025-12-04,125497,SBI Small Cap Fund - Direct Plan - Growth,193.4599,SBI Mutual Fund,Equity Scheme - Small Cap Fund
2025-12-05,125497,SBI Small Cap Fund - Direct Plan - Growth,193.1451,SBI Mutual Fund,Equity Scheme - Small Cap Fund
2025-12-08,125497,SBI Small Cap Fund - Direct Plan - Growth,190.1591,SBI Mutual Fund,Equity Scheme - Small Cap Fund
2025-12-09,125497,SBI Small Cap Fund - Direct Plan - Growth,191.3573,SBI Mutual Fund,Equity Scheme - Small Cap Fund
2025-12-10,125497,SBI Small Cap Fund - Direct Plan - Growth,191.2557,SBI Mutual Fund,Equity Scheme - Small Cap Fund
2025-12-11,125497,SBI Small Cap Fund - Direct Plan - Growth,191.4952,SBI Mutual Fund,Equity Scheme - Small Cap Fund
2025-12-12,125497,SBI Small Cap Fund - Direct Plan - Growth,192.3377,SBI Mutual Fund,Equity Scheme - Small Cap Fund
2025-12-15,125497,SBI Small Cap Fund - Direct Plan - Growth,193.1325,SBI Mutual Fund,Equity Scheme - Small Cap Fund
2025-12-16,125497,SBI Small Cap Fund - Direct Plan - Growth,191.3143,SBI Mutual Fund,Equity Scheme - Small Cap Fund
2025-12-17,125497,SBI Small Cap Fund - Direct Plan - Growth,190.0621,SBI Mutual Fund,Equity Scheme - Small Cap Fund
2025-12-18,125497,SBI Small Cap Fund - Direct Plan - Growth,189.542,SBI Mutual Fund,Equity Scheme - Small Cap Fund
2025-12-19,125497,SBI Small Cap Fund - Direct Plan - Growth,191.1157,SBI Mutual Fund,Equity Scheme - Small Cap Fund
2025-12-22,125497,SBI Small Cap Fund - Direct Plan - Growth,192.2573,SBI Mutual Fund,Equity Scheme - Small Cap Fund
2025-12-23,125497,SBI Small Cap Fund - Direct Plan - Growth,193.2652,SBI Mutual Fund,Equity Scheme - Small Cap Fund
2025-12-24,125497,SBI Small Cap Fund - Direct Plan - Growth,193.2848,SBI Mutual Fund,Equity Scheme - Small Cap Fund
2025-12-26,125497,SBI Small Cap Fund - Direct Plan - Growth,192.5913,SBI Mutual Fund,Equity Scheme - Small Cap Fund
2025-12-29,125497,SBI Small Cap Fund - Direct Plan - Growth,192.541,SBI Mutual Fund,Equity Scheme - Small Cap Fund
2025-12-30,125497,SBI Small Cap Fund - Direct Plan - Growth,191.9501,SBI Mutual Fund,Equity Scheme - Small Cap Fund
2025-12-31,125497,SBI Small Cap Fund - Direct Plan - Growth,193.7724,SBI Mutual Fund,Equity Scheme - Small Cap Fund
2026-01-01,125497,SBI Small Cap Fund - Direct Plan - Growth,193.6417,SBI Mutual Fund,Equity Scheme - Small Cap Fund
2026-01-02,125497,SBI Small Cap Fund - Direct Plan - Growth,194.574,SBI Mutual Fund,Equity Scheme - Small Cap Fund
2026-01-05,125497,SBI Small Cap Fund - Direct Plan - Growth,194.3786,SBI Mutual Fund,Equity Scheme - Small Cap Fund
2026-01-06,125497,SBI Small Cap Fund - Direct Plan - Growth,193.7027,SBI Mutual Fund,Equity Scheme - Small Cap Fund
2026-01-07,125497,SBI Small Cap Fund - Direct Plan - Growth,193.3173,SBI Mutual Fund,Equity Scheme - Small Cap Fund
2026-01-08,125497,SBI Small Cap Fund - Direct Plan - Growth,190.16,SBI Mutual Fund,Equity Scheme - Small Cap Fund
2026-01-09,125497,SBI Small Cap Fund - Direct Plan - Growth,187.0971,SBI Mutual Fund,Equity Scheme - Small Cap Fund
2026-01-12,125497,SBI Small Cap Fund - Direct Plan - Growth,186.1837,SBI Mutual Fund,Equity Scheme - Small Cap Fund
2026-01-13,125497,SBI Small Cap Fund - Direct Plan - Growth,187.6594,SBI Mutual Fund,Equity Scheme - Small Cap Fund
2026-01-14,125497,SBI Small Cap Fund - Direct Plan - Growth,187.3375,SBI Mutual Fund,Equity Scheme - Small Cap Fund
2026-01-16,125497,SBI Small Cap Fund - Direct Plan - Growth,186.9719,SBI Mutual Fund,Equity Scheme - Small Cap Fund
2026-01-19,125497,SBI Small Cap Fund - Direct Plan - Growth,185.4042,SBI Mutual Fund,Equity Scheme - Small Cap Fund
2026-01-20,125497,SBI Small Cap Fund - Direct Plan - Growth,181.835,SBI Mutual Fund,Equity Scheme - Small Cap Fund
2026-01-21,125497,SBI Small Cap Fund - Direct Plan - Growth,181.5325,SBI Mutual Fund,Equity Scheme - Small Cap Fund
2026-01-22,125497,SBI Small Cap Fund - Direct Plan - Growth,182.7544,SBI Mutual Fund,Equity Scheme - Small Cap Fund
2026-01-23,125497,SBI Small Cap Fund - Direct Plan - Growth,179.8035,SBI Mutual Fund,Equity Scheme - Small Cap Fund
2026-01-27,125497,SBI Small Cap Fund - Direct Plan - Growth,179.5515,SBI Mutual Fund,Equity Scheme - Small Cap Fund
2026-01-28,125497,SBI Small Cap Fund - Direct Plan - Growth,181.0873,SBI Mutual Fund,Equity Scheme - Small Cap Fund
2026-01-29,125497,SBI Small Cap Fund - Direct Plan - Growth,179.9408,SBI Mutual Fund,Equity Scheme - Small Cap Fund
2026-01-30,125497,SBI Small Cap Fund - Direct Plan - Growth,183.3021,SBI Mutual Fund,Equity Scheme - Small Cap Fund
2026-01-31,125497,SBI Small Cap Fund - Direct Plan - Growth,183.301,SBI Mutual Fund,Equity Scheme - Small Cap Fund
2026-02-02,125497,SBI Small Cap Fund - Direct Plan - Growth,180.5424,SBI Mutual Fund,Equity Scheme - Small Cap Fund
2026-02-03,125497,SBI Small Cap Fund - Direct Plan - Growth,186.7009,SBI Mutual Fund,Equity Scheme - Small Cap Fund
2026-02-04,125497,SBI Small Cap Fund - Direct Plan - Growth,186.7774,SBI Mutual Fund,Equity Scheme - Small Cap Fund
2026-02-05,125497,SBI Small Cap Fund - Direct Plan - Growth,185.6949,SBI Mutual Fund,Equity Scheme - Small Cap Fund
2026-02-06,125497,SBI Small Cap Fund - Direct Plan - Growth,184.627,SBI Mutual Fund,Equity Scheme - Small Cap Fund
2026-02-09,125497,SBI Small Cap Fund - Direct Plan - Growth,188.469,SBI Mutual Fund,Equity Scheme - Small Cap Fund
2026-02-10,125497,SBI Small Cap Fund - Direct Plan - Growth,189.019,SBI Mutual Fund,Equity Scheme - Small Cap Fund
2026-02-11,125497,SBI Small Cap Fund - Direct Plan - Growth,189.7464,SBI Mutual Fund,Equity Scheme - Small Cap Fund
2026-02-12,125497,SBI Small Cap Fund - Direct Plan - Growth,189.6029,SBI Mutual Fund,Equity Scheme - Small Cap Fund
2026-02-13,125497,SBI Small Cap Fund - Direct Plan - Growth,187.236,SBI Mutual Fund,Equity Scheme - Small Cap Fund
2026-02-16,125497,SBI Small Cap Fund - Direct Plan - Growth,185.8471,SBI Mutual Fund,Equity Scheme - Small Cap Fund
2026-02-17,125497,SBI Small Cap Fund - Direct Plan - Growth,187.6437,SBI Mutual Fund,Equity Scheme - Small Cap Fund
2026-02-18,125497,SBI Small Cap Fund - Direct Plan - Growth,188.2128,SBI Mutual Fund,Equity Scheme - Small Cap Fund
2026-02-19,125497,SBI Small Cap Fund - Direct Plan - Growth,186.6666,SBI Mutual Fund,Equity Scheme - Small Cap Fund
2026-02-20,125497,SBI Small Cap Fund - Direct Plan - Growth,186.2228,SBI Mutual Fund,Equity Scheme - Small Cap Fund
2026-02-23,125497,SBI Small Cap Fund - Direct Plan - Growth,187.5721,SBI Mutual Fund,Equity Scheme - Small Cap Fund
2026-02-24,125497,SBI Small Cap Fund - Direct Plan - Growth,186.208,SBI Mutual Fund,Equity Scheme - Small Cap Fund
2026-02-25,125497,SBI Small Cap Fund - Direct Plan - Growth,186.0488,SBI Mutual Fund,Equity Scheme - Small Cap Fund
2026-02-26,125497,SBI Small Cap Fund - Direct Plan - Growth,186.095,SBI Mutual Fund,Equity Scheme - Small Cap Fund
2026-02-27,125497,SBI Small Cap Fund - Direct Plan - Growth,184.7581,SBI Mutual Fund,Equity Scheme - Small Cap Fund
2026-02-28,125497,SBI Small Cap Fund - Direct Plan - Growth,184.7579,SBI Mutual Fund,Equity Scheme - Small Cap Fund
2026-03-02,125497,SBI Small Cap Fund - Direct Plan - Growth,181.3175,SBI Mutual Fund,Equity Scheme - Small Cap Fund
2026-03-04,125497,SBI Small Cap Fund - Direct Plan - Growth,177.9961,SBI Mutual Fund,Equity Scheme - Small Cap Fund
2026-03-05,125497,SBI Small Cap Fund - Direct Plan - Growth,179.3239,SBI Mutual Fund,Equity Scheme - Small Cap Fund
2026-03-06,125497,SBI Small Cap Fund - Direct Plan - Growth,178.9784,SBI Mutual Fund,Equity Scheme - Small Cap Fund
2026-03-09,125497,SBI Small Cap Fund - Direct Plan - Growth,175.7742,SBI Mutual Fund,Equity Scheme - Small Cap Fund
2026-03-10,125497,SBI Small Cap Fund - Direct Plan - Growth,178.8419,SBI Mutual Fund,Equity Scheme - Small Cap Fund
2026-03-11,125497,SBI Small Cap Fund - Direct Plan - Growth,178.3891,SBI Mutual Fund,Equity Scheme - Small Cap Fund
2026-03-12,125497,SBI Small Cap Fund - Direct Plan - Growth,177.9888,SBI Mutual Fund,Equity Scheme - Small Cap Fund
2026-03-13,125497,SBI Small Cap Fund - Direct Plan - Growth,173.9754,SBI Mutual Fund,Equity Scheme - Small Cap Fund
2026-03-16,125497,SBI Small Cap Fund - Direct Plan - Growth,173.8198,SBI Mutual Fund,Equity Scheme - Small Cap Fund
2026-03-17,125497,SBI Small Cap Fund - Direct Plan - Growth,174.0628,SBI Mutual Fund,Equity Scheme - Small Cap Fund
2026-03-18,125497,SBI Small Cap Fund - Direct Plan - Growth,177.4908,SBI Mutual Fund,Equity Scheme - Small Cap Fund
2026-03-19,125497,SBI Small Cap Fund - Direct Plan - Growth,173.9004,SBI Mutual Fund,Equity Scheme - Small Cap Fund
2026-03-20,125497,SBI Small Cap Fund - Direct Plan - Growth,174.6205,SBI Mutual Fund,Equity Scheme - Small Cap Fund
2026-03-23,125497,SBI Small Cap Fund - Direct Plan - Growth,169.1091,SBI Mutual Fund,Equity Scheme - Small Cap Fund
2026-03-24,125497,SBI Small Cap Fund - Direct Plan - Growth,172.0049,SBI Mutual Fund,Equity Scheme - Small Cap Fund
2026-03-25,125497,SBI Small Cap Fund - Direct Plan - Growth,175.4211,SBI Mutual Fund,Equity Scheme - Small Cap Fund
2026-03-27,125497,SBI Small Cap Fund - Direct Plan - Growth,172.4739,SBI Mutual Fund,Equity Scheme - Small Cap Fund
2026-03-30,125497,SBI Small Cap Fund - Direct Plan - Growth,169.3708,SBI Mutual Fund,Equity Scheme - Small Cap Fund
2026-03-31,125497,SBI Small Cap Fund - Direct Plan - Growth,169.3706,SBI Mutual Fund,Equity Scheme - Small Cap Fund
2026-04-01,125497,SBI Small Cap Fund - Direct Plan - Growth,173.782,SBI Mutual Fund,Equity Scheme - Small Cap Fund
2026-04-02,125497,SBI Small Cap Fund - Direct Plan - Growth,173.8471,SBI Mutual Fund,Equity Scheme - Small Cap Fund
2026-04-06,125497,SBI Small Cap Fund - Direct Plan - Growth,174.9151,SBI Mutual Fund,Equity Scheme - Small Cap Fund
2026-04-07,125497,SBI Small Cap Fund - Direct Plan - Growth,174.8342,SBI Mutual Fund,Equity Scheme - Small Cap Fund
2026-04-08,125497,SBI Small Cap Fund - Direct Plan - Growth,180.5783,SBI Mutual Fund,Equity Scheme - Small Cap Fund
2026-04-09,125497,SBI Small Cap Fund - Direct Plan - Growth,181.2455,SBI Mutual Fund,Equity Scheme - Small Cap Fund
2026-04-10,125497,SBI Small Cap Fund - Direct Plan - Growth,184.6967,SBI Mutual Fund,Equity Scheme - Small Cap Fund
2026-04-13,125497,SBI Small Cap Fund - Direct Plan - Growth,184.3491,SBI Mutual Fund,Equity Scheme - Small Cap Fund
2026-04-15,125497,SBI Small Cap Fund - Direct Plan - Growth,187.2786,SBI Mutual Fund,Equity Scheme - Small Cap Fund
2026-04-16,125497,SBI Small Cap Fund - Direct Plan - Growth,188.3316,SBI Mutual Fund,Equity Scheme - Small Cap Fund
2026-04-17,125497,SBI Small Cap Fund - Direct Plan - Growth,190.5242,SBI Mutual Fund,Equity Scheme - Small Cap Fund
2026-04-20,125497,SBI Small Cap Fund - Direct Plan - Growth,191.0583,SBI Mutual Fund,Equity Scheme - Small Cap Fund
2026-04-21,125497,SBI Small Cap Fund - Direct Plan - Growth,192.6397,SBI Mutual Fund,Equity Scheme - Small Cap Fund
2026-04-22,125497,SBI Small Cap Fund - Direct Plan - Growth,194.1928,SBI Mutual Fund,Equity Scheme - Small Cap Fund
2026-04-23,125497,SBI Small Cap Fund - Direct Plan - Growth,193.0317,SBI Mutual Fund,Equity Scheme - Small Cap Fund
2026-04-24,125497,SBI Small Cap Fund - Direct Plan - Growth,191.0425,SBI Mutual Fund,Equity Scheme - Small Cap Fund
2026-04-27,125497,SBI Small Cap Fund - Direct Plan - Growth,193.8317,SBI Mutual Fund,Equity Scheme - Small Cap Fund
2026-04-28,125497,SBI Small Cap Fund - Direct Plan - Growth,193.4843,SBI Mutual Fund,Equity Scheme - Small Cap Fund
2026-04-29,125497,SBI Small Cap Fund - Direct Plan - Growth,194.1523,SBI Mutual Fund,Equity Scheme - Small Cap Fund
2026-04-30,125497,SBI Small Cap Fund - Direct Plan - Growth,193.4131,SBI Mutual Fund,Equity Scheme - Small Cap Fund
2026-05-04,125497,SBI Small Cap Fund - Direct Plan - Growth,195.4469,SBI Mutual Fund,Equity Scheme - Small Cap Fund
2026-05-05,125497,SBI Small Cap Fund - Direct Plan - Growth,194.5618,SBI Mutual Fund,Equity Scheme - Small Cap Fund
2026-05-06,125497,SBI Small Cap Fund - Direct Plan - Growth,196.0036,SBI Mutual Fund,Equity Scheme - Small Cap Fund
2026-05-07,125497,SBI Small Cap Fund - Direct Plan - Growth,197.4753,SBI Mutual Fund,Equity Scheme - Small Cap Fund
2026-05-08,125497,SBI Small Cap Fund - Direct Plan - Growth,196.8821,SBI Mutual Fund,Equity Scheme - Small Cap Fund
2026-05-11,125497,SBI Small Cap Fund - Direct Plan - Growth,195.586,SBI Mutual Fund,Equity Scheme - Small Cap Fund
2026-05-12,125497,SBI Small Cap Fund - Direct Plan - Growth,190.6152,SBI Mutual Fund,Equity Scheme - Small Cap Fund
2026-05-13,125497,SBI Small Cap Fund - Direct Plan - Growth,190.464,SBI Mutual Fund,Equity Scheme - Small Cap Fund
2026-05-14,125497,SBI Small Cap Fund - Direct Plan - Growth,189.9345,SBI Mutual Fund,Equity Scheme - Small Cap Fund
2026-05-15,125497,SBI Small Cap Fund - Direct Plan - Growth,190.2405,SBI Mutual Fund,Equity Scheme - Small Cap Fund
2026-05-18,125497,SBI Small Cap Fund - Direct Plan - Growth,187.9126,SBI Mutual Fund,Equity Scheme - Small Cap Fund
2026-05-19,125497,SBI Small Cap Fund - Direct Plan - Growth,189.5553,SBI Mutual Fund,Equity Scheme - Small Cap Fund
2026-05-20,125497,SBI Small Cap Fund - Direct Plan - Growth,189.8661,SBI Mutual Fund,Equity Scheme - Small Cap Fund
2026-05-21,125497,SBI Small Cap Fund - Direct Plan - Growth,191.7575,SBI Mutual Fund,Equity Scheme - Small Cap Fund
2026-05-22,125497,SBI Small Cap Fund - Direct Plan - Growth,192.1227,SBI Mutual Fund,Equity Scheme - Small Cap Fund
2026-05-25,125497,SBI Small Cap Fund - Direct Plan - Growth,193.5599,SBI Mutual Fund,Equity Scheme - Small Cap Fund
2026-05-26,125497,SBI Small Cap Fund - Direct Plan - Growth,194.2258,SBI Mutual Fund,Equity Scheme - Small Cap Fund
2026-05-27,125497,SBI Small Cap Fund - Direct Plan - Growth,195.0501,SBI Mutual Fund,Equity Scheme - Small Cap Fund
2026-05-29,125497,SBI Small Cap Fund - Direct Plan - Growth,193.6848,SBI Mutual Fund,Equity Scheme - Small Cap Fund
2026-05-31,125497,SBI Small Cap Fund - Direct Plan - Growth,193.6836,SBI Mutual Fund,Equity Scheme - Small Cap Fund
2026-06-01,125497,SBI Small Cap Fund - Direct Plan - Growth,192.3195,SBI Mutual Fund,Equity Scheme - Small Cap Fund
2026-06-02,125497,SBI Small Cap Fund - Direct Plan - Growth,193.1295,SBI Mutual Fund,Equity Scheme - Small Cap Fund
2026-06-03,125497,SBI Small Cap Fund - Direct Plan - Growth,194.081,SBI Mutual Fund,Equity Scheme - Small Cap Fund
2026-06-04,125497,SBI Small Cap Fund - Direct Plan - Growth,194.522,SBI Mutual Fund,Equity Scheme - Small Cap Fund
2026-06-05,125497,SBI Small Cap Fund - Direct Plan - Growth,194.7547,SBI Mutual Fund,Equity Scheme - Small Cap Fund
2026-06-08,125497,SBI Small Cap Fund - Direct Plan - Growth,191.9092,SBI Mutual Fund,Equity Scheme - Small Cap Fund
2026-06-09,125497,SBI Small Cap Fund - Direct Plan - Growth,194.3813,SBI Mutual Fund,Equity Scheme - Small Cap Fund
2026-06-10,125497,SBI Small Cap Fund - Direct Plan - Growth,193.4371,SBI Mutual Fund,Equity Scheme - Small Cap Fund
2026-06-11,125497,SBI Small Cap Fund - Direct Plan - Growth,192.6722,SBI Mutual Fund,Equity Scheme - Small Cap Fund
2026-06-12,125497,SBI Small Cap Fund - Direct Plan - Growth,196.5577,SBI Mutual Fund,Equity Scheme - Small Cap Fund
2026-06-15,125497,SBI Small Cap Fund - Direct Plan - Growth,198.032,SBI Mutual Fund,Equity Scheme - Small Cap Fund
2026-06-16,125497,SBI Small Cap Fund - Direct Plan - Growth,198.6152,SBI Mutual Fund,Equity Scheme - Small Cap Fund
2026-06-17,125497,SBI Small Cap Fund - Direct Plan - Growth,199.8302,SBI Mutual Fund,Equity Scheme - Small Cap Fund
2026-06-18,125497,SBI Small Cap Fund - Direct Plan - Growth,200.9565,SBI Mutual Fund,Equity Scheme - Small Cap Fund
2026-06-19,125497,SBI Small Cap Fund - Direct Plan - Growth,202.0761,SBI Mutual Fund,Equity Scheme - Small Cap Fund
2026-06-22,125497,SBI Small Cap Fund - Direct Plan - Growth,204.1263,SBI Mutual Fund,Equity Scheme - Small Cap Fund
2026-06-23,125497,SBI Small Cap Fund - Direct Plan - Growth,203.5443,SBI Mutual Fund,Equity Scheme - Small Cap Fund
2026-06-24,125497,SBI Small Cap Fund - Direct Plan - Growth,205.0655,SBI Mutual Fund,Equity Scheme - Small Cap Fund
2026-06-25,125497,SBI Small Cap Fund - Direct Plan - Growth,203.9157,SBI Mutual Fund,Equity Scheme - Small Cap Fund
2026-06-29,125497,SBI Small Cap Fund - Direct Plan - Growth,205.1035,SBI Mutual Fund,Equity Scheme - Small Cap Fund
2026-06-30,125497,SBI Small Cap Fund - Direct Plan - Growth,206.8355,SBI Mutual Fund,Equity Scheme - Small Cap Fund
2026-07-01,125497,SBI Small Cap Fund - Direct Plan - Growth,206.4778,SBI Mutual Fund,Equity Scheme - Small Cap Fund
2026-07-02,125497,SBI Small Cap Fund - Direct Plan - Growth,208.5373,SBI Mutual Fund,Equity Scheme - Small Cap Fund
2026-07-03,125497,SBI Small Cap Fund - Direct Plan - Growth,207.3461,SBI Mutual Fund,Equity Scheme - Small Cap Fund
2026-07-06,125497,SBI Small Cap Fund - Direct Plan - Growth,207.3912,SBI Mutual Fund,Equity Scheme - Small Cap Fund
2026-07-07,125497,SBI Small Cap Fund - Direct Plan - Growth,206.4025,SBI Mutual Fund,Equity Scheme - Small Cap Fund
2026-07-08,125497,SBI Small Cap Fund - Direct Plan - Growth,204.4035,SBI Mutual Fund,Equity Scheme - Small Cap Fund
2026-07-09,125497,SBI Small Cap Fund - Direct Plan - Growth,206.8141,SBI Mutual Fund,Equity Scheme - Small Cap Fund
2026-07-10,125497,SBI Small Cap Fund - Direct Plan - Growth,208.3518,SBI Mutual Fund,Equity Scheme - Small Cap Fund
2026-07-13,125497,SBI Small Cap Fund - Direct Plan - Growth,208.1546,SBI Mutual Fund,Equity Scheme - Small Cap Fund
2026-07-14,125497,SBI Small Cap Fund - Direct Plan - Growth,207.3738,SBI Mutual Fund,Equity Scheme - Small Cap Fund
2026-07-15,125497,SBI Small Cap Fund - Direct Plan - Growth,209.4506,SBI Mutual Fund,Equity Scheme - Small Cap Fund
2026-07-16,125497,SBI Small Cap Fund - Direct Plan - Growth,208.7624,SBI Mutual Fund,Equity Scheme - Small Cap Fund
2026-07-17,125497,SBI Small Cap Fund - Direct Plan - Growth,208.9152,SBI Mutual Fund,Equity Scheme - Small Cap Fund
2026-07-20,125497,SBI Small Cap Fund - Direct Plan - Growth,209.4466,SBI Mutual Fund,Equity Scheme - Small Cap Fund
2026-07-21,125497,SBI Small Cap Fund - Direct Plan - Growth,210.09,SBI Mutual Fund,Equity Scheme - Small Cap Fund
2026-07-22,125497,SBI Small Cap Fund - Direct Plan - Growth,207.6748,SBI Mutual Fund,Equity Scheme - Small Cap Fund
2026-07-23,125497,SBI Small Cap Fund - Direct Plan - Growth,205.5539,SBI Mutual Fund,Equity Scheme - Small Cap Fund
2026-07-24,125497,SBI Small Cap Fund - Direct Plan - Growth,204.8535,SBI Mutual Fund,Equity Scheme - Small Cap Fund
2026-07-27,125497,SBI Small Cap Fund - Direct Plan - Growth,206.7707,SBI Mutual Fund,Equity Scheme - Small Cap Fund
2026-07-28,125497,SBI Small Cap Fund - Direct Plan - Growth,206.0616,SBI Mutual Fund,Equity Scheme - Small Cap Fund
