Date,NAV,Scheme_Code
2013-01-02,14.6967,118632
2013-01-03,14.7305,118632
2013-01-04,14.8037,118632
2013-01-07,14.7718,118632
2013-01-08,14.7197,118632
2013-01-09,14.7249,118632
2013-01-10,14.6784,118632
2013-01-11,14.6421,118632
2013-01-14,14.7844,118632
2013-01-15,14.8315,118632
2013-01-16,14.6876,118632
2013-01-17,14.7703,118632
2013-01-18,14.8654,118632
2013-01-21,14.9285,118632
2013-01-22,14.8574,118632
2013-01-23,14.7986,118632
2013-01-24,14.6226,118632
2013-01-25,14.7605,118632
2013-01-28,14.7737,118632
2013-01-29,14.681,118632
2013-01-30,14.6583,118632
2013-01-31,14.6179,118632
2013-02-01,14.5671,118632
2013-02-04,14.5479,118632
2013-02-05,14.4313,118632
2013-02-06,14.4775,118632
2013-02-07,14.4048,118632
2013-02-08,14.3212,118632
2013-02-11,14.2908,118632
2013-02-12,14.3298,118632
2013-02-13,14.3617,118632
2013-02-14,14.1541,118632
2013-02-15,14.1364,118632
2013-02-18,14.1843,118632
2013-02-19,14.2926,118632
2013-02-20,14.2782,118632
2013-02-21,14.0679,118632
2013-02-22,14.0985,118632
2013-02-25,14.0828,118632
2013-02-26,13.8873,118632
2013-02-27,13.9873,118632
2013-02-28,13.7174,118632
2013-03-01,13.8247,118632
2013-03-04,13.7577,118632
2013-03-05,13.9807,118632
2013-03-06,14.0779,118632
2013-03-07,14.1368,118632
2013-03-08,14.2733,118632
2013-03-11,14.2265,118632
2013-03-12,14.1646,118632
2013-03-13,13.9586,118632
2013-03-14,14.1321,118632
2013-03-15,14.0574,118632
2013-03-18,13.9688,118632
2013-03-19,13.7101,118632
2013-03-20,13.4866,118632
2013-03-21,13.4908,118632
2013-03-22,13.4563,118632
2013-03-25,13.4002,118632
2013-03-26,13.4772,118632
2013-03-28,13.578,118632
2013-04-01,13.6324,118632
2013-04-02,13.8124,118632
2013-04-03,13.6549,118632
2013-04-04,13.4167,118632
2013-04-05,13.4782,118632
2013-04-08,13.4526,118632
2013-04-09,13.3266,118632
2013-04-10,13.4579,118632
2013-04-11,13.5316,118632
2013-04-12,13.3635,118632
2013-04-15,13.4536,118632
2013-04-16,13.7055,118632
2013-04-17,13.7107,118632
2013-04-18,13.9167,118632
2013-04-22,14.0431,118632
2013-04-23,13.9829,118632
2013-04-25,14.0593,118632
2013-04-26,14.0531,118632
2013-04-29,14.1084,118632
2013-04-30,14.1086,118632
2013-05-02,14.229,118632
2013-05-03,14.1115,118632
2013-05-06,14.2356,118632
2013-05-07,14.3852,118632
2013-05-08,14.3518,118632
2013-05-09,14.2864,118632
2013-05-10,14.3731,118632
2013-05-13,14.1432,118632
2013-05-14,14.2231,118632
2013-05-15,14.5276,118632
2013-05-16,14.5877,118632
2013-05-17,14.6518,118632
2013-05-20,14.5075,118632
2013-05-21,14.395,118632
2013-05-22,14.2804,118632
2013-05-23,13.9275,118632
2013-05-24,13.9741,118632
2013-05-27,14.1468,118632
2013-05-28,14.2241,118632
2013-05-29,14.1521,118632
2013-05-30,14.1108,118632
2013-05-31,13.9164,118632
2013-06-03,13.8393,118632
2013-06-04,13.8528,118632
2013-06-05,13.8796,118632
2013-06-06,13.8693,118632
2013-06-07,13.7436,118632
2013-06-10,13.6318,118632
2013-06-11,13.3795,118632
2013-06-12,13.3408,118632
2013-06-13,13.199,118632
2013-06-14,13.4526,118632
2013-06-17,13.5024,118632
2013-06-18,13.4342,118632
2013-06-19,13.4689,118632
2013-06-20,13.142,118632
2013-06-21,13.1933,118632
2013-06-24,12.9791,118632
2013-06-25,12.9839,118632
2013-06-26,12.9478,118632
2013-06-27,13.1137,118632
2013-06-28,13.445,118632
2013-07-01,13.6086,118632
2013-07-02,13.5237,118632
2013-07-03,13.2808,118632
2013-07-04,13.3744,118632
2013-07-05,13.4009,118632
2013-07-08,13.2314,118632
2013-07-09,13.3168,118632
2013-07-10,13.259,118632
2013-07-11,13.4425,118632
2013-07-12,13.6028,118632
2013-07-15,13.6813,118632
2013-07-16,13.4826,118632
2013-07-17,13.4057,118632
2013-07-18,13.5266,118632
2013-07-19,13.491,118632
2013-07-22,13.4323,118632
2013-07-23,13.5137,118632
2013-07-24,13.2616,118632
2013-07-25,13.1914,118632
2013-07-26,13.0735,118632
2013-07-29,13.0033,118632
2013-07-30,12.7471,118632
2013-07-31,12.9014,118632
2013-08-01,12.766,118632
2013-08-02,12.6617,118632
2013-08-05,12.7128,118632
2013-08-06,12.3588,118632
2013-08-07,12.4816,118632
2013-08-08,12.7214,118632
2013-08-12,12.8515,118632
2013-08-13,13.0239,118632
2013-08-14,13.0848,118632
2013-08-16,12.6349,118632
2013-08-19,12.4366,118632
2013-08-20,12.4137,118632
2013-08-21,12.2191,118632
2013-08-22,12.424,118632
2013-08-23,12.5759,118632
2013-08-26,12.6806,118632
2013-08-27,12.2979,118632
2013-08-28,12.2443,118632
2013-08-29,12.4848,118632
2013-08-30,12.6214,118632
2013-09-02,12.794,118632
2013-09-03,12.3669,118632
2013-09-04,12.564,118632
2013-09-05,12.8133,118632
2013-09-06,12.9802,118632
2013-09-10,13.3471,118632
2013-09-11,13.4542,118632
2013-09-12,13.3458,118632
2013-09-13,13.3653,118632
2013-09-16,13.2876,118632
2013-09-17,13.3498,118632
2013-09-18,13.4428,118632
2013-09-19,13.819,118632
2013-09-20,13.6366,118632
2013-09-23,13.408,118632
2013-09-24,13.3638,118632
2013-09-25,13.355,118632
2013-09-26,13.3434,118632
2013-09-27,13.2945,118632
2013-09-30,13.1286,118632
2013-10-01,13.2715,118632
2013-10-03,13.5608,118632
2013-10-04,13.5546,118632
2013-10-07,13.6097,118632
2013-10-08,13.6174,118632
2013-10-09,13.7175,118632
2013-10-10,13.7388,118632
2013-10-11,13.9215,118632
2013-10-14,13.9362,118632
2013-10-15,13.8854,118632
2013-10-17,13.7852,118632
2013-10-18,14.0524,118632
2013-10-21,14.1188,118632
2013-10-22,14.115,118632
2013-10-23,14.0597,118632
2013-10-24,14.0033,118632
2013-10-25,13.95,118632
2013-10-28,13.8624,118632
2013-10-29,14.119,118632
2013-10-30,14.2056,118632
2013-10-31,14.3413,118632
2013-11-01,14.4273,118632
2013-11-05,14.4377,118632
2013-11-06,14.4002,118632
2013-11-07,14.28,118632
2013-11-08,14.182,118632
2013-11-11,14.0904,118632
2013-11-12,14.0191,118632
2013-11-13,13.9225,118632
2013-11-14,14.1196,118632
2013-11-18,14.3228,118632
2013-11-19,14.3778,118632
2013-11-20,14.1819,118632
2013-11-21,13.9415,118632
2013-11-22,13.9552,118632
2013-11-25,14.1929,118632
2013-11-26,14.0636,118632
2013-11-27,14.0241,118632
2013-11-28,14.1461,118632
2013-11-29,14.3277,118632
2013-12-02,14.4415,118632
2013-12-03,14.469,118632
2013-12-04,14.408,118632
2013-12-05,14.5651,118632
2013-12-06,14.6049,118632
2013-12-09,14.8292,118632
2013-12-10,14.7766,118632
2013-12-11,14.72,118632
2013-12-12,14.6114,118632
2013-12-13,14.4293,118632
2013-12-16,14.5314,118632
2013-12-17,14.5878,118632
2013-12-18,14.7942,118632
2013-12-19,14.7525,118632
2013-12-20,14.9808,118632
2013-12-23,15.0236,118632
2013-12-24,15.0519,118632
2013-12-26,15.0569,118632
2013-12-27,15.1338,118632
2013-12-30,15.058,118632
2013-12-31,15.1634,118632
2014-01-01,15.1641,118632
2014-01-02,14.9258,118632
2014-01-03,14.9541,118632
2014-01-06,14.9235,118632
2014-01-07,14.856,118632
2014-01-08,14.8357,118632
2014-01-09,14.7928,118632
2014-01-10,14.7676,118632
2014-01-13,14.9695,118632
2014-01-14,14.8923,118632
2014-01-15,15.0219,118632
2014-01-16,15.0355,118632
2014-01-17,14.8613,118632
2014-01-20,15.0026,118632
2014-01-21,15.0291,118632
2014-01-22,15.111,118632
2014-01-23,15.0994,118632
2014-01-24,14.9307,118632
2014-01-27,14.6153,118632
2014-01-28,14.531,118632
2014-01-29,14.5958,118632
2014-01-30,14.4573,118632
2014-01-31,14.6318,118632
2014-02-03,14.4507,118632
2014-02-04,14.465,118632
2014-02-05,14.4861,118632
2014-02-06,14.4906,118632
2014-02-07,14.5266,118632
2014-02-10,14.4875,118632
2014-02-11,14.5698,118632
2014-02-12,14.6409,118632
2014-02-13,14.4582,118632
2014-02-14,14.5321,118632
2014-02-17,14.5667,118632
2014-02-18,14.7053,118632
2014-02-19,14.8192,118632
2014-02-20,14.7635,118632
2014-02-21,14.9225,118632
2014-02-24,15.0174,118632
2014-02-25,15.0578,118632
2014-02-26,15.1423,118632
2014-02-28,15.2367,118632
2014-03-03,15.108,118632
2014-03-04,15.3215,118632
2014-03-05,15.4493,118632
2014-03-06,15.624,118632
2014-03-07,15.7893,118632
2014-03-10,15.8336,118632
2014-03-11,15.7797,118632
2014-03-12,15.775,118632
2014-03-13,15.7414,118632
2014-03-14,15.7305,118632
2014-03-18,15.856,118632
2014-03-19,15.8849,118632
2014-03-20,15.7631,118632
2014-03-21,15.8077,118632
2014-03-24,15.9637,118632
2014-03-25,16.0131,118632
2014-03-26,16.0209,118632
2014-03-27,16.1047,118632
2014-03-28,16.295,118632
2014-03-31,16.4337,118632
2014-04-01,16.3998,118632
2014-04-02,16.5762,118632
2014-04-03,16.5041,118632
2014-04-04,16.4255,118632
2014-04-07,16.4194,118632
2014-04-09,16.636,118632
2014-04-10,16.6791,118632
2014-04-11,16.5678,118632
2014-04-15,16.4793,118632
2014-04-16,16.2824,118632
2014-04-17,16.5079,118632
2014-04-21,16.6546,118632
2014-04-22,16.6901,118632
2014-04-23,16.755,118632
2014-04-25,16.6603,118632
2014-04-28,16.643,118632
2014-04-29,16.4949,118632
2014-04-30,16.4493,118632
2014-05-02,16.4055,118632
2014-05-05,16.4094,118632
2014-05-06,16.4314,118632
2014-05-07,16.3084,118632
2014-05-08,16.3463,118632
2014-05-09,16.7704,118632
2014-05-12,17.0811,118632
2014-05-13,17.3691,118632
2014-05-14,17.3858,118632
2014-05-15,17.2971,118632
2014-05-16,17.7003,118632
2014-05-19,18.0749,118632
2014-05-20,18.2096,118632
2014-05-21,18.284,118632
2014-05-22,18.4562,118632
2014-05-23,18.7953,118632
2014-05-26,18.7217,118632
2014-05-27,18.6606,118632
2014-05-28,18.7759,118632
2014-05-29,18.5928,118632
2014-05-30,18.4698,118632
2014-06-02,18.8857,118632
2014-06-03,18.9956,118632
2014-06-04,19.0685,118632
2014-06-05,19.3489,118632
2014-06-06,19.5433,118632
2014-06-09,19.765,118632
2014-06-10,19.7891,118632
2014-06-11,19.7583,118632
2014-06-12,19.8035,118632
2014-06-13,19.5601,118632
2014-06-16,19.5086,118632
2014-06-17,19.7723,118632
2014-06-18,19.6428,118632
2014-06-19,19.5007,118632
2014-06-20,19.4017,118632
2014-06-23,19.4828,118632
2014-06-24,19.6679,118632
2014-06-25,19.6921,118632
2014-06-26,19.5981,118632
2014-06-27,19.7392,118632
2014-06-30,20.1124,118632
2014-07-01,20.2354,118632
2014-07-02,20.4426,118632
2014-07-03,20.5302,118632
2014-07-04,20.5459,118632
2014-07-07,20.5836,118632
2014-07-08,20.0262,118632
2014-07-09,19.7643,118632
2014-07-10,19.7887,118632
2014-07-11,19.4787,118632
2014-07-14,19.42,118632
2014-07-15,19.7704,118632
2014-07-16,20.0502,118632
2014-07-17,20.13,118632
2014-07-18,20.1216,118632
2014-07-21,20.1456,118632
2014-07-22,20.1828,118632
2014-07-23,20.2631,118632
2014-07-24,20.3446,118632
2014-07-25,20.1615,118632
2014-07-28,20.0988,118632
2014-07-30,20.062,118632
2014-07-31,19.9239,118632
2014-08-01,19.7328,118632
2014-08-04,20.0161,118632
2014-08-05,20.1673,118632
2014-08-06,20.0311,118632
2014-08-07,19.9777,118632
2014-08-08,19.6787,118632
2014-08-11,19.7947,118632
2014-08-12,19.9321,118632
2014-08-13,19.9797,118632
2014-08-14,20.0711,118632
2014-08-18,20.3665,118632
2014-08-19,20.5276,118632
2014-08-20,20.5059,118632
2014-08-21,20.6579,118632
2014-08-22,20.7944,118632
2014-08-25,20.7768,118632
2014-08-26,20.714,118632
2014-08-27,20.8028,118632
2014-08-28,20.8633,118632
2014-09-01,21.1961,118632
2014-09-02,21.2769,118632
2014-09-03,21.4935,118632
2014-09-04,21.4261,118632
2014-09-05,21.5339,118632
2014-09-08,21.8269,118632
2014-09-09,21.8095,118632
2014-09-10,21.6806,118632
2014-09-11,21.8595,118632
2014-09-12,21.8769,118632
2014-09-15,21.882,118632
2014-09-16,21.3963,118632
2014-09-17,21.4862,118632
2014-09-18,21.9147,118632
2014-09-19,21.8276,118632
2014-09-22,21.8568,118632
2014-09-23,21.5175,118632
2014-09-24,21.3659,118632
2014-09-25,21.0385,118632
2014-09-26,21.3035,118632
2014-09-29,21.3504,118632
2014-09-30,21.3925,118632
2014-10-01,21.2853,118632
2014-10-07,21.0501,118632
2014-10-08,20.9858,118632
2014-10-09,21.3712,118632
2014-10-10,21.1257,118632
2014-10-13,21.2817,118632
2014-10-14,21.2408,118632
2014-10-16,20.9038,118632
2014-10-17,21.0171,118632
2014-10-20,21.353,118632
2014-10-21,21.5918,118632
2014-10-22,21.8551,118632
2014-10-27,21.8616,118632
2014-10-28,21.996,118632
2014-10-29,22.1388,118632
2014-10-30,22.347,118632
2014-10-31,22.7578,118632
2014-11-03,22.7017,118632
2014-11-05,22.794,118632
2014-11-07,22.8806,118632
2014-11-10,22.8659,118632
2014-11-11,23.0631,118632
2014-11-12,23.1128,118632
2014-11-13,23.0467,118632
2014-11-14,23.1963,118632
2014-11-17,23.3364,118632
2014-11-18,23.4951,118632
2014-11-19,23.3673,118632
2014-11-20,23.3456,118632
2014-11-21,23.5458,118632
2014-11-24,23.6832,118632
2014-11-25,23.5233,118632
2014-11-26,23.5148,118632
2014-11-27,23.601,118632
2014-11-28,23.9915,118632
2014-12-01,24.0141,118632
2014-12-02,23.9993,118632
2014-12-03,24.2533,118632
2014-12-04,24.3271,118632
2014-12-05,24.1536,118632
2014-12-08,23.7779,118632
2014-12-09,23.4637,118632
2014-12-10,23.5379,118632
2014-12-11,23.4096,118632
2014-12-12,23.2532,118632
2014-12-15,23.1125,118632
2014-12-16,22.6709,118632
2014-12-17,22.5613,118632
2014-12-18,23.0164,118632
2014-12-19,23.1536,118632
2014-12-22,23.3659,118632
2014-12-23,23.2479,118632
2014-12-24,23.1541,118632
2014-12-26,23.2489,118632
2014-12-29,23.4536,118632
2014-12-30,23.5498,118632
2014-12-31,23.6095,118632
2015-01-01,23.6528,118632
2015-01-02,23.8685,118632
2015-01-05,23.9306,118632
2015-01-06,23.2978,118632
2015-01-07,23.1888,118632
2015-01-08,23.5557,118632
2015-01-09,23.6919,118632
2015-01-12,23.8558,118632
2015-01-13,23.8283,118632
2015-01-14,23.7675,118632
2015-01-15,24.2222,118632
2015-01-16,24.317,118632
2015-01-19,24.5131,118632
2015-01-20,24.6911,118632
2015-01-21,24.7599,118632
2015-01-22,24.8819,118632
2015-01-23,25.0677,118632
2015-01-27,25.3339,118632
2015-01-28,25.421,118632
2015-01-29,25.385,118632
2015-01-30,25.0624,118632
2015-02-02,25.1129,118632
2015-02-03,25.0832,118632
2015-02-04,24.9246,118632
2015-02-05,24.8215,118632
2015-02-06,24.5556,118632
2015-02-09,24.2059,118632
2015-02-10,24.3834,118632
2015-02-11,24.5886,118632
2015-02-12,24.9342,118632
2015-02-13,25.2094,118632
2015-02-16,25.142,118632
2015-02-18,25.3552,118632
2015-02-19,25.4505,118632
2015-02-20,25.3486,118632
2015-02-23,25.1001,118632
2015-02-24,25.0551,118632
2015-02-25,25.0647,118632
2015-02-26,24.7007,118632
2015-02-27,25.1922,118632
2015-03-02,25.8113,118632
2015-03-03,25.8821,118632
2015-03-04,25.7662,118632
2015-03-05,25.7857,118632
2015-03-09,25.3653,118632
2015-03-10,25.2727,118632
2015-03-11,25.1691,118632
2015-03-12,25.4292,118632
2015-03-13,24.9985,118632
2015-03-16,24.9966,118632
2015-03-17,25.2614,118632
2015-03-18,25.1868,118632
2015-03-19,25.0654,118632
2015-03-20,24.8457,118632
2015-03-23,24.6014,118632
2015-03-24,24.5289,118632
2015-03-25,24.601,118632
2015-03-26,24.1744,118632
2015-03-27,24.2816,118632
2015-03-30,24.7205,118632
2015-03-31,24.8173,118632
2015-04-01,24.9774,118632
2015-04-06,25.1357,118632
2015-04-07,25.0988,118632
2015-04-08,25.3594,118632
2015-04-09,25.4355,118632
2015-04-10,25.4342,118632
2015-04-13,25.4607,118632
2015-04-15,25.2197,118632
2015-04-16,25.0457,118632
2015-04-17,24.7472,118632
2015-04-20,24.3175,118632
2015-04-21,24.2302,118632
2015-04-22,24.2623,118632
2015-04-23,24.1274,118632
2015-04-24,23.807,118632
2015-04-27,23.6176,118632
2015-04-28,23.9604,118632
2015-04-29,23.9581,118632
2015-04-30,23.8871,118632
2015-05-04,24.2991,118632
2015-05-05,24.2251,118632
2015-05-06,23.4804,118632
2015-05-07,23.2601,118632
2015-05-08,23.5699,118632
2015-05-11,23.9045,118632
2015-05-12,23.3741,118632
2015-05-13,23.7317,118632
2015-05-14,23.8744,118632
2015-05-15,23.9606,118632
2015-05-18,24.2303,118632
2015-05-19,24.2613,118632
2015-05-20,24.3303,118632
2015-05-21,24.4188,118632
2015-05-22,24.4413,118632
2015-05-25,24.3027,118632
2015-05-26,24.2644,118632
2015-05-27,24.3084,118632
2015-05-28,24.3028,118632
2015-05-29,24.5983,118632
2015-06-01,24.5501,118632
2015-06-02,24.0843,118632
2015-06-03,23.7295,118632
2015-06-04,23.8115,118632
2015-06-05,23.7208,118632
2015-06-08,23.48,118632
2015-06-09,23.4042,118632
2015-06-10,23.7336,118632
2015-06-11,23.2339,118632
2015-06-12,23.2541,118632
2015-06-15,23.3314,118632
2015-06-16,23.422,118632
2015-06-17,23.6298,118632
2015-06-18,23.9182,118632
2015-06-19,23.9869,118632
2015-06-22,24.314,118632
2015-06-23,24.4327,118632
2015-06-24,24.3374,118632
2015-06-25,24.4484,118632
2015-06-26,24.4435,118632
2015-06-29,24.1628,118632
2015-06-30,24.3172,118632
2015-07-01,24.6845,118632
2015-07-02,24.7617,118632
2015-07-03,24.8297,118632
2015-07-06,24.989,118632
2015-07-07,24.98,118632
2015-07-08,24.7241,118632
2015-07-09,24.6404,118632
2015-07-10,24.8298,118632
2015-07-13,25.1261,118632
2015-07-14,25.0818,118632
2015-07-15,25.215,118632
2015-07-16,25.4921,118632
2015-07-17,25.5135,118632
2015-07-20,25.486,118632
2015-07-21,25.2492,118632
2015-07-22,25.5973,118632
2015-07-23,25.6279,118632
2015-07-24,25.3293,118632
2015-07-27,24.8146,118632
2015-07-28,24.8213,118632
2015-07-29,25.0338,118632
2015-07-30,25.1135,118632
2015-07-31,25.3581,118632
2015-08-03,25.3743,118632
2015-08-04,25.3628,118632
2015-08-05,25.5498,118632
2015-08-06,25.7285,118632
2015-08-07,25.6753,118632
2015-08-10,25.5996,118632
2015-08-11,25.3892,118632
2015-08-12,24.9941,118632
2015-08-13,25.0586,118632
2015-08-14,25.5171,118632
2015-08-17,25.4857,118632
2015-08-18,25.5622,118632
2015-08-19,25.7371,118632
2015-08-20,25.25,118632
2015-08-21,25.0656,118632
2015-08-24,23.407,118632
2015-08-25,23.8135,118632
2015-08-26,23.6063,118632
2015-08-27,23.9878,118632
2015-08-28,24.1199,118632
2015-08-31,24.0781,118632
2015-09-01,23.4753,118632
2015-09-02,23.2252,118632
2015-09-03,23.5001,118632
2015-09-04,23.0544,118632
2015-09-07,22.6228,118632
2015-09-08,22.9928,118632
2015-09-09,23.4313,118632
2015-09-10,23.3613,118632
2015-09-11,23.3722,118632
2015-09-14,23.5968,118632
2015-09-15,23.3685,118632
2015-09-16,23.5121,118632
2015-09-18,23.7631,118632
2015-09-21,23.7417,118632
2015-09-22,23.3928,118632
2015-09-23,23.4782,118632
2015-09-24,23.5282,118632
2015-09-28,23.2893,118632
2015-09-29,23.3434,118632
2015-09-30,23.5371,118632
2015-10-01,23.4492,118632
2015-10-05,23.8972,118632
2015-10-06,23.9205,118632
2015-10-07,24.0002,118632
2015-10-08,23.8578,118632
2015-10-09,23.9808,118632
2015-10-12,23.9224,118632
2015-10-13,23.8587,118632
2015-10-14,23.82,118632
2015-10-15,24.0433,118632
2015-10-16,24.2571,118632
2015-10-19,24.3698,118632
2015-10-20,24.4647,118632
2015-10-21,24.3804,118632
2015-10-23,24.4185,118632
2015-10-26,24.3338,118632
2015-10-27,24.4353,118632
2015-10-28,24.1553,118632
2015-10-29,23.9492,118632
2015-10-30,23.9588,118632
2015-11-02,24.0093,118632
2015-11-03,24.14,118632
2015-11-04,24.1744,118632
2015-11-05,23.8487,118632
2015-11-06,23.9408,118632
2015-11-09,24.0569,118632
2015-11-10,23.6048,118632
2015-11-13,23.6023,118632
2015-11-16,23.6464,118632
2015-11-17,23.6869,118632
2015-11-18,23.3993,118632
2015-11-19,23.7152,118632
2015-11-20,23.7739,118632
2015-11-23,23.8062,118632
2015-11-24,23.7693,118632
2015-11-26,23.8873,118632
2015-11-27,24.0645,118632
2015-11-30,24.0853,118632
2015-12-01,24.1287,118632
2015-12-02,23.9763,118632
2015-12-03,23.8826,118632
2015-12-04,23.6939,118632
2015-12-07,23.6828,118632
2015-12-08,23.5217,118632
2015-12-09,23.1808,118632
2015-12-10,23.3611,118632
2015-12-11,23.1149,118632
2015-12-14,23.1611,118632
2015-12-15,23.3506,118632
2015-12-16,23.4669,118632
2015-12-17,23.7584,118632
2015-12-18,23.5299,118632
2015-12-21,23.7742,118632
2015-12-22,23.6914,118632
2015-12-23,23.8732,118632
2015-12-24,23.8664,118632
2015-12-28,24.0376,118632
2015-12-29,24.0464,118632
2015-12-30,23.9469,118632
2015-12-31,24.0469,118632
2016-01-01,24.1592,118632
2016-01-04,23.6582,118632
2016-01-05,23.6725,118632
2016-01-06,23.6076,118632
2016-01-07,23.024,118632
2016-01-08,23.1295,118632
2016-01-11,23.017,118632
2016-01-12,22.8466,118632
2016-01-13,22.9722,118632
2016-01-14,22.7351,118632
2016-01-15,22.2522,118632
2016-01-18,21.8577,118632
2016-01-19,22.1989,118632
2016-01-20,21.7905,118632
2016-01-21,21.6986,118632
2016-01-22,22.1803,118632
2016-01-25,22.1872,118632
2016-01-27,22.2157,118632
2016-01-28,22.1207,118632
2016-01-29,22.3623,118632
2016-02-01,22.3199,118632
2016-02-02,21.9913,118632
2016-02-03,21.6981,118632
2016-02-04,21.8202,118632
2016-02-05,22.1293,118632
2016-02-08,21.931,118632
2016-02-09,21.511,118632
2016-02-10,21.2345,118632
2016-02-11,20.5606,118632
2016-02-12,20.335,118632
2016-02-15,21.1626,118632
2016-02-16,20.6254,118632
2016-02-17,20.7377,118632
2016-02-18,20.8984,118632
2016-02-19,20.9572,118632
2016-02-22,21.0577,118632
2016-02-23,20.7066,118632
2016-02-24,20.4871,118632
2016-02-25,20.2073,118632
2016-02-26,20.3822,118632
2016-02-29,20.3216,118632
2016-03-01,20.9882,118632
2016-03-02,21.4877,118632
2016-03-03,21.8293,118632
2016-03-04,21.8207,118632
2016-03-08,21.7427,118632
2016-03-09,21.8384,118632
2016-03-10,21.6154,118632
2016-03-11,21.6799,118632
2016-03-14,21.7934,118632
2016-03-15,21.6629,118632
2016-03-16,21.7742,118632
2016-03-17,21.8864,118632
2016-03-18,22.1565,118632
2016-03-21,22.5146,118632
2016-03-22,22.621,118632
2016-03-23,22.5952,118632
2016-03-28,22.261,118632
2016-03-29,22.2831,118632
2016-03-30,22.7469,118632
2016-03-31,22.7305,118632
2016-04-01,22.7749,118632
2016-04-04,22.8388,118632
2016-04-05,22.2847,118632
2016-04-06,22.2747,118632
2016-04-07,22.0958,118632
2016-04-08,22.1561,118632
2016-04-11,22.4342,118632
2016-04-12,22.6159,118632
2016-04-13,22.9962,118632
2016-04-18,23.1322,118632
2016-04-20,23.135,118632
2016-04-21,23.2232,118632
2016-04-22,23.2899,118632
2016-04-25,23.1021,118632
2016-04-26,23.3473,118632
2016-04-27,23.2149,118632
2016-04-28,22.8054,118632
2016-04-29,22.7631,118632
2016-05-02,22.6677,118632
2016-05-03,22.4577,118632
2016-05-04,22.2164,118632
2016-05-05,22.3476,118632
2016-05-06,22.3996,118632
2016-05-09,22.757,118632
2016-05-10,22.8087,118632
2016-05-11,22.7257,118632
2016-05-12,22.8837,118632
2016-05-13,22.7227,118632
2016-05-16,22.6867,118632
2016-05-17,22.8349,118632
2016-05-18,22.7496,118632
2016-05-19,22.4418,118632
2016-05-20,22.3326,118632
2016-05-23,22.2697,118632
2016-05-24,22.2477,118632
2016-05-25,22.766,118632
2016-05-26,23.2084,118632
2016-05-27,23.413,118632
2016-05-30,23.4529,118632
2016-05-31,23.5294,118632
2016-06-01,23.4935,118632
2016-06-02,23.6277,118632
2016-06-03,23.5755,118632
2016-06-06,23.6339,118632
2016-06-07,23.89,118632
2016-06-08,24.0318,118632
2016-06-09,23.9139,118632
2016-06-10,23.7818,118632
2016-06-13,23.6063,118632
2016-06-14,23.6765,118632
2016-06-15,23.9778,118632
2016-06-16,23.8671,118632
2016-06-17,23.9414,118632
2016-06-20,24.0874,118632
2016-06-21,24.0185,118632
2016-06-22,23.9513,118632
2016-06-23,24.1395,118632
2016-06-24,23.5903,118632
2016-06-27,23.6954,118632
2016-06-28,23.713,118632
2016-06-29,23.9857,118632
2016-06-30,24.2262,118632
2016-07-01,24.5517,118632
2016-07-04,24.7625,118632
2016-07-05,24.6453,118632
2016-07-07,24.5086,118632
2016-07-08,24.4277,118632
2016-07-11,24.7714,118632
2016-07-12,24.9903,118632
2016-07-13,24.9425,118632
2016-07-14,25.1244,118632
2016-07-15,25.0888,118632
2016-07-18,25.0025,118632
2016-07-19,25.1137,118632
2016-07-20,25.3408,118632
2016-07-21,25.1093,118632
2016-07-22,25.229,118632
2016-07-25,25.5399,118632
2016-07-26,25.4165,118632
2016-07-27,25.5884,118632
2016-07-28,25.7223,118632
2016-07-29,25.5813,118632
2016-08-01,25.4483,118632
2016-08-02,25.4105,118632
2016-08-03,25.1746,118632
2016-08-04,25.1597,118632
2016-08-05,25.6611,118632
2016-08-08,25.7013,118632
2016-08-09,25.6157,118632
2016-08-10,25.2349,118632
2016-08-11,25.2549,118632
2016-08-12,25.544,118632
2016-08-16,25.6503,118632
2016-08-17,25.7367,118632
2016-08-18,25.8291,118632
2016-08-19,25.9854,118632
2016-08-22,25.8428,118632
2016-08-23,25.8432,118632
2016-08-24,25.9841,118632
2016-08-25,25.9146,118632
2016-08-26,25.8572,118632
2016-08-29,25.9582,118632
2016-08-30,26.3124,118632
2016-08-31,26.4558,118632
2016-09-01,26.4371,118632
2016-09-02,26.5166,118632
2016-09-06,26.9959,118632
2016-09-07,27.1298,118632
2016-09-08,27.1191,118632
2016-09-09,26.8397,118632
2016-09-12,26.2624,118632
2016-09-14,26.3941,118632
2016-09-15,26.3838,118632
2016-09-16,26.4984,118632
2016-09-19,26.5552,118632
2016-09-20,26.5521,118632
2016-09-21,26.5013,118632
2016-09-22,26.8705,118632
2016-09-23,26.8241,118632
2016-09-26,26.5369,118632
2016-09-27,26.4832,118632
2016-09-28,26.5987,118632
2016-09-29,25.9673,118632
2016-09-30,26.2954,118632
2016-10-03,26.714,118632
2016-10-04,26.8853,118632
2016-10-05,26.8287,118632
2016-10-06,26.7141,118632
2016-10-07,26.7255,118632
2016-10-10,26.6654,118632
2016-10-13,26.2504,118632
2016-10-14,26.4532,118632
2016-10-17,26.3385,118632
2016-10-18,26.8552,118632
2016-10-19,26.8289,118632
2016-10-20,26.9608,118632
2016-10-21,26.9751,118632
2016-10-24,26.9649,118632
2016-10-25,26.9049,118632
2016-10-26,26.5422,118632
2016-10-27,26.4065,118632
2016-10-28,26.5327,118632
2016-11-01,26.4556,118632
2016-11-02,25.9866,118632
2016-11-03,25.8165,118632
2016-11-04,25.7192,118632
2016-11-07,26.0267,118632
2016-11-08,26.1779,118632
2016-11-09,25.9815,118632
2016-11-10,26.4475,118632
2016-11-11,25.6714,118632
2016-11-15,25.1317,118632
2016-11-16,25.0917,118632
2016-11-17,25.0541,118632
2016-11-18,25.007,118632
2016-11-21,24.3842,118632
2016-11-22,24.6061,118632
2016-11-23,24.7436,118632
2016-11-24,24.4925,118632
2016-11-25,24.846,118632
2016-11-28,24.8044,118632
2016-11-29,24.9637,118632
2016-11-30,25.2121,118632
2016-12-01,25.0419,118632
2016-12-02,24.711,118632
2016-12-05,24.8573,118632
2016-12-06,24.9297,118632
2016-12-07,24.8628,118632
2016-12-08,25.2738,118632
2016-12-09,25.397,118632
2016-12-12,25.1439,118632
2016-12-13,25.305,118632
2016-12-14,25.1636,118632
2016-12-15,25.138,118632
2016-12-16,25.0934,118632
2016-12-19,25.0737,118632
2016-12-20,24.8474,118632
2016-12-21,24.7959,118632
2016-12-22,24.5111,118632
2016-12-23,24.3644,118632
2016-12-26,24.0174,118632
2016-12-27,24.3943,118632
2016-12-28,24.4405,118632
2016-12-29,24.609,118632
2016-12-30,24.8722,118632
2017-01-02,24.8896,118632
2017-01-03,25.0489,118632
2017-01-04,24.9821,118632
2017-01-05,25.1755,118632
2017-01-06,25.0766,118632
2017-01-09,25.0859,118632
2017-01-10,25.3305,118632
2017-01-11,25.5653,118632
2017-01-12,25.6686,118632
2017-01-13,25.6832,118632
2017-01-16,25.6849,118632
2017-01-17,25.626,118632
2017-01-18,25.7876,118632
2017-01-19,25.9411,118632
2017-01-20,25.5789,118632
2017-01-23,25.6994,118632
2017-01-24,25.8993,118632
2017-01-25,26.1145,118632
2017-01-27,26.371,118632
2017-01-30,26.3299,118632
2017-01-31,26.0445,118632
2017-02-01,26.6348,118632
2017-02-02,26.8202,118632
2017-02-03,26.8479,118632
2017-02-06,27.1466,118632
2017-02-07,27.0582,118632
2017-02-08,27.077,118632
2017-02-09,27.1861,118632
2017-02-10,27.1467,118632
2017-02-13,27.141,118632
2017-02-14,27.1432,118632
2017-02-15,26.9386,118632
2017-02-16,27.3213,118632
2017-02-17,27.4476,118632
2017-02-20,27.5539,118632
2017-02-21,27.683,118632
2017-02-22,27.6601,118632
2017-02-23,27.6276,118632
2017-02-27,27.5559,118632
2017-02-28,27.5949,118632
2017-03-01,27.7667,118632
2017-03-02,27.4685,118632
2017-03-03,27.4886,118632
2017-03-06,27.673,118632
2017-03-07,27.5637,118632
2017-03-08,27.5182,118632
2017-03-09,27.4788,118632
2017-03-10,27.4825,118632
2017-03-14,27.9109,118632
2017-03-15,28.0499,118632
2017-03-16,28.2994,118632
2017-03-17,28.292,118632
2017-03-20,28.2515,118632
2017-03-21,28.1844,118632
2017-03-22,27.8971,118632
2017-03-23,28.1365,118632
2017-03-24,28.2564,118632
2017-03-27,28.1739,118632
2017-03-28,28.3246,118632
2017-03-29,28.4492,118632
2017-03-30,28.5509,118632
2017-03-31,28.6533,118632
2017-04-03,28.911,118632
2017-04-05,29.0429,118632
2017-04-06,28.9812,118632
2017-04-07,28.95,118632
2017-04-10,29.0389,118632
2017-04-11,29.3229,118632
2017-04-12,29.2211,118632
2017-04-13,29.0791,118632
2017-04-17,28.9722,118632
2017-04-18,28.7691,118632
2017-04-19,28.7578,118632
2017-04-20,28.863,118632
2017-04-21,28.8038,118632
2017-04-24,29.1286,118632
2017-04-25,29.3921,118632
2017-04-26,29.5173,118632
2017-04-27,29.4387,118632
2017-04-28,29.4278,118632
2017-05-02,29.46,118632
2017-05-03,29.4667,118632
2017-05-04,29.6105,118632
2017-05-05,29.4109,118632
2017-05-08,29.5504,118632
2017-05-09,29.6765,118632
2017-05-10,29.9594,118632
2017-05-11,30.031,118632
2017-05-12,29.9322,118632
2017-05-15,30.1935,118632
2017-05-16,30.3329,118632
2017-05-17,30.3774,118632
2017-05-18,29.9507,118632
2017-05-19,29.8971,118632
2017-05-22,29.7612,118632
2017-05-23,29.4538,118632
2017-05-24,29.1671,118632
2017-05-25,29.59,118632
2017-05-26,29.9662,118632
2017-05-29,29.8361,118632
2017-05-30,29.9735,118632
2017-05-31,30.1017,118632
2017-06-01,30.1327,118632
2017-06-02,30.3031,118632
2017-06-05,30.3514,118632
2017-06-06,30.229,118632
2017-06-07,30.4099,118632
2017-06-08,30.506,118632
2017-06-09,30.5259,118632
2017-06-12,30.3447,118632
2017-06-13,30.4037,118632
2017-06-14,30.3841,118632
2017-06-15,30.4269,118632
2017-06-16,30.488,118632
2017-06-19,30.6373,118632
2017-06-20,30.6466,118632
2017-06-21,30.6339,118632
2017-06-22,30.6326,118632
2017-06-23,30.4523,118632
2017-06-27,30.1895,118632
2017-06-28,30.1719,118632
2017-06-29,30.2774,118632
2017-06-30,30.4672,118632
2017-07-03,30.7076,118632
2017-07-04,30.6469,118632
2017-07-05,30.7453,118632
2017-07-06,30.9183,118632
2017-07-07,30.9141,118632
2017-07-10,31.2073,118632
2017-07-11,31.1432,118632
2017-07-12,31.2596,118632
2017-07-13,31.4959,118632
2017-07-14,31.5794,118632
2017-07-17,31.6883,118632
2017-07-18,31.4552,118632
2017-07-19,31.6947,118632
2017-07-20,31.6109,118632
2017-07-21,31.6364,118632
2017-07-24,31.6634,118632
2017-07-25,31.7053,118632
2017-07-26,31.8441,118632
2017-07-27,31.8026,118632
2017-07-28,31.8224,118632
2017-07-31,32.0535,118632
2017-08-01,32.1063,118632
2017-08-02,32.0117,118632
2017-08-03,31.6737,118632
2017-08-04,31.7571,118632
2017-08-07,31.8846,118632
2017-08-08,31.6179,118632
2017-08-09,31.2446,118632
2017-08-10,30.9067,118632
2017-08-11,30.6617,118632
2017-08-14,31.0202,118632
2017-08-16,31.4207,118632
2017-08-17,31.4255,118632
2017-08-18,31.117,118632
2017-08-21,30.7548,118632
2017-08-22,30.7924,118632
2017-08-23,31.1119,118632
2017-08-24,31.2131,118632
2017-08-28,31.4622,118632
2017-08-29,31.1049,118632
2017-08-30,31.4015,118632
2017-08-31,31.4141,118632
2017-09-01,31.6691,118632
2017-09-04,31.4361,118632
2017-09-05,31.5585,118632
2017-09-06,31.3772,118632
2017-09-07,31.4877,118632
2017-09-08,31.4232,118632
2017-09-11,31.6347,118632
2017-09-12,32.094,118632
2017-09-13,31.9919,118632
2017-09-14,32.2205,118632
2017-09-15,32.1804,118632
2017-09-18,32.3021,118632
2017-09-19,32.3193,118632
2017-09-20,32.3893,118632
2017-09-21,32.3494,118632
2017-09-22,31.7583,118632
2017-09-25,31.3525,118632
2017-09-26,31.4674,118632
2017-09-27,30.9123,118632
2017-09-28,31.055,118632
2017-09-29,31.1989,118632
2017-10-03,31.4069,118632
2017-10-04,31.5247,118632
2017-10-05,31.483,118632
2017-10-06,31.8248,118632
2017-10-09,31.8386,118632
2017-10-10,31.9242,118632
2017-10-11,31.7567,118632
2017-10-12,32.0301,118632
2017-10-13,32.1021,118632
2017-10-16,32.2992,118632
2017-10-17,32.3031,118632
2017-10-18,32.0621,118632
2017-10-23,32.0093,118632
2017-10-24,32.2031,118632
2017-10-25,32.9617,118632
2017-10-26,33.0916,118632
2017-10-27,33.0506,118632
2017-10-30,33.2462,118632
2017-10-31,33.2403,118632
2017-11-01,33.6633,118632
2017-11-02,33.8467,118632
2017-11-03,33.9577,118632
2017-11-06,33.9914,118632
2017-11-07,33.6005,118632
2017-11-08,33.4258,118632
2017-11-09,33.4535,118632
2017-11-10,33.6443,118632
2017-11-13,33.4465,118632
2017-11-14,33.3065,118632
2017-11-15,33.1299,118632
2017-11-16,33.4248,118632
2017-11-17,33.7037,118632
2017-11-20,33.6442,118632
2017-11-21,33.7963,118632
2017-11-22,33.886,118632
2017-11-23,33.9246,118632
2017-11-24,34.029,118632
2017-11-27,34.1131,118632
2017-11-28,34.1058,118632
2017-11-29,34.1414,118632
2017-11-30,33.7852,118632
2017-12-01,33.4223,118632
2017-12-04,33.4572,118632
2017-12-05,33.4891,118632
2017-12-06,33.1637,118632
2017-12-07,33.6118,118632
2017-12-08,33.871,118632
2017-12-11,34.0329,118632
2017-12-12,33.885,118632
2017-12-13,33.6733,118632
2017-12-14,33.8275,118632
2017-12-15,34.0192,118632
2017-12-18,34.284,118632
2017-12-19,34.5252,118632
2017-12-20,34.5071,118632
2017-12-21,34.6126,118632
2017-12-22,34.7028,118632
2017-12-26,34.851,118632
2017-12-27,34.7596,118632
2017-12-28,34.6846,118632
2017-12-29,34.7983,118632
2018-01-01,34.6262,118632
2018-01-02,34.5302,118632
2018-01-03,34.6333,118632
2018-01-04,34.9609,118632
2018-01-05,35.2026,118632
2018-01-08,35.419,118632
2018-01-09,35.3117,118632
2018-01-10,35.1768,118632
2018-01-11,35.2637,118632
2018-01-12,35.3194,118632
2018-01-15,35.4,118632
2018-01-16,35.3059,118632
2018-01-17,35.745,118632
2018-01-18,35.5717,118632
2018-01-19,35.8535,118632
2018-01-22,35.9831,118632
2018-01-23,36.4055,118632
2018-01-24,36.4318,118632
2018-01-25,36.2022,118632
2018-01-29,36.0769,118632
2018-01-30,35.8854,118632
2018-01-31,35.6854,118632
2018-02-01,35.7358,118632
2018-02-02,34.7973,118632
2018-02-05,34.6657,118632
2018-02-06,34.1225,118632
2018-02-07,34.131,118632
2018-02-08,34.7053,118632
2018-02-09,34.4287,118632
2018-02-12,34.6196,118632
2018-02-14,34.3877,118632
2018-02-15,34.3508,118632
2018-02-16,34.0648,118632
2018-02-19,33.6931,118632
2018-02-20,33.6253,118632
2018-02-21,33.6898,118632
2018-02-22,33.5514,118632
2018-02-23,33.9973,118632
2018-02-26,34.2737,118632
2018-02-27,34.1761,118632
2018-02-28,34.0453,118632
2018-03-01,33.9327,118632
2018-03-05,33.5489,118632
2018-03-06,33.2481,118632
2018-03-07,32.8094,118632
2018-03-08,33.0565,118632
2018-03-09,32.9489,118632
2018-03-12,33.4068,118632
2018-03-13,33.5543,118632
2018-03-14,33.5449,118632
2018-03-15,33.4466,118632
2018-03-16,32.9216,118632
2018-03-19,32.496,118632
2018-03-20,32.5822,118632
2018-03-21,32.623,118632
2018-03-22,32.3204,118632
2018-03-23,31.9377,118632
2018-03-26,32.3705,118632
2018-03-27,32.6602,118632
2018-03-28,32.4779,118632
2018-04-02,32.7923,118632
2018-04-03,33.0696,118632
2018-04-04,32.7241,118632
2018-04-05,33.295,118632
2018-04-06,33.3987,118632
2018-04-09,33.4945,118632
2018-04-10,33.6416,118632
2018-04-11,33.4863,118632
2018-04-12,33.5214,118632
2018-04-13,33.4774,118632
2018-04-16,33.5668,118632
2018-04-17,33.6914,118632
2018-04-18,33.6279,118632
2018-04-19,33.7213,118632
2018-04-20,33.7163,118632
2018-04-23,33.8532,118632
2018-04-24,33.9256,118632
2018-04-25,33.7541,118632
2018-04-26,33.7207,118632
2018-04-27,34.139,118632
2018-04-30,34.361,118632
2018-05-02,34.2246,118632
2018-05-03,34.0608,118632
2018-05-04,33.8283,118632
2018-05-07,34.1863,118632
2018-05-08,34.1955,118632
2018-05-09,34.1515,118632
2018-05-10,33.9535,118632
2018-05-11,34.1106,118632
2018-05-14,33.9888,118632
2018-05-15,33.7484,118632
2018-05-16,33.5043,118632
2018-05-17,33.483,118632
2018-05-18,33.1041,118632
2018-05-21,32.7378,118632
2018-05-22,32.9824,118632
2018-05-23,32.7218,118632
2018-05-24,32.8756,118632
2018-05-25,33.1979,118632
2018-05-28,33.5888,118632
2018-05-29,33.4931,118632
2018-05-30,33.4538,118632
2018-05-31,33.6207,118632
2018-06-01,33.3544,118632
2018-06-04,33.0834,118632
2018-06-05,32.9146,118632
2018-06-06,33.387,118632
2018-06-07,33.7109,118632
2018-06-08,33.8405,118632
2018-06-11,33.8679,118632
2018-06-12,34.1387,118632
2018-06-13,34.1271,118632
2018-06-14,34.0272,118632
2018-06-15,33.9204,118632
2018-06-18,33.8859,118632
2018-06-19,33.6461,118632
2018-06-20,33.6973,118632
2018-06-21,33.5211,118632
2018-06-22,33.8415,118632
2018-06-25,33.4904,118632
2018-06-26,33.4689,118632
2018-06-27,32.9556,118632
2018-06-28,32.5668,118632
2018-06-29,33.0638,118632
2018-07-02,32.9111,118632
2018-07-03,33.0748,118632
2018-07-04,33.2067,118632
2018-07-05,33.1059,118632
2018-07-06,33.1586,118632
2018-07-09,33.4895,118632
2018-07-10,33.7515,118632
2018-07-11,33.6146,118632
2018-07-12,33.7237,118632
2018-07-13,33.5276,118632
2018-07-16,32.8552,118632
2018-07-17,33.292,118632
2018-07-18,33.1707,118632
2018-07-19,33.0304,118632
2018-07-20,33.2484,118632
2018-07-23,33.6369,118632
2018-07-24,34.0694,118632
2018-07-25,34.1491,118632
2018-07-26,34.4358,118632
2018-07-27,34.8745,118632
2018-07-30,35.0847,118632
2018-07-31,35.068,118632
2018-08-01,35.1089,118632
2018-08-02,34.989,118632
2018-08-03,35.3753,118632
2018-08-06,35.4678,118632
2018-08-07,35.3674,118632
2018-08-08,35.4928,118632
2018-08-09,35.6865,118632
2018-08-10,35.3667,118632
2018-08-13,35.0787,118632
2018-08-14,35.3932,118632
2018-08-16,35.3442,118632
2018-08-17,35.724,118632
2018-08-20,36.178,118632
2018-08-21,36.2978,118632
2018-08-23,36.3233,118632
2018-08-24,36.1827,118632
2018-08-27,36.5961,118632
2018-08-28,36.5015,118632
2018-08-29,36.6525,118632
2018-08-30,36.845,118632
2018-08-31,37.0172,118632
2018-09-03,36.7355,118632
2018-09-04,36.2352,118632
2018-09-05,36.2032,118632
2018-09-06,36.5036,118632
2018-09-07,36.8595,118632
2018-09-10,36.4594,118632
2018-09-11,35.9588,118632
2018-09-12,36.1758,118632
2018-09-14,36.6182,118632
2018-09-17,36.2336,118632
2018-09-18,35.6478,118632
2018-09-19,35.6203,118632
2018-09-21,35.3925,118632
2018-09-24,34.6484,118632
2018-09-25,34.9495,118632
2018-09-26,34.9064,118632
2018-09-27,34.5134,118632
2018-09-28,34.2138,118632
2018-10-01,34.388,118632
2018-10-03,34.1188,118632
2018-10-04,33.5729,118632
2018-10-05,32.5654,118632
2018-10-08,32.371,118632
2018-10-09,32.2168,118632
2018-10-10,33.0232,118632
2018-10-11,32.2514,118632
2018-10-12,32.8517,118632
2018-10-15,32.9868,118632
2018-10-16,33.2969,118632
2018-10-17,32.7194,118632
2018-10-19,32.5449,118632
2018-10-22,32.3955,118632
2018-10-23,32.0403,118632
2018-10-24,32.3693,118632
2018-10-25,32.141,118632
2018-10-26,31.9937,118632
2018-10-29,33.0937,118632
2018-10-30,33.1305,118632
2018-10-31,33.7681,118632
2018-11-01,33.9584,118632
2018-11-02,34.3998,118632
2018-11-05,34.3161,118632
2018-11-06,34.1348,118632
2018-11-09,34.3811,118632
2018-11-12,33.9351,118632
2018-11-13,34.1687,118632
2018-11-14,34.1979,118632
2018-11-15,34.4793,118632
2018-11-16,34.6407,118632
2018-11-19,34.7194,118632
2018-11-20,34.3544,118632
2018-11-21,34.4915,118632
2018-11-22,34.1882,118632
2018-11-26,34.3768,118632
2018-11-27,34.4933,118632
2018-11-28,34.2506,118632
2018-11-29,34.5976,118632
2018-11-30,34.6195,118632
2018-12-03,34.6368,118632
2018-12-04,34.7341,118632
2018-12-05,34.1841,118632
2018-12-06,33.7422,118632
2018-12-07,33.8079,118632
2018-12-10,33.3958,118632
2018-12-11,33.7144,118632
2018-12-12,34.4292,118632
2018-12-13,34.5441,118632
2018-12-14,34.6099,118632
2018-12-17,34.8087,118632
2018-12-18,34.9366,118632
2018-12-19,35.2629,118632
2018-12-20,35.1521,118632
2018-12-21,34.7041,118632
2018-12-24,34.467,118632
2018-12-26,34.6407,118632
2018-12-27,34.6762,118632
2018-12-28,35.0331,118632
2018-12-31,35.0999,118632
2019-01-01,35.3061,118632
2019-01-02,34.8637,118632
2019-01-03,34.5153,118632
2019-01-04,34.7714,118632
2019-01-07,34.8727,118632
2019-01-08,35.1267,118632
2019-01-09,35.2384,118632
2019-01-10,35.3285,118632
2019-01-11,35.2316,118632
2019-01-14,35.0726,118632
2019-01-15,35.3664,118632
2019-01-16,35.374,118632
2019-01-17,35.3235,118632
2019-01-18,34.9364,118632
2019-01-21,34.8657,118632
2019-01-22,34.868,118632
2019-01-23,34.6741,118632
2019-01-24,34.5476,118632
2019-01-25,34.3971,118632
2019-01-28,33.8254,118632
2019-01-29,34.0023,118632
2019-01-30,34.3406,118632
2019-01-31,34.8539,118632
2019-02-01,34.7678,118632
2019-02-04,34.5859,118632
2019-02-05,34.4663,118632
2019-02-06,34.8702,118632
2019-02-07,35.0078,118632
2019-02-08,34.4331,118632
2019-02-11,34.1241,118632
2019-02-12,34.0735,118632
2019-02-13,33.8343,118632
2019-02-14,33.7264,118632
2019-02-15,33.4974,118632
2019-02-18,33.22,118632
2019-02-19,33.3508,118632
2019-02-20,33.7654,118632
2019-02-21,34.028,118632
2019-02-22,34.2343,118632
2019-02-25,34.3686,118632
2019-02-26,34.2692,118632
2019-02-27,34.2767,118632
2019-02-28,34.3414,118632
2019-03-01,34.7149,118632
2019-03-05,35.4016,118632
2019-03-06,35.5201,118632
2019-03-07,35.5907,118632
2019-03-08,35.4924,118632
2019-03-11,36.0421,118632
2019-03-12,36.4004,118632
2019-03-13,36.4739,118632
2019-03-14,36.4598,118632
2019-03-15,36.7007,118632
2019-03-18,36.842,118632
2019-03-19,37.0419,118632
2019-03-20,36.8944,118632
2019-03-22,36.6517,118632
2019-03-25,36.3979,118632
2019-03-26,36.7706,118632
2019-03-27,36.7212,118632
2019-03-28,37.2335,118632
2019-03-29,37.4949,118632
2019-04-01,37.7396,118632
2019-04-02,37.8738,118632
2019-04-03,37.434,118632
2019-04-04,37.3202,118632
2019-04-05,37.5191,118632
2019-04-08,37.2241,118632
2019-04-09,37.5077,118632
2019-04-10,37.378,118632
2019-04-11,37.4361,118632
2019-04-12,37.6532,118632
2019-04-15,37.7808,118632
2019-04-16,37.9269,118632
2019-04-18,37.723,118632
2019-04-22,37.1965,118632
2019-04-23,37.1199,118632
2019-04-24,37.4677,118632
2019-04-25,37.2307,118632
2019-04-26,37.6251,118632
2019-04-30,37.5606,118632
2019-05-02,37.2702,118632
2019-05-03,37.396,118632
2019-05-06,37.1291,118632
2019-05-07,36.7143,118632
2019-05-08,36.2878,118632
2019-05-09,36.1098,118632
2019-05-10,36.1112,118632
2019-05-13,35.3901,118632
2019-05-14,35.8303,118632
2019-05-15,35.5507,118632
2019-05-16,35.8849,118632
2019-05-17,36.1511,118632
2019-05-20,37.8009,118632
2019-05-21,37.3059,118632
2019-05-22,37.4346,118632
2019-05-23,37.3326,118632
2019-05-24,38.4286,118632
2019-05-27,39.0866,118632
2019-05-28,38.9715,118632
2019-05-29,38.4652,118632
2019-05-30,38.6557,118632
2019-05-31,38.5553,118632
2019-06-03,38.7646,118632
2019-06-04,38.5849,118632
2019-06-06,37.7242,118632
2019-06-07,37.7513,118632
2019-06-10,37.824,118632
2019-06-11,37.9905,118632
2019-06-12,37.7824,118632
2019-06-13,37.8104,118632
2019-06-14,37.518,118632
2019-06-17,36.9296,118632
2019-06-18,37.0431,118632
2019-06-19,36.9091,118632
2019-06-20,37.5214,118632
2019-06-21,37.2956,118632
2019-06-24,37.2818,118632
2019-06-25,37.597,118632
2019-06-26,37.8804,118632
2019-06-27,38.0638,118632
2019-06-28,38.0432,118632
2019-07-01,38.1294,118632
2019-07-02,38.1492,118632
2019-07-03,38.2732,118632
2019-07-04,38.4089,118632
2019-07-05,37.8995,118632
2019-07-08,36.9659,118632
2019-07-09,37.2295,118632
2019-07-10,36.8628,118632
2019-07-11,37.21,118632
2019-07-12,37.2259,118632
2019-07-15,37.076,118632
2019-07-16,37.4458,118632
2019-07-17,37.5002,118632
2019-07-18,36.9506,118632
2019-07-19,36.3675,118632
2019-07-22,36.3464,118632
2019-07-23,36.2009,118632
2019-07-24,35.8253,118632
2019-07-25,35.8082,118632
2019-07-26,35.9704,118632
2019-07-29,35.585,118632
2019-07-30,34.9848,118632
2019-07-31,35.3053,118632
2019-08-01,34.6488,118632
2019-08-02,34.4649,118632
2019-08-05,34.0276,118632
2019-08-06,34.3933,118632
2019-08-07,33.8466,118632
2019-08-08,34.2803,118632
2019-08-09,34.3629,118632
2019-08-13,33.5822,118632
2019-08-14,33.9639,118632
2019-08-16,34.0542,118632
2019-08-19,34.0837,118632
2019-08-20,33.8628,118632
2019-08-21,33.3619,118632
2019-08-22,32.7704,118632
2019-08-23,33.0437,118632
2019-08-26,33.6593,118632
2019-08-27,33.9802,118632
2019-08-28,33.7103,118632
2019-08-29,33.3824,118632
2019-08-30,33.5968,118632
2019-09-03,32.9684,118632
2019-09-04,33.192,118632
2019-09-05,33.3774,118632
2019-09-06,33.6463,118632
2019-09-09,33.9053,118632
2019-09-11,34.1812,118632
2019-09-12,34.1039,118632
2019-09-13,34.4118,118632
2019-09-16,34.1575,118632
2019-09-17,33.3565,118632
2019-09-18,33.5375,118632
2019-09-19,33.0899,118632
2019-09-20,35.105,118632
2019-09-23,36.5689,118632
2019-09-24,36.3133,118632
2019-09-25,35.541,118632
2019-09-26,36.0798,118632
2019-09-27,35.8985,118632
2019-09-30,35.6992,118632
2019-10-01,35.232,118632
2019-10-03,35.233,118632
2019-10-04,34.7243,118632
2019-10-07,34.4231,118632
2019-10-09,35.0899,118632
2019-10-10,34.6615,118632
2019-10-11,34.8641,118632
2019-10-14,34.9781,118632
2019-10-15,35.1765,118632
2019-10-16,35.2173,118632
2019-10-17,35.6993,118632
2019-10-18,35.9705,118632
2019-10-22,35.8852,118632
2019-10-23,35.9625,118632
2019-10-24,35.625,118632
2019-10-25,35.8285,118632
2019-10-29,36.6798,118632
2019-10-30,36.9824,118632
2019-10-31,37.2339,118632
2019-11-01,37.3083,118632
2019-11-04,37.4373,118632
2019-11-05,37.2677,118632
2019-11-06,37.396,118632
2019-11-07,37.3476,118632
2019-11-08,36.8802,118632
2019-11-11,37.0639,118632
2019-11-13,36.6968,118632
2019-11-14,36.6681,118632
2019-11-15,36.9168,118632
2019-11-18,37.1266,118632
2019-11-19,37.4003,118632
2019-11-20,37.5524,118632
2019-11-21,37.3604,118632
2019-11-22,37.2019,118632
2019-11-25,37.7165,118632
2019-11-26,37.5389,118632
2019-11-27,37.7095,118632
2019-11-28,37.8833,118632
2019-11-29,37.6232,118632
2019-12-02,37.5274,118632
2019-12-03,37.2069,118632
2019-12-04,37.4698,118632
2019-12-05,37.2128,118632
2019-12-06,36.7408,118632
2019-12-09,36.7694,118632
2019-12-10,36.4552,118632
2019-12-11,36.5698,118632
2019-12-12,36.954,118632
2019-12-13,37.5064,118632
2019-12-16,37.3559,118632
2019-12-17,37.8179,118632
2019-12-18,37.7713,118632
2019-12-19,37.848,118632
2019-12-20,37.9728,118632
2019-12-23,37.8912,118632
2019-12-24,37.7657,118632
2019-12-26,37.5389,118632
2019-12-27,38.0682,118632
2019-12-30,38.1381,118632
2019-12-31,37.9594,118632
2020-01-01,37.9668,118632
2020-01-02,38.4483,118632
2020-01-03,38.2715,118632
2020-01-06,37.4068,118632
2020-01-07,37.5129,118632
2020-01-08,37.3886,118632
2020-01-09,38.064,118632
2020-01-10,38.2168,118632
2020-01-13,38.427,118632
2020-01-14,38.5546,118632
2020-01-15,38.5216,118632
2020-01-16,38.5237,118632
2020-01-17,38.5397,118632
2020-01-20,38.2913,118632
2020-01-21,38.0925,118632
2020-01-22,37.9228,118632
2020-01-23,38.3177,118632
2020-01-24,38.5493,118632
2020-01-27,38.1205,118632
2020-01-28,37.9095,118632
2020-01-29,38.1615,118632
2020-01-30,37.8884,118632
2020-01-31,37.6321,118632
2020-02-03,36.3634,118632
2020-02-04,37.2406,118632
2020-02-05,37.8623,118632
2020-02-06,38.2093,118632
2020-02-07,38.2086,118632
2020-02-10,37.8178,118632
2020-02-11,38.1614,118632
2020-02-12,38.1116,118632
2020-02-13,38.0694,118632
2020-02-14,37.8171,118632
2020-02-17,37.4953,118632
2020-02-18,37.3789,118632
2020-02-19,37.7032,118632
2020-02-20,37.8452,118632
2020-02-24,37.031,118632
2020-02-25,36.8522,118632
2020-02-26,36.4536,118632
2020-02-27,36.2362,118632
2020-02-28,34.9635,118632
2020-03-02,34.5233,118632
2020-03-03,35.0947,118632
2020-03-04,34.7438,118632
2020-03-05,34.7965,118632
2020-03-06,33.8975,118632
2020-03-09,32.3964,118632
2020-03-11,32.0067,118632
2020-03-12,29.1242,118632
2020-03-13,30.5589,118632
2020-03-16,28.5456,118632
2020-03-17,27.9135,118632
2020-03-18,26.7113,118632
2020-03-19,25.8841,118632
2020-03-20,26.9588,118632
2020-03-23,23.4673,118632
2020-03-24,23.8439,118632
2020-03-25,24.8444,118632
2020-03-26,25.7611,118632
2020-03-27,25.6579,118632
2020-03-30,24.722,118632
2020-03-31,25.7754,118632
2020-04-01,24.836,118632
2020-04-03,24.394,118632
2020-04-07,26.1117,118632
2020-04-08,26.2099,118632
2020-04-09,27.2096,118632
2020-04-13,27.1091,118632
2020-04-15,27.1964,118632
2020-04-16,27.5178,118632
2020-04-17,28.2597,118632
2020-04-20,28.2958,118632
2020-04-21,27.3648,118632
2020-04-22,27.6074,118632
2020-04-23,27.7376,118632
2020-04-24,27.2358,118632
2020-04-27,27.4545,118632
2020-04-28,27.5841,118632
2020-04-29,28.1232,118632
2020-04-30,29.0772,118632
2020-05-04,27.499,118632
2020-05-05,27.154,118632
2020-05-06,27.1651,118632
2020-05-07,26.8711,118632
2020-05-08,26.7445,118632
2020-05-11,26.7118,118632
2020-05-12,26.7675,118632
2020-05-13,27.3614,118632
2020-05-14,26.8248,118632
2020-05-15,26.757,118632
2020-05-18,25.6605,118632
2020-05-19,25.7962,118632
2020-05-20,26.2835,118632
2020-05-21,26.5825,118632
2020-05-22,26.2503,118632
2020-05-26,26.2028,118632
2020-05-27,26.8846,118632
2020-05-28,27.3793,118632
2020-05-29,27.8111,118632
2020-06-01,28.6179,118632
2020-06-02,28.8451,118632
2020-06-03,29.0246,118632
2020-06-04,29.0746,118632
2020-06-05,29.8914,118632
2020-06-08,30.1996,118632
2020-06-09,29.7598,118632
2020-06-10,29.7963,118632
2020-06-11,29.0615,118632
2020-06-12,29.2344,118632
2020-06-15,28.7242,118632
2020-06-16,28.7353,118632
2020-06-17,28.7239,118632
2020-06-18,29.3334,118632
2020-06-19,29.8342,118632
2020-06-22,30.2699,118632
2020-06-23,30.7012,118632
2020-06-24,30.127,118632
2020-06-25,30.1346,118632
2020-06-26,30.3769,118632
2020-06-29,29.8369,118632
2020-06-30,29.7608,118632
2020-07-01,30.1676,118632
2020-07-02,30.4217,118632
2020-07-03,30.6066,118632
2020-07-06,31.0298,118632
2020-07-07,31.0631,118632
2020-07-08,30.9103,118632
2020-07-09,31.1314,118632
2020-07-10,30.9371,118632
2020-07-13,31.0347,118632
2020-07-14,30.5009,118632
2020-07-15,30.3927,118632
2020-07-16,30.7245,118632
2020-07-17,31.2684,118632
2020-07-20,31.5268,118632
2020-07-21,31.9174,118632
2020-07-22,31.9028,118632
2020-07-23,32.2036,118632
2020-07-24,31.9681,118632
2020-07-27,31.6541,118632
2020-07-28,31.8804,118632
2020-07-29,31.7587,118632
2020-07-30,31.3484,118632
2020-07-31,31.3942,118632
2020-08-03,31.1644,118632
2020-08-04,31.5038,118632
2020-08-05,31.6211,118632
2020-08-06,31.8681,118632
2020-08-07,31.9881,118632
2020-08-10,32.4045,118632
2020-08-11,32.6573,118632
2020-08-12,32.8053,118632
2020-08-13,33.1484,118632
2020-08-14,32.7296,118632
2020-08-17,32.8813,118632
2020-08-18,33.2615,118632
2020-08-19,33.4298,118632
2020-08-20,33.4968,118632
2020-08-21,33.7538,118632
2020-08-24,33.9332,118632
2020-08-25,34.0593,118632
2020-08-26,34.2236,118632
2020-08-27,34.3118,118632
2020-08-28,34.6885,118632
2020-08-31,33.6171,118632
2020-09-01,33.8474,118632
2020-09-02,34.0984,118632
2020-09-03,33.9705,118632
2020-09-04,33.208,118632
2020-09-07,33.2136,118632
2020-09-08,32.8204,118632
2020-09-09,32.5343,118632
2020-09-10,32.9323,118632
2020-09-11,32.9639,118632
2020-09-14,33.136,118632
2020-09-15,33.4069,118632
2020-09-16,33.4909,118632
2020-09-17,33.2161,118632
2020-09-18,33.1958,118632
2020-09-21,32.2026,118632
2020-09-22,31.9912,118632
2020-09-23,31.6872,118632
2020-09-24,30.6627,118632
2020-09-25,31.5077,118632
2020-09-28,32.1213,118632
2020-09-29,31.8695,118632
2020-09-30,31.7045,118632
2020-10-01,32.1394,118632
2020-10-05,32.3962,118632
2020-10-06,32.6001,118632
2020-10-07,32.5833,118632
2020-10-08,32.7154,118632
2020-10-09,33.0317,118632
2020-10-12,32.9711,118632
2020-10-13,32.9097,118632
2020-10-14,32.938,118632
2020-10-15,32.1632,118632
2020-10-16,32.5203,118632
2020-10-19,32.9438,118632
2020-10-20,33.0023,118632
2020-10-21,33.2768,118632
2020-10-22,33.3529,118632
2020-10-23,33.5848,118632
2020-10-26,32.9727,118632
2020-10-27,33.1139,118632
2020-10-28,32.7227,118632
2020-10-29,32.5079,118632
2020-10-30,32.4778,118632
2020-11-02,32.7807,118632
2020-11-03,33.1525,118632
2020-11-04,33.3429,118632
2020-11-05,34.062,118632
2020-11-06,34.3419,118632
2020-11-09,34.9766,118632
2020-11-10,35.5366,118632
2020-11-11,35.9428,118632
2020-11-12,35.7895,118632
2020-11-13,35.9169,118632
2020-11-17,36.5781,118632
2020-11-18,36.8277,118632
2020-11-19,36.3504,118632
2020-11-20,36.5221,118632
2020-11-23,36.5889,118632
2020-11-24,36.9157,118632
2020-11-25,36.3933,118632
2020-11-26,36.8286,118632
2020-11-27,36.7874,118632
2020-12-01,37.3095,118632
2020-12-02,37.5432,118632
2020-12-03,37.821,118632
2020-12-04,38.245,118632
2020-12-07,38.7575,118632
2020-12-08,38.7901,118632
2020-12-09,39.0437,118632
2020-12-10,38.8646,118632
2020-12-11,39.0473,118632
2020-12-14,39.3381,118632
2020-12-15,39.2438,118632
2020-12-16,39.5649,118632
2020-12-17,39.6127,118632
2020-12-18,39.6981,118632
2020-12-21,38.0794,118632
2020-12-22,38.529,118632
2020-12-23,39.1941,118632
2020-12-24,39.6489,118632
2020-12-28,39.9554,118632
2020-12-29,40.0964,118632
2020-12-30,40.141,118632
2020-12-31,40.1811,118632
2021-01-01,40.4005,118632
2021-01-04,40.9828,118632
2021-01-05,41.091,118632
2021-01-06,41.0522,118632
2021-01-07,41.2561,118632
2021-01-08,41.6488,118632
2021-01-11,41.9657,118632
2021-01-12,42.3527,118632
2021-01-13,42.6892,118632
2021-01-14,42.7469,118632
2021-01-15,42.3289,118632
2021-01-18,41.7673,118632
2021-01-19,42.3529,118632
2021-01-20,42.6989,118632
2021-01-21,42.3683,118632
2021-01-22,41.7735,118632
2021-01-25,41.3069,118632
2021-01-27,40.5252,118632
2021-01-28,40.3096,118632
2021-01-29,39.9285,118632
2021-02-01,41.8157,118632
2021-02-02,42.8596,118632
2021-02-03,43.3242,118632
2021-02-04,43.7496,118632
2021-02-05,44.0117,118632
2021-02-08,44.6087,118632
2021-02-09,44.5908,118632
2021-02-10,44.5049,118632
2021-02-11,44.7129,118632
2021-02-12,44.6208,118632
2021-02-15,45.1394,118632
2021-02-16,45.0736,118632
2021-02-17,45.1552,118632
2021-02-18,45.2545,118632
2021-02-19,44.6158,118632
2021-02-22,43.7422,118632
2021-02-23,44.0671,118632
2021-02-24,44.9125,118632
2021-02-25,45.4713,118632
2021-02-26,44.1192,118632
2021-03-01,44.6362,118632
2021-03-02,45.1308,118632
2021-03-03,46.0063,118632
2021-03-04,45.564,118632
2021-03-05,44.8532,118632
2021-03-08,45.2591,118632
2021-03-09,45.1929,118632
2021-03-10,45.4237,118632
2021-03-12,44.9961,118632
2021-03-15,44.7914,118632
2021-03-16,44.6818,118632
2021-03-17,43.876,118632
2021-03-18,43.282,118632
2021-03-19,43.7629,118632
2021-03-22,43.7908,118632
2021-03-23,43.9431,118632
2021-03-24,43.0084,118632
2021-03-25,42.3903,118632
2021-03-26,42.9967,118632
2021-03-30,43.7782,118632
2021-03-31,43.5807,118632
2021-04-01,44.237,118632
2021-04-05,43.5112,118632
2021-04-06,43.5747,118632
2021-04-07,43.9786,118632
2021-04-08,44.0046,118632
2021-04-09,43.8531,118632
2021-04-12,41.9881,118632
2021-04-13,42.5952,118632
2021-04-15,42.7598,118632
2021-04-16,42.8801,118632
2021-04-19,42.0838,118632
2021-04-20,42.0253,118632
2021-04-22,42.4038,118632
2021-04-23,42.3659,118632
2021-04-26,42.7973,118632
2021-04-27,43.3506,118632
2021-04-28,43.9291,118632
2021-04-29,43.8801,118632
2021-04-30,43.37,118632
2021-05-03,43.5025,118632
2021-05-04,43.1654,118632
2021-05-05,43.5666,118632
2021-05-06,43.8458,118632
2021-05-07,44.2139,118632
2021-05-10,44.6395,118632
2021-05-11,44.6715,118632
2021-05-12,44.3089,118632
2021-05-14,44.0648,118632
2021-05-17,44.7797,118632
2021-05-18,45.1787,118632
2021-05-19,45.0959,118632
2021-05-20,44.7848,118632
2021-05-21,45.6285,118632
2021-05-24,45.8781,118632
2021-05-25,45.9345,118632
2021-05-26,46.1005,118632
2021-05-27,46.2878,118632
2021-05-28,46.3905,118632
2021-05-31,46.904,118632
2021-06-01,46.8615,118632
2021-06-02,47.0119,118632
2021-06-03,47.2687,118632
2021-06-04,47.254,118632
2021-06-07,47.5131,118632
2021-06-08,47.4981,118632
2021-06-09,47.2611,118632
2021-06-10,47.6711,118632
2021-06-11,47.7655,118632
2021-06-14,47.8037,118632
2021-06-15,47.9897,118632
2021-06-16,47.7256,118632
2021-06-17,47.3949,118632
2021-06-18,47.1973,118632
2021-06-21,47.4709,118632
2021-06-22,47.559,118632
2021-06-23,47.2607,118632
2021-06-24,47.5491,118632
2021-06-25,47.9971,118632
2021-06-28,47.8369,118632
2021-06-29,47.7099,118632
2021-06-30,47.6383,118632
2021-07-01,47.5235,118632
2021-07-02,47.6878,118632
2021-07-05,48.087,118632
2021-07-06,47.9985,118632
2021-07-07,48.2858,118632
2021-07-08,47.8442,118632
2021-07-09,47.7858,118632
2021-07-12,47.7575,118632
2021-07-13,48.1585,118632
2021-07-14,48.3071,118632
2021-07-15,48.5473,118632
2021-07-16,48.5607,118632
2021-07-19,48.1744,118632
2021-07-20,47.511,118632
2021-07-22,48.0885,118632
2021-07-23,48.2621,118632
2021-07-26,48.3377,118632
2021-07-27,48.2348,118632
2021-07-28,48.2816,118632
2021-07-29,48.6844,118632
2021-07-30,48.6392,118632
2021-08-02,48.8843,118632
2021-08-03,49.5836,118632
2021-08-04,49.7887,118632
2021-08-05,49.8586,118632
2021-08-06,49.6375,118632
2021-08-09,49.5266,118632
2021-08-10,49.4644,118632
2021-08-11,49.6093,118632
2021-08-12,49.9821,118632
2021-08-13,50.4598,118632
2021-08-16,50.5176,118632
2021-08-17,50.5074,118632
2021-08-18,50.3397,118632
2021-08-20,49.6961,118632
2021-08-23,49.833,118632
2021-08-24,50.2808,118632
2021-08-25,50.3978,118632
2021-08-26,50.3502,118632
2021-08-27,50.6595,118632
2021-08-30,51.4278,118632
2021-08-31,52.0816,118632
2021-09-01,52.0683,118632
2021-09-02,52.4957,118632
2021-09-03,52.6263,118632
2021-09-06,52.6746,118632
2021-09-07,52.6217,118632
2021-09-08,52.6958,118632
2021-09-09,52.9306,118632
2021-09-13,52.8952,118632
2021-09-14,53.0232,118632
2021-09-15,53.7101,118632
2021-09-16,54.0656,118632
2021-09-17,53.7179,118632
2021-09-20,53.1463,118632
2021-09-21,53.5857,118632
2021-09-22,53.8415,118632
2021-09-23,54.5914,118632
2021-09-24,54.4681,118632
2021-09-27,54.5839,118632
2021-09-28,54.1376,118632
2021-09-29,54.349,118632
2021-09-30,54.23,118632
2021-10-01,53.9989,118632
2021-10-04,54.7566,118632
2021-10-05,55.2462,118632
2021-10-06,54.5693,118632
2021-10-07,55.1058,118632
2021-10-08,55.3313,118632
2021-10-11,55.6508,118632
2021-10-12,55.7014,118632
2021-10-13,56.2755,118632
2021-10-14,56.8622,118632
2021-10-18,57.047,118632
2021-10-19,56.4937,118632
2021-10-20,56.3476,118632
2021-10-21,56.2027,118632
2021-10-22,55.9366,118632
2021-10-25,55.9012,118632
2021-10-26,56.315,118632
2021-10-27,56.1918,118632
2021-10-28,55.0676,118632
2021-10-29,54.5479,118632
2021-11-01,55.6464,118632
2021-11-02,55.7095,118632
2021-11-03,55.5728,118632
2021-11-08,56.3817,118632
2021-11-09,56.5542,118632
2021-11-10,56.4731,118632
2021-11-11,56.0398,118632
2021-11-12,56.6546,118632
2021-11-15,56.5221,118632
2021-11-16,56.0445,118632
2021-11-17,55.7898,118632
2021-11-18,55.1957,118632
2021-11-22,54.0495,118632
2021-11-23,54.7064,118632
2021-11-24,54.5854,118632
2021-11-25,54.8638,118632
2021-11-26,52.9581,118632
2021-11-29,52.7408,118632
2021-11-30,52.6169,118632
2021-12-01,53.2262,118632
2021-12-02,53.7638,118632
2021-12-03,53.399,118632
2021-12-06,52.5657,118632
2021-12-07,53.4281,118632
2021-12-08,54.3811,118632
2021-12-09,54.5585,118632
2021-12-10,54.5616,118632
2021-12-13,54.2816,118632
2021-12-14,54.1071,118632
2021-12-15,53.8186,118632
2021-12-16,53.6826,118632
2021-12-17,52.7535,118632
2021-12-20,51.4184,118632
2021-12-21,51.9621,118632
2021-12-22,52.5914,118632
2021-12-23,52.8344,118632
2021-12-24,52.588,118632
2021-12-27,52.7089,118632
2021-12-28,53.2426,118632
2021-12-29,53.1347,118632
2021-12-30,53.1015,118632
2021-12-31,53.6105,118632
2022-01-03,54.3991,118632
2022-01-04,54.9154,118632
2022-01-05,55.148,118632
2022-01-06,54.8331,118632
2022-01-07,54.8875,118632
2022-01-10,55.5418,118632
2022-01-11,55.7781,118632
2022-01-12,56.42,118632
2022-01-13,56.5521,118632
2022-01-14,56.628,118632
2022-01-17,56.5581,118632
2022-01-18,55.9155,118632
2022-01-19,55.6133,118632
2022-01-20,55.2412,118632
2022-01-21,54.656,118632
2022-01-24,53.1466,118632
2022-01-25,54.0577,118632
2022-01-27,53.7011,118632
2022-01-28,53.7749,118632
2022-01-31,54.7458,118632
2022-02-01,55.3735,118632
2022-02-02,56.0001,118632
2022-02-03,55.544,118632
2022-02-04,55.2995,118632
2022-02-07,54.5047,118632
2022-02-08,54.5086,118632
2022-02-09,55.0412,118632
2022-02-10,55.4149,118632
2022-02-11,54.5917,118632
2022-02-14,52.6686,118632
2022-02-15,54.2458,118632
2022-02-16,54.128,118632
2022-02-17,54.0568,118632
2022-02-18,53.9536,118632
2022-02-21,53.7433,118632
2022-02-22,53.1845,118632
2022-02-23,53.1129,118632
2022-02-24,50.5103,118632
2022-02-25,51.9245,118632
2022-02-28,52.1261,118632
2022-03-02,51.4979,118632
2022-03-03,51.257,118632
2022-03-04,50.5231,118632
2022-03-07,49.4198,118632
2022-03-08,50.1075,118632
2022-03-09,51.1626,118632
2022-03-10,51.7675,118632
2022-03-11,51.9161,118632
2022-03-14,52.6659,118632
2022-03-15,52.1763,118632
2022-03-16,53.1544,118632
2022-03-17,53.9074,118632
2022-03-21,53.3653,118632
2022-03-22,53.9773,118632
2022-03-23,53.9523,118632
2022-03-24,53.9304,118632
2022-03-25,53.8267,118632
2022-03-28,54.1012,118632
2022-03-29,54.5227,118632
2022-03-30,55.0212,118632
2022-03-31,54.959,118632
2022-04-01,55.7151,118632
2022-04-04,56.8326,118632
2022-04-05,56.5848,118632
2022-04-06,56.4694,118632
2022-04-07,56.1015,118632
2022-04-08,56.5618,118632
2022-04-11,56.2116,118632
2022-04-12,55.6751,118632
2022-04-13,55.633,118632
2022-04-18,54.7058,118632
2022-04-19,53.9044,118632
2022-04-20,54.1133,118632
2022-04-21,54.8144,118632
2022-04-22,54.2467,118632
2022-04-25,53.4328,118632
2022-04-26,54.1408,118632
2022-04-27,53.7566,118632
2022-04-28,54.449,118632
2022-04-29,54.0345,118632
2022-05-02,53.9804,118632
2022-05-04,52.716,118632
2022-05-05,52.8648,118632
2022-05-06,52.1522,118632
2022-05-09,51.7456,118632
2022-05-10,51.4411,118632
2022-05-11,51.1851,118632
2022-05-12,50.2057,118632
2022-05-13,50.0751,118632
2022-05-16,50.3452,118632
2022-05-17,51.6228,118632
2022-05-18,51.348,118632
2022-05-19,50.0608,118632
2022-05-20,51.3877,118632
2022-05-23,51.2103,118632
2022-05-24,51.0128,118632
2022-05-25,50.6071,118632
2022-05-26,51.1683,118632
2022-05-27,51.8461,118632
2022-05-30,52.9636,118632
2022-05-31,52.9128,118632
2022-06-01,52.8958,118632
2022-06-02,53.0168,118632
2022-06-03,52.7132,118632
2022-06-06,52.5736,118632
2022-06-07,52.1924,118632
2022-06-08,52.1342,118632
2022-06-09,52.3177,118632
2022-06-10,51.6231,118632
2022-06-13,50.2444,118632
2022-06-14,50.1911,118632
2022-06-15,50.1985,118632
2022-06-16,49.0656,118632
2022-06-17,48.8704,118632
2022-06-20,48.831,118632
2022-06-21,50.0441,118632
2022-06-22,49.3373,118632
2022-06-23,49.9249,118632
2022-06-24,50.3956,118632
2022-06-27,50.894,118632
2022-06-28,51.1004,118632
2022-06-29,50.9696,118632
2022-06-30,50.8161,118632
2022-07-01,51.062,118632
2022-07-04,51.5891,118632
2022-07-05,51.558,118632
2022-07-06,52.1807,118632
2022-07-07,52.812,118632
2022-07-08,53.0855,118632
2022-07-11,53.1047,118632
2022-07-12,52.5995,118632
2022-07-13,52.3834,118632
2022-07-14,52.1586,118632
2022-07-15,52.456,118632
2022-07-18,53.1627,118632
2022-07-19,53.3869,118632
2022-07-20,53.9525,118632
2022-07-21,54.4328,118632
2022-07-22,54.701,118632
2022-07-25,54.6553,118632
2022-07-26,54.1738,118632
2022-07-27,54.7223,118632
2022-07-28,55.5448,118632
2022-07-29,56.0689,118632
2022-08-01,56.694,118632
2022-08-02,56.7489,118632
2022-08-03,56.7417,118632
2022-08-04,56.6734,118632
2022-08-05,56.6969,118632
2022-08-08,57.1191,118632
2022-08-10,57.141,118632
2022-08-11,57.7547,118632
2022-08-12,57.8835,118632
2022-08-16,58.4553,118632
2022-08-17,58.8383,118632
2022-08-18,58.8693,118632
2022-08-19,58.113,118632
2022-08-22,57.305,118632
2022-08-23,57.6726,118632
2022-08-24,57.8701,118632
2022-08-25,57.6711,118632
2022-08-26,57.835,118632
2022-08-29,57.0299,118632
2022-08-30,58.3873,118632
2022-09-01,58.1166,118632
2022-09-02,58.3472,118632
2022-09-05,58.8258,118632
2022-09-06,58.7072,118632
2022-09-07,58.716,118632
2022-09-08,59.143,118632
2022-09-09,59.2261,118632
2022-09-12,59.5275,118632
2022-09-13,60.0168,118632
2022-09-14,59.9678,118632
2022-09-15,59.8214,118632
2022-09-16,58.5408,118632
2022-09-19,58.8468,118632
2022-09-20,59.4954,118632
2022-09-21,59.3053,118632
2022-09-22,59.0847,118632
2022-09-23,58.0424,118632
2022-09-26,56.7917,118632
2022-09-27,56.8673,118632
2022-09-28,56.3003,118632
2022-09-29,56.3687,118632
2022-09-30,57.2955,118632
2022-10-03,56.8006,118632
2022-10-04,58.0773,118632
2022-10-06,58.4078,118632
2022-10-07,58.3747,118632
2022-10-10,58.0159,118632
2022-10-11,57.2407,118632
2022-10-12,57.76,118632
2022-10-13,57.3017,118632
2022-10-14,57.6903,118632
2022-10-17,58.0779,118632
2022-10-18,58.7943,118632
2022-10-19,58.8804,118632
2022-10-20,58.9149,118632
2022-10-21,58.7779,118632
2022-10-25,59.1957,118632
2022-10-27,59.4758,118632
2022-10-28,59.3351,118632
2022-10-31,60.0929,118632
2022-11-01,60.4832,118632
2022-11-02,60.4681,118632
2022-11-03,60.3416,118632
2022-11-04,60.3565,118632
2022-11-07,60.7799,118632
2022-11-09,60.6581,118632
2022-11-10,60.1695,118632
2022-11-11,61.031,118632
2022-11-14,60.8177,118632
2022-11-15,60.9913,118632
2022-11-16,60.9049,118632
2022-11-17,60.6965,118632
2022-11-18,60.4063,118632
2022-11-21,60.0089,118632
2022-11-22,60.2946,118632
2022-11-23,60.3964,118632
2022-11-24,61.0913,118632
2022-11-25,61.3614,118632
2022-11-28,61.4737,118632
2022-11-29,61.5472,118632
2022-11-30,62.0074,118632
2022-12-01,62.1939,118632
2022-12-02,61.9567,118632
2022-12-05,61.9412,118632
2022-12-06,61.7369,118632
2022-12-07,61.6493,118632
2022-12-08,61.965,118632
2022-12-09,61.5993,118632
2022-12-12,61.7656,118632
2022-12-13,61.9566,118632
2022-12-14,62.2139,118632
2022-12-15,61.5309,118632
2022-12-16,60.9743,118632
2022-12-19,61.3839,118632
2022-12-20,61.1708,118632
2022-12-21,60.3715,118632
2022-12-22,59.9458,118632
2022-12-23,58.7086,118632
2022-12-26,59.7394,118632
2022-12-27,60.1591,118632
2022-12-28,60.2411,118632
2022-12-29,60.3423,118632
2022-12-30,60.2066,118632
2023-01-02,60.5329,118632
2023-01-03,60.6308,118632
2023-01-04,59.942,118632
2023-01-05,59.9027,118632
2023-01-06,59.6299,118632
2023-01-09,60.3555,118632
2023-01-10,59.9286,118632
2023-01-11,59.9785,118632
2023-01-12,59.9049,118632
2023-01-13,60.0927,118632
2023-01-16,59.8648,118632
2023-01-17,60.2145,118632
2023-01-18,60.5831,118632
2023-01-19,60.5459,118632
2023-01-20,60.3714,118632
2023-01-23,60.6805,118632
2023-01-24,60.6472,118632
2023-01-25,59.7049,118632
2023-01-27,58.8704,118632
2023-01-30,58.9542,118632
2023-01-31,59.33,118632
2023-02-01,59.4179,118632
2023-02-02,59.4591,118632
2023-02-03,60.0787,118632
2023-02-06,59.9718,118632
2023-02-07,59.7885,118632
2023-02-08,60.1886,118632
2023-02-09,60.2739,118632
2023-02-10,60.2259,118632
2023-02-13,59.9403,118632
2023-02-14,60.3002,118632
2023-02-15,60.5621,118632
2023-02-16,60.6047,118632
2023-02-17,60.3654,118632
2023-02-20,60.1557,118632
2023-02-21,60.1318,118632
2023-02-22,59.2641,118632
2023-02-23,59.3036,118632
2023-02-24,59.1105,118632
2023-02-27,58.8267,118632
2023-02-28,58.6303,118632
2023-03-01,59.1352,118632
2023-03-02,58.8032,118632
2023-03-03,59.6132,118632
2023-03-06,59.9573,118632
2023-03-08,60.262,118632
2023-03-09,59.8804,118632
2023-03-10,59.342,118632
2023-03-13,58.4031,118632
2023-03-14,58.1564,118632
2023-03-15,57.9036,118632
2023-03-16,58.0008,118632
2023-03-17,58.3714,118632
2023-03-20,57.9134,118632
2023-03-21,58.3986,118632
2023-03-22,58.5299,118632
2023-03-23,58.2979,118632
2023-03-24,57.7885,118632
2023-03-27,57.7058,118632
2023-03-28,57.6287,118632
2023-03-29,58.1541,118632
2023-03-31,59.0553,118632
2023-04-03,59.1936,118632
2023-04-05,59.6706,118632
2023-04-06,59.8319,118632
2023-04-10,59.9027,118632
2023-04-11,60.0753,118632
2023-04-12,60.3205,118632
2023-04-13,60.3609,118632
2023-04-17,60.1619,118632
2023-04-18,60.0999,118632
2023-04-19,59.9873,118632
2023-04-20,60.0665,118632
2023-04-21,60.0348,118632
2023-04-24,60.4513,118632
2023-04-25,60.5932,118632
2023-04-26,60.8636,118632
2023-04-27,61.2076,118632
2023-04-28,61.8378,118632
2023-05-02,62.2082,118632
2023-05-03,62.1695,118632
2023-05-04,62.6908,118632
2023-05-05,62.233,118632
2023-05-08,63.0419,118632
2023-05-09,62.9979,118632
2023-05-10,63.1904,118632
2023-05-11,63.2204,118632
2023-05-12,63.281,118632
2023-05-15,63.6571,118632
2023-05-16,63.5284,118632
2023-05-17,63.3543,118632
2023-05-18,63.3171,118632
2023-05-19,63.419,118632
2023-05-22,63.4405,118632
2023-05-23,63.4799,118632
2023-05-24,63.3853,118632
2023-05-25,63.5885,118632
2023-05-26,64.2631,118632
2023-05-29,64.536,118632
2023-05-30,64.7799,118632
2023-05-31,64.6705,118632
2023-06-01,64.62,118632
2023-06-02,64.8709,118632
2023-06-05,65.1536,118632
2023-06-06,65.2544,118632
2023-06-07,65.8209,118632
2023-06-08,65.5102,118632
2023-06-09,65.3566,118632
2023-06-12,65.5378,118632
2023-06-13,66.0458,118632
2023-06-14,66.1179,118632
2023-06-15,65.8556,118632
2023-06-16,66.4095,118632
2023-06-19,66.2177,118632
2023-06-20,66.528,118632
2023-06-21,66.5774,118632
2023-06-22,66.0767,118632
2023-06-23,65.6157,118632
2023-06-26,65.7673,118632
2023-06-27,66.2575,118632
2023-06-28,66.822,118632
2023-06-30,67.5552,118632
2023-07-03,68.0211,118632
2023-07-04,68.092,118632
2023-07-05,68.231,118632
2023-07-06,68.5885,118632
2023-07-07,68.2028,118632
2023-07-10,68.2229,118632
2023-07-11,68.6673,118632
2023-07-12,68.7079,118632
2023-07-13,68.6128,118632
2023-07-14,69.1092,118632
2023-07-17,69.6452,118632
2023-07-18,69.622,118632
2023-07-19,70.0835,118632
2023-07-20,70.5303,118632
2023-07-21,70.0801,118632
2023-07-24,70.0057,118632
2023-07-25,70.1493,118632
2023-07-26,70.4141,118632
2023-07-27,70.1686,118632
2023-07-28,70.3768,118632
2023-07-31,70.8107,118632
2023-08-01,70.8398,118632
2023-08-02,69.9106,118632
2023-08-03,69.5471,118632
2023-08-04,70.0645,118632
2023-08-07,70.2492,118632
2023-08-08,70.2574,118632
2023-08-09,70.6852,118632
2023-08-10,70.5498,118632
2023-08-11,70.33,118632
2023-08-14,70.11,118632
2023-08-16,70.2973,118632
2023-08-17,70.0785,118632
2023-08-18,69.9331,118632
2023-08-21,70.284,118632
2023-08-22,70.5786,118632
2023-08-23,70.942,118632
2023-08-24,70.8594,118632
2023-08-25,70.2294,118632
2023-08-28,70.4455,118632
2023-08-29,70.6185,118632
2023-08-30,70.9019,118632
2023-08-31,70.7276,118632
2023-09-01,71.3664,118632
2023-09-04,71.717,118632
2023-09-05,71.8802,118632
2023-09-06,72.046,118632
2023-09-07,72.6174,118632
2023-09-08,73.1125,118632
2023-09-11,73.7256,118632
2023-09-12,73.0049,118632
2023-09-13,73.1441,118632
2023-09-14,73.3808,118632
2023-09-15,73.6158,118632
2023-09-18,73.4681,118632
2023-09-20,72.7731,118632
2023-09-21,72.0463,118632
2023-09-22,72.0196,118632
2023-09-25,71.8946,118632
2023-09-26,71.9923,118632
2023-09-27,72.2487,118632
2023-09-29,72.2725,118632
2023-10-03,72.158,118632
2023-10-04,71.4828,118632
2023-10-05,71.8691,118632
2023-10-06,72.2666,118632
2023-10-09,71.523,118632
2023-10-10,72.2501,118632
2023-10-11,72.6358,118632
2023-10-12,72.8206,118632
2023-10-13,72.6009,118632
2023-10-16,72.7253,118632
2023-10-17,73.0238,118632
2023-10-18,72.3949,118632
2023-10-19,72.2182,118632
2023-10-20,71.7026,118632
2023-10-23,70.5159,118632
2023-10-25,70.0111,118632
2023-10-26,69.2151,118632
2023-10-27,70.0343,118632
2023-10-30,70.2094,118632
2023-10-31,70.1022,118632
2023-11-01,69.8843,118632
2023-11-02,70.5127,118632
2023-11-03,70.9984,118632
2023-11-06,71.6717,118632
2023-11-07,71.692,118632
2023-11-08,71.8582,118632
2023-11-09,71.6223,118632
2023-11-10,71.6976,118632
2023-11-13,71.9087,118632
2023-11-15,72.4739,118632
2023-11-16,72.7496,118632
2023-11-17,72.556,118632
2023-11-20,72.4675,118632
2023-11-21,72.7049,118632
2023-11-22,72.6229,118632
2023-11-23,72.6659,118632
2023-11-24,72.6677,118632
2023-11-28,73.0792,118632
2023-11-29,73.7259,118632
2023-11-30,73.9678,118632
2023-12-01,74.703,118632
2023-12-04,76.0297,118632
2023-12-05,76.3652,118632
2023-12-06,76.7791,118632
2023-12-07,77.1094,118632
2023-12-08,77.2576,118632
2023-12-11,77.584,118632
2023-12-12,77.3349,118632
2023-12-13,77.7474,118632
2023-12-14,78.5552,118632
2023-12-15,79.423,118632
2023-12-18,79.4904,118632
2023-12-19,79.6031,118632
2023-12-20,77.874,118632
2023-12-21,78.4313,118632
2023-12-22,78.7363,118632
2023-12-26,78.9312,118632
2023-12-27,79.6145,118632
2023-12-28,80.057,118632
2023-12-29,80.2143,118632
2024-01-01,80.3877,118632
2024-01-02,80.3585,118632
2024-01-03,80.1318,118632
2024-01-04,80.9262,118632
2024-01-05,81.059,118632
2024-01-08,80.3728,118632
2024-01-09,80.6145,118632
2024-01-10,80.8502,118632
2024-01-11,81.1364,118632
2024-01-12,81.7745,118632
2024-01-15,82.2457,118632
2024-01-16,82.0535,118632
2024-01-17,80.4761,118632
2024-01-18,80.2485,118632
2024-01-19,81.0521,118632
2024-01-23,79.3097,118632
2024-01-24,80.3079,118632
2024-01-25,80.1233,118632
2024-01-29,81.478,118632
2024-01-30,80.7813,118632
2024-01-31,81.5148,118632
2024-02-01,81.3917,118632
2024-02-02,81.7841,118632
2024-02-05,81.5416,118632
2024-02-06,82.272,118632
2024-02-07,83.0313,118632
2024-02-08,82.5897,118632
2024-02-09,82.8752,118632
2024-02-12,81.6287,118632
2024-02-13,82.1878,118632
2024-02-14,82.8433,118632
2024-02-15,83.1557,118632
2024-02-16,83.5478,118632
2024-02-19,83.7003,118632
2024-02-20,84.0611,118632
2024-02-21,83.7597,118632
2024-02-22,84.4739,118632
2024-02-23,84.6745,118632
2024-02-26,84.4802,118632
2024-02-27,84.5543,118632
2024-02-28,83.6231,118632
2024-02-29,84.0569,118632
2024-03-01,85.3718,118632
2024-03-04,85.8389,118632
2024-03-05,85.8536,118632
2024-03-06,85.81,118632
2024-03-07,86.2429,118632
2024-03-11,85.4384,118632
2024-03-12,85.1058,118632
2024-03-13,83.42,118632
2024-03-14,84.0568,118632
2024-03-15,83.6902,118632
2024-03-18,83.9851,118632
2024-03-19,83.1639,118632
2024-03-20,83.3538,118632
2024-03-21,84.4561,118632
2024-03-22,84.8535,118632
2024-03-26,85.0202,118632
2024-03-27,85.4068,118632
2024-03-28,86.2356,118632
2024-03-31,86.2324,118632
2024-04-01,87.1447,118632
2024-04-02,87.1671,118632
2024-04-03,87.3591,118632
2024-04-04,87.5846,118632
2024-04-05,87.8656,118632
2024-04-08,88.4212,118632
2024-04-09,88.3609,118632
2024-04-10,88.6487,118632
2024-04-12,87.8748,118632
2024-04-15,86.7351,118632
2024-04-16,86.4844,118632
2024-04-18,85.9544,118632
2024-04-19,86.5741,118632
2024-04-22,87.4154,118632
2024-04-23,87.5655,118632
2024-04-24,87.7308,118632
2024-04-25,88.6125,118632
2024-04-26,88.1658,118632
2024-04-29,89.083,118632
2024-04-30,89.0926,118632
2024-05-02,89.3246,118632
2024-05-03,88.739,118632
2024-05-06,88.3316,118632
2024-05-07,87.7561,118632
2024-05-08,87.904,118632
2024-05-09,86.3547,118632
2024-05-10,86.9891,118632
2024-05-13,87.174,118632
2024-05-14,87.6274,118632
2024-05-15,87.8377,118632
2024-05-16,88.7259,118632
2024-05-17,89.1256,118632
2024-05-21,89.5067,118632
2024-05-22,89.864,118632
2024-05-23,90.9572,118632
2024-05-24,90.914,118632
2024-05-27,90.7877,118632
2024-05-28,90.4202,118632
2024-05-29,89.6503,118632
2024-05-30,88.9933,118632
2024-05-31,89.4481,118632
2024-06-03,92.4271,118632
2024-06-04,86.3042,118632
2024-06-05,89.1172,118632
2024-06-06,90.1267,118632
2024-06-07,91.8562,118632
2024-06-10,92.0097,118632
2024-06-11,92.1206,118632
2024-06-12,92.5612,118632
2024-06-13,93.04,118632
2024-06-14,93.6567,118632
2024-06-18,93.803,118632
2024-06-19,93.5849,118632
2024-06-20,93.8753,118632
2024-06-21,93.5537,118632
2024-06-24,93.7392,118632
2024-06-25,94.3814,118632
2024-06-26,94.643,118632
2024-06-27,95.1237,118632
2024-06-28,94.9416,118632
2024-07-01,95.6996,118632
2024-07-02,95.5824,118632
2024-07-03,96.3988,118632
2024-07-04,96.6688,118632
2024-07-05,96.8297,118632
2024-07-08,96.8647,118632
2024-07-09,97.3311,118632
2024-07-10,96.9845,118632
2024-07-11,97.096,118632
2024-07-12,97.3785,118632
2024-07-15,97.7671,118632
2024-07-16,97.4713,118632
2024-07-18,97.7055,118632
2024-07-19,96.409,118632
2024-07-22,96.7013,118632
2024-07-23,96.5445,118632
2024-07-24,96.7617,118632
2024-07-25,96.7323,118632
2024-07-26,98.3111,118632
2024-07-29,98.4839,118632
2024-07-30,98.6802,118632
2024-07-31,99.038,118632
2024-08-01,99.1905,118632
2024-08-02,98.3992,118632
2024-08-05,95.6995,118632
2024-08-06,95.1642,118632
2024-08-07,96.5617,118632
2024-08-08,95.9036,118632
2024-08-09,96.6915,118632
2024-08-12,96.4431,118632
2024-08-13,95.363,118632
2024-08-14,95.3783,118632
2024-08-16,96.8796,118632
2024-08-19,97.0611,118632
2024-08-20,97.6125,118632
2024-08-21,97.8326,118632
2024-08-22,97.9738,118632
2024-08-23,97.9385,118632
2024-08-26,98.6268,118632
2024-08-27,98.8747,118632
2024-08-28,98.7789,118632
2024-08-29,98.9127,118632
2024-08-30,99.3996,118632
2024-09-02,99.5227,118632
2024-09-03,99.6805,118632
2024-09-04,99.2067,118632
2024-09-05,99.3569,118632
2024-09-06,98.076,118632
2024-09-09,98.4675,118632
2024-09-10,99.2319,118632
2024-09-11,98.7724,118632
2024-09-12,100.2373,118632
2024-09-13,100.089,118632
2024-09-16,100.114,118632
2024-09-17,100.0653,118632
2024-09-18,99.968,118632
2024-09-19,99.8842,118632
2024-09-20,100.9598,118632
2024-09-23,101.6433,118632
2024-09-24,101.7456,118632
2024-09-25,102.0413,118632
2024-09-26,102.6658,118632
2024-09-27,102.7061,118632
2024-09-30,101.4475,118632
2024-10-01,101.4323,118632
2024-10-03,99.4889,118632
2024-10-04,98.7098,118632
2024-10-07,97.3987,118632
2024-10-08,98.6381,118632
2024-10-09,98.9923,118632
2024-10-10,99.2685,118632
2024-10-11,99.139,118632
2024-10-14,99.6839,118632
2024-10-15,99.6355,118632
2024-10-16,99.5525,118632
2024-10-17,98.6003,118632
2024-10-18,98.9248,118632
2024-10-21,98.4247,118632
2024-10-22,96.8263,118632
2024-10-23,96.7928,118632
2024-10-24,96.5901,118632
2024-10-25,95.6705,118632
2024-10-28,96.0172,118632
2024-10-29,96.8881,118632
2024-10-30,96.533,118632
2024-10-31,96.3789,118632
2024-11-04,95.6366,118632
2024-11-05,96.3891,118632
2024-11-06,97.5614,118632
2024-11-07,96.8112,118632
2024-11-08,96.4406,118632
2024-11-11,96.5738,118632
2024-11-12,95.3799,118632
2024-11-13,93.9405,118632
2024-11-14,93.9927,118632
2024-11-18,93.7894,118632
2024-11-19,94.0998,118632
2024-11-21,93.5182,118632
2024-11-22,95.4297,118632
2024-11-25,96.8798,118632
2024-11-26,96.7895,118632
2024-11-27,97.2127,118632
2024-11-28,96.1824,118632
2024-11-29,96.7197,118632
2024-12-02,97.1205,118632
2024-12-03,98.2022,118632
2024-12-04,98.6536,118632
2024-12-05,99.4147,118632
2024-12-06,99.6509,118632
2024-12-09,99.5074,118632
2024-12-10,99.546,118632
2024-12-11,99.6289,118632
2024-12-12,99.2226,118632
2024-12-13,99.7847,118632
2024-12-16,99.805,118632
2024-12-17,98.876,118632
2024-12-18,98.1827,118632
2024-12-19,97.4275,118632
2024-12-20,95.8415,118632
2024-12-23,96.1694,118632
2024-12-24,96.1467,118632
2024-12-26,96.1901,118632
2024-12-27,96.1819,118632
2024-12-30,95.6777,118632
2024-12-31,95.6932,118632
2025-01-01,96.1113,118632
2025-01-02,97.5681,118632
2025-01-03,97.1671,118632
2025-01-06,95.3266,118632
2025-01-07,95.7436,118632
2025-01-08,95.4138,118632
2025-01-09,94.581,118632
2025-01-10,93.7271,118632
2025-01-13,91.922,118632
2025-01-14,92.5951,118632
2025-01-15,92.9463,118632
2025-01-16,93.5764,118632
2025-01-17,93.4158,118632
2025-01-20,93.6339,118632
2025-01-21,91.9008,118632
2025-01-22,91.9229,118632
2025-01-23,92.2667,118632
2025-01-24,91.4588,118632
2025-01-27,89.9694,118632
2025-01-28,90.2227,118632
2025-01-29,91.4688,118632
2025-01-30,91.7379,118632
2025-01-31,92.8772,118632
2025-02-03,92.4237,118632
2025-02-04,93.9231,118632
2025-02-05,93.8883,118632
2025-02-06,93.4896,118632
2025-02-07,93.319,118632
2025-02-10,92.1773,118632
2025-02-11,90.5443,118632
2025-02-12,90.3408,118632
2025-02-13,90.3684,118632
2025-02-14,89.5741,118632
2025-02-17,89.5693,118632
2025-02-18,89.5354,118632
2025-02-19,90.0404,118632
2025-02-20,90.3489,118632
2025-02-21,89.8495,118632
2025-02-24,88.9334,118632
2025-02-25,88.7605,118632
2025-02-27,88.4321,118632
2025-02-28,86.9222,118632
2025-03-03,86.983,118632
2025-03-04,87.1643,118632
2025-03-05,88.2535,118632
2025-03-06,89.174,118632
2025-03-07,89.1195,118632
2025-03-10,88.5879,118632
2025-03-11,88.5042,118632
2025-03-12,88.3738,118632
2025-03-13,88.0656,118632
2025-03-17,88.6746,118632
2025-03-18,90.2544,118632
2025-03-19,90.9711,118632
2025-03-20,91.6767,118632
2025-03-21,92.543,118632
2025-03-24,93.8123,118632
2025-03-25,93.5158,118632
2025-03-26,92.657,118632
2025-03-27,93.3884,118632
2025-03-28,92.8735,118632
2025-03-31,92.8702,118632
2025-04-01,91.6629,118632
2025-04-02,92.4165,118632
2025-04-03,92.2243,118632
2025-04-04,90.4333,118632
2025-04-07,87.7802,118632
2025-04-08,89.2409,118632
2025-04-09,88.641,118632
2025-04-11,90.0693,118632
2025-04-15,92.3268,118632
2025-04-16,92.8983,118632
2025-04-17,94.1055,118632
2025-04-21,95.3869,118632
2025-04-22,95.6204,118632
2025-04-23,96.1708,118632
2025-04-24,96.0597,118632
2025-04-25,94.8844,118632
2025-04-28,96.0282,118632
2025-04-29,96.0929,118632
2025-04-30,95.8147,118632
2025-05-02,95.9389,118632
2025-05-05,96.5552,118632
2025-05-06,95.5648,118632
2025-05-07,96.0208,118632
2025-05-08,95.1487,118632
2025-05-09,94.3482,118632
2025-05-12,97.9099,118632
2025-05-13,97.054,118632
2025-05-14,97.6473,118632
2025-05-15,98.9453,118632
2025-05-16,99.2225,118632
2025-05-19,99.1325,118632
2025-05-20,97.9113,118632
2025-05-21,98.6038,118632
2025-05-22,97.9101,118632
2025-05-23,98.8611,118632
2025-05-26,99.6536,118632
2025-05-27,99.2431,118632
2025-05-28,99.1118,118632
2025-05-29,99.4341,118632
2025-05-30,99.1611,118632
2025-06-02,99.2736,118632
2025-06-03,98.7161,118632
2025-06-04,99.1551,118632
2025-06-05,99.6617,118632
2025-06-06,100.6269,118632
2025-06-09,101.3481,118632
2025-06-10,101.2256,118632
2025-06-11,101.3151,118632
2025-06-12,100.0453,118632
2025-06-13,99.3528,118632
2025-06-16,100.0818,118632
2025-06-17,99.7999,118632
2025-06-18,99.7448,118632
2025-06-19,99.3123,118632
2025-06-20,100.4075,118632
2025-06-23,99.9129,118632
2025-06-24,100.5325,118632
2025-06-25,101.2439,118632
2025-06-26,102.1458,118632
2025-06-27,102.6148,118632
2025-06-30,102.3501,118632
2025-07-01,102.2738,118632
2025-07-02,101.8391,118632
2025-07-03,101.5231,118632
2025-07-04,101.7883,118632
2025-07-07,101.754,118632
2025-07-08,102.0364,118632
2025-07-09,102.039,118632
2025-07-10,101.799,118632
2025-07-11,101.2686,118632
2025-07-14,101.0587,118632
2025-07-15,101.4168,118632
2025-07-16,101.623,118632
2025-07-17,101.4318,118632
2025-07-18,100.9286,118632
2025-07-21,101.3735,118632
2025-07-22,101.3272,118632
2025-07-23,101.7894,118632
2025-07-24,101.3281,118632
2025-07-25,100.2598,118632
2025-07-28,99.6981,118632
2025-07-29,100.2101,118632
2025-07-30,100.6886,118632
2025-07-31,100.5941,118632
2025-08-01,99.9113,118632
2025-08-04,100.2779,118632
2025-08-05,100.1112,118632
2025-08-06,99.7886,118632
2025-08-07,99.9091,118632
2025-08-08,98.9884,118632
2025-08-11,99.916,118632
2025-08-12,99.7536,118632
2025-08-13,100.5914,118632
2025-08-14,100.5741,118632
2025-08-18,101.6867,118632
2025-08-19,102.2421,118632
2025-08-20,102.6558,118632
2025-08-21,102.728,118632
2025-08-22,102.052,118632
2025-08-25,102.3387,118632
2025-08-26,101.34,118632
2025-08-28,100.5523,118632
2025-08-29,100.3496,118632
2025-09-01,101.1664,118632
2025-09-02,100.9907,118632
2025-09-03,101.5909,118632
2025-09-04,101.4965,118632
2025-09-05,101.5517,118632
2025-09-08,101.6765,118632
2025-09-09,101.9677,118632
2025-09-10,102.3512,118632
2025-09-11,102.4033,118632
2025-09-12,102.9764,118632
2025-09-15,103.15,118632
2025-09-16,103.9014,118632
2025-09-17,104.2438,118632
2025-09-18,104.5531,118632
2025-09-19,104.3509,118632
2025-09-22,103.8105,118632
2025-09-23,103.8134,118632
2025-09-24,103.3338,118632
2025-09-25,102.4742,118632
2025-09-26,101.3125,118632
2025-09-30,101.3,118632
2025-10-01,102.0581,118632
2025-10-03,102.3835,118632
2025-10-06,102.8296,118632
2025-10-07,102.7883,118632
2025-10-08,102.3564,118632
2025-10-09,102.7968,118632
2025-10-10,103.236,118632
2025-10-13,102.968,118632
2025-10-14,102.5439,118632
2025-10-15,103.2825,118632
2025-10-16,104.1594,118632
2025-10-17,104.4673,118632
2025-10-20,104.88,118632
2025-10-23,105.0429,118632
2025-10-24,104.6441,118632
2025-10-27,105.1974,118632
2025-10-28,105.143,118632
2025-10-29,105.7985,118632
2025-10-30,105.2376,118632
2025-10-31,104.5102,118632
2025-11-03,104.8494,118632
2025-11-04,104.296,118632
2025-11-06,103.6683,118632
2025-11-07,103.6712,118632
2025-11-10,103.8912,118632
2025-11-11,104.1242,118632
2025-11-12,104.6829,118632
2025-11-13,104.6624,118632
2025-11-14,104.6864,118632
2025-11-17,105.1203,118632
2025-11-18,104.6087,118632
2025-11-19,105.1392,118632
2025-11-20,105.6047,118632
2025-11-21,104.8664,118632
2025-11-24,104.323,118632
2025-11-25,104.1712,118632
2025-11-26,105.5755,118632
2025-11-27,105.684,118632
2025-11-28,105.6844,118632
2025-12-01,105.5389,118632
2025-12-02,105.2367,118632
2025-12-03,105.0214,118632
2025-12-04,105.0426,118632
2025-12-05,105.4142,118632
2025-12-08,104.3721,118632
2025-12-09,104.2635,118632
2025-12-10,104.014,118632
2025-12-11,104.659,118632
2025-12-12,105.2738,118632
2025-12-15,105.1821,118632
2025-12-16,104.4782,118632
2025-12-17,104.1918,118632
2025-12-18,104.0678,118632
2025-12-19,104.7495,118632
2025-12-22,105.338,118632
2025-12-23,105.5381,118632
2025-12-24,105.3548,118632
2025-12-26,104.9912,118632
2025-12-29,104.7188,118632
2025-12-30,104.5935,118632
2025-12-31,105.3421,118632
2026-01-01,105.4001,118632
2026-01-02,106.1272,118632
2026-01-05,105.7109,118632
2026-01-06,105.7006,118632
2026-01-07,105.6078,118632
2026-01-08,104.3327,118632
2026-01-09,103.4654,118632
2026-01-12,103.6218,118632
2026-01-13,103.3735,118632
2026-01-14,103.3177,118632
2026-01-16,103.2136,118632
2026-01-19,102.9226,118632
2026-01-20,101.2908,118632
2026-01-21,100.8963,118632
2026-01-22,101.5393,118632
2026-01-23,100.5127,118632
2026-01-27,100.8952,118632
2026-01-28,101.8416,118632
2026-01-29,102.3949,118632
2026-01-30,102.2355,118632
2026-02-02,101.2456,118632
2026-02-03,103.8538,118632
2026-02-04,104.0764,118632
2026-02-05,103.759,118632
2026-02-06,103.9204,118632
2026-02-09,104.8998,118632
2026-02-10,105.3572,118632
2026-02-11,105.5426,118632
2026-02-12,104.9922,118632
2026-02-13,103.8148,118632
2026-02-16,104.5361,118632
2026-02-17,104.7084,118632
2026-02-18,105.2559,118632
2026-02-19,103.5918,118632
2026-02-20,104.2351,118632
2026-02-23,104.8203,118632
2026-02-24,103.9564,118632
2026-02-25,104.4641,118632
2026-02-26,104.5075,118632
2026-02-27,103.3052,118632
2026-03-02,101.8541,118632
2026-03-04,99.951,118632
2026-03-05,101.1422,118632
2026-03-06,100.0829,118632
2026-03-09,98.2895,118632
2026-03-10,99.4725,118632
2026-03-11,98.1139,118632
2026-03-12,97.31,118632
2026-03-13,95.1844,118632
2026-03-16,95.9441,118632
2026-03-17,96.6146,118632
2026-03-18,97.5488,118632
2026-03-19,94.5458,118632
2026-03-20,94.8276,118632
2026-03-23,92.1523,118632
2026-03-24,93.8354,118632
2026-03-25,95.6217,118632
2026-03-27,93.579,118632
2026-03-30,91.455,118632
2026-03-31,91.4539,118632
2026-04-01,92.9211,118632
2026-04-02,93.2361,118632
2026-04-06,94.353,118632
2026-04-07,94.7584,118632
2026-04-08,98.1861,118632
2026-04-09,97.4948,118632
2026-04-10,98.8886,118632
2026-04-13,98.1851,118632
2026-04-15,99.8843,118632
2026-04-16,99.9263,118632
2026-04-17,100.7903,118632
2026-04-20,100.9566,118632
2026-04-21,101.9645,118632
2026-04-22,101.5803,118632
2026-04-23,100.8016,118632
2026-04-24,99.76,118632
2026-04-27,100.6093,118632
2026-04-28,99.9782,118632
2026-04-29,100.3928,118632
2026-04-30,99.5502,118632
2026-05-04,100.0932,118632
2026-05-05,99.9072,118632
2026-05-06,101.1725,118632
2026-05-07,101.2917,118632
2026-05-08,100.4981,118632
2026-05-11,99.2007,118632
2026-05-12,97.1846,118632
2026-05-13,97.169,118632
2026-05-14,98.0606,118632
2026-05-15,98.0059,118632
2026-05-18,97.9372,118632
2026-05-19,98.1289,118632
2026-05-20,98.3933,118632
2026-05-21,98.3781,118632
2026-05-22,98.7497,118632
2026-05-25,99.8047,118632
2026-05-26,99.4356,118632
2026-05-27,99.8092,118632
2026-05-29,98.4656,118632
2026-06-01,97.1944,118632
2026-06-02,97.4783,118632
2026-06-03,97.2167,118632
2026-06-04,97.2621,118632
2026-06-05,97.2456,118632
2026-06-08,95.8952,118632
2026-06-09,96.6849,118632
2026-06-10,96.5862,118632
2026-06-11,96.1712,118632
2026-06-12,98.1776,118632
2026-06-15,99.3506,118632
2026-06-16,100.0048,118632
2026-06-17,100.604,118632
2026-06-18,100.9901,118632
2026-06-19,100.7824,118632
2026-06-22,101.3654,118632
2026-06-23,100.4605,118632
2026-06-24,101.0387,118632
2026-06-25,101.1917,118632
2026-06-29,100.7184,118632
2026-06-30,100.4828,118632
2026-07-01,100.8965,118632
2026-07-02,101.4442,118632
2026-07-03,101.3599,118632
2026-07-06,102.1267,118632
2026-07-07,101.9321,118632
2026-07-08,99.81,118632
2026-07-09,100.3086,118632
2026-07-10,101.3203,118632
2026-07-13,101.2495,118632
2026-07-14,100.5326,118632
2026-07-15,101.0231,118632
2026-07-16,101.0586,118632
2026-07-17,101.802,118632
2026-07-20,101.3229,118632
2026-07-21,101.0669,118632
2026-07-22,100.0997,118632
2026-07-23,99.7294,118632
2026-07-24,99.3273,118632
2026-07-27,100.4498,118632
2026-07-28,100.2374,118632
2013-01-02,14.3806,118663
2013-01-03,14.5633,118663
2013-01-04,14.3232,118663
2013-01-07,14.3559,118663
2013-01-08,14.3307,118663
2013-01-09,14.3552,118663
2013-01-10,14.2598,118663
2013-01-11,14.2784,118663
2013-01-14,14.193,118663
2013-01-15,14.2095,118663
2013-01-16,14.2443,118663
2013-01-17,14.1735,118663
2013-01-18,14.1561,118663
2013-01-21,14.1493,118663
2013-01-22,14.2431,118663
2013-01-23,14.2687,118663
2013-01-24,14.1755,118663
2013-01-25,14.1416,118663
2013-01-28,14.1134,118663
2013-01-29,14.0829,118663
2013-01-30,14.0488,118663
2013-01-31,14.1032,118663
2013-02-01,14.1084,118663
2013-02-04,14.1311,118663
2013-02-05,14.268,118663
2013-02-06,14.1707,118663
2013-02-07,14.1726,118663
2013-02-08,14.1731,118663
2013-02-11,14.1418,118663
2013-02-12,14.0761,118663
2013-02-13,14.0948,118663
2013-02-14,14.1057,118663
2013-02-15,14.1049,118663
2013-02-18,14.0284,118663
2013-02-19,13.9749,118663
2013-02-20,13.9034,118663
2013-02-21,13.5231,118663
2013-02-22,13.6193,118663
2013-02-25,13.601,118663
2013-02-26,13.6548,118663
2013-02-27,13.6998,118663
2013-02-28,13.6816,118663
2013-03-01,13.5875,118663
2013-03-04,13.7154,118663
2013-03-05,13.6224,118663
2013-03-06,13.6163,118663
2013-03-07,13.6304,118663
2013-03-08,13.5621,118663
2013-03-11,13.5815,118663
2013-03-12,13.5617,118663
2013-03-13,13.6075,118663
2013-03-14,13.5319,118663
2013-03-15,13.598,118663
2013-03-18,13.7088,118663
2013-03-19,13.7409,118663
2013-03-20,13.784,118663
2013-03-21,13.7051,118663
2013-03-22,13.7291,118663
2013-03-25,13.6214,118663
2013-03-26,13.6298,118663
2013-03-28,13.6771,118663
2013-04-01,13.6717,118663
2013-04-02,13.6633,118663
2013-04-03,13.4753,118663
2013-04-04,13.3617,118663
2013-04-05,13.4379,118663
2013-04-08,13.5727,118663
2013-04-09,13.5057,118663
2013-04-10,13.5683,118663
2013-04-11,13.4765,118663
2013-04-12,13.3926,118663
2013-04-15,12.1945,118663
2013-04-16,11.8818,118663
2013-04-17,11.9411,118663
2013-04-18,11.9174,118663
2013-04-22,12.2234,118663
2013-04-23,12.2481,118663
2013-04-25,12.3917,118663
2013-04-26,12.5895,118663
2013-04-29,12.7215,118663
2013-04-30,12.6253,118663
2013-05-02,12.6597,118663
2013-05-03,12.6824,118663
2013-05-06,12.7737,118663
2013-05-07,12.6779,118663
2013-05-08,12.6446,118663
2013-05-09,12.6843,118663
2013-05-10,12.6422,118663
2013-05-13,12.6607,118663
2013-05-14,12.6103,118663
2013-05-15,12.5496,118663
2013-05-16,12.2451,118663
2013-05-17,12.2827,118663
2013-05-20,12.0674,118663
2013-05-21,12.2292,118663
2013-05-22,12.222,118663
2013-05-23,12.17,118663
2013-05-24,12.1225,118663
2013-05-27,12.1613,118663
2013-05-28,12.1224,118663
2013-05-29,12.2146,118663
2013-05-30,12.4054,118663
2013-05-31,12.5358,118663
2013-06-03,12.4516,118663
2013-06-04,12.4758,118663
2013-06-05,12.4453,118663
2013-06-06,12.6255,118663
2013-06-07,12.7433,118663
2013-06-10,12.6648,118663
2013-06-11,12.668,118663
2013-06-12,12.6476,118663
2013-06-13,12.786,118663
2013-06-14,12.7156,118663
2013-06-17,12.8238,118663
2013-06-18,12.9013,118663
2013-06-19,12.8455,118663
2013-06-20,12.39,118663
2013-06-21,12.2967,118663
2013-06-24,12.3061,118663
2013-06-25,12.2596,118663
2013-06-26,11.8624,118663
2013-06-27,11.9503,118663
2013-06-28,11.586,118663
2013-07-01,11.855,118663
2013-07-02,12.0687,118663
2013-07-03,12.0362,118663
2013-07-04,12.0648,118663
2013-07-05,12.0301,118663
2013-07-08,12.0571,118663
2013-07-09,12.0643,118663
2013-07-10,12.04,118663
2013-07-11,12.2838,118663
2013-07-12,12.2254,118663
2013-07-15,12.3396,118663
2013-07-16,12.1891,118663
2013-07-17,12.2428,118663
2013-07-18,12.2176,118663
2013-07-19,12.2971,118663
2013-07-22,12.5154,118663
2013-07-23,12.7428,118663
2013-07-24,12.7024,118663
2013-07-25,12.5468,118663
2013-07-26,12.6695,118663
2013-07-29,12.8898,118663
2013-07-30,13.0081,118663
2013-07-31,13.1222,118663
2013-08-01,12.9612,118663
2013-08-02,12.7591,118663
2013-08-05,13.1326,118663
2013-08-06,13.0198,118663
2013-08-07,12.8602,118663
2013-08-08,12.9492,118663
2013-08-12,13.3283,118663
2013-08-13,13.5777,118663
2013-08-14,13.5078,118663
2013-08-16,14.0764,118663
2013-08-19,14.2903,118663
2013-08-20,14.2747,118663
2013-08-21,14.3291,118663
2013-08-22,14.3658,118663
2013-08-23,14.2937,118663
2013-08-26,14.4572,118663
2013-08-27,14.6541,118663
2013-08-28,14.7192,118663
2013-08-29,14.6178,118663
2013-08-30,14.4004,118663
2013-09-02,14.4582,118663
2013-09-03,14.6858,118663
2013-09-04,14.7622,118663
2013-09-05,14.5762,118663
2013-09-06,14.1718,118663
2013-09-10,14.0447,118663
2013-09-11,13.8799,118663
2013-09-12,13.7926,118663
2013-09-13,13.5673,118663
2013-09-16,13.4853,118663
2013-09-17,13.6495,118663
2013-09-18,13.5359,118663
2013-09-19,13.8873,118663
2013-09-20,13.8355,118663
2013-09-23,13.6733,118663
2013-09-24,13.6635,118663
2013-09-25,13.7414,118663
2013-09-26,13.8537,118663
2013-09-27,13.7466,118663
2013-09-30,14.1544,118663
2013-10-01,13.9916,118663
2013-10-03,13.9833,118663
2013-10-04,13.9328,118663
2013-10-07,13.8508,118663
2013-10-08,14.0297,118663
2013-10-09,13.9329,118663
2013-10-10,13.9208,118663
2013-10-11,13.7076,118663
2013-10-14,13.8239,118663
2013-10-15,13.7599,118663
2013-10-17,14.0275,118663
2013-10-18,14.1529,118663
2013-10-21,14.3226,118663
2013-10-22,14.3683,118663
2013-10-23,14.5204,118663
2013-10-24,14.6762,118663
2013-10-25,14.6366,118663
2013-10-28,14.692,118663
2013-10-29,14.3456,118663
2013-10-30,14.3148,118663
2013-10-31,14.2069,118663
2013-11-01,14.2726,118663
2013-11-05,14.1122,118663
2013-11-06,14.0674,118663
2013-11-07,14.0269,118663
2013-11-08,13.988,118663
2013-11-11,13.9632,118663
2013-11-12,14.1421,118663
2013-11-13,14.119,118663
2013-11-14,14.1636,118663
2013-11-18,14.1896,118663
2013-11-19,14.1298,118663
2013-11-20,14.1263,118663
2013-11-21,14.0696,118663
2013-11-22,14.1117,118663
2013-11-25,13.9345,118663
2013-11-26,14.1343,118663
2013-11-27,14.0107,118663
2013-11-28,13.9649,118663
2013-11-29,14.0837,118663
2013-12-02,14.0356,118663
2013-12-03,13.9861,118663
2013-12-04,14.0315,118663
2013-12-05,14.0706,118663
2013-12-06,13.9486,118663
2013-12-09,13.8207,118663
2013-12-10,13.8851,118663
2013-12-11,13.9534,118663
2013-12-12,13.8938,118663
2013-12-13,13.8467,118663
2013-12-16,13.7846,118663
2013-12-17,13.714,118663
2013-12-18,13.7237,118663
2013-12-19,13.6594,118663
2013-12-20,13.5928,118663
2013-12-23,13.5877,118663
2013-12-24,13.496,118663
2013-12-26,13.5438,118663
2013-12-27,13.4556,118663
2013-12-30,13.3899,118663
2013-12-31,13.3165,118663
2014-01-01,13.3299,118663
2014-01-02,13.4456,118663
2014-01-03,13.6141,118663
2014-01-06,13.5959,118663
2014-01-07,13.5563,118663
2014-01-08,13.4628,118663
2014-01-09,13.4936,118663
2014-01-10,13.5134,118663
2014-01-13,13.5902,118663
2014-01-14,13.5621,118663
2014-01-15,13.5018,118663
2014-01-16,13.5395,118663
2014-01-17,13.5827,118663
2014-01-20,13.6516,118663
2014-01-21,13.5809,118663
2014-01-22,13.5424,118663
2014-01-23,13.515,118663
2014-01-24,13.6055,118663
2014-01-27,13.6681,118663
2014-01-28,13.5614,118663
2014-01-29,13.6242,118663
2014-01-30,13.6602,118663
2014-01-31,13.5287,118663
2014-02-03,13.575,118663
2014-02-04,13.6029,118663
2014-02-05,13.6156,118663
2014-02-06,13.5837,118663
2014-02-07,13.6277,118663
2014-02-10,13.7123,118663
2014-02-11,13.7887,118663
2014-02-12,13.7633,118663
2014-02-13,13.7302,118663
2014-02-14,13.7949,118663
2014-02-17,13.9833,118663
2014-02-18,14.0414,118663
2014-02-19,14.0332,118663
2014-02-20,14.0098,118663
2014-02-21,13.9685,118663
2014-02-24,14.029,118663
2014-02-25,14.0246,118663
2014-02-26,14.0174,118663
2014-02-28,14.007,118663
2014-03-03,14.0885,118663
2014-03-04,14.0061,118663
2014-03-05,13.922,118663
2014-03-06,13.8173,118663
2014-03-07,13.8726,118663
2014-03-10,13.7549,118663
2014-03-11,13.8254,118663
2014-03-12,13.886,118663
2014-03-13,13.8333,118663
2014-03-14,13.7644,118663
2014-03-18,13.7191,118663
2014-03-19,13.6918,118663
2014-03-20,13.5617,118663
2014-03-21,13.5016,118663
2014-03-24,13.3828,118663
2014-03-25,13.2782,118663
2014-03-26,13.2358,118663
2014-03-27,13.1602,118663
2014-03-28,13.1713,118663
2014-03-31,13.2051,118663
2014-04-01,13.0646,118663
2014-04-02,12.946,118663
2014-04-03,12.9636,118663
2014-04-04,12.9961,118663
2014-04-07,13.0352,118663
2014-04-09,13.1797,118663
2014-04-10,13.2926,118663
2014-04-11,13.239,118663
2014-04-15,13.3903,118663
2014-04-16,13.4337,118663
2014-04-17,13.4809,118663
2014-04-21,13.4947,118663
2014-04-22,13.5512,118663
2014-04-23,13.6671,118663
2014-04-25,13.7208,118663
2014-04-28,13.7448,118663
2014-04-29,13.6414,118663
2014-04-30,13.6992,118663
2014-05-02,13.9634,118663
2014-05-05,13.6802,118663
2014-05-06,13.6427,118663
2014-05-07,13.6496,118663
2014-05-08,13.483,118663
2014-05-09,13.4788,118663
2014-05-12,13.4284,118663
2014-05-13,13.3934,118663
2014-05-14,13.3846,118663
2014-05-15,13.386,118663
2014-05-16,13.1496,118663
2014-05-19,13.065,118663
2014-05-20,12.9698,118663
2014-05-21,12.8883,118663
2014-05-22,12.5048,118663
2014-05-23,12.5041,118663
2014-05-26,12.5037,118663
2014-05-27,12.4396,118663
2014-05-28,12.3942,118663
2014-05-29,12.2016,118663
2014-05-30,12.3634,118663
2014-06-02,12.3571,118663
2014-06-03,12.2377,118663
2014-06-04,12.1357,118663
2014-06-05,12.1401,118663
2014-06-06,12.141,118663
2014-06-09,12.1003,118663
2014-06-10,12.1308,118663
2014-06-11,12.1617,118663
2014-06-12,12.1471,118663
2014-06-13,12.3186,118663
2014-06-16,12.5819,118663
2014-06-17,12.4293,118663
2014-06-18,12.5345,118663
2014-06-19,12.5716,118663
2014-06-20,12.8397,118663
2014-06-23,12.8372,118663
2014-06-24,12.846,118663
2014-06-25,12.8031,118663
2014-06-26,12.8366,118663
2014-06-27,12.7962,118663
2014-06-30,12.7506,118663
2014-07-01,12.8304,118663
2014-07-02,12.7512,118663
2014-07-03,12.6998,118663
2014-07-04,12.6993,118663
2014-07-07,12.5756,118663
2014-07-08,12.6002,118663
2014-07-09,12.615,118663
2014-07-10,13.1038,118663
2014-07-11,12.8799,118663
2014-07-14,12.8206,118663
2014-07-15,12.7364,118663
2014-07-16,12.6712,118663
2014-07-17,12.7019,118663
2014-07-18,12.7506,118663
2014-07-21,12.8189,118663
2014-07-22,12.7329,118663
2014-07-23,12.7922,118663
2014-07-24,12.6554,118663
2014-07-25,12.5588,118663
2014-07-28,12.6571,118663
2014-07-30,12.6318,118663
2014-07-31,12.635,118663
2014-08-01,12.6761,118663
2014-08-04,12.7378,118663
2014-08-05,12.6956,118663
2014-08-06,12.7732,118663
2014-08-07,12.8763,118663
2014-08-08,13.0927,118663
2014-08-11,12.8901,118663
2014-08-12,12.8987,118663
2014-08-13,12.88,118663
2014-08-14,12.9289,118663
2014-08-18,12.7876,118663
2014-08-19,12.8149,118663
2014-08-20,12.7692,118663
2014-08-21,12.6623,118663
2014-08-22,12.5802,118663
2014-08-25,12.5815,118663
2014-08-26,12.6599,118663
2014-08-27,12.5919,118663
2014-08-28,12.6392,118663
2014-09-01,12.6248,118663
2014-09-02,12.5776,118663
2014-09-03,12.4801,118663
2014-09-04,12.4502,118663
2014-09-05,12.4032,118663
2014-09-08,12.3745,118663
2014-09-09,12.3141,118663
2014-09-10,12.3973,118663
2014-09-11,12.3631,118663
2014-09-12,12.507,118663
2014-09-15,12.4357,118663
2014-09-16,12.3893,118663
2014-09-17,12.3158,118663
2014-09-18,12.252,118663
2014-09-19,12.2321,118663
2014-09-22,12.1975,118663
2014-09-23,12.2408,118663
2014-09-24,12.2255,118663
2014-09-25,12.1622,118663
2014-09-26,12.198,118663
2014-09-29,12.169,118663
2014-09-30,12.1277,118663
2014-10-01,12.2363,118663
2014-10-07,12.1801,118663
2014-10-08,12.2297,118663
2014-10-09,12.2052,118663
2014-10-10,12.2383,118663
2014-10-13,12.3003,118663
2014-10-14,12.2865,118663
2014-10-16,12.4239,118663
2014-10-17,12.3429,118663
2014-10-20,12.3661,118663
2014-10-21,12.8101,118663
2014-10-22,12.4829,118663
2014-10-27,12.3305,118663
2014-10-28,12.2631,118663
2014-10-29,12.2308,118663
2014-10-30,12.174,118663
2014-10-31,11.9837,118663
2014-11-03,11.956,118663
2014-11-05,11.9007,118663
2014-11-07,11.7888,118663
2014-11-10,11.8793,118663
2014-11-11,11.7243,118663
2014-11-12,11.6777,118663
2014-11-13,11.7035,118663
2014-11-14,11.6462,118663
2014-11-17,11.9644,118663
2014-11-18,11.9585,118663
2014-11-19,11.9746,118663
2014-11-20,12.0033,118663
2014-11-21,11.907,118663
2014-11-24,11.9119,118663
2014-11-25,11.9281,118663
2014-11-26,11.8882,118663
2014-11-27,11.9026,118663
2014-11-28,11.8641,118663
2014-12-01,11.727,118663
2014-12-02,11.8969,118663
2014-12-03,11.9197,118663
2014-12-04,11.8891,118663
2014-12-05,11.8883,118663
2014-12-08,11.8618,118663
2014-12-09,11.9383,118663
2014-12-10,12.2174,118663
2014-12-11,12.1158,118663
2014-12-12,12.1591,118663
2014-12-15,12.1013,118663
2014-12-16,12.1506,118663
2014-12-17,12.1513,118663
2014-12-18,12.1127,118663
2014-12-19,12.0853,118663
2014-12-22,12.1171,118663
2014-12-23,11.9683,118663
2014-12-24,11.9751,118663
2014-12-26,12.0802,118663
2014-12-29,12.1446,118663
2014-12-30,12.073,118663
2014-12-31,12.0659,118663
2015-01-01,12.0204,118663
2015-01-02,12.0403,118663
2015-01-05,12.1113,118663
2015-01-06,12.2787,118663
2015-01-07,12.278,118663
2015-01-08,12.0924,118663
2015-01-09,12.113,118663
2015-01-12,12.1899,118663
2015-01-13,12.2922,118663
2015-01-14,12.1945,118663
2015-01-15,12.1664,118663
2015-01-16,12.4727,118663
2015-01-19,12.5646,118663
2015-01-20,12.6726,118663
2015-01-21,12.7491,118663
2015-01-22,12.628,118663
2015-01-23,12.6882,118663
2015-01-27,12.6023,118663
2015-01-28,12.6451,118663
2015-01-29,12.5547,118663
2015-01-30,12.503,118663
2015-02-02,12.582,118663
2015-02-03,12.6233,118663
2015-02-04,12.4717,118663
2015-02-05,12.5494,118663
2015-02-06,12.5466,118663
2015-02-09,12.3437,118663
2015-02-10,12.326,118663
2015-02-11,12.3535,118663
2015-02-12,12.2322,118663
2015-02-13,12.2739,118663
2015-02-16,12.2971,118663
2015-02-18,12.1205,118663
2015-02-19,12.1077,118663
2015-02-20,12.0826,118663
2015-02-23,12.0428,118663
2015-02-24,11.9732,118663
2015-02-25,12.0222,118663
2015-02-26,11.9719,118663
2015-02-27,11.9206,118663
2015-03-02,12.0893,118663
2015-03-03,12.0063,118663
2015-03-04,11.9644,118663
2015-03-05,11.9912,118663
2015-03-09,11.9504,118663
2015-03-10,11.8558,118663
2015-03-11,11.8105,118663
2015-03-12,11.809,118663
2015-03-13,11.8045,118663
2015-03-16,11.7633,118663
2015-03-17,11.6954,118663
2015-03-18,11.662,118663
2015-03-19,11.6782,118663
2015-03-20,11.6744,118663
2015-03-23,11.7723,118663
2015-03-24,11.7893,118663
2015-03-25,11.8242,118663
2015-03-26,12.0787,118663
2015-03-27,11.9107,118663
2015-03-30,11.8466,118663
2015-03-31,11.8106,118663
2015-04-01,11.809,118663
2015-04-06,12.1543,118663
2015-04-07,12.0397,118663
2015-04-08,12.0365,118663
2015-04-09,11.863,118663
2015-04-10,11.9516,118663
2015-04-13,11.9932,118663
2015-04-15,11.9104,118663
2015-04-16,12.0164,118663
2015-04-17,12.0497,118663
2015-04-20,12.0642,118663
2015-04-21,12.2971,118663
2015-04-22,12.1328,118663
2015-04-23,12.1128,118663
2015-04-24,12.0744,118663
2015-04-27,12.0292,118663
2015-04-28,12.1111,118663
2015-04-29,12.1171,118663
2015-04-30,12.2193,118663
2015-05-04,12.0816,118663
2015-05-05,12.028,118663
2015-05-06,12.1054,118663
2015-05-07,12.1191,118663
2015-05-08,12.1106,118663
2015-05-11,12.1065,118663
2015-05-12,12.1547,118663
2015-05-13,12.202,118663
2015-05-14,12.3637,118663
2015-05-15,12.3283,118663
2015-05-18,12.4405,118663
2015-05-19,12.3447,118663
2015-05-20,12.231,118663
2015-05-21,12.2382,118663
2015-05-22,12.2228,118663
2015-05-25,12.1788,118663
2015-05-26,12.187,118663
2015-05-27,12.093,118663
2015-05-28,12.1248,118663
2015-05-29,12.1114,118663
2015-06-01,12.0615,118663
2015-06-02,12.1117,118663
2015-06-03,12.122,118663
2015-06-04,12.1131,118663
2015-06-05,11.9995,118663
2015-06-08,12.0298,118663
2015-06-09,12.0361,118663
2015-06-10,12.0375,118663
2015-06-11,11.9563,118663
2015-06-12,11.9959,118663
2015-06-15,12.0093,118663
2015-06-16,12.0008,118663
2015-06-17,11.9792,118663
2015-06-18,12.0309,118663
2015-06-19,12.053,118663
2015-06-22,11.9846,118663
2015-06-23,11.9102,118663
2015-06-24,11.8892,118663
2015-06-25,11.8459,118663
2015-06-26,11.8937,118663
2015-06-29,11.9346,118663
2015-06-30,11.9056,118663
2015-07-01,11.8228,118663
2015-07-02,11.7805,118663
2015-07-03,11.7804,118663
2015-07-06,11.7583,118663
2015-07-07,11.765,118663
2015-07-08,11.6574,118663
2015-07-09,11.8016,118663
2015-07-10,11.7561,118663
2015-07-13,11.667,118663
2015-07-14,11.6619,118663
2015-07-15,11.6573,118663
2015-07-16,11.6145,118663
2015-07-17,11.6156,118663
2015-07-20,11.5224,118663
2015-07-21,11.5795,118663
2015-07-22,11.3642,118663
2015-07-23,11.4667,118663
2015-07-24,11.3395,118663
2015-07-27,11.3339,118663
2015-07-28,11.3342,118663
2015-07-29,11.3045,118663
2015-07-30,11.2649,118663
2015-07-31,11.2028,118663
2015-08-03,11.2255,118663
2015-08-04,11.2775,118663
2015-08-05,11.2004,118663
2015-08-06,11.1225,118663
2015-08-07,11.1533,118663
2015-08-10,11.1976,118663
2015-08-11,11.3763,118663
2015-08-12,11.5286,118663
2015-08-13,11.5705,118663
2015-08-14,11.5629,118663
2015-08-17,11.6127,118663
2015-08-18,11.6632,118663
2015-08-19,11.6322,118663
2015-08-20,11.8455,118663
2015-08-21,12.0653,118663
2015-08-24,12.0146,118663
2015-08-25,11.9351,118663
2015-08-26,11.7946,118663
2015-08-27,11.6583,118663
2015-08-28,11.8034,118663
2015-08-31,11.8863,118663
2015-09-01,11.9554,118663
2015-09-02,11.8789,118663
2015-09-03,11.7929,118663
2015-09-04,11.7629,118663
2015-09-07,11.7974,118663
2015-09-08,11.7774,118663
2015-09-09,11.6975,118663
2015-09-10,11.4857,118663
2015-09-11,11.5847,118663
2015-09-14,11.5329,118663
2015-09-15,11.6262,118663
2015-09-16,11.5829,118663
2015-09-18,11.7931,118663
2015-09-21,11.6843,118663
2015-09-22,11.6892,118663
2015-09-23,11.6362,118663
2015-09-24,11.8017,118663
2015-09-28,11.7603,118663
2015-09-29,11.6336,118663
2015-09-30,11.6451,118663
2015-10-01,11.551,118663
2015-10-05,11.6297,118663
2015-10-06,11.6817,118663
2015-10-07,11.7708,118663
2015-10-08,11.6928,118663
2015-10-09,11.744,118663
2015-10-12,11.8471,118663
2015-10-13,11.7714,118663
2015-10-14,11.9753,118663
2015-10-15,12.0819,118663
2015-10-16,12.0082,118663
2015-10-19,11.9559,118663
2015-10-20,11.9883,118663
2015-10-21,12.0074,118663
2015-10-23,11.9082,118663
2015-10-26,11.9223,118663
2015-10-27,11.9576,118663
2015-10-28,11.9743,118663
2015-10-29,12.0852,118663
2015-10-30,11.9443,118663
2015-11-02,11.8422,118663
2015-11-03,11.768,118663
2015-11-04,11.6852,118663
2015-11-05,11.6463,118663
2015-11-06,11.6119,118663
2015-11-09,11.742,118663
2015-11-10,11.5043,118663
2015-11-13,11.4097,118663
2015-11-16,11.4042,118663
2015-11-17,11.2765,118663
2015-11-18,11.2631,118663
2015-11-19,11.2473,118663
2015-11-20,11.3378,118663
2015-11-23,11.222,118663
2015-11-24,11.3085,118663
2015-11-26,11.2607,118663
2015-11-27,11.2306,118663
2015-11-30,11.1617,118663
2015-12-01,11.2633,118663
2015-12-02,11.2022,118663
2015-12-03,11.1262,118663
2015-12-04,11.2367,118663
2015-12-07,11.4485,118663
2015-12-08,11.2775,118663
2015-12-09,11.3089,118663
2015-12-10,11.248,118663
2015-12-11,11.3114,118663
2015-12-14,11.2389,118663
2015-12-15,11.2205,118663
2015-12-16,11.3621,118663
2015-12-17,11.2237,118663
2015-12-18,11.1735,118663
2015-12-21,11.2126,118663
2015-12-22,11.2478,118663
2015-12-23,11.2581,118663
2015-12-24,11.2265,118663
2015-12-28,11.1981,118663
2015-12-29,11.222,118663
2015-12-30,11.1907,118663
2015-12-31,11.1283,118663
2016-01-01,11.1343,118663
2016-01-04,11.219,118663
2016-01-05,11.36,118663
2016-01-06,11.4301,118663
2016-01-07,11.5039,118663
2016-01-08,11.4683,118663
2016-01-11,11.5556,118663
2016-01-12,11.526,118663
2016-01-13,11.355,118663
2016-01-14,11.5196,118663
2016-01-15,11.5223,118663
2016-01-18,11.5984,118663
2016-01-19,11.5486,118663
2016-01-20,11.6352,118663
2016-01-21,11.6365,118663
2016-01-22,11.6285,118663
2016-01-25,11.6805,118663
2016-01-27,11.828,118663
2016-01-28,11.9319,118663
2016-01-29,11.8276,118663
2016-02-01,11.9327,118663
2016-02-02,11.9564,118663
2016-02-03,12.0527,118663
2016-02-04,12.1121,118663
2016-02-05,12.1678,118663
2016-02-08,12.2936,118663
2016-02-09,12.533,118663
2016-02-10,12.345,118663
2016-02-11,12.6188,118663
2016-02-12,12.7705,118663
2016-02-15,12.4736,118663
2016-02-16,12.5723,118663
2016-02-17,12.6164,118663
2016-02-18,12.5657,118663
2016-02-19,12.7674,118663
2016-02-22,12.5526,118663
2016-02-23,12.6594,118663
2016-02-24,12.8165,118663
2016-02-25,12.9063,118663
2016-02-26,12.8738,118663
2016-02-29,12.9205,118663
2016-03-01,12.9343,118663
2016-03-02,12.8928,118663
2016-03-03,12.8817,118663
2016-03-04,12.9887,118663
2016-03-08,13.0352,118663
2016-03-09,12.9604,118663
2016-03-10,12.9144,118663
2016-03-11,12.9784,118663
2016-03-14,12.9716,118663
2016-03-15,13.0279,118663
2016-03-16,12.9091,118663
2016-03-17,12.9597,118663
2016-03-18,12.9647,118663
2016-03-21,12.9403,118663
2016-03-22,12.9048,118663
2016-03-23,12.8732,118663
2016-03-28,12.6555,118663
2016-03-29,12.5405,118663
2016-03-30,12.6249,118663
2016-03-31,12.589,118663
2016-04-01,12.6969,118663
2016-04-04,12.7016,118663
2016-04-05,12.7345,118663
2016-04-06,12.7457,118663
2016-04-07,12.8399,118663
2016-04-08,12.9191,118663
2016-04-11,12.935,118663
2016-04-12,13.0069,118663
2016-04-13,12.9267,118663
2016-04-18,12.9162,118663
2016-04-20,12.9616,118663
2016-04-21,13.025,118663
2016-04-22,12.9568,118663
2016-04-25,12.9092,118663
2016-04-26,12.8889,118663
2016-04-27,12.9557,118663
2016-04-28,13.0511,118663
2016-04-29,13.2029,118663
2016-05-02,13.3602,118663
2016-05-03,13.3316,118663
2016-05-04,13.2125,118663
2016-05-05,13.1694,118663
2016-05-06,13.3163,118663
2016-05-09,13.4612,118663
2016-05-10,13.3933,118663
2016-05-11,13.3345,118663
2016-05-12,13.2433,118663
2016-05-13,13.2637,118663
2016-05-16,13.3068,118663
2016-05-17,13.3677,118663
2016-05-18,13.2727,118663
2016-05-19,13.1593,118663
2016-05-20,13.1908,118663
2016-05-23,13.0998,118663
2016-05-24,13.0153,118663
2016-05-25,12.7675,118663
2016-05-26,12.7369,118663
2016-05-27,12.7079,118663
2016-05-30,12.6435,118663
2016-05-31,12.6846,118663
2016-06-01,12.7423,118663
2016-06-02,12.7387,118663
2016-06-03,12.7705,118663
2016-06-06,12.9154,118663
2016-06-07,12.8866,118663
2016-06-08,12.8938,118663
2016-06-09,12.8849,118663
2016-06-10,13.0061,118663
2016-06-13,13.0981,118663
2016-06-14,13.1185,118663
2016-06-15,13.0837,118663
2016-06-16,13.2705,118663
2016-06-17,13.0877,118663
2016-06-20,13.1569,118663
2016-06-21,13.1106,118663
2016-06-22,12.9943,118663
2016-06-23,13.0484,118663
2016-06-24,13.4439,118663
2016-06-27,13.5535,118663
2016-06-28,13.4442,118663
2016-06-29,13.4149,118663
2016-06-30,13.4622,118663
2016-07-01,13.5871,118663
2016-07-04,13.6553,118663
2016-07-05,13.6044,118663
2016-07-07,13.8462,118663
2016-07-08,13.8146,118663
2016-07-11,13.8163,118663
2016-07-12,13.8336,118663
2016-07-13,13.7322,118663
2016-07-14,13.6634,118663
2016-07-15,13.6354,118663
2016-07-18,13.7133,118663
2016-07-19,13.6299,118663
2016-07-20,13.6325,118663
2016-07-21,13.5921,118663
2016-07-22,13.6254,118663
2016-07-25,13.6237,118663
2016-07-26,13.6585,118663
2016-07-27,13.6601,118663
2016-07-28,13.7392,118663
2016-07-29,13.736,118663
2016-08-01,13.8655,118663
2016-08-02,13.8803,118663
2016-08-03,13.8863,118663
2016-08-04,13.7609,118663
2016-08-05,13.8148,118663
2016-08-08,13.5451,118663
2016-08-09,13.627,118663
2016-08-10,13.765,118663
2016-08-11,13.7511,118663
2016-08-12,13.7558,118663
2016-08-16,13.8227,118663
2016-08-17,13.8177,118663
2016-08-18,13.8335,118663
2016-08-19,13.8696,118663
2016-08-22,13.9186,118663
2016-08-23,13.8667,118663
2016-08-24,13.8541,118663
2016-08-25,13.7184,118663
2016-08-26,13.6965,118663
2016-08-29,13.6248,118663
2016-08-30,13.6773,118663
2016-08-31,13.63,118663
2016-09-01,13.5896,118663
2016-09-02,13.6145,118663
2016-09-06,13.6675,118663
2016-09-07,13.7964,118663
2016-09-08,13.7944,118663
2016-09-09,13.7281,118663
2016-09-12,13.7852,118663
2016-09-14,13.7809,118663
2016-09-15,13.7154,118663
2016-09-16,13.7601,118663
2016-09-19,13.7538,118663
2016-09-20,13.7402,118663
2016-09-21,13.8287,118663
2016-09-22,13.8909,118663
2016-09-23,13.9231,118663
2016-09-26,13.8269,118663
2016-09-27,13.8113,118663
2016-09-28,13.7532,118663
2016-09-29,13.8415,118663
2016-09-30,13.9598,118663
2016-10-03,13.839,118663
2016-10-04,13.7967,118663
2016-10-05,13.8157,118663
2016-10-06,13.6983,118663
2016-10-07,13.4631,118663
2016-10-10,13.6309,118663
2016-10-13,13.5641,118663
2016-10-14,13.5899,118663
2016-10-17,13.3844,118663
2016-10-18,13.3944,118663
2016-10-19,13.4365,118663
2016-10-20,13.4144,118663
2016-10-21,13.3838,118663
2016-10-24,13.3109,118663
2016-10-25,13.4789,118663
2016-10-26,13.6724,118663
2016-10-27,13.6587,118663
2016-10-28,13.5484,118663
2016-11-01,13.7557,118663
2016-11-02,13.6628,118663
2016-11-03,13.7082,118663
2016-11-04,13.781,118663
2016-11-07,13.449,118663
2016-11-08,13.4874,118663
2016-11-09,13.6979,118663
2016-11-10,13.6358,118663
2016-11-11,13.4071,118663
2016-11-15,13.3433,118663
2016-11-16,13.3258,118663
2016-11-17,13.167,118663
2016-11-18,12.8908,118663
2016-11-21,12.9495,118663
2016-11-22,13.0009,118663
2016-11-23,13.0154,118663
2016-11-24,12.9746,118663
2016-11-25,12.8227,118663
2016-11-28,12.9277,118663
2016-11-29,12.92,118663
2016-11-30,12.8778,118663
2016-12-01,12.7351,118663
2016-12-02,12.6273,118663
2016-12-05,12.5757,118663
2016-12-06,12.6151,118663
2016-12-07,12.5694,118663
2016-12-08,12.6102,118663
2016-12-09,12.5266,118663
2016-12-12,12.4908,118663
2016-12-13,12.4509,118663
2016-12-14,12.4249,118663
2016-12-15,12.3132,118663
2016-12-16,12.174,118663
2016-12-19,12.212,118663
2016-12-20,12.1829,118663
2016-12-21,12.1773,118663
2016-12-22,12.1099,118663
2016-12-23,12.1031,118663
2016-12-26,12.1692,118663
2016-12-27,12.2907,118663
2016-12-28,12.3961,118663
2016-12-29,12.3949,118663
2016-12-30,12.4816,118663
2017-01-02,12.4513,118663
2017-01-03,12.3923,118663
2017-01-04,12.5716,118663
2017-01-05,12.6443,118663
2017-01-06,12.6451,118663
2017-01-09,12.6745,118663
2017-01-10,12.7245,118663
2017-01-11,12.8159,118663
2017-01-12,12.9014,118663
2017-01-13,12.8708,118663
2017-01-16,12.9393,118663
2017-01-17,13.0398,118663
2017-01-18,13.068,118663
2017-01-19,12.9743,118663
2017-01-20,12.9863,118663
2017-01-23,12.9749,118663
2017-01-24,12.9739,118663
2017-01-25,12.9051,118663
2017-01-27,12.7561,118663
2017-01-30,12.6854,118663
2017-01-31,12.8005,118663
2017-02-01,12.8618,118663
2017-02-02,12.9159,118663
2017-02-03,12.8669,118663
2017-02-06,12.912,118663
2017-02-07,13.0796,118663
2017-02-08,13.109,118663
2017-02-09,13.0577,118663
2017-02-10,12.9087,118663
2017-02-13,12.8724,118663
2017-02-14,12.9344,118663
2017-02-15,12.8858,118663
2017-02-16,12.9828,118663
2017-02-17,13.0706,118663
2017-02-20,13.0269,118663
2017-02-21,12.9376,118663
2017-02-22,13.0764,118663
2017-02-23,13.0713,118663
2017-02-27,13.174,118663
2017-02-28,13.1466,118663
2017-03-01,13.1031,118663
2017-03-02,13.0714,118663
2017-03-03,12.9507,118663
2017-03-06,13.008,118663
2017-03-07,12.9228,118663
2017-03-08,12.7915,118663
2017-03-09,12.7688,118663
2017-03-10,12.7039,118663
2017-03-14,12.6286,118663
2017-03-15,12.4677,118663
2017-03-16,12.6303,118663
2017-03-17,12.6435,118663
2017-03-20,12.6727,118663
2017-03-21,12.6782,118663
2017-03-22,12.8179,118663
2017-03-23,12.8349,118663
2017-03-24,12.8118,118663
2017-03-27,12.856,118663
2017-03-28,12.8097,118663
2017-03-29,12.7882,118663
2017-03-30,12.779,118663
2017-03-31,12.7098,118663
2017-04-03,12.6873,118663
2017-04-05,12.8277,118663
2017-04-06,12.838,118663
2017-04-07,12.8971,118663
2017-04-10,12.7491,118663
2017-04-11,12.7733,118663
2017-04-12,12.9384,118663
2017-04-13,13.0252,118663
2017-04-17,13.0374,118663
2017-04-18,13.0325,118663
2017-04-19,12.9776,118663
2017-04-20,12.979,118663
2017-04-21,13.02,118663
2017-04-24,12.9131,118663
2017-04-25,12.8855,118663
2017-04-26,12.811,118663
2017-04-27,12.8078,118663
2017-04-28,12.8431,118663
2017-05-02,12.7325,118663
2017-05-03,12.6994,118663
2017-05-04,12.5505,118663
2017-05-05,12.6086,118663
2017-05-08,12.5092,118663
2017-05-09,12.5019,118663
2017-05-10,12.4867,118663
2017-05-11,12.4111,118663
2017-05-12,12.4288,118663
2017-05-15,12.4432,118663
2017-05-16,12.4585,118663
2017-05-17,12.5463,118663
2017-05-18,12.8027,118663
2017-05-19,12.7555,118663
2017-05-22,12.7355,118663
2017-05-23,12.8328,118663
2017-05-24,12.7614,118663
2017-05-25,12.7009,118663
2017-05-26,12.7943,118663
2017-05-29,12.7881,118663
2017-05-30,12.7868,118663
2017-05-31,12.7338,118663
2017-06-01,12.7859,118663
2017-06-02,12.7315,118663
2017-06-05,12.9047,118663
2017-06-06,12.9711,118663
2017-06-07,12.9504,118663
2017-06-08,12.9163,118663
2017-06-09,12.8172,118663
2017-06-12,12.7951,118663
2017-06-13,12.7528,118663
2017-06-14,12.747,118663
2017-06-15,12.7248,118663
2017-06-16,12.6953,118663
2017-06-19,12.6513,118663
2017-06-20,12.6343,118663
2017-06-21,12.6763,118663
2017-06-22,12.694,118663
2017-06-23,12.7029,118663
2017-06-27,12.6795,118663
2017-06-28,12.6389,118663
2017-06-29,12.5632,118663
2017-06-30,12.5306,118663
2017-07-03,12.4867,118663
2017-07-04,12.3703,118663
2017-07-05,12.3581,118663
2017-07-06,12.3882,118663
2017-07-07,12.3456,118663
2017-07-10,12.2042,118663
2017-07-11,12.2312,118663
2017-07-12,12.2576,118663
2017-07-13,12.2635,118663
2017-07-14,12.2433,118663
2017-07-17,12.3369,118663
2017-07-18,12.3764,118663
2017-07-19,12.4004,118663
2017-07-20,12.3856,118663
2017-07-21,12.4534,118663
2017-07-24,12.5357,118663
2017-07-25,12.4846,118663
2017-07-26,12.4302,118663
2017-07-27,12.5313,118663
2017-07-28,12.4736,118663
2017-07-31,12.5004,118663
2017-08-01,12.4746,118663
2017-08-02,12.4515,118663
2017-08-03,12.4205,118663
2017-08-04,12.5489,118663
2017-08-07,12.4241,118663
2017-08-08,12.4406,118663
2017-08-09,12.53,118663
2017-08-10,12.6235,118663
2017-08-11,12.7474,118663
2017-08-14,12.6571,118663
2017-08-16,12.5349,118663
2017-08-17,12.7116,118663
2017-08-18,12.754,118663
2017-08-21,12.6474,118663
2017-08-22,12.6243,118663
2017-08-23,12.6373,118663
2017-08-24,12.6446,118663
2017-08-28,12.7834,118663
2017-08-29,13.0437,118663
2017-08-30,12.9453,118663
2017-08-31,12.897,118663
2017-09-01,13.0392,118663
2017-09-04,13.1897,118663
2017-09-05,13.1505,118663
2017-09-06,13.2642,118663
2017-09-07,13.2097,118663
2017-09-08,13.2811,118663
2017-09-11,13.1692,118663
2017-09-12,13.1018,118663
2017-09-13,13.1616,118663
2017-09-14,13.079,118663
2017-09-15,13.1193,118663
2017-09-18,13.0099,118663
2017-09-19,12.9985,118663
2017-09-20,13.0539,118663
2017-09-21,12.9834,118663
2017-09-22,12.9914,118663
2017-09-25,13.0097,118663
2017-09-26,13.155,118663
2017-09-27,13.0633,118663
2017-09-28,12.9906,118663
2017-09-29,12.963,118663
2017-10-03,12.9245,118663
2017-10-04,12.8995,118663
2017-10-05,12.8727,118663
2017-10-06,12.8395,118663
2017-10-09,12.9776,118663
2017-10-10,13.0118,118663
2017-10-11,13.0499,118663
2017-10-12,13.1028,118663
2017-10-13,13.1101,118663
2017-10-16,13.0749,118663
2017-10-17,13.0247,118663
2017-10-18,12.9337,118663
2017-10-23,12.9097,118663
2017-10-24,12.8913,118663
2017-10-25,12.8674,118663
2017-10-26,12.8498,118663
2017-10-27,12.7743,118663
2017-10-30,12.7754,118663
2017-10-31,12.8202,118663
2017-11-01,12.8027,118663
2017-11-02,12.7754,118663
2017-11-03,12.7713,118663
2017-11-06,12.7125,118663
2017-11-07,12.8293,118663
2017-11-08,12.8419,118663
2017-11-09,12.8518,118663
2017-11-10,12.8968,118663
2017-11-13,12.8861,118663
2017-11-14,12.8491,118663
2017-11-15,12.9195,118663
2017-11-16,12.8399,118663
2017-11-17,12.8652,118663
2017-11-20,12.9681,118663
2017-11-21,12.856,118663
2017-11-22,12.8631,118663
2017-11-23,12.8823,118663
2017-11-24,12.8993,118663
2017-11-27,12.8795,118663
2017-11-28,12.8741,118663
2017-11-29,12.8826,118663
2017-11-30,12.7855,118663
2017-12-01,12.7592,118663
2017-12-04,12.6968,118663
2017-12-05,12.7238,118663
2017-12-06,12.6666,118663
2017-12-07,12.5853,118663
2017-12-08,12.4598,118663
2017-12-11,12.4663,118663
2017-12-12,12.4626,118663
2017-12-13,12.4125,118663
2017-12-14,12.5151,118663
2017-12-15,12.4657,118663
2017-12-18,12.46,118663
2017-12-19,12.5032,118663
2017-12-20,12.5122,118663
2017-12-21,12.5192,118663
2017-12-22,12.5386,118663
2017-12-26,12.6398,118663
2017-12-27,12.7189,118663
2017-12-28,12.8195,118663
2017-12-29,12.7688,118663
2018-01-01,12.8504,118663
2018-01-02,12.8628,118663
2018-01-03,12.8635,118663
2018-01-04,12.8316,118663
2018-01-05,12.8523,118663
2018-01-08,12.8673,118663
2018-01-09,12.9006,118663
2018-01-10,12.8913,118663
2018-01-11,12.9391,118663
2018-01-12,13.019,118663
2018-01-15,13.1,118663
2018-01-16,13.15,118663
2018-01-17,13.1319,118663
2018-01-18,13.0416,118663
2018-01-19,13.0989,118663
2018-01-22,13.0765,118663
2018-01-23,13.1226,118663
2018-01-24,13.19,118663
2018-01-25,13.2867,118663
2018-01-29,13.1955,118663
2018-01-30,13.1965,118663
2018-01-31,13.168,118663
2018-02-01,13.194,118663
2018-02-02,13.2974,118663
2018-02-05,13.2143,118663
2018-02-06,13.3025,118663
2018-02-07,13.1735,118663
2018-02-08,13.0194,118663
2018-02-09,13.0962,118663
2018-02-12,13.1246,118663
2018-02-14,13.1881,118663
2018-02-15,13.354,118663
2018-02-16,13.4325,118663
2018-02-19,13.4006,118663
2018-02-20,13.3688,118663
2018-02-21,13.2773,118663
2018-02-22,13.2665,118663
2018-02-23,13.2774,118663
2018-02-26,13.3486,118663
2018-02-27,13.3349,118663
2018-02-28,13.2711,118663
2018-03-01,13.214,118663
2018-03-05,13.3184,118663
2018-03-06,13.2693,118663
2018-03-07,13.3381,118663
2018-03-08,13.2929,118663
2018-03-09,13.2463,118663
2018-03-12,13.2221,118663
2018-03-13,13.1995,118663
2018-03-14,13.25,118663
2018-03-15,13.2227,118663
2018-03-16,13.2039,118663
2018-03-19,13.1407,118663
2018-03-20,13.2001,118663
2018-03-21,13.2078,118663
2018-03-22,13.2939,118663
2018-03-23,13.3785,118663
2018-03-26,13.3876,118663
2018-03-27,13.4102,118663
2018-03-28,13.3457,118663
2018-04-02,13.3427,118663
2018-04-03,13.3729,118663
2018-04-04,13.4738,118663
2018-04-05,13.284,118663
2018-04-06,13.2351,118663
2018-04-09,13.3049,118663
2018-04-10,13.3791,118663
2018-04-11,13.4944,118663
2018-04-12,13.5398,118663
2018-04-13,13.4627,118663
2018-04-16,13.5973,118663
2018-04-17,13.6161,118663
2018-04-18,13.6912,118663
2018-04-19,13.6599,118663
2018-04-20,13.6312,118663
2018-04-23,13.6145,118663
2018-04-24,13.5629,118663
2018-04-25,13.6225,118663
2018-04-26,13.5865,118663
2018-04-27,13.56,118663
2018-04-30,13.4859,118663
2018-05-02,13.4642,118663
2018-05-03,13.4462,118663
2018-05-04,13.486,118663
2018-05-07,13.5648,118663
2018-05-08,13.5048,118663
2018-05-09,13.5322,118663
2018-05-10,13.6736,118663
2018-05-11,13.6898,118663
2018-05-14,13.6913,118663
2018-05-15,13.6414,118663
2018-05-16,13.4463,118663
2018-05-17,13.3937,118663
2018-05-18,13.4631,118663
2018-05-21,13.4183,118663
2018-05-22,13.4969,118663
2018-05-23,13.5498,118663
2018-05-24,13.562,118663
2018-05-25,13.5138,118663
2018-05-28,13.4223,118663
2018-05-29,13.5623,118663
2018-05-30,13.4816,118663
2018-05-31,13.5002,118663
2018-06-01,13.4339,118663
2018-06-04,13.3766,118663
2018-06-05,13.3285,118663
2018-06-06,13.3326,118663
2018-06-07,13.3832,118663
2018-06-08,13.47,118663
2018-06-11,13.3973,118663
2018-06-12,13.3815,118663
2018-06-13,13.4036,118663
2018-06-14,13.473,118663
2018-06-15,13.4844,118663
2018-06-18,13.3396,118663
2018-06-19,13.3873,118663
2018-06-20,13.3154,118663
2018-06-21,13.2291,118663
2018-06-22,13.2314,118663
2018-06-25,13.2842,118663
2018-06-26,13.1948,118663
2018-06-27,13.2722,118663
2018-06-28,13.2447,118663
2018-06-29,13.1829,118663
2018-07-02,13.1895,118663
2018-07-03,13.2169,118663
2018-07-04,13.2416,118663
2018-07-05,13.2436,118663
2018-07-06,13.2778,118663
2018-07-09,13.2922,118663
2018-07-10,13.2341,118663
2018-07-11,13.2219,118663
2018-07-12,13.0983,118663
2018-07-13,13.0525,118663
2018-07-16,13.1193,118663
2018-07-17,13.0535,118663
2018-07-18,12.9086,118663
2018-07-19,12.9252,118663
2018-07-20,12.9443,118663
2018-07-23,13.0345,118663
2018-07-24,12.9875,118663
2018-07-25,12.9969,118663
2018-07-26,12.9556,118663
2018-07-27,12.8946,118663
2018-07-30,12.9251,118663
2018-07-31,12.8767,118663
2018-08-01,12.8849,118663
2018-08-02,12.8497,118663
2018-08-03,12.7974,118663
2018-08-06,12.8062,118663
2018-08-07,12.8182,118663
2018-08-08,12.7988,118663
2018-08-09,12.7924,118663
2018-08-10,12.8125,118663
2018-08-13,12.905,118663
2018-08-14,12.8447,118663
2018-08-16,12.7712,118663
2018-08-17,12.7336,118663
2018-08-20,12.7358,118663
2018-08-21,12.8163,118663
2018-08-23,12.8009,118663
2018-08-24,12.8345,118663
2018-08-27,12.9646,118663
2018-08-28,13.087,118663
2018-08-29,13.0691,118663
2018-08-30,13.1083,118663
2018-08-31,13.1392,118663
2018-09-03,13.059,118663
2018-09-04,13.0841,118663
2018-09-05,13.1106,118663
2018-09-06,13.2351,118663
2018-09-07,13.1608,118663
2018-09-10,13.2053,118663
2018-09-11,13.2608,118663
2018-09-12,13.2528,118663
2018-09-14,13.2065,118663
2018-09-17,13.2701,118663
2018-09-18,13.3418,118663
2018-09-19,13.3585,118663
2018-09-21,13.3098,118663
2018-09-24,13.2835,118663
2018-09-25,13.2855,118663
2018-09-26,13.2605,118663
2018-09-27,13.2371,118663
2018-09-28,13.1301,118663
2018-10-01,13.1963,118663
2018-10-03,13.591,118663
2018-10-04,13.4916,118663
2018-10-05,13.5371,118663
2018-10-08,13.4667,118663
2018-10-09,13.4306,118663
2018-10-10,13.4612,118663
2018-10-11,13.5791,118663
2018-10-12,13.6635,118663
2018-10-15,13.8378,118663
2018-10-16,13.7374,118663
2018-10-17,13.7649,118663
2018-10-19,13.8681,118663
2018-10-22,13.768,118663
2018-10-23,13.8326,118663
2018-10-24,13.7645,118663
2018-10-25,13.7735,118663
2018-10-26,13.8379,118663
2018-10-29,13.7645,118663
2018-10-30,13.7116,118663
2018-10-31,13.7743,118663
2018-11-01,13.8038,118663
2018-11-02,13.6941,118663
2018-11-05,13.8085,118663
2018-11-06,13.7486,118663
2018-11-09,13.5982,118663
2018-11-12,13.4509,118663
2018-11-13,13.4441,118663
2018-11-14,13.4489,118663
2018-11-15,13.4076,118663
2018-11-16,13.3574,118663
2018-11-19,13.3678,118663
2018-11-20,13.3668,118663
2018-11-21,13.3583,118663
2018-11-22,13.3527,118663
2018-11-26,13.2511,118663
2018-11-27,13.2293,118663
2018-11-28,13.1138,118663
2018-11-29,13.1625,118663
2018-11-30,13.1016,118663
2018-12-03,13.2364,118663
2018-12-04,13.3733,118663
2018-12-05,13.2967,118663
2018-12-06,13.4154,118663
2018-12-07,13.3642,118663
2018-12-10,13.6432,118663
2018-12-11,13.6825,118663
2018-12-12,13.6163,118663
2018-12-13,13.5617,118663
2018-12-14,13.5291,118663
2018-12-17,13.5077,118663
2018-12-18,13.4567,118663
2018-12-19,13.3871,118663
2018-12-20,13.3925,118663
2018-12-21,13.4634,118663
2018-12-24,13.5327,118663
2018-12-26,13.5853,118663
2018-12-27,13.6144,118663
2018-12-28,13.6645,118663
2018-12-31,13.6023,118663
2019-01-01,13.6784,118663
2019-01-02,13.7317,118663
2019-01-03,13.8194,118663
2019-01-04,13.7361,118663
2019-01-07,13.7006,118663
2019-01-08,13.6713,118663
2019-01-09,13.7545,118663
2019-01-10,13.8722,118663
2019-01-11,13.8506,118663
2019-01-14,13.8874,118663
2019-01-15,13.8927,118663
2019-01-16,13.9375,118663
2019-01-17,13.9858,118663
2019-01-18,13.9058,118663
2019-01-21,13.874,118663
2019-01-22,13.9441,118663
2019-01-23,13.9463,118663
2019-01-24,13.8759,118663
2019-01-25,13.9162,118663
2019-01-28,14.068,118663
2019-01-29,14.1575,118663
2019-01-30,14.191,118663
2019-01-31,14.2457,118663
2019-02-01,14.3034,118663
2019-02-04,14.3024,118663
2019-02-05,14.3216,118663
2019-02-06,14.386,118663
2019-02-07,14.2187,118663
2019-02-08,14.18,118663
2019-02-11,14.2221,118663
2019-02-12,14.1759,118663
2019-02-13,14.1482,118663
2019-02-14,14.1758,118663
2019-02-15,14.3026,118663
2019-02-18,14.4132,118663
2019-02-19,14.4502,118663
2019-02-20,14.5225,118663
2019-02-21,14.4088,118663
2019-02-22,14.3209,118663
2019-02-25,14.3519,118663
2019-02-26,14.3361,118663
2019-02-27,14.365,118663
2019-02-28,14.3196,118663
2019-03-01,14.1119,118663
2019-03-05,13.8213,118663
2019-03-06,13.8434,118663
2019-03-07,13.748,118663
2019-03-08,13.8179,118663
2019-03-11,13.834,118663
2019-03-12,13.7644,118663
2019-03-13,13.8795,118663
2019-03-14,13.7649,118663
2019-03-15,13.7597,118663
2019-03-18,13.6457,118663
2019-03-19,13.7576,118663
2019-03-20,13.6545,118663
2019-03-22,13.7797,118663
2019-03-25,13.7808,118663
2019-03-26,13.7577,118663
2019-03-27,13.7752,118663
2019-03-28,13.7118,118663
2019-03-29,13.6287,118663
2019-04-01,13.6347,118663
2019-04-02,13.5879,118663
2019-04-03,13.5331,118663
2019-04-04,13.609,118663
2019-04-05,13.6068,118663
2019-04-08,13.7341,118663
2019-04-09,13.7135,118663
2019-04-10,13.7251,118663
2019-04-11,13.6948,118663
2019-04-12,13.6742,118663
2019-04-15,13.5992,118663
2019-04-16,13.6089,118663
2019-04-18,13.5559,118663
2019-04-22,13.5898,118663
2019-04-23,13.5733,118663
2019-04-24,13.5687,118663
2019-04-25,13.6839,118663
2019-04-26,13.6654,118663
2019-04-30,13.6634,118663
2019-05-02,13.498,118663
2019-05-03,13.4832,118663
2019-05-06,13.593,118663
2019-05-07,13.6003,118663
2019-05-08,13.6199,118663
2019-05-09,13.6451,118663
2019-05-10,13.6424,118663
2019-05-13,13.7161,118663
2019-05-14,13.858,118663
2019-05-15,13.8663,118663
2019-05-16,13.7674,118663
2019-05-17,13.7174,118663
2019-05-20,13.538,118663
2019-05-21,13.5523,118663
2019-05-22,13.538,118663
2019-05-23,13.5962,118663
2019-05-24,13.5853,118663
2019-05-27,13.6354,118663
2019-05-28,13.6379,118663
2019-05-29,13.6869,118663
2019-05-30,13.6082,118663
2019-05-31,13.7742,118663
2019-06-03,13.8482,118663
2019-06-04,13.9016,118663
2019-06-06,14.0506,118663
2019-06-07,14.0288,118663
2019-06-10,13.9749,118663
2019-06-11,13.8804,118663
2019-06-12,13.969,118663
2019-06-13,13.9899,118663
2019-06-14,14.1918,118663
2019-06-17,14.044,118663
2019-06-18,14.0975,118663
2019-06-19,14.0827,118663
2019-06-20,14.4424,118663
2019-06-21,14.4453,118663
2019-06-24,14.5628,118663
2019-06-25,14.7619,118663
2019-06-26,14.4856,118663
2019-06-27,14.4545,118663
2019-06-28,14.5496,118663
2019-07-01,14.3588,118663
2019-07-02,14.3792,118663
2019-07-03,14.6325,118663
2019-07-04,14.5328,118663
2019-07-05,14.6788,118663
2019-07-08,14.7018,118663
2019-07-09,14.5701,118663
2019-07-10,14.638,118663
2019-07-11,14.8443,118663
2019-07-12,14.7184,118663
2019-07-15,14.8091,118663
2019-07-16,14.8244,118663
2019-07-17,14.7953,118663
2019-07-18,15.0263,118663
2019-07-19,15.1334,118663
2019-07-22,14.9787,118663
2019-07-23,14.9394,118663
2019-07-24,14.96,118663
2019-07-25,14.9647,118663
2019-07-26,14.8914,118663
2019-07-29,14.8838,118663
2019-07-30,14.9422,118663
2019-07-31,14.8777,118663
2019-08-01,14.7802,118663
2019-08-02,15.1753,118663
2019-08-05,15.5154,118663
2019-08-06,15.6125,118663
2019-08-07,15.8455,118663
2019-08-08,15.8229,118663
2019-08-09,15.8816,118663
2019-08-13,16.1632,118663
2019-08-14,15.9068,118663
2019-08-16,15.9679,118663
2019-08-19,15.9872,118663
2019-08-20,16.1051,118663
2019-08-21,15.9906,118663
2019-08-22,16.1118,118663
2019-08-23,16.0595,118663
2019-08-26,16.4807,118663
2019-08-27,16.4751,118663
2019-08-28,16.6024,118663
2019-08-29,16.6076,118663
2019-08-30,16.4028,118663
2019-09-03,16.7187,118663
2019-09-04,16.7791,118663
2019-09-05,16.7488,118663
2019-09-06,16.2694,118663
2019-09-09,16.3481,118663
2019-09-11,16.1758,118663
2019-09-12,16.0869,118663
2019-09-13,16.075,118663
2019-09-16,16.1362,118663
2019-09-17,16.1914,118663
2019-09-18,16.0728,118663
2019-09-19,15.9172,118663
2019-09-20,15.9268,118663
2019-09-23,16.0548,118663
2019-09-24,16.0571,118663
2019-09-25,16.1825,118663
2019-09-26,16.0086,118663
2019-09-27,16.0256,118663
2019-09-30,16.0017,118663
2019-10-01,15.8407,118663
2019-10-03,16.187,118663
2019-10-04,16.3259,118663
2019-10-07,16.3079,118663
2019-10-09,16.3657,118663
2019-10-10,16.4168,118663
2019-10-11,16.3363,118663
2019-10-14,16.3774,118663
2019-10-15,16.4638,118663
2019-10-16,16.3716,118663
2019-10-17,16.3973,118663
2019-10-18,16.3854,118663
2019-10-22,16.3378,118663
2019-10-23,16.3999,118663
2019-10-24,16.3555,118663
2019-10-25,16.6369,118663
2019-10-29,16.3598,118663
2019-10-30,16.3353,118663
2019-10-31,16.5318,118663
2019-11-01,16.5872,118663
2019-11-04,16.5905,118663
2019-11-05,16.5443,118663
2019-11-06,16.433,118663
2019-11-07,16.3967,118663
2019-11-08,16.2598,118663
2019-11-11,16.2832,118663
2019-11-13,16.4152,118663
2019-11-14,16.423,118663
2019-11-15,16.2761,118663
2019-11-18,16.2234,118663
2019-11-19,16.3583,118663
2019-11-20,16.4283,118663
2019-11-21,16.3556,118663
2019-11-22,16.3576,118663
2019-11-25,16.2031,118663
2019-11-26,16.1706,118663
2019-11-27,16.1538,118663
2019-11-28,16.1778,118663
2019-11-29,16.2152,118663
2019-12-02,16.2127,118663
2019-12-03,16.2495,118663
2019-12-04,16.3815,118663
2019-12-05,16.3373,118663
2019-12-06,16.3162,118663
2019-12-09,16.1286,118663
2019-12-10,16.1145,118663
2019-12-11,16.1462,118663
2019-12-12,16.1537,118663
2019-12-13,16.1212,118663
2019-12-16,16.229,118663
2019-12-17,16.2581,118663
2019-12-18,16.3032,118663
2019-12-19,16.2809,118663
2019-12-20,16.3294,118663
2019-12-23,16.3293,118663
2019-12-24,16.3779,118663
2019-12-26,16.4992,118663
2019-12-27,16.572,118663
2019-12-30,16.6446,118663
2019-12-31,16.7174,118663
2020-01-01,16.6689,118663
2020-01-02,16.6689,118663
2020-01-03,17.1777,118663
2020-01-06,17.5411,118663
2020-01-07,17.2263,118663
2020-01-08,17.5171,118663
2020-01-09,17.009,118663
2020-01-10,16.9606,118663
2020-01-13,16.8638,118663
2020-01-14,16.8638,118663
2020-01-15,17.009,118663
2020-01-16,16.9849,118663
2020-01-17,16.9607,118663
2020-01-20,17.0962,118663
2020-01-21,17.0478,118663
2020-01-22,17.1253,118663
2020-01-23,17.0866,118663
2020-01-24,17.1786,118663
2020-01-27,17.3966,118663
2020-01-28,17.3337,118663
2020-01-29,17.2805,118663
2020-01-30,17.4353,118663
2020-01-31,17.4063,118663
2020-02-03,17.4257,118663
2020-02-04,17.2661,118663
2020-02-05,17.1354,118663
2020-02-06,17.2661,118663
2020-02-07,17.3242,118663
2020-02-10,17.4452,118663
2020-02-11,17.3823,118663
2020-02-12,17.3533,118663
2020-02-13,17.4452,118663
2020-02-14,17.3968,118663
2020-02-17,17.4354,118663
2020-02-18,17.5371,118663
2020-02-19,17.8128,118663
2020-02-20,17.866,118663
2020-02-24,18.7178,118663
2020-02-25,18.166,118663
2020-02-26,18.2048,118663
2020-02-27,18.137,118663
2020-02-28,18.1322,118663
2020-03-02,17.9679,118663
2020-03-03,18.0114,118663
2020-03-04,18.4853,118663
2020-03-05,18.4563,118663
2020-03-06,18.9573,118663
2020-03-09,18.6713,118663
2020-03-11,18.5356,118663
2020-03-12,18.429,118663
2020-03-13,17.7793,118663
2020-03-16,17.3184,118663
2020-03-17,16.9112,118663
2020-03-18,17.2069,118663
2020-03-19,17.096,118663
2020-03-20,17.5336,118663
2020-03-23,17.0044,118663
2020-03-24,17.6693,118663
2020-03-25,17.9605,118663
2020-03-26,17.8295,118663
2020-03-27,18.5333,118663
2020-03-30,19.2953,118663
2020-03-31,18.5537,118663
2020-04-01,18.5665,118663
2020-04-03,18.8334,118663
2020-04-07,19.2599,118663
2020-04-08,19.3181,118663
2020-04-09,19.8024,118663
2020-04-13,20.6245,118663
2020-04-15,20.7118,118663
2020-04-16,20.9971,118663
2020-04-17,20.6154,118663
2020-04-20,20.1708,118663
2020-04-21,20.4125,118663
2020-04-22,20.684,118663
2020-04-23,20.6841,118663
2020-04-24,20.7234,118663
2020-04-27,20.6604,118663
2020-04-28,20.7188,118663
2020-04-29,20.5693,118663
2020-04-30,20.6665,118663
2020-05-04,20.7427,118663
2020-05-05,20.17,118663
2020-05-06,20.0829,118663
2020-05-07,19.9383,118663
2020-05-08,20.1562,118663
2020-05-11,19.9915,118663
2020-05-12,20.0254,118663
2020-05-13,19.8946,118663
2020-05-14,20.1463,118663
2020-05-15,20.2968,118663
2020-05-18,20.6548,118663
2020-05-19,20.0897,118663
2020-05-20,20.3358,118663
2020-05-21,20.1178,118663
2020-05-22,20.2242,118663
2020-05-26,20.006,118663
2020-05-27,19.7394,118663
2020-05-28,20.0012,118663
2020-05-29,19.9043,118663
2020-06-01,20.0108,118663
2020-06-02,19.9963,118663
2020-06-03,19.8507,118663
2020-06-04,19.8168,118663
2020-06-05,20.0014,118663
2020-06-08,19.7395,118663
2020-06-09,19.9092,118663
2020-06-10,20.011,118663
2020-06-11,20.2622,118663
2020-06-12,20.2961,118663
2020-06-15,20.107,118663
2020-06-16,20.3204,118663
2020-06-17,20.2234,118663
2020-06-18,20.3154,118663
2020-06-19,20.2669,118663
2020-06-22,20.5336,118663
2020-06-23,20.4998,118663
2020-06-24,20.7326,118663
2020-06-25,20.5435,118663
2020-06-26,20.5532,118663
2020-06-29,20.6306,118663
2020-06-30,20.6885,118663
2020-07-01,20.8774,118663
2020-07-02,20.5101,118663
2020-07-03,20.4906,118663
2020-07-06,20.5244,118663
2020-07-07,20.597,118663
2020-07-08,20.8822,118663
2020-07-09,21.037,118663
2020-07-10,20.9741,118663
2020-07-13,21.0032,118663
2020-07-14,20.9354,118663
2020-07-15,20.9835,118663
2020-07-16,20.9351,118663
2020-07-17,20.8189,118663
2020-07-20,20.9109,118663
2020-07-21,21.0028,118663
2020-07-22,21.3033,118663
2020-07-23,21.6039,118663
2020-07-24,21.8074,118663
2020-07-27,22.5488,118663
2020-07-28,22.3368,118663
2020-07-29,22.5821,118663
2020-07-30,22.5963,118663
2020-07-31,22.8808,118663
2020-08-03,22.9532,118663
2020-08-04,22.9386,118663
2020-08-05,23.5402,118663
2020-08-06,23.7287,118663
2020-08-07,23.8588,118663
2020-08-10,23.4881,118663
2020-08-11,22.958,118663
2020-08-12,22.1779,118663
2020-08-13,22.3298,118663
2020-08-14,22.4898,118663
2020-08-17,22.4074,118663
2020-08-18,22.9696,118663
2020-08-19,22.7617,118663
2020-08-20,22.1803,118663
2020-08-21,22.1996,118663
2020-08-24,22.0928,118663
2020-08-25,21.8161,118663
2020-08-26,21.7533,118663
2020-08-27,21.8747,118663
2020-08-28,21.899,118663
2020-08-31,22.0151,118663
2020-09-01,22.0735,118663
2020-09-02,21.8502,118663
2020-09-03,21.5786,118663
2020-09-04,21.7144,118663
2020-09-07,21.7288,118663
2020-09-08,21.7627,118663
2020-09-09,21.8208,118663
2020-09-10,21.9565,118663
2020-09-11,21.9322,118663
2020-09-14,21.8641,118663
2020-09-15,22.1214,118663
2020-09-16,22.034,118663
2020-09-17,21.8398,118663
2020-09-18,22.0047,118663
2020-09-21,21.8495,118663
2020-09-22,21.4905,118663
2020-09-23,21.3546,118663
2020-09-24,21.0537,118663
2020-09-25,21.1797,118663
2020-09-28,21.0289,118663
2020-09-29,21.4358,118663
2020-09-30,21.4502,118663
2020-10-01,21.4115,118663
2020-10-05,21.4501,118663
2020-10-06,21.6584,118663
2020-10-07,21.3383,118663
2020-10-08,21.3625,118663
2020-10-09,21.5563,118663
2020-10-12,21.7454,118663
2020-10-13,21.7115,118663
2020-10-14,21.435,118663
2020-10-15,21.5079,118663
2020-10-16,21.6,118663
2020-10-19,21.6144,118663
2020-10-20,21.5756,118663
2020-10-21,21.7451,118663
2020-10-22,21.7451,118663
2020-10-23,21.6768,118663
2020-10-26,21.6282,118663
2020-10-27,21.6136,118663
2020-10-28,21.6572,118663
2020-10-29,21.5314,118663
2020-10-30,21.5168,118663
2020-11-02,21.6622,118663
2020-11-03,21.7495,118663
2020-11-04,21.7688,118663
2020-11-05,21.8076,118663
2020-11-06,22.1422,118663
2020-11-09,22.2488,118663
2020-11-10,21.3524,118663
2020-11-11,21.4588,118663
2020-11-12,21.4879,118663
2020-11-13,21.5265,118663
2020-11-17,21.6086,118663
2020-11-18,21.4486,118663
2020-11-19,21.279,118663
2020-11-20,21.2693,118663
2020-11-23,21.303,118663
2020-11-24,20.7699,118663
2020-11-25,20.7215,118663
2020-11-26,20.8475,118663
2020-11-27,20.799,118663
2020-12-01,20.5321,118663
2020-12-02,20.794,118663
2020-12-03,20.9102,118663
2020-12-04,20.9053,118663
2020-12-07,20.7597,118663
2020-12-08,21.0412,118663
2020-12-09,20.9636,118663
2020-12-10,20.7063,118663
2020-12-11,20.7355,118663
2020-12-14,20.6625,118663
2020-12-15,20.7888,118663
2020-12-16,21.0361,118663
2020-12-17,21.201,118663
2020-12-18,21.23,118663
2020-12-21,21.4383,118663
2020-12-22,21.2153,118663
2020-12-23,21.157,118663
2020-12-24,21.2299,118663
2020-12-28,21.2878,118663
2020-12-29,21.2055,118663
2020-12-30,21.157,118663
2020-12-31,21.2394,118663
2021-01-01,21.2685,118663
2021-01-04,21.6125,118663
2021-01-05,21.8307,118663
2021-01-06,21.9226,118663
2021-01-07,21.559,118663
2021-01-08,21.278,118663
2021-01-11,20.891,118663
2021-01-12,20.988,118663
2021-01-13,20.9104,118663
2021-01-14,20.7309,118663
2021-01-15,20.8907,118663
2021-01-18,20.653,118663
2021-01-19,20.7742,118663
2021-01-20,20.8711,118663
2021-01-21,20.9826,118663
2021-01-22,20.8953,118663
2021-01-25,20.7739,118663
2021-01-27,20.6624,118663
2021-01-28,20.6527,118663
2021-01-29,20.7059,118663
2021-02-01,20.5556,118663
2021-02-02,20.352,118663
2021-02-03,20.2403,118663
2021-02-04,20.0658,118663
2021-02-05,19.969,118663
2021-02-08,20.0416,118663
2021-02-09,20.3182,118663
2021-02-10,20.2745,118663
2021-02-11,20.2745,118663
2021-02-12,20.0029,118663
2021-02-15,19.9979,118663
2021-02-16,20.0754,118663
2021-02-17,19.673,118663
2021-02-18,19.6487,118663
2021-02-19,19.4696,118663
2021-02-22,19.6296,118663
2021-02-23,19.7458,118663
2021-02-24,19.721,118663
2021-02-25,19.5801,118663
2021-02-26,19.5413,118663
2021-03-01,19.4005,118663
2021-03-02,19.1871,118663
2021-03-03,19.095,118663
2021-03-04,18.9016,118663
2021-03-05,18.7756,118663
2021-03-08,18.79,118663
2021-03-09,18.8627,118663
2021-03-10,18.9112,118663
2021-03-12,18.7563,118663
2021-03-15,18.9647,118663
2021-03-16,18.9501,118663
2021-03-17,19.0034,118663
2021-03-18,19.0178,118663
2021-03-19,19.0468,118663
2021-03-22,18.8622,118663
2021-03-23,18.8961,118663
2021-03-24,18.8767,118663
2021-03-25,18.8816,118663
2021-03-26,18.833,118663
2021-03-30,18.634,118663
2021-03-31,18.5321,118663
2021-04-01,18.9833,118663
2021-04-05,19.0947,118663
2021-04-06,19.1721,118663
2021-04-07,19.4726,118663
2021-04-08,19.5548,118663
2021-04-09,19.6371,118663
2021-04-12,19.6564,118663
2021-04-13,19.666,118663
2021-04-15,19.7678,118663
2021-04-16,19.8211,118663
2021-04-19,20.16,118663
2021-04-20,19.9515,118663
2021-04-22,20.1357,118663
2021-04-23,20.155,118663
2021-04-26,20.0143,118663
2021-04-27,19.9415,118663
2021-04-28,19.7282,118663
2021-04-29,19.7669,118663
2021-04-30,19.7037,118663
2021-05-03,19.7521,118663
2021-05-04,19.7812,118663
2021-05-05,19.6745,118663
2021-05-06,19.8151,118663
2021-05-07,20.0188,118663
2021-05-10,20.1253,118663
2021-05-11,20.0962,118663
2021-05-12,20.0913,118663
2021-05-14,20.1396,118663
2021-05-17,20.3045,118663
2021-05-18,20.4305,118663
2021-05-19,20.3576,118663
2021-05-20,20.4498,118663
2021-05-21,20.4691,118663
2021-05-24,20.4835,118663
2021-05-25,20.4447,118663
2021-05-26,20.6968,118663
2021-05-27,20.5755,118663
2021-05-28,20.4931,118663
2021-05-31,20.6722,118663
2021-06-01,20.7886,118663
2021-06-02,20.6624,118663
2021-06-03,20.6333,118663
2021-06-04,20.444,118663
2021-06-07,20.5214,118663
2021-06-08,20.5844,118663
2021-06-09,20.628,118663
2021-06-10,20.5552,118663
2021-06-11,20.6909,118663
2021-06-14,20.3997,118663
2021-06-15,20.4093,118663
2021-06-16,20.4287,118663
2021-06-17,20.0708,118663
2021-06-18,19.8816,118663
2021-06-21,19.8766,118663
2021-06-22,19.8669,118663
2021-06-23,19.9008,118663
2021-06-24,19.8522,118663
2021-06-25,19.8765,118663
2021-06-28,19.8133,118663
2021-06-29,19.7696,118663
2021-06-30,19.6677,118663
2021-07-01,19.8568,118663
2021-07-02,19.9732,118663
2021-07-05,19.9973,118663
2021-07-06,20.1961,118663
2021-07-07,20.2494,118663
2021-07-08,20.259,118663
2021-07-09,20.1813,118663
2021-07-12,20.1424,118663
2021-07-13,20.1521,118663
2021-07-14,20.2102,118663
2021-07-15,20.375,118663
2021-07-16,20.3119,118663
2021-07-19,20.2003,118663
2021-07-20,20.2342,118663
2021-07-22,20.0452,118663
2021-07-23,20.0743,118663
2021-07-26,20.0936,118663
2021-07-27,20.0693,118663
2021-07-28,20.0789,118663
2021-07-29,20.2292,118663
2021-07-30,20.3456,118663
2021-08-02,20.1563,118663
2021-08-03,20.132,118663
2021-08-04,20.1562,118663
2021-08-05,20.1707,118663
2021-08-06,20.0446,118663
2021-08-09,19.5885,118663
2021-08-10,19.5205,118663
2021-08-11,19.5398,118663
2021-08-12,19.6852,118663
2021-08-13,19.656,118663
2021-08-16,19.7914,118663
2021-08-17,19.9852,118663
2021-08-18,19.9124,118663
2021-08-20,19.8833,118663
2021-08-23,19.9025,118663
2021-08-24,19.9849,118663
2021-08-25,19.917,118663
2021-08-26,19.8005,118663
2021-08-27,19.8296,118663
2021-08-30,19.9022,118663
2021-08-31,19.8148,118663
2021-09-01,19.8147,118663
2021-09-02,19.8583,118663
2021-09-03,19.8583,118663
2021-09-06,19.9988,118663
2021-09-07,19.926,118663
2021-09-08,19.8387,118663
2021-09-09,19.795,118663
2021-09-13,19.7609,118663
2021-09-14,19.7657,118663
2021-09-15,19.8771,118663
2021-09-16,19.6639,118663
2021-09-17,19.5085,118663
2021-09-20,19.4938,118663
2021-09-21,19.5229,118663
2021-09-22,19.7021,118663
2021-09-23,19.576,118663
2021-09-24,19.4355,118663
2021-09-27,19.416,118663
2021-09-28,19.382,118663
2021-09-29,19.4207,118663
2021-09-30,19.2752,118663
2021-10-01,19.5125,118663
2021-10-04,19.5269,118663
2021-10-05,19.5802,118663
2021-10-06,19.6287,118663
2021-10-07,19.6771,118663
2021-10-08,19.6722,118663
2021-10-11,19.7497,118663
2021-10-12,19.8175,118663
2021-10-13,19.8563,118663
2021-10-14,20.1471,118663
2021-10-18,19.8851,118663
2021-10-19,19.9916,118663
2021-10-20,19.9237,118663
2021-10-21,19.977,118663
2021-10-22,20.0352,118663
2021-10-25,20.1756,118663
2021-10-26,20.2142,118663
2021-10-27,20.0542,118663
2021-10-28,20.1705,118663
2021-10-29,20.1366,118663
2021-11-01,20.0298,118663
2021-11-02,20.1122,118663
2021-11-03,19.9425,118663
2021-11-08,20.136,118663
2021-11-09,20.2185,118663
2021-11-10,20.2767,118663
2021-11-11,20.7178,118663
2021-11-12,20.5964,118663
2021-11-15,20.6933,118663
2021-11-16,20.766,118663
2021-11-17,20.64,118663
2021-11-18,20.6739,118663
2021-11-22,20.4895,118663
2021-11-23,20.0577,118663
2021-11-24,19.9898,118663
2021-11-25,20.0382,118663
2021-11-26,20.2659,118663
2021-11-29,20.1932,118663
2021-11-30,20.1397,118663
2021-12-01,19.9941,118663
2021-12-02,19.8824,118663
2021-12-03,19.8533,118663
2021-12-06,20.0375,118663
2021-12-07,19.9986,118663
2021-12-08,20.1198,118663
2021-12-09,20.0616,118663
2021-12-10,20.0227,118663
2021-12-13,20.1583,118663
2021-12-14,20.1582,118663
2021-12-15,20.1194,118663
2021-12-16,20.2405,118663
2021-12-17,20.4441,118663
2021-12-20,20.3082,118663
2021-12-21,20.2258,118663
2021-12-22,20.1432,118663
2021-12-23,20.2257,118663
2021-12-24,20.2353,118663
2021-12-27,20.177,118663
2021-12-28,20.1866,118663
2021-12-29,20.1334,118663
2021-12-30,19.9976,118663
2021-12-31,20.1236,118663
2022-01-03,20.2447,118663
2022-01-04,20.1138,118663
2022-01-05,20.1623,118663
2022-01-06,20.0071,118663
2022-01-07,19.9343,118663
2022-01-10,19.9245,118663
2022-01-11,19.9923,118663
2022-01-12,20.0504,118663
2022-01-13,20.094,118663
2022-01-14,20.1473,118663
2022-01-17,20.1471,118663
2022-01-18,20.1422,118663
2022-01-19,20.181,118663
2022-01-20,20.399,118663
2022-01-21,20.2972,118663
2022-01-24,20.3941,118663
2022-01-25,20.4038,118663
2022-01-27,20.2876,118663
2022-01-28,20.0986,118663
2022-01-31,20.0114,118663
2022-02-01,20.1568,118663
2022-02-02,20.1373,118663
2022-02-03,20.1615,118663
2022-02-04,20.1809,118663
2022-02-07,20.1953,118663
2022-02-08,20.2873,118663
2022-02-09,20.3697,118663
2022-02-10,20.4569,118663
2022-02-11,20.4666,118663
2022-02-14,20.8404,118663
2022-02-15,20.724,118663
2022-02-16,20.6851,118663
2022-02-17,21.0488,118663
2022-02-18,20.9469,118663
2022-02-21,20.9081,118663
2022-02-22,21.0436,118663
2022-02-23,20.903,118663
2022-02-24,21.6445,118663
2022-02-25,21.1482,118663
2022-02-28,21.1335,118663
2022-03-02,21.5211,118663
2022-03-03,21.5259,118663
2022-03-04,21.647,118663
2022-03-07,22.301,118663
2022-03-08,22.2671,118663
2022-03-09,22.1362,118663
2022-03-10,21.7179,118663
2022-03-11,21.9507,118663
2022-03-14,21.6403,118663
2022-03-15,21.4901,118663
2022-03-16,21.4417,118663
2022-03-17,21.4416,118663
2022-03-21,21.3978,118663
2022-03-22,21.4849,118663
2022-03-23,21.5333,118663
2022-03-24,21.6108,118663
2022-03-25,21.7125,118663
2022-03-28,21.567,118663
2022-03-29,21.4166,118663
2022-03-30,21.3827,118663
2022-03-31,21.3875,118663
2022-04-01,21.6056,118663
2022-04-04,21.4359,118663
2022-04-05,21.4794,118663
2022-04-06,21.5666,118663
2022-04-07,21.6392,118663
2022-04-08,21.6488,118663
2022-04-11,21.92,118663
2022-04-12,21.9103,118663
2022-04-13,22.1672,118663
2022-04-18,22.3896,118663
2022-04-19,22.288,118663
2022-04-20,21.9201,118663
2022-04-21,21.9152,118663
2022-04-22,21.9733,118663
2022-04-25,21.7647,118663
2022-04-26,21.6387,118663
2022-04-27,21.5369,118663
2022-04-28,21.4884,118663
2022-04-29,21.7112,118663
2022-05-02,21.406,118663
2022-05-04,21.3187,118663
2022-05-05,21.5899,118663
2022-05-06,21.5947,118663
2022-05-09,21.5316,118663
2022-05-10,21.454,118663
2022-05-11,21.3572,118663
2022-05-12,21.3378,118663
2022-05-13,21.0469,118663
2022-05-16,20.911,118663
2022-05-17,21.1048,118663
2022-05-18,21.032,118663
2022-05-19,21.1288,118663
2022-05-20,21.2885,118663
2022-05-23,21.448,118663
2022-05-24,21.3608,118663
2022-05-25,21.385,118663
2022-05-26,21.264,118663
2022-05-27,21.3657,118663
2022-05-30,21.317,118663
2022-05-31,21.3025,118663
2022-06-01,21.0941,118663
2022-06-02,21.3171,118663
2022-06-03,21.3995,118663
2022-06-06,21.3267,118663
2022-06-07,21.2588,118663
2022-06-08,21.2684,118663
2022-06-09,21.3023,118663
2022-06-10,21.2344,118663
2022-06-13,21.4183,118663
2022-06-14,21.1178,118663
2022-06-15,21.1371,118663
2022-06-16,21.1904,118663
2022-06-17,21.3649,118663
2022-06-20,21.2387,118663
2022-06-21,21.2193,118663
2022-06-22,21.1709,118663
2022-06-23,21.2096,118663
2022-06-24,21.161,118663
2022-06-27,21.2627,118663
2022-06-28,21.2286,118663
2022-06-29,21.2092,118663
2022-06-30,21.2092,118663
2022-07-01,21.4998,118663
2022-07-04,21.6546,118663
2022-07-05,21.7127,118663
2022-07-06,21.4075,118663
2022-07-07,21.1268,118663
2022-07-08,21.117,118663
2022-07-11,21.112,118663
2022-07-12,21.1411,118663
2022-07-13,21.0537,118663
2022-07-14,20.9858,118663
2022-07-15,20.8937,118663
2022-07-18,21.1067,118663
2022-07-19,21.0292,118663
2022-07-20,21.0292,118663
2022-07-21,20.8548,118663
2022-07-22,21.1745,118663
2022-07-25,21.1307,118663
2022-07-26,21.0629,118663
2022-07-27,21.1161,118663
2022-07-28,21.3341,118663
2022-07-29,21.3535,118663
2022-08-01,21.4308,118663
2022-08-02,21.4114,118663
2022-08-03,21.4161,118663
2022-08-04,21.6443,118663
2022-08-05,21.6733,118663
2022-08-08,21.6247,118663
2022-08-10,21.7457,118663
2022-08-11,21.765,118663
2022-08-12,21.8084,118663
2022-08-16,21.6391,118663
2022-08-17,21.6148,118663
2022-08-18,21.5905,118663
2022-08-19,21.5275,118663
2022-08-22,21.319,118663
2022-08-23,21.3965,118663
2022-08-24,21.4836,118663
2022-08-25,21.6338,118663
2022-08-26,21.4686,118663
2022-08-29,21.2503,118663
2022-08-30,21.2745,118663
2022-09-01,21.0081,118663
2022-09-02,21.0177,118663
2022-09-05,21.0998,118663
2022-09-06,21.0804,118663
2022-09-07,21.0367,118663
2022-09-08,21.1287,118663
2022-09-09,21.1578,118663
2022-09-12,21.1285,118663
2022-09-13,21.08,118663
2022-09-14,20.925,118663
2022-09-15,20.862,118663
2022-09-16,20.4778,118663
2022-09-19,20.5164,118663
2022-09-20,20.589,118663
2022-09-21,20.6906,118663
2022-09-22,20.8311,118663
2022-09-23,20.7487,118663
2022-09-26,20.6612,118663
2022-09-27,20.5545,118663
2022-09-28,20.4963,118663
2022-09-29,20.7868,118663
2022-09-30,20.9127,118663
2022-10-03,20.9028,118663
2022-10-04,21.3433,118663
2022-10-06,21.4545,118663
2022-10-07,21.5562,118663
2022-10-10,21.1878,118663
2022-10-11,21.0378,118663
2022-10-12,21.12,118663
2022-10-13,21.1684,118663
2022-10-14,20.9601,118663
2022-10-17,20.9502,118663
2022-10-18,20.892,118663
2022-10-19,20.9258,118663
2022-10-20,20.8532,118663
2022-10-21,20.7031,118663
2022-10-25,20.9173,118663
2022-10-27,21.0577,118663
2022-10-28,20.9704,118663
2022-10-31,20.946,118663
2022-11-01,20.9847,118663
2022-11-02,21.0766,118663
2022-11-03,20.8345,118663
2022-11-04,20.9749,118663
2022-11-07,21.1927,118663
2022-11-09,21.3039,118663
2022-11-10,21.4055,118663
2022-11-11,21.6864,118663
2022-11-14,21.7153,118663
2022-11-15,21.8752,118663
2022-11-16,21.9721,118663
2022-11-17,21.8848,118663
2022-11-18,21.9284,118663
2022-11-21,21.7054,118663
2022-11-22,21.7538,118663
2022-11-23,21.6907,118663
2022-11-24,21.8215,118663
2022-11-25,21.7923,118663
2022-11-28,21.8599,118663
2022-11-29,21.8502,118663
2022-11-30,21.8501,118663
2022-12-01,21.981,118663
2022-12-02,22.2279,118663
2022-12-05,22.3294,118663
2022-12-06,22.1985,118663
2022-12-07,22.2082,118663
2022-12-08,22.3147,118663
2022-12-09,22.3388,118663
2022-12-12,22.3774,118663
2022-12-13,22.3628,118663
2022-12-14,22.5467,118663
2022-12-15,22.2996,118663
2022-12-16,22.3335,118663
2022-12-19,22.4882,118663
2022-12-20,22.6479,118663
2022-12-21,22.7011,118663
2022-12-22,22.7059,118663
2022-12-23,22.6185,118663
2022-12-26,22.6181,118663
2022-12-27,22.7052,118663
2022-12-28,22.55,118663
2022-12-29,22.579,118663
2022-12-30,22.6665,118663
2023-01-02,22.8503,118663
2023-01-03,23.0728,118663
2023-01-04,23.2854,118663
2023-01-05,23.1449,118663
2023-01-06,23.0092,118663
2023-01-09,23.304,118663
2023-01-10,23.2313,118663
2023-01-11,23.2602,118663
2023-01-12,23.2262,118663
2023-01-13,23.3618,118663
2023-01-16,23.589,118663
2023-01-17,23.4921,118663
2023-01-18,23.4727,118663
2023-01-19,23.4919,118663
2023-01-20,23.6177,118663
2023-01-23,23.6222,118663
2023-01-24,23.6898,118663
2023-01-25,23.617,118663
2023-01-27,23.6265,118663
2023-01-30,23.6213,118663
2023-01-31,23.5728,118663
2023-02-01,23.9308,118663
2023-02-02,24.4435,118663
2023-02-03,23.9355,118663
2023-02-06,23.7512,118663
2023-02-07,23.7657,118663
2023-02-08,23.8285,118663
2023-02-09,23.7848,118663
2023-02-10,23.5668,118663
2023-02-13,23.5713,118663
2023-02-14,23.6293,118663
2023-02-15,23.3243,118663
2023-02-16,23.3338,118663
2023-02-17,23.2224,118663
2023-02-20,23.4303,118663
2023-02-21,23.372,118663
2023-02-22,23.3235,118663
2023-02-23,23.1781,118663
2023-02-24,23.1392,118663
2023-02-27,22.9742,118663
2023-02-28,22.9596,118663
2023-03-01,23.1338,118663
2023-03-02,23.1531,118663
2023-03-03,23.1578,118663
2023-03-06,23.1623,118663
2023-03-08,22.8185,118663
2023-03-09,22.7942,118663
2023-03-10,22.9684,118663
2023-03-13,23.6409,118663
2023-03-14,23.7909,118663
2023-03-15,23.6939,118663
2023-03-16,24.0666,118663
2023-03-17,24.0907,118663
2023-03-20,24.6523,118663
2023-03-21,24.4441,118663
2023-03-22,24.2309,118663
2023-03-23,24.3858,118663
2023-03-24,24.6472,118663
2023-03-27,24.4048,118663
2023-03-28,24.4096,118663
2023-03-29,24.5447,118663
2023-03-31,24.727,118663
2023-04-03,24.597,118663
2023-04-05,25.11,118663
2023-04-06,25.0858,118663
2023-04-10,24.8774,118663
2023-04-11,24.9596,118663
2023-04-12,25.0418,118663
2023-04-13,25.1481,118663
2023-04-17,25.0318,118663
2023-04-18,24.9447,118663
2023-04-19,24.7511,118663
2023-04-20,25.0029,118663
2023-04-21,24.8334,118663
2023-04-24,24.8186,118663
2023-04-25,24.8476,118663
2023-04-26,24.925,118663
2023-04-27,24.9201,118663
2023-04-28,24.8135,118663
2023-05-02,24.8423,118663
2023-05-03,25.2053,118663
2023-05-04,25.4229,118663
2023-05-05,25.418,118663
2023-05-08,25.2581,118663
2023-05-09,25.3548,118663
2023-05-10,25.3838,118663
2023-05-11,25.3547,118663
2023-05-12,25.1319,118663
2023-05-15,25.3108,118663
2023-05-16,25.1994,118663
2023-05-17,24.9916,118663
2023-05-18,24.977,118663
2023-05-19,24.9044,118663
2023-05-22,25.1655,118663
2023-05-23,24.8994,118663
2023-05-24,25.0543,118663
2023-05-25,24.909,118663
2023-05-26,24.8509,118663
2023-05-29,24.7781,118663
2023-05-30,24.7585,118663
2023-05-31,24.7536,118663
2023-06-01,24.6857,118663
2023-06-02,24.8454,118663
2023-06-05,24.5548,118663
2023-06-06,24.7242,118663
2023-06-07,24.6854,118663
2023-06-08,24.5449,118663
2023-06-09,24.6706,118663
2023-06-12,24.6559,118663
2023-06-13,24.6365,118663
2023-06-14,24.4767,118663
2023-06-15,24.2833,118663
2023-06-16,24.5251,118663
2023-06-19,24.462,118663
2023-06-20,24.4425,118663
2023-06-21,24.2488,118663
2023-06-22,24.1373,118663
2023-06-23,24.084,118663
2023-06-26,24.1998,118663
2023-06-27,24.1079,118663
2023-06-28,23.9869,118663
2023-06-30,23.8706,118663
2023-07-03,23.9914,118663
2023-07-04,24.1463,118663
2023-07-05,24.1946,118663
2023-07-06,24.1558,118663
2023-07-07,24.2138,118663
2023-07-10,24.2184,118663
2023-07-11,24.2813,118663
2023-07-12,24.2522,118663
2023-07-13,24.4554,118663
2023-07-14,24.4892,118663
2023-07-17,24.4406,118663
2023-07-18,24.5228,118663
2023-07-19,24.6967,118663
2023-07-20,24.7257,118663
2023-07-21,24.5176,118663
2023-07-24,24.5174,118663
2023-07-25,24.4835,118663
2023-07-26,24.6092,118663
2023-07-27,24.6526,118663
2023-07-28,24.5268,118663
2023-07-31,24.5217,118663
2023-08-01,24.5362,118663
2023-08-02,24.5313,118663
2023-08-03,24.4635,118663
2023-08-04,24.4441,118663
2023-08-07,24.4391,118663
2023-08-08,24.4728,118663
2023-08-09,24.3809,118663
2023-08-10,24.3132,118663
2023-08-11,24.2648,118663
2023-08-14,24.2452,118663
2023-08-16,24.2548,118663
2023-08-17,24.1145,118663
2023-08-18,24.0806,118663
2023-08-21,24.0466,118663
2023-08-22,24.153,118663
2023-08-23,24.1093,118663
2023-08-24,24.2157,118663
2023-08-25,24.1721,118663
2023-08-28,24.1041,118663
2023-08-29,24.1911,118663
2023-08-30,24.3652,118663
2023-08-31,24.37,118663
2023-09-01,24.3796,118663
2023-09-04,24.4132,118663
2023-09-05,24.3696,118663
2023-09-06,24.3502,118663
2023-09-07,24.2823,118663
2023-09-08,24.3016,118663
2023-09-11,24.2772,118663
2023-09-12,24.2094,118663
2023-09-13,24.1416,118663
2023-09-14,24.1415,118663
2023-09-15,24.2576,118663
2023-09-18,24.4121,118663
2023-09-20,24.383,118663
2023-09-21,24.3297,118663
2023-09-22,24.3054,118663
2023-09-25,24.3052,118663
2023-09-26,24.2083,118663
2023-09-27,24.0533,118663
2023-09-29,23.8549,118663
2023-10-03,23.6322,118663
2023-10-04,23.4047,118663
2023-10-05,23.3514,118663
2023-10-06,23.4142,118663
2023-10-09,23.6558,118663
2023-10-10,23.6799,118663
2023-10-11,23.7958,118663
2023-10-12,23.902,118663
2023-10-13,23.9503,118663
2023-10-16,24.3175,118663
2023-10-17,24.3465,118663
2023-10-18,24.5737,118663
2023-10-19,24.6364,118663
2023-10-20,24.965,118663
2023-10-23,24.9406,118663
2023-10-25,24.8776,118663
2023-10-26,25.0807,118663
2023-10-27,24.9887,118663
2023-10-30,25.1723,118663
2023-10-31,25.1916,118663
2023-11-01,25.0463,118663
2023-11-02,25.0898,118663
2023-11-03,25.0655,118663
2023-11-06,25.0411,118663
2023-11-07,24.8524,118663
2023-11-08,24.8716,118663
2023-11-09,24.649,118663
2023-11-10,24.8278,118663
2023-11-13,24.644,118663
2023-11-15,24.8999,118663
2023-11-16,24.866,118663
2023-11-17,25.0932,118663
2023-11-20,24.9962,118663
2023-11-21,25.1025,118663
2023-11-22,25.2427,118663
2023-11-23,25.17,118663
2023-11-24,25.2329,118663
2023-11-28,25.3051,118663
2023-11-29,25.6678,118663
2023-11-30,25.716,118663
2023-12-01,25.7837,118663
2023-12-04,25.9915,118663
2023-12-05,25.6154,118663
2023-12-06,25.5621,118663
2023-12-07,25.6588,118663
2023-12-08,25.6152,118663
2023-12-11,25.1698,118663
2023-12-12,25.0875,118663
2023-12-13,25.0777,118663
2023-12-14,25.5468,118663
2023-12-15,25.5515,118663
2023-12-18,25.3964,118663
2023-12-19,25.4447,118663
2023-12-20,25.5608,118663
2023-12-21,25.5752,118663
2023-12-22,25.7348,118663
2023-12-26,25.8651,118663
2023-12-27,25.9473,118663
2023-12-28,26.0487,118663
2023-12-29,25.9616,118663
2024-01-01,26.0001,118663
2024-01-02,26.1306,118663
2024-01-03,25.8985,118663
2024-01-04,25.7823,118663
2024-01-05,25.7096,118663
2024-01-08,25.5691,118663
2024-01-09,25.6512,118663
2024-01-10,25.6028,118663
2024-01-11,25.5641,118663
2024-01-12,25.6365,118663
2024-01-15,25.762,118663
2024-01-16,25.6652,118663
2024-01-17,25.4813,118663
2024-01-18,25.3942,118663
2024-01-19,25.5633,118663
2024-01-23,25.5727,118663
2024-01-24,25.5968,118663
2024-01-25,25.5048,118663
2024-01-29,25.6254,118663
2024-01-30,25.7027,118663
2024-01-31,25.809,118663
2024-02-01,25.862,118663
2024-02-02,25.92,118663
2024-02-05,25.6298,118663
2024-02-06,25.6104,118663
2024-02-07,25.7408,118663
2024-02-08,25.6634,118663
2024-02-09,25.6633,118663
2024-02-12,25.5374,118663
2024-02-13,25.547,118663
2024-02-14,25.2036,118663
2024-02-15,25.2374,118663
2024-02-16,25.3244,118663
2024-02-19,25.4644,118663
2024-02-20,25.4256,118663
2024-02-21,25.4642,118663
2024-02-22,25.5028,118663
2024-02-23,25.3673,118663
2024-02-26,25.4975,118663
2024-02-27,25.5362,118663
2024-02-28,25.4442,118663
2024-02-29,25.5311,118663
2024-03-01,25.5891,118663
2024-03-04,26.0676,118663
2024-03-05,26.4206,118663
2024-03-06,26.4689,118663
2024-03-07,26.817,118663
2024-03-11,27.0924,118663
2024-03-12,27.0585,118663
2024-03-13,26.8312,118663
2024-03-14,27.01,118663
2024-03-15,26.9567,118663
2024-03-18,26.8453,118663
2024-03-19,26.8984,118663
2024-03-20,26.9515,118663
2024-03-21,27.4251,118663
2024-03-22,27.0819,118663
2024-03-26,27.2313,118663
2024-03-27,27.1926,118663
2024-03-28,27.3808,118663
2024-03-31,27.3806,118663
2024-04-01,28.2073,118663
2024-04-02,28.3621,118663
2024-04-03,28.4248,118663
2024-04-04,28.623,118663
2024-04-05,28.5504,118663
2024-04-08,29.1202,118663
2024-04-09,29.2847,118663
2024-04-10,29.3185,118663
2024-04-12,29.9415,118663
2024-04-15,29.6126,118663
2024-04-16,29.9316,118663
2024-04-18,29.9653,118663
2024-04-19,30.1006,118663
2024-04-22,29.8587,118663
2024-04-23,29.1368,118663
2024-04-24,29.3692,118663
2024-04-25,29.432,118663
2024-04-26,29.6591,118663
2024-04-29,29.6443,118663
2024-04-30,29.4412,118663
2024-05-02,29.4265,118663
2024-05-03,29.2476,118663
2024-05-06,29.3633,118663
2024-05-07,29.3439,118663
2024-05-08,29.2568,118663
2024-05-09,29.218,118663
2024-05-10,29.9416,118663
2024-05-13,29.57,118663
2024-05-14,29.5892,118663
2024-05-15,29.8404,118663
2024-05-16,29.9805,118663
2024-05-17,29.9611,118663
2024-05-21,30.2846,118663
2024-05-22,30.3087,118663
2024-05-23,29.796,118663
2024-05-24,29.4431,118663
2024-05-27,29.496,118663
2024-05-28,29.5539,118663
2024-05-29,29.5925,118663
2024-05-30,29.37,118663
2024-05-31,29.6356,118663
2024-06-03,29.2969,118663
2024-06-04,29.2824,118663
2024-06-05,29.3403,118663
2024-06-06,29.7124,118663
2024-06-07,29.5383,118663
2024-06-10,29.0741,118663
2024-06-11,29.2141,118663
2024-06-12,29.2961,118663
2024-06-13,29.296,118663
2024-06-14,29.3008,118663
2024-06-18,29.17,118663
2024-06-19,29.3536,118663
2024-06-20,29.5082,118663
2024-06-21,29.7498,118663
2024-06-24,29.3096,118663
2024-06-25,29.3723,118663
2024-06-26,29.232,118663
2024-06-27,29.1642,118663
2024-06-28,29.314,118663
2024-07-01,29.275,118663
2024-07-02,29.3571,118663
2024-07-03,29.5262,118663
2024-07-04,29.6324,118663
2024-07-05,29.7241,118663
2024-07-08,29.7673,118663
2024-07-09,29.6754,118663
2024-07-10,29.7526,118663
2024-07-11,29.8202,118663
2024-07-12,29.9216,118663
2024-07-15,29.9357,118663
2024-07-16,30.1869,118663
2024-07-18,30.4138,118663
2024-07-19,30.1721,118663
2024-07-22,30.0124,118663
2024-07-23,29.085,118663
2024-07-24,28.8143,118663
2024-07-25,27.8102,118663
2024-07-26,27.7693,118663
2024-07-29,28.4162,118663
2024-07-30,28.2086,118663
2024-07-31,28.3679,118663
2024-08-01,28.5661,118663
2024-08-02,28.8463,118663
2024-08-05,28.397,118663
2024-08-06,28.339,118663
2024-08-07,28.1362,118663
2024-08-08,28.0829,118663
2024-08-09,28.3579,118663
2024-08-12,28.5313,118663
2024-08-13,28.7147,118663
2024-08-14,28.8161,118663
2024-08-16,28.7484,118663
2024-08-19,29.168,118663
2024-08-20,29.3269,118663
2024-08-21,29.1866,118663
2024-08-22,29.2203,118663
2024-08-23,29.1236,118663
2024-08-26,29.4036,118663
2024-08-27,29.2682,118663
2024-08-28,29.2681,118663
2024-08-29,29.2777,118663
2024-08-30,29.3211,118663
2024-09-02,29.1227,118663
2024-09-03,29.1757,118663
2024-09-04,28.9196,118663
2024-09-05,29.2674,118663
2024-09-06,29.3204,118663
2024-09-09,29.0785,118663
2024-09-10,29.175,118663
2024-09-11,29.3438,118663
2024-09-12,29.2954,118663
2024-09-13,29.7928,118663
2024-09-16,29.9906,118663
2024-09-17,29.8552,118663
2024-09-18,29.8117,118663
2024-09-19,30.0579,118663
2024-09-20,30.1736,118663
2024-09-23,30.3569,118663
2024-09-24,30.4438,118663
2024-09-25,30.7669,118663
2024-09-26,30.82,118663
2024-09-27,30.6797,118663
2024-09-30,30.7132,118663
2024-10-01,30.7324,118663
2024-10-03,30.7804,118663
2024-10-04,30.9252,118663
2024-10-07,30.8379,118663
2024-10-08,30.6641,118663
2024-10-09,30.4563,118663
2024-10-10,30.4514,118663
2024-10-11,30.7076,118663
2024-10-14,30.9198,118663
2024-10-15,30.862,118663
2024-10-16,31.142,118663
2024-10-17,31.1418,118663
2024-10-18,31.499,118663
2024-10-21,31.7933,118663
2024-10-22,31.7642,118663
2024-10-23,31.9717,118663
2024-10-24,31.7736,118663
2024-10-25,31.6285,118663
2024-10-28,31.7873,118663
2024-10-29,32.0384,118663
2024-10-30,32.3855,118663
2024-10-31,32.3371,118663
2024-11-04,31.9022,118663
2024-11-05,31.8636,118663
2024-11-06,31.6949,118663
2024-11-07,31.0861,118663
2024-11-08,31.4094,118663
2024-11-11,31.1628,118663
2024-11-12,30.3665,118663
2024-11-13,30.5644,118663
2024-11-14,29.8591,118663
2024-11-18,30.3949,118663
2024-11-19,30.7904,118663
2024-11-21,31.1997,118663
2024-11-22,31.5662,118663
2024-11-25,31.107,118663
2024-11-26,30.6291,118663
2024-11-27,30.9042,118663
2024-11-28,30.9428,118663
2024-11-29,31.0634,118663
2024-12-02,30.8071,118663
2024-12-03,30.9518,118663
2024-12-04,30.9275,118663
2024-12-05,30.9515,118663
2024-12-06,30.9177,118663
2024-12-09,31.0622,118663
2024-12-10,31.2457,118663
2024-12-11,31.4241,118663
2024-12-12,31.6412,118663
2024-12-13,31.216,118663
2024-12-16,31.153,118663
2024-12-17,30.9694,118663
2024-12-18,31.1045,118663
2024-12-19,30.8146,118663
2024-12-20,30.5924,118663
2024-12-23,30.906,118663
2024-12-24,30.7659,118663
2024-12-26,30.9201,118663
2024-12-27,31.0213,118663
2024-12-30,30.9197,118663
2024-12-31,30.963,118663
2025-01-01,31.0885,118663
2025-01-02,31.2091,118663
2025-01-03,31.4359,118663
2025-01-06,31.2134,118663
2025-01-07,31.2905,118663
2025-01-08,31.4592,118663
2025-01-09,31.5941,118663
2025-01-10,31.8496,118663
2025-01-13,32.0037,118663
2025-01-14,31.9022,118663
2025-01-15,32.0084,118663
2025-01-16,32.1675,118663
2025-01-17,32.2012,118663
2025-01-20,32.167,118663
2025-01-21,32.3407,118663
2025-01-22,32.6641,118663
2025-01-23,32.5722,118663
2025-01-24,32.7362,118663
2025-01-27,32.6973,118663
2025-01-28,32.6441,118663
2025-01-29,32.7792,118663
2025-01-30,32.8901,118663
2025-01-31,33.3679,118663
2025-02-03,33.6381,118663
2025-02-04,33.8504,118663
2025-02-05,34.5699,118663
2025-02-06,34.5021,118663
2025-02-07,34.5552,118663
2025-02-10,35.026,118663
2025-02-11,34.7655,118663
2025-02-12,34.5193,118663
2025-02-13,34.7123,118663
2025-02-14,34.8811,118663
2025-02-17,34.6059,118663
2025-02-18,34.765,118663
2025-02-19,35.1268,118663
2025-02-20,35.0108,118663
2025-02-21,34.8128,118663
2025-02-24,35.0635,118663
2025-02-25,35.1358,118663
2025-02-27,34.7158,118663
2025-02-28,34.3393,118663
2025-03-03,34.4648,118663
2025-03-04,34.976,118663
2025-03-05,34.9037,118663
2025-03-06,34.7203,118663
2025-03-07,34.8747,118663
2025-03-10,34.855,118663
2025-03-11,34.8115,118663
2025-03-12,34.9272,118663
2025-03-13,35.1684,118663
2025-03-17,35.5107,118663
2025-03-18,35.8002,118663
2025-03-19,35.858,118663
2025-03-20,35.9737,118663
2025-03-21,35.7131,118663
2025-03-24,35.2542,118663
2025-03-25,35.3651,118663
2025-03-26,35.3746,118663
2025-03-27,35.64,118663
2025-03-28,35.8135,118663
2025-03-31,35.8132,118663
2025-04-01,37.0487,118663
2025-04-02,36.812,118663
2025-04-03,36.6284,118663
2025-04-04,36.2131,118663
2025-04-07,35.6535,118663
2025-04-08,35.581,118663
2025-04-09,36.1657,118663
2025-04-11,37.6188,118663
2025-04-15,37.5025,118663
2025-04-16,38.2604,118663
2025-04-17,38.4047,118663
2025-04-21,39.1484,118663
2025-04-22,40.0303,118663
2025-04-23,38.8207,118663
2025-04-24,38.8788,118663
2025-04-25,38.647,118663
2025-04-28,38.1739,118663
2025-04-29,38.6516,118663
2025-04-30,38.1929,118663
2025-05-02,38.1058,118663
2025-05-05,38.4282,118663
2025-05-06,39.658,118663
2025-05-07,39.2478,118663
2025-05-08,39.0836,118663
2025-05-09,39.0158,118663
2025-05-12,37.6538,118663
2025-05-13,38.1795,118663
2025-05-14,37.9431,118663
2025-05-15,37.1997,118663
2025-05-16,37.5569,118663
2025-05-19,37.8173,118663
2025-05-20,37.7544,118663
2025-05-21,38.3864,118663
2025-05-22,38.536,118663
2025-05-23,38.3911,118663
2025-05-26,38.5162,118663
2025-05-27,38.4147,118663
2025-05-28,38.6559,118663
2025-05-29,38.1926,118663
2025-05-30,38.3807,118663
2025-06-02,38.8771,118663
2025-06-03,39.0941,118663
2025-06-04,39.258,118663
2025-06-05,39.4606,118663
2025-06-06,39.219,118663
2025-06-09,38.8567,118663
2025-06-10,38.9193,118663
2025-06-11,38.9916,118663
2025-06-12,39.2955,118663
2025-06-13,40.1351,118663
2025-06-16,40.1154,118663
2025-06-17,39.8596,118663
2025-06-18,39.9704,118663
2025-06-19,39.9703,118663
2025-06-20,39.6999,118663
2025-06-23,39.907,118663
2025-06-24,39.0963,118663
2025-06-25,39.1589,118663
2025-06-26,39.1636,118663
2025-06-27,38.5313,118663
2025-06-30,38.6178,118663
2025-07-01,39.1291,118663
2025-07-02,39.158,118663
2025-07-03,39.1096,118663
2025-07-04,39.0515,118663
2025-07-07,38.8774,118663
2025-07-08,38.9979,118663
2025-07-09,38.6359,118663
2025-07-10,38.964,118663
2025-07-11,39.176,118663
2025-07-14,39.528,118663
2025-07-15,39.4266,118663
2025-07-16,39.272,118663
2025-07-17,39.1802,118663
2025-07-18,39.4552,118663
2025-07-21,39.6478,118663
2025-07-22,39.9564,118663
2025-07-23,40.4291,118663
2025-07-24,39.7294,118663
2025-07-25,39.6328,118663
2025-07-28,39.5987,118663
2025-07-29,39.5407,118663
2025-07-30,39.7722,118663
2025-07-31,39.6804,118663
2025-08-01,39.5596,118663
2025-08-04,40.1767,118663
2025-08-05,40.3599,118663
2025-08-06,40.2777,118663
2025-08-07,40.5189,118663
2025-08-08,40.7213,118663
2025-08-11,40.1758,118663
2025-08-12,40.0551,118663
2025-08-13,40.1563,118663
2025-08-14,40.1321,118663
2025-08-18,39.9434,118663
2025-08-19,39.7311,118663
2025-08-20,39.6199,118663
2025-08-21,39.8466,118663
2025-08-22,39.8802,118663
2025-08-25,40.3045,118663
2025-08-26,40.4635,118663
2025-08-28,40.748,118663
2025-08-29,41.1917,118663
2025-09-01,41.804,118663
2025-09-02,41.8038,118663
2025-09-03,42.4163,118663
2025-09-04,42.5512,118663
2025-09-05,42.7873,118663
2025-09-08,43.4284,118663
2025-09-09,44.0023,118663
2025-09-10,43.872,118663
2025-09-11,43.7368,118663
2025-09-12,44.0452,118663
2025-09-15,43.8808,118663
2025-09-16,44.5316,118663
2025-09-17,44.0395,118663
2025-09-18,44.2086,118663
2025-09-19,44.0589,118663
2025-09-22,44.9498,118663
2025-09-23,45.9096,118663
2025-09-24,45.6731,118663
2025-09-25,45.5718,118663
2025-09-26,45.4704,118663
2025-09-30,46.2554,118663
2025-10-01,47.1131,118663
2025-10-03,46.843,118663
2025-10-06,47.8758,118663
2025-10-07,48.0875,118663
2025-10-08,49.065,118663
2025-10-09,48.9587,118663
2025-10-10,48.573,118663
2025-10-13,49.5256,118663
2025-10-14,50.7011,118663
2025-10-15,50.7972,118663
2025-10-16,50.8354,118663
2025-10-17,52.1555,118663
2025-10-20,50.7267,118663
2025-10-23,49.0666,118663
2025-10-24,48.449,118663
2025-10-27,48.3136,118663
2025-10-28,46.7248,118663
2025-10-29,48.2236,118663
2025-10-30,48.0934,118663
2025-10-31,48.2572,118663
2025-11-03,48.2713,118663
2025-11-04,48.1506,118663
2025-11-06,48.2806,118663
2025-11-07,48.2178,118663
2025-11-10,49.066,118663
2025-11-11,49.8323,118663
2025-11-12,49.5429,118663
2025-11-13,50.8353,118663
2025-11-14,50.0827,118663
2025-11-17,49.1802,118663
2025-11-18,48.6839,118663
2025-11-19,49.3203,118663
2025-11-20,48.9921,118663
2025-11-21,49.2089,118663
2025-11-24,49.3193,118663
2025-11-25,49.9123,118663
2025-11-26,50.2592,118663
2025-11-27,50.2252,118663
2025-11-28,50.471,118663
2025-12-01,51.4835,118663
2025-12-02,50.9579,118663
2025-12-03,51.382,118663
2025-12-04,51.0973,118663
2025-12-05,51.5649,118663
2025-12-08,51.5451,118663
2025-12-09,51.2701,118663
2025-12-10,51.2458,118663
2025-12-11,51.6891,118663
2025-12-12,52.8754,118663
2025-12-15,53.521,118663
2025-12-16,52.8507,118663
2025-12-17,53.0579,118663
2025-12-18,53.0047,118663
2025-12-19,52.9756,118663
2025-12-22,53.7318,118663
2025-12-23,54.5556,118663
2025-12-24,54.6084,118663
2025-12-26,55.1383,118663
2025-12-29,54.5219,118663
2025-12-30,53.6255,118663
2025-12-31,53.1147,118663
2026-01-01,53.3122,118663
2026-01-02,53.9382,118663
2026-01-05,54.4681,118663
2026-01-06,54.5738,118663
2026-01-07,54.4628,118663
2026-01-08,54.1639,118663
2026-01-09,54.8006,118663
2026-01-12,56.3165,118663
2026-01-13,56.1286,118663
2026-01-14,56.9191,118663
2026-01-16,56.8079,118663
2026-01-19,58.4076,118663
2026-01-20,58.6662,118663
2026-01-21,61.2209,118663
2026-01-22,59.9321,118663
2026-01-23,61.4153,118663
2026-01-27,63.3545,118663
2026-01-28,65.4577,118663
2026-01-29,70.6098,118663
2026-01-30,65.4311,118663
2026-02-02,58.9496,118663
2026-02-03,60.3655,118663
2026-02-04,62.4836,118663
2026-02-05,60.374,118663
2026-02-06,60.2872,118663
2026-02-09,61.7041,118663
2026-02-10,61.8774,118663
2026-02-11,62.0505,118663
2026-02-12,61.9635,118663
2026-02-13,60.7969,118663
2026-02-16,61.1915,118663
2026-02-17,60.0638,118663
2026-02-18,60.0926,118663
2026-02-19,61.2733,118663
2026-02-20,61.49,118663
2026-02-23,62.6738,118663
2026-02-24,63.2616,118663
2026-02-25,63.4879,118663
2026-02-26,62.9046,118663
2026-02-27,63.4441,118663
2026-03-02,66.6823,118663
2026-03-04,64.583,118663
2026-03-05,63.754,118663
2026-03-06,63.0698,118663
2026-03-09,63.3246,118663
2026-03-10,63.734,118663
2026-03-11,63.9794,118663
2026-03-12,63.8443,118663
2026-03-13,62.827,118663
2026-03-16,61.3327,118663
2026-03-17,61.815,118663
2026-03-18,61.6654,118663
2026-03-19,58.4886,118663
2026-03-20,58.3631,118663
2026-03-23,53.3757,118663
2026-03-24,55.6749,118663
2026-03-25,57.5054,118663
2026-03-27,56.6573,118663
2026-03-30,58.4177,118663
2026-03-31,58.4175,118663
2026-04-01,59.4652,118663
2026-04-02,58.1207,118663
2026-04-06,59.1943,118663
2026-04-07,58.6981,118663
2026-04-08,59.9556,118663
2026-04-09,59.3871,118663
2026-04-10,59.522,118663
2026-04-13,59.6518,118663
2026-04-15,60.278,118663
2026-04-16,60.543,118663
2026-04-17,60.1526,118663
2026-04-20,60.2489,118663
2026-04-21,60.3548,118663
2026-04-22,60.2439,118663
2026-04-23,59.8053,118663
2026-04-24,59.7378,118663
2026-04-27,59.887,118663
2026-04-28,59.1304,118663
2026-04-29,58.6002,118663
2026-04-30,59.4916,118663
2026-05-04,58.9854,118663
2026-05-05,58.8795,118663
2026-05-06,59.7755,118663
2026-05-07,59.9923,118663
2026-05-08,59.9151,118663
2026-05-11,59.3946,118663
2026-05-12,60.0594,118663
2026-05-13,63.4956,118663
2026-05-14,63.5148,118663
2026-05-15,62.3726,118663
2026-05-18,62.5122,118663
2026-05-19,62.9651,118663
2026-05-20,62.753,118663
2026-05-21,63.0132,118663
2026-05-22,62.8975,118663
2026-05-25,62.9021,118663
2026-05-26,62.454,118663
2026-05-27,62.1938,118663
2026-05-29,62.0057,118663
2026-06-01,61.4465,118663
2026-06-02,62.0151,118663
2026-06-03,61.5187,118663
2026-06-04,61.9331,118663
2026-06-05,61.586,118663
2026-06-08,59.8413,118663
2026-06-09,60.434,118663
2026-06-10,58.3903,118663
2026-06-11,57.4888,118663
2026-06-12,58.7609,118663
2026-06-15,59.8162,118663
2026-06-16,59.8306,118663
2026-06-17,59.6426,118663
2026-06-18,58.8569,118663
2026-06-19,57.734,118663
2026-06-22,58.3748,118663
2026-06-23,57.305,118663
2026-06-24,56.6592,118663
2026-06-25,55.4059,118663
2026-06-29,56.1143,118663
2026-06-30,55.8926,118663
2026-07-01,55.6467,118663
2026-07-02,56.7214,118663
2026-07-03,57.9838,118663
2026-07-06,57.5981,118663
2026-07-07,57.1499,118663
2026-07-08,56.3692,118663
2026-07-09,57.0725,118663
2026-07-10,56.9375,118663
2026-07-13,56.364,118663
2026-07-14,55.8965,118663
2026-07-15,56.094,118663
2026-07-16,56.1325,118663
2026-07-17,55.8049,118663
2026-07-20,56.3107,118663
2026-07-21,56.7395,118663
2026-07-22,57.4189,118663
2026-07-23,57.202,118663
2026-07-24,56.826,118663
2013-01-01,18.799,118989
2013-01-02,18.955,118989
2013-01-03,18.973,118989
2013-01-04,18.99,118989
2013-01-07,19.039,118989
2013-01-08,19.047,118989
2013-01-09,19.001,118989
2013-01-10,18.971,118989
2013-01-11,18.829,118989
2013-01-14,18.965,118989
2013-01-15,19.052,118989
2013-01-16,18.896,118989
2013-01-17,18.944,118989
2013-01-18,18.904,118989
2013-01-21,18.923,118989
2013-01-22,18.788,118989
2013-01-23,18.64,118989
2013-01-24,18.374,118989
2013-01-25,18.591,118989
2013-01-28,18.58,118989
2013-01-29,18.556,118989
2013-01-30,18.472,118989
2013-01-31,18.593,118989
2013-02-01,18.55,118989
2013-02-04,18.37,118989
2013-02-05,18.299,118989
2013-02-06,18.287,118989
2013-02-07,18.163,118989
2013-02-08,18.1,118989
2013-02-11,18.116,118989
2013-02-12,18.146,118989
2013-02-13,18.122,118989
2013-02-14,17.952,118989
2013-02-15,17.898,118989
2013-02-18,17.922,118989
2013-02-19,18.097,118989
2013-02-20,18.132,118989
2013-02-21,17.884,118989
2013-02-22,17.921,118989
2013-02-25,17.799,118989
2013-02-26,17.575,118989
2013-02-27,17.646,118989
2013-02-28,17.371,118989
2013-03-01,17.502,118989
2013-03-04,17.351,118989
2013-03-05,17.566,118989
2013-03-06,17.658,118989
2013-03-07,17.766,118989
2013-03-08,17.871,118989
2013-03-11,17.933,118989
2013-03-12,17.846,118989
2013-03-13,17.662,118989
2013-03-14,17.694,118989
2013-03-15,17.65,118989
2013-03-18,17.657,118989
2013-03-19,17.515,118989
2013-03-20,17.25,118989
2013-03-21,17.015,118989
2013-03-22,16.993,118989
2013-03-25,17.005,118989
2013-03-26,17.039,118989
2013-03-28,17.257,118989
2013-04-01,17.392,118989
2013-04-02,17.595,118989
2013-04-03,17.461,118989
2013-04-04,17.185,118989
2013-04-05,17.134,118989
2013-04-08,17.067,118989
2013-04-09,16.971,118989
2013-04-10,17.044,118989
2013-04-11,17.074,118989
2013-04-12,17.051,118989
2013-04-15,17.154,118989
2013-04-16,17.24,118989
2013-04-17,17.282,118989
2013-04-18,17.434,118989
2013-04-22,17.564,118989
2013-04-23,17.562,118989
2013-04-25,17.593,118989
2013-04-26,17.565,118989
2013-04-29,17.669,118989
2013-04-30,17.684,118989
2013-05-02,17.833,118989
2013-05-03,17.771,118989
2013-05-06,17.844,118989
2013-05-07,17.962,118989
2013-05-08,18.002,118989
2013-05-09,18.001,118989
2013-05-10,18.062,118989
2013-05-13,17.936,118989
2013-05-14,17.955,118989
2013-05-15,18.24,118989
2013-05-16,18.322,118989
2013-05-17,18.408,118989
2013-05-20,18.296,118989
2013-05-21,18.096,118989
2013-05-22,18.006,118989
2013-05-23,17.752,118989
2013-05-24,17.866,118989
2013-05-27,18.043,118989
2013-05-28,18.088,118989
2013-05-29,18.097,118989
2013-05-30,18.071,118989
2013-05-31,17.963,118989
2013-06-03,18.057,118989
2013-06-04,18.042,118989
2013-06-05,18.039,118989
2013-06-06,18.064,118989
2013-06-07,17.924,118989
2013-06-10,17.805,118989
2013-06-11,17.552,118989
2013-06-12,17.536,118989
2013-06-13,17.301,118989
2013-06-14,17.509,118989
2013-06-17,17.593,118989
2013-06-18,17.634,118989
2013-06-19,17.676,118989
2013-06-20,17.423,118989
2013-06-21,17.343,118989
2013-06-24,17.043,118989
2013-06-25,16.959,118989
2013-06-26,16.925,118989
2013-06-27,16.927,118989
2013-06-28,17.223,118989
2013-07-01,17.452,118989
2013-07-02,17.422,118989
2013-07-03,17.171,118989
2013-07-04,17.289,118989
2013-07-05,17.325,118989
2013-07-08,17.278,118989
2013-07-09,17.455,118989
2013-07-10,17.426,118989
2013-07-11,17.576,118989
2013-07-12,17.662,118989
2013-07-15,17.835,118989
2013-07-16,17.586,118989
2013-07-17,17.48,118989
2013-07-18,17.67,118989
2013-07-19,17.593,118989
2013-07-22,17.578,118989
2013-07-23,17.59,118989
2013-07-24,17.291,118989
2013-07-25,17.182,118989
2013-07-26,16.995,118989
2013-07-29,16.843,118989
2013-07-30,16.584,118989
2013-07-31,16.536,118989
2013-08-01,16.42,118989
2013-08-02,16.326,118989
2013-08-05,16.294,118989
2013-08-06,15.967,118989
2013-08-07,16.042,118989
2013-08-08,16.176,118989
2013-08-12,16.398,118989
2013-08-13,16.605,118989
2013-08-14,16.717,118989
2013-08-16,16.304,118989
2013-08-19,15.99,118989
2013-08-20,15.915,118989
2013-08-21,15.775,118989
2013-08-22,15.792,118989
2013-08-23,15.918,118989
2013-08-26,15.97,118989
2013-08-27,15.672,118989
2013-08-28,15.507,118989
2013-08-29,15.699,118989
2013-08-30,15.817,118989
2013-09-02,16.012,118989
2013-09-03,15.736,118989
2013-09-04,15.97,118989
2013-09-05,16.258,118989
2013-09-06,16.299,118989
2013-09-10,16.533,118989
2013-09-11,16.762,118989
2013-09-12,16.692,118989
2013-09-13,16.734,118989
2013-09-16,16.644,118989
2013-09-17,16.582,118989
2013-09-18,16.736,118989
2013-09-19,17.077,118989
2013-09-20,16.935,118989
2013-09-23,16.712,118989
2013-09-24,16.801,118989
2013-09-25,16.861,118989
2013-09-26,16.84,118989
2013-09-27,16.812,118989
2013-09-30,16.712,118989
2013-10-01,16.871,118989
2013-10-03,17.145,118989
2013-10-04,17.234,118989
2013-10-07,17.379,118989
2013-10-08,17.395,118989
2013-10-09,17.63,118989
2013-10-10,17.751,118989
2013-10-11,17.815,118989
2013-10-14,17.858,118989
2013-10-15,17.669,118989
2013-10-17,17.601,118989
2013-10-18,17.776,118989
2013-10-21,17.947,118989
2013-10-22,18.043,118989
2013-10-23,18.019,118989
2013-10-24,18.046,118989
2013-10-25,17.97,118989
2013-10-28,17.877,118989
2013-10-29,18.12,118989
2013-10-30,18.173,118989
2013-10-31,18.396,118989
2013-11-01,18.672,118989
2013-11-05,18.94,118989
2013-11-06,18.901,118989
2013-11-07,18.703,118989
2013-11-08,18.699,118989
2013-11-11,18.636,118989
2013-11-12,18.533,118989
2013-11-13,18.459,118989
2013-11-14,18.693,118989
2013-11-18,18.838,118989
2013-11-19,18.908,118989
2013-11-20,18.834,118989
2013-11-21,18.648,118989
2013-11-22,18.667,118989
2013-11-25,18.919,118989
2013-11-26,18.941,118989
2013-11-27,18.985,118989
2013-11-28,19.107,118989
2013-11-29,19.304,118989
2013-12-02,19.443,118989
2013-12-03,19.495,118989
2013-12-04,19.453,118989
2013-12-05,19.524,118989
2013-12-06,19.674,118989
2013-12-09,19.818,118989
2013-12-10,19.814,118989
2013-12-11,19.81,118989
2013-12-12,19.804,118989
2013-12-13,19.59,118989
2013-12-16,19.732,118989
2013-12-17,19.787,118989
2013-12-18,19.976,118989
2013-12-19,19.948,118989
2013-12-20,20.222,118989
2013-12-23,20.365,118989
2013-12-24,20.426,118989
2013-12-26,20.453,118989
2013-12-27,20.506,118989
2013-12-30,20.433,118989
2013-12-31,20.534,118989
2014-01-01,20.607,118989
2014-01-02,20.307,118989
2014-01-03,20.363,118989
2014-01-06,20.436,118989
2014-01-07,20.375,118989
2014-01-08,20.54,118989
2014-01-09,20.407,118989
2014-01-10,20.306,118989
2014-01-13,20.28,118989
2014-01-14,20.2,118989
2014-01-15,20.266,118989
2014-01-16,20.315,118989
2014-01-17,20.072,118989
2014-01-20,20.304,118989
2014-01-21,20.364,118989
2014-01-22,20.439,118989
2014-01-23,20.444,118989
2014-01-24,20.24,118989
2014-01-27,19.831,118989
2014-01-28,19.891,118989
2014-01-29,19.878,118989
2014-01-30,19.722,118989
2014-01-31,20.044,118989
2014-02-03,20.005,118989
2014-02-04,20.062,118989
2014-02-05,20.104,118989
2014-02-06,19.965,118989
2014-02-07,20.148,118989
2014-02-10,20.188,118989
2014-02-11,20.328,118989
2014-02-12,20.431,118989
2014-02-13,20.228,118989
2014-02-14,20.339,118989
2014-02-17,20.302,118989
2014-02-18,20.457,118989
2014-02-19,20.564,118989
2014-02-20,20.625,118989
2014-02-21,20.845,118989
2014-02-24,21.012,118989
2014-02-25,21.072,118989
2014-02-26,21.055,118989
2014-02-28,21.191,118989
2014-03-03,21.201,118989
2014-03-04,21.388,118989
2014-03-05,21.574,118989
2014-03-06,21.783,118989
2014-03-07,21.708,118989
2014-03-10,21.718,118989
2014-03-11,21.635,118989
2014-03-12,21.568,118989
2014-03-13,21.468,118989
2014-03-14,21.482,118989
2014-03-18,21.638,118989
2014-03-19,21.699,118989
2014-03-20,21.7,118989
2014-03-21,21.891,118989
2014-03-24,21.93,118989
2014-03-25,21.995,118989
2014-03-26,22.065,118989
2014-03-27,22.246,118989
2014-03-28,22.516,118989
2014-03-31,22.636,118989
2014-04-01,22.653,118989
2014-04-02,23.078,118989
2014-04-03,23.052,118989
2014-04-04,23.048,118989
2014-04-07,22.972,118989
2014-04-09,23.355,118989
2014-04-10,23.456,118989
2014-04-11,23.498,118989
2014-04-15,23.379,118989
2014-04-16,23.189,118989
2014-04-17,23.515,118989
2014-04-21,23.722,118989
2014-04-22,23.763,118989
2014-04-23,23.829,118989
2014-04-25,23.827,118989
2014-04-28,23.878,118989
2014-04-29,23.872,118989
2014-04-30,23.668,118989
2014-05-02,23.8,118989
2014-05-05,23.828,118989
2014-05-06,23.897,118989
2014-05-07,23.771,118989
2014-05-08,23.805,118989
2014-05-09,24.092,118989
2014-05-12,24.188,118989
2014-05-13,24.491,118989
2014-05-14,24.726,118989
2014-05-15,24.559,118989
2014-05-16,24.902,118989
2014-05-19,25.536,118989
2014-05-20,25.905,118989
2014-05-21,26.144,118989
2014-05-22,26.591,118989
2014-05-23,26.906,118989
2014-05-26,26.555,118989
2014-05-27,26.462,118989
2014-05-28,26.437,118989
2014-05-29,26.497,118989
2014-05-30,26.612,118989
2014-06-02,27.124,118989
2014-06-03,27.271,118989
2014-06-04,27.559,118989
2014-06-05,27.824,118989
2014-06-06,28.306,118989
2014-06-09,28.642,118989
2014-06-10,28.712,118989
2014-06-11,28.54,118989
2014-06-12,28.673,118989
2014-06-13,28.159,118989
2014-06-16,28.348,118989
2014-06-17,28.726,118989
2014-06-18,28.752,118989
2014-06-19,28.572,118989
2014-06-20,28.404,118989
2014-06-23,28.58,118989
2014-06-24,28.948,118989
2014-06-25,29.026,118989
2014-06-26,28.866,118989
2014-06-27,28.962,118989
2014-06-30,29.453,118989
2014-07-01,29.509,118989
2014-07-02,29.873,118989
2014-07-03,29.884,118989
2014-07-04,29.997,118989
2014-07-07,30.037,118989
2014-07-08,29.069,118989
2014-07-09,28.764,118989
2014-07-10,28.72,118989
2014-07-11,28.15,118989
2014-07-14,28.134,118989
2014-07-15,28.591,118989
2014-07-16,28.96,118989
2014-07-17,29.32,118989
2014-07-18,29.294,118989
2014-07-21,29.35,118989
2014-07-22,29.406,118989
2014-07-23,29.442,118989
2014-07-24,29.344,118989
2014-07-25,29.148,118989
2014-07-28,29.073,118989
2014-07-30,29.181,118989
2014-07-31,29.262,118989
2014-08-01,29.138,118989
2014-08-04,29.408,118989
2014-08-05,29.65,118989
2014-08-06,29.52,118989
2014-08-07,29.509,118989
2014-08-08,29.018,118989
2014-08-11,29.369,118989
2014-08-12,29.478,118989
2014-08-13,29.184,118989
2014-08-14,29.502,118989
2014-08-18,30.171,118989
2014-08-19,30.345,118989
2014-08-20,30.393,118989
2014-08-21,30.732,118989
2014-08-22,30.92,118989
2014-08-25,30.701,118989
2014-08-26,30.763,118989
2014-08-27,31.073,118989
2014-08-28,30.993,118989
2014-09-01,31.411,118989
2014-09-02,31.556,118989
2014-09-03,31.878,118989
2014-09-04,31.762,118989
2014-09-05,31.929,118989
2014-09-08,32.378,118989
2014-09-09,32.373,118989
2014-09-10,32.322,118989
2014-09-11,32.767,118989
2014-09-12,33.147,118989
2014-09-15,33.079,118989
2014-09-16,32.157,118989
2014-09-17,32.173,118989
2014-09-18,32.676,118989
2014-09-19,32.715,118989
2014-09-22,32.848,118989
2014-09-23,32.162,118989
2014-09-24,31.868,118989
2014-09-25,31.34,118989
2014-09-26,31.738,118989
2014-09-29,32.02,118989
2014-09-30,32.187,118989
2014-10-01,32.248,118989
2014-10-07,31.821,118989
2014-10-08,31.714,118989
2014-10-09,32.243,118989
2014-10-10,31.877,118989
2014-10-13,31.952,118989
2014-10-14,31.894,118989
2014-10-16,31.196,118989
2014-10-17,31.358,118989
2014-10-20,31.665,118989
2014-10-21,31.916,118989
2014-10-22,32.306,118989
2014-10-27,32.463,118989
2014-10-28,32.577,118989
2014-10-29,32.647,118989
2014-10-30,32.838,118989
2014-10-31,33.245,118989
2014-11-03,33.512,118989
2014-11-05,33.64,118989
2014-11-07,33.937,118989
2014-11-10,33.867,118989
2014-11-11,34.125,118989
2014-11-12,34.524,118989
2014-11-13,34.449,118989
2014-11-14,34.546,118989
2014-11-17,35.015,118989
2014-11-18,35.164,118989
2014-11-19,35.064,118989
2014-11-20,35.062,118989
2014-11-21,35.14,118989
2014-11-24,35.2,118989
2014-11-25,34.901,118989
2014-11-26,34.878,118989
2014-11-27,34.975,118989
2014-11-28,35.426,118989
2014-12-01,35.43,118989
2014-12-02,35.699,118989
2014-12-03,36.169,118989
2014-12-04,36.368,118989
2014-12-05,36.348,118989
2014-12-08,35.885,118989
2014-12-09,35.375,118989
2014-12-10,35.623,118989
2014-12-11,35.491,118989
2014-12-12,35.294,118989
2014-12-15,35.116,118989
2014-12-16,34.304,118989
2014-12-17,34.179,118989
2014-12-18,35.007,118989
2014-12-19,35.327,118989
2014-12-22,35.579,118989
2014-12-23,35.425,118989
2014-12-24,35.426,118989
2014-12-26,35.631,118989
2014-12-29,35.884,118989
2014-12-30,36.196,118989
2014-12-31,36.519,118989
2015-01-01,36.658,118989
2015-01-02,36.96,118989
2015-01-05,36.879,118989
2015-01-06,35.921,118989
2015-01-07,35.866,118989
2015-01-08,36.454,118989
2015-01-09,36.694,118989
2015-01-12,36.847,118989
2015-01-13,36.902,118989
2015-01-14,37.008,118989
2015-01-15,37.319,118989
2015-01-16,37.254,118989
2015-01-19,37.381,118989
2015-01-20,37.6,118989
2015-01-21,37.655,118989
2015-01-22,37.694,118989
2015-01-23,37.742,118989
2015-01-27,37.945,118989
2015-01-28,38.188,118989
2015-01-29,38.031,118989
2015-01-30,37.665,118989
2015-02-02,37.766,118989
2015-02-03,37.569,118989
2015-02-04,37.403,118989
2015-02-05,37.011,118989
2015-02-06,36.543,118989
2015-02-09,36.086,118989
2015-02-10,36.305,118989
2015-02-11,36.75,118989
2015-02-12,37.078,118989
2015-02-13,37.303,118989
2015-02-16,37.33,118989
2015-02-18,37.527,118989
2015-02-19,37.433,118989
2015-02-20,37.48,118989
2015-02-23,37.187,118989
2015-02-24,37.047,118989
2015-02-25,36.96,118989
2015-02-26,36.631,118989
2015-02-27,37.226,118989
2015-03-02,38.065,118989
2015-03-03,38.343,118989
2015-03-04,38.079,118989
2015-03-05,38.414,118989
2015-03-09,38.044,118989
2015-03-10,38.028,118989
2015-03-11,38.116,118989
2015-03-12,38.501,118989
2015-03-13,38.037,118989
2015-03-16,37.918,118989
2015-03-17,38.194,118989
2015-03-18,38.266,118989
2015-03-19,37.876,118989
2015-03-20,37.444,118989
2015-03-23,37.233,118989
2015-03-24,37.046,118989
2015-03-25,36.877,118989
2015-03-26,36.548,118989
2015-03-27,36.666,118989
2015-03-30,37.201,118989
2015-03-31,37.275,118989
2015-04-01,37.759,118989
2015-04-06,38.168,118989
2015-04-07,38.401,118989
2015-04-08,38.661,118989
2015-04-09,38.961,118989
2015-04-10,39.082,118989
2015-04-13,39.295,118989
2015-04-15,39.181,118989
2015-04-16,39.038,118989
2015-04-17,38.471,118989
2015-04-20,37.812,118989
2015-04-21,37.574,118989
2015-04-22,37.694,118989
2015-04-23,37.64,118989
2015-04-24,36.958,118989
2015-04-27,36.025,118989
2015-04-28,36.477,118989
2015-04-29,36.717,118989
2015-04-30,36.712,118989
2015-05-04,37.315,118989
2015-05-05,37.503,118989
2015-05-06,36.51,118989
2015-05-07,35.92,118989
2015-05-08,36.344,118989
2015-05-11,36.873,118989
2015-05-12,36.441,118989
2015-05-13,36.804,118989
2015-05-14,37.222,118989
2015-05-15,37.482,118989
2015-05-18,37.73,118989
2015-05-19,37.835,118989
2015-05-20,37.871,118989
2015-05-21,37.84,118989
2015-05-22,37.975,118989
2015-05-25,38.005,118989
2015-05-26,37.946,118989
2015-05-27,37.946,118989
2015-05-28,37.844,118989
2015-05-29,38.147,118989
2015-06-01,38.184,118989
2015-06-02,37.492,118989
2015-06-03,37.141,118989
2015-06-04,37.225,118989
2015-06-05,37.237,118989
2015-06-08,36.857,118989
2015-06-09,36.803,118989
2015-06-10,37.128,118989
2015-06-11,36.678,118989
2015-06-12,36.649,118989
2015-06-15,36.565,118989
2015-06-16,36.621,118989
2015-06-17,37.074,118989
2015-06-18,37.357,118989
2015-06-19,37.507,118989
2015-06-22,38.075,118989
2015-06-23,38.325,118989
2015-06-24,38.058,118989
2015-06-25,38.047,118989
2015-06-26,38.079,118989
2015-06-29,37.44,118989
2015-06-30,37.654,118989
2015-07-01,38.114,118989
2015-07-02,38.243,118989
2015-07-03,38.308,118989
2015-07-06,38.548,118989
2015-07-07,38.71,118989
2015-07-08,38.138,118989
2015-07-09,38.041,118989
2015-07-10,38.13,118989
2015-07-13,38.561,118989
2015-07-14,38.835,118989
2015-07-15,38.864,118989
2015-07-16,39.327,118989
2015-07-17,39.365,118989
2015-07-20,39.332,118989
2015-07-21,38.761,118989
2015-07-22,38.967,118989
2015-07-23,39.123,118989
2015-07-24,39.002,118989
2015-07-27,38.549,118989
2015-07-28,38.57,118989
2015-07-29,38.96,118989
2015-07-30,39.333,118989
2015-07-31,39.732,118989
2015-08-03,40.084,118989
2015-08-04,40.341,118989
2015-08-05,40.564,118989
2015-08-06,40.711,118989
2015-08-07,40.713,118989
2015-08-10,40.658,118989
2015-08-11,40.401,118989
2015-08-12,39.713,118989
2015-08-13,39.597,118989
2015-08-14,40.298,118989
2015-08-17,40.653,118989
2015-08-18,40.795,118989
2015-08-19,40.835,118989
2015-08-20,40.082,118989
2015-08-21,39.919,118989
2015-08-24,37.184,118989
2015-08-25,37.67,118989
2015-08-26,37.537,118989
2015-08-27,38.25,118989
2015-08-28,38.318,118989
2015-08-31,38.273,118989
2015-09-01,37.544,118989
2015-09-02,37.499,118989
2015-09-03,37.85,118989
2015-09-04,37.176,118989
2015-09-07,36.545,118989
2015-09-08,36.774,118989
2015-09-09,37.23,118989
2015-09-10,37.197,118989
2015-09-11,37.342,118989
2015-09-14,37.648,118989
2015-09-15,37.493,118989
2015-09-16,37.483,118989
2015-09-18,37.646,118989
2015-09-21,37.923,118989
2015-09-22,37.539,118989
2015-09-23,37.728,118989
2015-09-24,37.883,118989
2015-09-28,37.818,118989
2015-09-29,37.772,118989
2015-09-30,38.117,118989
2015-10-01,38.091,118989
2015-10-05,38.666,118989
2015-10-06,38.663,118989
2015-10-07,38.533,118989
2015-10-08,38.339,118989
2015-10-09,38.309,118989
2015-10-12,38.296,118989
2015-10-13,38.38,118989
2015-10-14,38.414,118989
2015-10-15,38.642,118989
2015-10-16,38.796,118989
2015-10-19,39.046,118989
2015-10-20,39.199,118989
2015-10-21,39.019,118989
2015-10-23,38.916,118989
2015-10-26,38.808,118989
2015-10-27,38.877,118989
2015-10-28,38.652,118989
2015-10-29,38.442,118989
2015-10-30,38.239,118989
2015-11-02,38.287,118989
2015-11-03,38.392,118989
2015-11-04,38.332,118989
2015-11-05,37.783,118989
2015-11-06,37.661,118989
2015-11-09,37.979,118989
2015-11-10,37.544,118989
2015-11-13,37.662,118989
2015-11-16,37.74,118989
2015-11-17,37.91,118989
2015-11-18,37.63,118989
2015-11-19,37.997,118989
2015-11-20,38.17,118989
2015-11-23,38.128,118989
2015-11-24,38.132,118989
2015-11-26,38.147,118989
2015-11-27,38.442,118989
2015-11-30,38.509,118989
2015-12-01,38.617,118989
2015-12-02,38.517,118989
2015-12-03,38.327,118989
2015-12-04,38.269,118989
2015-12-07,38.303,118989
2015-12-08,37.956,118989
2015-12-09,37.469,118989
2015-12-10,37.61,118989
2015-12-11,37.379,118989
2015-12-14,37.38,118989
2015-12-15,37.565,118989
2015-12-16,37.582,118989
2015-12-17,37.995,118989
2015-12-18,38.001,118989
2015-12-21,38.443,118989
2015-12-22,38.274,118989
2015-12-23,38.609,118989
2015-12-24,38.678,118989
2015-12-28,38.991,118989
2015-12-29,38.931,118989
2015-12-30,38.921,118989
2015-12-31,39.011,118989
2016-01-01,39.268,118989
2016-01-04,38.68,118989
2016-01-05,38.724,118989
2016-01-06,38.659,118989
2016-01-07,37.797,118989
2016-01-08,38.12,118989
2016-01-11,37.862,118989
2016-01-12,37.633,118989
2016-01-13,37.273,118989
2016-01-14,36.991,118989
2016-01-15,36.14,118989
2016-01-18,35.192,118989
2016-01-19,35.643,118989
2016-01-20,34.924,118989
2016-01-21,35.16,118989
2016-01-22,35.814,118989
2016-01-25,35.958,118989
2016-01-27,36.178,118989
2016-01-28,36.0,118989
2016-01-29,36.497,118989
2016-02-01,36.465,118989
2016-02-02,36.118,118989
2016-02-03,35.693,118989
2016-02-04,35.654,118989
2016-02-05,36.25,118989
2016-02-08,36.128,118989
2016-02-09,35.638,118989
2016-02-10,35.156,118989
2016-02-11,33.984,118989
2016-02-12,33.537,118989
2016-02-15,34.527,118989
2016-02-16,33.886,118989
2016-02-17,34.15,118989
2016-02-18,34.216,118989
2016-02-19,34.163,118989
2016-02-22,34.251,118989
2016-02-23,33.794,118989
2016-02-24,33.468,118989
2016-02-25,33.135,118989
2016-02-26,33.14,118989
2016-02-29,33.218,118989
2016-03-01,34.15,118989
2016-03-02,34.809,118989
2016-03-03,35.112,118989
2016-03-04,35.458,118989
2016-03-08,35.26,118989
2016-03-09,35.307,118989
2016-03-10,35.256,118989
2016-03-11,35.287,118989
2016-03-14,35.475,118989
2016-03-15,35.34,118989
2016-03-16,35.39,118989
2016-03-17,35.614,118989
2016-03-18,35.995,118989
2016-03-21,36.462,118989
2016-03-22,36.593,118989
2016-03-23,36.674,118989
2016-03-28,36.331,118989
2016-03-29,36.371,118989
2016-03-30,36.842,118989
2016-03-31,37.114,118989
2016-04-01,37.243,118989
2016-04-04,37.307,118989
2016-04-05,36.842,118989
2016-04-06,36.905,118989
2016-04-07,36.889,118989
2016-04-08,37.003,118989
2016-04-11,37.314,118989
2016-04-12,37.61,118989
2016-04-13,38.03,118989
2016-04-18,38.281,118989
2016-04-20,38.393,118989
2016-04-21,38.443,118989
2016-04-22,38.469,118989
2016-04-25,38.268,118989
2016-04-26,38.462,118989
2016-04-27,38.476,118989
2016-04-28,38.226,118989
2016-04-29,38.23,118989
2016-05-02,38.451,118989
2016-05-03,38.316,118989
2016-05-04,38.071,118989
2016-05-05,37.947,118989
2016-05-06,38.031,118989
2016-05-09,38.488,118989
2016-05-10,38.538,118989
2016-05-11,38.652,118989
2016-05-12,38.855,118989
2016-05-13,38.88,118989
2016-05-16,38.704,118989
2016-05-17,38.817,118989
2016-05-18,38.867,118989
2016-05-19,38.481,118989
2016-05-20,38.338,118989
2016-05-23,38.258,118989
2016-05-24,38.174,118989
2016-05-25,38.598,118989
2016-05-26,38.808,118989
2016-05-27,39.191,118989
2016-05-30,39.303,118989
2016-05-31,39.334,118989
2016-06-01,39.376,118989
2016-06-02,39.711,118989
2016-06-03,39.644,118989
2016-06-06,39.677,118989
2016-06-07,39.863,118989
2016-06-08,40.082,118989
2016-06-09,39.985,118989
2016-06-10,39.861,118989
2016-06-13,39.671,118989
2016-06-14,39.854,118989
2016-06-15,40.134,118989
2016-06-16,39.982,118989
2016-06-17,40.026,118989
2016-06-20,40.181,118989
2016-06-21,40.208,118989
2016-06-22,40.073,118989
2016-06-23,40.289,118989
2016-06-24,39.845,118989
2016-06-27,40.213,118989
2016-06-28,40.384,118989
2016-06-29,40.8,118989
2016-06-30,41.278,118989
2016-07-01,41.614,118989
2016-07-04,41.927,118989
2016-07-05,41.87,118989
2016-07-07,41.774,118989
2016-07-08,41.842,118989
2016-07-11,42.239,118989
2016-07-12,42.215,118989
2016-07-13,42.127,118989
2016-07-14,42.579,118989
2016-07-15,42.446,118989
2016-07-18,42.224,118989
2016-07-19,42.261,118989
2016-07-20,42.717,118989
2016-07-21,42.624,118989
2016-07-22,42.828,118989
2016-07-25,43.389,118989
2016-07-26,43.337,118989
2016-07-27,43.637,118989
2016-07-28,43.805,118989
2016-07-29,43.912,118989
2016-08-01,44.083,118989
2016-08-02,43.936,118989
2016-08-03,43.401,118989
2016-08-04,43.694,118989
2016-08-05,44.344,118989
2016-08-08,44.695,118989
2016-08-09,44.528,118989
2016-08-10,44.11,118989
2016-08-11,44.122,118989
2016-08-12,44.492,118989
2016-08-16,44.78,118989
2016-08-17,45.043,118989
2016-08-18,45.397,118989
2016-08-19,45.671,118989
2016-08-22,45.374,118989
2016-08-23,45.257,118989
2016-08-24,45.695,118989
2016-08-25,45.636,118989
2016-08-26,45.701,118989
2016-08-29,45.923,118989
2016-08-30,46.419,118989
2016-08-31,46.611,118989
2016-09-01,46.287,118989
2016-09-02,46.398,118989
2016-09-06,47.115,118989
2016-09-07,47.248,118989
2016-09-08,47.387,118989
2016-09-09,47.061,118989
2016-09-12,46.021,118989
2016-09-14,46.435,118989
2016-09-15,46.525,118989
2016-09-16,46.457,118989
2016-09-19,46.66,118989
2016-09-20,46.466,118989
2016-09-21,46.449,118989
2016-09-22,46.907,118989
2016-09-23,46.88,118989
2016-09-26,46.734,118989
2016-09-27,46.78,118989
2016-09-28,47.299,118989
2016-09-29,46.01,118989
2016-09-30,46.708,118989
2016-10-03,47.553,118989
2016-10-04,48.013,118989
2016-10-05,48.23,118989
2016-10-06,48.028,118989
2016-10-07,47.877,118989
2016-10-10,47.736,118989
2016-10-13,47.144,118989
2016-10-14,47.603,118989
2016-10-17,47.198,118989
2016-10-18,47.706,118989
2016-10-19,47.883,118989
2016-10-20,47.979,118989
2016-10-21,48.177,118989
2016-10-24,48.244,118989
2016-10-25,48.336,118989
2016-10-26,47.851,118989
2016-10-27,47.32,118989
2016-10-28,47.672,118989
2016-11-01,47.864,118989
2016-11-02,47.178,118989
2016-11-03,46.567,118989
2016-11-04,45.955,118989
2016-11-07,46.341,118989
2016-11-08,46.414,118989
2016-11-09,45.882,118989
2016-11-10,46.766,118989
2016-11-11,45.462,118989
2016-11-15,44.151,118989
2016-11-16,44.285,118989
2016-11-17,44.231,118989
2016-11-18,44.467,118989
2016-11-21,43.219,118989
2016-11-22,43.698,118989
2016-11-23,43.795,118989
2016-11-24,43.505,118989
2016-11-25,44.198,118989
2016-11-28,44.396,118989
2016-11-29,44.525,118989
2016-11-30,45.081,118989
2016-12-01,44.884,118989
2016-12-02,44.365,118989
2016-12-05,44.475,118989
2016-12-06,44.577,118989
2016-12-07,44.46,118989
2016-12-08,44.954,118989
2016-12-09,45.09,118989
2016-12-12,44.589,118989
2016-12-13,44.69,118989
2016-12-14,44.325,118989
2016-12-15,44.246,118989
2016-12-16,44.221,118989
2016-12-19,44.073,118989
2016-12-20,43.655,118989
2016-12-21,43.508,118989
2016-12-22,42.97,118989
2016-12-23,42.853,118989
2016-12-26,42.157,118989
2016-12-27,42.815,118989
2016-12-28,43.064,118989
2016-12-29,43.438,118989
2016-12-30,43.845,118989
2017-01-02,43.982,118989
2017-01-03,44.349,118989
2017-01-04,44.363,118989
2017-01-05,44.816,118989
2017-01-06,44.72,118989
2017-01-09,44.892,118989
2017-01-10,45.045,118989
2017-01-11,45.633,118989
2017-01-12,45.589,118989
2017-01-13,45.613,118989
2017-01-16,45.724,118989
2017-01-17,45.824,118989
2017-01-18,46.038,118989
2017-01-19,46.141,118989
2017-01-20,45.685,118989
2017-01-23,45.923,118989
2017-01-24,46.288,118989
2017-01-25,46.864,118989
2017-01-27,47.149,118989
2017-01-30,46.972,118989
2017-01-31,46.57,118989
2017-02-01,47.332,118989
2017-02-02,47.815,118989
2017-02-03,48.281,118989
2017-02-06,48.616,118989
2017-02-07,48.529,118989
2017-02-08,48.624,118989
2017-02-09,48.707,118989
2017-02-10,48.745,118989
2017-02-13,48.526,118989
2017-02-14,48.304,118989
2017-02-15,47.798,118989
2017-02-16,48.383,118989
2017-02-17,48.358,118989
2017-02-20,48.709,118989
2017-02-21,48.947,118989
2017-02-22,48.641,118989
2017-02-23,48.683,118989
2017-02-27,48.722,118989
2017-02-28,48.848,118989
2017-03-01,49.016,118989
2017-03-02,48.564,118989
2017-03-03,48.682,118989
2017-03-06,48.796,118989
2017-03-07,48.876,118989
2017-03-08,48.752,118989
2017-03-09,48.628,118989
2017-03-10,48.572,118989
2017-03-14,49.01,118989
2017-03-15,49.341,118989
2017-03-16,49.841,118989
2017-03-17,49.936,118989
2017-03-20,50.076,118989
2017-03-21,49.933,118989
2017-03-22,49.446,118989
2017-03-23,49.82,118989
2017-03-24,49.974,118989
2017-03-27,50.032,118989
2017-03-28,50.266,118989
2017-03-29,50.58,118989
2017-03-30,51.016,118989
2017-03-31,51.463,118989
2017-04-03,51.751,118989
2017-04-05,52.041,118989
2017-04-06,51.908,118989
2017-04-07,51.739,118989
2017-04-10,52.03,118989
2017-04-11,52.578,118989
2017-04-12,52.434,118989
2017-04-13,52.277,118989
2017-04-17,52.443,118989
2017-04-18,52.213,118989
2017-04-19,52.254,118989
2017-04-20,52.425,118989
2017-04-21,52.391,118989
2017-04-24,52.802,118989
2017-04-25,53.256,118989
2017-04-26,53.326,118989
2017-04-27,53.333,118989
2017-04-28,53.653,118989
2017-05-02,53.777,118989
2017-05-03,53.772,118989
2017-05-04,54.102,118989
2017-05-05,53.76,118989
2017-05-08,54.006,118989
2017-05-09,54.038,118989
2017-05-10,54.468,118989
2017-05-11,54.425,118989
2017-05-12,54.084,118989
2017-05-15,54.38,118989
2017-05-16,54.618,118989
2017-05-17,54.297,118989
2017-05-18,53.476,118989
2017-05-19,52.947,118989
2017-05-22,52.412,118989
2017-05-23,51.704,118989
2017-05-24,51.427,118989
2017-05-25,52.178,118989
2017-05-26,52.977,118989
2017-05-29,52.257,118989
2017-05-30,52.617,118989
2017-05-31,52.93,118989
2017-06-01,53.419,118989
2017-06-02,53.65,118989
2017-06-05,53.961,118989
2017-06-06,53.676,118989
2017-06-07,53.775,118989
2017-06-08,53.937,118989
2017-06-09,54.026,118989
2017-06-12,53.694,118989
2017-06-13,53.865,118989
2017-06-14,54.093,118989
2017-06-15,54.307,118989
2017-06-16,54.304,118989
2017-06-19,54.383,118989
2017-06-20,54.381,118989
2017-06-21,54.304,118989
2017-06-22,54.068,118989
2017-06-23,53.51,118989
2017-06-27,52.781,118989
2017-06-28,52.79,118989
2017-06-29,53.0,118989
2017-06-30,53.604,118989
2017-07-03,54.145,118989
2017-07-04,53.916,118989
2017-07-05,54.212,118989
2017-07-06,54.516,118989
2017-07-07,54.695,118989
2017-07-10,55.132,118989
2017-07-11,54.782,118989
2017-07-12,55.025,118989
2017-07-13,55.451,118989
2017-07-14,55.486,118989
2017-07-17,55.339,118989
2017-07-18,55.007,118989
2017-07-19,55.539,118989
2017-07-20,55.477,118989
2017-07-21,55.552,118989
2017-07-24,55.488,118989
2017-07-25,55.72,118989
2017-07-26,55.778,118989
2017-07-27,55.662,118989
2017-07-28,55.895,118989
2017-07-31,56.092,118989
2017-08-01,56.124,118989
2017-08-02,56.027,118989
2017-08-03,55.424,118989
2017-08-04,55.501,118989
2017-08-07,56.02,118989
2017-08-08,55.55,118989
2017-08-09,54.615,118989
2017-08-10,53.356,118989
2017-08-11,53.256,118989
2017-08-14,54.498,118989
2017-08-16,54.939,118989
2017-08-17,55.097,118989
2017-08-18,54.668,118989
2017-08-21,54.106,118989
2017-08-22,53.929,118989
2017-08-23,54.399,118989
2017-08-24,54.477,118989
2017-08-28,54.895,118989
2017-08-29,54.409,118989
2017-08-30,54.866,118989
2017-08-31,55.112,118989
2017-09-01,55.534,118989
2017-09-04,55.081,118989
2017-09-05,55.416,118989
2017-09-06,55.351,118989
2017-09-07,55.55,118989
2017-09-08,55.381,118989
2017-09-11,55.838,118989
2017-09-12,56.547,118989
2017-09-13,56.287,118989
2017-09-14,56.581,118989
2017-09-15,56.756,118989
2017-09-18,57.012,118989
2017-09-19,57.068,118989
2017-09-20,57.017,118989
2017-09-21,56.989,118989
2017-09-22,55.677,118989
2017-09-25,55.086,118989
2017-09-26,55.396,118989
2017-09-27,54.433,118989
2017-09-28,54.674,118989
2017-09-29,55.176,118989
2017-10-03,55.393,118989
2017-10-04,55.485,118989
2017-10-05,55.414,118989
2017-10-06,56.091,118989
2017-10-09,56.116,118989
2017-10-10,56.547,118989
2017-10-11,56.209,118989
2017-10-12,56.711,118989
2017-10-13,56.76,118989
2017-10-16,56.921,118989
2017-10-17,57.201,118989
2017-10-18,57.005,118989
2017-10-23,56.938,118989
2017-10-24,57.041,118989
2017-10-25,57.509,118989
2017-10-26,57.76,118989
2017-10-27,57.799,118989
2017-10-30,58.445,118989
2017-10-31,58.514,118989
2017-11-01,58.904,118989
2017-11-02,59.433,118989
2017-11-03,59.487,118989
2017-11-06,59.519,118989
2017-11-07,58.988,118989
2017-11-08,58.763,118989
2017-11-09,59.276,118989
2017-11-10,59.258,118989
2017-11-13,59.097,118989
2017-11-14,58.862,118989
2017-11-15,58.314,118989
2017-11-16,58.988,118989
2017-11-17,59.239,118989
2017-11-20,59.547,118989
2017-11-21,59.862,118989
2017-11-22,59.868,118989
2017-11-23,59.917,118989
2017-11-24,60.128,118989
2017-11-27,60.281,118989
2017-11-28,60.127,118989
2017-11-29,60.08,118989
2017-11-30,59.875,118989
2017-12-01,59.375,118989
2017-12-04,59.101,118989
2017-12-05,59.395,118989
2017-12-06,58.935,118989
2017-12-07,59.565,118989
2017-12-08,60.079,118989
2017-12-11,60.155,118989
2017-12-12,59.753,118989
2017-12-13,59.443,118989
2017-12-14,59.364,118989
2017-12-15,60.196,118989
2017-12-18,60.621,118989
2017-12-19,61.189,118989
2017-12-20,61.399,118989
2017-12-21,61.809,118989
2017-12-22,62.172,118989
2017-12-26,62.58,118989
2017-12-27,62.349,118989
2017-12-28,62.388,118989
2017-12-29,62.724,118989
2018-01-01,62.702,118989
2018-01-02,62.211,118989
2018-01-03,62.478,118989
2018-01-04,62.986,118989
2018-01-05,63.669,118989
2018-01-08,64.014,118989
2018-01-09,63.934,118989
2018-01-10,63.748,118989
2018-01-11,63.824,118989
2018-01-12,63.812,118989
2018-01-15,63.814,118989
2018-01-16,62.88,118989
2018-01-17,63.109,118989
2018-01-18,62.11,118989
2018-01-19,62.686,118989
2018-01-22,62.97,118989
2018-01-23,63.367,118989
2018-01-24,63.425,118989
2018-01-25,62.716,118989
2018-01-29,61.992,118989
2018-01-30,61.687,118989
2018-01-31,61.111,118989
2018-02-01,61.076,118989
2018-02-02,59.106,118989
2018-02-05,58.9,118989
2018-02-06,58.175,118989
2018-02-07,58.668,118989
2018-02-08,59.397,118989
2018-02-09,59.466,118989
2018-02-12,60.259,118989
2018-02-14,60.231,118989
2018-02-15,59.82,118989
2018-02-16,59.42,118989
2018-02-19,58.746,118989
2018-02-20,58.618,118989
2018-02-21,58.781,118989
2018-02-22,58.562,118989
2018-02-23,59.309,118989
2018-02-26,59.629,118989
2018-02-27,59.397,118989
2018-02-28,59.549,118989
2018-03-01,59.399,118989
2018-03-05,59.025,118989
2018-03-06,58.494,118989
2018-03-07,57.883,118989
2018-03-08,58.367,118989
2018-03-09,58.366,118989
2018-03-12,58.625,118989
2018-03-13,59.192,118989
2018-03-14,59.15,118989
2018-03-15,59.305,118989
2018-03-16,58.707,118989
2018-03-19,57.749,118989
2018-03-20,57.926,118989
2018-03-21,57.977,118989
2018-03-22,57.776,118989
2018-03-23,57.068,118989
2018-03-26,57.676,118989
2018-03-27,58.189,118989
2018-03-28,57.893,118989
2018-04-02,59.097,118989
2018-04-03,59.936,118989
2018-04-04,59.348,118989
2018-04-05,60.311,118989
2018-04-06,60.656,118989
2018-04-09,60.917,118989
2018-04-10,60.896,118989
2018-04-11,61.138,118989
2018-04-12,60.969,118989
2018-04-13,61.145,118989
2018-04-16,61.448,118989
2018-04-17,61.641,118989
2018-04-18,61.523,118989
2018-04-19,61.791,118989
2018-04-20,61.701,118989
2018-04-23,62.174,118989
2018-04-24,61.954,118989
2018-04-25,61.771,118989
2018-04-26,61.961,118989
2018-04-27,62.439,118989
2018-04-30,63.019,118989
2018-05-02,62.208,118989
2018-05-03,61.914,118989
2018-05-04,61.56,118989
2018-05-07,61.915,118989
2018-05-08,62.144,118989
2018-05-09,61.661,118989
2018-05-10,60.917,118989
2018-05-11,61.141,118989
2018-05-14,60.874,118989
2018-05-15,60.544,118989
2018-05-16,60.565,118989
2018-05-17,60.717,118989
2018-05-18,59.962,118989
2018-05-21,58.954,118989
2018-05-22,59.222,118989
2018-05-23,58.817,118989
2018-05-24,58.634,118989
2018-05-25,59.304,118989
2018-05-28,60.031,118989
2018-05-29,59.874,118989
2018-05-30,59.711,118989
2018-05-31,59.811,118989
2018-06-01,59.21,118989
2018-06-04,58.726,118989
2018-06-05,57.753,118989
2018-06-06,58.37,118989
2018-06-07,59.142,118989
2018-06-08,59.354,118989
2018-06-11,59.457,118989
2018-06-12,59.892,118989
2018-06-13,59.78,118989
2018-06-14,59.793,118989
2018-06-15,59.506,118989
2018-06-18,59.212,118989
2018-06-19,58.789,118989
2018-06-20,58.939,118989
2018-06-21,58.644,118989
2018-06-22,58.683,118989
2018-06-25,58.439,118989
2018-06-26,58.269,118989
2018-06-27,57.603,118989
2018-06-28,56.498,118989
2018-06-29,57.404,118989
2018-07-02,57.419,118989
2018-07-03,57.829,118989
2018-07-04,57.907,118989
2018-07-05,57.587,118989
2018-07-06,57.935,118989
2018-07-09,58.877,118989
2018-07-10,59.358,118989
2018-07-11,59.433,118989
2018-07-12,59.411,118989
2018-07-13,58.857,118989
2018-07-16,57.744,118989
2018-07-17,58.601,118989
2018-07-18,57.99,118989
2018-07-19,57.518,118989
2018-07-20,57.945,118989
2018-07-23,58.506,118989
2018-07-24,59.273,118989
2018-07-25,59.094,118989
2018-07-26,59.52,118989
2018-07-27,59.746,118989
2018-07-30,59.841,118989
2018-07-31,60.102,118989
2018-08-01,60.276,118989
2018-08-02,60.223,118989
2018-08-03,60.907,118989
2018-08-06,60.941,118989
2018-08-07,60.701,118989
2018-08-08,60.784,118989
2018-08-09,60.675,118989
2018-08-10,60.384,118989
2018-08-13,60.071,118989
2018-08-14,60.704,118989
2018-08-16,60.744,118989
2018-08-17,61.257,118989
2018-08-20,61.372,118989
2018-08-21,61.725,118989
2018-08-23,61.662,118989
2018-08-24,61.341,118989
2018-08-27,61.569,118989
2018-08-28,61.6,118989
2018-08-29,61.646,118989
2018-08-30,61.921,118989
2018-08-31,62.014,118989
2018-09-03,61.495,118989
2018-09-04,60.2,118989
2018-09-05,59.893,118989
2018-09-06,60.183,118989
2018-09-07,60.57,118989
2018-09-10,59.99,118989
2018-09-11,59.201,118989
2018-09-12,59.348,118989
2018-09-14,60.056,118989
2018-09-17,59.712,118989
2018-09-18,58.836,118989
2018-09-19,58.36,118989
2018-09-21,57.561,118989
2018-09-24,56.362,118989
2018-09-25,56.162,118989
2018-09-26,56.218,118989
2018-09-27,55.185,118989
2018-09-28,54.507,118989
2018-10-01,54.627,118989
2018-10-03,54.184,118989
2018-10-04,53.174,118989
2018-10-05,52.111,118989
2018-10-08,51.352,118989
2018-10-09,51.018,118989
2018-10-10,52.906,118989
2018-10-11,51.984,118989
2018-10-12,53.052,118989
2018-10-15,53.326,118989
2018-10-16,53.924,118989
2018-10-17,52.922,118989
2018-10-19,52.545,118989
2018-10-22,52.036,118989
2018-10-23,51.494,118989
2018-10-24,52.023,118989
2018-10-25,51.923,118989
2018-10-26,51.879,118989
2018-10-29,52.925,118989
2018-10-30,53.245,118989
2018-10-31,54.022,118989
2018-11-01,54.399,118989
2018-11-02,54.428,118989
2018-11-05,54.046,118989
2018-11-06,53.77,118989
2018-11-09,54.413,118989
2018-11-12,53.996,118989
2018-11-13,54.122,118989
2018-11-14,54.1,118989
2018-11-15,54.302,118989
2018-11-16,54.248,118989
2018-11-19,54.493,118989
2018-11-20,54.064,118989
2018-11-21,54.181,118989
2018-11-22,54.059,118989
2018-11-26,54.106,118989
2018-11-27,54.52,118989
2018-11-28,54.223,118989
2018-11-29,54.569,118989
2018-11-30,54.804,118989
2018-12-03,54.836,118989
2018-12-04,54.908,118989
2018-12-05,54.566,118989
2018-12-06,53.887,118989
2018-12-07,53.964,118989
2018-12-10,53.07,118989
2018-12-11,53.825,118989
2018-12-12,54.992,118989
2018-12-13,55.267,118989
2018-12-14,55.319,118989
2018-12-17,55.52,118989
2018-12-18,55.602,118989
2018-12-19,56.254,118989
2018-12-20,56.078,118989
2018-12-21,55.529,118989
2018-12-24,55.213,118989
2018-12-26,55.159,118989
2018-12-27,55.42,118989
2018-12-28,55.991,118989
2018-12-31,56.328,118989
2019-01-01,56.381,118989
2019-01-02,55.825,118989
2019-01-03,55.489,118989
2019-01-04,55.657,118989
2019-01-07,55.674,118989
2019-01-08,55.534,118989
2019-01-09,55.601,118989
2019-01-10,55.839,118989
2019-01-11,55.683,118989
2019-01-14,55.604,118989
2019-01-15,55.654,118989
2019-01-16,55.588,118989
2019-01-17,55.434,118989
2019-01-18,55.285,118989
2019-01-21,55.068,118989
2019-01-22,54.974,118989
2019-01-23,54.743,118989
2019-01-24,54.641,118989
2019-01-25,53.992,118989
2019-01-28,53.4,118989
2019-01-29,53.4,118989
2019-01-30,53.735,118989
2019-01-31,53.918,118989
2019-02-01,54.104,118989
2019-02-04,53.909,118989
2019-02-05,53.654,118989
2019-02-06,53.52,118989
2019-02-07,53.822,118989
2019-02-08,53.216,118989
2019-02-11,52.729,118989
2019-02-12,52.62,118989
2019-02-13,52.567,118989
2019-02-14,52.518,118989
2019-02-15,52.317,118989
2019-02-18,51.843,118989
2019-02-19,51.964,118989
2019-02-20,52.336,118989
2019-02-21,52.759,118989
2019-02-22,52.922,118989
2019-02-25,53.269,118989
2019-02-26,53.273,118989
2019-02-27,53.396,118989
2019-02-28,53.776,118989
2019-03-01,54.528,118989
2019-03-05,55.716,118989
2019-03-06,56.093,118989
2019-03-07,56.005,118989
2019-03-08,55.839,118989
2019-03-11,56.778,118989
2019-03-12,57.362,118989
2019-03-13,57.216,118989
2019-03-14,57.187,118989
2019-03-15,57.654,118989
2019-03-18,57.533,118989
2019-03-19,57.805,118989
2019-03-20,57.681,118989
2019-03-22,57.337,118989
2019-03-25,57.091,118989
2019-03-26,57.726,118989
2019-03-27,58.28,118989
2019-03-28,58.779,118989
2019-03-29,59.405,118989
2019-04-01,59.492,118989
2019-04-02,59.482,118989
2019-04-03,58.951,118989
2019-04-04,58.881,118989
2019-04-05,59.131,118989
2019-04-08,58.794,118989
2019-04-09,58.738,118989
2019-04-10,58.834,118989
2019-04-11,58.698,118989
2019-04-12,58.627,118989
2019-04-15,58.833,118989
2019-04-16,58.913,118989
2019-04-18,58.637,118989
2019-04-22,57.967,118989
2019-04-23,58.09,118989
2019-04-24,58.225,118989
2019-04-25,57.95,118989
2019-04-26,57.906,118989
2019-04-30,57.569,118989
2019-05-02,56.993,118989
2019-05-03,56.967,118989
2019-05-06,56.632,118989
2019-05-07,56.405,118989
2019-05-08,55.846,118989
2019-05-09,55.819,118989
2019-05-10,55.946,118989
2019-05-13,54.983,118989
2019-05-14,55.135,118989
2019-05-15,54.712,118989
2019-05-16,54.806,118989
2019-05-17,55.175,118989
2019-05-20,56.582,118989
2019-05-21,56.48,118989
2019-05-22,56.487,118989
2019-05-23,56.569,118989
2019-05-24,57.602,118989
2019-05-27,58.347,118989
2019-05-28,58.369,118989
2019-05-29,57.943,118989
2019-05-30,58.298,118989
2019-05-31,58.467,118989
2019-06-03,58.675,118989
2019-06-04,58.563,118989
2019-06-06,57.722,118989
2019-06-07,57.772,118989
2019-06-10,57.749,118989
2019-06-11,58.043,118989
2019-06-12,57.642,118989
2019-06-13,57.271,118989
2019-06-14,56.959,118989
2019-06-17,56.531,118989
2019-06-18,56.548,118989
2019-06-19,56.27,118989
2019-06-20,56.749,118989
2019-06-21,56.72,118989
2019-06-24,56.593,118989
2019-06-25,57.009,118989
2019-06-26,57.327,118989
2019-06-27,57.442,118989
2019-06-28,57.43,118989
2019-07-01,57.621,118989
2019-07-02,57.587,118989
2019-07-03,57.583,118989
2019-07-04,57.479,118989
2019-07-05,56.826,118989
2019-07-08,55.792,118989
2019-07-09,55.692,118989
2019-07-10,55.424,118989
2019-07-11,55.698,118989
2019-07-12,56.031,118989
2019-07-15,55.56,118989
2019-07-16,55.752,118989
2019-07-17,55.635,118989
2019-07-18,55.164,118989
2019-07-19,54.081,118989
2019-07-22,53.715,118989
2019-07-23,53.712,118989
2019-07-24,53.329,118989
2019-07-25,53.425,118989
2019-07-26,53.334,118989
2019-07-29,52.866,118989
2019-07-30,52.236,118989
2019-07-31,52.727,118989
2019-08-01,52.446,118989
2019-08-02,52.477,118989
2019-08-05,51.787,118989
2019-08-06,52.431,118989
2019-08-07,52.343,118989
2019-08-08,52.807,118989
2019-08-09,52.999,118989
2019-08-13,52.161,118989
2019-08-14,52.378,118989
2019-08-16,52.219,118989
2019-08-19,52.441,118989
2019-08-20,52.218,118989
2019-08-21,51.567,118989
2019-08-22,51.065,118989
2019-08-23,51.517,118989
2019-08-26,52.211,118989
2019-08-27,52.582,118989
2019-08-28,52.174,118989
2019-08-29,52.019,118989
2019-08-30,52.423,118989
2019-09-03,51.77,118989
2019-09-04,51.785,118989
2019-09-05,52.002,118989
2019-09-06,52.426,118989
2019-09-09,52.667,118989
2019-09-11,52.963,118989
2019-09-12,52.953,118989
2019-09-13,53.124,118989
2019-09-16,52.989,118989
2019-09-17,52.12,118989
2019-09-18,52.403,118989
2019-09-19,51.794,118989
2019-09-20,54.484,118989
2019-09-23,55.813,118989
2019-09-24,55.813,118989
2019-09-25,55.144,118989
2019-09-26,55.458,118989
2019-09-27,55.189,118989
2019-09-30,54.687,118989
2019-10-01,53.604,118989
2019-10-03,53.497,118989
2019-10-04,53.13,118989
2019-10-07,52.907,118989
2019-10-09,53.326,118989
2019-10-10,52.875,118989
2019-10-11,52.916,118989
2019-10-14,53.166,118989
2019-10-15,53.15,118989
2019-10-16,53.124,118989
2019-10-17,53.837,118989
2019-10-18,54.715,118989
2019-10-22,54.814,118989
2019-10-23,54.859,118989
2019-10-24,54.714,118989
2019-10-25,54.567,118989
2019-10-29,55.394,118989
2019-10-30,55.435,118989
2019-10-31,55.957,118989
2019-11-01,56.18,118989
2019-11-04,56.05,118989
2019-11-05,55.526,118989
2019-11-06,55.213,118989
2019-11-07,55.585,118989
2019-11-08,55.364,118989
2019-11-11,55.49,118989
2019-11-13,55.222,118989
2019-11-14,55.371,118989
2019-11-15,55.863,118989
2019-11-18,56.171,118989
2019-11-19,56.178,118989
2019-11-20,56.311,118989
2019-11-21,55.989,118989
2019-11-22,55.972,118989
2019-11-25,56.317,118989
2019-11-26,55.837,118989
2019-11-27,56.148,118989
2019-11-28,56.639,118989
2019-11-29,56.65,118989
2019-12-02,56.402,118989
2019-12-03,56.087,118989
2019-12-04,56.263,118989
2019-12-05,56.284,118989
2019-12-06,55.669,118989
2019-12-09,55.629,118989
2019-12-10,55.116,118989
2019-12-11,55.34,118989
2019-12-12,55.723,118989
2019-12-13,56.117,118989
2019-12-16,55.894,118989
2019-12-17,56.0,118989
2019-12-18,55.888,118989
2019-12-19,55.886,118989
2019-12-20,55.855,118989
2019-12-23,55.855,118989
2019-12-24,55.942,118989
2019-12-26,56.137,118989
2019-12-27,56.729,118989
2019-12-30,56.87,118989
2019-12-31,56.847,118989
2020-01-01,56.894,118989
2020-01-02,57.51,118989
2020-01-03,57.333,118989
2020-01-06,56.337,118989
2020-01-07,56.633,118989
2020-01-08,56.553,118989
2020-01-09,57.422,118989
2020-01-10,57.528,118989
2020-01-13,57.812,118989
2020-01-14,58.229,118989
2020-01-15,58.71,118989
2020-01-16,59.152,118989
2020-01-17,59.632,118989
2020-01-20,59.216,118989
2020-01-21,59.235,118989
2020-01-22,59.08,118989
2020-01-23,59.474,118989
2020-01-24,59.735,118989
2020-01-27,59.753,118989
2020-01-28,59.762,118989
2020-01-29,59.985,118989
2020-01-30,59.768,118989
2020-01-31,59.557,118989
2020-02-03,58.479,118989
2020-02-04,59.035,118989
2020-02-05,59.477,118989
2020-02-06,59.682,118989
2020-02-07,60.241,118989
2020-02-10,59.928,118989
2020-02-11,59.851,118989
2020-02-12,59.867,118989
2020-02-13,59.901,118989
2020-02-14,59.919,118989
2020-02-17,59.595,118989
2020-02-18,59.342,118989
2020-02-19,60.276,118989
2020-02-20,60.969,118989
2020-02-24,60.153,118989
2020-02-25,59.845,118989
2020-02-26,59.281,118989
2020-02-27,58.951,118989
2020-02-28,57.395,118989
2020-03-02,57.042,118989
2020-03-03,57.825,118989
2020-03-04,56.837,118989
2020-03-05,56.956,118989
2020-03-06,55.836,118989
2020-03-09,53.938,118989
2020-03-11,53.525,118989
2020-03-12,49.758,118989
2020-03-13,50.786,118989
2020-03-16,47.965,118989
2020-03-17,46.895,118989
2020-03-18,44.579,118989
2020-03-19,42.913,118989
2020-03-20,44.46,118989
2020-03-23,38.72,118989
2020-03-24,39.075,118989
2020-03-25,40.119,118989
2020-03-26,41.319,118989
2020-03-27,41.446,118989
2020-03-30,40.439,118989
2020-03-31,41.453,118989
2020-04-01,40.645,118989
2020-04-03,39.823,118989
2020-04-07,41.318,118989
2020-04-08,42.0,118989
2020-04-09,43.406,118989
2020-04-13,42.995,118989
2020-04-15,43.747,118989
2020-04-16,44.334,118989
2020-04-17,45.464,118989
2020-04-20,45.502,118989
2020-04-21,44.36,118989
2020-04-22,44.61,118989
2020-04-23,45.021,118989
2020-04-24,44.241,118989
2020-04-27,45.102,118989
2020-04-28,45.538,118989
2020-04-29,46.109,118989
2020-04-30,46.678,118989
2020-05-04,44.876,118989
2020-05-05,44.625,118989
2020-05-06,44.764,118989
2020-05-07,44.561,118989
2020-05-08,44.345,118989
2020-05-11,44.532,118989
2020-05-12,44.364,118989
2020-05-13,45.135,118989
2020-05-14,44.765,118989
2020-05-15,44.752,118989
2020-05-18,43.277,118989
2020-05-19,43.21,118989
2020-05-20,43.977,118989
2020-05-21,44.263,118989
2020-05-22,44.094,118989
2020-05-26,44.331,118989
2020-05-27,44.59,118989
2020-05-28,45.191,118989
2020-05-29,45.774,118989
2020-06-01,47.42,118989
2020-06-02,47.877,118989
2020-06-03,48.102,118989
2020-06-04,47.624,118989
2020-06-05,48.564,118989
2020-06-08,48.694,118989
2020-06-09,48.324,118989
2020-06-10,48.928,118989
2020-06-11,48.215,118989
2020-06-12,48.264,118989
2020-06-15,47.78,118989
2020-06-16,48.065,118989
2020-06-17,48.48,118989
2020-06-18,49.047,118989
2020-06-19,49.762,118989
2020-06-22,50.632,118989
2020-06-23,51.311,118989
2020-06-24,50.834,118989
2020-06-25,51.301,118989
2020-06-26,51.505,118989
2020-06-29,50.893,118989
2020-06-30,50.749,118989
2020-07-01,50.754,118989
2020-07-02,51.127,118989
2020-07-03,51.403,118989
2020-07-06,52.041,118989
2020-07-07,52.164,118989
2020-07-08,51.904,118989
2020-07-09,52.066,118989
2020-07-10,51.834,118989
2020-07-13,51.64,118989
2020-07-14,51.306,118989
2020-07-15,51.274,118989
2020-07-16,51.566,118989
2020-07-17,52.112,118989
2020-07-20,52.384,118989
2020-07-21,52.303,118989
2020-07-22,52.246,118989
2020-07-23,52.687,118989
2020-07-24,52.381,118989
2020-07-27,51.872,118989
2020-07-28,52.098,118989
2020-07-29,52.38,118989
2020-07-30,52.372,118989
2020-07-31,52.797,118989
2020-08-03,52.735,118989
2020-08-04,53.376,118989
2020-08-05,53.583,118989
2020-08-06,54.289,118989
2020-08-07,54.743,118989
2020-08-10,55.508,118989
2020-08-11,55.177,118989
2020-08-12,55.443,118989
2020-08-13,56.096,118989
2020-08-14,55.66,118989
2020-08-17,55.919,118989
2020-08-18,56.732,118989
2020-08-19,57.273,118989
2020-08-20,57.843,118989
2020-08-21,58.393,118989
2020-08-24,59.012,118989
2020-08-25,59.282,118989
2020-08-26,59.454,118989
2020-08-27,59.769,118989
2020-08-28,59.804,118989
2020-08-31,57.488,118989
2020-09-01,57.955,118989
2020-09-02,58.432,118989
2020-09-03,58.677,118989
2020-09-04,57.894,118989
2020-09-07,57.427,118989
2020-09-08,56.657,118989
2020-09-09,56.357,118989
2020-09-10,57.008,118989
2020-09-11,57.121,118989
2020-09-14,58.997,118989
2020-09-15,59.763,118989
2020-09-16,60.079,118989
2020-09-17,59.736,118989
2020-09-18,59.466,118989
2020-09-21,57.439,118989
2020-09-22,56.631,118989
2020-09-23,56.513,118989
2020-09-24,55.333,118989
2020-09-25,56.375,118989
2020-09-28,57.739,118989
2020-09-29,57.908,118989
2020-09-30,58.082,118989
2020-10-01,58.623,118989
2020-10-05,58.492,118989
2020-10-06,58.691,118989
2020-10-07,58.347,118989
2020-10-08,58.421,118989
2020-10-09,58.126,118989
2020-10-12,57.995,118989
2020-10-13,57.611,118989
2020-10-14,57.584,118989
2020-10-15,56.819,118989
2020-10-16,57.472,118989
2020-10-19,57.3,118989
2020-10-20,57.374,118989
2020-10-21,57.595,118989
2020-10-22,58.004,118989
2020-10-23,58.354,118989
2020-10-26,57.577,118989
2020-10-27,58.366,118989
2020-10-28,58.078,118989
2020-10-29,57.89,118989
2020-10-30,58.195,118989
2020-11-02,58.269,118989
2020-11-03,58.691,118989
2020-11-04,59.186,118989
2020-11-05,60.255,118989
2020-11-06,60.576,118989
2020-11-09,61.229,118989
2020-11-10,60.859,118989
2020-11-11,61.0,118989
2020-11-12,61.789,118989
2020-11-13,62.244,118989
2020-11-17,63.131,118989
2020-11-18,63.936,118989
2020-11-19,63.797,118989
2020-11-20,64.297,118989
2020-11-23,64.994,118989
2020-11-24,65.568,118989
2020-11-25,64.506,118989
2020-11-26,64.702,118989
2020-11-27,66.276,118989
2020-12-01,66.821,118989
2020-12-02,67.419,118989
2020-12-03,67.628,118989
2020-12-04,68.115,118989
2020-12-07,68.631,118989
2020-12-08,68.438,118989
2020-12-09,68.706,118989
2020-12-10,68.306,118989
2020-12-11,68.528,118989
2020-12-14,68.889,118989
2020-12-15,69.106,118989
2020-12-16,69.664,118989
2020-12-17,69.456,118989
2020-12-18,69.459,118989
2020-12-21,66.73,118989
2020-12-22,67.046,118989
2020-12-23,68.498,118989
2020-12-24,68.702,118989
2020-12-28,69.42,118989
2020-12-29,69.378,118989
2020-12-30,69.492,118989
2020-12-31,69.685,118989
2021-01-01,70.467,118989
2021-01-04,71.773,118989
2021-01-05,72.291,118989
2021-01-06,72.085,118989
2021-01-07,72.311,118989
2021-01-08,72.888,118989
2021-01-11,72.901,118989
2021-01-12,73.114,118989
2021-01-13,72.719,118989
2021-01-14,72.931,118989
2021-01-15,71.988,118989
2021-01-18,70.824,118989
2021-01-19,72.125,118989
2021-01-20,72.736,118989
2021-01-21,72.369,118989
2021-01-22,71.742,118989
2021-01-25,71.067,118989
2021-01-27,70.325,118989
2021-01-28,69.914,118989
2021-01-29,69.421,118989
2021-02-01,71.393,118989
2021-02-02,72.757,118989
2021-02-03,74.116,118989
2021-02-04,74.977,118989
2021-02-05,74.63,118989
2021-02-08,75.795,118989
2021-02-09,75.316,118989
2021-02-10,75.724,118989
2021-02-11,76.211,118989
2021-02-12,76.146,118989
2021-02-15,77.316,118989
2021-02-16,77.548,118989
2021-02-17,77.7,118989
2021-02-18,77.853,118989
2021-02-19,77.186,118989
2021-02-22,76.291,118989
2021-02-23,76.696,118989
2021-02-24,77.278,118989
2021-02-25,78.267,118989
2021-02-26,77.585,118989
2021-03-01,78.736,118989
2021-03-02,79.827,118989
2021-03-03,80.789,118989
2021-03-04,80.996,118989
2021-03-05,79.619,118989
2021-03-08,79.8,118989
2021-03-09,79.504,118989
2021-03-10,80.125,118989
2021-03-12,80.109,118989
2021-03-15,79.685,118989
2021-03-16,79.828,118989
2021-03-17,78.331,118989
2021-03-18,77.09,118989
2021-03-19,77.635,118989
2021-03-22,78.04,118989
2021-03-23,78.066,118989
2021-03-24,76.813,118989
2021-03-25,75.79,118989
2021-03-26,77.011,118989
2021-03-30,77.938,118989
2021-03-31,78.529,118989
2021-04-01,79.542,118989
2021-04-05,78.094,118989
2021-04-06,78.613,118989
2021-04-07,79.943,118989
2021-04-08,80.217,118989
2021-04-09,80.286,118989
2021-04-12,76.684,118989
2021-04-13,77.909,118989
2021-04-15,77.682,118989
2021-04-16,78.332,118989
2021-04-19,76.95,118989
2021-04-20,77.342,118989
2021-04-22,77.47,118989
2021-04-23,77.858,118989
2021-04-26,78.56,118989
2021-04-27,79.569,118989
2021-04-28,80.327,118989
2021-04-29,80.397,118989
2021-04-30,80.293,118989
2021-05-03,80.485,118989
2021-05-04,80.169,118989
2021-05-05,80.811,118989
2021-05-06,81.464,118989
2021-05-07,81.16,118989
2021-05-10,81.657,118989
2021-05-11,82.301,118989
2021-05-12,81.658,118989
2021-05-14,80.709,118989
2021-05-17,82.624,118989
2021-05-18,83.598,118989
2021-05-19,83.605,118989
2021-05-20,83.922,118989
2021-05-21,84.385,118989
2021-05-24,85.027,118989
2021-05-25,84.908,118989
2021-05-26,84.802,118989
2021-05-27,84.845,118989
2021-05-28,84.713,118989
2021-05-31,85.35,118989
2021-06-01,84.942,118989
2021-06-02,85.726,118989
2021-06-03,86.362,118989
2021-06-04,86.676,118989
2021-06-07,87.62,118989
2021-06-08,88.158,118989
2021-06-09,87.707,118989
2021-06-10,88.811,118989
2021-06-11,88.759,118989
2021-06-14,88.732,118989
2021-06-15,88.957,118989
2021-06-16,88.282,118989
2021-06-17,87.579,118989
2021-06-18,86.754,118989
2021-06-21,86.923,118989
2021-06-22,87.002,118989
2021-06-23,87.119,118989
2021-06-24,87.344,118989
2021-06-25,87.906,118989
2021-06-28,88.448,118989
2021-06-29,87.963,118989
2021-06-30,88.516,118989
2021-07-01,88.673,118989
2021-07-02,89.593,118989
2021-07-05,90.002,118989
2021-07-06,89.744,118989
2021-07-07,90.256,118989
2021-07-08,89.772,118989
2021-07-09,89.821,118989
2021-07-12,90.316,118989
2021-07-13,90.86,118989
2021-07-14,90.988,118989
2021-07-15,90.863,118989
2021-07-16,91.3,118989
2021-07-19,90.735,118989
2021-07-20,89.576,118989
2021-07-22,90.932,118989
2021-07-23,91.222,118989
2021-07-26,91.292,118989
2021-07-27,90.817,118989
2021-07-28,90.74,118989
2021-07-29,91.347,118989
2021-07-30,91.925,118989
2021-08-02,93.046,118989
2021-08-03,93.053,118989
2021-08-04,92.312,118989
2021-08-05,92.317,118989
2021-08-06,92.37,118989
2021-08-09,91.767,118989
2021-08-10,90.738,118989
2021-08-11,90.522,118989
2021-08-12,91.762,118989
2021-08-13,91.673,118989
2021-08-16,91.323,118989
2021-08-17,91.697,118989
2021-08-18,91.518,118989
2021-08-20,89.548,118989
2021-08-23,89.16,118989
2021-08-24,90.153,118989
2021-08-25,90.395,118989
2021-08-26,90.688,118989
2021-08-27,91.45,118989
2021-08-30,93.028,118989
2021-08-31,94.094,118989
2021-09-01,94.238,118989
2021-09-02,94.781,118989
2021-09-03,95.177,118989
2021-09-06,95.644,118989
2021-09-07,95.461,118989
2021-09-08,95.88,118989
2021-09-09,96.287,118989
2021-09-13,96.824,118989
2021-09-14,97.573,118989
2021-09-15,98.41,118989
2021-09-16,98.902,118989
2021-09-17,97.48,118989
2021-09-20,96.003,118989
2021-09-21,96.153,118989
2021-09-22,97.176,118989
2021-09-23,98.267,118989
2021-09-24,97.556,118989
2021-09-27,97.545,118989
2021-09-28,97.016,118989
2021-09-29,97.161,118989
2021-09-30,97.674,118989
2021-10-01,97.924,118989
2021-10-04,99.299,118989
2021-10-05,99.531,118989
2021-10-06,98.513,118989
2021-10-07,100.079,118989
2021-10-08,100.612,118989
2021-10-11,101.511,118989
2021-10-12,101.917,118989
2021-10-13,103.118,118989
2021-10-14,103.484,118989
2021-10-18,104.307,118989
2021-10-19,102.284,118989
2021-10-20,100.451,118989
2021-10-21,100.382,118989
2021-10-22,99.409,118989
2021-10-25,98.375,118989
2021-10-26,100.058,118989
2021-10-27,100.325,118989
2021-10-28,98.463,118989
2021-10-29,98.153,118989
2021-11-01,99.086,118989
2021-11-02,100.104,118989
2021-11-03,99.337,118989
2021-11-08,101.776,118989
2021-11-09,102.448,118989
2021-11-10,102.618,118989
2021-11-11,101.81,118989
2021-11-12,102.334,118989
2021-11-15,102.07,118989
2021-11-16,101.564,118989
2021-11-17,101.128,118989
2021-11-18,99.479,118989
2021-11-22,96.924,118989
2021-11-23,98.515,118989
2021-11-24,98.387,118989
2021-11-25,98.517,118989
2021-11-26,95.273,118989
2021-11-29,94.495,118989
2021-11-30,95.912,118989
2021-12-01,96.349,118989
2021-12-02,97.404,118989
2021-12-03,97.488,118989
2021-12-06,96.206,118989
2021-12-07,97.369,118989
2021-12-08,98.771,118989
2021-12-09,99.113,118989
2021-12-10,99.401,118989
2021-12-13,99.498,118989
2021-12-14,98.939,118989
2021-12-15,98.579,118989
2021-12-16,97.652,118989
2021-12-17,95.997,118989
2021-12-20,93.344,118989
2021-12-21,94.025,118989
2021-12-22,95.348,118989
2021-12-23,96.5,118989
2021-12-24,95.513,118989
2021-12-27,95.866,118989
2021-12-28,96.801,118989
2021-12-29,97.253,118989
2021-12-30,97.037,118989
2021-12-31,98.172,118989
2022-01-03,99.18,118989
2022-01-04,99.443,118989
2022-01-05,99.609,118989
2022-01-06,99.319,118989
2022-01-07,99.856,118989
2022-01-10,101.046,118989
2022-01-11,101.113,118989
2022-01-12,102.262,118989
2022-01-13,102.822,118989
2022-01-14,102.934,118989
2022-01-17,103.347,118989
2022-01-18,101.761,118989
2022-01-19,101.816,118989
2022-01-20,101.845,118989
2022-01-21,100.045,118989
2022-01-24,96.523,118989
2022-01-25,97.341,118989
2022-01-27,97.31,118989
2022-01-28,98.045,118989
2022-01-31,99.258,118989
2022-02-01,100.187,118989
2022-02-02,100.802,118989
2022-02-03,100.023,118989
2022-02-04,99.831,118989
2022-02-07,98.636,118989
2022-02-08,97.899,118989
2022-02-09,99.344,118989
2022-02-10,99.974,118989
2022-02-11,98.162,118989
2022-02-14,94.897,118989
2022-02-15,97.15,118989
2022-02-16,96.873,118989
2022-02-17,96.771,118989
2022-02-18,95.962,118989
2022-02-21,94.98,118989
2022-02-22,94.18,118989
2022-02-23,94.583,118989
2022-02-24,90.106,118989
2022-02-25,93.215,118989
2022-02-28,94.342,118989
2022-03-02,93.825,118989
2022-03-03,93.617,118989
2022-03-04,91.673,118989
2022-03-07,89.687,118989
2022-03-08,90.798,118989
2022-03-09,92.709,118989
2022-03-10,93.707,118989
2022-03-11,94.305,118989
2022-03-14,94.507,118989
2022-03-15,93.653,118989
2022-03-16,95.344,118989
2022-03-17,96.349,118989
2022-03-21,96.035,118989
2022-03-22,96.158,118989
2022-03-23,96.534,118989
2022-03-24,96.89,118989
2022-03-25,96.745,118989
2022-03-28,96.249,118989
2022-03-29,97.081,118989
2022-03-30,97.605,118989
2022-03-31,97.799,118989
2022-04-01,98.624,118989
2022-04-04,99.565,118989
2022-04-05,100.378,118989
2022-04-06,100.231,118989
2022-04-07,99.905,118989
2022-04-08,101.526,118989
2022-04-11,101.916,118989
2022-04-12,100.919,118989
2022-04-13,101.122,118989
2022-04-18,100.577,118989
2022-04-19,99.711,118989
2022-04-20,99.911,118989
2022-04-21,100.845,118989
2022-04-22,99.955,118989
2022-04-25,97.99,118989
2022-04-26,99.595,118989
2022-04-27,99.234,118989
2022-04-28,99.476,118989
2022-04-29,99.393,118989
2022-05-02,98.667,118989
2022-05-04,96.694,118989
2022-05-05,96.373,118989
2022-05-06,94.424,118989
2022-05-09,93.288,118989
2022-05-10,91.694,118989
2022-05-11,90.389,118989
2022-05-12,88.835,118989
2022-05-13,89.431,118989
2022-05-16,90.9,118989
2022-05-17,92.865,118989
2022-05-18,92.701,118989
2022-05-19,90.765,118989
2022-05-20,92.387,118989
2022-05-23,92.22,118989
2022-05-24,91.387,118989
2022-05-25,89.791,118989
2022-05-26,90.826,118989
2022-05-27,91.697,118989
2022-05-30,93.961,118989
2022-05-31,94.364,118989
2022-06-01,94.804,118989
2022-06-02,95.097,118989
2022-06-03,93.995,118989
2022-06-06,93.574,118989
2022-06-07,93.085,118989
2022-06-08,92.779,118989
2022-06-09,92.73,118989
2022-06-10,92.144,118989
2022-06-13,89.43,118989
2022-06-14,89.502,118989
2022-06-15,89.878,118989
2022-06-16,87.934,118989
2022-06-17,87.981,118989
2022-06-20,86.621,118989
2022-06-21,88.329,118989
2022-06-22,87.392,118989
2022-06-23,88.586,118989
2022-06-24,89.912,118989
2022-06-27,91.127,118989
2022-06-28,91.14,118989
2022-06-29,90.596,118989
2022-06-30,90.159,118989
2022-07-01,90.681,118989
2022-07-04,91.482,118989
2022-07-05,91.61,118989
2022-07-06,92.697,118989
2022-07-07,93.874,118989
2022-07-08,94.008,118989
2022-07-11,94.984,118989
2022-07-12,94.297,118989
2022-07-13,94.616,118989
2022-07-14,94.548,118989
2022-07-15,95.23,118989
2022-07-18,96.751,118989
2022-07-19,97.616,118989
2022-07-20,97.507,118989
2022-07-21,98.698,118989
2022-07-22,98.81,118989
2022-07-25,99.149,118989
2022-07-26,98.228,118989
2022-07-27,98.58,118989
2022-07-28,99.45,118989
2022-07-29,100.461,118989
2022-08-01,101.896,118989
2022-08-02,102.32,118989
2022-08-03,102.08,118989
2022-08-04,102.414,118989
2022-08-05,102.186,118989
2022-08-08,102.595,118989
2022-08-10,102.766,118989
2022-08-11,103.776,118989
2022-08-12,103.805,118989
2022-08-16,104.864,118989
2022-08-17,105.294,118989
2022-08-18,105.517,118989
2022-08-19,104.528,118989
2022-08-22,103.233,118989
2022-08-23,104.357,118989
2022-08-24,104.619,118989
2022-08-25,104.939,118989
2022-08-26,105.489,118989
2022-08-29,104.603,118989
2022-08-30,106.117,118989
2022-09-01,106.455,118989
2022-09-02,106.277,118989
2022-09-05,107.175,118989
2022-09-06,107.463,118989
2022-09-07,107.699,118989
2022-09-08,108.124,118989
2022-09-09,108.859,118989
2022-09-12,110.447,118989
2022-09-13,110.275,118989
2022-09-14,110.104,118989
2022-09-15,111.044,118989
2022-09-16,108.462,118989
2022-09-19,108.289,118989
2022-09-20,109.656,118989
2022-09-21,109.069,118989
2022-09-22,109.352,118989
2022-09-23,106.973,118989
2022-09-26,104.182,118989
2022-09-27,104.292,118989
2022-09-28,103.925,118989
2022-09-29,104.436,118989
2022-09-30,105.855,118989
2022-10-03,104.767,118989
2022-10-04,107.026,118989
2022-10-06,108.174,118989
2022-10-07,108.132,118989
2022-10-10,107.218,118989
2022-10-11,105.745,118989
2022-10-12,106.518,118989
2022-10-13,105.664,118989
2022-10-14,105.401,118989
2022-10-17,106.298,118989
2022-10-18,107.46,118989
2022-10-19,107.095,118989
2022-10-20,106.72,118989
2022-10-21,106.234,118989
2022-10-25,107.509,118989
2022-10-27,107.999,118989
2022-10-28,107.466,118989
2022-10-31,108.777,118989
2022-11-01,109.418,118989
2022-11-02,110.029,118989
2022-11-03,110.501,118989
2022-11-04,110.699,118989
2022-11-07,111.819,118989
2022-11-09,110.959,118989
2022-11-10,109.776,118989
2022-11-11,109.65,118989
2022-11-14,109.463,118989
2022-11-15,109.891,118989
2022-11-16,109.301,118989
2022-11-17,109.29,118989
2022-11-18,109.045,118989
2022-11-21,109.255,118989
2022-11-22,109.72,118989
2022-11-23,109.719,118989
2022-11-24,110.344,118989
2022-11-25,110.873,118989
2022-11-28,112.067,118989
2022-11-29,111.596,118989
2022-11-30,112.313,118989
2022-12-01,113.091,118989
2022-12-02,113.758,118989
2022-12-05,113.882,118989
2022-12-06,113.496,118989
2022-12-07,113.007,118989
2022-12-08,113.773,118989
2022-12-09,112.658,118989
2022-12-12,113.283,118989
2022-12-13,113.754,118989
2022-12-14,114.762,118989
2022-12-15,113.718,118989
2022-12-16,112.158,118989
2022-12-19,112.625,118989
2022-12-20,112.701,118989
2022-12-21,110.653,118989
2022-12-22,109.705,118989
2022-12-23,106.411,118989
2022-12-26,109.255,118989
2022-12-27,110.069,118989
2022-12-28,110.239,118989
2022-12-29,110.377,118989
2022-12-30,111.024,118989
2023-01-02,112.03,118989
2023-01-03,112.437,118989
2023-01-04,111.441,118989
2023-01-05,111.841,118989
2023-01-06,111.006,118989
2023-01-09,112.041,118989
2023-01-10,111.57,118989
2023-01-11,111.432,118989
2023-01-12,111.256,118989
2023-01-13,111.548,118989
2023-01-16,111.198,118989
2023-01-17,110.985,118989
2023-01-18,111.12,118989
2023-01-19,111.25,118989
2023-01-20,110.665,118989
2023-01-23,111.276,118989
2023-01-24,110.965,118989
2023-01-25,109.786,118989
2023-01-27,108.301,118989
2023-01-30,108.298,118989
2023-01-31,110.321,118989
2023-02-01,109.675,118989
2023-02-02,109.842,118989
2023-02-03,109.657,118989
2023-02-06,110.58,118989
2023-02-07,110.22,118989
2023-02-08,111.266,118989
2023-02-09,111.255,118989
2023-02-10,111.316,118989
2023-02-13,109.667,118989
2023-02-14,109.348,118989
2023-02-15,109.716,118989
2023-02-16,111.103,118989
2023-02-17,110.523,118989
2023-02-20,110.132,118989
2023-02-21,109.825,118989
2023-02-22,108.79,118989
2023-02-23,108.909,118989
2023-02-24,108.554,118989
2023-02-27,108.016,118989
2023-02-28,108.222,118989
2023-03-01,109.697,118989
2023-03-02,109.264,118989
2023-03-03,109.912,118989
2023-03-06,110.732,118989
2023-03-08,111.312,118989
2023-03-09,110.809,118989
2023-03-10,110.099,118989
2023-03-13,108.573,118989
2023-03-14,107.664,118989
2023-03-15,107.63,118989
2023-03-16,107.341,118989
2023-03-17,108.072,118989
2023-03-20,106.788,118989
2023-03-21,107.474,118989
2023-03-22,107.638,118989
2023-03-23,107.108,118989
2023-03-24,106.147,118989
2023-03-27,105.543,118989
2023-03-28,105.536,118989
2023-03-29,107.062,118989
2023-03-31,108.223,118989
2023-04-03,108.583,118989
2023-04-05,108.895,118989
2023-04-06,109.835,118989
2023-04-10,110.283,118989
2023-04-11,110.528,118989
2023-04-12,111.004,118989
2023-04-13,110.817,118989
2023-04-17,111.396,118989
2023-04-18,111.889,118989
2023-04-19,111.328,118989
2023-04-20,111.344,118989
2023-04-21,111.041,118989
2023-04-24,111.574,118989
2023-04-25,110.998,118989
2023-04-26,110.988,118989
2023-04-27,111.67,118989
2023-04-28,113.013,118989
2023-05-02,113.92,118989
2023-05-03,114.367,118989
2023-05-04,115.405,118989
2023-05-05,114.742,118989
2023-05-08,115.397,118989
2023-05-09,115.1,118989
2023-05-10,115.008,118989
2023-05-11,115.442,118989
2023-05-12,115.112,118989
2023-05-15,115.745,118989
2023-05-16,116.173,118989
2023-05-17,116.08,118989
2023-05-18,115.754,118989
2023-05-19,116.066,118989
2023-05-22,116.96,118989
2023-05-23,117.306,118989
2023-05-24,117.312,118989
2023-05-25,117.488,118989
2023-05-26,118.204,118989
2023-05-29,118.305,118989
2023-05-30,118.825,118989
2023-05-31,119.806,118989
2023-06-01,120.117,118989
2023-06-02,120.768,118989
2023-06-05,121.235,118989
2023-06-06,121.654,118989
2023-06-07,123.297,118989
2023-06-08,122.358,118989
2023-06-09,123.257,118989
2023-06-12,124.057,118989
2023-06-13,125.454,118989
2023-06-14,125.638,118989
2023-06-15,125.665,118989
2023-06-16,127.19,118989
2023-06-19,127.353,118989
2023-06-20,127.764,118989
2023-06-21,128.567,118989
2023-06-22,127.425,118989
2023-06-23,125.94,118989
2023-06-26,126.783,118989
2023-06-27,127.375,118989
2023-06-28,128.394,118989
2023-06-30,129.315,118989
2023-07-03,129.56,118989
2023-07-04,129.535,118989
2023-07-05,130.309,118989
2023-07-06,131.166,118989
2023-07-07,130.719,118989
2023-07-10,130.073,118989
2023-07-11,131.537,118989
2023-07-12,131.533,118989
2023-07-13,131.007,118989
2023-07-14,132.001,118989
2023-07-17,132.464,118989
2023-07-18,132.614,118989
2023-07-19,133.393,118989
2023-07-20,133.233,118989
2023-07-21,132.884,118989
2023-07-24,133.485,118989
2023-07-25,133.646,118989
2023-07-26,134.281,118989
2023-07-27,134.499,118989
2023-07-28,135.41,118989
2023-07-31,136.638,118989
2023-08-01,136.378,118989
2023-08-02,134.231,118989
2023-08-03,133.856,118989
2023-08-04,134.465,118989
2023-08-07,135.287,118989
2023-08-08,135.738,118989
2023-08-09,135.859,118989
2023-08-10,135.895,118989
2023-08-11,135.75,118989
2023-08-14,135.488,118989
2023-08-16,135.427,118989
2023-08-17,136.022,118989
2023-08-18,135.739,118989
2023-08-21,136.843,118989
2023-08-22,138.073,118989
2023-08-23,139.047,118989
2023-08-24,139.456,118989
2023-08-25,138.384,118989
2023-08-28,139.136,118989
2023-08-29,139.455,118989
2023-08-30,140.303,118989
2023-08-31,140.428,118989
2023-09-01,140.876,118989
2023-09-04,141.522,118989
2023-09-05,142.44,118989
2023-09-06,142.428,118989
2023-09-07,143.377,118989
2023-09-08,144.778,118989
2023-09-11,146.07,118989
2023-09-12,142.123,118989
2023-09-13,142.427,118989
2023-09-14,143.546,118989
2023-09-15,143.665,118989
2023-09-18,143.599,118989
2023-09-20,143.015,118989
2023-09-21,141.697,118989
2023-09-22,142.009,118989
2023-09-25,142.168,118989
2023-09-26,141.918,118989
2023-09-27,143.002,118989
2023-09-29,143.71,118989
2023-10-03,144.532,118989
2023-10-04,142.399,118989
2023-10-05,142.353,118989
2023-10-06,143.133,118989
2023-10-09,141.261,118989
2023-10-10,142.969,118989
2023-10-11,143.576,118989
2023-10-12,143.848,118989
2023-10-13,143.807,118989
2023-10-16,144.101,118989
2023-10-17,144.756,118989
2023-10-18,143.93,118989
2023-10-19,143.85,118989
2023-10-20,142.417,118989
2023-10-23,139.339,118989
2023-10-25,138.532,118989
2023-10-26,137.063,118989
2023-10-27,139.51,118989
2023-10-30,139.654,118989
2023-10-31,140.044,118989
2023-11-01,140.259,118989
2023-11-02,141.521,118989
2023-11-03,142.333,118989
2023-11-06,143.327,118989
2023-11-07,143.863,118989
2023-11-08,145.405,118989
2023-11-09,145.297,118989
2023-11-10,145.907,118989
2023-11-13,147.091,118989
2023-11-15,148.402,118989
2023-11-16,149.326,118989
2023-11-17,149.562,118989
2023-11-20,149.393,118989
2023-11-21,149.479,118989
2023-11-22,149.125,118989
2023-11-23,149.297,118989
2023-11-24,149.141,118989
2023-11-28,149.482,118989
2023-11-29,150.597,118989
2023-11-30,151.299,118989
2023-12-01,153.022,118989
2023-12-04,155.291,118989
2023-12-05,155.513,118989
2023-12-06,156.238,118989
2023-12-07,156.615,118989
2023-12-08,156.557,118989
2023-12-11,157.484,118989
2023-12-12,157.395,118989
2023-12-13,158.637,118989
2023-12-14,159.885,118989
2023-12-15,160.694,118989
2023-12-18,160.805,118989
2023-12-19,160.326,118989
2023-12-20,155.863,118989
2023-12-21,157.206,118989
2023-12-22,158.213,118989
2023-12-26,159.199,118989
2023-12-27,159.613,118989
2023-12-28,160.646,118989
2023-12-29,161.481,118989
2024-01-01,161.96,118989
2024-01-02,161.173,118989
2024-01-03,161.705,118989
2024-01-04,163.202,118989
2024-01-05,163.504,118989
2024-01-08,161.787,118989
2024-01-09,162.476,118989
2024-01-10,162.685,118989
2024-01-11,163.882,118989
2024-01-12,164.916,118989
2024-01-15,165.744,118989
2024-01-16,164.832,118989
2024-01-17,163.218,118989
2024-01-18,163.813,118989
2024-01-19,166.076,118989
2024-01-23,162.878,118989
2024-01-24,165.665,118989
2024-01-25,164.653,118989
2024-01-29,167.147,118989
2024-01-30,166.769,118989
2024-01-31,168.965,118989
2024-02-01,168.612,118989
2024-02-02,169.762,118989
2024-02-05,169.768,118989
2024-02-06,171.799,118989
2024-02-07,172.157,118989
2024-02-08,172.215,118989
2024-02-09,170.418,118989
2024-02-12,167.786,118989
2024-02-13,168.565,118989
2024-02-14,169.948,118989
2024-02-15,171.06,118989
2024-02-16,172.816,118989
2024-02-19,173.193,118989
2024-02-20,172.758,118989
2024-02-21,171.219,118989
2024-02-22,172.371,118989
2024-02-23,172.989,118989
2024-02-26,172.588,118989
2024-02-27,173.176,118989
2024-02-28,170.557,118989
2024-02-29,171.367,118989
2024-03-01,172.266,118989
2024-03-04,173.36,118989
2024-03-05,173.014,118989
2024-03-06,172.336,118989
2024-03-07,173.136,118989
2024-03-11,172.34,118989
2024-03-12,170.694,118989
2024-03-13,164.192,118989
2024-03-14,167.458,118989
2024-03-15,166.469,118989
2024-03-18,165.789,118989
2024-03-19,163.853,118989
2024-03-20,163.449,118989
2024-03-21,166.922,118989
2024-03-22,167.717,118989
2024-03-26,169.298,118989
2024-03-27,169.848,118989
2024-03-28,171.266,118989
2024-03-31,171.263,118989
2024-04-01,173.672,118989
2024-04-02,175.553,118989
2024-04-03,176.167,118989
2024-04-04,176.676,118989
2024-04-05,177.551,118989
2024-04-08,177.264,118989
2024-04-09,176.772,118989
2024-04-10,177.961,118989
2024-04-12,177.431,118989
2024-04-15,174.764,118989
2024-04-16,174.098,118989
2024-04-18,173.977,118989
2024-04-19,173.274,118989
2024-04-22,174.094,118989
2024-04-23,174.397,118989
2024-04-24,175.527,118989
2024-04-25,175.875,118989
2024-04-26,176.259,118989
2024-04-29,177.841,118989
2024-04-30,178.674,118989
2024-05-02,180.18,118989
2024-05-03,179.335,118989
2024-05-06,177.994,118989
2024-05-07,175.618,118989
2024-05-08,176.765,118989
2024-05-09,174.296,118989
2024-05-10,175.219,118989
2024-05-13,175.664,118989
2024-05-14,176.709,118989
2024-05-15,178.535,118989
2024-05-16,180.647,118989
2024-05-17,182.792,118989
2024-05-21,184.634,118989
2024-05-22,185.272,118989
2024-05-23,185.764,118989
2024-05-24,186.151,118989
2024-05-27,186.981,118989
2024-05-28,186.157,118989
2024-05-29,185.41,118989
2024-05-30,183.321,118989
2024-05-31,183.215,118989
2024-06-03,187.916,118989
2024-06-04,175.447,118989
2024-06-05,182.552,118989
2024-06-06,185.793,118989
2024-06-07,188.193,118989
2024-06-10,189.241,118989
2024-06-11,189.712,118989
2024-06-12,191.611,118989
2024-06-13,193.59,118989
2024-06-14,196.157,118989
2024-06-18,196.888,118989
2024-06-19,195.573,118989
2024-06-20,196.932,118989
2024-06-21,196.326,118989
2024-06-24,196.03,118989
2024-06-25,195.872,118989
2024-06-26,195.111,118989
2024-06-27,194.958,118989
2024-06-28,196.372,118989
2024-07-01,198.855,118989
2024-07-02,197.921,118989
2024-07-03,199.748,118989
2024-07-04,200.7,118989
2024-07-05,201.369,118989
2024-07-08,200.575,118989
2024-07-09,201.722,118989
2024-07-10,201.363,118989
2024-07-11,201.658,118989
2024-07-12,201.766,118989
2024-07-15,203.221,118989
2024-07-16,203.417,118989
2024-07-18,202.567,118989
2024-07-19,198.778,118989
2024-07-22,201.385,118989
2024-07-23,200.815,118989
2024-07-24,203.142,118989
2024-07-25,202.576,118989
2024-07-26,205.79,118989
2024-07-29,206.845,118989
2024-07-30,207.667,118989
2024-07-31,208.753,118989
2024-08-01,207.349,118989
2024-08-02,204.858,118989
2024-08-05,199.062,118989
2024-08-06,198.226,118989
2024-08-07,202.013,118989
2024-08-08,201.042,118989
2024-08-09,201.966,118989
2024-08-12,201.175,118989
2024-08-13,199.536,118989
2024-08-14,199.195,118989
2024-08-16,201.877,118989
2024-08-19,202.485,118989
2024-08-20,204.32,118989
2024-08-21,205.237,118989
2024-08-22,206.074,118989
2024-08-23,205.35,118989
2024-08-26,206.598,118989
2024-08-27,206.859,118989
2024-08-28,206.555,118989
2024-08-29,205.803,118989
2024-08-30,207.472,118989
2024-09-02,207.745,118989
2024-09-03,208.905,118989
2024-09-04,208.652,118989
2024-09-05,210.251,118989
2024-09-06,208.42,118989
2024-09-09,207.422,118989
2024-09-10,209.877,118989
2024-09-11,208.802,118989
2024-09-12,211.153,118989
2024-09-13,212.057,118989
2024-09-16,211.877,118989
2024-09-17,212.149,118989
2024-09-18,209.839,118989
2024-09-19,209.877,118989
2024-09-20,211.294,118989
2024-09-23,213.506,118989
2024-09-24,213.999,118989
2024-09-25,213.423,118989
2024-09-26,213.859,118989
2024-09-27,213.612,118989
2024-09-30,213.171,118989
2024-10-01,213.943,118989
2024-10-03,209.763,118989
2024-10-04,207.532,118989
2024-10-07,204.307,118989
2024-10-08,207.848,118989
2024-10-09,209.61,118989
2024-10-10,208.999,118989
2024-10-11,209.56,118989
2024-10-14,210.495,118989
2024-10-15,211.669,118989
2024-10-16,211.274,118989
2024-10-17,208.521,118989
2024-10-18,209.021,118989
2024-10-21,206.514,118989
2024-10-22,201.876,118989
2024-10-23,203.366,118989
2024-10-24,203.078,118989
2024-10-25,200.808,118989
2024-10-28,202.488,118989
2024-10-29,204.281,118989
2024-10-30,204.482,118989
2024-10-31,204.576,118989
2024-11-04,202.87,118989
2024-11-05,203.816,118989
2024-11-06,207.164,118989
2024-11-07,206.336,118989
2024-11-08,204.985,118989
2024-11-11,203.85,118989
2024-11-12,202.309,118989
2024-11-13,198.048,118989
2024-11-14,199.426,118989
2024-11-18,198.401,118989
2024-11-19,199.669,118989
2024-11-21,198.882,118989
2024-11-22,200.752,118989
2024-11-25,204.124,118989
2024-11-26,204.551,118989
2024-11-27,204.77,118989
2024-11-28,204.235,118989
2024-11-29,205.507,118989
2024-12-02,206.72,118989
2024-12-03,208.642,118989
2024-12-04,210.541,118989
2024-12-05,210.772,118989
2024-12-06,211.611,118989
2024-12-09,212.574,118989
2024-12-10,213.27,118989
2024-12-11,213.513,118989
2024-12-12,213.004,118989
2024-12-13,212.915,118989
2024-12-16,214.126,118989
2024-12-17,212.239,118989
2024-12-18,210.991,118989
2024-12-19,210.875,118989
2024-12-20,206.698,118989
2024-12-23,207.014,118989
2024-12-24,207.408,118989
2024-12-26,207.782,118989
2024-12-27,207.732,118989
2024-12-30,208.901,118989
2024-12-31,209.077,118989
2025-01-01,209.098,118989
2025-01-02,211.223,118989
2025-01-03,210.939,118989
2025-01-06,206.217,118989
2025-01-07,207.124,118989
2025-01-08,204.985,118989
2025-01-09,203.626,118989
2025-01-10,200.567,118989
2025-01-13,193.758,118989
2025-01-14,196.352,118989
2025-01-15,196.768,118989
2025-01-16,198.762,118989
2025-01-17,198.216,118989
2025-01-20,199.234,118989
2025-01-21,196.363,118989
2025-01-22,194.886,118989
2025-01-23,197.604,118989
2025-01-24,194.563,118989
2025-01-27,190.002,118989
2025-01-28,189.346,118989
2025-01-29,193.404,118989
2025-01-30,193.484,118989
2025-01-31,195.306,118989
2025-02-03,193.041,118989
2025-02-04,195.631,118989
2025-02-05,197.587,118989
2025-02-06,196.219,118989
2025-02-07,196.636,118989
2025-02-10,193.168,118989
2025-02-11,188.393,118989
2025-02-12,187.544,118989
2025-02-13,187.871,118989
2025-02-14,184.343,118989
2025-02-17,184.794,118989
2025-02-18,184.291,118989
2025-02-19,186.039,118989
2025-02-20,187.775,118989
2025-02-21,185.65,118989
2025-02-24,184.079,118989
2025-02-25,183.104,118989
2025-02-27,182.39,118989
2025-02-28,178.626,118989
2025-03-03,178.67,118989
2025-03-04,178.242,118989
2025-03-05,182.77,118989
2025-03-06,184.163,118989
2025-03-07,183.279,118989
2025-03-10,181.349,118989
2025-03-11,181.318,118989
2025-03-12,180.444,118989
2025-03-13,178.72,118989
2025-03-17,179.946,118989
2025-03-18,183.55,118989
2025-03-19,186.667,118989
2025-03-20,188.315,118989
2025-03-21,190.675,118989
2025-03-24,192.757,118989
2025-03-25,191.35,118989
2025-03-26,189.936,118989
2025-03-27,191.291,118989
2025-03-28,190.726,118989
2025-03-31,190.72,118989
2025-04-01,188.3,118989
2025-04-02,189.787,118989
2025-04-03,189.681,118989
2025-04-04,184.712,118989
2025-04-07,179.056,118989
2025-04-08,181.742,118989
2025-04-09,180.45,118989
2025-04-11,183.577,118989
2025-04-15,188.529,118989
2025-04-16,190.178,118989
2025-04-17,191.421,118989
2025-04-21,194.352,118989
2025-04-22,195.51,118989
2025-04-23,197.122,118989
2025-04-24,197.241,118989
2025-04-25,194.244,118989
2025-04-28,195.999,118989
2025-04-29,196.381,118989
2025-04-30,195.45,118989
2025-05-02,194.99,118989
2025-05-05,197.523,118989
2025-05-06,194.533,118989
2025-05-07,196.428,118989
2025-05-08,194.013,118989
2025-05-09,193.533,118989
2025-05-12,199.462,118989
2025-05-13,200.003,118989
2025-05-14,202.603,118989
2025-05-15,203.713,118989
2025-05-16,205.197,118989
2025-05-19,205.708,118989
2025-05-20,203.771,118989
2025-05-21,205.363,118989
2025-05-22,205.023,118989
2025-05-23,206.302,118989
2025-05-26,206.696,118989
2025-05-27,206.931,118989
2025-05-28,207.167,118989
2025-05-29,207.48,118989
2025-05-30,206.904,118989
2025-06-02,208.154,118989
2025-06-03,207.526,118989
2025-06-04,208.459,118989
2025-06-05,209.242,118989
2025-06-06,210.705,118989
2025-06-09,212.978,118989
2025-06-10,213.109,118989
2025-06-11,212.554,118989
2025-06-12,209.783,118989
2025-06-13,209.042,118989
2025-06-16,210.874,118989
2025-06-17,210.132,118989
2025-06-18,210.016,118989
2025-06-19,207.644,118989
2025-06-20,209.226,118989
2025-06-23,209.361,118989
2025-06-24,211.266,118989
2025-06-25,212.704,118989
2025-06-26,213.831,118989
2025-06-27,214.426,118989
2025-06-30,216.474,118989
2025-07-01,216.604,118989
2025-07-02,216.834,118989
2025-07-03,216.556,118989
2025-07-04,217.529,118989
2025-07-07,217.42,118989
2025-07-08,217.446,118989
2025-07-09,217.447,118989
2025-07-10,216.612,118989
2025-07-11,215.905,118989
2025-07-14,216.835,118989
2025-07-15,218.593,118989
2025-07-16,218.734,118989
2025-07-17,218.853,118989
2025-07-18,217.979,118989
2025-07-21,218.204,118989
2025-07-22,217.502,118989
2025-07-23,217.842,118989
2025-07-24,216.847,118989
2025-07-25,214.192,118989
2025-07-28,213.152,118989
2025-07-29,214.366,118989
2025-07-30,214.733,118989
2025-07-31,213.543,118989
2025-08-01,210.433,118989
2025-08-04,212.022,118989
2025-08-05,211.303,118989
2025-08-06,209.07,118989
2025-08-07,210.196,118989
2025-08-08,208.66,118989
2025-08-11,209.808,118989
2025-08-12,209.873,118989
2025-08-13,210.62,118989
2025-08-14,210.619,118989
2025-08-18,212.99,118989
2025-08-19,213.959,118989
2025-08-20,214.837,118989
2025-08-21,214.333,118989
2025-08-22,214.055,118989
2025-08-25,213.977,118989
2025-08-26,211.708,118989
2025-08-28,210.116,118989
2025-08-29,209.335,118989
2025-09-01,211.766,118989
2025-09-02,212.253,118989
2025-09-03,213.155,118989
2025-09-04,211.92,118989
2025-09-05,211.634,118989
2025-09-08,211.986,118989
2025-09-09,212.848,118989
2025-09-10,215.014,118989
2025-09-11,215.465,118989
2025-09-12,215.358,118989
2025-09-15,215.615,118989
2025-09-16,217.027,118989
2025-09-17,217.233,118989
2025-09-18,218.333,118989
2025-09-19,218.769,118989
2025-09-22,216.406,118989
2025-09-23,215.912,118989
2025-09-24,214.521,118989
2025-09-25,213.332,118989
2025-09-26,210.143,118989
2025-09-30,211.773,118989
2025-10-01,212.457,118989
2025-10-03,213.642,118989
2025-10-06,215.389,118989
2025-10-07,215.969,118989
2025-10-08,215.6,118989
2025-10-09,216.544,118989
2025-10-10,217.337,118989
2025-10-13,216.977,118989
2025-10-14,216.044,118989
2025-10-15,218.098,118989
2025-10-16,218.556,118989
2025-10-17,217.991,118989
2025-10-20,220.059,118989
2025-10-23,220.415,118989
2025-10-24,219.563,118989
2025-10-27,221.623,118989
2025-10-28,221.825,118989
2025-10-29,222.518,118989
2025-10-30,222.577,118989
2025-10-31,221.524,118989
2025-11-03,223.347,118989
2025-11-04,223.506,118989
2025-11-06,221.161,118989
2025-11-07,221.567,118989
2025-11-10,222.303,118989
2025-11-11,222.608,118989
2025-11-12,224.607,118989
2025-11-13,224.351,118989
2025-11-14,224.345,118989
2025-11-17,226.08,118989
2025-11-18,224.791,118989
2025-11-19,225.472,118989
2025-11-20,225.649,118989
2025-11-21,223.281,118989
2025-11-24,223.442,118989
2025-11-25,224.146,118989
2025-11-26,226.261,118989
2025-11-27,226.082,118989
2025-11-28,226.069,118989
2025-12-01,225.84,118989
2025-12-02,225.889,118989
2025-12-03,224.194,118989
2025-12-04,224.265,118989
2025-12-05,224.68,118989
2025-12-08,221.483,118989
2025-12-09,222.55,118989
2025-12-10,221.139,118989
2025-12-11,221.622,118989
2025-12-12,223.398,118989
2025-12-15,223.775,118989
2025-12-16,222.449,118989
2025-12-17,222.001,118989
2025-12-18,222.128,118989
2025-12-19,224.13,118989
2025-12-22,225.488,118989
2025-12-23,224.885,118989
2025-12-24,223.507,118989
2025-12-26,222.776,118989
2025-12-29,222.41,118989
2025-12-30,222.385,118989
2025-12-31,224.745,118989
2026-01-01,225.02,118989
2026-01-02,226.581,118989
2026-01-05,226.659,118989
2026-01-06,226.631,118989
2026-01-07,226.959,118989
2026-01-08,223.692,118989
2026-01-09,222.322,118989
2026-01-12,221.703,118989
2026-01-13,221.659,118989
2026-01-14,222.23,118989
2026-01-16,223.518,118989
2026-01-19,222.776,118989
2026-01-20,218.895,118989
2026-01-21,218.092,118989
2026-01-22,220.498,118989
2026-01-23,217.297,118989
2026-01-27,217.845,118989
2026-01-28,219.869,118989
2026-01-29,220.054,118989
2026-01-30,221.441,118989
2026-02-02,218.917,118989
2026-02-03,224.323,118989
2026-02-04,224.742,118989
2026-02-05,224.598,118989
2026-02-06,223.961,118989
2026-02-09,226.725,118989
2026-02-10,226.936,118989
2026-02-11,227.177,118989
2026-02-12,226.103,118989
2026-02-13,223.49,118989
2026-02-16,224.57,118989
2026-02-17,226.052,118989
2026-02-18,226.722,118989
2026-02-19,223.599,118989
2026-02-20,224.106,118989
2026-02-23,224.869,118989
2026-02-24,224.603,118989
2026-02-25,225.855,118989
2026-02-26,226.799,118989
2026-02-27,223.956,118989
2026-03-02,220.177,118989
2026-03-04,214.603,118989
2026-03-05,217.045,118989
2026-03-06,215.237,118989
2026-03-09,210.943,118989
2026-03-10,214.598,118989
2026-03-11,212.648,118989
2026-03-12,211.452,118989
2026-03-13,205.997,118989
2026-03-16,205.631,118989
2026-03-17,206.218,118989
2026-03-18,209.623,118989
2026-03-19,203.612,118989
2026-03-20,204.935,118989
2026-03-23,198.616,118989
2026-03-24,202.868,118989
2026-03-25,207.591,118989
2026-03-27,204.038,118989
2026-03-30,199.417,118989
2026-03-31,199.417,118989
2026-04-01,202.75,118989
2026-04-02,202.243,118989
2026-04-06,204.438,118989
2026-04-07,205.14,118989
2026-04-08,212.727,118989
2026-04-09,212.58,118989
2026-04-10,215.548,118989
2026-04-13,213.692,118989
2026-04-15,217.52,118989
2026-04-16,218.214,118989
2026-04-17,220.058,118989
2026-04-20,219.674,118989
2026-04-21,221.424,118989
2026-04-22,221.614,118989
2026-04-23,220.625,118989
2026-04-24,218.074,118989
2026-04-27,220.638,118989
2026-04-28,220.217,118989
2026-04-29,219.606,118989
2026-04-30,217.72,118989
2026-05-04,218.531,118989
2026-05-05,218.745,118989
2026-05-06,222.525,118989
2026-05-07,223.738,118989
2026-05-08,223.895,118989
2026-05-11,221.255,118989
2026-05-12,216.616,118989
2026-05-13,216.713,118989
2026-05-14,218.889,118989
2026-05-15,218.423,118989
2026-05-18,217.978,118989
2026-05-19,219.799,118989
2026-05-20,220.391,118989
2026-05-21,220.534,118989
2026-05-22,220.359,118989
2026-05-25,222.381,118989
2026-05-26,223.135,118989
2026-05-27,223.585,118989
2026-05-29,221.322,118989
2026-06-01,218.882,118989
2026-06-02,219.673,118989
2026-06-03,219.077,118989
2026-06-04,219.942,118989
2026-06-05,220.327,118989
2026-06-08,218.0,118989
2026-06-09,220.409,118989
2026-06-10,218.508,118989
2026-06-11,216.81,118989
2026-06-12,220.156,118989
2026-06-15,223.036,118989
2026-06-16,223.292,118989
2026-06-17,224.28,118989
2026-06-18,225.63,118989
2026-06-19,226.497,118989
2026-06-22,227.616,118989
2026-06-23,226.634,118989
2026-06-24,227.898,118989
2026-06-25,226.915,118989
2026-06-29,225.317,118989
2026-06-30,226.765,118989
2026-07-01,227.179,118989
2026-07-02,229.575,118989
2026-07-03,229.594,118989
2026-07-06,230.395,118989
2026-07-07,231.094,118989
2026-07-08,226.564,118989
2026-07-09,228.93,118989
2026-07-10,231.97,118989
2026-07-13,231.567,118989
2026-07-14,230.008,118989
2026-07-15,230.532,118989
2026-07-16,229.588,118989
2026-07-17,229.279,118989
2026-07-20,229.599,118989
2026-07-21,230.924,118989
2026-07-22,228.607,118989
2026-07-23,226.902,118989
2026-07-24,227.323,118989
2012-12-31,23.992,119092
2013-01-01,23.9979,119092
2013-01-02,24.0036,119092
2013-01-03,24.0092,119092
2013-01-04,24.0147,119092
2013-01-06,24.0258,119092
2013-01-07,24.0314,119092
2013-01-08,24.0369,119092
2013-01-09,24.0424,119092
2013-01-10,24.0479,119092
2013-01-11,24.0534,119092
2013-01-13,24.0643,119092
2013-01-14,24.0698,119092
2013-01-15,24.0754,119092
2013-01-16,24.0809,119092
2013-01-17,24.0863,119092
2013-01-18,24.0918,119092
2013-01-20,24.1028,119092
2013-01-21,24.1084,119092
2013-01-22,24.1139,119092
2013-01-23,24.1194,119092
2013-01-24,24.1249,119092
2013-01-27,24.1413,119092
2013-01-28,24.1468,119092
2013-01-29,24.1522,119092
2013-01-30,24.1577,119092
2013-01-31,24.1631,119092
2013-02-01,24.1686,119092
2013-02-03,24.1795,119092
2013-02-04,24.1849,119092
2013-02-05,24.1903,119092
2013-02-06,24.1959,119092
2013-02-07,24.2013,119092
2013-02-08,24.2067,119092
2013-02-10,24.2174,119092
2013-02-11,24.223,119092
2013-02-12,24.2284,119092
2013-02-13,24.2338,119092
2013-02-14,24.2392,119092
2013-02-15,24.2446,119092
2013-02-17,24.2554,119092
2013-02-18,24.2609,119092
2013-02-19,24.2664,119092
2013-02-20,24.2719,119092
2013-02-21,24.2773,119092
2013-02-22,24.2828,119092
2013-02-24,24.2938,119092
2013-02-25,24.2993,119092
2013-02-26,24.3047,119092
2013-02-27,24.3102,119092
2013-02-28,24.3157,119092
2013-03-01,24.3212,119092
2013-03-03,24.3322,119092
2013-03-04,24.3377,119092
2013-03-05,24.3433,119092
2013-03-06,24.3489,119092
2013-03-07,24.3546,119092
2013-03-08,24.3601,119092
2013-03-10,24.3714,119092
2013-03-11,24.377,119092
2013-03-12,24.3827,119092
2013-03-13,24.3882,119092
2013-03-14,24.3939,119092
2013-03-15,24.3995,119092
2013-03-17,24.4112,119092
2013-03-18,24.4172,119092
2013-03-19,24.423,119092
2013-03-20,24.4287,119092
2013-03-21,24.4344,119092
2013-03-22,24.4402,119092
2013-03-24,24.4518,119092
2013-03-25,24.4577,119092
2013-03-26,24.464,119092
2013-03-27,24.4699,119092
2013-03-28,24.4795,119092
2013-04-01,24.5163,119092
2013-04-02,24.5294,119092
2013-04-03,24.5363,119092
2013-04-04,24.5419,119092
2013-04-05,24.548,119092
2013-04-07,24.559,119092
2013-04-08,24.5645,119092
2013-04-09,24.5702,119092
2013-04-10,24.5758,119092
2013-04-11,24.5815,119092
2013-04-12,24.5872,119092
2013-04-14,24.5986,119092
2013-04-15,24.6045,119092
2013-04-16,24.6103,119092
2013-04-17,24.6161,119092
2013-04-18,24.6219,119092
2013-04-21,24.6392,119092
2013-04-22,24.645,119092
2013-04-23,24.6507,119092
2013-04-24,24.6565,119092
2013-04-25,24.6623,119092
2013-04-26,24.6681,119092
2013-04-28,24.6796,119092
2013-04-29,24.6855,119092
2013-04-30,24.6913,119092
2013-05-01,24.6971,119092
2013-05-02,24.7029,119092
2013-05-03,24.7088,119092
2013-05-05,24.7203,119092
2013-05-06,24.726,119092
2013-05-07,24.7318,119092
2013-05-08,24.7375,119092
2013-05-09,24.7432,119092
2013-05-10,24.7491,119092
2013-05-12,24.7604,119092
2013-05-13,24.7661,119092
2013-05-14,24.7718,119092
2013-05-15,24.7776,119092
2013-05-16,24.7833,119092
2013-05-17,24.7891,119092
2013-05-19,24.8004,119092
2013-05-20,24.8061,119092
2013-05-21,24.8118,119092
2013-05-22,24.8174,119092
2013-05-23,24.823,119092
2013-05-24,24.8285,119092
2013-05-26,24.8398,119092
2013-05-27,24.8455,119092
2013-05-28,24.8511,119092
2013-05-29,24.8568,119092
2013-05-30,24.8624,119092
2013-05-31,24.8679,119092
2013-06-02,24.8791,119092
2013-06-03,24.8847,119092
2013-06-04,24.8903,119092
2013-06-05,24.8958,119092
2013-06-06,24.9014,119092
2013-06-07,24.907,119092
2013-06-09,24.9182,119092
2013-06-10,24.9237,119092
2013-06-11,24.9292,119092
2013-06-12,24.9347,119092
2013-06-13,24.9402,119092
2013-06-14,24.9455,119092
2013-06-16,24.9567,119092
2013-06-17,24.9622,119092
2013-06-18,24.9678,119092
2013-06-19,24.9733,119092
2013-06-20,24.9788,119092
2013-06-21,24.9844,119092
2013-06-23,24.9955,119092
2013-06-24,25.0009,119092
2013-06-25,25.0065,119092
2013-06-26,25.0121,119092
2013-06-27,25.0177,119092
2013-06-28,25.0257,119092
2013-07-01,25.0444,119092
2013-07-02,25.0506,119092
2013-07-03,25.0562,119092
2013-07-04,25.0619,119092
2013-07-05,25.0681,119092
2013-07-07,25.0783,119092
2013-07-08,25.0838,119092
2013-07-09,25.0893,119092
2013-07-10,25.0948,119092
2013-07-11,25.1004,119092
2013-07-12,25.1064,119092
2013-07-14,25.117,119092
2013-07-15,25.1225,119092
2013-07-16,25.0654,119092
2013-07-17,25.0747,119092
2013-07-18,25.0859,119092
2013-07-19,25.0951,119092
2013-07-21,25.1088,119092
2013-07-22,25.1157,119092
2013-07-23,25.12,119092
2013-07-24,25.0935,119092
2013-07-25,25.1012,119092
2013-07-26,25.109,119092
2013-07-28,25.1236,119092
2013-07-29,25.131,119092
2013-07-30,25.1385,119092
2013-07-31,25.146,119092
2013-08-01,25.1536,119092
2013-08-02,25.1607,119092
2013-08-04,25.1748,119092
2013-08-05,25.1832,119092
2013-08-06,25.1904,119092
2013-08-07,25.1974,119092
2013-08-08,25.2051,119092
2013-08-11,25.2278,119092
2013-08-12,25.2342,119092
2013-08-13,25.2414,119092
2013-08-14,25.2486,119092
2013-08-15,25.2559,119092
2013-08-16,25.263,119092
2013-08-18,25.2777,119092
2013-08-19,25.2847,119092
2013-08-20,25.2918,119092
2013-08-21,25.2993,119092
2013-08-22,25.3066,119092
2013-08-23,25.3141,119092
2013-08-25,25.3289,119092
2013-08-26,25.3361,119092
2013-08-27,25.3433,119092
2013-08-28,25.3507,119092
2013-08-29,25.3581,119092
2013-08-30,25.3659,119092
2013-09-01,25.3804,119092
2013-09-02,25.3877,119092
2013-09-03,25.3949,119092
2013-09-04,25.403,119092
2013-09-05,25.4121,119092
2013-09-06,25.4198,119092
2013-09-09,25.4408,119092
2013-09-10,25.4483,119092
2013-09-11,25.4558,119092
2013-09-12,25.4632,119092
2013-09-13,25.4707,119092
2013-09-15,25.4852,119092
2013-09-16,25.4927,119092
2013-09-17,25.5003,119092
2013-09-18,25.5079,119092
2013-09-19,25.5168,119092
2013-09-20,25.5251,119092
2013-09-22,25.5398,119092
2013-09-23,25.5472,119092
2013-09-24,25.5544,119092
2013-09-25,25.5616,119092
2013-09-26,25.5691,119092
2013-09-27,25.5767,119092
2013-09-29,25.5911,119092
2013-09-30,25.5987,119092
2013-10-01,25.6067,119092
2013-10-02,25.6141,119092
2013-10-03,25.6214,119092
2013-10-04,25.629,119092
2013-10-06,25.6434,119092
2013-10-07,25.6508,119092
2013-10-08,25.6587,119092
2013-10-09,25.6659,119092
2013-10-10,25.673,119092
2013-10-11,25.6801,119092
2013-10-13,25.694,119092
2013-10-14,25.7011,119092
2013-10-15,25.7083,119092
2013-10-16,25.7154,119092
2013-10-17,25.7225,119092
2013-10-18,25.7294,119092
2013-10-20,25.743,119092
2013-10-21,25.75,119092
2013-10-22,25.757,119092
2013-10-23,25.764,119092
2013-10-24,25.771,119092
2013-10-25,25.7779,119092
2013-10-27,25.7917,119092
2013-10-28,25.7986,119092
2013-10-29,25.8056,119092
2013-10-30,25.8127,119092
2013-10-31,25.8195,119092
2013-11-01,25.8264,119092
2013-11-04,25.8466,119092
2013-11-05,25.8532,119092
2013-11-06,25.8599,119092
2013-11-07,25.8666,119092
2013-11-08,25.8733,119092
2013-11-10,25.8867,119092
2013-11-11,25.8933,119092
2013-11-12,25.8999,119092
2013-11-13,25.9068,119092
2013-11-14,25.9133,119092
2013-11-17,25.9329,119092
2013-11-18,25.9394,119092
2013-11-19,25.946,119092
2013-11-20,25.9525,119092
2013-11-21,25.9591,119092
2013-11-22,25.9656,119092
2013-11-24,25.9785,119092
2013-11-25,25.985,119092
2013-11-26,25.9914,119092
2013-11-27,25.9979,119092
2013-11-28,26.0044,119092
2013-11-29,26.0108,119092
2013-12-01,26.0236,119092
2013-12-02,26.03,119092
2013-12-03,26.0368,119092
2013-12-04,26.0431,119092
2013-12-05,26.0494,119092
2013-12-06,26.0558,119092
2013-12-08,26.0686,119092
2013-12-09,26.0751,119092
2013-12-10,26.0815,119092
2013-12-11,26.0879,119092
2013-12-12,26.0942,119092
2013-12-13,26.1007,119092
2013-12-15,26.1136,119092
2013-12-16,26.1199,119092
2013-12-17,26.1264,119092
2013-12-18,26.1328,119092
2013-12-19,26.1391,119092
2013-12-20,26.1455,119092
2013-12-22,26.1582,119092
2013-12-23,26.1645,119092
2013-12-24,26.1709,119092
2013-12-25,26.1774,119092
2013-12-26,26.1837,119092
2013-12-27,26.19,119092
2013-12-29,26.2029,119092
2013-12-30,26.2093,119092
2013-12-31,26.2169,119092
2014-01-01,26.2235,119092
2014-01-02,26.2298,119092
2014-01-03,26.2362,119092
2014-01-05,26.2489,119092
2014-01-06,26.2553,119092
2014-01-07,26.2617,119092
2014-01-08,26.2681,119092
2014-01-09,26.2744,119092
2014-01-10,26.2807,119092
2014-01-12,26.2934,119092
2014-01-13,26.2998,119092
2014-01-14,26.3061,119092
2014-01-15,26.3125,119092
2014-01-16,26.3189,119092
2014-01-17,26.3252,119092
2014-01-19,26.3379,119092
2014-01-20,26.3443,119092
2014-01-21,26.3506,119092
2014-01-22,26.357,119092
2014-01-23,26.3633,119092
2014-01-24,26.3696,119092
2014-01-26,26.3823,119092
2014-01-27,26.3887,119092
2014-01-28,26.3949,119092
2014-01-29,26.4011,119092
2014-01-30,26.4072,119092
2014-01-31,26.4134,119092
2014-02-02,26.4258,119092
2014-02-03,26.4319,119092
2014-02-04,26.4381,119092
2014-02-05,26.4443,119092
2014-02-06,26.4505,119092
2014-02-07,26.4568,119092
2014-02-09,26.4692,119092
2014-02-10,26.4754,119092
2014-02-11,26.4816,119092
2014-02-12,26.4878,119092
2014-02-13,26.494,119092
2014-02-14,26.5002,119092
2014-02-16,26.5127,119092
2014-02-17,26.5189,119092
2014-02-18,26.5252,119092
2014-02-19,26.5314,119092
2014-02-20,26.5376,119092
2014-02-21,26.5438,119092
2014-02-23,26.5563,119092
2014-02-24,26.5625,119092
2014-02-25,26.569,119092
2014-02-26,26.5753,119092
2014-02-27,26.5816,119092
2014-02-28,26.5879,119092
2014-03-02,26.6005,119092
2014-03-03,26.6068,119092
2014-03-04,26.6132,119092
2014-03-05,26.6196,119092
2014-03-06,26.626,119092
2014-03-07,26.6326,119092
2014-03-09,26.6458,119092
2014-03-10,26.6523,119092
2014-03-11,26.6589,119092
2014-03-12,26.6656,119092
2014-03-13,26.6724,119092
2014-03-14,26.6792,119092
2014-03-17,26.6993,119092
2014-03-18,26.7062,119092
2014-03-19,26.7131,119092
2014-03-20,26.7201,119092
2014-03-21,26.727,119092
2014-03-23,26.7409,119092
2014-03-24,26.7484,119092
2014-03-25,26.7554,119092
2014-03-26,26.7624,119092
2014-03-27,26.7694,119092
2014-03-28,26.7777,119092
2014-03-31,26.805,119092
2014-04-01,26.8131,119092
2014-04-02,26.8201,119092
2014-04-03,26.8272,119092
2014-04-04,26.8337,119092
2014-04-06,26.8477,119092
2014-04-07,26.8542,119092
2014-04-08,26.8612,119092
2014-04-09,26.8678,119092
2014-04-10,26.8747,119092
2014-04-11,26.8814,119092
2014-04-14,26.9019,119092
2014-04-15,26.9086,119092
2014-04-16,26.9154,119092
2014-04-17,26.9221,119092
2014-04-20,26.9423,119092
2014-04-21,26.949,119092
2014-04-22,26.9557,119092
2014-04-23,26.9624,119092
2014-04-24,26.9691,119092
2014-04-25,26.9753,119092
2014-04-27,26.9891,119092
2014-04-28,26.9958,119092
2014-04-29,27.0024,119092
2014-04-30,27.009,119092
2014-05-01,27.0157,119092
2014-05-02,27.0224,119092
2014-05-04,27.0356,119092
2014-05-05,27.0422,119092
2014-05-06,27.0488,119092
2014-05-07,27.0553,119092
2014-05-08,27.0619,119092
2014-05-09,27.0686,119092
2014-05-11,27.0815,119092
2014-05-12,27.0881,119092
2014-05-13,27.0947,119092
2014-05-14,27.1012,119092
2014-05-15,27.1077,119092
2014-05-16,27.1137,119092
2014-05-18,27.1274,119092
2014-05-19,27.1338,119092
2014-05-20,27.1406,119092
2014-05-21,27.1474,119092
2014-05-22,27.154,119092
2014-05-23,27.1604,119092
2014-05-25,27.1733,119092
2014-05-26,27.1798,119092
2014-05-27,27.1863,119092
2014-05-28,27.1928,119092
2014-05-29,27.1994,119092
2014-05-30,27.206,119092
2014-06-01,27.2189,119092
2014-06-02,27.2252,119092
2014-06-03,27.2319,119092
2014-06-04,27.2385,119092
2014-06-05,27.2449,119092
2014-06-06,27.2514,119092
2014-06-08,27.2643,119092
2014-06-09,27.2708,119092
2014-06-10,27.2773,119092
2014-06-11,27.2838,119092
2014-06-12,27.2902,119092
2014-06-13,27.2963,119092
2014-06-15,27.3094,119092
2014-06-16,27.3157,119092
2014-06-17,27.3222,119092
2014-06-18,27.3286,119092
2014-06-19,27.3352,119092
2014-06-20,27.3415,119092
2014-06-22,27.3542,119092
2014-06-23,27.3605,119092
2014-06-24,27.3668,119092
2014-06-25,27.3732,119092
2014-06-26,27.3796,119092
2014-06-27,27.386,119092
2014-06-29,27.3987,119092
2014-06-30,27.4057,119092
2014-07-01,27.4131,119092
2014-07-02,27.4196,119092
2014-07-03,27.426,119092
2014-07-04,27.4323,119092
2014-07-06,27.4449,119092
2014-07-07,27.4513,119092
2014-07-08,27.4576,119092
2014-07-09,27.4639,119092
2014-07-10,27.4701,119092
2014-07-11,27.4762,119092
2014-07-13,27.4888,119092
2014-07-14,27.495,119092
2014-07-15,27.5014,119092
2014-07-16,27.5077,119092
2014-07-17,27.5141,119092
2014-07-18,27.5205,119092
2014-07-20,27.533,119092
2014-07-21,27.5394,119092
2014-07-22,27.5456,119092
2014-07-23,27.5517,119092
2014-07-24,27.5579,119092
2014-07-25,27.5643,119092
2014-07-27,27.5769,119092
2014-07-28,27.5832,119092
2014-07-29,27.5895,119092
2014-07-30,27.5959,119092
2014-07-31,27.6022,119092
2014-08-01,27.6086,119092
2014-08-03,27.6213,119092
2014-08-04,27.6277,119092
2014-08-05,27.6341,119092
2014-08-06,27.6404,119092
2014-08-07,27.6468,119092
2014-08-08,27.6531,119092
2014-08-10,27.6659,119092
2014-08-11,27.6723,119092
2014-08-12,27.6787,119092
2014-08-13,27.6851,119092
2014-08-14,27.6915,119092
2014-08-18,27.7173,119092
2014-08-19,27.7237,119092
2014-08-20,27.7301,119092
2014-08-21,27.7366,119092
2014-08-22,27.7431,119092
2014-08-24,27.7559,119092
2014-08-25,27.7624,119092
2014-08-26,27.769,119092
2014-08-27,27.7754,119092
2014-08-28,27.7821,119092
2014-08-31,27.8016,119092
2014-09-01,27.8081,119092
2014-09-02,27.8146,119092
2014-09-03,27.8211,119092
2014-09-04,27.8277,119092
2014-09-05,27.8342,119092
2014-09-07,27.8472,119092
2014-09-08,27.8538,119092
2014-09-09,27.8603,119092
2014-09-10,27.8669,119092
2014-09-11,27.8734,119092
2014-09-12,27.8799,119092
2014-09-14,27.893,119092
2014-09-15,27.8996,119092
2014-09-16,27.9062,119092
2014-09-17,27.9128,119092
2014-09-18,27.9195,119092
2014-09-19,27.9262,119092
2014-09-21,27.9395,119092
2014-09-22,27.9461,119092
2014-09-23,27.9528,119092
2014-09-24,27.9595,119092
2014-09-25,27.9661,119092
2014-09-26,27.9727,119092
2014-09-28,27.9858,119092
2014-09-29,27.9924,119092
2014-09-30,28.0002,119092
2014-10-01,28.006,119092
2014-10-06,28.0406,119092
2014-10-07,28.0473,119092
2014-10-08,28.0542,119092
2014-10-09,28.0608,119092
2014-10-10,28.0674,119092
2014-10-12,28.0806,119092
2014-10-13,28.0873,119092
2014-10-14,28.094,119092
2014-10-15,28.1006,119092
2014-10-16,28.1073,119092
2014-10-17,28.114,119092
2014-10-19,28.1272,119092
2014-10-20,28.1338,119092
2014-10-21,28.1404,119092
2014-10-22,28.1466,119092
2014-10-26,28.1734,119092
2014-10-27,28.1801,119092
2014-10-28,28.1867,119092
2014-10-29,28.1934,119092
2014-10-30,28.2001,119092
2014-10-31,28.2069,119092
2014-11-02,28.2203,119092
2014-11-03,28.227,119092
2014-11-04,28.2336,119092
2014-11-05,28.2404,119092
2014-11-06,28.247,119092
2014-11-07,28.2538,119092
2014-11-09,28.2669,119092
2014-11-10,28.2736,119092
2014-11-11,28.2802,119092
2014-11-12,28.2868,119092
2014-11-13,28.2934,119092
2014-11-14,28.3,119092
2014-11-16,28.3132,119092
2014-11-17,28.3199,119092
2014-11-18,28.3265,119092
2014-11-19,28.3332,119092
2014-11-20,28.3398,119092
2014-11-21,28.3465,119092
2014-11-23,28.3598,119092
2014-11-24,28.3664,119092
2014-11-25,28.373,119092
2014-11-26,28.3795,119092
2014-11-27,28.3861,119092
2014-11-28,28.3926,119092
2014-11-30,28.4057,119092
2014-12-01,28.4124,119092
2014-12-02,28.419,119092
2014-12-03,28.4256,119092
2014-12-04,28.4321,119092
2014-12-05,28.4387,119092
2014-12-07,28.4517,119092
2014-12-08,28.4582,119092
2014-12-09,28.4648,119092
2014-12-10,28.4713,119092
2014-12-11,28.4779,119092
2014-12-12,28.4846,119092
2014-12-14,28.4975,119092
2014-12-15,28.5039,119092
2014-12-16,28.5104,119092
2014-12-17,28.5169,119092
2014-12-18,28.5234,119092
2014-12-19,28.5299,119092
2014-12-21,28.543,119092
2014-12-22,28.5493,119092
2014-12-23,28.5559,119092
2014-12-24,28.5624,119092
2014-12-25,28.569,119092
2014-12-26,28.5754,119092
2014-12-28,28.5886,119092
2014-12-29,28.5952,119092
2014-12-30,28.6019,119092
2014-12-31,28.6091,119092
2015-01-01,28.616,119092
2015-01-02,28.6226,119092
2015-01-04,28.6357,119092
2015-01-05,28.6423,119092
2015-01-06,28.6489,119092
2015-01-07,28.6555,119092
2015-01-08,28.6621,119092
2015-01-09,28.6687,119092
2015-01-11,28.6819,119092
2015-01-12,28.6885,119092
2015-01-13,28.6951,119092
2015-01-14,28.7017,119092
2015-01-15,28.7084,119092
2015-01-16,28.715,119092
2015-01-18,28.7282,119092
2015-01-19,28.7348,119092
2015-01-20,28.7414,119092
2015-01-21,28.748,119092
2015-01-22,28.7546,119092
2015-01-23,28.7612,119092
2015-01-26,28.7808,119092
2015-01-27,28.7875,119092
2015-01-28,28.7941,119092
2015-01-29,28.8007,119092
2015-01-30,28.8074,119092
2015-02-01,28.8206,119092
2015-02-02,28.8272,119092
2015-02-03,28.8337,119092
2015-02-04,28.8403,119092
2015-02-05,28.8469,119092
2015-02-06,28.8535,119092
2015-02-08,28.8667,119092
2015-02-09,28.8733,119092
2015-02-10,28.8799,119092
2015-02-11,28.8865,119092
2015-02-12,28.8931,119092
2015-02-13,28.8997,119092
2015-02-15,28.9129,119092
2015-02-16,28.9195,119092
2015-02-17,28.926,119092
2015-02-18,28.9326,119092
2015-02-19,28.9392,119092
2015-02-20,28.9458,119092
2015-02-22,28.9591,119092
2015-02-23,28.9657,119092
2015-02-24,28.9723,119092
2015-02-25,28.9789,119092
2015-02-26,28.9857,119092
2015-02-27,28.9925,119092
2015-03-01,29.0062,119092
2015-03-02,29.0128,119092
2015-03-03,29.0196,119092
2015-03-04,29.0269,119092
2015-03-05,29.034,119092
2015-03-08,29.0546,119092
2015-03-09,29.0612,119092
2015-03-10,29.068,119092
2015-03-11,29.0746,119092
2015-03-12,29.0813,119092
2015-03-13,29.0881,119092
2015-03-15,29.1021,119092
2015-03-16,29.1089,119092
2015-03-17,29.1157,119092
2015-03-18,29.1225,119092
2015-03-19,29.1293,119092
2015-03-20,29.1361,119092
2015-03-22,29.15,119092
2015-03-23,29.1566,119092
2015-03-24,29.1631,119092
2015-03-25,29.1698,119092
2015-03-26,29.1768,119092
2015-03-27,29.1838,119092
2015-03-29,29.1978,119092
2015-03-30,29.2056,119092
2015-03-31,29.2191,119092
2015-04-05,29.2588,119092
2015-04-06,29.2665,119092
2015-04-07,29.2735,119092
2015-04-08,29.2801,119092
2015-04-09,29.2871,119092
2015-04-10,29.2936,119092
2015-04-12,29.3073,119092
2015-04-13,29.314,119092
2015-04-14,29.3208,119092
2015-04-15,29.3276,119092
2015-04-16,29.3343,119092
2015-04-17,29.3411,119092
2015-04-19,29.3548,119092
2015-04-20,29.3616,119092
2015-04-21,29.3684,119092
2015-04-22,29.3751,119092
2015-04-23,29.3819,119092
2015-04-24,29.3887,119092
2015-04-26,29.4023,119092
2015-04-27,29.409,119092
2015-04-28,29.4158,119092
2015-04-29,29.4227,119092
2015-04-30,29.4294,119092
2015-05-04,29.4569,119092
2015-05-05,29.4635,119092
2015-05-06,29.4702,119092
2015-05-07,29.4768,119092
2015-05-08,29.4835,119092
2015-05-10,29.497,119092
2015-05-11,29.5038,119092
2015-05-12,29.5106,119092
2015-05-13,29.5174,119092
2015-05-14,29.5243,119092
2015-05-15,29.531,119092
2015-05-17,29.5448,119092
2015-05-18,29.5519,119092
2015-05-19,29.5588,119092
2015-05-20,29.5655,119092
2015-05-21,29.5726,119092
2015-05-22,29.5794,119092
2015-05-24,29.5925,119092
2015-05-25,29.5994,119092
2015-05-26,29.6063,119092
2015-05-27,29.6131,119092
2015-05-28,29.6199,119092
2015-05-29,29.6269,119092
2015-05-31,29.64,119092
2015-06-01,29.647,119092
2015-06-02,29.6537,119092
2015-06-03,29.6605,119092
2015-06-04,29.6673,119092
2015-06-05,29.6739,119092
2015-06-07,29.6871,119092
2015-06-08,29.6937,119092
2015-06-09,29.7004,119092
2015-06-10,29.7071,119092
2015-06-11,29.7137,119092
2015-06-12,29.7203,119092
2015-06-14,29.7336,119092
2015-06-15,29.7401,119092
2015-06-16,29.7466,119092
2015-06-17,29.7532,119092
2015-06-18,29.7597,119092
2015-06-19,29.7664,119092
2015-06-21,29.7793,119092
2015-06-22,29.7858,119092
2015-06-23,29.7923,119092
2015-06-24,29.7989,119092
2015-06-25,29.8054,119092
2015-06-26,29.8121,119092
2015-06-28,29.8251,119092
2015-06-29,29.8317,119092
2015-06-30,29.8396,119092
2015-07-01,29.8462,119092
2015-07-02,29.8528,119092
2015-07-03,29.8595,119092
2015-07-05,29.8724,119092
2015-07-06,29.8791,119092
2015-07-07,29.8856,119092
2015-07-08,29.8921,119092
2015-07-09,29.8986,119092
2015-07-10,29.9052,119092
2015-07-12,29.9184,119092
2015-07-13,29.9249,119092
2015-07-14,29.9315,119092
2015-07-15,29.938,119092
2015-07-16,29.9445,119092
2015-07-17,29.9511,119092
2015-07-19,29.9643,119092
2015-07-20,29.9708,119092
2015-07-21,29.9774,119092
2015-07-22,29.9839,119092
2015-07-23,29.9904,119092
2015-07-24,29.997,119092
2015-07-26,30.0102,119092
2015-07-27,30.0166,119092
2015-07-28,30.0231,119092
2015-07-29,30.0296,119092
2015-07-30,30.0361,119092
2015-07-31,30.0425,119092
2015-08-02,30.0556,119092
2015-08-03,30.062,119092
2015-08-04,30.0685,119092
2015-08-05,30.075,119092
2015-08-06,30.0813,119092
2015-08-07,30.0879,119092
2015-08-09,30.1011,119092
2015-08-10,30.1076,119092
2015-08-11,30.1139,119092
2015-08-12,30.1204,119092
2015-08-13,30.1267,119092
2015-08-14,30.1332,119092
2015-08-16,30.1463,119092
2015-08-17,30.1524,119092
2015-08-18,30.1587,119092
2015-08-19,30.1649,119092
2015-08-20,30.1712,119092
2015-08-21,30.1777,119092
2015-08-23,30.1905,119092
2015-08-24,30.1967,119092
2015-08-25,30.203,119092
2015-08-26,30.2093,119092
2015-08-27,30.2156,119092
2015-08-28,30.2219,119092
2015-08-30,3023.47,119092
2015-08-31,3024.094,119092
2015-09-01,3024.7217,119092
2015-09-02,3025.3461,119092
2015-09-03,3025.9735,119092
2015-09-04,3026.5983,119092
2015-09-06,3027.9099,119092
2015-09-07,3028.5349,119092
2015-09-08,3029.156,119092
2015-09-09,3029.7792,119092
2015-09-10,3030.3753,119092
2015-09-11,3030.9723,119092
2015-09-13,3032.2699,119092
2015-09-14,3032.8914,119092
2015-09-15,3033.5229,119092
2015-09-16,3034.1444,119092
2015-09-17,3034.7669,119092
2015-09-18,3035.4112,119092
2015-09-20,3036.6963,119092
2015-09-21,3037.3316,119092
2015-09-22,3037.9614,119092
2015-09-23,3038.592,119092
2015-09-24,3039.2221,119092
2015-09-27,3041.1659,119092
2015-09-28,3041.805,119092
2015-09-29,3042.6718,119092
2015-09-30,3043.4443,119092
2015-10-01,3044.1152,119092
2015-10-04,3046.0815,119092
2015-10-05,3046.7171,119092
2015-10-06,3047.348,119092
2015-10-07,3047.9811,119092
2015-10-08,3048.6109,119092
2015-10-09,3049.2565,119092
2015-10-11,3050.5247,119092
2015-10-12,3051.1526,119092
2015-10-13,3051.7763,119092
2015-10-14,3052.405,119092
2015-10-15,3053.0272,119092
2015-10-16,3053.6683,119092
2015-10-18,3054.9508,119092
2015-10-19,3055.572,119092
2015-10-20,3056.1957,119092
2015-10-21,3056.838,119092
2015-10-22,3057.4803,119092
2015-10-23,3058.104,119092
2015-10-25,3059.3499,119092
2015-10-26,3059.9919,119092
2015-10-27,3060.6123,119092
2015-10-28,3061.2513,119092
2015-10-29,3061.871,119092
2015-10-30,3062.5204,119092
2015-11-01,3063.8107,119092
2015-11-02,3064.428,119092
2015-11-03,3065.0468,119092
2015-11-04,3065.6646,119092
2015-11-05,3066.2883,119092
2015-11-06,3066.9314,119092
2015-11-08,3068.2149,119092
2015-11-09,3068.8375,119092
2015-11-10,3069.476,119092
2015-11-12,3070.7243,119092
2015-11-13,3071.3642,119092
2015-11-15,3072.6355,119092
2015-11-16,3073.2585,119092
2015-11-17,3073.8901,119092
2015-11-18,3074.5085,119092
2015-11-19,3075.1328,119092
2015-11-20,3075.6872,119092
2015-11-22,3076.982,119092
2015-11-23,3077.5969,119092
2015-11-24,3078.2189,119092
2015-11-25,3078.8659,119092
2015-11-26,3079.5045,119092
2015-11-27,3080.137,119092
2015-11-29,3081.3229,119092
2015-11-30,3081.933,119092
2015-12-01,3082.5388,119092
2015-12-02,3083.1525,119092
2015-12-03,3083.7681,119092
2015-12-04,3084.3877,119092
2015-12-06,3085.6465,119092
2015-12-07,3086.2556,119092
2015-12-08,3086.8712,119092
2015-12-09,3087.4736,119092
2015-12-10,3088.0813,119092
2015-12-11,3088.6927,119092
2015-12-13,3089.9734,119092
2015-12-14,3090.5792,119092
2015-12-15,3091.2349,119092
2015-12-16,3091.8707,119092
2015-12-17,3092.5023,119092
2015-12-18,3093.1513,119092
2015-12-20,3094.4618,119092
2015-12-21,3095.1029,119092
2015-12-22,3095.7407,119092
2015-12-23,3096.3937,119092
2015-12-27,3098.9965,119092
2015-12-28,3099.6221,119092
2015-12-29,3100.264,119092
2015-12-30,3100.9072,119092
2015-12-31,3101.6925,119092
2016-01-01,3102.3838,119092
2016-01-03,3103.5954,119092
2016-01-04,3104.225,119092
2016-01-05,3104.8751,119092
2016-01-06,3105.5455,119092
2016-01-07,3106.1847,119092
2016-01-08,3106.8293,119092
2016-01-10,3108.1152,119092
2016-01-11,3108.7484,119092
2016-01-12,3109.3768,119092
2016-01-13,3110.017,119092
2016-01-14,3110.6499,119092
2016-01-15,3111.2911,119092
2016-01-17,3112.5858,119092
2016-01-18,3113.2147,119092
2016-01-19,3113.8248,119092
2016-01-20,3114.4613,119092
2016-01-21,3115.0846,119092
2016-01-22,3115.7175,119092
2016-01-24,3116.9944,119092
2016-01-25,3117.612,119092
2016-01-26,3118.2575,119092
2016-01-27,3118.8894,119092
2016-01-28,3119.5284,119092
2016-01-29,3120.1605,119092
2016-01-31,3121.4624,119092
2016-02-01,3122.1056,119092
2016-02-02,3122.7447,119092
2016-02-03,3123.3797,119092
2016-02-04,3124.0179,119092
2016-02-05,3124.6154,119092
2016-02-07,3125.9741,119092
2016-02-08,3126.6269,119092
2016-02-09,3127.2983,119092
2016-02-10,3127.9645,119092
2016-02-11,3128.6196,119092
2016-02-12,3129.2884,119092
2016-02-14,3130.6152,119092
2016-02-15,3131.2698,119092
2016-02-16,3131.9276,119092
2016-02-17,3132.5846,119092
2016-02-18,3133.2112,119092
2016-02-21,3135.2388,119092
2016-02-22,3135.8917,119092
2016-02-23,3136.5331,119092
2016-02-24,3137.1609,119092
2016-02-25,3137.7835,119092
2016-02-26,3138.3921,119092
2016-02-28,3139.7574,119092
2016-02-29,3140.4691,119092
2016-03-01,3141.1679,119092
2016-03-02,3141.8721,119092
2016-03-03,3142.5577,119092
2016-03-04,3143.2208,119092
2016-03-07,3145.2805,119092
2016-03-08,3145.9221,119092
2016-03-09,3146.6036,119092
2016-03-10,3147.2584,119092
2016-03-11,3147.9784,119092
2016-03-13,3149.4017,119092
2016-03-14,3150.2227,119092
2016-03-15,3150.9635,119092
2016-03-16,3151.6748,119092
2016-03-17,3152.4093,119092
2016-03-18,3153.1528,119092
2016-03-20,3154.5758,119092
2016-03-21,3155.2912,119092
2016-03-22,3155.9923,119092
2016-03-23,3156.4726,119092
2016-03-27,3159.3598,119092
2016-03-28,3159.9847,119092
2016-03-29,3160.7439,119092
2016-03-30,3161.7279,119092
2016-03-31,3163.9749,119092
2016-04-03,3166.6893,119092
2016-04-04,3167.5146,119092
2016-04-05,3168.3416,119092
2016-04-06,3169.0079,119092
2016-04-07,3169.7482,119092
2016-04-10,3171.9299,119092
2016-04-11,3172.6688,119092
2016-04-12,3173.3481,119092
2016-04-13,3174.0609,119092
2016-04-17,3176.9229,119092
2016-04-18,3177.6109,119092
2016-04-19,3178.2989,119092
2016-04-20,3178.9937,119092
2016-04-21,3179.6725,119092
2016-04-22,3180.3791,119092
2016-04-24,3181.7971,119092
2016-04-25,3182.4759,119092
2016-04-26,3183.167,119092
2016-04-27,3183.8524,119092
2016-04-28,3184.5522,119092
2016-04-29,3185.241,119092
2016-05-01,3186.6296,119092
2016-05-02,3187.328,119092
2016-05-03,3188.0279,119092
2016-05-04,3188.7163,119092
2016-05-05,3189.4069,119092
2016-05-06,3190.0927,119092
2016-05-08,3191.5075,119092
2016-05-09,3192.1855,119092
2016-05-10,3192.864,119092
2016-05-11,3193.5508,119092
2016-05-12,3194.2406,119092
2016-05-13,3194.928,119092
2016-05-15,3196.3182,119092
2016-05-16,3197.0099,119092
2016-05-17,3197.6936,119092
2016-05-18,3198.4011,119092
2016-05-19,3199.0833,119092
2016-05-20,3199.7975,119092
2016-05-22,3201.1418,119092
2016-05-23,3201.822,119092
2016-05-24,3202.4885,119092
2016-05-25,3203.1676,119092
2016-05-26,3203.8147,119092
2016-05-27,3204.4825,119092
2016-05-29,3205.8183,119092
2016-05-30,3206.47,119092
2016-05-31,3207.1892,119092
2016-06-01,3207.8852,119092
2016-06-02,3208.578,119092
2016-06-03,3209.248,119092
2016-06-05,3210.5478,119092
2016-06-06,3211.27,119092
2016-06-07,3211.9477,119092
2016-06-08,3212.6384,119092
2016-06-09,3213.2888,119092
2016-06-10,3213.9764,119092
2016-06-12,3215.3314,119092
2016-06-13,3216.0085,119092
2016-06-14,3216.6962,119092
2016-06-15,3217.3867,119092
2016-06-16,3218.0488,119092
2016-06-17,3218.6867,119092
2016-06-19,3220.0235,119092
2016-06-20,3220.6629,119092
2016-06-21,3221.3228,119092
2016-06-22,3221.9762,119092
2016-06-23,3222.6357,119092
2016-06-24,3223.2605,119092
2016-06-26,3224.6494,119092
2016-06-27,3225.3149,119092
2016-06-28,3225.9881,119092
2016-06-29,3226.6535,119092
2016-06-30,3227.4877,119092
2016-07-01,3228.2491,119092
2016-07-03,3229.5843,119092
2016-07-04,3230.2398,119092
2016-07-05,3230.9013,119092
2016-07-06,3231.5512,119092
2016-07-07,3232.2341,119092
2016-07-08,3232.8805,119092
2016-07-10,3234.1729,119092
2016-07-11,3234.8239,119092
2016-07-12,3235.4789,119092
2016-07-13,3236.1354,119092
2016-07-14,3236.8338,119092
2016-07-15,3237.4948,119092
2016-07-17,3238.7807,119092
2016-07-18,3239.418,119092
2016-07-19,3240.0509,119092
2016-07-20,3240.6932,119092
2016-07-21,3241.3324,119092
2016-07-22,3241.9722,119092
2016-07-24,3243.2429,119092
2016-07-25,3243.8699,119092
2016-07-26,3244.5138,119092
2016-07-27,3245.1498,119092
2016-07-28,3245.7931,119092
2016-07-29,3246.4186,119092
2016-07-31,3247.6269,119092
2016-08-01,3248.2477,119092
2016-08-02,3248.8641,119092
2016-08-03,3249.5571,119092
2016-08-04,3250.169,119092
2016-08-05,3250.7934,119092
2016-08-07,3252.0719,119092
2016-08-08,3252.7127,119092
2016-08-09,3253.3384,119092
2016-08-10,3253.9374,119092
2016-08-11,3254.5885,119092
2016-08-12,3255.189,119092
2016-08-15,3257.1109,119092
2016-08-16,3257.7361,119092
2016-08-17,3258.3493,119092
2016-08-18,3258.9676,119092
2016-08-19,3259.5958,119092
2016-08-21,3260.8526,119092
2016-08-22,3261.4735,119092
2016-08-23,3262.0914,119092
2016-08-24,3262.7101,119092
2016-08-25,3263.3265,119092
2016-08-26,3263.9616,119092
2016-08-28,3265.1935,119092
2016-08-29,3265.8052,119092
2016-08-30,3266.3862,119092
2016-08-31,3267.016,119092
2016-09-01,3267.6127,119092
2016-09-02,3268.2219,119092
2016-09-05,3270.1044,119092
2016-09-06,3270.7148,119092
2016-09-07,3271.3271,119092
2016-09-08,3271.9333,119092
2016-09-09,3272.5127,119092
2016-09-11,3273.7481,119092
2016-09-12,3274.3642,119092
2016-09-13,3274.9709,119092
2016-09-14,3275.5936,119092
2016-09-15,3276.2065,119092
2016-09-16,3276.801,119092
2016-09-18,3278.0521,119092
2016-09-19,3278.663,119092
2016-09-20,3279.2752,119092
2016-09-21,3279.876,119092
2016-09-22,3280.4814,119092
2016-09-23,3281.1054,119092
2016-09-25,3282.3437,119092
2016-09-26,3282.9408,119092
2016-09-27,3283.5518,119092
2016-09-28,3284.1669,119092
2016-09-29,3284.7643,119092
2016-09-30,3285.5718,119092
2016-10-02,3286.984,119092
2016-10-03,3287.5974,119092
2016-10-04,3288.2173,119092
2016-10-05,3288.8341,119092
2016-10-06,3289.4548,119092
2016-10-07,3290.0718,119092
2016-10-09,3291.3016,119092
2016-10-10,3291.8892,119092
2016-10-12,3293.0718,119092
2016-10-13,3293.6862,119092
2016-10-14,3294.2376,119092
2016-10-16,3295.5288,119092
2016-10-17,3296.1379,119092
2016-10-18,3296.7442,119092
2016-10-19,3297.3496,119092
2016-10-20,3297.9555,119092
2016-10-21,3298.5155,119092
2016-10-23,3299.7659,119092
2016-10-24,3300.377,119092
2016-10-25,3300.9863,119092
2016-10-26,3301.5958,119092
2016-10-27,3302.2025,119092
2016-10-28,3302.8225,119092
2016-10-31,3304.6573,119092
2016-11-01,3305.2766,119092
2016-11-02,3305.8902,119092
2016-11-03,3306.5054,119092
2016-11-04,3307.1195,119092
2016-11-06,3308.346,119092
2016-11-07,3308.9568,119092
2016-11-08,3309.568,119092
2016-11-09,3310.1841,119092
2016-11-10,3310.7985,119092
2016-11-11,3311.4206,119092
2016-11-14,3313.2632,119092
2016-11-15,3313.9608,119092
2016-11-16,3314.6059,119092
2016-11-17,3315.2236,119092
2016-11-18,3315.833,119092
2016-11-20,3317.0768,119092
2016-11-21,3317.7077,119092
2016-11-22,3318.3199,119092
2016-11-23,3318.9476,119092
2016-11-24,3319.7674,119092
2016-11-25,3320.2845,119092
2016-11-27,3321.4727,119092
2016-11-28,3321.9533,119092
2016-11-29,3322.5491,119092
2016-11-30,3323.183,119092
2016-12-01,3323.7685,119092
2016-12-02,3324.091,119092
2016-12-04,3325.3068,119092
2016-12-05,3325.9363,119092
2016-12-06,3326.5241,119092
2016-12-07,3326.6282,119092
2016-12-08,3327.206,119092
2016-12-09,3327.8721,119092
2016-12-12,3329.6099,119092
2016-12-13,3330.2177,119092
2016-12-14,3330.8499,119092
2016-12-15,3331.4481,119092
2016-12-16,3331.9311,119092
2016-12-18,3333.202,119092
2016-12-19,3333.7658,119092
2016-12-20,3334.3649,119092
2016-12-21,3334.9395,119092
2016-12-22,3335.4822,119092
2016-12-23,3335.9415,119092
2016-12-25,3337.3036,119092
2016-12-26,3337.8844,119092
2016-12-27,3338.4742,119092
2016-12-28,3339.1087,119092
2016-12-29,3339.7057,119092
2016-12-30,3340.3831,119092
2017-01-01,3341.6261,119092
2017-01-02,3342.2468,119092
2017-01-03,3342.8581,119092
2017-01-04,3343.4504,119092
2017-01-05,3344.0332,119092
2017-01-06,3344.6377,119092
2017-01-08,3345.8006,119092
2017-01-09,3346.3857,119092
2017-01-10,3346.9752,119092
2017-01-11,3347.5491,119092
2017-01-12,3348.1344,119092
2017-01-13,3348.7321,119092
2017-01-15,3349.9292,119092
2017-01-16,3350.5195,119092
2017-01-17,3351.1052,119092
2017-01-18,3351.7146,119092
2017-01-19,3352.3153,119092
2017-01-20,3352.9119,119092
2017-01-22,3354.1307,119092
2017-01-23,3354.7281,119092
2017-01-24,3355.331,119092
2017-01-25,3355.8844,119092
2017-01-26,3356.5187,119092
2017-01-27,3357.1171,119092
2017-01-29,3358.3187,119092
2017-01-30,3358.9266,119092
2017-01-31,3359.5364,119092
2017-02-01,3360.1553,119092
2017-02-02,3360.7552,119092
2017-02-03,3361.3876,119092
2017-02-05,3362.6327,119092
2017-02-06,3363.2356,119092
2017-02-07,3363.8316,119092
2017-02-08,3364.1948,119092
2017-02-09,3364.7957,119092
2017-02-10,3365.4149,119092
2017-02-12,3366.6653,119092
2017-02-13,3367.2951,119092
2017-02-14,3367.9234,119092
2017-02-15,3368.5395,119092
2017-02-16,3369.1393,119092
2017-02-17,3369.7884,119092
2017-02-19,3370.9916,119092
2017-02-20,3371.5929,119092
2017-02-21,3372.1964,119092
2017-02-22,3372.8098,119092
2017-02-23,3373.4434,119092
2017-02-26,3375.2892,119092
2017-02-27,3375.9059,119092
2017-02-28,3376.5187,119092
2017-03-01,3377.1059,119092
2017-03-02,3377.7013,119092
2017-03-03,3378.2907,119092
2017-03-05,3379.5549,119092
2017-03-06,3380.131,119092
2017-03-07,3380.7249,119092
2017-03-08,3381.3211,119092
2017-03-09,3381.8949,119092
2017-03-10,3382.4619,119092
2017-03-13,3384.2804,119092
2017-03-14,3384.8697,119092
2017-03-15,3385.499,119092
2017-03-16,3386.1096,119092
2017-03-17,3386.6985,119092
2017-03-19,3388.0524,119092
2017-03-20,3388.6912,119092
2017-03-21,3389.3605,119092
2017-03-22,3390.0157,119092
2017-03-23,3390.6252,119092
2017-03-24,3391.2272,119092
2017-03-26,3392.4825,119092
2017-03-27,3393.0739,119092
2017-03-28,3393.6617,119092
2017-03-29,3394.2784,119092
2017-03-30,3394.8801,119092
2017-03-31,3395.8471,119092
2017-04-02,3397.3563,119092
2017-04-03,3397.9286,119092
2017-04-04,3398.5121,119092
2017-04-05,3399.1106,119092
2017-04-06,3399.6978,119092
2017-04-07,3400.28,119092
2017-04-09,3401.4509,119092
2017-04-10,3402.0715,119092
2017-04-11,3402.6946,119092
2017-04-12,3403.3109,119092
2017-04-13,3403.8668,119092
2017-04-16,3405.7759,119092
2017-04-17,3406.3729,119092
2017-04-18,3406.9751,119092
2017-04-19,3407.5716,119092
2017-04-20,3408.1668,119092
2017-04-21,3408.7567,119092
2017-04-23,3409.9717,119092
2017-04-24,3410.5636,119092
2017-04-25,3411.1644,119092
2017-04-26,3411.7395,119092
2017-04-27,3412.3377,119092
2017-04-28,3412.9483,119092
2017-05-01,3414.787,119092
2017-05-02,3415.3902,119092
2017-05-03,3415.9934,119092
2017-05-04,3416.5907,119092
2017-05-05,3417.1956,119092
2017-05-07,3418.3994,119092
2017-05-08,3419.0012,119092
2017-05-09,3419.6046,119092
2017-05-10,3420.1978,119092
2017-05-11,3420.811,119092
2017-05-12,3421.3996,119092
2017-05-14,3422.6103,119092
2017-05-15,3423.2162,119092
2017-05-16,3423.8348,119092
2017-05-17,3424.4451,119092
2017-05-18,3425.0538,119092
2017-05-19,3425.6616,119092
2017-05-21,3426.8536,119092
2017-05-22,3427.4639,119092
2017-05-23,3428.0849,119092
2017-05-24,3428.6965,119092
2017-05-25,3429.3081,119092
2017-05-26,3429.9237,119092
2017-05-28,3431.1415,119092
2017-05-29,3431.7449,119092
2017-05-30,3432.3465,119092
2017-05-31,3432.9463,119092
2017-06-01,3433.557,119092
2017-06-02,3434.1943,119092
2017-06-04,3435.3928,119092
2017-06-05,3436.0053,119092
2017-06-06,3436.5893,119092
2017-06-07,3437.2181,119092
2017-06-08,3437.8295,119092
2017-06-09,3438.4636,119092
2017-06-11,3439.6816,119092
2017-06-12,3440.2725,119092
2017-06-13,3440.9013,119092
2017-06-14,3441.5029,119092
2017-06-15,3442.1103,119092
2017-06-16,3442.7067,119092
2017-06-18,3443.908,119092
2017-06-19,3444.5165,119092
2017-06-20,3445.115,119092
2017-06-21,3445.7205,119092
2017-06-22,3446.3278,119092
2017-06-23,3446.9477,119092
2017-06-26,3448.7966,119092
2017-06-27,3449.4114,119092
2017-06-28,3449.9969,119092
2017-06-29,3450.5748,119092
2017-06-30,3451.246,119092
2017-07-02,3452.5884,119092
2017-07-03,3453.207,119092
2017-07-04,3453.8592,119092
2017-07-05,3454.4816,119092
2017-07-06,3455.1129,119092
2017-07-07,3455.7809,119092
2017-07-09,3456.9857,119092
2017-07-10,3457.6327,119092
2017-07-11,3458.2367,119092
2017-07-12,3458.8728,119092
2017-07-13,3459.5201,119092
2017-07-14,3460.1391,119092
2017-07-16,3461.3384,119092
2017-07-17,3461.952,119092
2017-07-18,3462.5699,119092
2017-07-19,3463.2174,119092
2017-07-20,3463.8272,119092
2017-07-21,3464.4634,119092
2017-07-23,3465.6748,119092
2017-07-24,3466.2928,119092
2017-07-25,3466.8883,119092
2017-07-26,3467.5183,119092
2017-07-27,3468.107,119092
2017-07-28,3468.7047,119092
2017-07-30,3469.9106,119092
2017-07-31,3470.5092,119092
2017-08-01,3471.0974,119092
2017-08-02,3471.702,119092
2017-08-03,3472.3171,119092
2017-08-04,3472.9164,119092
2017-08-06,3474.1128,119092
2017-08-07,3474.7115,119092
2017-08-08,3475.3099,119092
2017-08-09,3475.9185,119092
2017-08-10,3476.5118,119092
2017-08-11,3477.1149,119092
2017-08-13,3478.3021,119092
2017-08-14,3478.9037,119092
2017-08-15,3479.4987,119092
2017-08-16,3480.0686,119092
2017-08-17,3480.6884,119092
2017-08-18,3481.2819,119092
2017-08-20,3482.474,119092
2017-08-21,3483.0632,119092
2017-08-22,3483.6659,119092
2017-08-23,3484.2725,119092
2017-08-24,3484.8561,119092
2017-08-27,3486.6244,119092
2017-08-28,3487.2089,119092
2017-08-29,3487.8157,119092
2017-08-30,3488.4005,119092
2017-08-31,3489.0178,119092
2017-09-01,3489.6208,119092
2017-09-03,3490.8296,119092
2017-09-04,3491.4433,119092
2017-09-05,3492.0355,119092
2017-09-06,3492.6349,119092
2017-09-07,3493.227,119092
2017-09-08,3493.8069,119092
2017-09-10,3494.9759,119092
2017-09-11,3495.5739,119092
2017-09-12,3496.1883,119092
2017-09-13,3496.7768,119092
2017-09-14,3497.3672,119092
2017-09-15,3497.9925,119092
2017-09-17,3499.2095,119092
2017-09-18,3499.8105,119092
2017-09-19,3500.4063,119092
2017-09-20,3501.0242,119092
2017-09-21,3501.6227,119092
2017-09-22,3502.1914,119092
2017-09-24,3503.3869,119092
2017-09-25,3504.023,119092
2017-09-26,3504.6901,119092
2017-09-27,3505.2812,119092
2017-09-28,3505.8793,119092
2017-09-29,3506.5189,119092
2017-10-02,3508.3081,119092
2017-10-03,3508.956,119092
2017-10-04,3509.5354,119092
2017-10-05,3510.1388,119092
2017-10-06,3510.7308,119092
2017-10-08,3511.9282,119092
2017-10-09,3512.5321,119092
2017-10-10,3513.115,119092
2017-10-11,3513.7349,119092
2017-10-12,3514.3437,119092
2017-10-13,3514.9665,119092
2017-10-15,3516.1886,119092
2017-10-16,3516.8144,119092
2017-10-17,3517.4036,119092
2017-10-18,3518.0043,119092
2017-10-22,3520.3989,119092
2017-10-23,3521.011,119092
2017-10-24,3521.5948,119092
2017-10-25,3522.221,119092
2017-10-26,3522.8018,119092
2017-10-27,3523.411,119092
2017-10-29,3524.6227,119092
2017-10-30,3525.2191,119092
2017-10-31,3525.8116,119092
2017-11-01,3526.408,119092
2017-11-02,3527.0105,119092
2017-11-03,3527.601,119092
2017-11-05,3528.798,119092
2017-11-06,3529.4068,119092
2017-11-07,3530.0342,119092
2017-11-08,3530.6387,119092
2017-11-09,3531.2451,119092
2017-11-10,3531.8502,119092
2017-11-12,3533.0683,119092
2017-11-13,3533.6697,119092
2017-11-14,3534.2681,119092
2017-11-15,3534.8827,119092
2017-11-16,3535.4928,119092
2017-11-17,3536.0914,119092
2017-11-19,3537.2944,119092
2017-11-20,3537.9161,119092
2017-11-21,3538.5166,119092
2017-11-22,3539.1201,119092
2017-11-23,3539.7227,119092
2017-11-24,3540.3302,119092
2017-11-26,3541.5561,119092
2017-11-27,3542.15,119092
2017-11-28,3542.7641,119092
2017-11-29,3543.3719,119092
2017-11-30,3543.9693,119092
2017-12-03,3545.7868,119092
2017-12-04,3546.3997,119092
2017-12-05,3546.9882,119092
2017-12-06,3547.5998,119092
2017-12-07,3548.2344,119092
2017-12-08,3548.8589,119092
2017-12-10,3550.1024,119092
2017-12-11,3550.7104,119092
2017-12-12,3551.3086,119092
2017-12-13,3551.9114,119092
2017-12-14,3552.4995,119092
2017-12-15,3553.0779,119092
2017-12-17,3554.2968,119092
2017-12-18,3554.8994,119092
2017-12-19,3555.4996,119092
2017-12-20,3556.0288,119092
2017-12-21,3556.5746,119092
2017-12-22,3557.2266,119092
2017-12-25,3559.0987,119092
2017-12-26,3559.6842,119092
2017-12-27,3560.3213,119092
2017-12-28,3560.9847,119092
2017-12-29,3561.7674,119092
2017-12-31,3563.0394,119092
2018-01-01,3563.7227,119092
2018-01-02,3564.3398,119092
2018-01-03,3564.9531,119092
2018-01-04,3565.5403,119092
2018-01-05,3566.1723,119092
2018-01-07,3567.4437,119092
2018-01-08,3568.0726,119092
2018-01-09,3568.6921,119092
2018-01-10,3569.3069,119092
2018-01-11,3569.9336,119092
2018-01-12,3570.5428,119092
2018-01-14,3571.8037,119092
2018-01-15,3572.4517,119092
2018-01-16,3573.0813,119092
2018-01-17,3573.6985,119092
2018-01-18,3574.3341,119092
2018-01-19,3574.9524,119092
2018-01-21,3576.2535,119092
2018-01-22,3576.887,119092
2018-01-23,3577.5242,119092
2018-01-24,3578.159,119092
2018-01-25,3578.7968,119092
2018-01-28,3580.73,119092
2018-01-29,3581.3825,119092
2018-01-30,3582.0546,119092
2018-01-31,3582.7053,119092
2018-02-01,3583.3151,119092
2018-02-02,3583.9712,119092
2018-02-04,3585.2874,119092
2018-02-05,3585.91,119092
2018-02-06,3586.5624,119092
2018-02-07,3587.2406,119092
2018-02-08,3587.8768,119092
2018-02-09,3588.5597,119092
2018-02-11,3589.8896,119092
2018-02-12,3590.5319,119092
2018-02-13,3591.185,119092
2018-02-14,3591.8457,119092
2018-02-15,3592.5023,119092
2018-02-16,3593.1606,119092
2018-02-19,3595.1452,119092
2018-02-20,3595.768,119092
2018-02-21,3596.4411,119092
2018-02-22,3597.0718,119092
2018-02-23,3597.7262,119092
2018-02-25,3599.0464,119092
2018-02-26,3599.7169,119092
2018-02-27,3600.3825,119092
2018-02-28,3601.0493,119092
2018-03-01,3601.76,119092
2018-03-04,3603.8577,119092
2018-03-05,3604.5069,119092
2018-03-06,3605.2029,119092
2018-03-07,3606.0523,119092
2018-03-08,3606.6961,119092
2018-03-09,3607.3635,119092
2018-03-11,3608.7393,119092
2018-03-12,3609.4878,119092
2018-03-13,3610.1864,119092
2018-03-14,3610.8811,119092
2018-03-15,3611.6945,119092
2018-03-16,3612.8496,119092
2018-03-18,3614.2642,119092
2018-03-19,3614.9855,119092
2018-03-20,3615.6278,119092
2018-03-21,3616.2006,119092
2018-03-22,3616.823,119092
2018-03-23,3617.299,119092
2018-03-25,3618.7356,119092
2018-03-26,3619.302,119092
2018-03-27,3620.0415,119092
2018-03-28,3622.3038,119092
2018-03-31,3624.4209,119092
2018-04-02,3625.8417,119092
2018-04-03,3626.587,119092
2018-04-04,3627.3585,119092
2018-04-05,3628.0483,119092
2018-04-06,3628.7427,119092
2018-04-08,3630.1161,119092
2018-04-09,3630.831,119092
2018-04-10,3631.5028,119092
2018-04-11,3632.1726,119092
2018-04-12,3632.833,119092
2018-04-13,3633.52,119092
2018-04-15,3634.9082,119092
2018-04-16,3635.6015,119092
2018-04-17,3636.2486,119092
2018-04-18,3636.9573,119092
2018-04-19,3637.6273,119092
2018-04-20,3638.1565,119092
2018-04-22,3639.5464,119092
2018-04-23,3640.1528,119092
2018-04-24,3640.8015,119092
2018-04-25,3641.4727,119092
2018-04-26,3642.1652,119092
2018-04-27,3642.8498,119092
2018-05-01,3645.6219,119092
2018-05-02,3646.2495,119092
2018-05-03,3646.8796,119092
2018-05-04,3647.4455,119092
2018-05-06,3648.8176,119092
2018-05-07,3649.4832,119092
2018-05-08,3650.0968,119092
2018-05-09,3650.6892,119092
2018-05-10,3651.1807,119092
2018-05-11,3651.8417,119092
2018-05-13,3653.2387,119092
2018-05-14,3653.8744,119092
2018-05-15,3654.3493,119092
2018-05-16,3654.9359,119092
2018-05-17,3655.5548,119092
2018-05-18,3656.2124,119092
2018-05-20,3657.6351,119092
2018-05-21,3658.2341,119092
2018-05-22,3658.9296,119092
2018-05-23,3659.6033,119092
2018-05-24,3660.2814,119092
2018-05-25,3660.977,119092
2018-05-27,3662.439,119092
2018-05-28,3663.1364,119092
2018-05-29,3663.9097,119092
2018-05-30,3664.6508,119092
2018-05-31,3665.3407,119092
2018-06-01,3666.0448,119092
2018-06-04,3668.204,119092
2018-06-05,3669.0214,119092
2018-06-06,3669.9188,119092
2018-06-07,3670.6413,119092
2018-06-08,3671.3584,119092
2018-06-11,3673.5316,119092
2018-06-12,3674.2557,119092
2018-06-13,3674.9731,119092
2018-06-14,3675.6996,119092
2018-06-15,3676.4459,119092
2018-06-18,3678.745,119092
2018-06-19,3679.6877,119092
2018-06-20,3680.5289,119092
2018-06-21,3681.283,119092
2018-06-22,3681.9541,119092
2018-06-25,3684.2275,119092
2018-06-26,3684.9108,119092
2018-06-27,3685.6369,119092
2018-06-28,3686.4049,119092
2018-06-29,3687.607,119092
2018-07-02,3690.1901,119092
2018-07-03,3690.9285,119092
2018-07-04,3692.0381,119092
2018-07-05,3692.8716,119092
2018-07-06,3693.6113,119092
2018-07-09,3695.9951,119092
2018-07-10,3696.726,119092
2018-07-11,3697.3895,119092
2018-07-12,3698.1859,119092
2018-07-13,3698.9137,119092
2018-07-16,3701.0161,119092
2018-07-17,3701.7623,119092
2018-07-18,3702.5496,119092
2018-07-19,3703.1936,119092
2018-07-20,3703.8209,119092
2018-07-23,3705.8583,119092
2018-07-24,3706.3373,119092
2018-07-25,3707.0207,119092
2018-07-26,3707.6921,119092
2018-07-27,3708.5793,119092
2018-07-30,3710.7551,119092
2018-07-31,3711.5296,119092
2018-08-01,3712.2854,119092
2018-08-02,3713.1986,119092
2018-08-03,3714.0635,119092
2018-08-06,3716.2854,119092
2018-08-07,3717.0545,119092
2018-08-08,3717.8237,119092
2018-08-09,3718.6457,119092
2018-08-10,3719.3725,119092
2018-08-13,3721.5141,119092
2018-08-14,3722.2147,119092
2018-08-16,3723.6676,119092
2018-08-20,3726.5822,119092
2018-08-21,3727.2407,119092
2018-08-23,3728.6055,119092
2018-08-24,3729.2354,119092
2018-08-27,3731.4211,119092
2018-08-28,3732.179,119092
2018-08-29,3733.2403,119092
2018-08-30,3733.9957,119092
2018-08-31,3734.7722,119092
2018-09-03,3737.1712,119092
2018-09-04,3737.9052,119092
2018-09-05,3738.5233,119092
2018-09-06,3739.3085,119092
2018-09-07,3740.0724,119092
2018-09-10,3741.6037,119092
2018-09-11,3741.621,119092
2018-09-12,3742.3052,119092
2018-09-14,3743.6318,119092
2018-09-17,3745.8106,119092
2018-09-18,3746.8412,119092
2018-09-19,3747.5204,119092
2018-09-21,3749.0203,119092
2018-09-24,3750.4164,119092
2018-09-25,3748.5485,119092
2018-09-26,3749.3624,119092
2018-09-27,3752.2921,119092
2018-09-28,3754.1776,119092
2018-10-01,3756.8327,119092
2018-10-03,3758.1588,119092
2018-10-04,3758.624,119092
2018-10-05,3761.4006,119092
2018-10-08,3763.7318,119092
2018-10-09,3764.4199,119092
2018-10-10,3765.1782,119092
2018-10-11,3765.8843,119092
2018-10-12,3766.5512,119092
2018-10-15,3768.6624,119092
2018-10-16,3769.507,119092
2018-10-17,3770.336,119092
2018-10-19,3771.7561,119092
2018-10-22,3774.0249,119092
2018-10-23,3774.7256,119092
2018-10-24,3775.5104,119092
2018-10-25,3776.3141,119092
2018-10-26,3777.1107,119092
2018-10-29,3779.3355,119092
2018-10-30,3780.0643,119092
2018-10-31,3780.8573,119092
2018-11-01,3781.7547,119092
2018-11-02,3782.6099,119092
2018-11-05,3784.9644,119092
2018-11-06,3785.8486,119092
2018-11-09,3788.195,119092
2018-11-12,3790.7416,119092
2018-11-13,3791.6315,119092
2018-11-14,3792.7523,119092
2018-11-15,3794.0432,119092
2018-11-16,3795.0452,119092
2018-11-19,3797.4247,119092
2018-11-20,3798.2437,119092
2018-11-22,3799.8589,119092
2018-11-26,3803.0898,119092
2018-11-27,3804.1093,119092
2018-11-28,3804.9872,119092
2018-11-29,3805.8394,119092
2018-11-30,3806.5323,119092
2018-12-03,3809.1775,119092
2018-12-04,3810.26,119092
2018-12-05,3812.0229,119092
2018-12-06,3813.4412,119092
2018-12-07,3814.3908,119092
2018-12-10,3816.3984,119092
2018-12-11,3816.9776,119092
2018-12-12,3818.0154,119092
2018-12-13,3819.3159,119092
2018-12-14,3820.3688,119092
2018-12-17,3822.6796,119092
2018-12-18,3823.5918,119092
2018-12-19,3824.8182,119092
2018-12-20,3825.3474,119092
2018-12-21,3825.9596,119092
2018-12-24,3828.269,119092
2018-12-26,3829.7516,119092
2018-12-27,3830.6661,119092
2018-12-28,3831.9643,119092
2018-12-31,3834.7032,119092
2019-01-01,3835.6478,119092
2019-01-02,3836.7889,119092
2019-01-03,3837.309,119092
2019-01-04,3838.1051,119092
2019-01-07,3840.3604,119092
2019-01-08,3841.3584,119092
2019-01-09,3842.2348,119092
2019-01-10,3843.0364,119092
2019-01-11,3843.8171,119092
2019-01-14,3846.1704,119092
2019-01-15,3847.0881,119092
2019-01-16,3847.9891,119092
2019-01-17,3848.8256,119092
2019-01-18,3849.614,119092
2019-01-21,3852.0237,119092
2019-01-22,3853.1078,119092
2019-01-23,3853.2079,119092
2019-01-24,3854.028,119092
2019-01-25,3854.7565,119092
2019-01-28,3857.2653,119092
2019-01-29,3858.252,119092
2019-01-30,3859.0136,119092
2019-01-31,3859.7657,119092
2019-02-01,3860.3437,119092
2019-02-04,3862.0595,119092
2019-02-05,3862.7741,119092
2019-02-06,3863.4747,119092
2019-02-07,3866.0939,119092
2019-02-08,3867.5916,119092
2019-02-11,3869.8269,119092
2019-02-12,3870.5686,119092
2019-02-13,3873.2535,119092
2019-02-14,3874.0483,119092
2019-02-15,3873.3615,119092
2019-02-18,3875.6324,119092
2019-02-20,3877.1511,119092
2019-02-21,3877.9373,119092
2019-02-22,3878.2128,119092
2019-02-25,3880.433,119092
2019-02-26,3880.9587,119092
2019-02-27,3881.6892,119092
2019-02-28,3882.523,119092
2019-03-01,3883.6677,119092
2019-03-05,3886.7391,119092
2019-03-06,3888.9141,119092
2019-03-07,3889.6642,119092
2019-03-08,3891.2395,119092
2019-03-11,3893.6488,119092
2019-03-12,3895.3984,119092
2019-03-13,3896.9455,119092
2019-03-14,3901.3532,119092
2019-03-15,3902.4571,119092
2019-03-18,3904.6634,119092
2019-03-19,3906.2956,119092
2019-03-20,3904.9666,119092
2019-03-22,3905.4787,119092
2019-03-25,3907.9094,119092
2019-03-26,3908.667,119092
2019-03-27,3909.9343,119092
2019-03-28,3911.0154,119092
2019-03-29,3919.3189,119092
2019-04-02,3927.3237,119092
2019-04-03,3927.7307,119092
2019-04-04,3928.3556,119092
2019-04-05,3928.9971,119092
2019-04-08,3929.8635,119092
2019-04-09,3929.5232,119092
2019-04-10,3929.382,119092
2019-04-11,3928.679,119092
2019-04-12,3929.1923,119092
2019-04-15,3930.2687,119092
2019-04-16,3930.3122,119092
2019-04-18,3931.8145,119092
2019-04-22,3934.6565,119092
2019-04-23,3933.8348,119092
2019-04-24,3932.5059,119092
2019-04-25,3932.7681,119092
2019-04-26,3933.077,119092
2019-04-30,3935.0437,119092
2019-05-02,3935.9636,119092
2019-05-03,3935.9902,119092
2019-05-06,3939.3791,119092
2019-05-07,3941.5665,119092
2019-05-08,3943.5199,119092
2019-05-09,3944.3106,119092
2019-05-10,3945.6736,119092
2019-05-13,3948.1583,119092
2019-05-14,3949.6951,119092
2019-05-15,3950.5061,119092
2019-05-16,3952.2548,119092
2019-05-17,3955.6152,119092
2019-05-20,3958.6948,119092
2019-05-21,3959.2603,119092
2019-05-22,3959.9007,119092
2019-05-23,3963.3894,119092
2019-05-24,3964.3316,119092
2019-05-27,3967.6125,119092
2019-05-28,3968.2518,119092
2019-05-29,3969.0534,119092
2019-05-30,3971.0054,119092
2019-05-31,3972.7088,119092
2019-06-03,3977.9948,119092
2019-06-04,3978.8906,119092
2019-06-06,3981.171,119092
2019-06-07,3979.4257,119092
2019-06-10,3981.1174,119092
2019-06-11,3981.148,119092
2019-06-12,3981.3277,119092
2019-06-13,3982.1122,119092
2019-06-14,3982.7966,119092
2019-06-17,3985.4552,119092
2019-06-18,3986.5235,119092
2019-06-19,3987.7899,119092
2019-06-20,3988.4023,119092
2019-06-21,3989.0576,119092
2019-06-24,3991.2496,119092
2019-06-25,3991.5578,119092
2019-06-26,3990.5061,119092
2019-06-27,3992.0176,119092
2019-06-28,3993.2622,119092
2019-07-01,3995.6093,119092
2019-07-02,3996.3465,119092
2019-07-03,3999.3038,119092
2019-07-04,4001.4002,119092
2019-07-05,4002.7573,119092
2019-07-08,4005.3821,119092
2019-07-09,4006.8852,119092
2019-07-10,4009.7207,119092
2019-07-11,4010.9502,119092
2019-07-12,4012.4738,119092
2019-07-15,4015.4835,119092
2019-07-16,4018.8422,119092
2019-07-17,4022.5023,119092
2019-07-18,4023.3581,119092
2019-07-19,4023.1439,119092
2019-07-22,4024.4143,119092
2019-07-23,4024.3809,119092
2019-07-24,4024.7885,119092
2019-07-25,4025.5358,119092
2019-07-26,4026.2347,119092
2019-07-29,4028.5247,119092
2019-07-30,4030.8535,119092
2019-07-31,4033.0479,119092
2019-08-01,4036.5393,119092
2019-08-02,4037.5492,119092
2019-08-05,4040.2626,119092
2019-08-06,4040.4543,119092
2019-08-07,4043.2485,119092
2019-08-08,4046.3973,119092
2019-08-09,4047.4181,119092
2019-08-13,4049.2676,119092
2019-08-14,4049.1588,119092
2019-08-16,4051.0235,119092
2019-08-19,4053.5466,119092
2019-08-20,4054.3711,119092
2019-08-21,4055.4582,119092
2019-08-22,4056.0057,119092
2019-08-23,4056.744,119092
2019-08-26,4059.444,119092
2019-08-27,4060.9955,119092
2019-08-28,4061.6488,119092
2019-08-29,4062.6035,119092
2019-08-30,4063.3999,119092
2019-09-03,4067.1216,119092
2019-09-04,4068.5983,119092
2019-09-05,4069.0835,119092
2019-09-06,4069.7611,119092
2019-09-09,4072.1616,119092
2019-09-11,4073.3738,119092
2019-09-12,4074.3909,119092
2019-09-13,4075.4083,119092
2019-09-16,4077.8292,119092
2019-09-17,4077.6242,119092
2019-09-18,4078.329,119092
2019-09-19,4079.2646,119092
2019-09-20,4076.9678,119092
2019-09-23,4079.1253,119092
2019-09-24,4079.35,119092
2019-09-25,4080.2472,119092
2019-09-26,4081.9192,119092
2019-09-27,4082.6786,119092
2019-09-30,4086.2243,119092
2019-10-01,4088.1697,119092
2019-10-03,4089.831,119092
2019-10-04,4091.1895,119092
2019-10-07,4093.774,119092
2019-10-09,4095.094,119092
2019-10-10,4095.9991,119092
2019-10-11,4097.3811,119092
2019-10-14,4099.607,119092
2019-10-15,4100.5496,119092
2019-10-16,4101.6695,119092
2019-10-17,4102.4534,119092
2019-10-18,4103.1342,119092
2019-10-22,4105.7837,119092
2019-10-23,4106.5247,119092
2019-10-24,4107.7561,119092
2019-10-25,4108.466,119092
2019-10-29,4111.1441,119092
2019-10-30,4113.437,119092
2019-10-31,4114.4383,119092
2019-11-01,4115.088,119092
2019-11-04,4117.1046,119092
2019-11-05,4117.7223,119092
2019-11-06,4117.083,119092
2019-11-07,4117.7945,119092
2019-11-08,4118.4667,119092
2019-11-11,4120.8564,119092
2019-11-13,4122.6082,119092
2019-11-14,4123.4278,119092
2019-11-15,4124.4226,119092
2019-11-18,4126.3854,119092
2019-11-19,4127.0449,119092
2019-11-20,4127.8978,119092
2019-11-21,4128.5649,119092
2019-11-22,4129.247,119092
2019-11-25,4131.1444,119092
2019-11-26,4131.7613,119092
2019-11-27,4132.7466,119092
2019-11-28,4133.5488,119092
2019-11-29,4134.6499,119092
2019-12-02,4136.7004,119092
2019-12-03,4137.4286,119092
2019-12-04,4138.0105,119092
2019-12-05,4137.1591,119092
2019-12-06,4137.8932,119092
2019-12-09,4140.0144,119092
2019-12-10,4140.8362,119092
2019-12-11,4141.6075,119092
2019-12-12,4142.2277,119092
2019-12-13,4142.7981,119092
2019-12-16,4144.5725,119092
2019-12-17,4145.1513,119092
2019-12-18,4145.708,119092
2019-12-19,4146.3861,119092
2019-12-20,4146.8586,119092
2019-12-23,4148.6422,119092
2019-12-24,4149.2295,119092
2019-12-26,4150.4387,119092
2019-12-27,4151.2058,119092
2019-12-30,4152.9985,119092
2019-12-31,4153.5751,119092
2020-01-01,4154.2506,119092
2020-01-02,4155.3529,119092
2020-01-03,4155.873,119092
2020-01-06,4157.6608,119092
2020-01-07,4158.2403,119092
2020-01-08,4158.7589,119092
2020-01-09,4159.2962,119092
2020-01-10,4159.6197,119092
2020-01-13,4161.2805,119092
2020-01-14,4161.7101,119092
2020-01-15,4162.2102,119092
2020-01-16,4162.7975,119092
2020-01-17,4163.4425,119092
2020-01-20,4165.2638,119092
2020-01-21,4165.9471,119092
2020-01-22,4166.5799,119092
2020-01-23,4167.2712,119092
2020-01-24,4168.047,119092
2020-01-27,4169.8989,119092
2020-01-28,4170.5021,119092
2020-01-29,4171.1131,119092
2020-01-30,4171.7595,119092
2020-01-31,4172.3693,119092
2020-02-03,4174.2552,119092
2020-02-04,4174.93,119092
2020-02-05,4175.5676,119092
2020-02-06,4178.0239,119092
2020-02-07,4178.8921,119092
2020-02-10,4181.1499,119092
2020-02-11,4182.0429,119092
2020-02-12,4182.7922,119092
2020-02-13,4184.0904,119092
2020-02-14,4184.71,119092
2020-02-17,4186.7668,119092
2020-02-18,4187.2739,119092
2020-02-20,4188.3871,119092
2020-02-24,4190.8455,119092
2020-02-25,4191.6676,119092
2020-02-26,4192.2986,119092
2020-02-27,4192.7871,119092
2020-02-28,4192.8719,119092
2020-03-02,4194.6776,119092
2020-03-03,4195.0644,119092
2020-03-04,4198.9729,119092
2020-03-05,4200.1656,119092
2020-03-06,4200.6749,119092
2020-03-09,4202.7078,119092
2020-03-11,4202.8702,119092
2020-03-12,4199.1631,119092
2020-03-13,4195.2449,119092
2020-03-16,4195.5139,119092
2020-03-17,4193.9895,119092
2020-03-18,4186.9181,119092
2020-03-19,4164.2442,119092
2020-03-20,4163.0671,119092
2020-03-23,4152.1616,119092
2020-03-24,4144.3512,119092
2020-03-26,4156.2809,119092
2020-03-27,4212.5014,119092
2020-03-30,4218.4355,119092
2020-03-31,4219.8368,119092
2020-04-03,4223.1814,119092
2020-04-07,4228.7396,119092
2020-04-08,4225.2022,119092
2020-04-09,4221.4016,119092
2020-04-13,4222.2748,119092
2020-04-15,4223.0994,119092
2020-04-16,4224.6042,119092
2020-04-17,4235.9524,119092
2020-04-20,4241.9107,119092
2020-04-21,4248.4573,119092
2020-04-22,4251.0201,119092
2020-04-23,4257.8975,119092
2020-04-24,4253.9022,119092
2020-04-27,4250.8959,119092
2020-04-28,4245.0076,119092
2020-04-29,4246.2017,119092
2020-04-30,4250.8578,119092
2020-05-04,4254.1526,119092
2020-05-05,4257.3671,119092
2020-05-06,4260.1611,119092
2020-05-08,4264.2386,119092
2020-05-11,4265.7032,119092
2020-05-12,4271.4274,119092
2020-05-13,4270.8111,119092
2020-05-14,4271.4229,119092
2020-05-15,4275.9992,119092
2020-05-18,4284.9352,119092
2020-05-19,4288.6721,119092
2020-05-20,4289.6827,119092
2020-05-21,4294.3552,119092
2020-05-22,4299.3833,119092
2020-05-26,4306.032,119092
2020-05-27,4306.1167,119092
2020-05-28,4305.9734,119092
2020-05-29,4301.7625,119092
2020-06-01,4303.6551,119092
2020-06-02,4303.0421,119092
2020-06-03,4303.7694,119092
2020-06-04,4302.9475,119092
2020-06-05,4303.6425,119092
2020-06-08,4305.6172,119092
2020-06-09,4305.7632,119092
2020-06-10,4307.0927,119092
2020-06-11,4310.1565,119092
2020-06-12,4311.2397,119092
2020-06-15,4315.1713,119092
2020-06-16,4317.8417,119092
2020-06-17,4318.5464,119092
2020-06-18,4324.4248,119092
2020-06-19,4326.3408,119092
2020-06-22,4325.789,119092
2020-06-23,4327.428,119092
2020-06-24,4327.9788,119092
2020-06-25,4328.6429,119092
2020-06-26,4329.9344,119092
2020-06-29,4329.6449,119092
2020-06-30,4330.1984,119092
2020-07-01,4332.0976,119092
2020-07-02,4333.5809,119092
2020-07-03,4336.8755,119092
2020-07-06,4339.2371,119092
2020-07-07,4341.1793,119092
2020-07-08,4343.2338,119092
2020-07-09,4344.087,119092
2020-07-10,4345.9608,119092
2020-07-13,4348.2801,119092
2020-07-14,4346.9559,119092
2020-07-15,4347.4749,119092
2020-07-16,4347.9358,119092
2020-07-17,4348.386,119092
2020-07-20,4349.7322,119092
2020-07-21,4350.8257,119092
2020-07-22,4351.1503,119092
2020-07-23,4351.7062,119092
2020-07-24,4351.8154,119092
2020-07-27,4353.5207,119092
2020-07-28,4353.6483,119092
2020-07-29,4353.8404,119092
2020-07-30,4354.5685,119092
2020-07-31,4355.1666,119092
2020-08-03,4356.3316,119092
2020-08-04,4357.4592,119092
2020-08-05,4358.5009,119092
2020-08-06,4359.1377,119092
2020-08-07,4358.6338,119092
2020-08-10,4360.0294,119092
2020-08-11,4360.7977,119092
2020-08-12,4361.3494,119092
2020-08-13,4361.8782,119092
2020-08-14,4362.347,119092
2020-08-17,4363.6971,119092
2020-08-18,4365.6229,119092
2020-08-19,4366.3028,119092
2020-08-20,4367.337,119092
2020-08-21,4368.2559,119092
2020-08-24,4369.1162,119092
2020-08-25,4369.0401,119092
2020-08-26,4369.8086,119092
2020-08-27,4370.2899,119092
2020-08-28,4370.9404,119092
2020-08-31,4372.3045,119092
2020-09-01,4373.4455,119092
2020-09-02,4373.5889,119092
2020-09-03,4373.9936,119092
2020-09-04,4374.4488,119092
2020-09-07,4375.9053,119092
2020-09-08,4376.2118,119092
2020-09-09,4376.598,119092
2020-09-10,4376.749,119092
2020-09-11,4377.2109,119092
2020-09-14,4378.5847,119092
2020-09-15,4379.0681,119092
2020-09-16,4379.3179,119092
2020-09-17,4379.9396,119092
2020-09-18,4380.2814,119092
2020-09-21,4381.6926,119092
2020-09-22,4382.1581,119092
2020-09-23,4382.387,119092
2020-09-24,4382.6886,119092
2020-09-25,4383.1713,119092
2020-09-28,4384.6086,119092
2020-09-29,4385.4487,119092
2020-09-30,4386.1231,119092
2020-10-01,4386.904,119092
2020-10-05,4389.4847,119092
2020-10-06,4390.6895,119092
2020-10-07,4392.2027,119092
2020-10-08,4393.0146,119092
2020-10-09,4393.6484,119092
2020-10-12,4395.1137,119092
2020-10-13,4395.391,119092
2020-10-14,4396.2372,119092
2020-10-15,4396.7317,119092
2020-10-16,4397.261,119092
2020-10-19,4398.6908,119092
2020-10-20,4399.2865,119092
2020-10-21,4399.7853,119092
2020-10-22,4400.195,119092
2020-10-23,4400.7309,119092
2020-10-26,4402.2426,119092
2020-10-27,4402.6028,119092
2020-10-28,4403.2058,119092
2020-10-29,4403.6062,119092
2020-11-02,4405.1472,119092
2020-11-03,4405.5861,119092
2020-11-04,4406.2541,119092
2020-11-05,4406.7614,119092
2020-11-06,4407.199,119092
2020-11-09,4408.6502,119092
2020-11-10,4409.1968,119092
2020-11-11,4409.8311,119092
2020-11-12,4410.5149,119092
2020-11-13,4411.2065,119092
2020-11-17,4413.0101,119092
2020-11-18,4413.7605,119092
2020-11-19,4414.744,119092
2020-11-20,4415.3233,119092
2020-11-23,4416.5255,119092
2020-11-24,4416.7467,119092
2020-11-25,4417.2969,119092
2020-11-26,4418.0768,119092
2020-11-27,4418.6432,119092
2020-12-01,4419.9359,119092
2020-12-02,4419.5547,119092
2020-12-03,4419.9119,119092
2020-12-04,4420.5672,119092
2020-12-07,4421.93,119092
2020-12-08,4421.9973,119092
2020-12-09,4422.082,119092
2020-12-10,4422.6387,119092
2020-12-11,4423.1467,119092
2020-12-14,4424.3118,119092
2020-12-15,4424.5835,119092
2020-12-16,4424.8852,119092
2020-12-17,4425.2074,119092
2020-12-18,4425.6665,119092
2020-12-21,4426.9505,119092
2020-12-22,4427.3621,119092
2020-12-23,4427.7459,119092
2020-12-24,4428.2037,119092
2020-12-28,4429.8268,119092
2020-12-29,4430.3893,119092
2020-12-30,4431.1016,119092
2020-12-31,4431.6311,119092
2021-01-01,4432.2723,119092
2021-01-04,4433.6173,119092
2021-01-05,4434.0473,119092
2021-01-06,4434.2321,119092
2021-01-07,4434.4073,119092
2021-01-08,4434.766,119092
2021-01-11,4435.3463,119092
2021-01-12,4435.5524,119092
2021-01-13,4436.0023,119092
2021-01-14,4435.8973,119092
2021-01-15,4436.2347,119092
2021-01-18,4437.2077,119092
2021-01-19,4437.2276,119092
2021-01-20,4437.6557,119092
2021-01-21,4438.1325,119092
2021-01-22,4438.5359,119092
2021-01-25,4439.8445,119092
2021-01-27,4440.4967,119092
2021-01-28,4440.9624,119092
2021-01-29,4441.4099,119092
2021-02-01,4442.5021,119092
2021-02-02,4442.9783,119092
2021-02-03,4443.0069,119092
2021-02-04,4443.3787,119092
2021-02-05,4443.9176,119092
2021-02-08,4445.1846,119092
2021-02-09,4445.4434,119092
2021-02-10,4446.1385,119092
2021-02-11,4446.5639,119092
2021-02-12,4447.0261,119092
2021-02-15,4448.4874,119092
2021-02-16,4449.1908,119092
2021-02-17,4449.9012,119092
2021-02-18,4450.5729,119092
2021-02-22,4451.8057,119092
2021-02-23,4452.2577,119092
2021-02-24,4452.953,119092
2021-02-25,4453.3035,119092
2021-02-26,4453.6563,119092
2021-03-01,4454.8733,119092
2021-03-02,4455.2571,119092
2021-03-03,4455.677,119092
2021-03-04,4456.1148,119092
2021-03-05,4456.5838,119092
2021-03-08,4457.7421,119092
2021-03-09,4458.0172,119092
2021-03-10,4458.656,119092
2021-03-12,4459.6068,119092
2021-03-15,4460.4413,119092
2021-03-16,4461.0828,119092
2021-03-17,4461.5584,119092
2021-03-18,4462.2661,119092
2021-03-19,4463.914,119092
2021-03-22,4465.6383,119092
2021-03-23,4466.5438,119092
2021-03-24,4468.1462,119092
2021-03-25,4468.9404,119092
2021-03-26,4469.9225,119092
2021-03-30,4472.8737,119092
2021-03-31,4473.9244,119092
2021-04-05,4476.1675,119092
2021-04-06,4477.6359,119092
2021-04-07,4478.1117,119092
2021-04-08,4478.0318,119092
2021-04-09,4478.2206,119092
2021-04-12,4479.0713,119092
2021-04-15,4480.5651,119092
2021-04-16,4481.1175,119092
2021-04-19,4482.8,119092
2021-04-20,4483.5807,119092
2021-04-22,4485.0802,119092
2021-04-23,4485.6071,119092
2021-04-26,4487.6174,119092
2021-04-27,4488.2324,119092
2021-04-28,4489.4762,119092
2021-04-29,4489.9035,119092
2021-04-30,4490.4089,119092
2021-05-03,4492.0127,119092
2021-05-04,4492.1951,119092
2021-05-05,4492.6502,119092
2021-05-06,4493.103,119092
2021-05-07,4493.4725,119092
2021-05-10,4494.3427,119092
2021-05-11,4494.945,119092
2021-05-12,4495.2501,119092
2021-05-14,4496.1837,119092
2021-05-17,4497.5124,119092
2021-05-18,4498.0406,119092
2021-05-19,4498.6005,119092
2021-05-20,4499.0528,119092
2021-05-21,4499.7996,119092
2021-05-24,4501.066,119092
2021-05-25,4501.4732,119092
2021-05-27,4502.2382,119092
2021-05-28,4502.9636,119092
2021-05-31,4504.3495,119092
2021-06-01,4504.7396,119092
2021-06-02,4505.1471,119092
2021-06-03,4505.6101,119092
2021-06-04,4506.0013,119092
2021-06-07,4507.6293,119092
2021-06-08,4508.225,119092
2021-06-09,4508.9667,119092
2021-06-10,4509.6472,119092
2021-06-11,4510.308,119092
2021-06-14,4511.535,119092
2021-06-15,4511.9268,119092
2021-06-16,4511.8944,119092
2021-06-17,4511.8824,119092
2021-06-18,4512.2908,119092
2021-06-21,4513.9233,119092
2021-06-22,4514.3497,119092
2021-06-23,4514.7703,119092
2021-06-24,4515.3187,119092
2021-06-25,4515.6842,119092
2021-06-28,4517.0898,119092
2021-06-29,4517.5694,119092
2021-06-30,4518.1507,119092
2021-07-01,4518.9259,119092
2021-07-02,4519.4941,119092
2021-07-05,4520.9592,119092
2021-07-06,4521.2033,119092
2021-07-07,4522.0571,119092
2021-07-08,4522.7454,119092
2021-07-09,4523.1592,119092
2021-07-12,4524.9864,119092
2021-07-13,4525.6012,119092
2021-07-14,4526.2224,119092
2021-07-15,4526.8605,119092
2021-07-16,4527.471,119092
2021-07-19,4528.742,119092
2021-07-20,4529.3921,119092
2021-07-22,4530.3651,119092
2021-07-23,4531.0993,119092
2021-07-26,4532.5506,119092
2021-07-27,4533.1232,119092
2021-07-28,4533.5097,119092
2021-07-29,4533.9504,119092
2021-07-30,4534.3983,119092
2021-08-02,4535.6836,119092
2021-08-03,4536.3556,119092
2021-08-04,4536.662,119092
2021-08-05,4537.1769,119092
2021-08-06,4537.4717,119092
2021-08-09,4538.8371,119092
2021-08-10,4539.454,119092
2021-08-11,4540.0409,119092
2021-08-12,4540.6884,119092
2021-08-13,4541.514,119092
2021-08-17,4543.6675,119092
2021-08-18,4544.369,119092
2021-08-20,4545.6082,119092
2021-08-23,4547.064,119092
2021-08-24,4547.5631,119092
2021-08-25,4548.137,119092
2021-08-26,4548.8911,119092
2021-08-27,4549.409,119092
2021-08-30,4550.9194,119092
2021-08-31,4551.4992,119092
2021-09-01,4552.2255,119092
2021-09-02,4552.8055,119092
2021-09-03,4553.2738,119092
2021-09-06,4554.5542,119092
2021-09-07,4555.0241,119092
2021-09-08,4555.4089,119092
2021-09-09,4555.6384,119092
2021-09-13,4557.4219,119092
2021-09-14,4557.8197,119092
2021-09-15,4558.2018,119092
2021-09-16,4558.655,119092
2021-09-17,4559.0493,119092
2021-09-20,4560.2789,119092
2021-09-21,4560.6421,119092
2021-09-22,4560.91,119092
2021-09-23,4561.2573,119092
2021-09-24,4561.1966,119092
2021-09-27,4562.3518,119092
2021-09-28,4562.483,119092
2021-09-29,4562.4166,119092
2021-09-30,4563.0293,119092
2021-10-01,4563.6192,119092
2021-10-04,4564.9696,119092
2021-10-05,4565.2211,119092
2021-10-06,4565.1852,119092
2021-10-07,4565.7022,119092
2021-10-08,4566.5165,119092
2021-10-11,4568.1669,119092
2021-10-12,4568.8408,119092
2021-10-13,4569.5195,119092
2021-10-14,4569.9784,119092
2021-10-18,4571.3598,119092
2021-10-20,4571.9803,119092
2021-10-21,4572.1817,119092
2021-10-22,4572.6342,119092
2021-10-25,4573.4961,119092
2021-10-26,4573.5217,119092
2021-10-27,4573.0305,119092
2021-10-28,4573.4098,119092
2021-10-29,4573.74,119092
2021-11-01,4574.986,119092
2021-11-02,4575.5992,119092
2021-11-03,4576.4689,119092
2021-11-08,4579.5727,119092
2021-11-09,4580.4955,119092
2021-11-10,4581.0272,119092
2021-11-11,4581.6809,119092
2021-11-12,4582.2852,119092
2021-11-15,4583.8046,119092
2021-11-16,4584.2467,119092
2021-11-17,4584.6403,119092
2021-11-18,4585.2098,119092
2021-11-22,4586.9664,119092
2021-11-23,4587.4715,119092
2021-11-24,4587.9394,119092
2021-11-25,4588.3537,119092
2021-11-26,4588.7366,119092
2021-11-29,4590.1587,119092
2021-11-30,4590.8319,119092
2021-12-01,4591.4405,119092
2021-12-02,4591.9844,119092
2021-12-03,4592.389,119092
2021-12-06,4593.7536,119092
2021-12-07,4594.1589,119092
2021-12-08,4595.1205,119092
2021-12-09,4595.4849,119092
2021-12-10,4595.9446,119092
2021-12-13,4597.4011,119092
2021-12-14,4597.7966,119092
2021-12-15,4598.1811,119092
2021-12-16,4598.1818,119092
2021-12-17,4598.6221,119092
2021-12-20,4599.9703,119092
2021-12-21,4600.15,119092
2021-12-22,4600.4721,119092
2021-12-23,4600.6583,119092
2021-12-24,4601.4172,119092
2021-12-27,4603.0952,119092
2021-12-28,4603.583,119092
2021-12-29,4604.2224,119092
2021-12-30,4604.8427,119092
2021-12-31,4605.4674,119092
2022-01-03,4607.4503,119092
2022-01-04,4607.9349,119092
2022-01-05,4608.5927,119092
2022-01-06,4609.1648,119092
2022-01-07,4609.615,119092
2022-01-10,4611.0181,119092
2022-01-11,4611.553,119092
2022-01-12,4612.1668,119092
2022-01-13,4612.896,119092
2022-01-14,4613.4875,119092
2022-01-17,4614.8942,119092
2022-01-18,4615.3083,119092
2022-01-19,4615.2395,119092
2022-01-20,4615.744,119092
2022-01-21,4616.2092,119092
2022-01-24,4617.7111,119092
2022-01-25,4618.0168,119092
2022-01-27,4618.7539,119092
2022-01-28,4619.2857,119092
2022-01-31,4620.7865,119092
2022-02-01,4620.5663,119092
2022-02-02,4619.9429,119092
2022-02-03,4620.4475,119092
2022-02-04,4620.8555,119092
2022-02-08,4622.9825,119092
2022-02-09,4623.3864,119092
2022-02-10,4625.1949,119092
2022-02-11,4625.8896,119092
2022-02-14,4627.9324,119092
2022-02-15,4628.7003,119092
2022-02-16,4629.5429,119092
2022-02-17,4630.1005,119092
2022-02-18,4630.4697,119092
2022-02-21,4631.8507,119092
2022-02-22,4632.2755,119092
2022-02-23,4632.8729,119092
2022-02-24,4633.3979,119092
2022-02-25,4633.8466,119092
2022-02-28,4635.194,119092
2022-03-02,4636.0196,119092
2022-03-03,4635.5449,119092
2022-03-04,4635.9975,119092
2022-03-07,4637.2965,119092
2022-03-08,4637.4429,119092
2022-03-09,4637.9572,119092
2022-03-10,4638.5529,119092
2022-03-11,4639.5085,119092
2022-03-14,4641.6497,119092
2022-03-15,4642.8394,119092
2022-03-16,4643.7689,119092
2022-03-17,4644.4722,119092
2022-03-21,4646.9229,119092
2022-03-22,4647.284,119092
2022-03-23,4648.1251,119092
2022-03-24,4649.185,119092
2022-03-25,4649.9585,119092
2022-03-28,4651.7928,119092
2022-03-29,4652.382,119092
2022-03-30,4653.235,119092
2022-03-31,4654.7981,119092
2022-04-04,4657.4126,119092
2022-04-05,4657.8426,119092
2022-04-06,4658.9033,119092
2022-04-07,4659.715,119092
2022-04-08,4657.34,119092
2022-04-11,4658.4514,119092
2022-04-12,4659.2025,119092
2022-04-13,4658.6761,119092
2022-04-18,4661.7632,119092
2022-04-19,4663.0264,119092
2022-04-20,4664.1992,119092
2022-04-21,4665.1007,119092
2022-04-22,4665.5094,119092
2022-04-25,4667.0374,119092
2022-04-26,4667.5017,119092
2022-04-27,4667.9813,119092
2022-04-28,4668.3986,119092
2022-04-29,4668.6368,119092
2022-05-02,4670.3438,119092
2022-05-04,4663.213,119092
2022-05-05,4659.8157,119092
2022-05-06,4659.6753,119092
2022-05-09,4661.0231,119092
2022-05-10,4661.6695,119092
2022-05-11,4661.465,119092
2022-05-12,4661.152,119092
2022-05-13,4660.4211,119092
2022-05-17,4663.1568,119092
2022-05-18,4663.6769,119092
2022-05-19,4663.7603,119092
2022-05-20,4664.2514,119092
2022-05-23,4666.596,119092
2022-05-24,4667.5383,119092
2022-05-25,4668.4291,119092
2022-05-26,4669.0501,119092
2022-05-27,4669.7316,119092
2022-05-30,4671.509,119092
2022-05-31,4672.3555,119092
2022-06-01,4673.3433,119092
2022-06-02,4673.7496,119092
2022-06-03,4674.391,119092
2022-06-06,4675.7967,119092
2022-06-07,4674.5003,119092
2022-06-08,4677.4139,119092
2022-06-09,4678.2477,119092
2022-06-10,4678.9235,119092
2022-06-13,4680.1182,119092
2022-06-14,4680.7705,119092
2022-06-15,4681.0599,119092
2022-06-16,4681.3669,119092
2022-06-17,4681.5415,119092
2022-06-20,4683.6357,119092
2022-06-21,4684.3607,119092
2022-06-22,4685.4043,119092
2022-06-23,4686.3543,119092
2022-06-24,4687.3746,119092
2022-06-27,4689.5122,119092
2022-06-28,4690.0126,119092
2022-06-29,4690.6171,119092
2022-06-30,4691.8689,119092
2022-07-01,4693.1419,119092
2022-07-04,4695.8615,119092
2022-07-05,4697.1427,119092
2022-07-06,4698.6958,119092
2022-07-07,4699.4328,119092
2022-07-08,4699.9447,119092
2022-07-11,4701.8292,119092
2022-07-12,4702.207,119092
2022-07-13,4703.3254,119092
2022-07-14,4703.9887,119092
2022-07-15,4704.6836,119092
2022-07-18,4706.4281,119092
2022-07-19,4706.7889,119092
2022-07-20,4707.0615,119092
2022-07-21,4707.005,119092
2022-07-22,4707.6646,119092
2022-07-25,4709.8015,119092
2022-07-26,4709.6138,119092
2022-07-27,4709.4904,119092
2022-07-28,4710.3011,119092
2022-07-29,4711.2872,119092
2022-08-01,4714.5361,119092
2022-08-02,4715.8905,119092
2022-08-03,4716.4678,119092
2022-08-04,4717.3196,119092
2022-08-05,4717.2189,119092
2022-08-08,4719.2694,119092
2022-08-10,4720.8499,119092
2022-08-11,4721.6218,119092
2022-08-12,4722.2678,119092
2022-08-17,4726.2839,119092
2022-08-18,4727.0674,119092
2022-08-19,4727.9443,119092
2022-08-22,4730.0494,119092
2022-08-23,4730.9164,119092
2022-08-24,4731.7676,119092
2022-08-25,4732.2661,119092
2022-08-26,4732.6881,119092
2022-08-29,4734.7974,119092
2022-08-30,4735.4654,119092
2022-09-01,4737.0132,119092
2022-09-02,4738.0271,119092
2022-09-05,4740.6276,119092
2022-09-06,4741.5332,119092
2022-09-07,4742.3355,119092
2022-09-08,4743.0082,119092
2022-09-09,4743.7475,119092
2022-09-12,4745.6667,119092
2022-09-13,4746.1654,119092
2022-09-14,4746.0148,119092
2022-09-15,4746.1608,119092
2022-09-16,4746.4594,119092
2022-09-19,4748.6951,119092
2022-09-20,4748.1787,119092
2022-09-21,4748.1439,119092
2022-09-22,4748.3794,119092
2022-09-23,4748.4249,119092
2022-09-26,4748.9929,119092
2022-09-27,4747.9878,119092
2022-09-28,4748.7921,119092
2022-09-29,4751.0903,119092
2022-09-30,4753.1669,119092
2022-10-03,4756.8968,119092
2022-10-04,4758.2177,119092
2022-10-06,4759.7043,119092
2022-10-07,4759.8123,119092
2022-10-10,4760.9666,119092
2022-10-11,4759.9544,119092
2022-10-12,4760.2893,119092
2022-10-13,4760.9857,119092
2022-10-14,4761.2049,119092
2022-10-17,4763.8856,119092
2022-10-18,4764.8776,119092
2022-10-19,4765.3101,119092
2022-10-20,4765.9275,119092
2022-10-21,4766.0779,119092
2022-10-25,4769.6382,119092
2022-10-27,4771.9116,119092
2022-10-28,4772.4939,119092
2022-10-31,4775.3215,119092
2022-11-01,4776.3935,119092
2022-11-02,4777.494,119092
2022-11-03,4778.3629,119092
2022-11-04,4779.3106,119092
2022-11-07,4782.0135,119092
2022-11-09,4783.6951,119092
2022-11-10,4784.6486,119092
2022-11-11,4785.9519,119092
2022-11-14,4788.6422,119092
2022-11-15,4789.6235,119092
2022-11-16,4790.8597,119092
2022-11-17,4792.1498,119092
2022-11-18,4792.9297,119092
2022-11-21,4795.592,119092
2022-11-22,4796.1731,119092
2022-11-23,4797.0432,119092
2022-11-24,4797.8653,119092
2022-11-25,4798.8306,119092
2022-11-28,4801.6441,119092
2022-11-29,4802.6233,119092
2022-11-30,4803.702,119092
2022-12-01,4804.6714,119092
2022-12-02,4805.6153,119092
2022-12-05,4808.5531,119092
2022-12-06,4809.7359,119092
2022-12-07,4809.8806,119092
2022-12-08,4810.9594,119092
2022-12-09,4812.0976,119092
2022-12-12,4814.8064,119092
2022-12-13,4815.7694,119092
2022-12-14,4816.8856,119092
2022-12-15,4817.6496,119092
2022-12-16,4818.3944,119092
2022-12-19,4821.0899,119092
2022-12-20,4821.9236,119092
2022-12-21,4822.8082,119092
2022-12-22,4823.8607,119092
2022-12-23,4824.8666,119092
2022-12-26,4827.4361,119092
2022-12-27,4828.4262,119092
2022-12-28,4829.6393,119092
2022-12-29,4830.6366,119092
2022-12-30,4832.4416,119092
2023-01-02,4835.6726,119092
2023-01-03,4836.6654,119092
2023-01-04,4837.2825,119092
2023-01-05,4838.2055,119092
2023-01-06,4839.1205,119092
2023-01-09,4841.5665,119092
2023-01-10,4842.2513,119092
2023-01-11,4842.8852,119092
2023-01-12,4843.8117,119092
2023-01-13,4844.4447,119092
2023-01-16,4846.8968,119092
2023-01-17,4847.748,119092
2023-01-18,4848.4779,119092
2023-01-19,4849.4433,119092
2023-01-20,4850.3717,119092
2023-01-23,4852.3769,119092
2023-01-24,4853.5428,119092
2023-01-25,4854.3406,119092
2023-01-27,4856.2499,119092
2023-01-30,4858.6105,119092
2023-01-31,4859.608,119092
2023-02-01,4860.9087,119092
2023-02-02,4862.0712,119092
2023-02-03,4863.0655,119092
2023-02-06,4865.8858,119092
2023-02-07,4866.7645,119092
2023-02-08,4867.0541,119092
2023-02-09,4867.6435,119092
2023-02-10,4868.889,119092
2023-02-13,4871.84,119092
2023-02-14,4872.3521,119092
2023-02-15,4873.2698,119092
2023-02-16,4874.1626,119092
2023-02-17,4875.0045,119092
2023-02-20,4877.4781,119092
2023-02-21,4878.2092,119092
2023-02-22,4878.6066,119092
2023-02-23,4879.256,119092
2023-02-24,4879.8682,119092
2023-02-27,4881.9457,119092
2023-02-28,4883.0447,119092
2023-03-01,4883.7542,119092
2023-03-02,4884.191,119092
2023-03-03,4884.9987,119092
2023-03-06,4887.7219,119092
2023-03-08,4889.4136,119092
2023-03-09,4890.7312,119092
2023-03-10,4892.7144,119092
2023-03-13,4897.8864,119092
2023-03-14,4899.157,119092
2023-03-15,4899.9024,119092
2023-03-16,4900.3,119092
2023-03-17,4900.9665,119092
2023-03-20,4904.6736,119092
2023-03-21,4906.6467,119092
2023-03-23,4909.366,119092
2023-03-24,4909.7777,119092
2023-03-27,4911.3784,119092
2023-03-28,4911.9693,119092
2023-03-29,4915.7024,119092
2023-03-31,4921.7155,119092
2023-04-03,4924.5576,119092
2023-04-05,4926.3066,119092
2023-04-06,4930.1761,119092
2023-04-10,4935.0426,119092
2023-04-11,4935.9458,119092
2023-04-12,4937.7767,119092
2023-04-13,4938.9491,119092
2023-04-17,4942.8765,119092
2023-04-18,4944.4691,119092
2023-04-19,4945.6851,119092
2023-04-20,4946.6385,119092
2023-04-21,4947.616,119092
2023-04-24,4950.3,119092
2023-04-25,4951.2321,119092
2023-04-26,4952.2917,119092
2023-04-27,4952.9107,119092
2023-04-28,4953.5802,119092
2023-05-02,4956.5376,119092
2023-05-03,4957.8892,119092
2023-05-04,4958.7909,119092
2023-05-08,4962.7655,119092
2023-05-09,4963.4563,119092
2023-05-10,4964.5985,119092
2023-05-11,4965.4888,119092
2023-05-12,4966.2931,119092
2023-05-15,4969.7348,119092
2023-05-16,4971.8411,119092
2023-05-17,4973.2457,119092
2023-05-18,4974.5789,119092
2023-05-19,4975.8054,119092
2023-05-22,4981.3721,119092
2023-05-23,4981.1777,119092
2023-05-24,4981.7631,119092
2023-05-25,4982.3941,119092
2023-05-26,4983.2404,119092
2023-05-29,4985.5343,119092
2023-05-30,4986.4929,119092
2023-05-31,4987.2829,119092
2023-06-01,4988.8385,119092
2023-06-02,4990.0511,119092
2023-06-05,4993.0346,119092
2023-06-06,4994.3002,119092
2023-06-07,4995.4622,119092
2023-06-08,4995.9409,119092
2023-06-09,4996.2044,119092
2023-06-12,4998.8233,119092
2023-06-13,5000.2152,119092
2023-06-14,5001.8616,119092
2023-06-15,5002.8186,119092
2023-06-16,5003.9814,119092
2023-06-19,5006.9865,119092
2023-06-20,5007.8745,119092
2023-06-21,5008.6614,119092
2023-06-22,5009.8954,119092
2023-06-23,5010.3598,119092
2023-06-26,5012.8809,119092
2023-06-27,5013.5975,119092
2023-06-28,5014.8176,119092
2023-06-30,5016.9921,119092
2023-07-03,5020.3836,119092
2023-07-04,5022.0079,119092
2023-07-05,5023.1911,119092
2023-07-06,5024.0604,119092
2023-07-07,5025.1711,119092
2023-07-10,5027.7619,119092
2023-07-11,5028.798,119092
2023-07-12,5029.9035,119092
2023-07-13,5031.2973,119092
2023-07-14,5032.5397,119092
2023-07-17,5035.2332,119092
2023-07-18,5036.279,119092
2023-07-19,5037.1063,119092
2023-07-20,5038.5536,119092
2023-07-21,5039.6374,119092
2023-07-24,5042.5025,119092
2023-07-25,5043.5119,119092
2023-07-26,5044.5696,119092
2023-07-27,5045.4077,119092
2023-07-28,5046.2306,119092
2023-07-31,5048.9266,119092
2023-08-01,5049.9681,119092
2023-08-02,5050.6815,119092
2023-08-03,5051.485,119092
2023-08-04,5052.3465,119092
2023-08-07,5055.1632,119092
2023-08-08,5056.1337,119092
2023-08-09,5057.0763,119092
2023-08-10,5057.6916,119092
2023-08-11,5057.8363,119092
2023-08-14,5060.4159,119092
2023-08-17,5062.4447,119092
2023-08-18,5063.5186,119092
2023-08-21,5066.7137,119092
2023-08-22,5067.7783,119092
2023-08-23,5068.5481,119092
2023-08-24,5069.6703,119092
2023-08-25,5070.6754,119092
2023-08-28,5073.6043,119092
2023-08-29,5074.6012,119092
2023-08-30,5075.8053,119092
2023-08-31,5076.7648,119092
2023-09-01,5077.8025,119092
2023-09-04,5080.6577,119092
2023-09-05,5081.8207,119092
2023-09-06,5082.772,119092
2023-09-07,5083.722,119092
2023-09-08,5084.7079,119092
2023-09-11,5087.4868,119092
2023-09-12,5088.2771,119092
2023-09-13,5089.1732,119092
2023-09-14,5090.1453,119092
2023-09-15,5091.1568,119092
2023-09-18,5093.8039,119092
2023-09-20,5095.7244,119092
2023-09-21,5096.3256,119092
2023-09-22,5097.3696,119092
2023-09-25,5100.2951,119092
2023-09-26,5100.8639,119092
2023-09-27,5102.1423,119092
2023-09-29,5104.5685,119092
2023-09-30,5105.5501,119092
2023-10-03,5108.6726,119092
2023-10-04,5110.153,119092
2023-10-05,5111.21,119092
2023-10-06,5111.5197,119092
2023-10-09,5114.2686,119092
2023-10-10,5115.025,119092
2023-10-11,5116.1458,119092
2023-10-12,5117.0745,119092
2023-10-13,5117.9674,119092
2023-10-16,5120.5154,119092
2023-10-17,5121.4613,119092
2023-10-18,5122.5565,119092
2023-10-19,5123.2239,119092
2023-10-20,5124.0558,119092
2023-10-23,5126.8681,119092
2023-10-25,5128.7631,119092
2023-10-26,5129.78,119092
2023-10-27,5130.8988,119092
2023-10-30,5133.2666,119092
2023-10-31,5134.2875,119092
2023-11-01,5135.4541,119092
2023-11-02,5136.4273,119092
2023-11-03,5137.6592,119092
2023-11-06,5140.8425,119092
2023-11-07,5141.9136,119092
2023-11-08,5142.8513,119092
2023-11-09,5143.6261,119092
2023-11-10,5144.3649,119092
2023-11-13,5147.5146,119092
2023-11-15,5149.5885,119092
2023-11-16,5150.4705,119092
2023-11-17,5151.4842,119092
2023-11-20,5154.4694,119092
2023-11-21,5155.3252,119092
2023-11-22,5156.2053,119092
2023-11-23,5157.1238,119092
2023-11-24,5158.0903,119092
2023-11-28,5162.1408,119092
2023-11-29,5163.0656,119092
2023-11-30,5163.9629,119092
2023-12-01,5164.7124,119092
2023-12-04,5167.6094,119092
2023-12-05,5168.7266,119092
2023-12-06,5169.7717,119092
2023-12-07,5170.8441,119092
2023-12-08,5171.7529,119092
2023-12-11,5174.6676,119092
2023-12-12,5175.2278,119092
2023-12-13,5176.1125,119092
2023-12-14,5177.1524,119092
2023-12-15,5178.0931,119092
2023-12-18,5180.8939,119092
2023-12-19,5182.0673,119092
2023-12-20,5183.1792,119092
2023-12-21,5184.3051,119092
2023-12-22,5185.1321,119092
2023-12-26,5189.3786,119092
2023-12-27,5190.1856,119092
2023-12-28,5191.4852,119092
2023-12-29,5193.5766,119092
2024-01-01,5197.2106,119092
2024-01-02,5198.237,119092
2024-01-03,5199.3473,119092
2024-01-04,5200.3198,119092
2024-01-05,5201.3986,119092
2024-01-08,5204.44,119092
2024-01-09,5205.5933,119092
2024-01-10,5206.6308,119092
2024-01-11,5207.6081,119092
2024-01-12,5208.7335,119092
2024-01-15,5211.8996,119092
2024-01-16,5212.6448,119092
2024-01-17,5213.6768,119092
2024-01-18,5214.4832,119092
2024-01-19,5215.4828,119092
2024-01-23,5218.8964,119092
2024-01-24,5219.4493,119092
2024-01-25,5220.4806,119092
2024-01-29,5224.7227,119092
2024-01-30,5225.6473,119092
2024-01-31,5226.6958,119092
2024-02-01,5227.8426,119092
2024-02-02,5228.987,119092
2024-02-05,5232.0589,119092
2024-02-06,5233.0702,119092
2024-02-07,5234.3976,119092
2024-02-08,5235.5175,119092
2024-02-09,5236.1159,119092
2024-02-12,5239.0724,119092
2024-02-13,5240.0332,119092
2024-02-14,5241.2555,119092
2024-02-15,5242.6289,119092
2024-02-16,5244.0761,119092
2024-02-20,5248.6377,119092
2024-02-21,5250.0855,119092
2024-02-22,5252.4138,119092
2024-02-23,5253.4712,119092
2024-02-26,5256.6,119092
2024-02-27,5257.5008,119092
2024-02-28,5259.1081,119092
2024-02-29,5260.251,119092
2024-03-01,5261.5919,119092
2024-03-04,5265.3638,119092
2024-03-05,5266.8776,119092
2024-03-06,5268.4947,119092
2024-03-07,5269.8128,119092
2024-03-11,5274.1498,119092
2024-03-12,5275.5439,119092
2024-03-13,5276.9295,119092
2024-03-14,5277.4985,119092
2024-03-15,5278.4609,119092
2024-03-18,5282.1891,119092
2024-03-19,5283.2986,119092
2024-03-20,5284.6048,119092
2024-03-21,5285.8535,119092
2024-03-22,5286.4682,119092
2024-03-26,5289.8511,119092
2024-03-27,5290.4767,119092
2024-03-28,5297.0087,119092
2024-03-31,5300.0371,119092
2024-04-02,5304.0112,119092
2024-04-03,5304.7841,119092
2024-04-04,5306.7555,119092
2024-04-05,5308.5645,119092
2024-04-08,5311.3856,119092
2024-04-10,5315.0084,119092
2024-04-12,5317.4247,119092
2024-04-15,5320.2438,119092
2024-04-16,5321.3584,119092
2024-04-18,5322.9549,119092
2024-04-19,5323.488,119092
2024-04-22,5326.3075,119092
2024-04-23,5327.986,119092
2024-04-24,5328.1588,119092
2024-04-25,5328.7384,119092
2024-04-26,5329.7189,119092
2024-04-29,5331.6499,119092
2024-04-30,5332.5376,119092
2024-05-02,5334.9028,119092
2024-05-03,5336.1567,119092
2024-05-06,5339.654,119092
2024-05-07,5341.0415,119092
2024-05-08,5341.9087,119092
2024-05-09,5342.3428,119092
2024-05-10,5342.7724,119092
2024-05-13,5346.0212,119092
2024-05-14,5347.522,119092
2024-05-15,5348.7106,119092
2024-05-16,5349.5038,119092
2024-05-17,5350.4153,119092
2024-05-21,5355.2502,119092
2024-05-22,5356.3608,119092
2024-05-24,5358.5147,119092
2024-05-27,5361.4316,119092
2024-05-28,5362.1042,119092
2024-05-29,5363.2902,119092
2024-05-30,5364.7137,119092
2024-05-31,5365.8097,119092
2024-06-03,5369.1209,119092
2024-06-04,5369.0379,119092
2024-06-05,5369.9555,119092
2024-06-06,5371.2112,119092
2024-06-07,5372.2291,119092
2024-06-10,5375.5307,119092
2024-06-11,5377.1007,119092
2024-06-12,5378.4232,119092
2024-06-13,5379.5388,119092
2024-06-14,5380.5567,119092
2024-06-18,5384.8341,119092
2024-06-19,5386.0054,119092
2024-06-20,5387.3667,119092
2024-06-21,5388.5437,119092
2024-06-24,5391.5451,119092
2024-06-25,5392.2884,119092
2024-06-26,5392.8702,119092
2024-06-27,5393.747,119092
2024-06-28,5395.8631,119092
2024-07-01,5399.8431,119092
2024-07-02,5402.0965,119092
2024-07-03,5403.6893,119092
2024-07-04,5404.8862,119092
2024-07-05,5405.9933,119092
2024-07-08,5408.9972,119092
2024-07-09,5410.0477,119092
2024-07-10,5411.1036,119092
2024-07-11,5412.4014,119092
2024-07-12,5413.3353,119092
2024-07-15,5416.6718,119092
2024-07-16,5417.6751,119092
2024-07-18,5419.9047,119092
2024-07-19,5421.0041,119092
2024-07-22,5424.1728,119092
2024-07-23,5425.4758,119092
2024-07-24,5426.637,119092
2024-07-25,5427.5873,119092
2024-07-26,5428.5956,119092
2024-07-29,5431.7904,119092
2024-07-30,5432.772,119092
2024-07-31,5433.6933,119092
2024-08-01,5434.8589,119092
2024-08-02,5435.8684,119092
2024-08-05,5439.0651,119092
2024-08-06,5439.9349,119092
2024-08-07,5441.0345,119092
2024-08-08,5441.9641,119092
2024-08-09,5442.9315,119092
2024-08-12,5445.8783,119092
2024-08-13,5446.294,119092
2024-08-14,5447.357,119092
2024-08-16,5449.5862,119092
2024-08-19,5452.8782,119092
2024-08-20,5454.3508,119092
2024-08-21,5455.8625,119092
2024-08-22,5457.1012,119092
2024-08-23,5458.18,119092
2024-08-26,5461.0959,119092
2024-08-27,5461.7292,119092
2024-08-28,5462.7689,119092
2024-08-29,5463.5324,119092
2024-08-30,5464.4471,119092
2024-09-02,5467.6346,119092
2024-09-03,5468.8173,119092
2024-09-04,5469.7871,119092
2024-09-05,5470.9194,119092
2024-09-06,5471.7431,119092
2024-09-09,5475.0575,119092
2024-09-10,5475.9756,119092
2024-09-11,5477.0398,119092
2024-09-12,5477.9222,119092
2024-09-13,5479.344,119092
2024-09-16,5482.4736,119092
2024-09-17,5483.7926,119092
2024-09-19,5486.1019,119092
2024-09-20,5487.3347,119092
2024-09-23,5490.5892,119092
2024-09-24,5491.7099,119092
2024-09-25,5492.655,119092
2024-09-26,5493.8571,119092
2024-09-27,5495.2936,119092
2024-09-30,5500.7013,119092
2024-10-01,5501.9906,119092
2024-10-03,5504.5299,119092
2024-10-04,5506.0251,119092
2024-10-07,5509.299,119092
2024-10-08,5510.3208,119092
2024-10-09,5511.8431,119092
2024-10-10,5512.9468,119092
2024-10-11,5514.3907,119092
2024-10-14,5517.3612,119092
2024-10-15,5518.1759,119092
2024-10-16,5519.2375,119092
2024-10-17,5520.2522,119092
2024-10-18,5521.333,119092
2024-10-21,5524.1631,119092
2024-10-22,5525.1776,119092
2024-10-23,5526.2009,119092
2024-10-24,5527.3884,119092
2024-10-25,5528.4234,119092
2024-10-28,5531.4854,119092
2024-10-29,5532.5972,119092
2024-10-30,5533.6549,119092
2024-10-31,5535.049,119092
2024-11-04,5539.5214,119092
2024-11-05,5540.8795,119092
2024-11-06,5541.99,119092
2024-11-07,5543.2316,119092
2024-11-08,5544.3048,119092
2024-11-11,5547.5341,119092
2024-11-12,5548.5622,119092
2024-11-13,5549.7643,119092
2024-11-14,5550.9097,119092
2024-11-18,5555.0635,119092
2024-11-19,5556.1305,119092
2024-11-21,5557.9843,119092
2024-11-22,5559.0282,119092
2024-11-25,5562.2563,119092
2024-11-26,5563.3251,119092
2024-11-27,5564.3652,119092
2024-11-28,5565.3431,119092
2024-11-29,5566.4874,119092
2024-12-02,5569.9305,119092
2024-12-03,5570.896,119092
2024-12-04,5572.0927,119092
2024-12-05,5573.6012,119092
2024-12-06,5575.0097,119092
2024-12-09,5578.25,119092
2024-12-10,5579.1651,119092
2024-12-11,5580.1419,119092
2024-12-12,5580.6696,119092
2024-12-13,5580.9232,119092
2024-12-16,5584.4671,119092
2024-12-17,5585.572,119092
2024-12-18,5586.4179,119092
2024-12-19,5587.01,119092
2024-12-20,5588.072,119092
2024-12-23,5590.4471,119092
2024-12-24,5590.9435,119092
2024-12-26,5592.9244,119092
2024-12-27,5594.0951,119092
2024-12-30,5597.3384,119092
2024-12-31,5600.5771,119092
2025-01-01,5602.0594,119092
2025-01-02,5603.5453,119092
2025-01-03,5604.3724,119092
2025-01-06,5607.5187,119092
2025-01-07,5608.3364,119092
2025-01-08,5608.6713,119092
2025-01-09,5608.9131,119092
2025-01-10,5610.3063,119092
2025-01-13,5613.1264,119092
2025-01-14,5613.9876,119092
2025-01-15,5615.6509,119092
2025-01-16,5617.329,119092
2025-01-17,5618.584,119092
2025-01-20,5621.8468,119092
2025-01-21,5622.9541,119092
2025-01-22,5623.6568,119092
2025-01-23,5624.5255,119092
2025-01-24,5625.5281,119092
2025-01-27,5629.0101,119092
2025-01-28,5630.4184,119092
2025-01-29,5632.2632,119092
2025-01-30,5633.6602,119092
2025-01-31,5634.8733,119092
2025-02-03,5638.0374,119092
2025-02-04,5639.5493,119092
2025-02-05,5641.2929,119092
2025-02-06,5644.1449,119092
2025-02-07,5644.185,119092
2025-02-10,5646.022,119092
2025-02-11,5647.2714,119092
2025-02-12,5648.4814,119092
2025-02-13,5650.1659,119092
2025-02-14,5651.0746,119092
2025-02-17,5654.1189,119092
2025-02-18,5655.0607,119092
2025-02-20,5657.2867,119092
2025-02-21,5658.526,119092
2025-02-24,5662.8036,119092
2025-02-25,5663.4085,119092
2025-02-27,5665.5035,119092
2025-02-28,5666.3039,119092
2025-03-03,5668.836,119092
2025-03-04,5669.5153,119092
2025-03-05,5669.8421,119092
2025-03-06,5670.7057,119092
2025-03-07,5671.5,119092
2025-03-10,5675.2614,119092
2025-03-11,5676.1432,119092
2025-03-12,5677.2615,119092
2025-03-13,5679.1086,119092
2025-03-17,5683.8145,119092
2025-03-18,5685.3043,119092
2025-03-19,5687.3531,119092
2025-03-20,5689.694,119092
2025-03-21,5693.8851,119092
2025-03-24,5700.1857,119092
2025-03-25,5701.1631,119092
2025-03-26,5704.2365,119092
2025-03-27,5705.1533,119092
2025-03-28,5713.7697,119092
2025-03-31,5716.824,119092
2025-04-02,5726.3244,119092
2025-04-03,5730.5444,119092
2025-04-04,5732.122,119092
2025-04-07,5735.1937,119092
2025-04-08,5736.6882,119092
2025-04-09,5740.7071,119092
2025-04-11,5744.5695,119092
2025-04-15,5749.0705,119092
2025-04-16,5750.2512,119092
2025-04-17,5751.9598,119092
2025-04-21,5758.0083,119092
2025-04-22,5759.3888,119092
2025-04-23,5760.6599,119092
2025-04-24,5762.4655,119092
2025-04-25,5762.4356,119092
2025-04-28,5765.5012,119092
2025-04-29,5766.6546,119092
2025-04-30,5767.1752,119092
2025-05-02,5769.7362,119092
2025-05-05,5773.1211,119092
2025-05-06,5774.9972,119092
2025-05-07,5776.0155,119092
2025-05-08,5774.8342,119092
2025-05-09,5773.3156,119092
2025-05-13,5780.0491,119092
2025-05-14,5783.7466,119092
2025-05-15,5784.8317,119092
2025-05-16,5787.4816,119092
2025-05-19,5791.2421,119092
2025-05-20,5793.6894,119092
2025-05-21,5795.4048,119092
2025-05-22,5795.8073,119092
2025-05-23,5797.5783,119092
2025-05-26,5800.4584,119092
2025-05-27,5801.7666,119092
2025-05-28,5803.8799,119092
2025-05-29,5805.6326,119092
2025-05-30,5806.6169,119092
2025-06-02,5810.056,119092
2025-06-03,5812.5765,119092
2025-06-04,5814.4359,119092
2025-06-05,5816.4301,119092
2025-06-06,5825.1945,119092
2025-06-09,5829.1614,119092
2025-06-10,5827.1891,119092
2025-06-11,5825.4478,119092
2025-06-12,5826.0507,119092
2025-06-13,5826.4969,119092
2025-06-16,5829.3242,119092
2025-06-17,5830.1383,119092
2025-06-18,5831.6321,119092
2025-06-19,5832.8313,119092
2025-06-20,5833.9386,119092
2025-06-23,5837.2267,119092
2025-06-24,5838.486,119092
2025-06-25,5838.0925,119092
2025-06-26,5839.2453,119092
2025-06-27,5840.5596,119092
2025-06-30,5843.7929,119092
2025-07-01,5847.481,119092
2025-07-02,5851.0981,119092
2025-07-03,5852.4845,119092
2025-07-04,5853.3606,119092
2025-07-07,5856.2977,119092
2025-07-08,5856.9332,119092
2025-07-09,5857.2164,119092
2025-07-10,5858.4766,119092
2025-07-11,5858.9296,119092
2025-07-14,5862.5908,119092
2025-07-15,5863.6201,119092
2025-07-16,5864.3753,119092
2025-07-17,5865.3853,119092
2025-07-18,5866.4951,119092
2025-07-21,5869.1171,119092
2025-07-22,5869.8417,119092
2025-07-23,5871.1828,119092
2025-07-24,5872.0366,119092
2025-07-25,5872.8052,119092
2025-07-28,5875.1043,119092
2025-07-29,5875.6626,119092
2025-07-30,5876.5092,119092
2025-07-31,5877.5109,119092
2025-08-01,5878.7932,119092
2025-08-04,5882.1589,119092
2025-08-05,5883.4482,119092
2025-08-06,5883.3045,119092
2025-08-07,5884.0837,119092
2025-08-08,5884.8484,119092
2025-08-11,5887.2286,119092
2025-08-12,5887.3908,119092
2025-08-13,5888.1247,119092
2025-08-14,5889.2636,119092
2025-08-18,5892.9896,119092
2025-08-19,5894.2742,119092
2025-08-20,5895.2164,119092
2025-08-21,5896.2147,119092
2025-08-22,5897.2374,119092
2025-08-25,5899.9888,119092
2025-08-26,5900.7107,119092
2025-08-28,5902.4099,119092
2025-08-29,5902.9876,119092
2025-09-01,5905.5718,119092
2025-09-02,5905.9868,119092
2025-09-03,5906.7644,119092
2025-09-04,5907.6123,119092
2025-09-05,5908.5683,119092
2025-09-09,5911.3924,119092
2025-09-10,5912.0041,119092
2025-09-11,5913.2938,119092
2025-09-12,5913.8365,119092
2025-09-15,5916.611,119092
2025-09-16,5918.118,119092
2025-09-17,5919.7048,119092
2025-09-18,5921.2244,119092
2025-09-19,5922.1357,119092
2025-09-22,5924.9723,119092
2025-09-23,5925.9531,119092
2025-09-24,5926.6741,119092
2025-09-25,5927.3108,119092
2025-09-26,5928.0474,119092
2025-09-30,5933.5373,119092
2025-10-01,5935.6,119092
2025-10-03,5938.4748,119092
2025-10-06,5941.7936,119092
2025-10-07,5942.4446,119092
2025-10-08,5943.1699,119092
2025-10-09,5943.9808,119092
2025-10-10,5944.8495,119092
2025-10-13,5947.7955,119092
2025-10-14,5948.725,119092
2025-10-15,5949.6158,119092
2025-10-16,5949.9941,119092
2025-10-17,5950.679,119092
2025-10-20,5953.5542,119092
2025-10-23,5956.2661,119092
2025-10-24,5957.0133,119092
2025-10-27,5959.9594,119092
2025-10-28,5961.2816,119092
2025-10-29,5962.2436,119092
2025-10-30,5962.9105,119092
2025-10-31,5963.9425,119092
2025-11-03,5966.9646,119092
2025-11-04,5967.9587,119092
2025-11-06,5969.9256,119092
2025-11-07,5971.0247,119092
2025-11-10,5973.9734,119092
2025-11-11,5975.0374,119092
2025-11-12,5976.3688,119092
2025-11-13,5977.4171,119092
2025-11-14,5978.3518,119092
2025-11-17,5981.2066,119092
2025-11-18,5982.3808,119092
2025-11-19,5983.4016,119092
2025-11-20,5984.2663,119092
2025-11-21,5985.1789,119092
2025-11-24,5988.0799,119092
2025-11-25,5989.3488,119092
2025-11-26,5990.4554,119092
2025-11-27,5991.5695,119092
2025-11-28,5992.5375,119092
2025-12-01,5994.9936,119092
2025-12-02,5995.7798,119092
2025-12-03,5996.3511,119092
2025-12-04,5996.9391,119092
2025-12-05,5999.0953,119092
2025-12-08,6002.0388,119092
2025-12-09,6002.302,119092
2025-12-10,6002.278,119092
2025-12-11,6003.0596,119092
2025-12-12,6004.0068,119092
2025-12-15,6006.304,119092
2025-12-16,6007.2035,119092
2025-12-17,6007.8902,119092
2025-12-18,6008.9502,119092
2025-12-19,6009.9347,119092
2025-12-22,6012.9635,119092
2025-12-23,6013.8267,119092
2025-12-24,6015.9944,119092
2025-12-26,6017.7227,119092
2025-12-29,6020.5172,119092
2025-12-30,6020.3988,119092
2025-12-31,6023.5454,119092
2026-01-01,6024.7187,119092
2026-01-02,6025.268,119092
2026-01-05,6027.6905,119092
2026-01-06,6028.7271,119092
2026-01-07,6028.3846,119092
2026-01-08,6028.086,119092
2026-01-09,6028.4591,119092
2026-01-12,6031.2329,119092
2026-01-13,6030.9953,119092
2026-01-14,6031.499,119092
2026-01-16,6031.7639,119092
2026-01-19,6033.5639,119092
2026-01-20,6033.4329,119092
2026-01-21,6034.6246,119092
2026-01-22,6037.506,119092
2026-01-23,6037.6453,119092
2026-01-27,6041.4977,119092
2026-01-28,6040.7842,119092
2026-01-29,6041.3173,119092
2026-01-30,6043.7838,119092
2026-02-02,6047.2159,119092
2026-02-03,6050.7733,119092
2026-02-04,6053.3313,119092
2026-02-05,6055.7449,119092
2026-02-06,6054.9686,119092
2026-02-09,6057.5032,119092
2026-02-10,6058.8643,119092
2026-02-11,6061.1204,119092
2026-02-12,6063.705,119092
2026-02-13,6066.864,119092
2026-02-16,6069.3783,119092
2026-02-17,6069.7063,119092
2026-02-18,6069.767,119092
2026-02-20,6071.6571,119092
2026-02-23,6074.6388,119092
2026-02-24,6076.1758,119092
2026-02-25,6077.5886,119092
2026-02-26,6078.8123,119092
2026-02-27,6079.9195,119092
2026-03-02,6081.764,119092
2026-03-04,6081.0589,119092
2026-03-05,6082.3927,119092
2026-03-06,6084.2962,119092
2026-03-09,6085.2288,119092
2026-03-10,6086.6516,119092
2026-03-11,6088.3404,119092
2026-03-12,6087.112,119092
2026-03-13,6083.6197,119092
2026-03-16,6086.3434,119092
2026-03-17,6089.0993,119092
2026-03-18,6093.8586,119092
2026-03-20,6093.5261,119092
2026-03-23,6090.1601,119092
2026-03-24,6089.2045,119092
2026-03-25,6090.541,119092
2026-03-27,6095.1859,119092
2026-03-30,6101.3858,119092
2026-03-31,6102.5131,119092
2026-04-02,6104.7264,119092
2026-04-06,6107.3346,119092
2026-04-07,6110.1834,119092
2026-04-08,6119.1243,119092
2026-04-09,6126.1544,119092
2026-04-10,6129.7674,119092
2026-04-13,6133.4071,119092
2026-04-15,6137.6962,119092
2026-04-16,6139.7004,119092
2026-04-17,6139.2351,119092
2026-04-20,6142.2537,119092
2026-04-21,6142.9601,119092
2026-04-22,6143.3663,119092
2026-04-23,6141.9603,119092
2026-04-24,6142.2018,119092
2026-04-27,6142.5902,119092
2026-04-28,6143.001,119092
2026-04-29,6141.8799,119092
2026-04-30,6140.1614,119092
2026-05-04,6145.7049,119092
2026-05-05,6146.0001,119092
2026-05-06,6149.0307,119092
2026-05-07,6149.9098,119092
2026-05-08,6151.3707,119092
2026-05-11,6151.8671,119092
2026-05-12,6150.5076,119092
2026-05-13,6150.1257,119092
2026-05-14,6148.9361,119092
2026-05-15,6148.3016,119092
2026-05-18,6148.4847,119092
2026-05-19,6149.7598,119092
2026-05-20,6147.5856,119092
2026-05-21,6142.8808,119092
2026-05-22,6142.638,119092
2026-05-25,6144.8478,119092
2026-05-26,6144.0004,119092
2026-05-27,6146.6118,119092
2026-05-29,6151.1139,119092
2026-06-01,6156.7532,119092
2026-06-02,6158.9665,119092
2026-06-03,6159.9626,119092
2026-06-04,6160.9434,119092
2026-06-05,6168.4755,119092
2026-06-08,6174.2084,119092
2026-06-09,6180.6685,119092
2026-06-10,6181.7967,119092
2026-06-11,6179.1996,119092
2026-06-12,6181.8148,119092
2026-06-15,6187.8223,119092
2026-06-16,6191.812,119092
2026-06-17,6193.3504,119092
2026-06-18,6194.652,119092
2026-06-19,6195.7815,119092
2026-06-22,6199.4871,119092
2026-06-23,6200.8511,119092
2026-06-24,6204.477,119092
2026-06-25,6209.1907,119092
2026-06-29,6217.3124,119092
2026-06-30,6220.8373,119092
2026-07-01,6225.516,119092
2026-07-02,6229.4422,119092
2026-07-03,6229.0236,119092
2026-07-06,6231.476,119092
2026-07-07,6227.8516,119092
2026-07-08,6224.3456,119092
2026-07-09,6227.9863,119092
2026-07-10,6228.9381,119092
2026-07-13,6230.5791,119092
2026-07-14,6227.1416,119092
2026-07-15,6228.0939,119092
2026-07-16,6230.8027,119092
2026-07-17,6234.115,119092
2026-07-20,6235.2804,119092
2026-07-21,6238.7844,119092
2026-07-22,6238.7028,119092
2026-07-23,6240.5818,119092
2026-07-24,6242.1652,119092
2026-07-27,6246.9483,119092
2026-07-28,6248.4821,119092
2013-01-02,103.0059,119551
2013-01-03,103.0306,119551
2013-01-04,103.0619,119551
2013-01-07,103.1408,119551
2013-01-08,103.1663,119551
2013-01-09,103.1897,119551
2013-01-10,103.2132,119551
2013-01-11,103.2385,119551
2013-01-14,103.3225,119551
2013-01-15,102.9223,119551
2013-01-16,102.9421,119551
2013-01-17,102.9691,119551
2013-01-18,102.9932,119551
2013-01-21,103.0662,119551
2013-01-22,103.0909,119551
2013-01-23,103.1145,119551
2013-01-24,103.1411,119551
2013-01-28,103.2351,119551
2013-01-29,102.9384,119551
2013-01-30,102.959,119551
2013-01-31,102.9778,119551
2013-02-01,102.9976,119551
2013-02-04,103.0659,119551
2013-02-05,103.0886,119551
2013-02-06,103.1119,119551
2013-02-07,103.1356,119551
2013-02-08,103.1594,119551
2013-02-11,103.2303,119551
2013-02-12,103.2523,119551
2013-02-13,103.2745,119551
2013-02-14,103.2937,119551
2013-02-15,102.9522,119551
2013-02-18,103.0229,119551
2013-02-20,103.0725,119551
2013-02-21,103.0965,119551
2013-02-22,103.1226,119551
2013-02-25,103.1919,119551
2013-02-26,103.2097,119551
2013-02-27,103.2322,119551
2013-02-28,103.254,119551
2013-03-01,102.9714,119551
2013-03-04,103.0478,119551
2013-03-05,103.0786,119551
2013-03-06,103.1012,119551
2013-03-07,103.129,119551
2013-03-08,103.1462,119551
2013-03-11,103.2199,119551
2013-03-12,103.251,119551
2013-03-13,103.2884,119551
2013-03-14,103.34,119551
2013-03-15,102.9975,119551
2013-03-18,103.0355,119551
2013-03-19,103.0632,119551
2013-03-20,103.1016,119551
2013-03-21,103.157,119551
2013-03-22,103.1891,119551
2013-03-25,103.2114,119551
2013-03-26,103.2285,119551
2013-03-28,103.2633,119551
2013-04-02,103.2626,119551
2013-04-03,103.3274,119551
2013-04-04,103.4096,119551
2013-04-05,103.4164,119551
2013-04-08,103.462,119551
2013-04-09,103.4716,119551
2013-04-10,103.4653,119551
2013-04-12,103.5704,119551
2013-04-15,103.6711,119551
2013-04-16,103.0719,119551
2013-04-17,103.0866,119551
2013-04-18,103.1589,119551
2013-04-22,103.216,119551
2013-04-23,103.2481,119551
2013-04-25,103.2947,119551
2013-04-26,103.3139,119551
2013-04-29,103.3845,119551
2013-04-30,103.0655,119551
2013-05-02,103.2057,119551
2013-05-03,103.2082,119551
2013-05-06,103.2821,119551
2013-05-07,103.3087,119551
2013-05-08,103.3404,119551
2013-05-09,103.3949,119551
2013-05-10,103.4157,119551
2013-05-13,103.4824,119551
2013-05-14,103.5159,119551
2013-05-15,103.113,119551
2013-05-16,103.141,119551
2013-05-17,103.1745,119551
2013-05-20,103.2356,119551
2013-05-21,103.2444,119551
2013-05-22,103.2698,119551
2013-05-23,103.2705,119551
2013-05-24,103.2834,119551
2013-05-27,103.349,119551
2013-05-28,103.3617,119551
2013-05-29,103.0877,119551
2013-05-30,103.1152,119551
2013-05-31,103.1296,119551
2013-06-03,103.1984,119551
2013-06-04,103.225,119551
2013-06-05,103.2598,119551
2013-06-06,103.2957,119551
2013-06-07,103.3194,119551
2013-06-10,103.3704,119551
2013-06-11,103.3832,119551
2013-06-12,103.3913,119551
2013-06-13,103.4056,119551
2013-06-14,103.4267,119551
2013-06-17,103.154,119551
2013-06-18,103.221,119551
2013-06-19,103.2602,119551
2013-06-20,103.2642,119551
2013-06-21,103.2992,119551
2013-06-24,103.3469,119551
2013-06-25,103.3595,119551
2013-06-26,103.3772,119551
2013-06-27,103.3957,119551
2013-06-28,103.4072,119551
2013-07-02,103.2075,119551
2013-07-03,103.2267,119551
2013-07-04,103.265,119551
2013-07-05,103.2854,119551
2013-07-08,103.3431,119551
2013-07-09,103.368,119551
2013-07-10,103.3886,119551
2013-07-11,103.4083,119551
2013-07-12,103.4314,119551
2013-07-15,103.4995,119551
2013-07-16,102.6046,119551
2013-07-17,102.7023,119551
2013-07-18,102.8496,119551
2013-07-19,102.8672,119551
2013-07-22,102.9274,119551
2013-07-23,102.8344,119551
2013-07-24,102.6244,119551
2013-07-25,102.6991,119551
2013-07-26,102.7573,119551
2013-07-29,102.8554,119551
2013-07-30,102.8875,119551
2013-07-31,102.9055,119551
2013-08-01,102.9596,119551
2013-08-02,103.0101,119551
2013-08-05,103.1389,119551
2013-08-06,103.1471,119551
2013-08-07,103.1785,119551
2013-08-08,103.2116,119551
2013-08-12,103.2958,119551
2013-08-13,103.3152,119551
2013-08-14,103.364,119551
2013-08-16,103.1558,119551
2013-08-19,103.207,119551
2013-08-20,103.2086,119551
2013-08-21,103.3135,119551
2013-08-22,103.3345,119551
2013-08-23,103.3768,119551
2013-08-26,103.4776,119551
2013-08-27,103.4881,119551
2013-08-28,103.4713,119551
2013-08-29,103.1588,119551
2013-08-30,103.214,119551
2013-09-02,103.3253,119551
2013-09-03,103.3815,119551
2013-09-04,103.4408,119551
2013-09-05,103.5445,119551
2013-09-06,103.5778,119551
2013-09-10,103.7133,119551
2013-09-11,103.7462,119551
2013-09-12,103.7831,119551
2013-09-13,103.8036,119551
2013-09-16,103.8949,119551
2013-09-17,103.2261,119551
2013-09-18,103.3108,119551
2013-09-19,103.4545,119551
2013-09-20,103.5346,119551
2013-09-23,103.594,119551
2013-09-24,103.6,119551
2013-09-25,103.6534,119551
2013-09-26,103.6866,119551
2013-09-27,103.724,119551
2013-09-30,103.7595,119551
2013-10-01,103.2655,119551
2013-10-03,103.3443,119551
2013-10-04,103.4092,119551
2013-10-07,103.5211,119551
2013-10-08,103.7122,119551
2013-10-09,103.7191,119551
2013-10-10,103.7396,119551
2013-10-11,103.7572,119551
2013-10-14,103.8303,119551
2013-10-15,103.2589,119551
2013-10-17,103.3326,119551
2013-10-18,103.3672,119551
2013-10-21,103.4516,119551
2013-10-22,103.4859,119551
2013-10-23,103.4986,119551
2013-10-24,103.5248,119551
2013-10-25,103.5569,119551
2013-10-28,103.6375,119551
2013-10-29,103.332,119551
2013-10-30,103.3571,119551
2013-10-31,103.3858,119551
2013-11-01,103.3966,119551
2013-11-05,103.4962,119551
2013-11-06,103.5239,119551
2013-11-07,103.5073,119551
2013-11-08,103.5326,119551
2013-11-11,103.5975,119551
2013-11-12,103.6068,119551
2013-11-13,103.6314,119551
2013-11-14,103.6701,119551
2013-11-18,103.396,119551
2013-11-19,103.4355,119551
2013-11-20,103.4681,119551
2013-11-21,103.474,119551
2013-11-22,103.5041,119551
2013-11-25,103.6001,119551
2013-11-26,103.6402,119551
2013-11-27,103.7259,119551
2013-11-28,103.7346,119551
2013-11-29,103.3436,119551
2013-12-02,103.4284,119551
2013-12-03,103.4693,119551
2013-12-04,103.4962,119551
2013-12-05,103.5545,119551
2013-12-06,103.5593,119551
2013-12-09,103.618,119551
2013-12-10,103.6308,119551
2013-12-11,103.6643,119551
2013-12-12,103.7351,119551
2013-12-13,103.7247,119551
2013-12-16,103.8019,119551
2013-12-17,103.3699,119551
2013-12-18,103.4075,119551
2013-12-19,103.4336,119551
2013-12-20,103.4584,119551
2013-12-23,103.5236,119551
2013-12-24,103.534,119551
2013-12-26,103.5763,119551
2013-12-27,103.5893,119551
2013-12-30,103.6429,119551
2013-12-31,103.3941,119551
2014-01-01,103.446,119551
2014-01-02,103.4808,119551
2014-01-03,103.506,119551
2014-01-06,103.5815,119551
2014-01-07,103.5881,119551
2014-01-08,103.5945,119551
2014-01-09,103.5989,119551
2014-01-10,103.6477,119551
2014-01-13,103.721,119551
2014-01-15,103.7752,119551
2014-01-16,103.3942,119551
2014-01-17,103.4134,119551
2014-01-20,103.4895,119551
2014-01-21,103.5305,119551
2014-01-22,103.5532,119551
2014-01-23,103.5792,119551
2014-01-24,103.6008,119551
2014-01-27,103.6718,119551
2014-01-28,103.6757,119551
2014-01-29,103.4118,119551
2014-01-30,103.4259,119551
2014-01-31,103.4429,119551
2014-02-03,103.5223,119551
2014-02-04,103.5533,119551
2014-02-05,103.5806,119551
2014-02-06,103.6157,119551
2014-02-07,103.6364,119551
2014-02-10,103.7039,119551
2014-02-11,103.7273,119551
2014-02-12,103.7487,119551
2014-02-13,103.7594,119551
2014-02-14,103.785,119551
2014-02-17,103.4821,119551
2014-02-18,103.5059,119551
2014-02-20,103.5667,119551
2014-02-21,103.5927,119551
2014-02-24,103.6626,119551
2014-02-25,103.687,119551
2014-02-26,103.7081,119551
2014-02-28,103.7646,119551
2014-03-03,103.4879,119551
2014-03-04,103.4922,119551
2014-03-05,103.5515,119551
2014-03-06,103.5859,119551
2014-03-07,103.6353,119551
2014-03-10,103.746,119551
2014-03-11,103.8533,119551
2014-03-12,103.8563,119551
2014-03-13,103.9202,119551
2014-03-14,103.9564,119551
2014-03-18,104.0619,119551
2014-03-19,104.0916,119551
2014-03-20,104.0972,119551
2014-03-21,104.2069,119551
2014-03-24,104.3035,119551
2014-03-25,104.4319,119551
2014-03-26,104.3934,119551
2014-03-27,104.4245,119551
2014-03-28,104.6408,119551
2014-03-31,104.7403,119551
2014-04-02,104.6459,119551
2014-04-03,104.6613,119551
2014-04-04,104.6173,119551
2014-04-07,104.6708,119551
2014-04-09,104.6926,119551
2014-04-10,104.7079,119551
2014-04-11,104.7961,119551
2014-04-15,104.8973,119551
2014-04-16,104.979,119551
2014-04-17,104.9728,119551
2014-04-21,105.1503,119551
2014-04-22,105.3231,119551
2014-04-23,105.3895,119551
2014-04-25,105.4519,119551
2014-04-28,105.5157,119551
2014-04-29,105.6008,119551
2014-04-30,105.6958,119551
2014-05-02,105.7909,119551
2014-05-05,105.9859,119551
2014-05-06,106.009,119551
2014-05-07,106.0297,119551
2014-05-08,106.0486,119551
2014-05-09,106.1508,119551
2014-05-12,106.283,119551
2014-05-13,106.2773,119551
2014-05-15,106.371,119551
2014-05-16,106.578,119551
2014-05-19,106.5839,119551
2014-05-20,106.5899,119551
2014-05-21,106.6686,119551
2014-05-22,106.7537,119551
2014-05-23,106.9316,119551
2014-05-26,106.9784,119551
2014-05-27,107.0365,119551
2014-05-28,107.0496,119551
2014-05-29,107.1021,119551
2014-05-30,107.1905,119551
2014-06-02,107.236,119551
2014-06-03,107.4231,119551
2014-06-04,107.5222,119551
2014-06-05,107.6529,119551
2014-06-06,107.7408,119551
2014-06-09,107.8767,119551
2014-06-10,107.878,119551
2014-06-11,107.8761,119551
2014-06-12,107.9228,119551
2014-06-13,107.976,119551
2014-06-16,107.9536,119551
2014-06-17,107.9426,119551
2014-06-18,107.9489,119551
2014-06-19,107.9016,119551
2014-06-20,107.8502,119551
2014-06-23,107.8791,119551
2014-06-24,107.9086,119551
2014-06-25,107.9552,119551
2014-06-26,108.0195,119551
2014-06-27,108.0211,119551
2014-06-30,108.1211,119551
2014-07-02,108.251,119551
2014-07-03,108.2774,119551
2014-07-04,108.3324,119551
2014-07-07,108.3898,119551
2014-07-08,108.3878,119551
2014-07-09,108.4151,119551
2014-07-10,108.4249,119551
2014-07-11,108.1137,119551
2014-07-14,107.9854,119551
2014-07-15,108.0604,119551
2014-07-16,108.1362,119551
2014-07-17,108.2175,119551
2014-07-18,108.2555,119551
2014-07-21,108.3794,119551
2014-07-22,108.4712,119551
2014-07-23,108.5746,119551
2014-07-24,108.6962,119551
2014-07-25,108.7179,119551
2014-07-28,108.7696,119551
2014-07-30,108.7581,119551
2014-07-31,108.8084,119551
2014-08-01,108.7849,119551
2014-08-04,108.8673,119551
2014-08-05,108.7745,119551
2014-08-06,108.6927,119551
2014-08-07,108.7486,119551
2014-08-08,108.7279,119551
2014-08-11,108.8297,119551
2014-08-12,108.8541,119551
2014-08-13,108.9453,119551
2014-08-14,108.9888,119551
2014-08-19,109.1381,119551
2014-08-20,109.199,119551
2014-08-21,109.1791,119551
2014-08-22,109.2192,119551
2014-08-25,109.2596,119551
2014-08-26,109.2961,119551
2014-08-27,109.3655,119551
2014-08-28,109.3934,119551
2014-09-01,109.5116,119551
2014-09-02,109.5448,119551
2014-09-03,109.6166,119551
2014-09-04,109.6473,119551
2014-09-05,109.6985,119551
2014-09-08,109.8163,119551
2014-09-09,109.721,119551
2014-09-10,109.8244,119551
2014-09-11,109.8546,119551
2014-09-12,109.8922,119551
2014-09-15,109.9641,119551
2014-09-16,109.9902,119551
2014-09-17,110.0495,119551
2014-09-18,110.1537,119551
2014-09-19,110.2016,119551
2014-09-22,110.3306,119551
2014-09-23,110.361,119551
2014-09-24,110.4004,119551
2014-09-25,110.4443,119551
2014-09-26,110.5813,119551
2014-09-29,110.6058,119551
2014-09-30,110.6084,119551
2014-10-01,110.6379,119551
2014-10-07,110.878,119551
2014-10-08,110.9817,119551
2014-10-09,110.9422,119551
2014-10-10,111.0732,119551
2014-10-13,111.165,119551
2014-10-14,111.3032,119551
2014-10-16,111.4989,119551
2014-10-17,111.5184,119551
2014-10-20,111.6753,119551
2014-10-21,111.7859,119551
2014-10-22,111.8628,119551
2014-10-27,112.0815,119551
2014-10-28,112.18,119551
2014-10-29,112.2563,119551
2014-10-30,112.3874,119551
2014-10-31,112.549,119551
2014-11-03,112.7413,119551
2014-11-05,113.0,119551
2014-11-07,113.0631,119551
2014-11-10,113.2158,119551
2014-11-11,113.233,119551
2014-11-12,113.2863,119551
2014-11-13,113.1662,119551
2014-11-14,113.1821,119551
2014-11-17,113.3374,119551
2014-11-18,113.4102,119551
2014-11-19,113.4418,119551
2014-11-20,113.4823,119551
2014-11-21,113.5065,119551
2014-11-24,113.5794,119551
2014-11-25,113.6379,119551
2014-11-26,113.6632,119551
2014-11-27,113.6867,119551
2014-11-28,113.8838,119551
2014-12-01,114.0367,119551
2014-12-02,114.3339,119551
2014-12-03,114.3739,119551
2014-12-04,114.375,119551
2014-12-05,114.4292,119551
2014-12-08,114.5229,119551
2014-12-09,114.6075,119551
2014-12-10,114.5532,119551
2014-12-11,114.6519,119551
2014-12-12,114.7909,119551
2014-12-15,114.8848,119551
2014-12-16,114.3427,119551
2014-12-17,114.3381,119551
2014-12-18,114.4956,119551
2014-12-19,114.4116,119551
2014-12-22,114.5061,119551
2014-12-23,114.6022,119551
2014-12-24,114.5759,119551
2014-12-26,114.5973,119551
2014-12-29,114.7535,119551
2014-12-30,114.9108,119551
2014-12-31,115.0256,119551
2015-01-01,115.0622,119551
2015-01-02,115.0298,119551
2015-01-05,115.0697,119551
2015-01-06,115.0098,119551
2015-01-07,115.0964,119551
2015-01-08,115.1534,119551
2015-01-09,115.2179,119551
2015-01-12,115.4215,119551
2015-01-13,115.5874,119551
2015-01-14,115.6112,119551
2015-01-15,115.9938,119551
2015-01-16,116.1579,119551
2015-01-19,116.243,119551
2015-01-20,116.2527,119551
2015-01-21,116.3456,119551
2015-01-22,116.3811,119551
2015-01-23,116.4146,119551
2015-01-27,116.4896,119551
2015-01-28,116.5474,119551
2015-01-29,116.583,119551
2015-01-30,116.5922,119551
2015-02-02,116.7716,119551
2015-02-03,116.6952,119551
2015-02-04,116.6401,119551
2015-02-05,116.6397,119551
2015-02-06,116.6382,119551
2015-02-09,116.6428,119551
2015-02-10,116.6639,119551
2015-02-11,116.669,119551
2015-02-12,116.6546,119551
2015-02-13,116.7452,119551
2015-02-16,116.8223,119551
2015-02-18,116.8588,119551
2015-02-20,116.9274,119551
2015-02-23,116.9984,119551
2015-02-24,117.0714,119551
2015-02-25,117.136,119551
2015-02-26,117.1316,119551
2015-02-27,117.1873,119551
2015-03-02,117.2585,119551
2015-03-03,117.2102,119551
2015-03-04,117.4492,119551
2015-03-05,117.4822,119551
2015-03-09,117.449,119551
2015-03-10,117.4224,119551
2015-03-11,117.412,119551
2015-03-12,117.4767,119551
2015-03-13,117.3557,119551
2015-03-16,117.4257,119551
2015-03-17,117.4812,119551
2015-03-18,117.4713,119551
2015-03-19,117.5422,119551
2015-03-20,117.6167,119551
2015-03-23,117.6634,119551
2015-03-24,117.7014,119551
2015-03-25,117.721,119551
2015-03-26,117.7366,119551
2015-03-27,117.7888,119551
2015-03-30,117.8781,119551
2015-03-31,118.0538,119551
2015-04-06,118.3359,119551
2015-04-07,118.3426,119551
2015-04-08,118.3201,119551
2015-04-09,118.4202,119551
2015-04-10,118.4427,119551
2015-04-13,118.5303,119551
2015-04-15,118.5848,119551
2015-04-16,118.6022,119551
2015-04-17,118.6016,119551
2015-04-20,118.6696,119551
2015-04-21,118.7199,119551
2015-04-22,118.7833,119551
2015-04-23,118.7552,119551
2015-04-24,118.7424,119551
2015-04-27,118.7981,119551
2015-04-28,118.8214,119551
2015-04-29,118.7676,119551
2015-04-30,118.6387,119551
2015-05-05,118.7349,119551
2015-05-06,118.6148,119551
2015-05-07,118.376,119551
2015-05-08,118.3858,119551
2015-05-11,118.671,119551
2015-05-12,118.5949,119551
2015-05-13,118.5796,119551
2015-05-14,118.5984,119551
2015-05-15,118.638,119551
2015-05-18,118.8277,119551
2015-05-19,119.0042,119551
2015-05-20,119.0625,119551
2015-05-21,119.0962,119551
2015-05-22,119.1641,119551
2015-05-25,119.2195,119551
2015-05-26,119.1981,119551
2015-05-27,119.2361,119551
2015-05-28,119.3367,119551
2015-05-29,119.4459,119551
2015-06-01,119.5416,119551
2015-06-02,119.1982,119551
2015-06-03,119.0994,119551
2015-06-04,118.9151,119551
2015-06-05,119.0347,119551
2015-06-08,119.0629,119551
2015-06-09,119.1989,119551
2015-06-10,119.091,119551
2015-06-11,118.8986,119551
2015-06-12,118.8557,119551
2015-06-15,119.029,119551
2015-06-16,118.9396,119551
2015-06-17,119.1569,119551
2015-06-18,119.5056,119551
2015-06-19,119.761,119551
2015-06-22,119.7631,119551
2015-06-23,119.7242,119551
2015-06-24,119.586,119551
2015-06-25,119.4568,119551
2015-06-26,119.5192,119551
2015-06-29,119.3389,119551
2015-06-30,119.4628,119551
2015-07-01,119.6428,119551
2015-07-02,119.7538,119551
2015-07-03,119.8612,119551
2015-07-06,120.0581,119551
2015-07-07,120.0419,119551
2015-07-08,120.0759,119551
2015-07-09,120.0964,119551
2015-07-10,120.1484,119551
2015-07-13,119.9544,119551
2015-07-14,120.0999,119551
2015-07-15,120.1371,119551
2015-07-16,120.1474,119551
2015-07-17,120.1974,119551
2015-07-20,120.227,119551
2015-07-21,120.2742,119551
2015-07-22,120.3286,119551
2015-07-23,120.4142,119551
2015-07-24,120.411,119551
2015-07-27,120.5074,119551
2015-07-28,120.7053,119551
2015-07-29,120.7768,119551
2015-07-30,120.7773,119551
2015-07-31,120.858,119551
2015-08-03,120.9192,119551
2015-08-04,120.8481,119551
2015-08-05,120.864,119551
2015-08-06,120.9792,119551
2015-08-07,120.9962,119551
2015-08-10,121.1234,119551
2015-08-11,121.1502,119551
2015-08-12,121.1846,119551
2015-08-13,121.3935,119551
2015-08-14,121.4723,119551
2015-08-17,121.5407,119551
2015-08-19,121.6068,119551
2015-08-20,121.6568,119551
2015-08-21,121.5475,119551
2015-08-24,121.2877,119551
2015-08-25,121.4763,119551
2015-08-26,121.5738,119551
2015-08-27,121.6848,119551
2015-08-28,121.688,119551
2015-08-31,121.7255,119551
2015-09-01,121.8545,119551
2015-09-02,121.8592,119551
2015-09-03,121.8344,119551
2015-09-04,121.7976,119551
2015-09-07,121.7402,119551
2015-09-08,121.8281,119551
2015-09-09,121.8833,119551
2015-09-10,121.8109,119551
2015-09-11,121.8402,119551
2015-09-14,121.9531,119551
2015-09-15,121.9858,119551
2015-09-16,121.9789,119551
2015-09-18,122.2648,119551
2015-09-21,122.338,119551
2015-09-22,122.3174,119551
2015-09-23,122.3206,119551
2015-09-24,122.3672,119551
2015-09-28,122.4558,119551
2015-09-29,123.1053,119551
2015-09-30,123.4889,119551
2015-10-01,123.4236,119551
2015-10-05,123.7102,119551
2015-10-06,123.7049,119551
2015-10-07,123.6703,119551
2015-10-08,123.7508,119551
2015-10-09,123.8076,119551
2015-10-12,123.7532,119551
2015-10-13,123.7951,119551
2015-10-14,123.8612,119551
2015-10-15,123.9272,119551
2015-10-16,123.9423,119551
2015-10-19,124.0158,119551
2015-10-20,124.0561,119551
2015-10-21,124.0459,119551
2015-10-23,124.1065,119551
2015-10-26,124.0884,119551
2015-10-27,124.1443,119551
2015-10-28,124.2162,119551
2015-10-29,124.1596,119551
2015-10-30,124.1571,119551
2015-11-02,124.2771,119551
2015-11-03,124.2894,119551
2015-11-04,124.2333,119551
2015-11-05,124.1902,119551
2015-11-06,124.1927,119551
2015-11-09,124.1346,119551
2015-11-10,124.236,119551
2015-11-13,124.4146,119551
2015-11-16,124.5039,119551
2015-11-17,124.471,119551
2015-11-18,124.4731,119551
2015-11-19,124.5005,119551
2015-11-20,124.4288,119551
2015-11-23,124.4523,119551
2015-11-24,124.5215,119551
2015-11-26,124.5172,119551
2015-11-27,124.423,119551
2015-11-30,124.4419,119551
2015-12-01,124.6288,119551
2015-12-02,124.6293,119551
2015-12-03,124.7928,119551
2015-12-04,124.672,119551
2015-12-07,124.7185,119551
2015-12-08,124.6356,119551
2015-12-09,124.6578,119551
2015-12-10,124.6787,119551
2015-12-11,124.7011,119551
2015-12-14,124.6657,119551
2015-12-15,124.6736,119551
2015-12-16,124.852,119551
2015-12-17,124.9378,119551
2015-12-18,124.8784,119551
2015-12-21,124.826,119551
2015-12-22,124.8958,119551
2015-12-23,125.0151,119551
2015-12-28,125.1004,119551
2015-12-29,125.097,119551
2015-12-30,125.18,119551
2015-12-31,125.202,119551
2016-01-01,125.3359,119551
2016-01-04,125.4695,119551
2016-01-05,125.538,119551
2016-01-06,125.5842,119551
2016-01-07,125.6648,119551
2016-01-08,125.7146,119551
2016-01-11,125.7259,119551
2016-01-12,125.6591,119551
2016-01-13,125.6079,119551
2016-01-14,125.5527,119551
2016-01-15,125.4498,119551
2016-01-18,125.4931,119551
2016-01-19,125.6369,119551
2016-01-20,125.7354,119551
2016-01-21,125.8865,119551
2016-01-22,125.8176,119551
2016-01-25,125.8071,119551
2016-01-27,125.8925,119551
2016-01-28,125.8512,119551
2016-01-29,125.9632,119551
2016-02-01,125.9933,119551
2016-02-02,125.809,119551
2016-02-03,125.7466,119551
2016-02-04,125.8428,119551
2016-02-05,125.9207,119551
2016-02-08,125.9596,119551
2016-02-09,125.937,119551
2016-02-10,125.9592,119551
2016-02-11,125.9517,119551
2016-02-12,125.9254,119551
2016-02-15,125.8746,119551
2016-02-16,125.7149,119551
2016-02-17,125.6237,119551
2016-02-18,125.6948,119551
2016-02-22,125.6262,119551
2016-02-23,125.3408,119551
2016-02-24,125.2591,119551
2016-02-25,124.949,119551
2016-02-26,125.1214,119551
2016-02-29,126.2203,119551
2016-03-01,126.3215,119551
2016-03-02,126.329,119551
2016-03-03,126.2671,119551
2016-03-04,126.4923,119551
2016-03-08,126.6189,119551
2016-03-09,126.6695,119551
2016-03-10,126.723,119551
2016-03-11,126.7653,119551
2016-03-14,127.0352,119551
2016-03-15,127.1887,119551
2016-03-16,127.3719,119551
2016-03-17,127.7124,119551
2016-03-18,127.7673,119551
2016-03-21,128.0543,119551
2016-03-22,128.0579,119551
2016-03-23,128.0675,119551
2016-03-28,128.3103,119551
2016-03-29,128.2341,119551
2016-03-30,128.2653,119551
2016-03-31,128.5789,119551
2016-04-04,129.038,119551
2016-04-05,129.0831,119551
2016-04-06,129.1903,119551
2016-04-07,129.3494,119551
2016-04-11,129.6038,119551
2016-04-12,129.6858,119551
2016-04-13,129.5595,119551
2016-04-18,129.752,119551
2016-04-20,129.7601,119551
2016-04-21,129.6356,119551
2016-04-22,129.7155,119551
2016-04-25,129.7723,119551
2016-04-26,129.7797,119551
2016-04-27,129.7993,119551
2016-04-28,129.8405,119551
2016-04-29,129.9119,119551
2016-05-02,129.9765,119551
2016-05-03,129.9719,119551
2016-05-04,130.0353,119551
2016-05-05,130.0702,119551
2016-05-06,130.0972,119551
2016-05-09,130.2163,119551
2016-05-10,130.2617,119551
2016-05-11,130.3016,119551
2016-05-12,130.371,119551
2016-05-13,130.3528,119551
2016-05-16,130.426,119551
2016-05-17,130.4413,119551
2016-05-18,130.4225,119551
2016-05-19,130.4821,119551
2016-05-20,130.4614,119551
2016-05-23,130.5755,119551
2016-05-24,130.6043,119551
2016-05-25,130.6325,119551
2016-05-26,130.6326,119551
2016-05-27,130.6615,119551
2016-05-30,130.7441,119551
2016-05-31,130.7549,119551
2016-06-01,130.7344,119551
2016-06-02,130.7746,119551
2016-06-03,130.8097,119551
2016-06-06,130.9418,119551
2016-06-07,130.9498,119551
2016-06-08,130.9713,119551
2016-06-09,131.006,119551
2016-06-10,131.0328,119551
2016-06-13,131.0126,119551
2016-06-14,131.0472,119551
2016-06-15,131.088,119551
2016-06-16,131.1648,119551
2016-06-17,131.1983,119551
2016-06-20,131.2455,119551
2016-06-21,131.3168,119551
2016-06-22,131.4024,119551
2016-06-23,131.4681,119551
2016-06-24,131.4875,119551
2016-06-27,131.6653,119551
2016-06-28,131.7077,119551
2016-06-29,131.8008,119551
2016-06-30,131.8646,119551
2016-07-01,132.0459,119551
2016-07-04,132.1492,119551
2016-07-05,132.3858,119551
2016-07-07,132.5112,119551
2016-07-08,132.5679,119551
2016-07-11,132.6835,119551
2016-07-12,133.0156,119551
2016-07-13,133.3212,119551
2016-07-14,133.3927,119551
2016-07-15,133.4658,119551
2016-07-18,133.4825,119551
2016-07-19,133.6134,119551
2016-07-20,133.7495,119551
2016-07-21,133.8544,119551
2016-07-22,133.9622,119551
2016-07-25,134.0989,119551
2016-07-26,134.1531,119551
2016-07-27,134.1788,119551
2016-07-28,134.5985,119551
2016-07-29,134.7325,119551
2016-08-01,134.9712,119551
2016-08-02,134.8488,119551
2016-08-03,134.7377,119551
2016-08-04,134.8655,119551
2016-08-05,134.9377,119551
2016-08-08,135.0387,119551
2016-08-09,135.3606,119551
2016-08-10,135.5838,119551
2016-08-11,135.8291,119551
2016-08-12,135.8182,119551
2016-08-16,135.8902,119551
2016-08-18,135.7343,119551
2016-08-19,135.8687,119551
2016-08-22,135.7183,119551
2016-08-23,135.7506,119551
2016-08-24,135.9112,119551
2016-08-25,136.0296,119551
2016-08-26,136.0743,119551
2016-08-29,136.2205,119551
2016-08-30,136.312,119551
2016-08-31,136.3515,119551
2016-09-01,136.3584,119551
2016-09-02,136.3517,119551
2016-09-06,136.541,119551
2016-09-07,136.7979,119551
2016-09-08,136.8589,119551
2016-09-09,136.9063,119551
2016-09-12,136.85,119551
2016-09-14,136.8219,119551
2016-09-15,136.8926,119551
2016-09-16,136.971,119551
2016-09-19,137.0139,119551
2016-09-20,136.9986,119551
2016-09-21,137.097,119551
2016-09-22,137.4241,119551
2016-09-23,137.5601,119551
2016-09-26,137.8324,119551
2016-09-27,137.947,119551
2016-09-28,138.0284,119551
2016-09-29,137.7307,119551
2016-09-30,137.8665,119551
2016-10-03,138.2415,119551
2016-10-04,138.5007,119551
2016-10-05,138.9268,119551
2016-10-06,138.8924,119551
2016-10-07,138.7764,119551
2016-10-10,139.0035,119551
2016-10-13,138.9711,119551
2016-10-14,138.8584,119551
2016-10-17,138.8696,119551
2016-10-18,138.9771,119551
2016-10-19,138.9686,119551
2016-10-20,138.92,119551
2016-10-21,138.9252,119551
2016-10-24,138.9892,119551
2016-10-25,138.917,119551
2016-10-26,138.9324,119551
2016-10-27,138.8932,119551
2016-10-28,138.9002,119551
2016-11-01,138.9285,119551
2016-11-02,138.9201,119551
2016-11-03,138.9047,119551
2016-11-04,138.8435,119551
2016-11-07,138.9342,119551
2016-11-08,139.0289,119551
2016-11-09,139.5353,119551
2016-11-10,139.7669,119551
2016-11-11,139.5813,119551
2016-11-15,140.6312,119551
2016-11-16,141.2151,119551
2016-11-17,141.2957,119551
2016-11-18,141.2116,119551
2016-11-21,142.0013,119551
2016-11-22,142.0614,119551
2016-11-23,142.3794,119551
2016-11-24,142.9418,119551
2016-11-25,142.7966,119551
2016-11-28,142.3286,119551
2016-11-29,142.2212,119551
2016-11-30,142.5417,119551
2016-12-01,142.6678,119551
2016-12-02,142.5539,119551
2016-12-05,142.6727,119551
2016-12-06,142.7747,119551
2016-12-07,141.4759,119551
2016-12-08,141.328,119551
2016-12-09,141.2674,119551
2016-12-13,141.4149,119551
2016-12-14,141.4995,119551
2016-12-15,140.9543,119551
2016-12-16,140.9144,119551
2016-12-19,140.9731,119551
2016-12-20,141.0514,119551
2016-12-21,141.1187,119551
2016-12-22,140.8922,119551
2016-12-23,140.754,119551
2016-12-26,140.5763,119551
2016-12-27,140.4635,119551
2016-12-28,140.4799,119551
2016-12-29,140.8539,119551
2016-12-30,141.0653,119551
2017-01-02,142.0128,119551
2017-01-03,141.8637,119551
2017-01-04,142.1884,119551
2017-01-05,142.1662,119551
2017-01-06,142.1645,119551
2017-01-09,142.1957,119551
2017-01-10,142.2226,119551
2017-01-11,142.2559,119551
2017-01-12,142.4383,119551
2017-01-13,142.3455,119551
2017-01-16,142.3247,119551
2017-01-17,142.4058,119551
2017-01-18,142.3467,119551
2017-01-19,142.2584,119551
2017-01-20,142.294,119551
2017-01-23,142.362,119551
2017-01-24,142.4236,119551
2017-01-25,142.5021,119551
2017-01-27,142.5803,119551
2017-01-30,142.6424,119551
2017-01-31,142.6513,119551
2017-02-01,142.708,119551
2017-02-02,142.8498,119551
2017-02-03,142.8411,119551
2017-02-06,142.8673,119551
2017-02-07,142.8426,119551
2017-02-08,141.0498,119551
2017-02-09,140.3961,119551
2017-02-10,140.6958,119551
2017-02-13,140.7741,119551
2017-02-14,140.6769,119551
2017-02-15,140.7425,119551
2017-02-16,140.855,119551
2017-02-17,140.8544,119551
2017-02-20,140.7201,119551
2017-02-22,140.5482,119551
2017-02-23,140.656,119551
2017-02-27,140.8612,119551
2017-02-28,140.8785,119551
2017-03-01,140.6291,119551
2017-03-02,140.6931,119551
2017-03-03,140.8939,119551
2017-03-06,140.7214,119551
2017-03-07,140.6715,119551
2017-03-08,140.6217,119551
2017-03-09,140.5925,119551
2017-03-10,140.3602,119551
2017-03-14,140.4476,119551
2017-03-15,140.8803,119551
2017-03-16,141.011,119551
2017-03-17,141.0134,119551
2017-03-20,141.0427,119551
2017-03-21,141.1567,119551
2017-03-22,141.6441,119551
2017-03-23,141.7341,119551
2017-03-24,141.7796,119551
2017-03-27,142.1702,119551
2017-03-29,142.1405,119551
2017-03-30,142.2701,119551
2017-03-31,142.3365,119551
2017-04-03,142.491,119551
2017-04-05,142.456,119551
2017-04-06,142.0344,119551
2017-04-07,141.9749,119551
2017-04-10,142.0721,119551
2017-04-11,142.2557,119551
2017-04-12,142.4196,119551
2017-04-13,142.5844,119551
2017-04-17,142.6317,119551
2017-04-18,142.6525,119551
2017-04-19,142.7966,119551
2017-04-20,142.7991,119551
2017-04-21,142.6345,119551
2017-04-24,142.7063,119551
2017-04-25,142.8376,119551
2017-04-26,142.7088,119551
2017-04-27,142.7118,119551
2017-04-28,142.7091,119551
2017-05-02,142.7261,119551
2017-05-03,142.7804,119551
2017-05-04,142.781,119551
2017-05-05,142.8881,119551
2017-05-08,143.0171,119551
2017-05-09,143.0225,119551
2017-05-11,143.0782,119551
2017-05-12,143.191,119551
2017-05-15,143.5718,119551
2017-05-16,143.5436,119551
2017-05-17,143.5683,119551
2017-05-18,143.5992,119551
2017-05-19,143.6111,119551
2017-05-22,143.7899,119551
2017-05-23,143.8682,119551
2017-05-24,143.9093,119551
2017-05-25,144.0182,119551
2017-05-26,144.139,119551
2017-05-29,144.139,119551
2017-05-30,144.1695,119551
2017-05-31,144.2526,119551
2017-06-01,144.4377,119551
2017-06-02,144.495,119551
2017-06-05,144.5409,119551
2017-06-06,144.5701,119551
2017-06-07,144.9507,119551
2017-06-08,145.3316,119551
2017-06-09,145.4447,119551
2017-06-12,145.5341,119551
2017-06-13,145.6403,119551
2017-06-14,145.6607,119551
2017-06-15,145.6979,119551
2017-06-16,145.6798,119551
2017-06-19,145.7742,119551
2017-06-20,145.8016,119551
2017-06-21,145.8889,119551
2017-06-22,145.8735,119551
2017-06-23,145.8813,119551
2017-06-27,145.9449,119551
2017-06-28,145.8491,119551
2017-06-29,145.8476,119551
2017-06-30,145.8394,119551
2017-07-03,145.6663,119551
2017-07-04,145.7582,119551
2017-07-05,145.8498,119551
2017-07-06,145.9371,119551
2017-07-07,145.9888,119551
2017-07-10,146.2443,119551
2017-07-11,146.3105,119551
2017-07-12,146.3824,119551
2017-07-13,146.4568,119551
2017-07-14,146.4802,119551
2017-07-17,146.6141,119551
2017-07-18,146.6789,119551
2017-07-19,146.7668,119551
2017-07-20,146.8157,119551
2017-07-21,146.9821,119551
2017-07-24,147.1328,119551
2017-07-25,147.1373,119551
2017-07-26,147.0997,119551
2017-07-27,147.1708,119551
2017-07-28,147.1604,119551
2017-07-31,147.1981,119551
2017-08-01,147.2654,119551
2017-08-02,147.3359,119551
2017-08-03,147.6212,119551
2017-08-04,147.6495,119551
2017-08-07,147.6821,119551
2017-08-08,147.7057,119551
2017-08-09,147.7244,119551
2017-08-10,147.6744,119551
2017-08-11,147.6561,119551
2017-08-14,147.7087,119551
2017-08-16,147.7053,119551
2017-08-18,147.8182,119551
2017-08-21,147.903,119551
2017-08-22,147.9018,119551
2017-08-23,147.9146,119551
2017-08-24,147.945,119551
2017-08-28,148.0222,119551
2017-08-29,148.0933,119551
2017-08-30,148.1091,119551
2017-08-31,148.181,119551
2017-09-01,148.359,119551
2017-09-04,148.4419,119551
2017-09-05,148.4461,119551
2017-09-06,148.4973,119551
2017-09-07,148.4821,119551
2017-09-08,148.4706,119551
2017-09-11,148.5133,119551
2017-09-12,148.48,119551
2017-09-13,148.4446,119551
2017-09-14,148.4631,119551
2017-09-15,148.4365,119551
2017-09-18,148.4466,119551
2017-09-19,148.4897,119551
2017-09-20,148.5343,119551
2017-09-21,148.2842,119551
2017-09-22,148.2649,119551
2017-09-25,148.4371,119551
2017-09-26,148.362,119551
2017-09-27,148.3767,119551
2017-09-28,148.4835,119551
2017-09-29,148.491,119551
2017-10-03,148.7205,119551
2017-10-04,148.6351,119551
2017-10-05,148.5783,119551
2017-10-06,148.5744,119551
2017-10-09,148.6113,119551
2017-10-10,148.6506,119551
2017-10-11,148.6958,119551
2017-10-12,148.7248,119551
2017-10-13,148.8495,119551
2017-10-16,148.9557,119551
2017-10-17,148.9725,119551
2017-10-18,148.9933,119551
2017-10-23,149.0299,119551
2017-10-24,149.0872,119551
2017-10-25,149.0757,119551
2017-10-26,149.1089,119551
2017-10-27,149.116,119551
2017-10-30,149.1095,119551
2017-10-31,149.166,119551
2017-11-01,149.1872,119551
2017-11-02,149.2423,119551
2017-11-03,149.2935,119551
2017-11-06,149.3344,119551
2017-11-07,149.2845,119551
2017-11-08,149.2964,119551
2017-11-09,149.335,119551
2017-11-10,149.3439,119551
2017-11-13,149.3946,119551
2017-11-14,149.2009,119551
2017-11-15,149.2653,119551
2017-11-16,149.1355,119551
2017-11-17,149.2227,119551
2017-11-20,149.5677,119551
2017-11-21,149.5741,119551
2017-11-22,149.4299,119551
2017-11-23,149.3581,119551
2017-11-24,149.3708,119551
2017-11-27,149.4131,119551
2017-11-28,149.4371,119551
2017-11-29,149.4737,119551
2017-11-30,149.4913,119551
2017-12-04,149.5704,119551
2017-12-05,149.6015,119551
2017-12-06,149.6636,119551
2017-12-07,149.6687,119551
2017-12-08,149.6701,119551
2017-12-11,149.5962,119551
2017-12-12,149.544,119551
2017-12-13,149.4922,119551
2017-12-14,149.5076,119551
2017-12-15,149.4853,119551
2017-12-18,149.5292,119551
2017-12-19,149.559,119551
2017-12-20,149.4474,119551
2017-12-21,149.3699,119551
2017-12-22,149.2793,119551
2017-12-26,149.2864,119551
2017-12-27,149.3157,119551
2017-12-28,149.1113,119551
2017-12-29,149.4545,119551
2018-01-01,149.4635,119551
2018-01-02,149.4785,119551
2018-01-03,149.5011,119551
2018-01-04,149.4562,119551
2018-01-05,149.6129,119551
2018-01-08,149.663,119551
2018-01-09,149.6376,119551
2018-01-10,149.4919,119551
2018-01-11,149.4769,119551
2018-01-12,149.4891,119551
2018-01-15,149.6009,119551
2018-01-16,149.44,119551
2018-01-17,149.6553,119551
2018-01-18,149.6057,119551
2018-01-19,149.6247,119551
2018-01-22,149.6942,119551
2018-01-23,149.8059,119551
2018-01-24,149.783,119551
2018-01-25,149.7498,119551
2018-01-29,149.7264,119551
2018-01-30,149.6944,119551
2018-01-31,149.7354,119551
2018-02-01,149.4309,119551
2018-02-02,149.4766,119551
2018-02-05,149.5419,119551
2018-02-06,149.6109,119551
2018-02-07,149.7571,119551
2018-02-08,149.8999,119551
2018-02-09,149.9118,119551
2018-02-12,149.9962,119551
2018-02-14,150.0741,119551
2018-02-15,149.9765,119551
2018-02-16,150.0015,119551
2018-02-20,149.9696,119551
2018-02-21,149.9303,119551
2018-02-22,149.8158,119551
2018-02-23,149.9491,119551
2018-02-26,149.9922,119551
2018-02-27,140.649,119551
2018-02-28,140.6412,119551
2018-03-01,140.6243,119551
2018-03-05,140.7265,119551
2018-03-06,140.77,119551
2018-03-07,140.9803,119551
2018-03-08,141.0882,119551
2018-03-09,141.0964,119551
2018-03-12,141.271,119551
2018-03-13,141.3517,119551
2018-03-14,141.3686,119551
2018-03-15,141.4873,119551
2018-03-16,141.6912,119551
2018-03-19,141.7148,119551
2018-03-20,141.7269,119551
2018-03-21,141.7391,119551
2018-03-22,141.7848,119551
2018-03-23,141.8272,119551
2018-03-26,141.858,119551
2018-03-27,142.3556,119551
2018-03-28,142.4392,119551
2018-04-03,142.7428,119551
2018-04-04,142.7382,119551
2018-04-05,143.1275,119551
2018-04-06,143.1533,119551
2018-04-09,143.1851,119551
2018-04-10,142.9838,119551
2018-04-11,142.7892,119551
2018-04-12,142.8123,119551
2018-04-13,142.8596,119551
2018-04-16,142.9083,119551
2018-04-17,142.9028,119551
2018-04-18,142.8035,119551
2018-04-19,142.5817,119551
2018-04-20,142.3818,119551
2018-04-23,142.3797,119551
2018-04-24,142.3569,119551
2018-04-25,142.2185,119551
2018-04-26,142.1109,119551
2018-04-27,142.0784,119551
2018-05-02,142.3015,119551
2018-05-03,142.3179,119551
2018-05-04,142.3165,119551
2018-05-07,142.4808,119551
2018-05-08,142.5187,119551
2018-05-09,142.3563,119551
2018-05-10,142.3077,119551
2018-05-11,142.2857,119551
2018-05-14,142.2398,119551
2018-05-15,142.0914,119551
2018-05-16,141.9575,119551
2018-05-17,141.9005,119551
2018-05-18,142.0857,119551
2018-05-21,142.1174,119551
2018-05-22,142.1472,119551
2018-05-23,142.1357,119551
2018-05-24,142.1165,119551
2018-05-25,142.2487,119551
2018-05-28,142.4224,119551
2018-05-29,142.4726,119551
2018-05-30,142.5296,119551
2018-05-31,142.42,119551
2018-06-01,142.3674,119551
2018-06-04,142.3998,119551
2018-06-05,142.4665,119551
2018-06-06,142.3972,119551
2018-06-07,142.2812,119551
2018-06-08,142.4035,119551
2018-06-11,142.4551,119551
2018-06-12,142.4837,119551
2018-06-13,142.5907,119551
2018-06-14,142.6874,119551
2018-06-15,142.7832,119551
2018-06-18,142.9393,119551
2018-06-19,142.9936,119551
2018-06-20,143.0785,119551
2018-06-21,143.2127,119551
2018-06-22,143.2155,119551
2018-06-25,143.2898,119551
2018-06-26,143.3068,119551
2018-06-27,143.2581,119551
2018-06-28,143.195,119551
2018-06-29,143.2428,119551
2018-07-02,143.3715,119551
2018-07-03,143.418,119551
2018-07-04,143.5283,119551
2018-07-05,143.5272,119551
2018-07-06,143.5656,119551
2018-07-09,143.6666,119551
2018-07-10,143.7153,119551
2018-07-11,143.7636,119551
2018-07-12,143.9137,119551
2018-07-13,143.9932,119551
2018-07-16,144.0332,119551
2018-07-17,144.1534,119551
2018-07-18,144.1784,119551
2018-07-19,144.1604,119551
2018-07-20,144.1651,119551
2018-07-23,144.2217,119551
2018-07-24,144.2543,119551
2018-07-25,144.2857,119551
2018-07-26,144.3561,119551
2018-07-27,144.3967,119551
2018-07-30,144.4708,119551
2018-07-31,144.5473,119551
2018-08-01,144.6898,119551
2018-08-02,144.717,119551
2018-08-03,144.6829,119551
2018-08-06,144.7287,119551
2018-08-07,144.736,119551
2018-08-08,144.7751,119551
2018-08-09,144.8547,119551
2018-08-10,144.8834,119551
2018-08-13,144.8638,119551
2018-08-14,144.8983,119551
2018-08-16,144.8889,119551
2018-08-20,145.0363,119551
2018-08-21,145.0737,119551
2018-08-23,145.063,119551
2018-08-24,145.0713,119551
2018-08-27,145.1487,119551
2018-08-28,145.1743,119551
2018-08-29,145.1777,119551
2018-08-30,145.153,119551
2018-08-31,145.157,119551
2018-09-03,145.1981,119551
2018-09-04,145.091,119551
2018-09-05,145.064,119551
2018-09-06,145.0798,119551
2018-09-07,145.1503,119551
2018-09-10,145.0029,119551
2018-09-11,144.9724,119551
2018-09-12,144.9921,119551
2018-09-14,145.0718,119551
2018-09-17,145.1591,119551
2018-09-18,145.1769,119551
2018-09-19,145.2511,119551
2018-09-21,145.2703,119551
2018-09-24,145.129,119551
2018-09-25,145.0404,119551
2018-09-26,145.1397,119551
2018-09-27,145.5014,119551
2018-09-28,145.6347,119551
2018-10-01,145.82,119551
2018-10-03,145.7273,119551
2018-10-04,145.5923,119551
2018-10-05,145.947,119551
2018-10-08,146.0791,119551
2018-10-09,145.9393,119551
2018-10-10,145.9908,119551
2018-10-11,146.0455,119551
2018-10-12,146.0817,119551
2018-10-15,146.2801,119551
2018-10-16,146.3846,119551
2018-10-17,146.3738,119551
2018-10-19,146.4328,119551
2018-10-22,146.5009,119551
2018-10-23,146.5481,119551
2018-10-24,146.6004,119551
2018-10-25,146.6004,119551
2018-10-26,146.59,119551
2018-10-29,146.7445,119551
2018-10-30,146.7452,119551
2018-10-31,146.7339,119551
2018-11-01,146.8128,119551
2018-11-02,146.9597,119551
2018-11-05,147.0216,119551
2018-11-06,147.0712,119551
2018-11-09,147.2208,119551
2018-11-12,147.2561,119551
2018-11-13,147.3771,119551
2018-11-14,147.492,119551
2018-11-15,147.5302,119551
2018-11-16,147.4611,119551
2018-11-19,147.5923,119551
2018-11-20,147.635,119551
2018-11-22,147.8603,119551
2018-11-26,147.9388,119551
2018-11-27,147.9633,119551
2018-11-28,148.1433,119551
2018-11-29,148.2735,119551
2018-11-30,148.3579,119551
2018-12-03,148.4128,119551
2018-12-04,148.5429,119551
2018-12-05,148.846,119551
2018-12-06,149.0535,119551
2018-12-07,149.0015,119551
2018-12-10,148.7642,119551
2018-12-11,148.8009,119551
2018-12-12,149.0278,119551
2018-12-13,149.0154,119551
2018-12-14,148.9564,119551
2018-12-17,149.0283,119551
2018-12-18,149.195,119551
2018-12-19,149.5278,119551
2018-12-20,149.5464,119551
2018-12-21,149.563,119551
2018-12-24,149.6544,119551
2018-12-26,149.8596,119551
2018-12-27,149.9247,119551
2018-12-28,149.7844,119551
2018-12-31,149.9206,119551
2019-01-01,149.8452,119551
2019-01-02,149.9431,119551
2019-01-03,149.8859,119551
2019-01-04,149.8954,119551
2019-01-07,149.9279,119551
2019-01-08,150.0955,119551
2019-01-09,150.1373,119551
2019-01-10,150.1803,119551
2019-01-11,150.2791,119551
2019-01-14,150.456,119551
2019-01-15,150.4854,119551
2019-01-16,150.4555,119551
2019-01-17,150.4768,119551
2019-01-18,150.4759,119551
2019-01-21,150.3954,119551
2019-01-22,150.5028,119551
2019-01-23,150.5101,119551
2019-01-24,150.5348,119551
2019-01-25,150.5547,119551
2019-01-28,150.6576,119551
2019-01-29,150.6845,119551
2019-01-30,150.6693,119551
2019-01-31,150.7049,119551
2019-02-01,150.5492,119551
2019-02-04,150.5633,119551
2019-02-05,150.5966,119551
2019-02-06,150.6666,119551
2019-02-07,150.9077,119551
2019-02-08,151.009,119551
2019-02-11,151.0908,119551
2019-02-12,151.05,119551
2019-02-13,151.3451,119551
2019-02-14,151.2698,119551
2019-02-15,151.1932,119551
2019-02-18,151.131,119551
2019-02-20,151.2149,119551
2019-02-21,151.2293,119551
2019-02-22,151.2599,119551
2019-02-25,151.3599,119551
2019-02-26,151.362,119551
2019-02-27,151.2991,119551
2019-02-28,151.357,119551
2019-03-01,151.443,119551
2019-03-05,151.6357,119551
2019-03-06,151.7285,119551
2019-03-07,151.8551,119551
2019-03-08,151.9735,119551
2019-03-11,152.1524,119551
2019-03-12,152.2662,119551
2019-03-13,152.2831,119551
2019-03-14,152.4552,119551
2019-03-15,152.5838,119551
2019-03-18,152.7412,119551
2019-03-19,152.7005,119551
2019-03-20,152.7699,119551
2019-03-22,152.9006,119551
2019-03-25,142.4171,119551
2019-03-26,142.4063,119551
2019-03-27,142.4266,119551
2019-03-28,142.444,119551
2019-03-29,142.8143,119551
2019-04-02,143.2454,119551
2019-04-03,143.216,119551
2019-04-04,143.0993,119551
2019-04-05,142.9577,119551
2019-04-08,142.8229,119551
2019-04-09,142.8298,119551
2019-04-10,142.9046,119551
2019-04-11,142.8471,119551
2019-04-12,142.8054,119551
2019-04-15,142.7628,119551
2019-04-16,142.7755,119551
2019-04-18,142.8003,119551
2019-04-22,142.7099,119551
2019-04-23,142.717,119551
2019-04-24,142.817,119551
2019-04-25,142.7254,119551
2019-04-26,142.8116,119551
2019-04-30,142.9462,119551
2019-05-02,142.9669,119551
2019-05-03,142.9162,119551
2019-05-06,143.0201,119551
2019-05-07,143.0787,119551
2019-05-08,143.1504,119551
2019-05-09,143.18,119551
2019-05-10,143.2079,119551
2019-05-13,143.3346,119551
2019-05-14,143.4783,119551
2019-05-15,143.5038,119551
2019-05-16,143.5546,119551
2019-05-17,143.6887,119551
2019-05-20,143.9976,119551
2019-05-21,144.0003,119551
2019-05-22,144.0646,119551
2019-05-23,144.3538,119551
2019-05-24,144.51,119551
2019-05-27,145.0011,119551
2019-05-28,145.1418,119551
2019-05-29,145.1587,119551
2019-05-30,145.1312,119551
2019-05-31,145.5041,119551
2019-06-03,145.7548,119551
2019-06-04,145.6843,119551
2019-06-06,146.0295,119551
2019-06-07,145.8035,119551
2019-06-10,145.5955,119551
2019-06-11,145.6404,119551
2019-06-12,145.775,119551
2019-06-13,145.8517,119551
2019-06-14,146.087,119551
2019-06-17,146.1223,119551
2019-06-18,146.4654,119551
2019-06-19,146.5025,119551
2019-06-20,146.6796,119551
2019-06-21,146.4745,119551
2019-06-24,146.4771,119551
2019-06-25,146.3663,119551
2019-06-26,146.2151,119551
2019-06-27,146.3061,119551
2019-06-28,146.3797,119551
2019-07-01,146.3903,119551
2019-07-02,146.4817,119551
2019-07-03,146.678,119551
2019-07-04,146.9134,119551
2019-07-05,147.2972,119551
2019-07-08,147.8277,119551
2019-07-09,147.8228,119551
2019-07-10,148.0034,119551
2019-07-11,148.2166,119551
2019-07-12,148.2944,119551
2019-07-15,148.5678,119551
2019-07-16,148.9102,119551
2019-07-17,148.8778,119551
2019-07-18,148.8109,119551
2019-07-19,148.8542,119551
2019-07-22,148.7174,119551
2019-07-23,148.6097,119551
2019-07-24,148.6858,119551
2019-07-25,148.3413,119551
2019-07-26,148.3704,119551
2019-07-29,148.7487,119551
2019-07-30,148.892,119551
2019-07-31,149.0512,119551
2019-08-01,149.0367,119551
2019-08-02,149.3724,119551
2019-08-05,149.2155,119551
2019-08-06,149.4147,119551
2019-08-07,149.5577,119551
2019-08-08,149.6843,119551
2019-08-09,149.4248,119551
2019-08-13,149.4511,119551
2019-08-14,149.0809,119551
2019-08-16,149.3311,119551
2019-08-19,149.373,119551
2019-08-20,149.4864,119551
2019-08-21,149.6765,119551
2019-08-22,149.8404,119551
2019-08-23,149.9347,119551
2019-08-26,150.2418,119551
2019-08-27,150.2496,119551
2019-08-28,150.1914,119551
2019-08-29,150.0625,119551
2019-08-30,150.1076,119551
2019-09-03,150.4088,119551
2019-09-04,150.4906,119551
2019-09-05,150.4076,119551
2019-09-06,150.3414,119551
2019-09-09,150.5778,119551
2019-09-11,150.4797,119551
2019-09-12,150.3828,119551
2019-09-13,150.4937,119551
2019-09-16,150.4476,119551
2019-09-17,150.3688,119551
2019-09-18,150.6191,119551
2019-09-19,150.6828,119551
2019-09-20,150.0993,119551
2019-09-23,150.1778,119551
2019-09-24,150.1503,119551
2019-09-25,150.1731,119551
2019-09-26,150.2039,119551
2019-09-27,150.2231,119551
2019-09-30,150.4539,119551
2019-10-01,150.5812,119551
2019-10-03,150.7936,119551
2019-10-04,150.7287,119551
2019-10-07,150.8064,119551
2019-10-09,150.861,119551
2019-10-10,150.8965,119551
2019-10-11,150.938,119551
2019-10-14,151.0676,119551
2019-10-15,151.1294,119551
2019-10-16,151.2289,119551
2019-10-17,151.266,119551
2019-10-18,151.4029,119551
2019-10-22,151.5632,119551
2019-10-23,151.6974,119551
2019-10-24,151.7896,119551
2019-10-25,151.8433,119551
2019-10-29,151.965,119551
2019-10-30,152.1072,119551
2019-10-31,152.3324,119551
2019-11-01,152.4285,119551
2019-11-04,152.4901,119551
2019-11-05,152.4692,119551
2019-11-06,152.4607,119551
2019-11-07,152.4911,119551
2019-11-08,152.3985,119551
2019-11-11,152.4214,119551
2019-11-13,152.5581,119551
2019-11-14,152.6957,119551
2019-11-15,152.7979,119551
2019-11-18,152.9316,119551
2019-11-19,152.9853,119551
2019-11-20,153.0708,119551
2019-11-21,153.0927,119551
2019-11-22,153.1436,119551
2019-11-25,153.296,119551
2019-11-26,153.3485,119551
2019-11-27,153.3903,119551
2019-11-28,153.4934,119551
2019-11-29,153.5381,119551
2019-12-02,153.6046,119551
2019-12-03,153.6259,119551
2019-12-04,153.7405,119551
2019-12-05,153.2483,119551
2019-12-06,153.1405,119551
2019-12-09,153.1183,119551
2019-12-10,153.0738,119551
2019-12-11,152.9832,119551
2019-12-12,152.9682,119551
2019-12-13,152.8576,119551
2019-12-16,152.9814,119551
2019-12-17,153.0346,119551
2019-12-18,153.1337,119551
2019-12-19,153.1526,119551
2019-12-20,153.4572,119551
2019-12-23,153.5537,119551
2019-12-24,153.5626,119551
2019-12-26,153.5576,119551
2019-12-27,153.6346,119551
2019-12-30,153.701,119551
2019-12-31,153.7054,119551
2020-01-01,153.8193,119551
2020-01-02,153.8742,119551
2020-01-03,154.0323,119551
2020-01-06,154.0036,119551
2020-01-07,154.0751,119551
2020-01-08,154.127,119551
2020-01-09,154.2202,119551
2020-01-10,154.1672,119551
2020-01-13,154.2362,119551
2020-01-14,154.1151,119551
2020-01-15,154.1889,119551
2020-01-16,154.2713,119551
2020-01-17,154.3249,119551
2020-01-20,154.4228,119551
2020-01-21,154.4776,119551
2020-01-22,154.5903,119551
2020-01-23,154.6714,119551
2020-01-24,154.749,119551
2020-01-27,154.8703,119551
2020-01-28,154.9202,119551
2020-01-29,154.8904,119551
2020-01-30,154.9146,119551
2020-01-31,154.9392,119551
2020-02-03,155.2432,119551
2020-02-04,155.3587,119551
2020-02-05,155.3768,119551
2020-02-06,155.9182,119551
2020-02-07,156.3627,119551
2020-02-10,156.5138,119551
2020-02-11,156.5581,119551
2020-02-12,156.5516,119551
2020-02-13,156.7233,119551
2020-02-14,156.828,119551
2020-02-17,157.0124,119551
2020-02-18,156.9444,119551
2020-02-20,156.9353,119551
2020-02-24,157.1105,119551
2020-02-25,157.0423,119551
2020-02-26,147.7681,119551
2020-02-27,147.6783,119551
2020-02-28,147.542,119551
2020-03-02,147.6198,119551
2020-03-03,147.6457,119551
2020-03-04,148.0648,119551
2020-03-05,148.039,119551
2020-03-06,148.22,119551
2020-03-09,148.1911,119551
2020-03-11,147.9299,119551
2020-03-12,147.1302,119551
2020-03-13,146.4248,119551
2020-03-16,146.3857,119551
2020-03-17,145.7796,119551
2020-03-18,145.1779,119551
2020-03-19,143.9765,119551
2020-03-20,144.6272,119551
2020-03-23,143.7194,119551
2020-03-24,143.8304,119551
2020-03-26,144.1796,119551
2020-03-27,147.851,119551
2020-03-30,147.6988,119551
2020-03-31,148.1709,119551
2020-04-03,147.8815,119551
2020-04-07,147.1769,119551
2020-04-08,146.4112,119551
2020-04-09,146.4196,119551
2020-04-13,146.5785,119551
2020-04-15,146.8633,119551
2020-04-16,147.1239,119551
2020-04-17,147.947,119551
2020-04-20,148.7201,119551
2020-04-21,149.0212,119551
2020-04-22,149.0793,119551
2020-04-23,149.5527,119551
2020-04-24,148.6647,119551
2020-04-27,148.6922,119551
2020-04-28,148.5148,119551
2020-04-29,148.549,119551
2020-04-30,148.6556,119551
2020-05-04,149.0855,119551
2020-05-05,149.4229,119551
2020-05-06,149.8549,119551
2020-05-08,150.1326,119551
2020-05-11,149.6699,119551
2020-05-12,149.9687,119551
2020-05-13,150.1633,119551
2020-05-14,150.5497,119551
2020-05-15,150.5483,119551
2020-05-18,150.7375,119551
2020-05-19,150.8998,119551
2020-05-20,151.0347,119551
2020-05-21,151.1568,119551
2020-05-22,151.835,119551
2020-05-26,151.9123,119551
2020-05-27,151.8831,119551
2020-05-28,151.8499,119551
2020-05-29,151.8458,119551
2020-06-01,151.7027,119551
2020-06-02,151.5887,119551
2020-06-03,151.7291,119551
2020-06-04,151.7144,119551
2020-06-05,151.7947,119551
2020-06-08,151.7545,119551
2020-06-09,151.8323,119551
2020-06-10,151.9285,119551
2020-06-11,152.0797,119551
2020-06-12,152.1202,119551
2020-06-15,152.2922,119551
2020-06-16,152.463,119551
2020-06-17,152.6873,119551
2020-06-18,152.9942,119551
2020-06-19,153.2792,119551
2020-06-22,153.438,119551
2020-06-23,153.6661,119551
2020-06-24,153.6871,119551
2020-06-25,153.8658,119551
2020-06-26,154.0384,119551
2020-06-29,154.1954,119551
2020-06-30,154.3407,119551
2020-07-01,154.4707,119551
2020-07-02,154.6381,119551
2020-07-03,154.7628,119551
2020-07-06,154.9799,119551
2020-07-07,155.2208,119551
2020-07-08,155.4959,119551
2020-07-09,155.6112,119551
2020-07-10,155.929,119551
2020-07-13,156.0307,119551
2020-07-14,155.9369,119551
2020-07-15,156.1332,119551
2020-07-16,156.1683,119551
2020-07-17,156.2261,119551
2020-07-20,156.312,119551
2020-07-21,156.218,119551
2020-07-22,156.1462,119551
2020-07-23,156.2261,119551
2020-07-24,156.2363,119551
2020-07-27,156.1419,119551
2020-07-28,156.0234,119551
2020-07-29,156.0698,119551
2020-07-30,156.1385,119551
2020-07-31,156.2908,119551
2020-08-03,156.3569,119551
2020-08-04,156.4151,119551
2020-08-05,156.4515,119551
2020-08-06,156.273,119551
2020-08-07,156.1963,119551
2020-08-10,156.1579,119551
2020-08-11,156.1703,119551
2020-08-12,156.1023,119551
2020-08-13,156.2204,119551
2020-08-14,156.1109,119551
2020-08-17,156.1178,119551
2020-08-18,156.0848,119551
2020-08-19,156.0408,119551
2020-08-20,156.1183,119551
2020-08-21,155.6426,119551
2020-08-24,155.3393,119551
2020-08-25,155.4841,119551
2020-08-26,155.3989,119551
2020-08-27,155.293,119551
2020-08-28,155.1542,119551
2020-08-31,155.7972,119551
2020-09-01,156.4621,119551
2020-09-02,156.5163,119551
2020-09-03,156.7417,119551
2020-09-04,156.774,119551
2020-09-07,156.5535,119551
2020-09-08,156.1916,119551
2020-09-09,156.2123,119551
2020-09-10,156.1513,119551
2020-09-11,156.1152,119551
2020-09-14,156.1284,119551
2020-09-15,156.0004,119551
2020-09-16,156.1146,119551
2020-09-17,156.1649,119551
2020-09-18,156.2039,119551
2020-09-21,156.2995,119551
2020-09-22,156.3459,119551
2020-09-23,156.4026,119551
2020-09-24,156.37,119551
2020-09-25,156.3293,119551
2020-09-28,156.3511,119551
2020-09-29,156.3187,119551
2020-09-30,156.4483,119551
2020-10-01,156.6388,119551
2020-10-05,156.763,119551
2020-10-06,156.8394,119551
2020-10-07,156.9459,119551
2020-10-08,157.086,119551
2020-10-09,157.7498,119551
2020-10-12,157.882,119551
2020-10-13,158.0762,119551
2020-10-14,158.1982,119551
2020-10-15,158.3381,119551
2020-10-16,158.3327,119551
2020-10-19,158.4601,119551
2020-10-20,158.5896,119551
2020-10-21,158.5983,119551
2020-10-22,158.5705,119551
2020-10-23,158.6936,119551
2020-10-26,158.8975,119551
2020-10-27,158.8713,119551
2020-10-28,158.857,119551
2020-10-29,158.8367,119551
2020-11-02,158.9295,119551
2020-11-03,158.9366,119551
2020-11-04,158.9374,119551
2020-11-05,159.1355,119551
2020-11-06,159.2468,119551
2020-11-09,159.2568,119551
2020-11-10,159.229,119551
2020-11-11,159.2531,119551
2020-11-12,159.3624,119551
2020-11-13,159.4146,119551
2020-11-17,159.5333,119551
2020-11-18,159.5898,119551
2020-11-19,159.7636,119551
2020-11-20,159.8527,119551
2020-11-23,159.9304,119551
2020-11-24,159.983,119551
2020-11-25,160.1039,119551
2020-11-26,160.2708,119551
2020-11-27,160.2778,119551
2020-12-01,160.2519,119551
2020-12-02,160.1204,119551
2020-12-03,160.1281,119551
2020-12-04,160.3103,119551
2020-12-07,160.3502,119551
2020-12-08,160.3514,119551
2020-12-09,160.3147,119551
2020-12-10,160.344,119551
2020-12-11,160.2922,119551
2020-12-14,160.3316,119551
2020-12-15,160.3865,119551
2020-12-16,160.3832,119551
2020-12-17,160.4015,119551
2020-12-18,160.4386,119551
2020-12-21,160.3923,119551
2020-12-22,160.403,119551
2020-12-23,160.4658,119551
2020-12-24,160.516,119551
2020-12-28,160.6676,119551
2020-12-29,160.7133,119551
2020-12-30,160.7819,119551
2020-12-31,160.8071,119551
2021-01-01,160.8997,119551
2021-01-04,161.0439,119551
2021-01-05,161.2313,119551
2021-01-06,161.2295,119551
2021-01-07,161.2821,119551
2021-01-08,161.3775,119551
2021-01-11,161.1259,119551
2021-01-12,160.9495,119551
2021-01-13,160.9046,119551
2021-01-14,160.6885,119551
2021-01-15,160.6112,119551
2021-01-18,160.3776,119551
2021-01-19,160.3918,119551
2021-01-20,160.4846,119551
2021-01-21,160.5205,119551
2021-01-22,160.4748,119551
2021-01-25,160.5232,119551
2021-01-27,160.5509,119551
2021-01-28,160.5833,119551
2021-01-29,160.5977,119551
2021-02-01,160.0612,119551
2021-02-02,159.6745,119551
2021-02-03,159.7469,119551
2021-02-04,159.7473,119551
2021-02-05,159.5631,119551
2021-02-08,159.6672,119551
2021-02-09,159.5233,119551
2021-02-10,159.5324,119551
2021-02-11,159.676,119551
2021-02-12,159.745,119551
2021-02-15,159.817,119551
2021-02-16,159.8868,119551
2021-02-17,159.8489,119551
2021-02-18,159.7964,119551
2021-02-22,159.5796,119551
2021-02-23,159.4945,119551
2021-02-24,159.5155,119551
2021-02-25,159.5286,119551
2021-02-26,151.4836,119551
2021-03-01,151.5474,119551
2021-03-02,151.6292,119551
2021-03-03,151.6682,119551
2021-03-04,151.6971,119551
2021-03-05,151.6682,119551
2021-03-08,151.7216,119551
2021-03-09,151.7148,119551
2021-03-10,151.712,119551
2021-03-12,151.6323,119551
2021-03-15,151.3381,119551
2021-03-16,151.3172,119551
2021-03-17,151.3473,119551
2021-03-18,151.3901,119551
2021-03-19,151.6387,119551
2021-03-22,151.8479,119551
2021-03-23,152.2243,119551
2021-03-24,152.3847,119551
2021-03-25,152.4514,119551
2021-03-26,152.5344,119551
2021-03-30,152.6579,119551
2021-03-31,152.7457,119551
2021-04-05,153.0069,119551
2021-04-06,153.2101,119551
2021-04-07,153.1454,119551
2021-04-08,153.1697,119551
2021-04-09,153.2609,119551
2021-04-12,153.3259,119551
2021-04-15,153.2182,119551
2021-04-16,153.1445,119551
2021-04-19,153.2788,119551
2021-04-20,153.322,119551
2021-04-22,153.3766,119551
2021-04-23,153.459,119551
2021-04-26,153.6353,119551
2021-04-27,153.7634,119551
2021-04-28,153.8557,119551
2021-04-29,153.8646,119551
2021-04-30,153.951,119551
2021-05-03,154.0501,119551
2021-05-04,154.0742,119551
2021-05-05,154.1232,119551
2021-05-06,154.1495,119551
2021-05-07,154.1903,119551
2021-05-10,154.2372,119551
2021-05-11,154.341,119551
2021-05-12,154.3311,119551
2021-05-14,154.3309,119551
2021-05-17,154.4002,119551
2021-05-18,154.4638,119551
2021-05-19,154.599,119551
2021-05-20,154.6073,119551
2021-05-21,154.6417,119551
2021-05-24,154.7069,119551
2021-05-25,154.783,119551
2021-05-27,154.8336,119551
2021-05-28,154.8325,119551
2021-05-31,154.8591,119551
2021-06-01,154.8506,119551
2021-06-02,154.8632,119551
2021-06-03,154.9384,119551
2021-06-04,154.9869,119551
2021-06-07,155.1117,119551
2021-06-08,155.1383,119551
2021-06-09,155.2699,119551
2021-06-10,155.3161,119551
2021-06-11,155.3755,119551
2021-06-14,155.429,119551
2021-06-15,155.2961,119551
2021-06-16,155.0843,119551
2021-06-17,155.0726,119551
2021-06-18,155.1221,119551
2021-06-21,155.1952,119551
2021-06-22,155.1506,119551
2021-06-23,155.1573,119551
2021-06-24,155.1814,119551
2021-06-25,155.1462,119551
2021-06-28,155.1258,119551
2021-06-29,155.1137,119551
2021-06-30,141.9021,119551
2021-07-01,141.9515,119551
2021-07-02,141.9245,119551
2021-07-05,142.0229,119551
2021-07-06,141.942,119551
2021-07-07,142.0218,119551
2021-07-08,142.1696,119551
2021-07-09,142.2029,119551
2021-07-12,142.1602,119551
2021-07-13,142.2948,119551
2021-07-14,142.2968,119551
2021-07-15,142.3806,119551
2021-07-16,142.5092,119551
2021-07-19,142.5654,119551
2021-07-20,142.6213,119551
2021-07-22,142.6239,119551
2021-07-23,142.6218,119551
2021-07-26,142.719,119551
2021-07-27,142.7747,119551
2021-07-28,142.8006,119551
2021-07-29,142.8184,119551
2021-07-30,142.839,119551
2021-08-02,142.9005,119551
2021-08-03,142.9404,119551
2021-08-04,142.9647,119551
2021-08-05,143.021,119551
2021-08-06,142.91,119551
2021-08-09,142.9661,119551
2021-08-10,143.0486,119551
2021-08-11,143.0625,119551
2021-08-12,143.136,119551
2021-08-13,143.2392,119551
2021-08-17,143.3696,119551
2021-08-18,143.4818,119551
2021-08-20,143.5164,119551
2021-08-23,143.5597,119551
2021-08-24,143.5629,119551
2021-08-25,143.5853,119551
2021-08-26,143.5893,119551
2021-08-27,143.6277,119551
2021-08-30,143.7535,119551
2021-08-31,143.7984,119551
2021-09-01,143.8746,119551
2021-09-02,143.9444,119551
2021-09-03,143.9699,119551
2021-09-06,144.0148,119551
2021-09-07,144.0042,119551
2021-09-08,144.0275,119551
2021-09-09,144.0574,119551
2021-09-13,144.1118,119551
2021-09-14,144.1251,119551
2021-09-15,131.1996,119551
2021-09-16,131.2345,119551
2021-09-17,131.2591,119551
2021-09-20,131.3222,119551
2021-09-21,131.3316,119551
2021-09-22,131.3513,119551
2021-09-23,131.3554,119551
2021-09-24,131.2694,119551
2021-09-27,131.258,119551
2021-09-28,131.3044,119551
2021-09-29,131.2328,119551
2021-09-30,131.2526,119551
2021-10-01,131.2393,119551
2021-10-04,131.3094,119551
2021-10-05,131.2616,119551
2021-10-06,131.2459,119551
2021-10-07,131.2265,119551
2021-10-08,131.2335,119551
2021-10-11,131.2562,119551
2021-10-12,131.2981,119551
2021-10-13,131.3582,119551
2021-10-14,131.3603,119551
2021-10-18,131.3686,119551
2021-10-20,131.3437,119551
2021-10-21,131.4413,119551
2021-10-22,131.4697,119551
2021-10-25,131.5009,119551
2021-10-26,131.4286,119551
2021-10-27,131.4254,119551
2021-10-28,131.396,119551
2021-10-29,131.3687,119551
2021-11-01,131.3951,119551
2021-11-02,131.3907,119551
2021-11-03,131.4386,119551
2021-11-08,131.6163,119551
2021-11-09,131.6599,119551
2021-11-10,131.659,119551
2021-11-11,131.6866,119551
2021-11-12,131.6894,119551
2021-11-15,131.7417,119551
2021-11-16,131.7479,119551
2021-11-17,131.7489,119551
2021-11-18,131.7944,119551
2021-11-22,131.858,119551
2021-11-23,131.8686,119551
2021-11-24,131.8645,119551
2021-11-25,131.8704,119551
2021-11-26,131.8818,119551
2021-11-29,131.9194,119551
2021-11-30,131.9668,119551
2021-12-01,131.9697,119551
2021-12-02,132.0146,119551
2021-12-03,132.0162,119551
2021-12-06,132.0903,119551
2021-12-07,132.0998,119551
2021-12-08,132.1611,119551
2021-12-09,132.162,119551
2021-12-10,132.1656,119551
2021-12-13,132.1789,119551
2021-12-14,132.2368,119551
2021-12-15,132.2563,119551
2021-12-16,132.2637,119551
2021-12-17,132.2288,119551
2021-12-20,132.1983,119551
2021-12-21,132.1135,119551
2021-12-22,120.8645,119551
2021-12-23,120.8813,119551
2021-12-24,120.886,119551
2021-12-27,120.9367,119551
2021-12-28,120.8977,119551
2021-12-29,120.9039,119551
2021-12-30,120.9049,119551
2021-12-31,120.9424,119551
2022-01-03,120.9791,119551
2022-01-04,120.9326,119551
2022-01-05,120.9314,119551
2022-01-06,120.9577,119551
2022-01-07,120.9547,119551
2022-01-10,120.9198,119551
2022-01-11,120.9723,119551
2022-01-12,121.0236,119551
2022-01-13,121.0679,119551
2022-01-14,121.0906,119551
2022-01-17,121.0746,119551
2022-01-18,121.0769,119551
2022-01-19,121.0829,119551
2022-01-20,121.1056,119551
2022-01-21,121.133,119551
2022-01-24,121.1248,119551
2022-01-25,121.1535,119551
2022-01-27,121.1095,119551
2022-01-28,121.1287,119551
2022-01-31,121.2264,119551
2022-02-01,121.041,119551
2022-02-02,120.9797,119551
2022-02-03,121.0079,119551
2022-02-04,121.0091,119551
2022-02-08,121.1629,119551
2022-02-09,121.2257,119551
2022-02-10,121.4458,119551
2022-02-11,121.5265,119551
2022-02-14,121.6236,119551
2022-02-15,121.6181,119551
2022-02-16,121.6448,119551
2022-02-17,121.6561,119551
2022-02-18,121.6824,119551
2022-02-21,121.7193,119551
2022-02-22,121.6893,119551
2022-02-23,121.7264,119551
2022-02-24,121.7161,119551
2022-02-25,121.7161,119551
2022-02-28,121.7348,119551
2022-03-02,121.665,119551
2022-03-03,121.6296,119551
2022-03-04,121.6603,119551
2022-03-07,121.6023,119551
2022-03-08,121.5935,119551
2022-03-09,121.6144,119551
2022-03-10,121.6699,119551
2022-03-11,121.6652,119551
2022-03-14,121.7179,119551
2022-03-15,121.8177,119551
2022-03-16,121.7919,119551
2022-03-17,121.8816,119551
2022-03-21,121.9474,119551
2022-03-22,121.9441,119551
2022-03-23,112.8231,119551
2022-03-24,112.8542,119551
2022-03-25,112.9034,119551
2022-03-28,112.9448,119551
2022-03-29,112.9912,119551
2022-03-30,113.0255,119551
2022-03-31,113.0782,119551
2022-04-04,113.1171,119551
2022-04-05,113.1661,119551
2022-04-06,113.1607,119551
2022-04-07,113.1825,119551
2022-04-08,112.9062,119551
2022-04-11,112.8479,119551
2022-04-12,112.8405,119551
2022-04-13,112.6844,119551
2022-04-18,112.8584,119551
2022-04-19,112.9046,119551
2022-04-20,112.936,119551
2022-04-21,112.956,119551
2022-04-22,112.959,119551
2022-04-25,113.0615,119551
2022-04-26,113.0579,119551
2022-04-27,113.0954,119551
2022-04-28,113.0848,119551
2022-04-29,113.0956,119551
2022-05-02,113.1319,119551
2022-05-04,112.4331,119551
2022-05-05,112.3588,119551
2022-05-06,112.244,119551
2022-05-09,112.2672,119551
2022-05-10,112.3479,119551
2022-05-11,112.3991,119551
2022-05-12,112.433,119551
2022-05-13,112.3647,119551
2022-05-17,112.4137,119551
2022-05-18,112.4368,119551
2022-05-19,112.4539,119551
2022-05-20,112.4374,119551
2022-05-23,112.5061,119551
2022-05-24,112.5432,119551
2022-05-25,112.5511,119551
2022-05-26,112.5751,119551
2022-05-27,112.5875,119551
2022-05-30,112.6166,119551
2022-05-31,112.6801,119551
2022-06-01,112.5519,119551
2022-06-02,112.579,119551
2022-06-03,112.5469,119551
2022-06-06,112.53,119551
2022-06-07,112.4553,119551
2022-06-08,112.5902,119551
2022-06-09,112.6487,119551
2022-06-10,112.6848,119551
2022-06-13,112.5985,119551
2022-06-14,112.583,119551
2022-06-15,112.5757,119551
2022-06-16,112.5715,119551
2022-06-17,112.5783,119551
2022-06-20,112.7336,119551
2022-06-21,112.757,119551
2022-06-22,105.1767,119551
2022-06-23,105.2106,119551
2022-06-24,105.1971,119551
2022-06-27,105.2922,119551
2022-06-28,105.2771,119551
2022-06-29,105.2859,119551
2022-06-30,105.3199,119551
2022-07-01,105.3963,119551
2022-07-04,105.4884,119551
2022-07-05,105.5371,119551
2022-07-06,105.7065,119551
2022-07-07,105.7041,119551
2022-07-08,105.6723,119551
2022-07-11,105.672,119551
2022-07-12,105.7093,119551
2022-07-13,105.7695,119551
2022-07-14,105.776,119551
2022-07-15,105.776,119551
2022-07-18,105.788,119551
2022-07-19,105.7996,119551
2022-07-20,105.8304,119551
2022-07-21,105.8401,119551
2022-07-22,105.8449,119551
2022-07-25,105.9141,119551
2022-07-26,105.9161,119551
2022-07-27,105.9293,119551
2022-07-28,105.9484,119551
2022-07-29,106.0066,119551
2022-08-01,106.1219,119551
2022-08-02,106.1993,119551
2022-08-03,106.15,119551
2022-08-04,106.2254,119551
2022-08-05,106.1086,119551
2022-08-08,106.1541,119551
2022-08-10,106.2542,119551
2022-08-11,106.3209,119551
2022-08-12,106.3294,119551
2022-08-17,106.5092,119551
2022-08-18,106.5141,119551
2022-08-19,106.5072,119551
2022-08-22,106.5568,119551
2022-08-23,106.5597,119551
2022-08-24,106.599,119551
2022-08-25,106.5824,119551
2022-08-26,106.6296,119551
2022-08-29,106.6906,119551
2022-08-30,106.7038,119551
2022-09-01,106.7475,119551
2022-09-02,106.7705,119551
2022-09-05,106.8191,119551
2022-09-06,106.8291,119551
2022-09-07,106.8681,119551
2022-09-08,106.9005,119551
2022-09-09,106.9116,119551
2022-09-12,106.954,119551
2022-09-13,106.9983,119551
2022-09-14,106.9625,119551
2022-09-15,106.9084,119551
2022-09-16,106.8585,119551
2022-09-19,106.8748,119551
2022-09-20,106.824,119551
2022-09-21,106.8072,119551
2022-09-22,106.7549,119551
2022-09-23,106.6333,119551
2022-09-26,106.6784,119551
2022-09-27,106.6575,119551
2022-09-28,106.6485,119551
2022-09-29,106.7145,119551
2022-09-30,106.7948,119551
2022-10-03,106.8261,119551
2022-10-04,106.8856,119551
2022-10-06,106.8875,119551
2022-10-07,106.8408,119551
2022-10-10,106.8233,119551
2022-10-11,106.782,119551
2022-10-12,106.808,119551
2022-10-13,106.812,119551
2022-10-14,106.7922,119551
2022-10-17,106.9437,119551
2022-10-18,106.9767,119551
2022-10-19,106.997,119551
2022-10-20,106.9757,119551
2022-10-21,106.9649,119551
2022-10-25,107.112,119551
2022-10-27,107.2349,119551
2022-10-28,107.2137,119551
2022-10-31,107.2729,119551
2022-11-01,107.2818,119551
2022-11-02,107.303,119551
2022-11-03,107.2944,119551
2022-11-04,107.307,119551
2022-11-07,107.3633,119551
2022-11-09,107.4581,119551
2022-11-10,107.5243,119551
2022-11-11,107.6105,119551
2022-11-14,107.6593,119551
2022-11-15,107.709,119551
2022-11-16,107.7065,119551
2022-11-17,107.7346,119551
2022-11-18,107.7527,119551
2022-11-21,107.8002,119551
2022-11-22,107.8369,119551
2022-11-23,107.8393,119551
2022-11-24,107.8882,119551
2022-11-25,107.9066,119551
2022-11-28,107.9959,119551
2022-11-29,107.99,119551
2022-11-30,108.0334,119551
2022-12-01,108.0832,119551
2022-12-02,108.0988,119551
2022-12-05,108.1499,119551
2022-12-06,108.1762,119551
2022-12-07,108.1551,119551
2022-12-08,108.1783,119551
2022-12-09,108.1868,119551
2022-12-12,108.2614,119551
2022-12-13,108.2884,119551
2022-12-14,108.3488,119551
2022-12-15,108.3336,119551
2022-12-16,108.3466,119551
2022-12-19,108.3837,119551
2022-12-20,108.4123,119551
2022-12-21,108.3843,119551
2022-12-22,108.3903,119551
2022-12-23,108.4095,119551
2022-12-26,108.4303,119551
2022-12-27,108.472,119551
2022-12-28,108.4921,119551
2022-12-29,108.4982,119551
2022-12-30,108.5225,119551
2023-01-02,108.5922,119551
2023-01-03,108.627,119551
2023-01-04,108.6262,119551
2023-01-05,108.6405,119551
2023-01-06,108.6235,119551
2023-01-09,108.7189,119551
2023-01-10,108.7409,119551
2023-01-11,108.7682,119551
2023-01-12,108.8154,119551
2023-01-13,108.8441,119551
2023-01-16,108.8945,119551
2023-01-17,108.9098,119551
2023-01-18,108.929,119551
2023-01-19,108.9578,119551
2023-01-20,108.9335,119551
2023-01-23,108.9803,119551
2023-01-24,108.9995,119551
2023-01-25,108.9962,119551
2023-01-27,108.9787,119551
2023-01-30,109.0072,119551
2023-01-31,109.0678,119551
2023-02-01,109.1849,119551
2023-02-02,109.2186,119551
2023-02-03,109.2425,119551
2023-02-06,109.2662,119551
2023-02-07,109.2826,119551
2023-02-08,109.2472,119551
2023-02-09,109.2446,119551
2023-02-10,109.2412,119551
2023-02-13,109.2826,119551
2023-02-14,109.248,119551
2023-02-15,109.2929,119551
2023-02-16,109.3243,119551
2023-02-17,109.2924,119551
2023-02-20,109.378,119551
2023-02-21,109.4182,119551
2023-02-22,109.3818,119551
2023-02-23,109.409,119551
2023-02-24,109.4234,119551
2023-02-27,109.4341,119551
2023-02-28,109.4442,119551
2023-03-01,109.43,119551
2023-03-02,109.447,119551
2023-03-03,109.4874,119551
2023-03-06,109.5313,119551
2023-03-08,109.5103,119551
2023-03-09,109.541,119551
2023-03-10,109.5769,119551
2023-03-13,109.7345,119551
2023-03-14,109.7889,119551
2023-03-15,109.8123,119551
2023-03-16,109.7988,119551
2023-03-17,109.8366,119551
2023-03-20,109.9509,119551
2023-03-21,109.981,119551
2023-03-23,110.0625,119551
2023-03-24,110.0794,119551
2023-03-27,110.1469,119551
2023-03-28,110.1156,119551
2023-03-29,110.2525,119551
2023-03-31,110.3887,119551
2023-04-03,110.4369,119551
2023-04-05,110.5493,119551
2023-04-06,110.7692,119551
2023-04-10,110.8339,119551
2023-04-11,110.847,119551
2023-04-12,110.9134,119551
2023-04-13,110.9273,119551
2023-04-17,110.9947,119551
2023-04-18,111.029,119551
2023-04-19,111.0669,119551
2023-04-20,111.0695,119551
2023-04-21,111.1177,119551
2023-04-24,111.2444,119551
2023-04-25,111.2845,119551
2023-04-26,111.3157,119551
2023-04-27,111.3747,119551
2023-04-28,111.3814,119551
2023-05-02,111.4551,119551
2023-05-03,111.534,119551
2023-05-04,111.556,119551
2023-05-08,111.6462,119551
2023-05-09,111.6494,119551
2023-05-10,111.6632,119551
2023-05-11,111.6912,119551
2023-05-12,111.7357,119551
2023-05-15,111.8017,119551
2023-05-16,111.8439,119551
2023-05-17,111.8786,119551
2023-05-18,111.9625,119551
2023-05-19,111.9729,119551
2023-05-22,112.1196,119551
2023-05-23,112.1072,119551
2023-05-24,112.1392,119551
2023-05-25,112.1468,119551
2023-05-26,112.1609,119551
2023-05-29,112.1994,119551
2023-05-30,112.2149,119551
2023-05-31,112.2328,119551
2023-06-01,112.3041,119551
2023-06-02,112.3136,119551
2023-06-05,112.35,119551
2023-06-06,112.3976,119551
2023-06-07,112.4241,119551
2023-06-08,112.3995,119551
2023-06-09,112.3662,119551
2023-06-12,112.4181,119551
2023-06-13,112.4564,119551
2023-06-14,112.4522,119551
2023-06-15,112.4579,119551
2023-06-16,112.4688,119551
2023-06-19,112.5427,119551
2023-06-20,112.5543,119551
2023-06-21,112.5483,119551
2023-06-22,112.5347,119551
2023-06-23,112.5447,119551
2023-06-26,112.5988,119551
2023-06-27,112.6073,119551
2023-06-28,112.6521,119551
2023-06-30,112.6635,119551
2023-07-03,112.6779,119551
2023-07-04,112.7332,119551
2023-07-05,112.7734,119551
2023-07-06,112.7607,119551
2023-07-07,112.7417,119551
2023-07-10,112.7947,119551
2023-07-11,112.879,119551
2023-07-12,112.8785,119551
2023-07-13,112.9794,119551
2023-07-14,113.0224,119551
2023-07-17,113.0933,119551
2023-07-18,113.1539,119551
2023-07-19,113.185,119551
2023-07-20,113.2135,119551
2023-07-21,113.1867,119551
2023-07-24,113.252,119551
2023-07-25,113.2068,119551
2023-07-26,113.25,119551
2023-07-27,113.302,119551
2023-07-28,113.2233,119551
2023-07-31,113.2955,119551
2023-08-01,113.3502,119551
2023-08-02,113.371,119551
2023-08-03,113.3366,119551
2023-08-04,113.3024,119551
2023-08-07,113.4145,119551
2023-08-08,113.4097,119551
2023-08-09,113.4446,119551
2023-08-10,113.4695,119551
2023-08-11,113.4328,119551
2023-08-14,113.4717,119551
2023-08-17,113.448,119551
2023-08-18,113.5055,119551
2023-08-21,113.5726,119551
2023-08-22,113.5608,119551
2023-08-23,113.6358,119551
2023-08-24,113.6982,119551
2023-08-25,113.708,119551
2023-08-28,113.8221,119551
2023-08-29,113.8467,119551
2023-08-30,113.8834,119551
2023-08-31,113.9005,119551
2023-09-01,113.9205,119551
2023-09-04,113.9843,119551
2023-09-05,113.9984,119551
2023-09-06,113.9571,119551
2023-09-07,114.0437,119551
2023-09-08,114.0015,119551
2023-09-11,114.0239,119551
2023-09-12,114.0096,119551
2023-09-13,114.1471,119551
2023-09-14,114.2468,119551
2023-09-15,114.1634,119551
2023-09-18,114.2257,119551
2023-09-20,114.3068,119551
2023-09-21,114.3346,119551
2023-09-22,114.3437,119551
2023-09-25,114.3926,119551
2023-09-26,114.3858,119551
2023-09-27,114.4022,119551
2023-09-29,114.3746,119551
2023-10-03,114.4257,119551
2023-10-04,114.4301,119551
2023-10-05,114.5152,119551
2023-10-06,114.2282,119551
2023-10-09,114.2335,119551
2023-10-10,114.2773,119551
2023-10-11,114.3772,119551
2023-10-12,114.4277,119551
2023-10-13,114.4576,119551
2023-10-16,114.515,119551
2023-10-17,114.5336,119551
2023-10-18,114.5264,119551
2023-10-19,114.5085,119551
2023-10-20,114.5203,119551
2023-10-23,114.5561,119551
2023-10-25,114.6385,119551
2023-10-26,114.6543,119551
2023-10-27,114.6755,119551
2023-10-30,114.7213,119551
2023-10-31,114.7532,119551
2023-11-01,114.7619,119551
2023-11-02,114.8598,119551
2023-11-03,114.9185,119551
2023-11-06,114.9939,119551
2023-11-07,115.0481,119551
2023-11-08,115.097,119551
2023-11-09,115.1482,119551
2023-11-10,115.1099,119551
2023-11-13,115.1762,119551
2023-11-15,115.3184,119551
2023-11-16,115.359,119551
2023-11-17,115.4046,119551
2023-11-20,115.4124,119551
2023-11-21,115.3462,119551
2023-11-22,115.3956,119551
2023-11-23,115.3838,119551
2023-11-24,115.3487,119551
2023-11-28,115.4606,119551
2023-11-29,115.5248,119551
2023-11-30,115.5118,119551
2023-12-01,115.4928,119551
2023-12-04,115.5786,119551
2023-12-05,115.6087,119551
2023-12-06,115.6714,119551
2023-12-07,115.7012,119551
2023-12-08,115.6975,119551
2023-12-11,115.7213,119551
2023-12-12,115.7387,119551
2023-12-13,115.7767,119551
2023-12-14,115.9449,119551
2023-12-15,116.0675,119551
2023-12-18,116.1498,119551
2023-12-19,116.146,119551
2023-12-20,116.1637,119551
2023-12-21,116.1666,119551
2023-12-22,116.1862,119551
2023-12-26,116.29,119551
2023-12-27,116.2785,119551
2023-12-28,116.2869,119551
2023-12-29,108.2404,119551
2024-01-01,108.2962,119551
2024-01-02,108.302,119551
2024-01-03,108.3033,119551
2024-01-04,108.3068,119551
2024-01-05,108.2934,119551
2024-01-08,108.4013,119551
2024-01-09,108.4351,119551
2024-01-10,108.4687,119551
2024-01-11,108.4768,119551
2024-01-12,108.5277,119551
2024-01-15,108.6546,119551
2024-01-16,108.6565,119551
2024-01-17,108.6641,119551
2024-01-18,108.6691,119551
2024-01-19,108.6634,119551
2024-01-23,108.756,119551
2024-01-24,108.7584,119551
2024-01-25,108.7795,119551
2024-01-29,108.8663,119551
2024-01-30,108.9094,119551
2024-01-31,108.9501,119551
2024-02-01,109.1334,119551
2024-02-02,109.2484,119551
2024-02-05,109.2279,119551
2024-02-06,109.2489,119551
2024-02-07,109.2938,119551
2024-02-08,109.2929,119551
2024-02-09,109.2569,119551
2024-02-12,109.3183,119551
2024-02-13,109.3221,119551
2024-02-14,109.2938,119551
2024-02-15,109.3771,119551
2024-02-16,109.393,119551
2024-02-20,109.5383,119551
2024-02-21,109.5846,119551
2024-02-22,109.6091,119551
2024-02-23,109.6186,119551
2024-02-26,109.7161,119551
2024-02-27,109.7147,119551
2024-02-28,109.7569,119551
2024-02-29,109.7711,119551
2024-03-01,109.7834,119551
2024-03-04,109.8436,119551
2024-03-05,109.8552,119551
2024-03-06,109.9177,119551
2024-03-07,109.9624,119551
2024-03-11,110.12,119551
2024-03-12,110.1246,119551
2024-03-13,110.1303,119551
2024-03-14,110.1196,119551
2024-03-15,110.1319,119551
2024-03-18,110.144,119551
2024-03-19,110.114,119551
2024-03-20,110.1485,119551
2024-03-21,110.2046,119551
2024-03-22,110.1729,119551
2024-03-26,110.1903,119551
2024-03-27,102.5361,119551
2024-03-28,102.7096,119551
2024-03-31,102.7632,119551
2024-04-02,102.7608,119551
2024-04-03,102.7932,119551
2024-04-04,102.831,119551
2024-04-05,102.8278,119551
2024-04-08,102.7894,119551
2024-04-10,102.8998,119551
2024-04-12,102.7853,119551
2024-04-15,102.8695,119551
2024-04-16,102.834,119551
2024-04-18,102.878,119551
2024-04-19,102.785,119551
2024-04-22,102.8818,119551
2024-04-23,102.9532,119551
2024-04-24,102.9549,119551
2024-04-25,102.9493,119551
2024-04-26,102.9593,119551
2024-04-29,103.0161,119551
2024-04-30,103.0514,119551
2024-05-02,103.1097,119551
2024-05-03,103.16,119551
2024-05-06,103.3135,119551
2024-05-07,103.3251,119551
2024-05-08,103.3191,119551
2024-05-09,103.3271,119551
2024-05-10,103.3607,119551
2024-05-13,103.4188,119551
2024-05-14,103.4525,119551
2024-05-15,103.5312,119551
2024-05-16,103.618,119551
2024-05-17,103.6086,119551
2024-05-21,103.7247,119551
2024-05-22,103.7992,119551
2024-05-24,103.871,119551
2024-05-27,103.9153,119551
2024-05-28,103.9118,119551
2024-05-29,103.8954,119551
2024-05-30,103.9279,119551
2024-05-31,103.9547,119551
2024-06-03,104.0983,119551
2024-06-04,103.8414,119551
2024-06-05,103.9001,119551
2024-06-06,103.9979,119551
2024-06-07,104.0351,119551
2024-06-10,104.0928,119551
2024-06-11,104.1556,119551
2024-06-12,104.1778,119551
2024-06-13,104.2366,119551
2024-06-14,104.2704,119551
2024-06-18,104.3524,119551
2024-06-19,104.3994,119551
2024-06-20,104.432,119551
2024-06-21,104.4713,119551
2024-06-24,117.8708,119551
2024-06-25,104.5405,119551
2024-06-26,104.5187,119551
2024-06-27,104.5382,119551
2024-06-28,104.574,119551
2024-06-30,104.6136,119551
2024-07-01,104.6276,119551
2024-07-02,104.6724,119551
2024-07-03,104.7114,119551
2024-07-04,104.745,119551
2024-07-05,104.7786,119551
2024-07-08,104.8485,119551
2024-07-09,104.8761,119551
2024-07-10,104.9009,119551
2024-07-11,104.9227,119551
2024-07-12,104.9292,119551
2024-07-15,105.0151,119551
2024-07-16,105.0855,119551
2024-07-18,105.1452,119551
2024-07-19,105.1758,119551
2024-07-22,105.223,119551
2024-07-23,105.2253,119551
2024-07-24,105.2595,119551
2024-07-25,105.3408,119551
2024-07-26,105.4135,119551
2024-07-29,105.5119,119551
2024-07-30,105.5094,119551
2024-07-31,105.5109,119551
2024-08-01,105.5455,119551
2024-08-02,105.5909,119551
2024-08-05,105.7262,119551
2024-08-06,105.7253,119551
2024-08-07,105.7549,119551
2024-08-08,105.7637,119551
2024-08-09,105.7861,119551
2024-08-12,105.8262,119551
2024-08-13,105.8532,119551
2024-08-14,105.8943,119551
2024-08-16,105.9116,119551
2024-08-19,105.9818,119551
2024-08-20,106.0252,119551
2024-08-21,106.0518,119551
2024-08-22,106.0858,119551
2024-08-23,106.1127,119551
2024-08-26,106.1703,119551
2024-08-27,106.1953,119551
2024-08-28,106.2365,119551
2024-08-29,106.2648,119551
2024-08-30,106.2668,119551
2024-09-02,106.3054,119551
2024-09-03,106.3329,119551
2024-09-04,106.3754,119551
2024-09-05,106.4059,119551
2024-09-06,106.4146,119551
2024-09-09,106.4667,119551
2024-09-10,106.4902,119551
2024-09-11,106.5512,119551
2024-09-12,106.5827,119551
2024-09-13,106.6573,119551
2024-09-16,106.7623,119551
2024-09-17,106.7639,119551
2024-09-19,106.8809,119551
2024-09-20,106.929,119551
2024-09-23,107.0237,119551
2024-09-24,107.0466,119551
2024-09-25,107.1126,119551
2024-09-26,107.1966,119551
2024-09-27,107.1769,119551
2024-09-30,107.225,119551
2024-10-01,107.3237,119551
2024-10-03,107.3076,119551
2024-10-04,107.2257,119551
2024-10-07,107.2487,119551
2024-10-08,107.3126,119551
2024-10-09,107.4772,119551
2024-10-10,107.504,119551
2024-10-11,107.5265,119551
2024-10-14,107.6186,119551
2024-10-15,107.6534,119551
2024-10-16,107.6535,119551
2024-10-17,107.6503,119551
2024-10-18,107.6158,119551
2024-10-21,107.6357,119551
2024-10-22,107.5869,119551
2024-10-23,107.6336,119551
2024-10-24,107.674,119551
2024-10-25,107.6909,119551
2024-10-28,107.6861,119551
2024-10-29,107.725,119551
2024-10-30,107.7881,119551
2024-10-31,107.8015,119551
2024-11-04,107.8739,119551
2024-11-05,107.8874,119551
2024-11-06,107.8879,119551
2024-11-07,107.9237,119551
2024-11-08,107.9884,119551
2024-11-11,108.0457,119551
2024-11-12,108.0534,119551
2024-11-13,108.0513,119551
2024-11-14,108.0265,119551
2024-11-18,108.1144,119551
2024-11-19,108.1459,119551
2024-11-21,108.1547,119551
2024-11-22,108.1301,119551
2024-11-25,108.2199,119551
2024-11-26,108.234,119551
2024-11-27,108.2186,119551
2024-11-28,108.248,119551
2024-11-29,108.3481,119551
2024-12-02,108.547,119551
2024-12-03,108.5772,119551
2024-12-04,108.6652,119551
2024-12-05,108.7127,119551
2024-12-06,108.6492,119551
2024-12-09,108.7124,119551
2024-12-10,108.7512,119551
2024-12-11,108.7714,119551
2024-12-12,108.76,119551
2024-12-13,108.7654,119551
2024-12-16,108.8176,119551
2024-12-17,102.2788,119551
2024-12-18,102.3051,119551
2024-12-19,102.2319,119551
2024-12-20,102.2299,119551
2024-12-23,102.2971,119551
2024-12-24,102.276,119551
2024-12-26,102.3057,119551
2024-12-27,102.3377,119551
2024-12-30,102.3935,119551
2024-12-31,102.4261,119551
2025-01-01,102.4373,119551
2025-01-02,102.4411,119551
2025-01-03,102.4734,119551
2025-01-06,102.5428,119551
2025-01-07,102.5942,119551
2025-01-08,102.5842,119551
2025-01-09,102.5669,119551
2025-01-10,102.5788,119551
2025-01-13,102.479,119551
2025-01-14,102.5067,119551
2025-01-15,102.5547,119551
2025-01-16,102.6846,119551
2025-01-17,102.6971,119551
2025-01-20,102.7722,119551
2025-01-21,102.833,119551
2025-01-22,102.882,119551
2025-01-23,102.8828,119551
2025-01-24,102.9,119551
2025-01-27,103.0191,119551
2025-01-28,103.0551,119551
2025-01-29,103.0631,119551
2025-01-30,103.0995,119551
2025-01-31,103.1194,119551
2025-02-03,103.2079,119551
2025-02-04,103.2096,119551
2025-02-05,103.2887,119551
2025-02-06,103.3557,119551
2025-02-07,103.2983,119551
2025-02-10,103.3119,119551
2025-02-11,103.3491,119551
2025-02-12,103.3327,119551
2025-02-13,103.3413,119551
2025-02-14,103.3587,119551
2025-02-17,103.4024,119551
2025-02-18,103.428,119551
2025-02-20,103.4473,119551
2025-02-21,103.4606,119551
2025-02-24,103.523,119551
2025-02-25,103.5311,119551
2025-02-27,103.475,119551
2025-02-28,103.4542,119551
2025-03-03,103.4915,119551
2025-03-04,103.4961,119551
2025-03-05,103.5156,119551
2025-03-06,103.577,119551
2025-03-07,103.5932,119551
2025-03-10,103.6318,119551
2025-03-11,103.6633,119551
2025-03-12,103.6937,119551
2025-03-13,103.7314,119551
2025-03-17,103.8183,119551
2025-03-18,103.8685,119551
2025-03-19,103.9843,119551
2025-03-20,104.0851,119551
2025-03-21,104.1787,119551
2025-03-24,104.2711,119551
2025-03-25,104.3152,119551
2025-03-26,104.4275,119551
2025-03-27,104.5887,119551
2025-03-28,104.798,119551
2025-03-31,104.8517,119551
2025-04-02,105.2693,119551
2025-04-03,105.407,119551
2025-04-04,105.4731,119551
2025-04-07,105.4895,119551
2025-04-08,105.4798,119551
2025-04-09,105.595,119551
2025-04-11,105.7166,119551
2025-04-15,105.8256,119551
2025-04-16,105.9138,119551
2025-04-17,106.0393,119551
2025-04-21,106.1959,119551
2025-04-22,106.2867,119551
2025-04-23,106.3557,119551
2025-04-24,106.3431,119551
2025-04-25,106.2928,119551
2025-04-28,106.3422,119551
2025-04-29,106.4231,119551
2025-04-30,106.4272,119551
2025-05-02,106.4573,119551
2025-05-05,106.5451,119551
2025-05-06,106.5085,119551
2025-05-07,106.5585,119551
2025-05-08,106.3466,119551
2025-05-09,106.2789,119551
2025-05-13,106.6661,119551
2025-05-14,106.7901,119551
2025-05-15,106.9055,119551
2025-05-16,107.0688,119551
2025-05-19,107.1766,119551
2025-05-20,107.2867,119551
2025-05-21,107.4878,119551
2025-05-22,107.5193,119551
2025-05-23,107.5534,119551
2025-05-26,107.6218,119551
2025-05-27,107.6329,119551
2025-05-28,107.6822,119551
2025-05-29,107.6883,119551
2025-05-30,107.657,119551
2025-06-02,107.7103,119551
2025-06-03,107.7345,119551
2025-06-04,107.7469,119551
2025-06-05,107.7812,119551
2025-06-06,108.0092,119551
2025-06-09,107.886,119551
2025-06-10,107.6421,119551
2025-06-11,107.5439,119551
2025-06-12,107.4825,119551
2025-06-13,107.3575,119551
2025-06-16,107.4387,119551
2025-06-17,107.5644,119551
2025-06-18,107.5716,119551
2025-06-19,107.4465,119551
2025-06-20,107.4384,119551
2025-06-23,107.4577,119551
2025-06-24,107.5733,119551
2025-06-25,107.511,119551
2025-06-26,107.5011,119551
2025-06-27,107.4878,119551
2025-06-30,107.5767,119551
2025-07-01,107.6624,119551
2025-07-02,107.7677,119551
2025-07-03,107.8552,119551
2025-07-04,107.8466,119551
2025-07-07,107.9243,119551
2025-07-08,107.9198,119551
2025-07-09,107.8924,119551
2025-07-10,107.8928,119551
2025-07-11,107.9125,119551
2025-07-14,107.9617,119551
2025-07-15,107.962,119551
2025-07-16,107.9658,119551
2025-07-17,108.0272,119551
2025-07-18,108.1161,119551
2025-07-21,108.1729,119551
2025-07-22,108.1979,119551
2025-07-23,108.2277,119551
2025-07-24,108.2573,119551
2025-07-25,108.1982,119551
2025-07-28,108.2193,119551
2025-07-29,108.1828,119551
2025-07-30,108.1757,119551
2025-07-31,108.2167,119551
2025-08-01,108.2952,119551
2025-08-04,108.4355,119551
2025-08-05,108.4412,119551
2025-08-06,108.2153,119551
2025-08-07,108.2611,119551
2025-08-08,108.2726,119551
2025-08-11,108.2018,119551
2025-08-12,108.049,119551
2025-08-13,107.9901,119551
2025-08-14,108.1543,119551
2025-08-18,108.1271,119551
2025-08-19,108.0083,119551
2025-08-20,108.0899,119551
2025-08-21,108.0985,119551
2025-08-22,108.1096,119551
2025-08-25,108.1037,119551
2025-08-26,107.9266,119551
2025-08-28,108.066,119551
2025-08-29,108.0297,119551
2025-09-01,108.0373,119551
2025-09-02,108.0088,119551
2025-09-03,108.0471,119551
2025-09-04,108.1379,119551
2025-09-05,108.245,119551
2025-09-09,108.3519,119551
2025-09-10,108.3574,119551
2025-09-11,108.369,119551
2025-09-12,108.4006,119551
2025-09-15,108.3802,119551
2025-09-16,108.3787,119551
2025-09-17,108.4538,119551
2025-09-18,108.4552,119551
2025-09-19,108.4428,119551
2025-09-22,108.5131,119551
2025-09-23,108.5708,119551
2025-09-24,108.5859,119551
2025-09-25,108.617,119551
2025-09-26,108.6702,119551
2025-09-30,108.7397,119551
2025-10-01,108.8285,119551
2025-10-03,108.9591,119551
2025-10-06,109.0926,119551
2025-10-07,109.2045,119551
2025-10-08,109.2524,119551
2025-10-09,109.2597,119551
2025-10-10,109.2852,119551
2025-10-13,109.3763,119551
2025-10-14,109.4088,119551
2025-10-15,109.4754,119551
2025-10-16,109.5131,119551
2025-10-17,109.5844,119551
2025-10-20,109.6155,119551
2025-10-23,109.5817,119551
2025-10-24,109.5673,119551
2025-10-27,109.6125,119551
2025-10-28,109.6404,119551
2025-10-29,109.6934,119551
2025-10-30,109.6521,119551
2025-10-31,109.6768,119551
2025-11-03,109.7548,119551
2025-11-04,109.7941,119551
2025-11-06,109.8337,119551
2025-11-07,109.8609,119551
2025-11-10,109.925,119551
2025-11-11,109.961,119551
2025-11-12,109.9947,119551
2025-11-13,109.9907,119551
2025-11-14,109.9725,119551
2025-11-17,109.9756,119551
2025-11-18,110.0205,119551
2025-11-19,110.0771,119551
2025-11-20,110.0882,119551
2025-11-21,110.0708,119551
2025-11-24,110.1322,119551
2025-11-25,110.1924,119551
2025-11-26,110.2658,119551
2025-11-27,110.2743,119551
2025-11-28,110.2615,119551
2025-12-01,110.211,119551
2025-12-02,110.2349,119551
2025-12-03,110.2362,119551
2025-12-04,110.235,119551
2025-12-05,110.3373,119551
2025-12-08,110.3299,119551
2025-12-09,110.1852,119551
2025-12-10,110.0466,119551
2025-12-11,110.0609,119551
2025-12-12,110.0652,119551
2025-12-15,109.9944,119551
2025-12-16,110.0261,119551
2025-12-17,110.0266,119551
2025-12-18,110.0195,119551
2025-12-19,110.0403,119551
2025-12-22,110.0241,119551
2025-12-23,109.9954,119551
2025-12-24,110.2079,119551
2025-12-26,110.2247,119551
2025-12-29,110.2799,119551
2025-12-30,110.2176,119551
2025-12-31,110.3212,119551
2026-01-01,110.3493,119551
2026-01-02,110.3333,119551
2026-01-05,110.2498,119551
2026-01-06,110.2647,119551
2026-01-07,110.2175,119551
2026-01-08,110.2218,119551
2026-01-09,110.2327,119551
2026-01-12,110.2974,119551
2026-01-13,110.1878,119551
2026-01-14,110.1286,119551
2026-01-16,110.0107,119551
2026-01-19,109.9742,119551
2026-01-20,109.9385,119551
2026-01-21,109.9438,119551
2026-01-22,110.0539,119551
2026-01-23,110.0766,119551
2026-01-27,110.1078,119551
2026-01-28,110.0855,119551
2026-01-29,110.0922,119551
2026-01-30,110.1903,119551
2026-02-02,110.1537,119551
2026-02-03,110.296,119551
2026-02-04,110.4477,119551
2026-02-05,110.5985,119551
2026-02-06,110.4173,119551
2026-02-09,110.4233,119551
2026-02-10,110.4293,119551
2026-02-11,110.5056,119551
2026-02-12,110.6309,119551
2026-02-13,110.7584,119551
2026-02-16,110.8409,119551
2026-02-17,110.8682,119551
2026-02-18,110.8613,119551
2026-02-20,110.807,119551
2026-02-23,110.8829,119551
2026-02-24,110.9394,119551
2026-02-25,110.9826,119551
2026-02-26,111.0069,119551
2026-02-27,111.0261,119551
2026-03-02,111.0653,119551
2026-03-04,110.9499,119551
2026-03-05,111.0534,119551
2026-03-06,111.0395,119551
2026-03-09,110.9193,119551
2026-03-10,111.0484,119551
2026-03-11,111.1072,119551
2026-03-12,110.9898,119551
2026-03-13,110.9287,119551
2026-03-16,110.9159,119551
2026-03-17,110.9316,119551
2026-03-18,110.9985,119551
2026-03-20,110.9352,119551
2026-03-23,110.6625,119551
2026-03-24,103.9816,119551
2026-03-25,103.9713,119551
2026-03-27,103.9102,119551
2026-03-30,103.9921,119551
2026-03-31,104.0116,119551
2026-04-02,103.8813,119551
2026-04-06,103.9142,119551
2026-04-07,103.9918,119551
2026-04-08,104.3919,119551
2026-04-09,104.515,119551
2026-04-10,104.5956,119551
2026-04-13,104.6113,119551
2026-04-15,104.7901,119551
2026-04-16,104.7959,119551
2026-04-17,104.7821,119551
2026-04-20,104.8369,119551
2026-04-21,104.847,119551
2026-04-22,104.8473,119551
2026-04-23,104.7652,119551
2026-04-24,104.7091,119551
2026-04-27,104.7771,119551
2026-04-28,104.7428,119551
2026-04-29,104.6594,119551
2026-04-30,104.5706,119551
2026-05-04,104.6544,119551
2026-05-05,104.6166,119551
2026-05-06,104.8043,119551
2026-05-07,104.8762,119551
2026-05-08,104.8696,119551
2026-05-11,104.8053,119551
2026-05-12,104.7585,119551
2026-05-13,104.7371,119551
2026-05-14,104.7318,119551
2026-05-15,104.5968,119551
2026-05-18,104.3791,119551
2026-05-19,104.4216,119551
2026-05-20,104.3826,119551
2026-05-21,104.285,119551
2026-05-22,104.3467,119551
2026-05-25,104.5215,119551
2026-05-26,104.5269,119551
2026-05-27,104.5833,119551
2026-05-29,104.657,119551
2026-06-01,104.7025,119551
2026-06-02,104.7663,119551
2026-06-03,104.7496,119551
2026-06-04,104.8095,119551
2026-06-05,105.107,119551
2026-06-08,105.3084,119551
2026-06-09,105.5793,119551
2026-06-10,105.6569,119551
2026-06-11,105.5737,119551
2026-06-12,105.6864,119551
2026-06-15,105.8125,119551
2026-06-16,105.8455,119551
2026-06-17,105.8482,119551
2026-06-18,105.9003,119551
2026-06-19,105.9219,119551
2026-06-22,105.985,119551
2026-06-23,106.041,119551
2026-06-24,106.1268,119551
2026-06-25,106.3057,119551
2026-06-29,106.4648,119551
2026-06-30,106.6225,119551
2026-07-01,106.6451,119551
2026-07-02,106.7721,119551
2026-07-03,106.8042,119551
2026-07-06,106.8431,119551
2026-07-07,106.7977,119551
2026-07-08,106.5587,119551
2026-07-09,106.5776,119551
2026-07-10,106.6946,119551
2026-07-13,106.7026,119551
2026-07-14,106.4609,119551
2026-07-15,106.5116,119551
2026-07-16,106.5829,119551
2026-07-17,106.6001,119551
2026-07-20,106.5737,119551
2026-07-21,106.6567,119551
2026-07-22,106.6107,119551
2026-07-23,106.5851,119551
2026-07-24,106.5961,119551
2026-07-27,106.8126,119551
2026-07-28,106.8611,119551
2013-01-03,14.052,119775
2013-01-04,14.177,119775
2013-01-07,14.199,119775
2013-01-08,14.223,119775
2013-01-09,14.209,119775
2013-01-10,14.122,119775
2013-01-11,13.978,119775
2013-01-14,14.07,119775
2013-01-15,14.086,119775
2013-01-16,13.972,119775
2013-01-17,13.952,119775
2013-01-18,13.892,119775
2013-01-21,13.86,119775
2013-01-22,13.805,119775
2013-01-23,13.715,119775
2013-01-24,13.524,119775
2013-01-25,13.697,119775
2013-01-28,13.633,119775
2013-01-29,13.58,119775
2013-01-30,13.564,119775
2013-01-31,13.643,119775
2013-02-01,13.62,119775
2013-02-04,13.44,119775
2013-02-05,13.37,119775
2013-02-06,13.352,119775
2013-02-07,13.258,119775
2013-02-08,13.17,119775
2013-02-11,13.126,119775
2013-02-12,13.149,119775
2013-02-13,13.12,119775
2013-02-14,12.946,119775
2013-02-15,12.982,119775
2013-02-18,12.97,119775
2013-02-19,13.127,119775
2013-02-20,13.112,119775
2013-02-21,12.892,119775
2013-02-22,12.855,119775
2013-02-25,12.779,119775
2013-02-26,12.572,119775
2013-02-27,12.676,119775
2013-02-28,12.456,119775
2013-03-01,12.453,119775
2013-03-04,12.243,119775
2013-03-05,12.414,119775
2013-03-06,12.544,119775
2013-03-07,12.579,119775
2013-03-08,12.638,119775
2013-03-11,12.683,119775
2013-03-12,12.616,119775
2013-03-13,12.489,119775
2013-03-14,12.499,119775
2013-03-15,12.441,119775
2013-03-18,12.368,119775
2013-03-19,12.191,119775
2013-03-20,11.997,119775
2013-03-21,11.896,119775
2013-03-22,11.873,119775
2013-03-25,11.848,119775
2013-03-26,11.88,119775
2013-03-28,12.006,119775
2013-04-01,12.089,119775
2013-04-02,12.243,119775
2013-04-03,12.174,119775
2013-04-04,12.003,119775
2013-04-05,11.962,119775
2013-04-08,11.957,119775
2013-04-09,11.846,119775
2013-04-10,11.854,119775
2013-04-11,11.852,119775
2013-04-12,11.817,119775
2013-04-15,11.84,119775
2013-04-16,11.927,119775
2013-04-17,11.956,119775
2013-04-18,12.048,119775
2013-04-22,12.124,119775
2013-04-23,12.094,119775
2013-04-25,12.151,119775
2013-04-26,12.126,119775
2013-04-29,12.179,119775
2013-04-30,12.256,119775
2013-05-02,12.328,119775
2013-05-03,12.291,119775
2013-05-06,12.393,119775
2013-05-07,12.506,119775
2013-05-08,12.544,119775
2013-05-09,12.525,119775
2013-05-10,12.549,119775
2013-05-13,12.442,119775
2013-05-14,12.437,119775
2013-05-15,12.635,119775
2013-05-16,12.672,119775
2013-05-17,12.763,119775
2013-05-20,12.762,119775
2013-05-21,12.672,119775
2013-05-22,12.541,119775
2013-05-23,12.305,119775
2013-05-24,12.389,119775
2013-05-27,12.471,119775
2013-05-28,12.525,119775
2013-05-29,12.47,119775
2013-05-30,12.481,119775
2013-05-31,12.348,119775
2013-06-03,12.44,119775
2013-06-04,12.437,119775
2013-06-05,12.467,119775
2013-06-06,12.443,119775
2013-06-07,12.368,119775
2013-06-10,12.289,119775
2013-06-11,12.049,119775
2013-06-12,11.998,119775
2013-06-13,11.843,119775
2013-06-14,11.973,119775
2013-06-17,12.004,119775
2013-06-18,11.98,119775
2013-06-19,12.056,119775
2013-06-20,11.876,119775
2013-06-21,11.761,119775
2013-06-24,11.543,119775
2013-06-25,11.55,119775
2013-06-26,11.487,119775
2013-06-27,11.46,119775
2013-06-28,11.631,119775
2013-07-01,11.779,119775
2013-07-02,11.732,119775
2013-07-03,11.578,119775
2013-07-04,11.586,119775
2013-07-05,11.595,119775
2013-07-08,11.544,119775
2013-07-09,11.637,119775
2013-07-10,11.606,119775
2013-07-11,11.68,119775
2013-07-12,11.677,119775
2013-07-15,11.765,119775
2013-07-16,11.604,119775
2013-07-17,11.505,119775
2013-07-18,11.604,119775
2013-07-19,11.578,119775
2013-07-22,11.648,119775
2013-07-23,11.643,119775
2013-07-24,11.435,119775
2013-07-25,11.29,119775
2013-07-26,11.156,119775
2013-07-29,11.091,119775
2013-07-30,10.795,119775
2013-07-31,10.727,119775
2013-08-01,10.611,119775
2013-08-02,10.518,119775
2013-08-05,10.475,119775
2013-08-06,10.197,119775
2013-08-07,10.226,119775
2013-08-08,10.379,119775
2013-08-12,10.53,119775
2013-08-13,10.657,119775
2013-08-14,10.723,119775
2013-08-16,10.413,119775
2013-08-19,10.184,119775
2013-08-20,10.155,119775
2013-08-21,10.08,119775
2013-08-22,10.119,119775
2013-08-23,10.182,119775
2013-08-26,10.189,119775
2013-08-27,9.952,119775
2013-08-28,9.819,119775
2013-08-29,9.944,119775
2013-08-30,9.997,119775
2013-09-02,10.07,119775
2013-09-03,9.908,119775
2013-09-04,10.045,119775
2013-09-05,10.283,119775
2013-09-06,10.307,119775
2013-09-10,10.49,119775
2013-09-11,10.584,119775
2013-09-12,10.574,119775
2013-09-13,10.624,119775
2013-09-16,10.582,119775
2013-09-17,10.585,119775
2013-09-18,10.671,119775
2013-09-19,10.913,119775
2013-09-20,10.804,119775
2013-09-23,10.687,119775
2013-09-24,10.706,119775
2013-09-25,10.695,119775
2013-09-26,10.722,119775
2013-09-27,10.772,119775
2013-09-30,10.718,119775
2013-10-01,10.795,119775
2013-10-03,10.965,119775
2013-10-04,11.015,119775
2013-10-07,11.07,119775
2013-10-08,11.114,119775
2013-10-09,11.255,119775
2013-10-10,11.306,119775
2013-10-11,11.36,119775
2013-10-14,11.411,119775
2013-10-15,11.31,119775
2013-10-17,11.282,119775
2013-10-18,11.394,119775
2013-10-21,11.549,119775
2013-10-22,11.579,119775
2013-10-23,11.571,119775
2013-10-24,11.582,119775
2013-10-25,11.556,119775
2013-10-28,11.452,119775
2013-10-29,11.605,119775
2013-10-30,11.65,119775
2013-10-31,11.76,119775
2013-11-01,11.874,119775
2013-11-05,12.002,119775
2013-11-06,11.999,119775
2013-11-07,11.913,119775
2013-11-08,11.896,119775
2013-11-11,11.815,119775
2013-11-12,11.764,119775
2013-11-13,11.703,119775
2013-11-14,11.785,119775
2013-11-18,11.911,119775
2013-11-19,11.997,119775
2013-11-20,11.988,119775
2013-11-21,11.96,119775
2013-11-22,12.07,119775
2013-11-25,12.185,119775
2013-11-26,12.187,119775
2013-11-27,12.171,119775
2013-11-28,12.29,119775
2013-11-29,12.392,119775
2013-12-02,12.473,119775
2013-12-03,12.498,119775
2013-12-04,12.48,119775
2013-12-05,12.516,119775
2013-12-06,12.618,119775
2013-12-09,12.713,119775
2013-12-10,12.681,119775
2013-12-11,12.677,119775
2013-12-12,12.609,119775
2013-12-13,12.508,119775
2013-12-16,12.56,119775
2013-12-17,12.604,119775
2013-12-18,12.738,119775
2013-12-19,12.681,119775
2013-12-20,12.888,119775
2013-12-23,13.0,119775
2013-12-24,13.101,119775
2013-12-26,13.111,119775
2013-12-27,13.123,119775
2013-12-30,13.16,119775
2013-12-31,13.207,119775
2014-01-01,13.306,119775
2014-01-02,13.159,119775
2014-01-03,13.173,119775
2014-01-06,13.197,119775
2014-01-07,13.14,119775
2014-01-08,13.21,119775
2014-01-09,13.162,119775
2014-01-10,13.088,119775
2014-01-13,13.055,119775
2014-01-14,13.032,119775
2014-01-15,13.054,119775
2014-01-16,13.064,119775
2014-01-17,12.88,119775
2014-01-20,12.911,119775
2014-01-21,13.026,119775
2014-01-22,13.05,119775
2014-01-23,13.022,119775
2014-01-24,12.876,119775
2014-01-27,12.629,119775
2014-01-28,12.552,119775
2014-01-29,12.495,119775
2014-01-30,12.379,119775
2014-01-31,12.537,119775
2014-02-03,12.47,119775
2014-02-04,12.484,119775
2014-02-05,12.556,119775
2014-02-06,12.517,119775
2014-02-07,12.621,119775
2014-02-10,12.654,119775
2014-02-11,12.637,119775
2014-02-12,12.621,119775
2014-02-13,12.494,119775
2014-02-14,12.532,119775
2014-02-17,12.524,119775
2014-02-18,12.63,119775
2014-02-19,12.697,119775
2014-02-20,12.672,119775
2014-02-21,12.835,119775
2014-02-24,12.91,119775
2014-02-25,12.942,119775
2014-02-26,12.947,119775
2014-02-28,13.019,119775
2014-03-03,13.005,119775
2014-03-04,13.137,119775
2014-03-05,13.238,119775
2014-03-06,13.403,119775
2014-03-07,13.459,119775
2014-03-10,13.511,119775
2014-03-11,13.517,119775
2014-03-12,13.486,119775
2014-03-13,13.434,119775
2014-03-14,13.39,119775
2014-03-18,13.468,119775
2014-03-19,13.501,119775
2014-03-20,13.505,119775
2014-03-21,13.61,119775
2014-03-24,13.706,119775
2014-03-25,13.741,119775
2014-03-26,13.778,119775
2014-03-27,13.864,119775
2014-03-28,14.063,119775
2014-03-31,14.154,119775
2014-04-01,14.101,119775
2014-04-02,14.335,119775
2014-04-03,14.348,119775
2014-04-04,14.4,119775
2014-04-07,14.331,119775
2014-04-09,14.519,119775
2014-04-10,14.511,119775
2014-04-11,14.568,119775
2014-04-15,14.518,119775
2014-04-16,14.44,119775
2014-04-17,14.59,119775
2014-04-21,14.735,119775
2014-04-22,14.747,119775
2014-04-23,14.818,119775
2014-04-25,14.781,119775
2014-04-28,14.787,119775
2014-04-29,14.822,119775
2014-04-30,14.728,119775
2014-05-02,14.759,119775
2014-05-05,14.776,119775
2014-05-06,14.832,119775
2014-05-07,14.841,119775
2014-05-08,14.922,119775
2014-05-09,15.066,119775
2014-05-12,15.156,119775
2014-05-13,15.333,119775
2014-05-14,15.411,119775
2014-05-15,15.297,119775
2014-05-16,15.467,119775
2014-05-19,15.764,119775
2014-05-20,16.15,119775
2014-05-21,16.366,119775
2014-05-22,16.601,119775
2014-05-23,16.799,119775
2014-05-26,16.611,119775
2014-05-27,16.582,119775
2014-05-28,16.705,119775
2014-05-29,16.709,119775
2014-05-30,16.806,119775
2014-06-02,17.087,119775
2014-06-03,17.211,119775
2014-06-04,17.512,119775
2014-06-05,17.598,119775
2014-06-06,17.855,119775
2014-06-09,18.036,119775
2014-06-10,17.986,119775
2014-06-11,17.953,119775
2014-06-12,18.131,119775
2014-06-13,17.849,119775
2014-06-16,17.896,119775
2014-06-17,18.185,119775
2014-06-18,18.227,119775
2014-06-19,18.168,119775
2014-06-20,18.053,119775
2014-06-23,18.081,119775
2014-06-24,18.268,119775
2014-06-25,18.279,119775
2014-06-26,18.276,119775
2014-06-27,18.345,119775
2014-06-30,18.604,119775
2014-07-01,18.743,119775
2014-07-02,19.024,119775
2014-07-03,19.145,119775
2014-07-04,19.2,119775
2014-07-07,19.199,119775
2014-07-08,18.729,119775
2014-07-09,18.587,119775
2014-07-10,18.554,119775
2014-07-11,18.271,119775
2014-07-14,18.284,119775
2014-07-15,18.63,119775
2014-07-16,18.794,119775
2014-07-17,18.975,119775
2014-07-18,19.004,119775
2014-07-21,19.069,119775
2014-07-22,19.139,119775
2014-07-23,19.123,119775
2014-07-24,19.16,119775
2014-07-25,18.972,119775
2014-07-28,18.956,119775
2014-07-30,19.063,119775
2014-07-31,19.063,119775
2014-08-01,18.971,119775
2014-08-04,19.092,119775
2014-08-05,19.324,119775
2014-08-06,19.276,119775
2014-08-07,19.239,119775
2014-08-08,18.986,119775
2014-08-11,19.147,119775
2014-08-12,19.336,119775
2014-08-13,19.192,119775
2014-08-14,19.46,119775
2014-08-18,19.777,119775
2014-08-19,19.961,119775
2014-08-20,19.983,119775
2014-08-21,20.112,119775
2014-08-22,20.265,119775
2014-08-25,20.214,119775
2014-08-26,20.239,119775
2014-08-27,20.417,119775
2014-08-28,20.38,119775
2014-09-01,20.61,119775
2014-09-02,20.782,119775
2014-09-03,20.859,119775
2014-09-04,20.877,119775
2014-09-05,21.054,119775
2014-09-08,21.401,119775
2014-09-09,21.481,119775
2014-09-10,21.481,119775
2014-09-11,21.648,119775
2014-09-12,21.849,119775
2014-09-15,21.816,119775
2014-09-16,21.205,119775
2014-09-17,21.264,119775
2014-09-18,21.623,119775
2014-09-19,21.691,119775
2014-09-22,21.862,119775
2014-09-23,21.621,119775
2014-09-24,21.459,119775
2014-09-25,21.043,119775
2014-09-26,21.144,119775
2014-09-29,21.441,119775
2014-09-30,21.452,119775
2014-10-01,21.459,119775
2014-10-07,21.249,119775
2014-10-08,21.175,119775
2014-10-09,21.474,119775
2014-10-10,21.255,119775
2014-10-13,21.272,119775
2014-10-14,21.268,119775
2014-10-16,20.897,119775
2014-10-17,20.964,119775
2014-10-20,21.051,119775
2014-10-21,21.214,119775
2014-10-22,21.423,119775
2014-10-27,21.608,119775
2014-10-28,21.763,119775
2014-10-29,21.994,119775
2014-10-30,22.166,119775
2014-10-31,22.457,119775
2014-11-03,22.61,119775
2014-11-05,22.855,119775
2014-11-07,23.021,119775
2014-11-10,22.993,119775
2014-11-11,23.023,119775
2014-11-12,23.212,119775
2014-11-13,23.181,119775
2014-11-14,23.225,119775
2014-11-17,23.564,119775
2014-11-18,23.656,119775
2014-11-19,23.599,119775
2014-11-20,23.532,119775
2014-11-21,23.651,119775
2014-11-24,23.713,119775
2014-11-25,23.476,119775
2014-11-26,23.591,119775
2014-11-27,23.715,119775
2014-11-28,23.871,119775
2014-12-01,23.912,119775
2014-12-02,23.944,119775
2014-12-03,24.273,119775
2014-12-04,24.471,119775
2014-12-05,24.509,119775
2014-12-08,24.176,119775
2014-12-09,23.925,119775
2014-12-10,24.102,119775
2014-12-11,24.101,119775
2014-12-12,23.914,119775
2014-12-15,23.88,119775
2014-12-16,23.281,119775
2014-12-17,23.2,119775
2014-12-18,23.777,119775
2014-12-19,24.076,119775
2014-12-22,24.317,119775
2014-12-23,24.237,119775
2014-12-24,24.256,119775
2014-12-26,24.309,119775
2014-12-29,24.523,119775
2014-12-30,24.685,119775
2014-12-31,24.943,119775
2015-01-01,25.005,119775
2015-01-02,25.287,119775
2015-01-05,25.265,119775
2015-01-06,24.715,119775
2015-01-07,24.689,119775
2015-01-08,25.037,119775
2015-01-09,25.211,119775
2015-01-12,25.359,119775
2015-01-13,25.428,119775
2015-01-14,25.442,119775
2015-01-15,25.644,119775
2015-01-16,25.658,119775
2015-01-19,25.803,119775
2015-01-20,26.052,119775
2015-01-21,26.101,119775
2015-01-22,26.133,119775
2015-01-23,26.116,119775
2015-01-27,26.276,119775
2015-01-28,26.385,119775
2015-01-29,26.318,119775
2015-01-30,25.99,119775
2015-02-02,26.034,119775
2015-02-03,25.929,119775
2015-02-04,25.836,119775
2015-02-05,25.607,119775
2015-02-06,25.31,119775
2015-02-09,25.044,119775
2015-02-10,25.101,119775
2015-02-11,25.313,119775
2015-02-12,25.509,119775
2015-02-13,25.787,119775
2015-02-16,25.867,119775
2015-02-18,26.104,119775
2015-02-19,26.113,119775
2015-02-20,26.147,119775
2015-02-23,26.027,119775
2015-02-24,25.868,119775
2015-02-25,25.833,119775
2015-02-26,25.633,119775
2015-02-27,26.068,119775
2015-03-02,26.584,119775
2015-03-03,26.818,119775
2015-03-04,26.579,119775
2015-03-05,26.803,119775
2015-03-09,26.579,119775
2015-03-10,26.472,119775
2015-03-11,26.513,119775
2015-03-12,26.596,119775
2015-03-13,26.325,119775
2015-03-16,26.268,119775
2015-03-17,26.5,119775
2015-03-18,26.604,119775
2015-03-19,26.412,119775
2015-03-20,26.126,119775
2015-03-23,25.977,119775
2015-03-24,25.853,119775
2015-03-25,25.836,119775
2015-03-26,25.605,119775
2015-03-27,25.574,119775
2015-03-30,26.006,119775
2015-03-31,26.18,119775
2015-04-01,26.669,119775
2015-04-06,27.011,119775
2015-04-07,27.113,119775
2015-04-08,27.23,119775
2015-04-09,27.326,119775
2015-04-10,27.412,119775
2015-04-13,27.464,119775
2015-04-15,27.297,119775
2015-04-16,27.099,119775
2015-04-17,26.736,119775
2015-04-20,26.24,119775
2015-04-21,26.045,119775
2015-04-22,26.048,119775
2015-04-23,26.117,119775
2015-04-24,25.697,119775
2015-04-27,25.123,119775
2015-04-28,25.471,119775
2015-04-29,25.631,119775
2015-04-30,25.599,119775
2015-05-04,25.974,119775
2015-05-05,26.01,119775
2015-05-06,25.359,119775
2015-05-07,24.922,119775
2015-05-08,25.235,119775
2015-05-11,25.533,119775
2015-05-12,25.167,119775
2015-05-13,25.523,119775
2015-05-14,25.672,119775
2015-05-15,26.02,119775
2015-05-18,26.145,119775
2015-05-19,26.311,119775
2015-05-20,26.294,119775
2015-05-21,26.339,119775
2015-05-22,26.33,119775
2015-05-25,26.251,119775
2015-05-26,26.216,119775
2015-05-27,26.26,119775
2015-05-28,26.173,119775
2015-05-29,26.304,119775
2015-06-01,26.237,119775
2015-06-02,25.864,119775
2015-06-03,25.455,119775
2015-06-04,25.464,119775
2015-06-05,25.555,119775
2015-06-08,25.379,119775
2015-06-09,25.351,119775
2015-06-10,25.542,119775
2015-06-11,25.216,119775
2015-06-12,25.236,119775
2015-06-15,25.271,119775
2015-06-16,25.303,119775
2015-06-17,25.63,119775
2015-06-18,25.911,119775
2015-06-19,25.913,119775
2015-06-22,26.277,119775
2015-06-23,26.455,119775
2015-06-24,26.388,119775
2015-06-25,26.346,119775
2015-06-26,26.384,119775
2015-06-29,26.032,119775
2015-06-30,26.31,119775
2015-07-01,26.591,119775
2015-07-02,26.711,119775
2015-07-03,26.822,119775
2015-07-06,27.125,119775
2015-07-07,27.163,119775
2015-07-08,26.768,119775
2015-07-09,26.728,119775
2015-07-10,26.789,119775
2015-07-13,27.007,119775
2015-07-14,27.136,119775
2015-07-15,27.189,119775
2015-07-16,27.527,119775
2015-07-17,27.712,119775
2015-07-20,27.694,119775
2015-07-21,27.303,119775
2015-07-22,27.391,119775
2015-07-23,27.48,119775
2015-07-24,27.379,119775
2015-07-27,27.135,119775
2015-07-28,27.16,119775
2015-07-29,27.414,119775
2015-07-30,27.645,119775
2015-07-31,27.938,119775
2015-08-03,28.16,119775
2015-08-04,28.287,119775
2015-08-05,28.471,119775
2015-08-06,28.425,119775
2015-08-07,28.375,119775
2015-08-10,28.273,119775
2015-08-11,28.048,119775
2015-08-12,27.529,119775
2015-08-13,27.363,119775
2015-08-14,27.904,119775
2015-08-17,28.062,119775
2015-08-18,28.184,119775
2015-08-19,28.248,119775
2015-08-20,27.892,119775
2015-08-21,27.688,119775
2015-08-24,25.813,119775
2015-08-25,26.053,119775
2015-08-26,25.951,119775
2015-08-27,26.538,119775
2015-08-28,26.629,119775
2015-08-31,26.541,119775
2015-09-01,26.068,119775
2015-09-02,26.053,119775
2015-09-03,26.331,119775
2015-09-04,25.916,119775
2015-09-07,25.5,119775
2015-09-08,25.674,119775
2015-09-09,26.052,119775
2015-09-10,25.91,119775
2015-09-11,26.005,119775
2015-09-14,26.272,119775
2015-09-15,26.117,119775
2015-09-16,26.2,119775
2015-09-18,26.489,119775
2015-09-21,26.677,119775
2015-09-22,26.295,119775
2015-09-23,26.315,119775
2015-09-24,26.428,119775
2015-09-28,26.436,119775
2015-09-29,26.406,119775
2015-09-30,26.662,119775
2015-10-01,26.788,119775
2015-10-05,27.168,119775
2015-10-06,27.155,119775
2015-10-07,27.199,119775
2015-10-08,27.11,119775
2015-10-09,27.044,119775
2015-10-12,27.113,119775
2015-10-13,27.199,119775
2015-10-14,27.286,119775
2015-10-15,27.355,119775
2015-10-16,27.33,119775
2015-10-19,27.49,119775
2015-10-20,27.545,119775
2015-10-21,27.362,119775
2015-10-23,27.319,119775
2015-10-26,27.218,119775
2015-10-27,27.138,119775
2015-10-28,27.007,119775
2015-10-29,26.977,119775
2015-10-30,26.954,119775
2015-11-02,26.998,119775
2015-11-03,27.119,119775
2015-11-04,27.063,119775
2015-11-05,26.752,119775
2015-11-06,26.644,119775
2015-11-09,26.666,119775
2015-11-10,26.49,119775
2015-11-13,26.495,119775
2015-11-16,26.537,119775
2015-11-17,26.704,119775
2015-11-18,26.488,119775
2015-11-19,26.793,119775
2015-11-20,26.968,119775
2015-11-23,26.932,119775
2015-11-24,26.936,119775
2015-11-26,26.953,119775
2015-11-27,27.105,119775
2015-11-30,27.096,119775
2015-12-01,27.147,119775
2015-12-02,27.1,119775
2015-12-03,26.991,119775
2015-12-04,26.813,119775
2015-12-07,26.824,119775
2015-12-08,26.609,119775
2015-12-09,26.28,119775
2015-12-10,26.336,119775
2015-12-11,26.121,119775
2015-12-14,26.155,119775
2015-12-15,26.261,119775
2015-12-16,26.344,119775
2015-12-17,26.706,119775
2015-12-18,26.628,119775
2015-12-21,26.936,119775
2015-12-22,26.873,119775
2015-12-23,27.055,119775
2015-12-24,27.169,119775
2015-12-28,27.313,119775
2015-12-29,27.298,119775
2015-12-30,27.312,119775
2015-12-31,27.433,119775
2016-01-01,27.591,119775
2016-01-04,27.332,119775
2016-01-05,27.447,119775
2016-01-06,27.344,119775
2016-01-07,26.753,119775
2016-01-08,26.942,119775
2016-01-11,26.716,119775
2016-01-12,26.467,119775
2016-01-13,26.202,119775
2016-01-14,25.886,119775
2016-01-15,25.359,119775
2016-01-18,24.518,119775
2016-01-19,24.775,119775
2016-01-20,24.298,119775
2016-01-21,24.403,119775
2016-01-22,24.883,119775
2016-01-25,25.061,119775
2016-01-27,25.179,119775
2016-01-28,25.097,119775
2016-01-29,25.392,119775
2016-02-01,25.558,119775
2016-02-02,25.317,119775
2016-02-03,24.941,119775
2016-02-04,24.826,119775
2016-02-05,25.14,119775
2016-02-08,25.059,119775
2016-02-09,24.728,119775
2016-02-10,24.463,119775
2016-02-11,23.675,119775
2016-02-12,23.366,119775
2016-02-15,24.114,119775
2016-02-16,23.705,119775
2016-02-17,23.786,119775
2016-02-18,24.009,119775
2016-02-19,24.02,119775
2016-02-22,24.051,119775
2016-02-23,23.753,119775
2016-02-24,23.467,119775
2016-02-25,23.261,119775
2016-02-26,23.296,119775
2016-02-29,23.335,119775
2016-03-01,23.978,119775
2016-03-02,24.47,119775
2016-03-03,24.631,119775
2016-03-04,24.76,119775
2016-03-08,24.722,119775
2016-03-09,24.735,119775
2016-03-10,24.722,119775
2016-03-11,24.784,119775
2016-03-14,24.91,119775
2016-03-15,24.875,119775
2016-03-16,24.871,119775
2016-03-17,25.002,119775
2016-03-18,25.228,119775
2016-03-21,25.64,119775
2016-03-22,25.6,119775
2016-03-23,25.626,119775
2016-03-28,25.318,119775
2016-03-29,25.335,119775
2016-03-30,25.728,119775
2016-03-31,25.978,119775
2016-04-01,25.986,119775
2016-04-04,26.11,119775
2016-04-05,25.871,119775
2016-04-06,26.078,119775
2016-04-07,26.083,119775
2016-04-08,26.252,119775
2016-04-11,26.438,119775
2016-04-12,26.628,119775
2016-04-13,27.064,119775
2016-04-18,27.411,119775
2016-04-20,27.539,119775
2016-04-21,27.453,119775
2016-04-22,27.413,119775
2016-04-25,27.436,119775
2016-04-26,27.601,119775
2016-04-27,27.599,119775
2016-04-28,27.298,119775
2016-04-29,27.283,119775
2016-05-02,27.387,119775
2016-05-03,27.358,119775
2016-05-04,27.211,119775
2016-05-05,27.447,119775
2016-05-06,27.528,119775
2016-05-09,27.793,119775
2016-05-10,27.791,119775
2016-05-11,27.827,119775
2016-05-12,28.07,119775
2016-05-13,27.937,119775
2016-05-16,27.889,119775
2016-05-17,28.061,119775
2016-05-18,28.022,119775
2016-05-19,27.797,119775
2016-05-20,27.589,119775
2016-05-23,27.512,119775
2016-05-24,27.417,119775
2016-05-25,27.698,119775
2016-05-26,28.067,119775
2016-05-27,28.267,119775
2016-05-30,28.425,119775
2016-05-31,28.408,119775
2016-06-01,28.524,119775
2016-06-02,28.62,119775
2016-06-03,28.609,119775
2016-06-06,28.664,119775
2016-06-07,28.983,119775
2016-06-08,29.19,119775
2016-06-09,29.115,119775
2016-06-10,29.069,119775
2016-06-13,28.933,119775
2016-06-14,29.008,119775
2016-06-15,29.134,119775
2016-06-16,28.997,119775
2016-06-17,29.22,119775
2016-06-20,29.186,119775
2016-06-21,29.155,119775
2016-06-22,29.065,119775
2016-06-23,29.122,119775
2016-06-24,28.825,119775
2016-06-27,29.086,119775
2016-06-28,29.229,119775
2016-06-29,29.585,119775
2016-06-30,29.901,119775
2016-07-01,30.125,119775
2016-07-04,30.271,119775
2016-07-05,30.153,119775
2016-07-07,30.098,119775
2016-07-08,30.096,119775
2016-07-11,30.325,119775
2016-07-12,30.565,119775
2016-07-13,30.426,119775
2016-07-14,30.667,119775
2016-07-15,30.457,119775
2016-07-18,30.357,119775
2016-07-19,30.387,119775
2016-07-20,30.642,119775
2016-07-21,30.654,119775
2016-07-22,30.851,119775
2016-07-25,31.13,119775
2016-07-26,31.119,119775
2016-07-27,31.235,119775
2016-07-28,31.396,119775
2016-07-29,31.44,119775
2016-08-01,31.553,119775
2016-08-02,31.457,119775
2016-08-03,31.065,119775
2016-08-04,31.189,119775
2016-08-05,31.597,119775
2016-08-08,31.767,119775
2016-08-09,31.726,119775
2016-08-10,31.382,119775
2016-08-11,31.425,119775
2016-08-12,31.541,119775
2016-08-16,31.574,119775
2016-08-17,31.718,119775
2016-08-18,31.986,119775
2016-08-19,32.095,119775
2016-08-22,31.982,119775
2016-08-23,31.967,119775
2016-08-24,32.151,119775
2016-08-25,32.106,119775
2016-08-26,32.092,119775
2016-08-29,32.106,119775
2016-08-30,32.397,119775
2016-08-31,32.589,119775
2016-09-01,32.463,119775
2016-09-02,32.49,119775
2016-09-06,32.772,119775
2016-09-07,32.712,119775
2016-09-08,32.913,119775
2016-09-09,32.713,119775
2016-09-12,32.166,119775
2016-09-14,32.423,119775
2016-09-15,32.449,119775
2016-09-16,32.493,119775
2016-09-19,32.576,119775
2016-09-20,32.512,119775
2016-09-21,32.552,119775
2016-09-22,32.857,119775
2016-09-23,32.953,119775
2016-09-26,32.803,119775
2016-09-27,32.898,119775
2016-09-28,33.066,119775
2016-09-29,32.371,119775
2016-09-30,32.683,119775
2016-10-03,33.251,119775
2016-10-04,33.491,119775
2016-10-05,33.569,119775
2016-10-06,33.518,119775
2016-10-07,33.484,119775
2016-10-10,33.623,119775
2016-10-13,33.239,119775
2016-10-14,33.428,119775
2016-10-17,33.339,119775
2016-10-18,33.665,119775
2016-10-19,33.696,119775
2016-10-20,33.78,119775
2016-10-21,33.773,119775
2016-10-24,33.978,119775
2016-10-25,34.169,119775
2016-10-26,33.958,119775
2016-10-27,33.699,119775
2016-10-28,33.883,119775
2016-11-01,34.083,119775
2016-11-02,33.565,119775
2016-11-03,33.343,119775
2016-11-04,32.823,119775
2016-11-07,33.162,119775
2016-11-08,33.175,119775
2016-11-09,32.627,119775
2016-11-10,33.07,119775
2016-11-11,32.113,119775
2016-11-15,30.805,119775
2016-11-16,30.886,119775
2016-11-17,30.719,119775
2016-11-18,30.593,119775
2016-11-21,29.909,119775
2016-11-22,30.291,119775
2016-11-23,30.633,119775
2016-11-24,30.478,119775
2016-11-25,30.916,119775
2016-11-28,31.139,119775
2016-11-29,31.273,119775
2016-11-30,31.614,119775
2016-12-01,31.342,119775
2016-12-02,30.887,119775
2016-12-05,30.914,119775
2016-12-06,30.986,119775
2016-12-07,30.895,119775
2016-12-08,31.309,119775
2016-12-09,31.517,119775
2016-12-12,31.283,119775
2016-12-13,31.157,119775
2016-12-14,30.97,119775
2016-12-15,30.937,119775
2016-12-16,30.948,119775
2016-12-19,30.794,119775
2016-12-20,30.586,119775
2016-12-21,30.619,119775
2016-12-22,30.266,119775
2016-12-23,30.166,119775
2016-12-26,29.713,119775
2016-12-27,30.05,119775
2016-12-28,30.272,119775
2016-12-29,30.539,119775
2016-12-30,30.726,119775
2017-01-02,30.959,119775
2017-01-03,31.174,119775
2017-01-04,31.368,119775
2017-01-05,31.6,119775
2017-01-06,31.554,119775
2017-01-09,31.559,119775
2017-01-10,31.8,119775
2017-01-11,32.209,119775
2017-01-12,32.05,119775
2017-01-13,31.978,119775
2017-01-16,32.004,119775
2017-01-17,32.057,119775
2017-01-18,32.369,119775
2017-01-19,32.565,119775
2017-01-20,32.256,119775
2017-01-23,32.337,119775
2017-01-24,32.659,119775
2017-01-25,33.007,119775
2017-01-27,33.181,119775
2017-01-30,33.16,119775
2017-01-31,33.1,119775
2017-02-01,33.584,119775
2017-02-02,33.862,119775
2017-02-03,34.192,119775
2017-02-06,34.413,119775
2017-02-07,34.301,119775
2017-02-08,34.3,119775
2017-02-09,34.43,119775
2017-02-10,34.561,119775
2017-02-13,34.41,119775
2017-02-14,34.255,119775
2017-02-15,33.843,119775
2017-02-16,34.192,119775
2017-02-17,34.373,119775
2017-02-20,34.496,119775
2017-02-21,34.616,119775
2017-02-22,34.474,119775
2017-02-23,34.481,119775
2017-02-27,34.543,119775
2017-02-28,34.729,119775
2017-03-01,34.975,119775
2017-03-02,34.638,119775
2017-03-03,34.705,119775
2017-03-06,34.83,119775
2017-03-07,34.769,119775
2017-03-08,34.66,119775
2017-03-09,34.636,119775
2017-03-10,34.628,119775
2017-03-14,34.936,119775
2017-03-15,35.171,119775
2017-03-16,35.483,119775
2017-03-17,35.605,119775
2017-03-20,35.708,119775
2017-03-21,35.602,119775
2017-03-22,35.348,119775
2017-03-23,35.547,119775
2017-03-24,35.748,119775
2017-03-27,35.817,119775
2017-03-28,36.1,119775
2017-03-29,36.101,119775
2017-03-30,36.507,119775
2017-03-31,36.786,119775
2017-04-03,36.954,119775
2017-04-05,37.266,119775
2017-04-06,37.226,119775
2017-04-07,37.077,119775
2017-04-10,37.28,119775
2017-04-11,37.514,119775
2017-04-12,37.467,119775
2017-04-13,37.396,119775
2017-04-17,37.412,119775
2017-04-18,37.312,119775
2017-04-19,37.366,119775
2017-04-20,37.626,119775
2017-04-21,37.648,119775
2017-04-24,37.866,119775
2017-04-25,38.098,119775
2017-04-26,37.954,119775
2017-04-27,37.972,119775
2017-04-28,38.139,119775
2017-05-02,38.093,119775
2017-05-03,37.985,119775
2017-05-04,38.197,119775
2017-05-05,38.072,119775
2017-05-08,38.21,119775
2017-05-09,38.288,119775
2017-05-10,38.582,119775
2017-05-11,38.545,119775
2017-05-12,38.243,119775
2017-05-15,38.458,119775
2017-05-16,38.588,119775
2017-05-17,38.504,119775
2017-05-18,37.995,119775
2017-05-19,37.737,119775
2017-05-22,37.458,119775
2017-05-23,36.963,119775
2017-05-24,36.595,119775
2017-05-25,37.049,119775
2017-05-26,37.503,119775
2017-05-29,37.25,119775
2017-05-30,37.391,119775
2017-05-31,37.834,119775
2017-06-01,38.002,119775
2017-06-02,38.204,119775
2017-06-05,38.272,119775
2017-06-06,38.075,119775
2017-06-07,38.294,119775
2017-06-08,38.383,119775
2017-06-09,38.449,119775
2017-06-12,38.282,119775
2017-06-13,38.267,119775
2017-06-14,38.311,119775
2017-06-15,38.271,119775
2017-06-16,38.423,119775
2017-06-19,38.508,119775
2017-06-20,38.561,119775
2017-06-21,38.547,119775
2017-06-22,38.45,119775
2017-06-23,38.135,119775
2017-06-27,37.73,119775
2017-06-28,37.635,119775
2017-06-29,37.79,119775
2017-06-30,38.101,119775
2017-07-03,38.416,119775
2017-07-04,38.473,119775
2017-07-05,38.78,119775
2017-07-06,38.805,119775
2017-07-07,38.855,119775
2017-07-10,38.954,119775
2017-07-11,38.777,119775
2017-07-12,38.928,119775
2017-07-13,39.182,119775
2017-07-14,39.083,119775
2017-07-17,39.034,119775
2017-07-18,38.899,119775
2017-07-19,39.157,119775
2017-07-20,38.973,119775
2017-07-21,39.056,119775
2017-07-24,39.017,119775
2017-07-25,39.079,119775
2017-07-26,39.124,119775
2017-07-27,39.058,119775
2017-07-28,39.076,119775
2017-07-31,39.089,119775
2017-08-01,39.112,119775
2017-08-02,39.03,119775
2017-08-03,38.763,119775
2017-08-04,38.889,119775
2017-08-07,39.095,119775
2017-08-08,38.813,119775
2017-08-09,38.245,119775
2017-08-10,37.505,119775
2017-08-11,37.504,119775
2017-08-14,38.177,119775
2017-08-16,38.585,119775
2017-08-17,38.527,119775
2017-08-18,38.428,119775
2017-08-21,38.014,119775
2017-08-22,37.946,119775
2017-08-23,38.163,119775
2017-08-24,38.258,119775
2017-08-28,38.536,119775
2017-08-29,38.227,119775
2017-08-30,38.525,119775
2017-08-31,38.954,119775
2017-09-01,39.25,119775
2017-09-04,39.15,119775
2017-09-05,39.481,119775
2017-09-06,39.508,119775
2017-09-07,39.666,119775
2017-09-08,39.603,119775
2017-09-11,39.709,119775
2017-09-12,39.957,119775
2017-09-13,39.686,119775
2017-09-14,39.868,119775
2017-09-15,39.953,119775
2017-09-18,40.262,119775
2017-09-19,40.443,119775
2017-09-20,40.394,119775
2017-09-21,40.329,119775
2017-09-22,39.51,119775
2017-09-25,38.982,119775
2017-09-26,39.131,119775
2017-09-27,38.577,119775
2017-09-28,38.714,119775
2017-09-29,39.116,119775
2017-10-03,39.168,119775
2017-10-04,39.319,119775
2017-10-05,39.447,119775
2017-10-06,39.771,119775
2017-10-09,39.923,119775
2017-10-10,40.255,119775
2017-10-11,39.965,119775
2017-10-12,40.322,119775
2017-10-13,40.44,119775
2017-10-16,40.576,119775
2017-10-17,40.669,119775
2017-10-18,40.704,119775
2017-10-23,40.859,119775
2017-10-24,40.964,119775
2017-10-25,40.845,119775
2017-10-26,40.854,119775
2017-10-27,40.992,119775
2017-10-30,41.489,119775
2017-10-31,41.587,119775
2017-11-01,41.755,119775
2017-11-02,41.969,119775
2017-11-03,42.106,119775
2017-11-06,42.08,119775
2017-11-07,41.562,119775
2017-11-08,41.366,119775
2017-11-09,41.724,119775
2017-11-10,41.631,119775
2017-11-13,41.535,119775
2017-11-14,41.398,119775
2017-11-15,41.096,119775
2017-11-16,41.476,119775
2017-11-17,41.901,119775
2017-11-20,42.113,119775
2017-11-21,42.326,119775
2017-11-22,42.302,119775
2017-11-23,42.42,119775
2017-11-24,42.673,119775
2017-11-27,42.652,119775
2017-11-28,42.759,119775
2017-11-29,42.878,119775
2017-11-30,42.814,119775
2017-12-01,42.526,119775
2017-12-04,42.363,119775
2017-12-05,42.336,119775
2017-12-06,42.123,119775
2017-12-07,42.517,119775
2017-12-08,42.815,119775
2017-12-11,42.825,119775
2017-12-12,42.54,119775
2017-12-13,42.206,119775
2017-12-14,42.244,119775
2017-12-15,42.716,119775
2017-12-18,42.836,119775
2017-12-19,43.342,119775
2017-12-20,43.693,119775
2017-12-21,43.799,119775
2017-12-22,43.941,119775
2017-12-26,44.233,119775
2017-12-27,44.188,119775
2017-12-28,44.193,119775
2017-12-29,44.547,119775
2018-01-01,44.399,119775
2018-01-02,44.083,119775
2018-01-03,44.24,119775
2018-01-04,44.637,119775
2018-01-05,45.097,119775
2018-01-08,45.342,119775
2018-01-09,45.236,119775
2018-01-10,45.199,119775
2018-01-11,45.237,119775
2018-01-12,45.237,119775
2018-01-15,45.162,119775
2018-01-16,44.478,119775
2018-01-17,44.675,119775
2018-01-18,44.301,119775
2018-01-19,44.568,119775
2018-01-22,44.774,119775
2018-01-23,44.835,119775
2018-01-24,44.604,119775
2018-01-25,44.181,119775
2018-01-29,43.846,119775
2018-01-30,43.36,119775
2018-01-31,43.207,119775
2018-02-01,43.401,119775
2018-02-02,42.168,119775
2018-02-05,41.693,119775
2018-02-06,41.227,119775
2018-02-07,41.588,119775
2018-02-08,42.118,119775
2018-02-09,41.967,119775
2018-02-12,42.486,119775
2018-02-14,42.543,119775
2018-02-15,42.349,119775
2018-02-16,41.972,119775
2018-02-19,41.62,119775
2018-02-20,41.559,119775
2018-02-21,41.429,119775
2018-02-22,41.244,119775
2018-02-23,41.813,119775
2018-02-26,42.346,119775
2018-02-27,42.244,119775
2018-02-28,42.366,119775
2018-03-01,42.273,119775
2018-03-05,42.052,119775
2018-03-06,41.802,119775
2018-03-07,41.252,119775
2018-03-08,41.443,119775
2018-03-09,41.495,119775
2018-03-12,41.614,119775
2018-03-13,41.937,119775
2018-03-14,41.888,119775
2018-03-15,42.151,119775
2018-03-16,41.705,119775
2018-03-19,41.092,119775
2018-03-20,41.113,119775
2018-03-21,41.189,119775
2018-03-22,40.895,119775
2018-03-23,40.599,119775
2018-03-26,41.027,119775
2018-03-27,41.534,119775
2018-03-28,41.378,119775
2018-04-02,42.015,119775
2018-04-03,42.375,119775
2018-04-04,42.227,119775
2018-04-05,42.903,119775
2018-04-06,43.024,119775
2018-04-09,43.143,119775
2018-04-10,43.191,119775
2018-04-11,43.482,119775
2018-04-12,43.366,119775
2018-04-13,43.41,119775
2018-04-16,43.622,119775
2018-04-17,43.584,119775
2018-04-18,43.451,119775
2018-04-19,43.62,119775
2018-04-20,43.559,119775
2018-04-23,43.727,119775
2018-04-24,43.667,119775
2018-04-25,43.364,119775
2018-04-26,43.628,119775
2018-04-27,43.912,119775
2018-04-30,44.103,119775
2018-05-02,43.665,119775
2018-05-03,43.396,119775
2018-05-04,43.317,119775
2018-05-07,43.36,119775
2018-05-08,43.411,119775
2018-05-09,43.218,119775
2018-05-10,42.843,119775
2018-05-11,43.089,119775
2018-05-14,42.921,119775
2018-05-15,42.68,119775
2018-05-16,42.623,119775
2018-05-17,42.708,119775
2018-05-18,42.284,119775
2018-05-21,41.614,119775
2018-05-22,41.768,119775
2018-05-23,41.622,119775
2018-05-24,41.606,119775
2018-05-25,42.046,119775
2018-05-28,42.393,119775
2018-05-29,42.353,119775
2018-05-30,42.366,119775
2018-05-31,42.392,119775
2018-06-01,41.879,119775
2018-06-04,41.523,119775
2018-06-05,41.076,119775
2018-06-06,41.588,119775
2018-06-07,41.902,119775
2018-06-08,42.043,119775
2018-06-11,42.073,119775
2018-06-12,42.249,119775
2018-06-13,42.088,119775
2018-06-14,42.127,119775
2018-06-15,41.991,119775
2018-06-18,41.849,119775
2018-06-19,41.512,119775
2018-06-20,41.54,119775
2018-06-21,41.255,119775
2018-06-22,41.294,119775
2018-06-25,40.937,119775
2018-06-26,40.757,119775
2018-06-27,40.235,119775
2018-06-28,39.678,119775
2018-06-29,40.321,119775
2018-07-02,40.249,119775
2018-07-03,40.442,119775
2018-07-04,40.544,119775
2018-07-05,40.313,119775
2018-07-06,40.428,119775
2018-07-09,40.834,119775
2018-07-10,40.975,119775
2018-07-11,40.809,119775
2018-07-12,40.796,119775
2018-07-13,40.491,119775
2018-07-16,39.792,119775
2018-07-17,40.239,119775
2018-07-18,40.024,119775
2018-07-19,39.635,119775
2018-07-20,39.925,119775
2018-07-23,40.403,119775
2018-07-24,40.799,119775
2018-07-25,40.808,119775
2018-07-26,41.011,119775
2018-07-27,41.376,119775
2018-07-30,41.573,119775
2018-07-31,41.904,119775
2018-08-01,41.929,119775
2018-08-02,41.884,119775
2018-08-03,42.182,119775
2018-08-06,42.265,119775
2018-08-07,42.17,119775
2018-08-08,42.253,119775
2018-08-09,42.235,119775
2018-08-10,42.103,119775
2018-08-13,41.767,119775
2018-08-14,42.153,119775
2018-08-16,42.0,119775
2018-08-17,42.271,119775
2018-08-20,42.317,119775
2018-08-21,42.335,119775
2018-08-23,42.214,119775
2018-08-24,42.212,119775
2018-08-27,42.652,119775
2018-08-28,42.738,119775
2018-08-29,42.844,119775
2018-08-30,42.861,119775
2018-08-31,42.834,119775
2018-09-03,42.68,119775
2018-09-04,41.915,119775
2018-09-05,41.482,119775
2018-09-06,41.743,119775
2018-09-07,42.017,119775
2018-09-10,41.469,119775
2018-09-11,41.107,119775
2018-09-12,41.165,119775
2018-09-14,41.706,119775
2018-09-17,41.561,119775
2018-09-18,41.104,119775
2018-09-19,40.74,119775
2018-09-21,40.0,119775
2018-09-24,39.132,119775
2018-09-25,39.049,119775
2018-09-26,39.278,119775
2018-09-27,38.571,119775
2018-09-28,37.963,119775
2018-10-01,37.799,119775
2018-10-03,37.626,119775
2018-10-04,37.04,119775
2018-10-05,36.35,119775
2018-10-08,35.905,119775
2018-10-09,35.762,119775
2018-10-10,36.86,119775
2018-10-11,36.312,119775
2018-10-12,37.015,119775
2018-10-15,37.258,119775
2018-10-16,37.866,119775
2018-10-17,37.219,119775
2018-10-19,36.731,119775
2018-10-22,36.143,119775
2018-10-23,35.784,119775
2018-10-24,36.22,119775
2018-10-25,36.054,119775
2018-10-26,36.001,119775
2018-10-29,36.553,119775
2018-10-30,36.904,119775
2018-10-31,37.336,119775
2018-11-01,37.659,119775
2018-11-02,38.008,119775
2018-11-05,38.062,119775
2018-11-06,37.91,119775
2018-11-09,38.375,119775
2018-11-12,38.087,119775
2018-11-13,38.17,119775
2018-11-14,38.278,119775
2018-11-15,38.452,119775
2018-11-16,38.523,119775
2018-11-19,38.595,119775
2018-11-20,38.307,119775
2018-11-21,38.399,119775
2018-11-22,38.22,119775
2018-11-26,38.278,119775
2018-11-27,38.498,119775
2018-11-28,38.294,119775
2018-11-29,38.44,119775
2018-11-30,38.581,119775
2018-12-03,38.791,119775
2018-12-04,38.941,119775
2018-12-05,38.653,119775
2018-12-06,38.193,119775
2018-12-07,38.183,119775
2018-12-10,37.61,119775
2018-12-11,37.967,119775
2018-12-12,38.844,119775
2018-12-13,39.205,119775
2018-12-14,39.358,119775
2018-12-17,39.489,119775
2018-12-18,39.579,119775
2018-12-19,39.954,119775
2018-12-20,39.938,119775
2018-12-21,39.53,119775
2018-12-24,39.226,119775
2018-12-26,39.116,119775
2018-12-27,39.314,119775
2018-12-28,39.471,119775
2018-12-31,39.774,119775
2019-01-01,39.751,119775
2019-01-02,39.567,119775
2019-01-03,39.306,119775
2019-01-04,39.411,119775
2019-01-07,39.389,119775
2019-01-08,39.327,119775
2019-01-09,39.325,119775
2019-01-10,39.489,119775
2019-01-11,39.46,119775
2019-01-14,39.312,119775
2019-01-15,39.465,119775
2019-01-16,39.567,119775
2019-01-17,39.484,119775
2019-01-18,39.412,119775
2019-01-21,39.106,119775
2019-01-22,38.99,119775
2019-01-23,38.954,119775
2019-01-24,38.875,119775
2019-01-25,38.508,119775
2019-01-28,37.899,119775
2019-01-29,38.053,119775
2019-01-30,38.188,119775
2019-01-31,38.231,119775
2019-02-01,38.409,119775
2019-02-04,38.298,119775
2019-02-05,38.087,119775
2019-02-06,38.163,119775
2019-02-07,38.323,119775
2019-02-08,37.867,119775
2019-02-11,37.358,119775
2019-02-12,37.392,119775
2019-02-13,37.303,119775
2019-02-14,37.39,119775
2019-02-15,37.242,119775
2019-02-18,36.964,119775
2019-02-19,37.054,119775
2019-02-20,37.363,119775
2019-02-21,37.608,119775
2019-02-22,37.669,119775
2019-02-25,38.099,119775
2019-02-26,38.115,119775
2019-02-27,38.293,119775
2019-02-28,38.567,119775
2019-03-01,39.002,119775
2019-03-05,39.97,119775
2019-03-06,40.168,119775
2019-03-07,40.081,119775
2019-03-08,40.074,119775
2019-03-11,40.797,119775
2019-03-12,40.969,119775
2019-03-13,40.952,119775
2019-03-14,40.848,119775
2019-03-15,40.957,119775
2019-03-18,40.811,119775
2019-03-19,40.973,119775
2019-03-20,40.807,119775
2019-03-22,40.712,119775
2019-03-25,40.445,119775
2019-03-26,40.743,119775
2019-03-27,41.087,119775
2019-03-28,41.334,119775
2019-03-29,41.766,119775
2019-04-01,41.777,119775
2019-04-02,41.806,119775
2019-04-03,41.484,119775
2019-04-04,41.482,119775
2019-04-05,41.717,119775
2019-04-08,41.45,119775
2019-04-09,41.371,119775
2019-04-10,41.406,119775
2019-04-11,41.361,119775
2019-04-12,41.506,119775
2019-04-15,41.805,119775
2019-04-16,42.11,119775
2019-04-18,41.82,119775
2019-04-22,41.292,119775
2019-04-23,41.298,119775
2019-04-24,41.353,119775
2019-04-25,41.347,119775
2019-04-26,41.293,119775
2019-04-30,40.975,119775
2019-05-02,40.741,119775
2019-05-03,40.673,119775
2019-05-06,40.259,119775
2019-05-07,39.888,119775
2019-05-08,39.646,119775
2019-05-09,39.415,119775
2019-05-10,39.526,119775
2019-05-13,39.1,119775
2019-05-14,39.179,119775
2019-05-15,39.237,119775
2019-05-16,39.342,119775
2019-05-17,39.572,119775
2019-05-20,40.977,119775
2019-05-21,40.723,119775
2019-05-22,40.711,119775
2019-05-23,40.883,119775
2019-05-24,41.415,119775
2019-05-27,41.972,119775
2019-05-28,41.992,119775
2019-05-29,41.873,119775
2019-05-30,42.022,119775
2019-05-31,42.186,119775
2019-06-03,42.412,119775
2019-06-04,42.376,119775
2019-06-06,41.918,119775
2019-06-07,41.983,119775
2019-06-10,42.137,119775
2019-06-11,42.374,119775
2019-06-12,42.072,119775
2019-06-13,41.972,119775
2019-06-14,41.663,119775
2019-06-17,41.15,119775
2019-06-18,41.275,119775
2019-06-19,41.0,119775
2019-06-20,41.445,119775
2019-06-21,41.375,119775
2019-06-24,41.164,119775
2019-06-25,41.479,119775
2019-06-26,41.672,119775
2019-06-27,41.932,119775
2019-06-28,42.066,119775
2019-07-01,42.104,119775
2019-07-02,42.192,119775
2019-07-03,42.125,119775
2019-07-04,42.175,119775
2019-07-05,41.588,119775
2019-07-08,40.898,119775
2019-07-09,41.077,119775
2019-07-10,40.758,119775
2019-07-11,40.921,119775
2019-07-12,41.055,119775
2019-07-15,40.863,119775
2019-07-16,41.065,119775
2019-07-17,40.968,119775
2019-07-18,40.574,119775
2019-07-19,39.836,119775
2019-07-22,39.685,119775
2019-07-23,39.673,119775
2019-07-24,39.169,119775
2019-07-25,39.333,119775
2019-07-26,39.527,119775
2019-07-30,38.558,119775
2019-07-31,38.928,119775
2019-08-01,38.663,119775
2019-08-02,38.48,119775
2019-08-05,37.966,119775
2019-08-06,38.659,119775
2019-08-07,38.518,119775
2019-08-08,38.756,119775
2019-08-09,39.046,119775
2019-08-13,38.397,119775
2019-08-14,38.702,119775
2019-08-16,38.739,119775
2019-08-19,38.947,119775
2019-08-20,38.653,119775
2019-08-21,38.306,119775
2019-08-22,37.863,119775
2019-08-23,38.041,119775
2019-08-26,38.586,119775
2019-08-27,38.86,119775
2019-08-28,38.633,119775
2019-08-29,38.376,119775
2019-08-30,38.729,119775
2019-09-03,38.208,119775
2019-09-04,38.298,119775
2019-09-05,38.453,119775
2019-09-06,38.717,119775
2019-09-09,38.987,119775
2019-09-11,39.444,119775
2019-09-12,39.432,119775
2019-09-13,39.776,119775
2019-09-16,39.677,119775
2019-09-17,39.11,119775
2019-09-18,39.24,119775
2019-09-19,38.794,119775
2019-09-20,40.974,119775
2019-09-23,42.014,119775
2019-09-24,41.949,119775
2019-09-25,41.366,119775
2019-09-26,41.74,119775
2019-09-27,41.566,119775
2019-09-30,41.16,119775
2019-10-01,40.58,119775
2019-10-03,40.476,119775
2019-10-04,40.096,119775
2019-10-07,39.928,119775
2019-10-09,40.358,119775
2019-10-10,40.028,119775
2019-10-11,40.14,119775
2019-10-14,40.248,119775
2019-10-15,40.314,119775
2019-10-16,40.255,119775
2019-10-17,40.788,119775
2019-10-18,41.135,119775
2019-10-22,41.318,119775
2019-10-23,41.337,119775
2019-10-24,41.431,119775
2019-10-25,41.307,119775
2019-10-29,41.884,119775
2019-10-30,42.094,119775
2019-10-31,42.529,119775
2019-11-01,42.644,119775
2019-11-04,42.569,119775
2019-11-05,42.13,119775
2019-11-06,42.078,119775
2019-11-07,42.353,119775
2019-11-08,42.237,119775
2019-11-11,42.461,119775
2019-11-13,42.301,119775
2019-11-14,42.442,119775
2019-11-15,42.472,119775
2019-11-18,42.571,119775
2019-11-19,42.736,119775
2019-11-20,42.958,119775
2019-11-21,42.625,119775
2019-11-22,42.538,119775
2019-11-25,42.934,119775
2019-11-26,42.75,119775
2019-11-27,43.17,119775
2019-11-28,43.43,119775
2019-11-29,43.48,119775
2019-12-02,43.384,119775
2019-12-03,43.156,119775
2019-12-04,43.28,119775
2019-12-05,43.233,119775
2019-12-06,42.939,119775
2019-12-09,43.065,119775
2019-12-10,42.614,119775
2019-12-11,42.68,119775
2019-12-12,42.904,119775
2019-12-13,43.212,119775
2019-12-16,43.076,119775
2019-12-17,43.223,119775
2019-12-18,43.194,119775
2019-12-19,43.187,119775
2019-12-20,43.22,119775
2019-12-23,43.134,119775
2019-12-24,43.115,119775
2019-12-26,43.219,119775
2019-12-27,43.552,119775
2019-12-30,43.719,119775
2019-12-31,43.845,119775
2020-01-01,43.983,119775
2020-01-02,44.476,119775
2020-01-03,44.404,119775
2020-01-06,43.621,119775
2020-01-07,43.927,119775
2020-01-08,44.169,119775
2020-01-09,44.748,119775
2020-01-10,44.955,119775
2020-01-13,45.205,119775
2020-01-14,45.543,119775
2020-01-15,45.822,119775
2020-01-16,46.144,119775
2020-01-17,46.334,119775
2020-01-20,46.202,119775
2020-01-21,46.313,119775
2020-01-22,46.282,119775
2020-01-23,46.944,119775
2020-01-24,47.413,119775
2020-01-27,47.371,119775
2020-01-28,47.267,119775
2020-01-29,47.363,119775
2020-01-30,47.022,119775
2020-01-31,46.893,119775
2020-02-03,46.28,119775
2020-02-04,46.773,119775
2020-02-05,47.304,119775
2020-02-06,47.452,119775
2020-02-07,47.602,119775
2020-02-10,47.216,119775
2020-02-11,47.327,119775
2020-02-12,47.347,119775
2020-02-13,47.211,119775
2020-02-14,46.967,119775
2020-02-17,46.653,119775
2020-02-18,46.553,119775
2020-02-19,47.075,119775
2020-02-20,47.322,119775
2020-02-24,46.613,119775
2020-02-25,46.498,119775
2020-02-26,46.057,119775
2020-02-27,45.757,119775
2020-02-28,44.68,119775
2020-03-02,44.277,119775
2020-03-03,44.916,119775
2020-03-04,44.363,119775
2020-03-05,44.461,119775
2020-03-06,43.671,119775
2020-03-09,42.188,119775
2020-03-11,41.921,119775
2020-03-12,38.837,119775
2020-03-13,39.555,119775
2020-03-16,37.472,119775
2020-03-17,36.788,119775
2020-03-18,34.969,119775
2020-03-19,33.621,119775
2020-03-20,34.731,119775
2020-03-23,30.533,119775
2020-03-24,30.479,119775
2020-03-25,31.137,119775
2020-03-26,32.265,119775
2020-03-27,32.114,119775
2020-03-30,31.411,119775
2020-03-31,32.117,119775
2020-04-01,31.479,119775
2020-04-03,30.808,119775
2020-04-07,32.096,119775
2020-04-08,32.61,119775
2020-04-09,33.588,119775
2020-04-13,33.295,119775
2020-04-15,33.974,119775
2020-04-16,34.556,119775
2020-04-17,35.097,119775
2020-04-20,35.281,119775
2020-04-21,34.322,119775
2020-04-22,34.845,119775
2020-04-23,35.114,119775
2020-04-24,34.48,119775
2020-04-27,35.149,119775
2020-04-28,35.41,119775
2020-04-29,35.722,119775
2020-04-30,36.313,119775
2020-05-04,34.785,119775
2020-05-05,34.572,119775
2020-05-06,34.693,119775
2020-05-07,34.516,119775
2020-05-08,34.38,119775
2020-05-11,34.473,119775
2020-05-12,34.136,119775
2020-05-13,34.746,119775
2020-05-14,34.524,119775
2020-05-15,34.525,119775
2020-05-18,33.333,119775
2020-05-19,33.401,119775
2020-05-20,33.941,119775
2020-05-21,34.116,119775
2020-05-22,34.143,119775
2020-05-26,34.59,119775
2020-05-27,34.714,119775
2020-05-28,35.169,119775
2020-05-29,35.56,119775
2020-06-01,36.402,119775
2020-06-02,36.796,119775
2020-06-03,36.934,119775
2020-06-04,36.977,119775
2020-06-05,37.696,119775
2020-06-08,37.753,119775
2020-06-09,37.563,119775
2020-06-10,37.737,119775
2020-06-11,37.3,119775
2020-06-12,37.578,119775
2020-06-15,37.146,119775
2020-06-16,37.301,119775
2020-06-17,37.467,119775
2020-06-18,37.754,119775
2020-06-19,38.13,119775
2020-06-22,38.635,119775
2020-06-23,39.234,119775
2020-06-24,38.795,119775
2020-06-25,39.024,119775
2020-06-26,39.067,119775
2020-06-29,38.635,119775
2020-06-30,38.642,119775
2020-07-01,38.712,119775
2020-07-02,39.141,119775
2020-07-03,39.39,119775
2020-07-06,39.994,119775
2020-07-07,40.194,119775
2020-07-08,39.884,119775
2020-07-09,40.019,119775
2020-07-10,39.83,119775
2020-07-13,39.796,119775
2020-07-14,39.586,119775
2020-07-15,39.414,119775
2020-07-16,39.619,119775
2020-07-17,40.082,119775
2020-07-20,40.443,119775
2020-07-21,40.568,119775
2020-07-22,40.595,119775
2020-07-23,40.92,119775
2020-07-24,40.725,119775
2020-07-27,40.422,119775
2020-07-28,40.729,119775
2020-07-29,40.797,119775
2020-07-30,40.604,119775
2020-07-31,41.0,119775
2020-08-03,41.146,119775
2020-08-04,41.407,119775
2020-08-05,41.605,119775
2020-08-06,42.064,119775
2020-08-07,42.256,119775
2020-08-10,42.638,119775
2020-08-11,42.513,119775
2020-08-12,42.508,119775
2020-08-13,42.826,119775
2020-08-14,42.67,119775
2020-08-17,42.891,119775
2020-08-18,43.362,119775
2020-08-19,43.833,119775
2020-08-20,44.097,119775
2020-08-21,44.658,119775
2020-08-24,45.016,119775
2020-08-25,44.995,119775
2020-08-26,45.124,119775
2020-08-27,45.258,119775
2020-08-28,45.357,119775
2020-08-31,43.734,119775
2020-09-01,43.981,119775
2020-09-02,44.457,119775
2020-09-03,44.661,119775
2020-09-04,44.087,119775
2020-09-07,43.873,119775
2020-09-08,43.332,119775
2020-09-09,43.014,119775
2020-09-10,43.465,119775
2020-09-11,43.542,119775
2020-09-14,45.24,119775
2020-09-15,45.826,119775
2020-09-16,46.093,119775
2020-09-17,45.953,119775
2020-09-18,45.863,119775
2020-09-21,44.471,119775
2020-09-22,43.803,119775
2020-09-23,43.824,119775
2020-09-24,42.948,119775
2020-09-25,43.802,119775
2020-09-28,44.768,119775
2020-09-29,44.869,119775
2020-09-30,44.827,119775
2020-10-01,45.132,119775
2020-10-05,45.064,119775
2020-10-06,45.162,119775
2020-10-07,44.983,119775
2020-10-08,45.157,119775
2020-10-09,45.148,119775
2020-10-12,44.884,119775
2020-10-13,44.842,119775
2020-10-14,44.957,119775
2020-10-15,44.331,119775
2020-10-16,44.892,119775
2020-10-19,45.14,119775
2020-10-20,45.392,119775
2020-10-21,45.597,119775
2020-10-22,45.836,119775
2020-10-23,45.891,119775
2020-10-26,45.315,119775
2020-10-27,45.835,119775
2020-10-28,45.505,119775
2020-10-29,45.578,119775
2020-10-30,45.523,119775
2020-11-02,45.468,119775
2020-11-03,46.043,119775
2020-11-04,46.266,119775
2020-11-05,46.88,119775
2020-11-06,47.024,119775
2020-11-09,47.48,119775
2020-11-10,47.235,119775
2020-11-11,47.478,119775
2020-11-12,47.655,119775
2020-11-13,48.077,119775
2020-11-17,49.052,119775
2020-11-18,49.499,119775
2020-11-19,49.477,119775
2020-11-20,50.001,119775
2020-11-23,50.532,119775
2020-11-24,50.99,119775
2020-11-25,50.144,119775
2020-11-26,50.519,119775
2020-11-27,51.723,119775
2020-12-01,52.32,119775
2020-12-02,52.36,119775
2020-12-03,52.445,119775
2020-12-04,52.89,119775
2020-12-07,53.367,119775
2020-12-08,53.084,119775
2020-12-09,53.253,119775
2020-12-10,52.914,119775
2020-12-11,52.904,119775
2020-12-14,53.262,119775
2020-12-15,53.197,119775
2020-12-16,53.612,119775
2020-12-17,53.838,119775
2020-12-18,53.798,119775
2020-12-21,52.036,119775
2020-12-22,52.159,119775
2020-12-23,53.192,119775
2020-12-24,53.301,119775
2020-12-28,53.752,119775
2020-12-29,53.869,119775
2020-12-30,54.056,119775
2020-12-31,54.135,119775
2021-01-01,54.673,119775
2021-01-04,55.415,119775
2021-01-05,55.855,119775
2021-01-06,56.135,119775
2021-01-07,56.709,119775
2021-01-08,57.333,119775
2021-01-11,57.368,119775
2021-01-12,57.403,119775
2021-01-13,57.086,119775
2021-01-14,57.294,119775
2021-01-15,56.764,119775
2021-01-18,55.72,119775
2021-01-19,56.691,119775
2021-01-20,57.037,119775
2021-01-21,56.892,119775
2021-01-22,56.192,119775
2021-01-25,55.983,119775
2021-01-27,55.378,119775
2021-01-28,55.243,119775
2021-01-29,54.977,119775
2021-02-01,56.293,119775
2021-02-02,57.515,119775
2021-02-03,58.473,119775
2021-02-04,59.447,119775
2021-02-05,59.202,119775
2021-02-08,60.416,119775
2021-02-09,60.262,119775
2021-02-10,60.826,119775
2021-02-11,61.018,119775
2021-02-12,61.206,119775
2021-02-15,61.893,119775
2021-02-16,62.103,119775
2021-02-17,61.976,119775
2021-02-18,62.07,119775
2021-02-19,61.359,119775
2021-02-22,60.729,119775
2021-02-23,61.41,119775
2021-02-24,61.912,119775
2021-02-25,62.446,119775
2021-02-26,61.844,119775
2021-03-01,62.641,119775
2021-03-02,63.36,119775
2021-03-03,64.128,119775
2021-03-04,64.556,119775
2021-03-05,63.683,119775
2021-03-08,63.683,119775
2021-03-09,63.395,119775
2021-03-10,64.036,119775
2021-03-12,63.856,119775
2021-03-15,63.341,119775
2021-03-16,63.439,119775
2021-03-17,62.337,119775
2021-03-18,61.743,119775
2021-03-19,62.143,119775
2021-03-22,62.454,119775
2021-03-23,62.872,119775
2021-03-24,61.879,119775
2021-03-25,61.135,119775
2021-03-26,61.869,119775
2021-03-30,63.002,119775
2021-03-31,63.187,119775
2021-04-01,63.745,119775
2021-04-05,63.045,119775
2021-04-06,63.394,119775
2021-04-07,64.183,119775
2021-04-08,64.715,119775
2021-04-09,64.937,119775
2021-04-12,62.405,119775
2021-04-13,62.974,119775
2021-04-15,62.761,119775
2021-04-16,63.307,119775
2021-04-19,62.253,119775
2021-04-20,62.477,119775
2021-04-22,62.627,119775
2021-04-23,62.739,119775
2021-04-26,63.065,119775
2021-04-27,63.97,119775
2021-04-28,64.494,119775
2021-04-29,64.46,119775
2021-04-30,63.852,119775
2021-05-03,64.129,119775
2021-05-04,63.944,119775
2021-05-05,64.672,119775
2021-05-06,64.812,119775
2021-05-07,64.579,119775
2021-05-10,64.855,119775
2021-05-11,65.087,119775
2021-05-12,64.59,119775
2021-05-14,63.97,119775
2021-05-17,64.998,119775
2021-05-18,65.86,119775
2021-05-19,66.146,119775
2021-05-20,66.069,119775
2021-05-21,66.545,119775
2021-05-24,66.873,119775
2021-05-25,66.888,119775
2021-05-26,67.066,119775
2021-05-27,67.38,119775
2021-05-28,67.518,119775
2021-05-31,67.82,119775
2021-06-01,67.462,119775
2021-06-02,68.197,119775
2021-06-03,68.978,119775
2021-06-04,69.185,119775
2021-06-07,69.648,119775
2021-06-08,70.047,119775
2021-06-09,69.519,119775
2021-06-10,70.297,119775
2021-06-11,70.441,119775
2021-06-14,70.442,119775
2021-06-15,70.785,119775
2021-06-16,70.443,119775
2021-06-17,70.352,119775
2021-06-18,69.794,119775
2021-06-21,70.076,119775
2021-06-22,70.187,119775
2021-06-23,70.337,119775
2021-06-24,70.53,119775
2021-06-25,71.214,119775
2021-06-28,71.596,119775
2021-06-29,71.344,119775
2021-06-30,71.822,119775
2021-07-01,72.006,119775
2021-07-02,72.32,119775
2021-07-05,72.4,119775
2021-07-06,72.559,119775
2021-07-07,72.632,119775
2021-07-08,72.341,119775
2021-07-09,72.592,119775
2021-07-12,72.893,119775
2021-07-13,73.06,119775
2021-07-14,73.158,119775
2021-07-15,73.275,119775
2021-07-16,73.29,119775
2021-07-19,73.104,119775
2021-07-20,72.434,119775
2021-07-22,73.163,119775
2021-07-23,73.857,119775
2021-07-26,74.446,119775
2021-07-27,74.01,119775
2021-07-28,73.664,119775
2021-07-29,74.053,119775
2021-07-30,74.824,119775
2021-08-02,75.556,119775
2021-08-03,75.687,119775
2021-08-04,75.212,119775
2021-08-05,75.272,119775
2021-08-06,75.168,119775
2021-08-09,74.886,119775
2021-08-10,74.137,119775
2021-08-11,73.637,119775
2021-08-12,74.009,119775
2021-08-13,74.3,119775
2021-08-16,73.968,119775
2021-08-17,74.524,119775
2021-08-18,74.608,119775
2021-08-20,73.586,119775
2021-08-23,73.114,119775
2021-08-24,73.74,119775
2021-08-25,73.863,119775
2021-08-26,73.931,119775
2021-08-27,74.595,119775
2021-08-30,75.612,119775
2021-08-31,76.176,119775
2021-09-01,76.735,119775
2021-09-02,77.31,119775
2021-09-03,77.86,119775
2021-09-06,78.012,119775
2021-09-07,77.861,119775
2021-09-08,77.849,119775
2021-09-09,78.036,119775
2021-09-13,78.413,119775
2021-09-14,78.866,119775
2021-09-15,79.483,119775
2021-09-16,79.567,119775
2021-09-17,78.59,119775
2021-09-20,77.096,119775
2021-09-21,77.139,119775
2021-09-22,77.698,119775
2021-09-23,78.502,119775
2021-09-24,78.22,119775
2021-09-27,78.154,119775
2021-09-28,77.439,119775
2021-09-29,77.882,119775
2021-09-30,78.34,119775
2021-10-01,78.214,119775
2021-10-04,79.291,119775
2021-10-05,79.553,119775
2021-10-06,78.972,119775
2021-10-07,80.275,119775
2021-10-08,80.848,119775
2021-10-11,81.6,119775
2021-10-12,81.796,119775
2021-10-13,82.061,119775
2021-10-14,82.53,119775
2021-10-18,83.098,119775
2021-10-19,81.822,119775
2021-10-20,80.197,119775
2021-10-21,79.652,119775
2021-10-22,78.961,119775
2021-10-25,78.257,119775
2021-10-26,79.453,119775
2021-10-27,79.325,119775
2021-10-28,78.695,119775
2021-10-29,78.9,119775
2021-11-01,79.68,119775
2021-11-02,79.917,119775
2021-11-03,80.118,119775
2021-11-08,81.778,119775
2021-11-09,82.185,119775
2021-11-10,81.935,119775
2021-11-11,81.571,119775
2021-11-12,82.158,119775
2021-11-15,82.434,119775
2021-11-16,82.379,119775
2021-11-17,82.399,119775
2021-11-18,81.322,119775
2021-11-22,79.582,119775
2021-11-23,80.408,119775
2021-11-24,80.247,119775
2021-11-25,80.463,119775
2021-11-26,78.309,119775
2021-11-29,77.686,119775
2021-11-30,78.856,119775
2021-12-01,79.306,119775
2021-12-02,80.276,119775
2021-12-03,80.045,119775
2021-12-06,78.912,119775
2021-12-07,79.948,119775
2021-12-08,80.74,119775
2021-12-09,80.905,119775
2021-12-10,81.435,119775
2021-12-13,81.23,119775
2021-12-14,81.234,119775
2021-12-15,80.91,119775
2021-12-16,80.739,119775
2021-12-17,79.446,119775
2021-12-20,77.141,119775
2021-12-21,78.036,119775
2021-12-22,78.996,119775
2021-12-23,79.718,119775
2021-12-24,78.812,119775
2021-12-27,78.797,119775
2021-12-28,79.508,119775
2021-12-29,79.682,119775
2021-12-30,79.875,119775
2021-12-31,80.752,119775
2022-01-03,81.478,119775
2022-01-04,81.74,119775
2022-01-05,81.923,119775
2022-01-06,81.792,119775
2022-01-07,82.309,119775
2022-01-10,82.668,119775
2022-01-11,82.843,119775
2022-01-12,83.794,119775
2022-01-13,83.786,119775
2022-01-14,84.022,119775
2022-01-17,84.557,119775
2022-01-18,83.176,119775
2022-01-19,83.0,119775
2022-01-20,82.734,119775
2022-01-21,81.44,119775
2022-01-24,78.635,119775
2022-01-25,79.06,119775
2022-01-27,78.118,119775
2022-01-28,79.101,119775
2022-01-31,80.121,119775
2022-02-01,80.917,119775
2022-02-02,81.493,119775
2022-02-03,80.806,119775
2022-02-04,80.262,119775
2022-02-07,79.75,119775
2022-02-08,79.2,119775
2022-02-09,80.087,119775
2022-02-10,80.085,119775
2022-02-11,78.594,119775
2022-02-14,76.387,119775
2022-02-15,78.129,119775
2022-02-16,77.89,119775
2022-02-17,77.781,119775
2022-02-18,77.679,119775
2022-02-21,77.002,119775
2022-02-22,76.669,119775
2022-02-23,76.904,119775
2022-02-24,73.443,119775
2022-02-25,75.638,119775
2022-02-28,76.587,119775
2022-03-02,76.127,119775
2022-03-03,75.669,119775
2022-03-04,74.236,119775
2022-03-07,72.816,119775
2022-03-08,73.588,119775
2022-03-09,74.778,119775
2022-03-10,75.676,119775
2022-03-11,76.265,119775
2022-03-14,76.388,119775
2022-03-15,76.177,119775
2022-03-16,77.417,119775
2022-03-17,78.513,119775
2022-03-21,78.385,119775
2022-03-22,78.512,119775
2022-03-23,78.373,119775
2022-03-24,78.316,119775
2022-03-25,77.923,119775
2022-03-28,77.982,119775
2022-03-29,78.821,119775
2022-03-30,79.315,119775
2022-03-31,79.617,119775
2022-04-01,80.368,119775
2022-04-04,81.19,119775
2022-04-05,82.261,119775
2022-04-06,82.348,119775
2022-04-07,81.83,119775
2022-04-08,82.636,119775
2022-04-11,82.936,119775
2022-04-12,82.308,119775
2022-04-13,82.554,119775
2022-04-18,81.933,119775
2022-04-19,81.328,119775
2022-04-20,81.353,119775
2022-04-21,81.871,119775
2022-04-22,81.038,119775
2022-04-25,79.805,119775
2022-04-26,80.748,119775
2022-04-27,80.348,119775
2022-04-28,81.207,119775
2022-04-29,80.969,119775
2022-05-02,80.876,119775
2022-05-04,79.355,119775
2022-05-05,79.162,119775
2022-05-06,77.884,119775
2022-05-09,76.622,119775
2022-05-10,75.472,119775
2022-05-11,74.891,119775
2022-05-12,73.426,119775
2022-05-13,73.753,119775
2022-05-16,74.189,119775
2022-05-17,75.612,119775
2022-05-18,75.851,119775
2022-05-19,74.515,119775
2022-05-20,75.722,119775
2022-05-23,75.066,119775
2022-05-24,74.766,119775
2022-05-25,73.362,119775
2022-05-26,74.18,119775
2022-05-27,74.943,119775
2022-05-30,76.674,119775
2022-05-31,76.727,119775
2022-06-01,77.173,119775
2022-06-02,77.132,119775
2022-06-03,76.173,119775
2022-06-06,75.953,119775
2022-06-07,75.192,119775
2022-06-08,74.912,119775
2022-06-09,75.078,119775
2022-06-10,74.662,119775
2022-06-13,73.04,119775
2022-06-14,73.176,119775
2022-06-15,73.664,119775
2022-06-16,72.113,119775
2022-06-17,71.481,119775
2022-06-20,70.756,119775
2022-06-21,71.915,119775
2022-06-22,71.121,119775
2022-06-23,71.874,119775
2022-06-24,72.551,119775
2022-06-27,73.521,119775
2022-06-28,73.557,119775
2022-06-29,73.37,119775
2022-06-30,73.41,119775
2022-07-01,73.561,119775
2022-07-04,74.14,119775
2022-07-05,74.033,119775
2022-07-06,75.259,119775
2022-07-07,76.198,119775
2022-07-08,76.225,119775
2022-07-11,76.766,119775
2022-07-12,76.242,119775
2022-07-13,76.353,119775
2022-07-14,76.199,119775
2022-07-15,76.791,119775
2022-07-18,77.871,119775
2022-07-19,78.245,119775
2022-07-20,78.437,119775
2022-07-21,79.635,119775
2022-07-22,79.934,119775
2022-07-25,80.003,119775
2022-07-26,79.186,119775
2022-07-27,79.823,119775
2022-07-28,80.655,119775
2022-07-29,81.645,119775
2022-08-01,82.652,119775
2022-08-02,82.823,119775
2022-08-03,82.27,119775
2022-08-04,82.933,119775
2022-08-05,83.067,119775
2022-08-08,83.2,119775
2022-08-10,83.248,119775
2022-08-11,84.072,119775
2022-08-12,84.303,119775
2022-08-16,85.061,119775
2022-08-17,85.282,119775
2022-08-18,85.547,119775
2022-08-19,84.768,119775
2022-08-22,83.756,119775
2022-08-23,84.499,119775
2022-08-24,84.884,119775
2022-08-25,84.975,119775
2022-08-26,85.089,119775
2022-08-29,84.595,119775
2022-08-30,85.794,119775
2022-09-01,86.313,119775
2022-09-02,86.166,119775
2022-09-05,86.918,119775
2022-09-06,86.761,119775
2022-09-07,87.054,119775
2022-09-08,87.745,119775
2022-09-09,87.923,119775
2022-09-12,88.396,119775
2022-09-13,88.779,119775
2022-09-14,88.584,119775
2022-09-15,88.839,119775
2022-09-16,86.816,119775
2022-09-19,86.583,119775
2022-09-20,87.85,119775
2022-09-21,87.386,119775
2022-09-22,87.593,119775
2022-09-23,85.559,119775
2022-09-26,83.513,119775
2022-09-27,83.647,119775
2022-09-28,83.307,119775
2022-09-29,83.851,119775
2022-09-30,84.831,119775
2022-10-03,84.226,119775
2022-10-04,85.544,119775
2022-10-06,86.333,119775
2022-10-07,85.878,119775
2022-10-10,85.128,119775
2022-10-11,84.178,119775
2022-10-12,84.555,119775
2022-10-13,83.965,119775
2022-10-14,83.9,119775
2022-10-17,84.478,119775
2022-10-18,84.984,119775
2022-10-19,85.227,119775
2022-10-20,84.862,119775
2022-10-21,84.697,119775
2022-10-25,84.809,119775
2022-10-27,85.143,119775
2022-10-28,84.493,119775
2022-10-31,85.667,119775
2022-11-01,86.477,119775
2022-11-02,86.386,119775
2022-11-03,86.255,119775
2022-11-04,86.496,119775
2022-11-07,87.238,119775
2022-11-09,87.134,119775
2022-11-10,86.45,119775
2022-11-11,86.56,119775
2022-11-14,86.422,119775
2022-11-15,86.46,119775
2022-11-16,85.839,119775
2022-11-17,85.69,119775
2022-11-18,85.227,119775
2022-11-21,85.285,119775
2022-11-22,85.358,119775
2022-11-23,85.427,119775
2022-11-24,85.685,119775
2022-11-25,86.202,119775
2022-11-28,86.728,119775
2022-11-29,86.424,119775
2022-11-30,86.988,119775
2022-12-01,87.867,119775
2022-12-02,88.468,119775
2022-12-05,88.238,119775
2022-12-06,87.586,119775
2022-12-07,87.422,119775
2022-12-08,87.927,119775
2022-12-09,87.613,119775
2022-12-12,87.728,119775
2022-12-13,87.801,119775
2022-12-14,88.487,119775
2022-12-15,87.728,119775
2022-12-16,86.683,119775
2022-12-19,87.087,119775
2022-12-20,87.043,119775
2022-12-21,85.915,119775
2022-12-22,85.452,119775
2022-12-23,83.68,119775
2022-12-26,85.014,119775
2022-12-27,85.506,119775
2022-12-28,85.73,119775
2022-12-29,85.655,119775
2022-12-30,85.956,119775
2023-01-02,86.201,119775
2023-01-03,86.425,119775
2023-01-04,85.846,119775
2023-01-05,86.132,119775
2023-01-06,85.729,119775
2023-01-09,86.206,119775
2023-01-10,86.059,119775
2023-01-11,85.62,119775
2023-01-12,85.773,119775
2023-01-13,85.595,119775
2023-01-16,85.378,119775
2023-01-17,85.276,119775
2023-01-18,85.47,119775
2023-01-19,85.555,119775
2023-01-20,84.887,119775
2023-01-23,84.761,119775
2023-01-24,84.382,119775
2023-01-25,83.512,119775
2023-01-27,83.006,119775
2023-01-30,83.077,119775
2023-01-31,84.128,119775
2023-02-01,83.989,119775
2023-02-02,84.319,119775
2023-02-03,84.265,119775
2023-02-06,84.724,119775
2023-02-07,84.658,119775
2023-02-08,85.426,119775
2023-02-09,85.654,119775
2023-02-10,85.953,119775
2023-02-13,85.087,119775
2023-02-14,84.755,119775
2023-02-15,85.167,119775
2023-02-16,86.358,119775
2023-02-17,86.07,119775
2023-02-20,85.842,119775
2023-02-21,85.761,119775
2023-02-22,85.418,119775
2023-02-23,85.031,119775
2023-02-24,84.971,119775
2023-02-27,84.649,119775
2023-02-28,84.886,119775
2023-03-01,85.871,119775
2023-03-02,85.636,119775
2023-03-03,85.791,119775
2023-03-06,86.172,119775
2023-03-08,86.334,119775
2023-03-09,85.868,119775
2023-03-10,85.525,119775
2023-03-13,84.243,119775
2023-03-14,83.696,119775
2023-03-15,83.575,119775
2023-03-16,83.479,119775
2023-03-17,84.158,119775
2023-03-20,83.37,119775
2023-03-21,83.573,119775
2023-03-22,83.739,119775
2023-03-23,83.468,119775
2023-03-24,82.835,119775
2023-03-27,82.242,119775
2023-03-28,82.207,119775
2023-03-29,82.923,119775
2023-03-31,83.856,119775
2023-04-03,83.897,119775
2023-04-05,84.117,119775
2023-04-06,84.689,119775
2023-04-10,84.859,119775
2023-04-11,84.944,119775
2023-04-12,85.221,119775
2023-04-13,85.382,119775
2023-04-17,85.514,119775
2023-04-18,85.801,119775
2023-04-19,85.489,119775
2023-04-20,85.672,119775
2023-04-21,85.484,119775
2023-04-24,85.657,119775
2023-04-25,85.519,119775
2023-04-26,85.405,119775
2023-04-27,85.697,119775
2023-04-28,86.591,119775
2023-05-02,86.798,119775
2023-05-03,86.888,119775
2023-05-04,87.622,119775
2023-05-05,87.088,119775
2023-05-08,87.737,119775
2023-05-09,87.81,119775
2023-05-10,87.795,119775
2023-05-11,88.119,119775
2023-05-12,88.042,119775
2023-05-15,88.356,119775
2023-05-16,88.47,119775
2023-05-17,88.46,119775
2023-05-18,87.821,119775
2023-05-19,87.951,119775
2023-05-22,88.44,119775
2023-05-23,88.825,119775
2023-05-24,88.609,119775
2023-05-25,89.053,119775
2023-05-26,89.718,119775
2023-05-29,90.073,119775
2023-05-30,90.364,119775
2023-05-31,90.639,119775
2023-06-01,90.693,119775
2023-06-02,91.002,119775
2023-06-05,91.33,119775
2023-06-06,91.541,119775
2023-06-07,92.434,119775
2023-06-08,91.945,119775
2023-06-09,91.734,119775
2023-06-12,92.222,119775
2023-06-13,93.114,119775
2023-06-14,93.48,119775
2023-06-15,93.372,119775
2023-06-16,94.178,119775
2023-06-19,94.221,119775
2023-06-20,94.723,119775
2023-06-21,94.97,119775
2023-06-22,94.683,119775
2023-06-23,93.626,119775
2023-06-26,94.106,119775
2023-06-27,94.205,119775
2023-06-28,94.548,119775
2023-06-30,95.149,119775
2023-07-03,95.031,119775
2023-07-04,94.969,119775
2023-07-05,95.289,119775
2023-07-06,95.896,119775
2023-07-07,95.123,119775
2023-07-10,94.774,119775
2023-07-11,95.271,119775
2023-07-12,95.583,119775
2023-07-13,95.411,119775
2023-07-14,96.13,119775
2023-07-17,96.901,119775
2023-07-18,96.907,119775
2023-07-19,97.396,119775
2023-07-20,97.303,119775
2023-07-21,97.221,119775
2023-07-24,97.145,119775
2023-07-25,97.737,119775
2023-07-26,97.749,119775
2023-07-27,97.615,119775
2023-07-28,97.775,119775
2023-07-31,99.06,119775
2023-08-01,99.363,119775
2023-08-02,98.328,119775
2023-08-03,97.948,119775
2023-08-04,98.686,119775
2023-08-07,99.011,119775
2023-08-08,99.31,119775
2023-08-09,99.788,119775
2023-08-10,99.655,119775
2023-08-11,99.769,119775
2023-08-14,99.418,119775
2023-08-16,99.606,119775
2023-08-17,99.938,119775
2023-08-18,99.918,119775
2023-08-21,100.458,119775
2023-08-22,101.021,119775
2023-08-23,101.262,119775
2023-08-24,101.626,119775
2023-08-25,101.066,119775
2023-08-28,101.694,119775
2023-08-29,102.125,119775
2023-08-30,102.458,119775
2023-08-31,102.532,119775
2023-09-01,102.987,119775
2023-09-04,103.561,119775
2023-09-05,104.577,119775
2023-09-06,104.817,119775
2023-09-07,105.138,119775
2023-09-08,105.713,119775
2023-09-11,106.469,119775
2023-09-12,104.107,119775
2023-09-13,103.849,119775
2023-09-14,104.358,119775
2023-09-15,104.226,119775
2023-09-18,104.008,119775
2023-09-20,103.729,119775
2023-09-21,102.867,119775
2023-09-22,102.746,119775
2023-09-25,103.311,119775
2023-09-26,103.213,119775
2023-09-27,103.858,119775
2023-09-29,103.939,119775
2023-10-03,104.114,119775
2023-10-04,103.035,119775
2023-10-05,103.022,119775
2023-10-06,103.546,119775
2023-10-09,102.602,119775
2023-10-10,103.574,119775
2023-10-11,104.25,119775
2023-10-12,104.483,119775
2023-10-13,104.313,119775
2023-10-16,104.543,119775
2023-10-17,105.465,119775
2023-10-18,105.196,119775
2023-10-19,105.04,119775
2023-10-20,104.358,119775
2023-10-23,102.091,119775
2023-10-25,102.01,119775
2023-10-26,100.852,119775
2023-10-27,101.9,119775
2023-10-30,101.998,119775
2023-10-31,101.902,119775
2023-11-01,101.847,119775
2023-11-02,102.406,119775
2023-11-03,103.284,119775
2023-11-06,104.257,119775
2023-11-07,104.627,119775
2023-11-08,105.591,119775
2023-11-09,105.364,119775
2023-11-10,105.418,119775
2023-11-13,105.723,119775
2023-11-15,106.589,119775
2023-11-16,107.141,119775
2023-11-17,107.634,119775
2023-11-20,107.253,119775
2023-11-21,107.431,119775
2023-11-22,107.088,119775
2023-11-23,107.381,119775
2023-11-24,107.403,119775
2023-11-28,107.471,119775
2023-11-29,108.116,119775
2023-11-30,109.04,119775
2023-12-01,109.694,119775
2023-12-04,110.779,119775
2023-12-05,111.011,119775
2023-12-06,111.072,119775
2023-12-07,111.283,119775
2023-12-08,110.916,119775
2023-12-11,111.723,119775
2023-12-12,110.75,119775
2023-12-13,111.123,119775
2023-12-14,112.151,119775
2023-12-15,112.878,119775
2023-12-18,113.251,119775
2023-12-19,113.076,119775
2023-12-20,110.921,119775
2023-12-21,111.661,119775
2023-12-22,112.754,119775
2023-12-26,113.278,119775
2023-12-27,113.502,119775
2023-12-28,113.88,119775
2023-12-29,114.341,119775
2024-01-01,114.351,119775
2024-01-02,113.922,119775
2024-01-03,113.987,119775
2024-01-04,114.698,119775
2024-01-05,115.169,119775
2024-01-08,114.225,119775
2024-01-09,114.504,119775
2024-01-10,114.767,119775
2024-01-11,115.859,119775
2024-01-12,116.154,119775
2024-01-15,116.337,119775
2024-01-16,115.84,119775
2024-01-17,114.464,119775
2024-01-18,114.004,119775
2024-01-19,114.969,119775
2024-01-23,112.634,119775
2024-01-24,113.722,119775
2024-01-25,112.943,119775
2024-01-29,114.285,119775
2024-01-30,113.553,119775
2024-01-31,115.225,119775
2024-02-01,114.505,119775
2024-02-02,115.018,119775
2024-02-05,115.037,119775
2024-02-06,116.434,119775
2024-02-07,116.866,119775
2024-02-08,116.452,119775
2024-02-09,115.704,119775
2024-02-12,113.733,119775
2024-02-13,114.082,119775
2024-02-14,114.691,119775
2024-02-15,115.582,119775
2024-02-16,116.809,119775
2024-02-19,117.195,119775
2024-02-20,116.929,119775
2024-02-21,116.18,119775
2024-02-22,117.122,119775
2024-02-23,117.847,119775
2024-02-26,117.503,119775
2024-02-27,117.628,119775
2024-02-28,116.221,119775
2024-02-29,117.03,119775
2024-03-01,117.856,119775
2024-03-04,118.512,119775
2024-03-05,118.148,119775
2024-03-06,117.235,119775
2024-03-07,117.644,119775
2024-03-11,117.294,119775
2024-03-12,116.131,119775
2024-03-13,112.646,119775
2024-03-14,114.566,119775
2024-03-15,114.247,119775
2024-03-18,113.975,119775
2024-03-19,112.829,119775
2024-03-20,113.059,119775
2024-03-21,115.565,119775
2024-03-22,116.063,119775
2024-03-26,116.594,119775
2024-03-27,116.734,119775
2024-03-28,117.02,119775
2024-03-31,117.018,119775
2024-04-01,118.901,119775
2024-04-02,120.234,119775
2024-04-03,120.935,119775
2024-04-04,121.073,119775
2024-04-05,121.893,119775
2024-04-08,122.378,119775
2024-04-09,122.076,119775
2024-04-10,122.637,119775
2024-04-12,122.314,119775
2024-04-15,121.085,119775
2024-04-16,121.487,119775
2024-04-18,121.357,119775
2024-04-19,121.132,119775
2024-04-22,121.552,119775
2024-04-23,121.994,119775
2024-04-24,122.564,119775
2024-04-25,122.766,119775
2024-04-26,123.726,119775
2024-04-29,124.818,119775
2024-04-30,125.74,119775
2024-05-02,126.212,119775
2024-05-03,126.186,119775
2024-05-06,125.857,119775
2024-05-07,124.079,119775
2024-05-08,125.373,119775
2024-05-09,123.591,119775
2024-05-10,124.33,119775
2024-05-13,124.714,119775
2024-05-14,125.634,119775
2024-05-15,127.194,119775
2024-05-16,129.321,119775
2024-05-17,131.366,119775
2024-05-21,132.291,119775
2024-05-22,132.847,119775
2024-05-23,133.825,119775
2024-05-24,134.224,119775
2024-05-27,135.162,119775
2024-05-28,134.951,119775
2024-05-29,134.402,119775
2024-05-30,132.652,119775
2024-05-31,132.437,119775
2024-06-03,136.402,119775
2024-06-04,127.38,119775
2024-06-05,131.831,119775
2024-06-06,134.855,119775
2024-06-07,136.764,119775
2024-06-10,137.643,119775
2024-06-11,138.805,119775
2024-06-12,140.308,119775
2024-06-13,141.686,119775
2024-06-14,143.555,119775
2024-06-18,145.025,119775
2024-06-19,143.758,119775
2024-06-20,144.652,119775
2024-06-21,144.111,119775
2024-06-24,144.801,119775
2024-06-25,144.89,119775
2024-06-26,144.47,119775
2024-06-27,144.436,119775
2024-06-28,145.112,119775
2024-07-01,146.633,119775
2024-07-02,146.642,119775
2024-07-03,148.321,119775
2024-07-04,148.922,119775
2024-07-05,149.341,119775
2024-07-08,148.494,119775
2024-07-09,149.152,119775
2024-07-10,148.658,119775
2024-07-11,148.899,119775
2024-07-12,149.228,119775
2024-07-15,149.988,119775
2024-07-16,150.072,119775
2024-07-18,148.826,119775
2024-07-19,145.728,119775
2024-07-22,147.424,119775
2024-07-23,146.907,119775
2024-07-24,147.695,119775
2024-07-25,147.467,119775
2024-07-26,150.487,119775
2024-07-29,151.568,119775
2024-07-30,151.712,119775
2024-07-31,152.074,119775
2024-08-01,151.367,119775
2024-08-02,149.057,119775
2024-08-05,143.926,119775
2024-08-06,143.34,119775
2024-08-07,146.481,119775
2024-08-08,146.071,119775
2024-08-09,147.568,119775
2024-08-12,147.955,119775
2024-08-13,147.292,119775
2024-08-14,146.837,119775
2024-08-16,149.446,119775
2024-08-19,149.405,119775
2024-08-20,150.298,119775
2024-08-21,151.232,119775
2024-08-22,151.879,119775
2024-08-23,151.274,119775
2024-08-26,151.981,119775
2024-08-27,152.445,119775
2024-08-28,152.514,119775
2024-08-29,152.352,119775
2024-08-30,153.603,119775
2024-09-02,153.428,119775
2024-09-03,154.487,119775
2024-09-04,154.226,119775
2024-09-05,154.604,119775
2024-09-06,152.594,119775
2024-09-09,152.416,119775
2024-09-10,153.459,119775
2024-09-11,152.8,119775
2024-09-12,154.431,119775
2024-09-13,156.121,119775
2024-09-16,156.029,119775
2024-09-17,156.048,119775
2024-09-18,154.311,119775
2024-09-19,153.837,119775
2024-09-20,155.218,119775
2024-09-23,156.542,119775
2024-09-24,156.941,119775
2024-09-25,156.207,119775
2024-09-26,156.587,119775
2024-09-27,157.293,119775
2024-09-30,156.825,119775
2024-10-01,157.362,119775
2024-10-03,153.928,119775
2024-10-04,152.631,119775
2024-10-07,150.005,119775
2024-10-08,152.73,119775
2024-10-09,154.592,119775
2024-10-10,154.269,119775
2024-10-11,155.061,119775
2024-10-14,156.561,119775
2024-10-15,157.232,119775
2024-10-16,156.859,119775
2024-10-17,154.806,119775
2024-10-18,155.571,119775
2024-10-21,153.549,119775
2024-10-22,149.528,119775
2024-10-23,151.379,119775
2024-10-24,150.45,119775
2024-10-25,148.644,119775
2024-10-28,149.259,119775
2024-10-29,150.391,119775
2024-10-30,150.149,119775
2024-10-31,149.849,119775
2024-11-04,148.941,119775
2024-11-05,149.83,119775
2024-11-06,153.141,119775
2024-11-07,152.321,119775
2024-11-08,151.019,119775
2024-11-11,151.062,119775
2024-11-12,150.058,119775
2024-11-13,146.919,119775
2024-11-14,148.065,119775
2024-11-18,146.791,119775
2024-11-19,148.218,119775
2024-11-21,147.636,119775
2024-11-22,149.498,119775
2024-11-25,151.507,119775
2024-11-26,151.388,119775
2024-11-27,151.773,119775
2024-11-28,151.222,119775
2024-11-29,152.614,119775
2024-12-02,153.946,119775
2024-12-03,155.289,119775
2024-12-04,156.288,119775
2024-12-05,156.263,119775
2024-12-06,157.005,119775
2024-12-09,157.753,119775
2024-12-10,157.894,119775
2024-12-11,158.238,119775
2024-12-12,157.269,119775
2024-12-13,157.27,119775
2024-12-16,158.494,119775
2024-12-17,157.261,119775
2024-12-18,156.791,119775
2024-12-19,156.729,119775
2024-12-20,153.579,119775
2024-12-23,153.684,119775
2024-12-24,153.941,119775
2024-12-26,154.066,119775
2024-12-27,154.178,119775
2024-12-30,154.239,119775
2024-12-31,154.38,119775
2025-01-01,155.098,119775
2025-01-02,156.565,119775
2025-01-03,156.085,119775
2025-01-06,152.899,119775
2025-01-07,154.278,119775
2025-01-08,152.537,119775
2025-01-09,151.397,119775
2025-01-10,149.094,119775
2025-01-13,142.868,119775
2025-01-14,144.438,119775
2025-01-15,145.053,119775
2025-01-16,145.907,119775
2025-01-17,145.317,119775
2025-01-20,145.733,119775
2025-01-21,142.799,119775
2025-01-22,141.061,119775
2025-01-23,144.159,119775
2025-01-24,141.518,119775
2025-01-27,137.215,119775
2025-01-28,135.606,119775
2025-01-29,139.253,119775
2025-01-30,139.331,119775
2025-01-31,141.194,119775
2025-02-03,139.297,119775
2025-02-04,141.12,119775
2025-02-05,142.607,119775
2025-02-06,141.493,119775
2025-02-07,142.063,119775
2025-02-10,139.475,119775
2025-02-11,135.673,119775
2025-02-12,134.604,119775
2025-02-13,134.596,119775
2025-02-14,131.254,119775
2025-02-17,131.121,119775
2025-02-18,130.683,119775
2025-02-19,132.35,119775
2025-02-20,133.991,119775
2025-02-21,132.522,119775
2025-02-24,130.766,119775
2025-02-25,130.13,119775
2025-02-27,128.047,119775
2025-02-28,125.416,119775
2025-03-03,126.45,119775
2025-03-04,126.814,119775
2025-03-05,129.862,119775
2025-03-06,130.816,119775
2025-03-07,130.304,119775
2025-03-10,128.784,119775
2025-03-11,128.836,119775
2025-03-12,128.261,119775
2025-03-13,127.674,119775
2025-03-17,128.746,119775
2025-03-18,131.706,119775
2025-03-19,133.599,119775
2025-03-20,134.464,119775
2025-03-21,135.876,119775
2025-03-24,137.682,119775
2025-03-25,136.791,119775
2025-03-26,135.425,119775
2025-03-27,136.669,119775
2025-03-28,136.352,119775
2025-03-31,136.348,119775
2025-04-01,134.386,119775
2025-04-02,135.643,119775
2025-04-03,135.044,119775
2025-04-04,131.54,119775
2025-04-07,126.854,119775
2025-04-08,129.541,119775
2025-04-09,128.495,119775
2025-04-11,131.379,119775
2025-04-15,135.225,119775
2025-04-16,136.099,119775
2025-04-17,136.612,119775
2025-04-21,138.944,119775
2025-04-22,140.112,119775
2025-04-23,140.963,119775
2025-04-24,140.867,119775
2025-04-25,138.115,119775
2025-04-28,139.613,119775
2025-04-29,139.984,119775
2025-04-30,139.499,119775
2025-05-02,139.252,119775
2025-05-05,140.905,119775
2025-05-06,138.915,119775
2025-05-07,140.603,119775
2025-05-08,138.721,119775
2025-05-09,138.958,119775
2025-05-12,143.334,119775
2025-05-13,143.603,119775
2025-05-14,145.133,119775
2025-05-15,146.698,119775
2025-05-16,147.698,119775
2025-05-19,148.019,119775
2025-05-20,146.044,119775
2025-05-21,147.008,119775
2025-05-22,147.023,119775
2025-05-23,147.717,119775
2025-05-26,148.604,119775
2025-05-27,148.814,119775
2025-05-28,149.485,119775
2025-05-29,149.918,119775
2025-05-30,149.472,119775
2025-06-02,149.782,119775
2025-06-03,149.796,119775
2025-06-04,151.42,119775
2025-06-05,152.289,119775
2025-06-06,153.174,119775
2025-06-09,154.38,119775
2025-06-10,154.78,119775
2025-06-11,155.044,119775
2025-06-12,153.138,119775
2025-06-13,152.921,119775
2025-06-16,153.885,119775
2025-06-17,153.613,119775
2025-06-18,153.14,119775
2025-06-19,151.523,119775
2025-06-20,153.173,119775
2025-06-23,153.683,119775
2025-06-24,155.055,119775
2025-06-25,156.039,119775
2025-06-26,156.723,119775
2025-06-27,157.461,119775
2025-06-30,158.359,119775
2025-07-01,157.662,119775
2025-07-02,157.923,119775
2025-07-03,158.341,119775
2025-07-04,157.857,119775
2025-07-07,157.586,119775
2025-07-08,157.949,119775
2025-07-09,158.286,119775
2025-07-10,157.672,119775
2025-07-11,156.43,119775
2025-07-14,157.154,119775
2025-07-15,158.426,119775
2025-07-16,158.67,119775
2025-07-17,158.785,119775
2025-07-18,157.99,119775
2025-07-21,159.002,119775
2025-07-22,159.064,119775
2025-07-23,159.235,119775
2025-07-24,159.385,119775
2025-07-25,156.991,119775
2025-07-28,155.67,119775
2025-07-29,157.691,119775
2025-07-30,158.265,119775
2025-07-31,157.63,119775
2025-08-01,155.876,119775
2025-08-04,157.048,119775
2025-08-05,157.187,119775
2025-08-06,155.8,119775
2025-08-07,155.955,119775
2025-08-08,154.631,119775
2025-08-11,155.603,119775
2025-08-12,155.322,119775
2025-08-13,156.17,119775
2025-08-14,156.109,119775
2025-08-18,157.776,119775
2025-08-19,158.802,119775
2025-08-20,159.686,119775
2025-08-21,159.365,119775
2025-08-22,159.235,119775
2025-08-25,159.209,119775
2025-08-26,157.265,119775
2025-08-28,155.764,119775
2025-08-29,155.127,119775
2025-09-01,157.667,119775
2025-09-02,157.685,119775
2025-09-03,158.396,119775
2025-09-04,157.602,119775
2025-09-05,157.3,119775
2025-09-08,157.405,119775
2025-09-09,157.637,119775
2025-09-10,159.041,119775
2025-09-11,158.776,119775
2025-09-12,159.006,119775
2025-09-15,159.433,119775
2025-09-16,161.065,119775
2025-09-17,161.785,119775
2025-09-18,162.226,119775
2025-09-19,162.75,119775
2025-09-22,161.559,119775
2025-09-23,161.083,119775
2025-09-24,159.831,119775
2025-09-25,158.81,119775
2025-09-26,155.692,119775
2025-09-30,156.998,119775
2025-10-01,158.072,119775
2025-10-03,159.424,119775
2025-10-06,161.247,119775
2025-10-07,161.665,119775
2025-10-08,160.821,119775
2025-10-09,161.533,119775
2025-10-10,161.519,119775
2025-10-13,161.618,119775
2025-10-14,160.377,119775
2025-10-15,161.589,119775
2025-10-16,162.181,119775
2025-10-17,161.303,119775
2025-10-20,161.481,119775
2025-10-23,160.757,119775
2025-10-24,160.724,119775
2025-10-27,162.05,119775
2025-10-28,161.789,119775
2025-10-29,162.789,119775
2025-10-30,162.261,119775
2025-10-31,160.771,119775
2025-11-03,161.986,119775
2025-11-04,160.906,119775
2025-11-06,158.85,119775
2025-11-07,159.433,119775
2025-11-10,159.826,119775
2025-11-11,160.154,119775
2025-11-12,161.041,119775
2025-11-13,160.298,119775
2025-11-14,160.391,119775
2025-11-17,161.077,119775
2025-11-18,159.998,119775
2025-11-19,160.724,119775
2025-11-20,160.885,119775
2025-11-21,158.539,119775
2025-11-24,158.123,119775
2025-11-25,158.089,119775
2025-11-26,160.254,119775
2025-11-27,159.531,119775
2025-11-28,159.594,119775
2025-12-01,159.306,119775
2025-12-02,158.789,119775
2025-12-03,157.533,119775
2025-12-04,157.664,119775
2025-12-05,157.951,119775
2025-12-08,155.418,119775
2025-12-09,156.452,119775
2025-12-10,155.339,119775
2025-12-11,156.691,119775
2025-12-12,158.202,119775
2025-12-15,158.068,119775
2025-12-16,157.013,119775
2025-12-17,156.014,119775
2025-12-18,156.05,119775
2025-12-19,157.979,119775
2025-12-22,159.316,119775
2025-12-23,159.795,119775
2025-12-24,159.272,119775
2025-12-26,158.503,119775
2025-12-29,157.793,119775
2025-12-30,156.869,119775
2025-12-31,158.834,119775
2026-01-01,159.248,119775
2026-01-02,160.329,119775
2026-01-05,160.5,119775
2026-01-06,160.259,119775
2026-01-07,161.381,119775
2026-01-08,158.658,119775
2026-01-09,157.179,119775
2026-01-12,156.183,119775
2026-01-13,156.213,119775
2026-01-14,156.219,119775
2026-01-16,156.12,119775
2026-01-19,155.001,119775
2026-01-20,151.474,119775
2026-01-21,150.016,119775
2026-01-22,151.404,119775
2026-01-23,149.4,119775
2026-01-27,149.821,119775
2026-01-28,152.316,119775
2026-01-29,152.913,119775
2026-01-30,153.607,119775
2026-02-02,152.47,119775
2026-02-03,157.304,119775
2026-02-04,157.917,119775
2026-02-05,157.398,119775
2026-02-06,157.348,119775
2026-02-09,160.443,119775
2026-02-10,160.884,119775
2026-02-11,161.182,119775
2026-02-12,160.398,119775
2026-02-13,158.524,119775
2026-02-16,159.053,119775
2026-02-17,159.806,119775
2026-02-18,160.832,119775
2026-02-19,158.016,119775
2026-02-20,158.61,119775
2026-02-23,159.407,119775
2026-02-24,158.851,119775
2026-02-25,160.09,119775
2026-02-26,161.183,119775
2026-02-27,159.422,119775
2026-03-02,157.214,119775
2026-03-04,153.708,119775
2026-03-05,155.862,119775
2026-03-06,154.947,119775
2026-03-09,151.698,119775
2026-03-10,153.708,119775
2026-03-11,151.759,119775
2026-03-12,151.348,119775
2026-03-13,147.135,119775
2026-03-16,146.356,119775
2026-03-17,148.018,119775
2026-03-18,150.824,119775
2026-03-19,146.404,119775
2026-03-20,146.765,119775
2026-03-23,141.582,119775
2026-03-24,144.863,119775
2026-03-25,148.436,119775
2026-03-27,145.7,119775
2026-03-30,142.194,119775
2026-03-31,142.194,119775
2026-04-01,145.035,119775
2026-04-02,144.661,119775
2026-04-06,146.516,119775
2026-04-07,147.145,119775
2026-04-08,152.335,119775
2026-04-09,152.88,119775
2026-04-10,155.462,119775
2026-04-13,154.381,119775
2026-04-15,157.823,119775
2026-04-16,158.951,119775
2026-04-17,160.676,119775
2026-04-20,160.979,119775
2026-04-21,162.294,119775
2026-04-22,162.745,119775
2026-04-23,162.538,119775
2026-04-24,161.262,119775
2026-04-27,163.247,119775
2026-04-28,162.786,119775
2026-04-29,162.407,119775
2026-04-30,160.518,119775
2026-05-04,162.223,119775
2026-05-05,162.477,119775
2026-05-06,164.967,119775
2026-05-07,166.001,119775
2026-05-08,165.582,119775
2026-05-11,163.561,119775
2026-05-12,159.363,119775
2026-05-13,159.942,119775
2026-05-14,161.254,119775
2026-05-15,160.712,119775
2026-05-18,160.431,119775
2026-05-19,161.586,119775
2026-05-20,161.99,119775
2026-05-21,162.592,119775
2026-05-22,162.551,119775
2026-05-25,164.01,119775
2026-05-26,164.034,119775
2026-05-27,164.772,119775
2026-05-29,162.367,119775
2026-06-01,160.429,119775
2026-06-02,161.463,119775
2026-06-03,161.201,119775
2026-06-04,162.148,119775
2026-06-05,162.614,119775
2026-06-08,160.189,119775
2026-06-09,162.509,119775
2026-06-10,161.134,119775
2026-06-11,159.759,119775
2026-06-12,163.466,119775
2026-06-15,166.019,119775
2026-06-16,166.467,119775
2026-06-17,167.965,119775
2026-06-18,168.241,119775
2026-06-19,169.553,119775
2026-06-22,170.004,119775
2026-06-23,169.097,119775
2026-06-24,169.105,119775
2026-06-25,168.272,119775
2026-06-29,167.143,119775
2026-06-30,168.093,119775
2026-07-01,168.007,119775
2026-07-02,169.817,119775
2026-07-03,169.953,119775
2026-07-06,170.905,119775
2026-07-07,170.626,119775
2026-07-08,167.202,119775
2026-07-09,169.51,119775
2026-07-10,172.034,119775
2026-07-13,171.782,119775
2026-07-14,170.817,119775
2026-07-15,171.968,119775
2026-07-16,171.107,119775
2026-07-17,171.164,119775
2026-07-20,171.832,119775
2026-07-21,172.431,119775
2026-07-22,170.183,119775
2026-07-23,168.481,119775
2026-07-24,168.139,119775
2013-01-02,15.0253,120503
2013-01-03,15.0737,120503
2013-01-04,15.0702,120503
2013-01-07,15.0913,120503
2013-01-08,15.1146,120503
2013-01-09,15.0517,120503
2013-01-10,15.0619,120503
2013-01-11,14.8886,120503
2013-01-14,14.9767,120503
2013-01-15,14.9813,120503
2013-01-16,14.8752,120503
2013-01-17,14.8214,120503
2013-01-18,14.7954,120503
2013-01-21,14.7538,120503
2013-01-22,14.7072,120503
2013-01-23,14.6961,120503
2013-01-24,14.6124,120503
2013-01-25,14.7695,120503
2013-01-28,14.7769,120503
2013-01-29,14.7946,120503
2013-01-30,14.7706,120503
2013-01-31,14.7326,120503
2013-02-01,14.6961,120503
2013-02-04,14.7065,120503
2013-02-05,14.6435,120503
2013-02-06,14.7026,120503
2013-02-07,14.6822,120503
2013-02-08,14.6145,120503
2013-02-11,14.5489,120503
2013-02-12,14.5546,120503
2013-02-13,14.6106,120503
2013-02-14,14.5047,120503
2013-02-15,14.4666,120503
2013-02-18,14.4915,120503
2013-02-19,14.6114,120503
2013-02-20,14.6159,120503
2013-02-21,14.4163,120503
2013-02-22,14.4423,120503
2013-02-25,14.401,120503
2013-02-26,14.2049,120503
2013-02-27,14.2879,120503
2013-02-28,14.1092,120503
2013-03-01,14.238,120503
2013-03-04,14.1535,120503
2013-03-05,14.3051,120503
2013-03-06,14.3669,120503
2013-03-07,14.4921,120503
2013-03-08,14.6971,120503
2013-03-11,14.7309,120503
2013-03-12,14.69,120503
2013-03-13,14.5384,120503
2013-03-14,14.6688,120503
2013-03-15,14.6503,120503
2013-03-18,14.5716,120503
2013-03-19,14.3756,120503
2013-03-20,14.1918,120503
2013-03-21,14.1287,120503
2013-03-22,14.0638,120503
2013-03-25,14.0211,120503
2013-03-26,14.0945,120503
2013-03-28,14.1991,120503
2013-04-01,14.231,120503
2013-04-02,14.3768,120503
2013-04-03,14.2929,120503
2013-04-04,14.0601,120503
2013-04-05,14.0479,120503
2013-04-07,0.0,120503
2013-04-08,14.0224,120503
2013-04-09,13.9389,120503
2013-04-10,13.9826,120503
2013-04-11,14.0994,120503
2013-04-12,14.0426,120503
2013-04-15,13.985,120503
2013-04-16,14.2436,120503
2013-04-17,14.267,120503
2013-04-18,14.4401,120503
2013-04-22,14.6259,120503
2013-04-23,14.5801,120503
2013-04-25,14.7586,120503
2013-04-26,14.7058,120503
2013-04-29,14.8289,120503
2013-04-30,14.8945,120503
2013-05-02,15.1032,120503
2013-05-03,15.0518,120503
2013-05-06,15.1497,120503
2013-05-07,15.2704,120503
2013-05-08,15.3597,120503
2013-05-09,15.2634,120503
2013-05-10,15.3358,120503
2013-05-13,15.1284,120503
2013-05-14,15.2336,120503
2013-05-15,15.5617,120503
2013-05-16,15.5917,120503
2013-05-17,15.6811,120503
2013-05-20,15.5963,120503
2013-05-21,15.4753,120503
2013-05-22,15.4089,120503
2013-05-23,15.2194,120503
2013-05-24,15.3594,120503
2013-05-27,15.508,120503
2013-05-28,15.5632,120503
2013-05-29,15.5996,120503
2013-05-30,15.6604,120503
2013-05-31,15.4335,120503
2013-06-03,15.2578,120503
2013-06-04,15.2142,120503
2013-06-05,15.2456,120503
2013-06-06,15.2391,120503
2013-06-07,15.2015,120503
2013-06-10,15.1368,120503
2013-06-11,14.9065,120503
2013-06-12,14.8527,120503
2013-06-13,14.6936,120503
2013-06-14,14.8852,120503
2013-06-17,14.9613,120503
2013-06-18,14.9532,120503
2013-06-19,15.0209,120503
2013-06-20,14.7284,120503
2013-06-21,14.7306,120503
2013-06-24,14.4707,120503
2013-06-25,14.4939,120503
2013-06-26,14.4661,120503
2013-06-27,14.5856,120503
2013-06-28,14.9322,120503
2013-07-01,15.0643,120503
2013-07-02,15.0405,120503
2013-07-03,14.8874,120503
2013-07-04,15.0843,120503
2013-07-05,15.1472,120503
2013-07-08,15.0639,120503
2013-07-09,15.2741,120503
2013-07-10,15.273,120503
2013-07-11,15.4709,120503
2013-07-12,15.6022,120503
2013-07-15,15.661,120503
2013-07-16,15.4107,120503
2013-07-17,15.3551,120503
2013-07-18,15.4558,120503
2013-07-19,15.3425,120503
2013-07-22,15.3172,120503
2013-07-23,15.3502,120503
2013-07-24,15.1837,120503
2013-07-25,15.0259,120503
2013-07-26,15.025,120503
2013-07-29,14.9306,120503
2013-07-30,14.806,120503
2013-07-31,14.7567,120503
2013-08-01,14.7515,120503
2013-08-02,14.6639,120503
2013-08-05,14.6753,120503
2013-08-06,14.3633,120503
2013-08-07,14.2345,120503
2013-08-08,14.3894,120503
2013-08-12,14.5806,120503
2013-08-13,14.7677,120503
2013-08-14,14.803,120503
2013-08-16,14.3818,120503
2013-08-19,14.102,120503
2013-08-20,13.9956,120503
2013-08-21,13.8249,120503
2013-08-22,13.8944,120503
2013-08-23,14.066,120503
2013-08-26,14.1695,120503
2013-08-27,13.7614,120503
2013-08-28,13.6318,120503
2013-08-29,13.8991,120503
2013-08-30,14.1497,120503
2013-09-02,14.2365,120503
2013-09-03,13.9014,120503
2013-09-04,14.0106,120503
2013-09-05,14.3129,120503
2013-09-06,14.4284,120503
2013-09-10,14.8613,120503
2013-09-11,14.9458,120503
2013-09-12,14.8835,120503
2013-09-13,14.8914,120503
2013-09-16,14.8783,120503
2013-09-17,14.9042,120503
2013-09-18,14.9935,120503
2013-09-19,15.3962,120503
2013-09-20,15.2064,120503
2013-09-23,14.9949,120503
2013-09-24,15.0645,120503
2013-09-25,14.9967,120503
2013-09-26,14.9804,120503
2013-09-27,14.9389,120503
2013-09-30,14.8343,120503
2013-10-01,14.9575,120503
2013-10-03,15.1916,120503
2013-10-04,15.2672,120503
2013-10-07,15.3439,120503
2013-10-08,15.3869,120503
2013-10-09,15.6088,120503
2013-10-10,15.6447,120503
2013-10-11,15.7415,120503
2013-10-14,15.7324,120503
2013-10-15,15.679,120503
2013-10-17,15.5453,120503
2013-10-18,15.7809,120503
2013-10-21,15.8894,120503
2013-10-22,15.877,120503
2013-10-23,15.8677,120503
2013-10-24,15.9415,120503
2013-10-25,15.8675,120503
2013-10-28,15.8194,120503
2013-10-29,16.1585,120503
2013-10-30,16.1802,120503
2013-10-31,16.2736,120503
2013-11-01,16.2955,120503
2013-11-05,16.2853,120503
2013-11-06,16.3485,120503
2013-11-07,16.3104,120503
2013-11-08,16.2705,120503
2013-11-11,16.24,120503
2013-11-12,16.237,120503
2013-11-13,16.17,120503
2013-11-14,16.2613,120503
2013-11-18,16.5226,120503
2013-11-19,16.5334,120503
2013-11-20,16.444,120503
2013-11-21,16.1933,120503
2013-11-22,16.2897,120503
2013-11-25,16.5718,120503
2013-11-26,16.6084,120503
2013-11-27,16.6986,120503
2013-11-28,16.7602,120503
2013-11-29,16.8709,120503
2013-12-02,17.0194,120503
2013-12-03,17.0192,120503
2013-12-04,16.8619,120503
2013-12-05,16.979,120503
2013-12-06,17.0086,120503
2013-12-09,17.1451,120503
2013-12-10,17.1309,120503
2013-12-11,17.1614,120503
2013-12-12,17.1221,120503
2013-12-13,16.9744,120503
2013-12-16,16.9674,120503
2013-12-17,16.9528,120503
2013-12-18,17.1442,120503
2013-12-19,17.1041,120503
2013-12-20,17.3408,120503
2013-12-23,17.3223,120503
2013-12-24,17.2848,120503
2013-12-26,17.2918,120503
2013-12-27,17.4295,120503
2013-12-30,17.3906,120503
2013-12-31,17.4279,120503
2014-01-01,17.4606,120503
2014-01-02,17.2465,120503
2014-01-03,17.3062,120503
2014-01-06,17.3726,120503
2014-01-07,17.3428,120503
2014-01-08,17.4401,120503
2014-01-09,17.3968,120503
2014-01-10,17.347,120503
2014-01-13,17.4915,120503
2014-01-14,17.4504,120503
2014-01-15,17.6156,120503
2014-01-16,17.5559,120503
2014-01-17,17.2904,120503
2014-01-20,17.432,120503
2014-01-21,17.4136,120503
2014-01-22,17.4253,120503
2014-01-23,17.459,120503
2014-01-24,17.2293,120503
2014-01-27,16.949,120503
2014-01-28,16.9029,120503
2014-01-29,16.9315,120503
2014-01-30,16.8303,120503
2014-01-31,16.9655,120503
2014-02-03,16.8643,120503
2014-02-04,16.886,120503
2014-02-05,16.9623,120503
2014-02-06,16.9746,120503
2014-02-07,17.0349,120503
2014-02-10,17.0094,120503
2014-02-11,17.0838,120503
2014-02-12,17.1504,120503
2014-02-13,16.9622,120503
2014-02-14,17.0933,120503
2014-02-17,17.1245,120503
2014-02-18,17.3448,120503
2014-02-19,17.4558,120503
2014-02-20,17.3602,120503
2014-02-21,17.534,120503
2014-02-24,17.6829,120503
2014-02-25,17.7507,120503
2014-02-26,17.8435,120503
2014-02-28,17.9986,120503
2014-03-03,17.9248,120503
2014-03-04,18.0637,120503
2014-03-05,18.1757,120503
2014-03-06,18.338,120503
2014-03-07,18.4912,120503
2014-03-10,18.5498,120503
2014-03-11,18.5457,120503
2014-03-12,18.6535,120503
2014-03-13,18.6354,120503
2014-03-14,18.6636,120503
2014-03-18,18.7905,120503
2014-03-19,18.8426,120503
2014-03-20,18.8054,120503
2014-03-21,18.8267,120503
2014-03-24,19.0559,120503
2014-03-25,19.1559,120503
2014-03-26,19.1321,120503
2014-03-27,19.1714,120503
2014-03-28,19.3006,120503
2014-03-31,19.4192,120503
2014-04-01,19.2809,120503
2014-04-02,19.3511,120503
2014-04-03,19.3331,120503
2014-04-04,19.2274,120503
2014-04-07,19.227,120503
2014-04-09,19.4787,120503
2014-04-10,19.5023,120503
2014-04-11,19.4665,120503
2014-04-15,19.4304,120503
2014-04-16,19.2266,120503
2014-04-17,19.4383,120503
2014-04-21,19.5891,120503
2014-04-22,19.6741,120503
2014-04-23,19.8523,120503
2014-04-25,19.6863,120503
2014-04-28,19.7565,120503
2014-04-29,19.6588,120503
2014-04-30,19.5769,120503
2014-05-02,19.6001,120503
2014-05-05,19.615,120503
2014-05-06,19.6623,120503
2014-05-07,19.6396,120503
2014-05-08,19.706,120503
2014-05-09,20.0994,120503
2014-05-12,20.4204,120503
2014-05-13,20.553,120503
2014-05-14,20.4753,120503
2014-05-15,20.4944,120503
2014-05-16,20.6892,120503
2014-05-19,20.9973,120503
2014-05-20,21.1322,120503
2014-05-21,21.2438,120503
2014-05-22,21.4746,120503
2014-05-23,21.6334,120503
2014-05-26,21.5244,120503
2014-05-27,21.5816,120503
2014-05-28,21.5662,120503
2014-05-29,21.443,120503
2014-05-30,21.5867,120503
2014-06-02,21.9387,120503
2014-06-03,22.1067,120503
2014-06-04,22.2,120503
2014-06-05,22.3183,120503
2014-06-06,22.532,120503
2014-06-09,22.7465,120503
2014-06-10,22.9365,120503
2014-06-11,22.7528,120503
2014-06-12,22.9122,120503
2014-06-13,22.6572,120503
2014-06-16,22.6519,120503
2014-06-17,22.962,120503
2014-06-18,22.9573,120503
2014-06-19,22.8413,120503
2014-06-20,22.712,120503
2014-06-23,22.735,120503
2014-06-24,22.868,120503
2014-06-25,22.8644,120503
2014-06-26,22.8592,120503
2014-06-27,23.056,120503
2014-06-30,23.4051,120503
2014-07-01,23.6544,120503
2014-07-02,24.016,120503
2014-07-03,24.1979,120503
2014-07-04,24.2967,120503
2014-07-07,24.275,120503
2014-07-08,23.7186,120503
2014-07-09,23.4313,120503
2014-07-10,23.5146,120503
2014-07-11,23.2346,120503
2014-07-14,23.2051,120503
2014-07-15,23.6,120503
2014-07-16,23.901,120503
2014-07-17,24.2263,120503
2014-07-18,24.2664,120503
2014-07-21,24.3276,120503
2014-07-22,24.4144,120503
2014-07-23,24.3382,120503
2014-07-24,24.3907,120503
2014-07-25,24.4078,120503
2014-07-28,24.379,120503
2014-07-30,24.4922,120503
2014-07-31,24.3442,120503
2014-08-01,23.9306,120503
2014-08-04,24.1119,120503
2014-08-05,24.3007,120503
2014-08-06,24.2479,120503
2014-08-07,24.1782,120503
2014-08-08,23.8891,120503
2014-08-11,24.0808,120503
2014-08-12,24.3387,120503
2014-08-13,24.3864,120503
2014-08-14,24.5198,120503
2014-08-18,24.7553,120503
2014-08-19,25.0309,120503
2014-08-20,25.1107,120503
2014-08-21,25.2649,120503
2014-08-22,25.3697,120503
2014-08-25,25.5033,120503
2014-08-26,25.4898,120503
2014-08-27,25.6423,120503
2014-08-28,25.6427,120503
2014-09-01,25.8567,120503
2014-09-02,26.1127,120503
2014-09-03,26.2996,120503
2014-09-04,26.3266,120503
2014-09-05,26.3654,120503
2014-09-08,26.6756,120503
2014-09-09,26.7198,120503
2014-09-10,26.6955,120503
2014-09-11,26.9513,120503
2014-09-12,27.0259,120503
2014-09-15,26.9339,120503
2014-09-16,26.2875,120503
2014-09-17,26.304,120503
2014-09-18,26.7414,120503
2014-09-19,26.9457,120503
2014-09-22,26.8572,120503
2014-09-23,26.4886,120503
2014-09-24,26.3201,120503
2014-09-25,26.0441,120503
2014-09-26,26.1973,120503
2014-09-29,26.3527,120503
2014-09-30,26.5027,120503
2014-10-01,26.4262,120503
2014-10-07,26.1357,120503
2014-10-08,26.0109,120503
2014-10-09,26.3647,120503
2014-10-10,25.9356,120503
2014-10-13,26.1395,120503
2014-10-14,26.0296,120503
2014-10-16,25.544,120503
2014-10-17,25.5407,120503
2014-10-20,25.9058,120503
2014-10-21,26.2067,120503
2014-10-22,26.5601,120503
2014-10-27,26.8094,120503
2014-10-28,26.971,120503
2014-10-29,27.0544,120503
2014-10-30,27.2917,120503
2014-10-31,27.7075,120503
2014-11-03,27.7722,120503
2014-11-05,27.8847,120503
2014-11-07,28.0049,120503
2014-11-10,28.0042,120503
2014-11-11,28.2391,120503
2014-11-12,28.3193,120503
2014-11-13,28.3492,120503
2014-11-14,28.4932,120503
2014-11-17,28.6139,120503
2014-11-18,28.71,120503
2014-11-19,28.7373,120503
2014-11-20,28.8198,120503
2014-11-21,28.9801,120503
2014-11-24,29.0243,120503
2014-11-25,28.7035,120503
2014-11-26,28.7161,120503
2014-11-27,28.7032,120503
2014-11-28,29.0311,120503
2014-12-01,28.983,120503
2014-12-02,29.0315,120503
2014-12-03,29.2435,120503
2014-12-04,29.3911,120503
2014-12-05,29.3389,120503
2014-12-08,29.1879,120503
2014-12-09,28.8865,120503
2014-12-10,28.8866,120503
2014-12-11,28.9082,120503
2014-12-12,28.6958,120503
2014-12-15,28.6602,120503
2014-12-16,28.1571,120503
2014-12-17,27.9985,120503
2014-12-18,28.6529,120503
2014-12-19,28.794,120503
2014-12-22,29.0177,120503
2014-12-23,28.9268,120503
2014-12-24,28.7047,120503
2014-12-26,28.8359,120503
2014-12-29,29.0845,120503
2014-12-30,29.1987,120503
2014-12-31,29.4276,120503
2015-01-01,29.5761,120503
2015-01-02,29.9872,120503
2015-01-05,29.9841,120503
2015-01-06,29.2677,120503
2015-01-07,29.2748,120503
2015-01-08,29.7028,120503
2015-01-09,29.8206,120503
2015-01-12,30.0342,120503
2015-01-13,30.0581,120503
2015-01-14,30.1817,120503
2015-01-15,30.6178,120503
2015-01-16,30.8147,120503
2015-01-19,30.9549,120503
2015-01-20,31.0859,120503
2015-01-21,31.1253,120503
2015-01-22,31.1537,120503
2015-01-23,31.2909,120503
2015-01-27,31.7096,120503
2015-01-28,31.6708,120503
2015-01-29,31.5677,120503
2015-01-30,31.2553,120503
2015-02-02,31.3209,120503
2015-02-03,31.1223,120503
2015-02-04,30.8819,120503
2015-02-05,30.8805,120503
2015-02-06,30.5713,120503
2015-02-09,30.2365,120503
2015-02-10,30.3335,120503
2015-02-11,30.7771,120503
2015-02-12,31.1078,120503
2015-02-13,31.418,120503
2015-02-16,31.4458,120503
2015-02-18,31.8978,120503
2015-02-19,31.9522,120503
2015-02-20,31.7886,120503
2015-02-23,31.6449,120503
2015-02-24,31.6726,120503
2015-02-25,31.5283,120503
2015-02-26,31.1419,120503
2015-02-27,31.61,120503
2015-03-02,32.332,120503
2015-03-03,32.7511,120503
2015-03-04,32.6889,120503
2015-03-05,33.0907,120503
2015-03-09,32.6533,120503
2015-03-10,32.4392,120503
2015-03-11,32.4226,120503
2015-03-12,32.6953,120503
2015-03-13,32.3025,120503
2015-03-16,32.2082,120503
2015-03-17,32.5896,120503
2015-03-18,32.5553,120503
2015-03-19,32.4866,120503
2015-03-20,32.3691,120503
2015-03-23,32.2228,120503
2015-03-24,32.1688,120503
2015-03-25,31.8863,120503
2015-03-26,31.3885,120503
2015-03-27,31.4144,120503
2015-03-30,31.906,120503
2015-03-31,31.9463,120503
2015-04-01,32.3301,120503
2015-04-06,32.6869,120503
2015-04-07,32.6857,120503
2015-04-08,32.9273,120503
2015-04-09,33.1982,120503
2015-04-10,33.136,120503
2015-04-13,33.2823,120503
2015-04-15,33.0515,120503
2015-04-16,32.8264,120503
2015-04-17,32.3058,120503
2015-04-20,31.8738,120503
2015-04-21,31.5093,120503
2015-04-22,31.5142,120503
2015-04-23,31.4737,120503
2015-04-24,30.8648,120503
2015-04-27,30.3803,120503
2015-04-28,30.6372,120503
2015-04-29,30.829,120503
2015-04-30,30.8966,120503
2015-05-04,31.2359,120503
2015-05-05,31.3228,120503
2015-05-06,30.494,120503
2015-05-07,30.1706,120503
2015-05-08,30.7078,120503
2015-05-11,31.2258,120503
2015-05-12,30.732,120503
2015-05-13,31.1284,120503
2015-05-14,31.1969,120503
2015-05-15,31.4703,120503
2015-05-18,31.7115,120503
2015-05-19,31.6987,120503
2015-05-20,31.865,120503
2015-05-21,31.9179,120503
2015-05-22,32.0902,120503
2015-05-25,31.9221,120503
2015-05-26,31.7168,120503
2015-05-27,31.4793,120503
2015-05-28,31.3662,120503
2015-05-29,31.8416,120503
2015-06-01,31.6586,120503
2015-06-02,31.1166,120503
2015-06-03,30.7576,120503
2015-06-04,30.815,120503
2015-06-05,30.7798,120503
2015-06-08,30.4278,120503
2015-06-09,30.29,120503
2015-06-10,30.6897,120503
2015-06-11,30.2249,120503
2015-06-12,30.0924,120503
2015-06-15,30.2065,120503
2015-06-16,30.2884,120503
2015-06-17,30.5807,120503
2015-06-18,31.0028,120503
2015-06-19,31.1488,120503
2015-06-22,31.5446,120503
2015-06-23,31.6685,120503
2015-06-24,31.6101,120503
2015-06-25,31.7998,120503
2015-06-26,31.7973,120503
2015-06-29,31.4268,120503
2015-06-30,31.6504,120503
2015-07-01,31.9387,120503
2015-07-02,32.0166,120503
2015-07-03,32.0196,120503
2015-07-06,32.1055,120503
2015-07-07,32.1924,120503
2015-07-08,31.7819,120503
2015-07-09,31.6663,120503
2015-07-10,31.8118,120503
2015-07-13,32.1829,120503
2015-07-14,32.1318,120503
2015-07-15,32.3862,120503
2015-07-16,32.751,120503
2015-07-17,32.7746,120503
2015-07-20,32.8068,120503
2015-07-21,32.3062,120503
2015-07-22,32.4932,120503
2015-07-23,32.3357,120503
2015-07-24,32.3235,120503
2015-07-27,31.928,120503
2015-07-28,31.9281,120503
2015-07-29,32.2103,120503
2015-07-30,32.3404,120503
2015-07-31,32.467,120503
2015-08-03,32.4681,120503
2015-08-04,32.8123,120503
2015-08-05,33.2522,120503
2015-08-06,33.3743,120503
2015-08-07,33.4199,120503
2015-08-10,33.3264,120503
2015-08-11,33.2314,120503
2015-08-12,32.8422,120503
2015-08-13,32.8864,120503
2015-08-14,33.5072,120503
2015-08-17,33.5512,120503
2015-08-18,33.646,120503
2015-08-19,33.9152,120503
2015-08-20,33.4963,120503
2015-08-21,33.2579,120503
2015-08-24,31.2214,120503
2015-08-25,31.3289,120503
2015-08-26,31.0287,120503
2015-08-27,31.8271,120503
2015-08-28,31.8836,120503
2015-08-31,31.7904,120503
2015-09-01,31.1741,120503
2015-09-02,31.1915,120503
2015-09-03,31.5328,120503
2015-09-04,30.918,120503
2015-09-07,30.5063,120503
2015-09-08,30.6846,120503
2015-09-09,31.1632,120503
2015-09-10,31.1556,120503
2015-09-11,31.1477,120503
2015-09-14,31.3515,120503
2015-09-15,31.2733,120503
2015-09-16,31.3223,120503
2015-09-18,31.7732,120503
2015-09-21,31.8538,120503
2015-09-22,31.3324,120503
2015-09-23,31.4679,120503
2015-09-24,31.6422,120503
2015-09-28,31.4118,120503
2015-09-29,31.5043,120503
2015-09-30,31.6634,120503
2015-10-01,31.6707,120503
2015-10-05,32.0854,120503
2015-10-06,32.0778,120503
2015-10-07,32.1395,120503
2015-10-08,32.0108,120503
2015-10-09,32.0619,120503
2015-10-12,32.0015,120503
2015-10-13,31.9182,120503
2015-10-14,31.9508,120503
2015-10-15,32.018,120503
2015-10-16,32.1644,120503
2015-10-19,32.2097,120503
2015-10-20,32.394,120503
2015-10-21,32.2841,120503
2015-10-23,32.3006,120503
2015-10-26,32.197,120503
2015-10-27,32.2086,120503
2015-10-28,32.1179,120503
2015-10-29,31.9364,120503
2015-10-30,32.0137,120503
2015-11-02,31.8613,120503
2015-11-03,31.877,120503
2015-11-04,31.7151,120503
2015-11-05,31.2215,120503
2015-11-06,31.0676,120503
2015-11-09,30.9535,120503
2015-11-10,30.5802,120503
2015-11-13,30.5901,120503
2015-11-16,30.5676,120503
2015-11-17,30.7813,120503
2015-11-18,30.6824,120503
2015-11-19,31.1586,120503
2015-11-20,31.2654,120503
2015-11-23,31.1561,120503
2015-11-24,31.0188,120503
2015-11-26,31.0137,120503
2015-11-27,31.2358,120503
2015-11-30,31.1953,120503
2015-12-01,31.2789,120503
2015-12-02,31.1498,120503
2015-12-03,30.986,120503
2015-12-04,30.7805,120503
2015-12-07,30.8644,120503
2015-12-08,30.6797,120503
2015-12-09,30.3766,120503
2015-12-10,30.5499,120503
2015-12-11,30.2825,120503
2015-12-14,30.4039,120503
2015-12-15,30.6459,120503
2015-12-16,30.8023,120503
2015-12-17,31.265,120503
2015-12-18,31.0875,120503
2015-12-21,31.0622,120503
2015-12-22,31.0584,120503
2015-12-23,31.2991,120503
2015-12-24,31.3257,120503
2015-12-28,31.523,120503
2015-12-29,31.6454,120503
2015-12-30,31.5605,120503
2015-12-31,31.7424,120503
2016-01-01,31.9147,120503
2016-01-04,31.4808,120503
2016-01-05,31.4237,120503
2016-01-06,31.4329,120503
2016-01-07,30.9356,120503
2016-01-08,31.11,120503
2016-01-11,30.8995,120503
2016-01-12,30.6696,120503
2016-01-13,30.6532,120503
2016-01-14,30.4179,120503
2016-01-15,30.0061,120503
2016-01-18,29.358,120503
2016-01-19,29.6193,120503
2016-01-20,29.3219,120503
2016-01-21,29.2132,120503
2016-01-22,29.7542,120503
2016-01-25,29.9893,120503
2016-01-27,30.1079,120503
2016-01-28,29.9832,120503
2016-01-29,30.6268,120503
2016-02-01,30.6624,120503
2016-02-02,30.2285,120503
2016-02-03,29.9633,120503
2016-02-04,30.15,120503
2016-02-05,30.5141,120503
2016-02-08,30.2905,120503
2016-02-09,29.8739,120503
2016-02-10,29.6319,120503
2016-02-11,28.6778,120503
2016-02-12,28.5467,120503
2016-02-15,29.0124,120503
2016-02-16,28.5158,120503
2016-02-17,28.6926,120503
2016-02-18,28.8928,120503
2016-02-19,28.8974,120503
2016-02-22,29.0003,120503
2016-02-23,28.6382,120503
2016-02-24,28.2435,120503
2016-02-25,28.0521,120503
2016-02-26,28.0774,120503
2016-02-29,28.1303,120503
2016-03-01,28.7737,120503
2016-03-02,29.2089,120503
2016-03-03,29.5679,120503
2016-03-04,29.5697,120503
2016-03-08,29.5397,120503
2016-03-09,29.5713,120503
2016-03-10,29.5812,120503
2016-03-11,29.6476,120503
2016-03-14,29.7399,120503
2016-03-15,29.3713,120503
2016-03-16,29.3725,120503
2016-03-17,29.4553,120503
2016-03-18,29.6795,120503
2016-03-21,30.1955,120503
2016-03-22,30.256,120503
2016-03-23,30.2639,120503
2016-03-28,29.9016,120503
2016-03-29,29.858,120503
2016-03-30,30.2039,120503
2016-03-31,30.3426,120503
2016-04-01,30.3141,120503
2016-04-04,30.3538,120503
2016-04-05,29.9676,120503
2016-04-06,30.0595,120503
2016-04-07,29.8722,120503
2016-04-08,29.9438,120503
2016-04-11,30.2098,120503
2016-04-12,30.4671,120503
2016-04-13,30.947,120503
2016-04-18,31.1123,120503
2016-04-20,31.1638,120503
2016-04-21,31.058,120503
2016-04-22,30.9638,120503
2016-04-25,30.7373,120503
2016-04-26,31.1508,120503
2016-04-27,31.2075,120503
2016-04-28,30.8209,120503
2016-04-29,30.9525,120503
2016-05-02,30.9972,120503
2016-05-03,30.7931,120503
2016-05-04,30.6917,120503
2016-05-05,30.8117,120503
2016-05-06,30.7528,120503
2016-05-09,31.123,120503
2016-05-10,31.219,120503
2016-05-11,31.2078,120503
2016-05-12,31.3966,120503
2016-05-13,31.161,120503
2016-05-16,31.3438,120503
2016-05-17,31.4794,120503
2016-05-18,31.3772,120503
2016-05-19,31.0627,120503
2016-05-20,31.0005,120503
2016-05-23,30.9309,120503
2016-05-24,30.7811,120503
2016-05-25,31.3403,120503
2016-05-26,31.8498,120503
2016-05-27,32.2214,120503
2016-05-30,32.3577,120503
2016-05-31,32.2497,120503
2016-06-01,32.4008,120503
2016-06-02,32.4416,120503
2016-06-03,32.354,120503
2016-06-06,32.3609,120503
2016-06-07,32.5025,120503
2016-06-08,32.5067,120503
2016-06-09,32.3337,120503
2016-06-10,32.2419,120503
2016-06-13,32.0592,120503
2016-06-14,32.1206,120503
2016-06-15,32.3829,120503
2016-06-16,32.2203,120503
2016-06-17,32.2788,120503
2016-06-20,32.419,120503
2016-06-21,32.4078,120503
2016-06-22,32.3207,120503
2016-06-23,32.4123,120503
2016-06-24,31.8532,120503
2016-06-27,32.0321,120503
2016-06-28,32.2537,120503
2016-06-29,32.5781,120503
2016-06-30,32.8316,120503
2016-07-01,32.8312,120503
2016-07-04,32.927,120503
2016-07-05,32.8067,120503
2016-07-07,32.7902,120503
2016-07-08,32.7291,120503
2016-07-11,33.1952,120503
2016-07-12,33.343,120503
2016-07-13,33.3,120503
2016-07-14,33.4704,120503
2016-07-15,33.5625,120503
2016-07-18,33.468,120503
2016-07-19,33.4857,120503
2016-07-20,33.7924,120503
2016-07-21,33.6839,120503
2016-07-22,33.8753,120503
2016-07-25,34.2216,120503
2016-07-26,34.0496,120503
2016-07-27,34.2683,120503
2016-07-28,34.7497,120503
2016-07-29,34.7703,120503
2016-08-01,34.7983,120503
2016-08-02,34.7268,120503
2016-08-03,34.2669,120503
2016-08-04,34.3186,120503
2016-08-05,34.6599,120503
2016-08-08,34.8229,120503
2016-08-09,34.7366,120503
2016-08-10,34.2988,120503
2016-08-11,34.3164,120503
2016-08-12,34.4515,120503
2016-08-16,34.3404,120503
2016-08-17,34.3508,120503
2016-08-18,34.4924,120503
2016-08-19,34.4209,120503
2016-08-22,34.2859,120503
2016-08-23,34.3065,120503
2016-08-24,34.4618,120503
2016-08-25,34.3744,120503
2016-08-26,34.3923,120503
2016-08-29,34.3049,120503
2016-08-30,34.726,120503
2016-08-31,34.8669,120503
2016-09-01,34.8799,120503
2016-09-02,34.9656,120503
2016-09-06,35.2977,120503
2016-09-07,35.1675,120503
2016-09-08,35.3805,120503
2016-09-09,35.1591,120503
2016-09-12,34.5872,120503
2016-09-14,34.5255,120503
2016-09-15,34.6304,120503
2016-09-16,34.8283,120503
2016-09-19,34.7558,120503
2016-09-20,34.6832,120503
2016-09-21,34.6859,120503
2016-09-22,35.0227,120503
2016-09-23,34.9991,120503
2016-09-26,34.7529,120503
2016-09-27,34.7497,120503
2016-09-28,34.8625,120503
2016-09-29,34.3278,120503
2016-09-30,34.5758,120503
2016-10-03,35.2722,120503
2016-10-04,35.3535,120503
2016-10-05,35.3256,120503
2016-10-06,35.2964,120503
2016-10-07,35.1869,120503
2016-10-10,35.1907,120503
2016-10-13,34.7014,120503
2016-10-14,34.7682,120503
2016-10-17,34.3414,120503
2016-10-18,34.8396,120503
2016-10-19,34.7616,120503
2016-10-20,34.8173,120503
2016-10-21,35.0213,120503
2016-10-24,35.0094,120503
2016-10-25,35.0645,120503
2016-10-26,35.19,120503
2016-10-27,35.1056,120503
2016-10-28,35.2742,120503
2016-11-01,35.3692,120503
2016-11-02,34.8763,120503
2016-11-03,34.6874,120503
2016-11-04,34.1118,120503
2016-11-07,34.1912,120503
2016-11-08,34.1794,120503
2016-11-09,33.7079,120503
2016-11-10,33.9122,120503
2016-11-11,33.0425,120503
2016-11-15,31.9294,120503
2016-11-16,32.0917,120503
2016-11-17,31.9725,120503
2016-11-18,32.0324,120503
2016-11-21,31.465,120503
2016-11-22,31.7987,120503
2016-11-23,31.8969,120503
2016-11-24,31.6558,120503
2016-11-25,32.2696,120503
2016-11-28,32.2954,120503
2016-11-29,32.3852,120503
2016-11-30,32.7938,120503
2016-12-01,32.6471,120503
2016-12-02,32.1706,120503
2016-12-05,32.2203,120503
2016-12-06,32.2736,120503
2016-12-07,32.0904,120503
2016-12-08,32.6371,120503
2016-12-09,32.5093,120503
2016-12-12,32.25,120503
2016-12-13,32.3619,120503
2016-12-14,32.1576,120503
2016-12-15,32.0776,120503
2016-12-16,32.0919,120503
2016-12-19,31.8054,120503
2016-12-20,31.6173,120503
2016-12-21,31.5778,120503
2016-12-22,31.2633,120503
2016-12-23,31.1878,120503
2016-12-26,30.8257,120503
2016-12-27,31.1393,120503
2016-12-28,31.384,120503
2016-12-29,31.7307,120503
2016-12-30,31.8709,120503
2017-01-02,31.9456,120503
2017-01-03,31.9537,120503
2017-01-04,31.8272,120503
2017-01-05,32.0326,120503
2017-01-06,32.0693,120503
2017-01-09,31.9912,120503
2017-01-10,32.1411,120503
2017-01-11,32.4137,120503
2017-01-12,32.4691,120503
2017-01-13,32.4258,120503
2017-01-16,32.4397,120503
2017-01-17,32.4342,120503
2017-01-18,32.6117,120503
2017-01-19,32.6848,120503
2017-01-20,32.4128,120503
2017-01-23,32.5012,120503
2017-01-24,32.9095,120503
2017-01-25,33.4747,120503
2017-01-27,33.6921,120503
2017-01-30,33.6873,120503
2017-01-31,33.4018,120503
2017-02-01,33.9805,120503
2017-02-02,33.9741,120503
2017-02-03,34.0524,120503
2017-02-06,34.2516,120503
2017-02-07,34.2879,120503
2017-02-08,34.2462,120503
2017-02-09,34.1633,120503
2017-02-10,34.2666,120503
2017-02-13,34.3026,120503
2017-02-14,34.2981,120503
2017-02-15,33.9591,120503
2017-02-16,34.3374,120503
2017-02-17,34.5605,120503
2017-02-20,34.7032,120503
2017-02-21,34.7434,120503
2017-02-22,34.5787,120503
2017-02-23,34.5983,120503
2017-02-27,34.478,120503
2017-02-28,34.53,120503
2017-03-01,34.7051,120503
2017-03-02,34.4318,120503
2017-03-03,34.2938,120503
2017-03-06,34.4305,120503
2017-03-07,34.3356,120503
2017-03-08,34.4506,120503
2017-03-09,34.5838,120503
2017-03-10,34.6742,120503
2017-03-14,35.2493,120503
2017-03-15,35.4595,120503
2017-03-16,35.751,120503
2017-03-17,35.8451,120503
2017-03-20,35.9269,120503
2017-03-21,35.8909,120503
2017-03-22,35.7299,120503
2017-03-23,35.9047,120503
2017-03-24,36.0363,120503
2017-03-27,35.9497,120503
2017-03-28,36.0397,120503
2017-03-29,36.1291,120503
2017-03-30,36.3577,120503
2017-03-31,36.2991,120503
2017-04-03,36.5586,120503
2017-04-05,36.7997,120503
2017-04-06,36.7785,120503
2017-04-07,36.6454,120503
2017-04-10,36.6778,120503
2017-04-11,36.9007,120503
2017-04-12,36.8213,120503
2017-04-13,36.6936,120503
2017-04-17,36.5094,120503
2017-04-18,36.4412,120503
2017-04-19,36.489,120503
2017-04-20,36.8038,120503
2017-04-21,36.7325,120503
2017-04-24,37.1764,120503
2017-04-25,37.3847,120503
2017-04-26,37.4489,120503
2017-04-27,37.4758,120503
2017-04-28,37.4136,120503
2017-05-02,37.5727,120503
2017-05-03,37.5841,120503
2017-05-04,37.7064,120503
2017-05-05,37.5239,120503
2017-05-08,37.6089,120503
2017-05-09,37.7357,120503
2017-05-10,38.1331,120503
2017-05-11,38.1868,120503
2017-05-12,38.0429,120503
2017-05-15,38.2789,120503
2017-05-16,38.4042,120503
2017-05-17,38.1886,120503
2017-05-18,37.7636,120503
2017-05-19,37.4612,120503
2017-05-22,37.2391,120503
2017-05-23,36.9611,120503
2017-05-24,36.8408,120503
2017-05-25,37.4522,120503
2017-05-26,37.9005,120503
2017-05-29,37.7726,120503
2017-05-30,37.7915,120503
2017-05-31,38.0466,120503
2017-06-01,38.1456,120503
2017-06-02,38.4372,120503
2017-06-05,38.5761,120503
2017-06-06,38.5089,120503
2017-06-07,38.7054,120503
2017-06-08,38.8185,120503
2017-06-09,39.0801,120503
2017-06-12,39.0069,120503
2017-06-13,39.0799,120503
2017-06-14,39.1042,120503
2017-06-15,39.0056,120503
2017-06-16,39.0665,120503
2017-06-19,39.2961,120503
2017-06-20,39.152,120503
2017-06-21,39.1056,120503
2017-06-22,39.1303,120503
2017-06-23,38.8132,120503
2017-06-27,38.4889,120503
2017-06-28,38.4284,120503
2017-06-29,38.402,120503
2017-06-30,38.5957,120503
2017-07-03,38.7437,120503
2017-07-04,38.7575,120503
2017-07-05,38.8788,120503
2017-07-06,39.0762,120503
2017-07-07,38.9992,120503
2017-07-10,39.3134,120503
2017-07-11,39.2034,120503
2017-07-12,39.3091,120503
2017-07-13,39.5849,120503
2017-07-14,39.5038,120503
2017-07-17,39.644,120503
2017-07-18,39.528,120503
2017-07-19,39.8442,120503
2017-07-20,39.7729,120503
2017-07-21,39.9436,120503
2017-07-24,40.0444,120503
2017-07-25,40.0758,120503
2017-07-26,40.1413,120503
2017-07-27,40.3421,120503
2017-07-28,40.5241,120503
2017-07-31,40.7545,120503
2017-08-01,40.8371,120503
2017-08-02,40.7686,120503
2017-08-03,40.4307,120503
2017-08-04,40.6241,120503
2017-08-07,40.9032,120503
2017-08-08,40.615,120503
2017-08-09,40.0602,120503
2017-08-10,39.3885,120503
2017-08-11,39.3275,120503
2017-08-14,39.7254,120503
2017-08-16,40.1679,120503
2017-08-17,40.0426,120503
2017-08-18,39.9352,120503
2017-08-21,39.7426,120503
2017-08-22,39.7218,120503
2017-08-23,39.9841,120503
2017-08-24,40.0803,120503
2017-08-28,40.4418,120503
2017-08-29,39.9721,120503
2017-08-30,40.3433,120503
2017-08-31,40.4839,120503
2017-09-01,40.7117,120503
2017-09-04,40.5261,120503
2017-09-05,40.7617,120503
2017-09-06,40.8249,120503
2017-09-07,41.2746,120503
2017-09-08,41.3939,120503
2017-09-11,41.713,120503
2017-09-12,42.0057,120503
2017-09-13,41.8537,120503
2017-09-14,41.8746,120503
2017-09-15,41.9728,120503
2017-09-18,42.2254,120503
2017-09-19,42.2549,120503
2017-09-20,42.1747,120503
2017-09-21,42.1447,120503
2017-09-22,41.5579,120503
2017-09-25,41.0216,120503
2017-09-26,41.1104,120503
2017-09-27,40.4635,120503
2017-09-28,40.659,120503
2017-09-29,40.9177,120503
2017-10-03,41.0754,120503
2017-10-04,41.2008,120503
2017-10-05,41.1997,120503
2017-10-06,41.4115,120503
2017-10-09,41.4651,120503
2017-10-10,41.6587,120503
2017-10-11,41.5534,120503
2017-10-12,41.9776,120503
2017-10-13,42.1996,120503
2017-10-16,42.1965,120503
2017-10-17,42.1503,120503
2017-10-18,42.0782,120503
2017-10-23,41.8592,120503
2017-10-24,41.8201,120503
2017-10-25,41.6526,120503
2017-10-26,41.6251,120503
2017-10-27,41.8638,120503
2017-10-30,42.2295,120503
2017-10-31,42.1959,120503
2017-11-01,42.4335,120503
2017-11-02,42.4388,120503
2017-11-03,42.442,120503
2017-11-06,42.4219,120503
2017-11-07,42.1968,120503
2017-11-08,42.051,120503
2017-11-09,42.2021,120503
2017-11-10,42.1625,120503
2017-11-13,41.9121,120503
2017-11-14,41.7377,120503
2017-11-15,41.469,120503
2017-11-16,41.8798,120503
2017-11-17,42.2027,120503
2017-11-20,42.3849,120503
2017-11-21,42.3903,120503
2017-11-22,42.4111,120503
2017-11-23,42.3461,120503
2017-11-24,42.5955,120503
2017-11-27,42.7038,120503
2017-11-28,42.8953,120503
2017-11-29,42.8964,120503
2017-11-30,42.6016,120503
2017-12-01,42.4195,120503
2017-12-04,42.4191,120503
2017-12-05,42.2472,120503
2017-12-06,41.9862,120503
2017-12-07,42.3686,120503
2017-12-08,42.8027,120503
2017-12-11,43.0751,120503
2017-12-12,42.8721,120503
2017-12-13,42.6097,120503
2017-12-14,42.6119,120503
2017-12-15,43.0731,120503
2017-12-18,43.5965,120503
2017-12-19,43.9035,120503
2017-12-20,43.8332,120503
2017-12-21,43.9254,120503
2017-12-22,44.0927,120503
2017-12-26,44.1143,120503
2017-12-27,43.9602,120503
2017-12-28,43.8786,120503
2017-12-29,44.2977,120503
2018-01-01,44.0453,120503
2018-01-02,43.8511,120503
2018-01-03,43.9237,120503
2018-01-04,44.1072,120503
2018-01-05,44.6544,120503
2018-01-08,44.813,120503
2018-01-09,44.723,120503
2018-01-10,44.7981,120503
2018-01-11,44.8982,120503
2018-01-12,45.0602,120503
2018-01-15,45.1435,120503
2018-01-16,44.811,120503
2018-01-17,45.0557,120503
2018-01-18,45.2456,120503
2018-01-19,45.9092,120503
2018-01-22,45.7891,120503
2018-01-23,45.644,120503
2018-01-24,45.3295,120503
2018-01-25,45.1246,120503
2018-01-29,45.31,120503
2018-01-30,44.8918,120503
2018-01-31,44.8938,120503
2018-02-01,44.8934,120503
2018-02-02,43.6676,120503
2018-02-05,43.0571,120503
2018-02-06,42.3687,120503
2018-02-07,42.3219,120503
2018-02-08,42.9776,120503
2018-02-09,42.7755,120503
2018-02-12,43.1983,120503
2018-02-14,43.2179,120503
2018-02-15,43.1527,120503
2018-02-16,42.9466,120503
2018-02-19,42.7144,120503
2018-02-20,42.635,120503
2018-02-21,42.7113,120503
2018-02-22,42.5132,120503
2018-02-23,43.1378,120503
2018-02-26,43.6298,120503
2018-02-27,43.7346,120503
2018-02-28,43.6216,120503
2018-03-01,43.4761,120503
2018-03-05,43.1863,120503
2018-03-06,42.8249,120503
2018-03-07,42.4853,120503
2018-03-08,42.6226,120503
2018-03-09,42.8256,120503
2018-03-12,43.1646,120503
2018-03-13,43.168,120503
2018-03-14,43.1976,120503
2018-03-15,43.2154,120503
2018-03-16,42.5813,120503
2018-03-19,42.1986,120503
2018-03-20,42.2834,120503
2018-03-21,42.4211,120503
2018-03-22,42.2615,120503
2018-03-23,41.881,120503
2018-03-26,42.4293,120503
2018-03-27,42.8956,120503
2018-03-28,42.8589,120503
2018-04-02,43.7299,120503
2018-04-03,43.8922,120503
2018-04-04,43.6392,120503
2018-04-05,44.3133,120503
2018-04-06,44.5188,120503
2018-04-09,44.6744,120503
2018-04-10,44.6607,120503
2018-04-11,44.8579,120503
2018-04-12,45.1019,120503
2018-04-13,45.1852,120503
2018-04-16,45.5742,120503
2018-04-17,45.565,120503
2018-04-18,45.3724,120503
2018-04-19,45.5448,120503
2018-04-20,45.5433,120503
2018-04-23,45.7622,120503
2018-04-24,45.8566,120503
2018-04-25,45.6684,120503
2018-04-26,45.9246,120503
2018-04-27,45.9163,120503
2018-04-30,46.3585,120503
2018-05-02,46.423,120503
2018-05-03,46.0162,120503
2018-05-04,45.8291,120503
2018-05-07,45.9842,120503
2018-05-08,46.1987,120503
2018-05-09,46.0353,120503
2018-05-10,45.8115,120503
2018-05-11,46.058,120503
2018-05-14,45.8161,120503
2018-05-15,45.8985,120503
2018-05-16,45.8304,120503
2018-05-17,45.8324,120503
2018-05-18,45.5903,120503
2018-05-21,44.96,120503
2018-05-22,45.0447,120503
2018-05-23,44.5882,120503
2018-05-24,44.9205,120503
2018-05-25,45.7053,120503
2018-05-28,46.0973,120503
2018-05-29,46.1664,120503
2018-05-30,46.4314,120503
2018-05-31,46.7453,120503
2018-06-01,46.2936,120503
2018-06-04,45.791,120503
2018-06-05,45.4377,120503
2018-06-06,46.0611,120503
2018-06-07,46.2776,120503
2018-06-08,46.3772,120503
2018-06-11,46.4037,120503
2018-06-12,46.6921,120503
2018-06-13,46.6806,120503
2018-06-14,46.6297,120503
2018-06-15,46.6102,120503
2018-06-18,46.1941,120503
2018-06-19,45.8521,120503
2018-06-20,46.0752,120503
2018-06-21,45.8965,120503
2018-06-22,46.2405,120503
2018-06-25,46.0384,120503
2018-06-26,46.0382,120503
2018-06-27,45.7051,120503
2018-06-28,45.4715,120503
2018-06-29,45.8172,120503
2018-07-02,45.7514,120503
2018-07-03,46.0473,120503
2018-07-04,46.4418,120503
2018-07-05,46.5507,120503
2018-07-06,46.6949,120503
2018-07-09,46.9185,120503
2018-07-10,47.2806,120503
2018-07-11,47.33,120503
2018-07-12,47.4669,120503
2018-07-13,47.3626,120503
2018-07-16,46.796,120503
2018-07-17,47.1688,120503
2018-07-18,47.2694,120503
2018-07-19,46.9584,120503
2018-07-20,47.4761,120503
2018-07-23,47.8292,120503
2018-07-24,48.131,120503
2018-07-25,48.1091,120503
2018-07-26,47.9672,120503
2018-07-27,48.2232,120503
2018-07-30,48.0705,120503
2018-07-31,48.2668,120503
2018-08-01,48.265,120503
2018-08-02,47.674,120503
2018-08-03,48.1229,120503
2018-08-06,48.0192,120503
2018-08-07,48.0329,120503
2018-08-08,48.2043,120503
2018-08-09,48.3109,120503
2018-08-10,48.1197,120503
2018-08-13,47.7677,120503
2018-08-14,48.162,120503
2018-08-16,47.8863,120503
2018-08-17,48.1444,120503
2018-08-20,48.3837,120503
2018-08-21,48.6048,120503
2018-08-23,48.761,120503
2018-08-24,48.6583,120503
2018-08-27,49.2514,120503
2018-08-28,49.4611,120503
2018-08-29,49.6369,120503
2018-08-30,49.4987,120503
2018-08-31,49.5414,120503
2018-09-03,49.163,120503
2018-09-04,48.7022,120503
2018-09-05,48.4323,120503
2018-09-06,48.7309,120503
2018-09-07,48.7308,120503
2018-09-10,47.8953,120503
2018-09-11,47.2567,120503
2018-09-12,47.5556,120503
2018-09-14,48.2119,120503
2018-09-17,47.6817,120503
2018-09-18,47.3009,120503
2018-09-19,46.9948,120503
2018-09-21,46.5231,120503
2018-09-24,45.3802,120503
2018-09-25,45.6957,120503
2018-09-26,45.3522,120503
2018-09-27,44.845,120503
2018-09-28,44.6596,120503
2018-10-01,44.4205,120503
2018-10-03,43.5984,120503
2018-10-04,42.7151,120503
2018-10-05,42.1007,120503
2018-10-08,41.9164,120503
2018-10-09,41.9931,120503
2018-10-10,42.9547,120503
2018-10-11,42.0772,120503
2018-10-12,43.1784,120503
2018-10-15,43.2515,120503
2018-10-16,43.4351,120503
2018-10-17,42.6098,120503
2018-10-19,42.2254,120503
2018-10-22,41.8448,120503
2018-10-23,41.2102,120503
2018-10-24,41.8934,120503
2018-10-25,41.7228,120503
2018-10-26,41.5634,120503
2018-10-29,42.1527,120503
2018-10-30,41.9306,120503
2018-10-31,42.8528,120503
2018-11-01,43.1171,120503
2018-11-02,43.85,120503
2018-11-05,43.81,120503
2018-11-06,43.7198,120503
2018-11-09,44.1023,120503
2018-11-12,43.5524,120503
2018-11-13,43.845,120503
2018-11-14,43.71,120503
2018-11-15,43.9766,120503
2018-11-16,44.3022,120503
2018-11-19,44.4665,120503
2018-11-20,44.1911,120503
2018-11-21,44.1877,120503
2018-11-22,43.9282,120503
2018-11-26,44.1062,120503
2018-11-27,44.4178,120503
2018-11-28,44.633,120503
2018-11-29,45.1652,120503
2018-11-30,45.5428,120503
2018-12-03,45.5142,120503
2018-12-04,45.4645,120503
2018-12-05,45.0236,120503
2018-12-06,44.4363,120503
2018-12-07,44.813,120503
2018-12-10,44.0545,120503
2018-12-11,44.4437,120503
2018-12-12,45.4228,120503
2018-12-13,45.8382,120503
2018-12-14,45.8628,120503
2018-12-17,46.2157,120503
2018-12-18,46.2921,120503
2018-12-19,46.5653,120503
2018-12-20,46.4699,120503
2018-12-21,45.8127,120503
2018-12-24,45.313,120503
2018-12-26,45.3484,120503
2018-12-27,45.4602,120503
2018-12-28,45.8494,120503
2018-12-31,45.9487,120503
2019-01-01,46.0296,120503
2019-01-02,45.6003,120503
2019-01-03,45.3334,120503
2019-01-04,45.318,120503
2019-01-07,45.1689,120503
2019-01-08,44.6935,120503
2019-01-09,44.669,120503
2019-01-10,44.7078,120503
2019-01-11,44.451,120503
2019-01-14,44.192,120503
2019-01-15,44.6295,120503
2019-01-16,44.3757,120503
2019-01-17,44.3741,120503
2019-01-18,44.3353,120503
2019-01-21,44.2645,120503
2019-01-22,44.1753,120503
2019-01-23,44.275,120503
2019-01-24,44.1054,120503
2019-01-25,43.7855,120503
2019-01-28,43.2665,120503
2019-01-29,43.2329,120503
2019-01-30,43.2035,120503
2019-01-31,43.5103,120503
2019-02-01,43.9509,120503
2019-02-04,44.1172,120503
2019-02-05,44.3637,120503
2019-02-06,44.8555,120503
2019-02-07,45.183,120503
2019-02-08,44.8823,120503
2019-02-11,44.5422,120503
2019-02-12,44.3109,120503
2019-02-13,44.2871,120503
2019-02-14,44.069,120503
2019-02-15,43.7705,120503
2019-02-18,43.3006,120503
2019-02-19,43.1958,120503
2019-02-20,43.6851,120503
2019-02-21,43.7567,120503
2019-02-22,43.7049,120503
2019-02-25,44.296,120503
2019-02-26,44.5733,120503
2019-02-27,44.5667,120503
2019-02-28,44.4396,120503
2019-03-01,44.6198,120503
2019-03-05,45.1533,120503
2019-03-06,45.3919,120503
2019-03-07,45.2268,120503
2019-03-08,45.3368,120503
2019-03-11,45.9878,120503
2019-03-12,46.2528,120503
2019-03-13,46.5112,120503
2019-03-14,46.3853,120503
2019-03-15,46.6669,120503
2019-03-18,46.5115,120503
2019-03-19,46.5113,120503
2019-03-20,46.2349,120503
2019-03-22,46.086,120503
2019-03-25,45.8064,120503
2019-03-26,46.3096,120503
2019-03-27,46.2936,120503
2019-03-28,46.6551,120503
2019-03-29,46.981,120503
2019-04-01,47.1959,120503
2019-04-02,47.3153,120503
2019-04-03,47.3076,120503
2019-04-04,47.1582,120503
2019-04-05,47.4887,120503
2019-04-08,47.3717,120503
2019-04-09,47.4487,120503
2019-04-10,47.2548,120503
2019-04-11,47.175,120503
2019-04-12,47.2601,120503
2019-04-15,47.687,120503
2019-04-16,47.9452,120503
2019-04-18,47.5729,120503
2019-04-22,47.0681,120503
2019-04-23,47.0397,120503
2019-04-24,47.7032,120503
2019-04-25,47.4253,120503
2019-04-26,47.587,120503
2019-04-30,47.7229,120503
2019-05-02,47.768,120503
2019-05-03,47.5539,120503
2019-05-06,47.1499,120503
2019-05-07,46.9154,120503
2019-05-08,46.3892,120503
2019-05-09,46.2216,120503
2019-05-10,46.2551,120503
2019-05-13,45.8407,120503
2019-05-14,45.5871,120503
2019-05-15,45.9877,120503
2019-05-16,46.225,120503
2019-05-17,46.7549,120503
2019-05-20,48.4883,120503
2019-05-21,47.8968,120503
2019-05-22,48.1288,120503
2019-05-23,47.927,120503
2019-05-24,48.4689,120503
2019-05-27,48.7481,120503
2019-05-28,48.8592,120503
2019-05-29,48.9649,120503
2019-05-30,49.5043,120503
2019-05-31,49.6009,120503
2019-06-03,50.216,120503
2019-06-04,50.041,120503
2019-06-06,49.4851,120503
2019-06-07,49.443,120503
2019-06-10,49.5439,120503
2019-06-11,49.653,120503
2019-06-12,49.234,120503
2019-06-13,49.2907,120503
2019-06-14,48.8909,120503
2019-06-17,48.5141,120503
2019-06-18,48.4502,120503
2019-06-19,48.4036,120503
2019-06-20,48.8821,120503
2019-06-21,48.5317,120503
2019-06-24,48.5922,120503
2019-06-25,48.996,120503
2019-06-26,49.2897,120503
2019-06-27,49.366,120503
2019-06-28,49.3756,120503
2019-07-01,49.7716,120503
2019-07-02,50.1515,120503
2019-07-03,50.1794,120503
2019-07-04,50.258,120503
2019-07-05,49.5638,120503
2019-07-08,48.5793,120503
2019-07-09,48.498,120503
2019-07-10,48.1232,120503
2019-07-11,48.6231,120503
2019-07-12,48.3958,120503
2019-07-15,48.7139,120503
2019-07-16,48.9022,120503
2019-07-17,48.9859,120503
2019-07-18,48.6995,120503
2019-07-19,47.9665,120503
2019-07-22,47.4019,120503
2019-07-23,47.2682,120503
2019-07-24,46.9859,120503
2019-07-25,47.1099,120503
2019-07-26,47.5006,120503
2019-07-29,47.2517,120503
2019-07-30,46.9379,120503
2019-07-31,47.2759,120503
2019-08-01,46.8464,120503
2019-08-02,47.0393,120503
2019-08-05,46.6536,120503
2019-08-06,47.3788,120503
2019-08-07,47.0773,120503
2019-08-08,47.4873,120503
2019-08-09,48.2849,120503
2019-08-13,47.2855,120503
2019-08-14,47.4579,120503
2019-08-16,47.5876,120503
2019-08-19,47.5458,120503
2019-08-20,47.4791,120503
2019-08-21,47.2066,120503
2019-08-22,46.5543,120503
2019-08-23,46.5352,120503
2019-08-26,47.5602,120503
2019-08-27,47.7229,120503
2019-08-28,47.6385,120503
2019-08-29,47.3071,120503
2019-08-30,47.6846,120503
2019-09-03,46.866,120503
2019-09-04,46.9908,120503
2019-09-05,46.9716,120503
2019-09-06,47.1805,120503
2019-09-09,47.6889,120503
2019-09-11,47.7491,120503
2019-09-12,47.5026,120503
2019-09-13,47.7489,120503
2019-09-16,47.6812,120503
2019-09-17,46.875,120503
2019-09-18,47.0925,120503
2019-09-19,46.5793,120503
2019-09-20,49.5049,120503
2019-09-23,51.4523,120503
2019-09-24,50.9665,120503
2019-09-25,50.501,120503
2019-09-26,50.9655,120503
2019-09-27,50.9252,120503
2019-09-30,50.5655,120503
2019-10-01,50.3569,120503
2019-10-03,50.0372,120503
2019-10-04,49.7632,120503
2019-10-07,49.6532,120503
2019-10-09,50.1686,120503
2019-10-10,49.8371,120503
2019-10-11,50.3824,120503
2019-10-14,50.3561,120503
2019-10-15,50.8906,120503
2019-10-16,51.1431,120503
2019-10-17,51.5637,120503
2019-10-18,51.7965,120503
2019-10-22,51.9124,120503
2019-10-23,51.8553,120503
2019-10-24,51.8755,120503
2019-10-25,51.789,120503
2019-10-29,52.7875,120503
2019-10-30,52.9263,120503
2019-10-31,53.1953,120503
2019-11-01,53.1065,120503
2019-11-04,52.9846,120503
2019-11-05,52.8708,120503
2019-11-06,53.0273,120503
2019-11-07,53.1469,120503
2019-11-08,52.6691,120503
2019-11-11,52.7747,120503
2019-11-13,52.7507,120503
2019-11-14,52.9216,120503
2019-11-15,52.8598,120503
2019-11-18,52.6458,120503
2019-11-19,52.3017,120503
2019-11-20,52.2197,120503
2019-11-21,51.9749,120503
2019-11-22,51.8055,120503
2019-11-25,52.4058,120503
2019-11-26,52.1819,120503
2019-11-27,52.5541,120503
2019-11-28,52.6551,120503
2019-11-29,52.5202,120503
2019-12-02,52.0831,120503
2019-12-03,52.1391,120503
2019-12-04,52.1758,120503
2019-12-05,52.1739,120503
2019-12-06,51.7574,120503
2019-12-09,51.7165,120503
2019-12-10,51.3884,120503
2019-12-11,51.6608,120503
2019-12-12,51.9371,120503
2019-12-13,52.3885,120503
2019-12-16,52.2265,120503
2019-12-17,52.823,120503
2019-12-18,53.2201,120503
2019-12-19,53.4483,120503
2019-12-20,53.5651,120503
2019-12-23,53.4977,120503
2019-12-24,53.2331,120503
2019-12-26,53.1793,120503
2019-12-27,53.5587,120503
2019-12-30,53.5844,120503
2019-12-31,53.2357,120503
2020-01-01,53.2623,120503
2020-01-02,53.3612,120503
2020-01-03,53.3371,120503
2020-01-06,52.3269,120503
2020-01-07,52.6992,120503
2020-01-08,52.7438,120503
2020-01-09,53.3485,120503
2020-01-10,53.6188,120503
2020-01-13,53.8602,120503
2020-01-14,54.1131,120503
2020-01-15,54.0222,120503
2020-01-16,54.3185,120503
2020-01-17,54.4449,120503
2020-01-20,53.8785,120503
2020-01-21,53.5685,120503
2020-01-22,53.3944,120503
2020-01-23,53.6822,120503
2020-01-24,54.3219,120503
2020-01-27,54.0408,120503
2020-01-28,54.0279,120503
2020-01-29,54.4893,120503
2020-01-30,54.2354,120503
2020-01-31,54.3388,120503
2020-02-03,53.9914,120503
2020-02-04,54.9917,120503
2020-02-05,55.439,120503
2020-02-06,55.6957,120503
2020-02-07,55.7358,120503
2020-02-10,56.0931,120503
2020-02-11,56.1376,120503
2020-02-12,56.6194,120503
2020-02-13,56.6034,120503
2020-02-14,56.1437,120503
2020-02-17,55.8525,120503
2020-02-18,55.593,120503
2020-02-19,56.1832,120503
2020-02-20,56.0837,120503
2020-02-24,55.0739,120503
2020-02-25,54.8741,120503
2020-02-26,54.4616,120503
2020-02-27,54.3307,120503
2020-02-28,52.8907,120503
2020-03-02,52.8009,120503
2020-03-03,53.5505,120503
2020-03-04,53.0825,120503
2020-03-05,53.645,120503
2020-03-06,53.0987,120503
2020-03-09,51.2994,120503
2020-03-11,51.3449,120503
2020-03-12,47.8039,120503
2020-03-13,48.5999,120503
2020-03-16,45.8588,120503
2020-03-17,44.891,120503
2020-03-18,42.3458,120503
2020-03-19,41.0376,120503
2020-03-20,42.895,120503
2020-03-23,37.6463,120503
2020-03-24,38.446,120503
2020-03-25,40.4084,120503
2020-03-26,42.2508,120503
2020-03-27,42.4778,120503
2020-03-30,40.9103,120503
2020-03-31,41.7364,120503
2020-04-01,40.2742,120503
2020-04-03,39.2576,120503
2020-04-07,41.8335,120503
2020-04-08,41.9653,120503
2020-04-09,43.829,120503
2020-04-13,42.8958,120503
2020-04-15,42.7458,120503
2020-04-16,42.8712,120503
2020-04-17,44.1263,120503
2020-04-20,44.0535,120503
2020-04-21,42.8546,120503
2020-04-22,43.6292,120503
2020-04-23,44.2908,120503
2020-04-24,43.3221,120503
2020-04-27,43.9317,120503
2020-04-28,44.4792,120503
2020-04-29,45.1796,120503
2020-04-30,46.2403,120503
2020-05-04,43.9775,120503
2020-05-05,43.4431,120503
2020-05-06,43.866,120503
2020-05-07,43.1938,120503
2020-05-08,43.4867,120503
2020-05-11,43.4478,120503
2020-05-12,43.3466,120503
2020-05-13,43.8787,120503
2020-05-14,43.3273,120503
2020-05-15,43.2228,120503
2020-05-18,41.8882,120503
2020-05-19,42.3384,120503
2020-05-20,43.1069,120503
2020-05-21,43.2827,120503
2020-05-22,42.8272,120503
2020-05-26,42.6159,120503
2020-05-27,43.1592,120503
2020-05-28,44.0203,120503
2020-05-29,44.6462,120503
2020-06-01,45.6082,120503
2020-06-02,46.2677,120503
2020-06-03,46.5934,120503
2020-06-04,46.2798,120503
2020-06-05,46.7759,120503
2020-06-08,46.7292,120503
2020-06-09,46.218,120503
2020-06-10,46.4633,120503
2020-06-11,45.7706,120503
2020-06-12,46.1403,120503
2020-06-15,45.421,120503
2020-06-16,45.8454,120503
2020-06-17,45.7357,120503
2020-06-18,46.2021,120503
2020-06-19,46.54,120503
2020-06-22,46.9144,120503
2020-06-23,47.7131,120503
2020-06-24,47.0349,120503
2020-06-25,47.0816,120503
2020-06-26,47.174,120503
2020-06-29,46.9765,120503
2020-06-30,47.0399,120503
2020-07-01,47.2575,120503
2020-07-02,47.6297,120503
2020-07-03,47.5785,120503
2020-07-06,48.2351,120503
2020-07-07,49.0073,120503
2020-07-08,48.2897,120503
2020-07-09,48.6452,120503
2020-07-10,48.3586,120503
2020-07-13,48.0225,120503
2020-07-14,47.2694,120503
2020-07-15,47.3582,120503
2020-07-16,47.5782,120503
2020-07-17,48.0103,120503
2020-07-20,48.7371,120503
2020-07-21,48.8579,120503
2020-07-22,48.5253,120503
2020-07-23,48.8602,120503
2020-07-24,48.2886,120503
2020-07-27,47.9389,120503
2020-07-28,48.6965,120503
2020-07-29,48.6187,120503
2020-07-30,48.4634,120503
2020-07-31,48.6272,120503
2020-08-03,48.0767,120503
2020-08-04,48.7527,120503
2020-08-05,48.9544,120503
2020-08-06,49.3785,120503
2020-08-07,49.7696,120503
2020-08-10,50.3349,120503
2020-08-11,50.333,120503
2020-08-12,50.1173,120503
2020-08-13,50.2208,120503
2020-08-14,49.6459,120503
2020-08-17,50.0781,120503
2020-08-18,50.7373,120503
2020-08-19,50.8747,120503
2020-08-20,50.7888,120503
2020-08-21,51.046,120503
2020-08-24,51.5292,120503
2020-08-25,51.8047,120503
2020-08-26,51.9163,120503
2020-08-27,51.8177,120503
2020-08-28,52.1529,120503
2020-08-31,50.578,120503
2020-09-01,51.2617,120503
2020-09-02,51.5632,120503
2020-09-03,51.7669,120503
2020-09-04,51.1327,120503
2020-09-07,50.997,120503
2020-09-08,50.6846,120503
2020-09-09,50.3218,120503
2020-09-10,50.6651,120503
2020-09-11,50.7472,120503
2020-09-14,50.833,120503
2020-09-15,51.2406,120503
2020-09-16,51.5236,120503
2020-09-17,51.2436,120503
2020-09-18,51.1081,120503
2020-09-21,49.8814,120503
2020-09-22,49.5275,120503
2020-09-23,49.3347,120503
2020-09-24,48.0502,120503
2020-09-25,49.1743,120503
2020-09-28,50.1929,120503
2020-09-29,50.3304,120503
2020-09-30,50.5719,120503
2020-10-01,51.2488,120503
2020-10-05,51.3416,120503
2020-10-06,51.8471,120503
2020-10-07,51.769,120503
2020-10-08,52.0817,120503
2020-10-09,52.0684,120503
2020-10-12,52.0031,120503
2020-10-13,51.7895,120503
2020-10-14,52.1671,120503
2020-10-15,51.0383,120503
2020-10-16,51.5,120503
2020-10-19,51.7939,120503
2020-10-20,51.9759,120503
2020-10-21,51.8558,120503
2020-10-22,51.8735,120503
2020-10-23,52.3818,120503
2020-10-26,52.0546,120503
2020-10-27,53.3319,120503
2020-10-28,52.7335,120503
2020-10-29,52.8208,120503
2020-10-30,52.6432,120503
2020-11-02,52.8932,120503
2020-11-03,53.4532,120503
2020-11-04,54.0352,120503
2020-11-05,54.9099,120503
2020-11-06,55.3169,120503
2020-11-09,55.9657,120503
2020-11-10,56.2903,120503
2020-11-11,56.9431,120503
2020-11-12,56.9553,120503
2020-11-13,57.2281,120503
2020-11-17,58.2212,120503
2020-11-18,58.5899,120503
2020-11-19,58.0742,120503
2020-11-20,59.1344,120503
2020-11-23,59.8224,120503
2020-11-24,60.1029,120503
2020-11-25,59.1082,120503
2020-11-26,59.7982,120503
2020-11-27,60.2353,120503
2020-12-01,60.5083,120503
2020-12-02,60.3507,120503
2020-12-03,60.7394,120503
2020-12-04,61.0214,120503
2020-12-07,61.1734,120503
2020-12-08,61.3644,120503
2020-12-09,61.8566,120503
2020-12-10,61.9425,120503
2020-12-11,61.9606,120503
2020-12-14,62.2695,120503
2020-12-15,62.6215,120503
2020-12-16,62.9874,120503
2020-12-17,63.309,120503
2020-12-18,63.654,120503
2020-12-21,61.9754,120503
2020-12-22,62.375,120503
2020-12-23,63.0442,120503
2020-12-24,63.4684,120503
2020-12-28,63.9489,120503
2020-12-29,64.0114,120503
2020-12-30,64.5447,120503
2020-12-31,64.6805,120503
2021-01-01,64.982,120503
2021-01-04,65.5681,120503
2021-01-05,66.3871,120503
2021-01-06,65.8741,120503
2021-01-07,65.7504,120503
2021-01-08,66.77,120503
2021-01-11,67.1855,120503
2021-01-12,66.9093,120503
2021-01-13,66.0534,120503
2021-01-14,66.0755,120503
2021-01-15,65.1807,120503
2021-01-18,63.9697,120503
2021-01-19,65.1644,120503
2021-01-20,65.6415,120503
2021-01-21,65.3636,120503
2021-01-22,65.0458,120503
2021-01-25,64.4204,120503
2021-01-27,63.2001,120503
2021-01-28,62.2646,120503
2021-01-29,61.0128,120503
2021-02-01,63.2909,120503
2021-02-02,64.9817,120503
2021-02-03,65.4614,120503
2021-02-04,66.216,120503
2021-02-05,66.3772,120503
2021-02-08,67.1298,120503
2021-02-09,66.9563,120503
2021-02-10,67.59,120503
2021-02-11,68.1178,120503
2021-02-12,68.1007,120503
2021-02-15,69.3997,120503
2021-02-16,69.3418,120503
2021-02-17,68.6967,120503
2021-02-18,68.5185,120503
2021-02-19,67.9212,120503
2021-02-22,66.7885,120503
2021-02-23,66.8644,120503
2021-02-24,67.3751,120503
2021-02-25,67.5493,120503
2021-02-26,65.7906,120503
2021-03-01,66.6336,120503
2021-03-02,67.814,120503
2021-03-03,69.1273,120503
2021-03-04,68.9431,120503
2021-03-05,68.454,120503
2021-03-08,68.0512,120503
2021-03-09,68.541,120503
2021-03-10,68.9064,120503
2021-03-12,68.3853,120503
2021-03-15,67.9814,120503
2021-03-16,68.0344,120503
2021-03-17,67.2323,120503
2021-03-18,66.2719,120503
2021-03-19,66.7529,120503
2021-03-22,66.8021,120503
2021-03-23,67.2521,120503
2021-03-24,66.1412,120503
2021-03-25,64.864,120503
2021-03-26,65.7904,120503
2021-03-30,66.5679,120503
2021-03-31,66.3499,120503
2021-04-01,67.0371,120503
2021-04-05,66.1132,120503
2021-04-06,66.3985,120503
2021-04-07,67.4155,120503
2021-04-08,67.8958,120503
2021-04-09,67.7033,120503
2021-04-12,65.222,120503
2021-04-13,65.5948,120503
2021-04-15,65.7774,120503
2021-04-16,66.3723,120503
2021-04-19,65.0908,120503
2021-04-20,65.0174,120503
2021-04-22,65.4039,120503
2021-04-23,65.4656,120503
2021-04-26,65.8562,120503
2021-04-27,66.5924,120503
2021-04-28,67.9358,120503
2021-04-29,68.0292,120503
2021-04-30,66.9264,120503
2021-05-03,67.0875,120503
2021-05-04,66.6541,120503
2021-05-05,67.165,120503
2021-05-06,67.5074,120503
2021-05-07,67.558,120503
2021-05-10,68.1078,120503
2021-05-11,67.5422,120503
2021-05-12,66.9675,120503
2021-05-14,66.5356,120503
2021-05-17,67.3697,120503
2021-05-18,68.7087,120503
2021-05-19,68.4275,120503
2021-05-20,68.1195,120503
2021-05-21,69.0525,120503
2021-05-24,69.0821,120503
2021-05-25,69.3104,120503
2021-05-26,69.8961,120503
2021-05-27,70.0134,120503
2021-05-28,69.8483,120503
2021-05-31,70.2453,120503
2021-06-01,70.3808,120503
2021-06-02,70.9471,120503
2021-06-03,71.495,120503
2021-06-04,71.582,120503
2021-06-07,71.6821,120503
2021-06-08,71.682,120503
2021-06-09,71.4079,120503
2021-06-10,72.3612,120503
2021-06-11,72.2529,120503
2021-06-14,72.4523,120503
2021-06-15,72.8587,120503
2021-06-16,72.6385,120503
2021-06-17,72.3683,120503
2021-06-18,72.1931,120503
2021-06-21,72.3846,120503
2021-06-22,72.5265,120503
2021-06-23,72.1387,120503
2021-06-24,72.5226,120503
2021-06-25,72.8784,120503
2021-06-28,72.8531,120503
2021-06-29,72.726,120503
2021-06-30,72.8723,120503
2021-07-01,73.1256,120503
2021-07-02,73.4383,120503
2021-07-05,74.02,120503
2021-07-06,73.9922,120503
2021-07-07,74.2331,120503
2021-07-08,73.9363,120503
2021-07-09,74.0795,120503
2021-07-12,74.0474,120503
2021-07-13,74.0438,120503
2021-07-14,74.218,120503
2021-07-15,74.2924,120503
2021-07-16,74.3636,120503
2021-07-19,73.9938,120503
2021-07-20,73.8128,120503
2021-07-22,74.5876,120503
2021-07-23,74.5025,120503
2021-07-26,74.4544,120503
2021-07-27,74.294,120503
2021-07-28,74.1284,120503
2021-07-29,74.5288,120503
2021-07-30,74.2211,120503
2021-08-02,75.0437,120503
2021-08-03,75.9397,120503
2021-08-04,76.021,120503
2021-08-05,76.008,120503
2021-08-06,75.8131,120503
2021-08-09,75.5804,120503
2021-08-10,75.5859,120503
2021-08-11,75.3045,120503
2021-08-12,75.6608,120503
2021-08-13,75.9653,120503
2021-08-16,76.0397,120503
2021-08-17,76.4159,120503
2021-08-18,76.6204,120503
2021-08-20,76.3521,120503
2021-08-23,76.715,120503
2021-08-24,77.6842,120503
2021-08-25,77.9829,120503
2021-08-26,78.268,120503
2021-08-27,78.8144,120503
2021-08-30,80.0445,120503
2021-08-31,81.2869,120503
2021-09-01,81.3088,120503
2021-09-02,81.864,120503
2021-09-03,82.0104,120503
2021-09-06,81.9726,120503
2021-09-07,81.7986,120503
2021-09-08,82.0739,120503
2021-09-09,82.255,120503
2021-09-13,82.6854,120503
2021-09-14,83.0189,120503
2021-09-15,83.3885,120503
2021-09-16,83.8102,120503
2021-09-17,83.7154,120503
2021-09-20,83.2059,120503
2021-09-21,84.2897,120503
2021-09-22,84.2283,120503
2021-09-23,85.1846,120503
2021-09-24,84.766,120503
2021-09-27,84.3182,120503
2021-09-28,83.2962,120503
2021-09-29,82.9626,120503
2021-09-30,82.8497,120503
2021-10-01,82.3533,120503
2021-10-04,83.6199,120503
2021-10-05,83.9434,120503
2021-10-06,83.3956,120503
2021-10-07,84.116,120503
2021-10-08,84.2722,120503
2021-10-11,84.9535,120503
2021-10-12,85.2721,120503
2021-10-13,86.6202,120503
2021-10-14,87.4659,120503
2021-10-18,86.906,120503
2021-10-19,86.1444,120503
2021-10-20,84.8923,120503
2021-10-21,84.6113,120503
2021-10-22,83.9738,120503
2021-10-25,82.4621,120503
2021-10-26,83.7637,120503
2021-10-27,84.0077,120503
2021-10-28,83.2316,120503
2021-10-29,82.6397,120503
2021-11-01,83.4744,120503
2021-11-02,83.3971,120503
2021-11-03,83.3546,120503
2021-11-08,84.5536,120503
2021-11-09,84.4667,120503
2021-11-10,84.6363,120503
2021-11-11,84.2245,120503
2021-11-12,85.3485,120503
2021-11-15,85.4638,120503
2021-11-16,85.7294,120503
2021-11-17,85.3839,120503
2021-11-18,84.4609,120503
2021-11-22,81.8661,120503
2021-11-23,82.4535,120503
2021-11-24,82.3818,120503
2021-11-25,82.6405,120503
2021-11-26,80.5581,120503
2021-11-29,80.6496,120503
2021-11-30,80.8104,120503
2021-12-01,81.2494,120503
2021-12-02,82.3468,120503
2021-12-03,81.7367,120503
2021-12-06,80.1411,120503
2021-12-07,81.2636,120503
2021-12-08,82.3253,120503
2021-12-09,82.4078,120503
2021-12-10,82.4418,120503
2021-12-13,81.7787,120503
2021-12-14,81.5686,120503
2021-12-15,81.0588,120503
2021-12-16,81.036,120503
2021-12-17,79.6694,120503
2021-12-20,77.5931,120503
2021-12-21,78.0346,120503
2021-12-22,79.1261,120503
2021-12-23,79.6287,120503
2021-12-24,79.1895,120503
2021-12-27,79.5375,120503
2021-12-28,80.3139,120503
2021-12-29,80.2977,120503
2021-12-30,80.2221,120503
2021-12-31,81.2402,120503
2022-01-03,82.4289,120503
2022-01-04,83.287,120503
2022-01-05,83.8475,120503
2022-01-06,83.5037,120503
2022-01-07,83.8626,120503
2022-01-10,83.7001,120503
2022-01-11,83.932,120503
2022-01-12,83.6159,120503
2022-01-13,83.4606,120503
2022-01-14,83.7325,120503
2022-01-17,84.1011,120503
2022-01-18,83.0109,120503
2022-01-19,81.8537,120503
2022-01-20,81.238,120503
2022-01-21,79.7572,120503
2022-01-24,76.6805,120503
2022-01-25,76.7127,120503
2022-01-27,75.3274,120503
2022-01-28,75.6428,120503
2022-01-31,76.8741,120503
2022-02-01,77.887,120503
2022-02-02,79.1057,120503
2022-02-03,78.1087,120503
2022-02-04,78.1271,120503
2022-02-07,76.5225,120503
2022-02-08,76.2751,120503
2022-02-09,77.128,120503
2022-02-10,77.5656,120503
2022-02-11,76.053,120503
2022-02-14,74.1305,120503
2022-02-15,76.0554,120503
2022-02-16,75.8994,120503
2022-02-17,75.8591,120503
2022-02-18,75.2152,120503
2022-02-21,74.9357,120503
2022-02-22,74.6777,120503
2022-02-23,74.8289,120503
2022-02-24,71.3778,120503
2022-02-25,73.9328,120503
2022-02-28,74.4883,120503
2022-03-02,73.8204,120503
2022-03-03,73.3142,120503
2022-03-04,71.6986,120503
2022-03-07,69.7358,120503
2022-03-08,70.6214,120503
2022-03-09,71.7508,120503
2022-03-10,73.0061,120503
2022-03-11,73.1308,120503
2022-03-14,73.5318,120503
2022-03-15,73.1899,120503
2022-03-16,74.358,120503
2022-03-17,75.7167,120503
2022-03-21,74.8165,120503
2022-03-22,75.2075,120503
2022-03-23,75.0377,120503
2022-03-24,74.6781,120503
2022-03-25,74.332,120503
2022-03-28,74.1641,120503
2022-03-29,74.6649,120503
2022-03-30,75.6682,120503
2022-03-31,75.5061,120503
2022-04-01,76.3631,120503
2022-04-04,77.7401,120503
2022-04-05,77.8618,120503
2022-04-06,77.2841,120503
2022-04-07,76.7796,120503
2022-04-08,77.5007,120503
2022-04-11,77.4023,120503
2022-04-12,76.6442,120503
2022-04-13,76.3584,120503
2022-04-18,75.4011,120503
2022-04-19,74.1182,120503
2022-04-20,74.5345,120503
2022-04-21,75.4805,120503
2022-04-22,75.0345,120503
2022-04-25,74.1743,120503
2022-04-26,75.2145,120503
2022-04-27,73.9744,120503
2022-04-28,74.7458,120503
2022-04-29,74.2535,120503
2022-05-02,74.1048,120503
2022-05-04,71.9729,120503
2022-05-05,71.8904,120503
2022-05-06,68.9738,120503
2022-05-09,68.3816,120503
2022-05-10,67.7491,120503
2022-05-11,66.8623,120503
2022-05-12,65.4083,120503
2022-05-13,65.4373,120503
2022-05-16,66.2938,120503
2022-05-17,67.8271,120503
2022-05-18,67.772,120503
2022-05-19,65.8496,120503
2022-05-20,66.8472,120503
2022-05-23,66.6512,120503
2022-05-24,66.3628,120503
2022-05-25,65.4557,120503
2022-05-26,66.161,120503
2022-05-27,67.2291,120503
2022-05-30,68.533,120503
2022-05-31,69.1361,120503
2022-06-01,68.8319,120503
2022-06-02,68.8276,120503
2022-06-03,68.0717,120503
2022-06-06,67.548,120503
2022-06-07,66.7412,120503
2022-06-08,66.9337,120503
2022-06-09,67.2604,120503
2022-06-10,66.1339,120503
2022-06-13,64.4339,120503
2022-06-14,64.3993,120503
2022-06-15,64.8568,120503
2022-06-16,63.7459,120503
2022-06-17,62.9852,120503
2022-06-20,63.378,120503
2022-06-21,64.4233,120503
2022-06-22,63.7074,120503
2022-06-23,64.47,120503
2022-06-24,65.2431,120503
2022-06-27,65.5288,120503
2022-06-28,65.4275,120503
2022-06-29,64.8133,120503
2022-06-30,64.3604,120503
2022-07-01,65.0877,120503
2022-07-04,65.6105,120503
2022-07-05,65.7151,120503
2022-07-06,67.1482,120503
2022-07-07,67.537,120503
2022-07-08,67.7009,120503
2022-07-11,67.7432,120503
2022-07-12,66.9495,120503
2022-07-13,67.1057,120503
2022-07-14,67.0015,120503
2022-07-15,67.5691,120503
2022-07-18,68.6155,120503
2022-07-19,68.925,120503
2022-07-20,69.1252,120503
2022-07-21,69.9609,120503
2022-07-22,69.9601,120503
2022-07-25,69.7673,120503
2022-07-26,69.1326,120503
2022-07-27,69.8525,120503
2022-07-28,71.9063,120503
2022-07-29,72.9947,120503
2022-08-01,73.7095,120503
2022-08-02,74.0304,120503
2022-08-03,73.8828,120503
2022-08-04,74.2272,120503
2022-08-05,74.6044,120503
2022-08-08,74.8976,120503
2022-08-10,74.4544,120503
2022-08-11,75.3237,120503
2022-08-12,75.3228,120503
2022-08-16,75.8512,120503
2022-08-17,76.5286,120503
2022-08-18,76.6729,120503
2022-08-19,75.7918,120503
2022-08-22,74.4093,120503
2022-08-23,74.7255,120503
2022-08-24,75.1045,120503
2022-08-25,74.9546,120503
2022-08-26,75.2754,120503
2022-08-29,74.3321,120503
2022-08-30,76.2211,120503
2022-09-01,76.0456,120503
2022-09-02,76.2954,120503
2022-09-05,76.3428,120503
2022-09-06,75.9521,120503
2022-09-07,76.0521,120503
2022-09-08,76.6277,120503
2022-09-09,76.641,120503
2022-09-12,76.9253,120503
2022-09-13,77.3455,120503
2022-09-14,77.092,120503
2022-09-15,76.9184,120503
2022-09-16,74.951,120503
2022-09-19,75.4771,120503
2022-09-20,76.1536,120503
2022-09-21,75.5546,120503
2022-09-22,75.5508,120503
2022-09-23,74.1328,120503
2022-09-26,72.7149,120503
2022-09-27,72.7936,120503
2022-09-28,72.5238,120503
2022-09-29,72.1439,120503
2022-09-30,73.174,120503
2022-10-03,72.5115,120503
2022-10-04,74.1916,120503
2022-10-06,74.0728,120503
2022-10-07,73.8803,120503
2022-10-10,73.3259,120503
2022-10-11,72.1344,120503
2022-10-12,72.7405,120503
2022-10-13,72.2693,120503
2022-10-14,72.6922,120503
2022-10-17,72.939,120503
2022-10-18,73.3122,120503
2022-10-19,73.525,120503
2022-10-20,74.0023,120503
2022-10-21,73.1574,120503
2022-10-25,73.2124,120503
2022-10-27,73.0833,120503
2022-10-28,73.0108,120503
2022-10-31,73.9984,120503
2022-11-01,74.829,120503
2022-11-02,74.5626,120503
2022-11-03,74.4512,120503
2022-11-04,74.6355,120503
2022-11-07,74.3683,120503
2022-11-09,74.0695,120503
2022-11-10,73.2877,120503
2022-11-11,74.2379,120503
2022-11-14,74.4336,120503
2022-11-15,74.2266,120503
2022-11-16,73.9799,120503
2022-11-17,73.3032,120503
2022-11-18,73.0331,120503
2022-11-21,72.5227,120503
2022-11-22,72.8393,120503
2022-11-23,73.0808,120503
2022-11-24,73.4842,120503
2022-11-25,73.4058,120503
2022-11-28,73.7588,120503
2022-11-29,73.8042,120503
2022-11-30,74.3607,120503
2022-12-01,74.7124,120503
2022-12-02,74.5548,120503
2022-12-05,74.5897,120503
2022-12-06,74.5749,120503
2022-12-07,74.2084,120503
2022-12-08,74.0809,120503
2022-12-09,73.7258,120503
2022-12-12,73.8144,120503
2022-12-13,74.2943,120503
2022-12-14,74.7981,120503
2022-12-15,74.0003,120503
2022-12-16,73.0535,120503
2022-12-19,73.7565,120503
2022-12-20,73.6085,120503
2022-12-21,72.9939,120503
2022-12-22,72.4265,120503
2022-12-23,70.9687,120503
2022-12-26,71.8064,120503
2022-12-27,72.2696,120503
2022-12-28,72.239,120503
2022-12-29,72.326,120503
2022-12-30,72.1133,120503
2023-01-02,72.1487,120503
2023-01-03,72.4388,120503
2023-01-04,71.6233,120503
2023-01-05,70.7817,120503
2023-01-06,70.0052,120503
2023-01-09,70.68,120503
2023-01-10,70.3295,120503
2023-01-11,70.0302,120503
2023-01-12,70.1017,120503
2023-01-13,70.263,120503
2023-01-16,69.659,120503
2023-01-17,69.8692,120503
2023-01-18,70.0482,120503
2023-01-19,69.4972,120503
2023-01-20,69.0239,120503
2023-01-23,69.3624,120503
2023-01-24,69.2382,120503
2023-01-25,68.4487,120503
2023-01-27,68.0593,120503
2023-01-30,68.4819,120503
2023-01-31,68.3442,120503
2023-02-01,68.5751,120503
2023-02-02,68.5272,120503
2023-02-03,68.936,120503
2023-02-06,68.7995,120503
2023-02-07,68.8848,120503
2023-02-08,69.6656,120503
2023-02-09,69.8143,120503
2023-02-10,69.8154,120503
2023-02-13,68.9661,120503
2023-02-14,69.1866,120503
2023-02-15,70.0632,120503
2023-02-16,70.5816,120503
2023-02-17,70.0019,120503
2023-02-20,69.9459,120503
2023-02-21,69.9427,120503
2023-02-22,68.9248,120503
2023-02-23,68.7063,120503
2023-02-24,68.7126,120503
2023-02-27,68.4824,120503
2023-02-28,68.3805,120503
2023-03-01,68.9211,120503
2023-03-02,68.5425,120503
2023-03-03,68.7209,120503
2023-03-06,69.1585,120503
2023-03-08,69.0308,120503
2023-03-09,68.4496,120503
2023-03-10,67.9665,120503
2023-03-13,67.0393,120503
2023-03-14,66.4865,120503
2023-03-15,66.4041,120503
2023-03-16,66.6861,120503
2023-03-17,66.8784,120503
2023-03-20,66.3291,120503
2023-03-21,66.5076,120503
2023-03-22,66.8934,120503
2023-03-23,66.7888,120503
2023-03-24,66.2364,120503
2023-03-27,66.0237,120503
2023-03-28,65.9999,120503
2023-03-29,66.7265,120503
2023-03-31,67.5488,120503
2023-04-03,68.1351,120503
2023-04-05,68.808,120503
2023-04-06,69.073,120503
2023-04-10,68.8753,120503
2023-04-11,69.4778,120503
2023-04-12,69.8881,120503
2023-04-13,70.0008,120503
2023-04-17,69.9252,120503
2023-04-18,70.2852,120503
2023-04-19,70.0991,120503
2023-04-20,69.884,120503
2023-04-21,70.0472,120503
2023-04-24,70.1351,120503
2023-04-25,70.2622,120503
2023-04-26,70.2651,120503
2023-04-27,70.8328,120503
2023-04-28,71.9798,120503
2023-05-02,71.9451,120503
2023-05-03,72.0198,120503
2023-05-04,72.9185,120503
2023-05-05,72.7981,120503
2023-05-08,73.7065,120503
2023-05-09,73.7085,120503
2023-05-10,74.1124,120503
2023-05-11,74.2638,120503
2023-05-12,74.2078,120503
2023-05-15,73.9206,120503
2023-05-16,73.873,120503
2023-05-17,73.2558,120503
2023-05-18,73.0567,120503
2023-05-19,73.2915,120503
2023-05-22,73.7622,120503
2023-05-23,74.1111,120503
2023-05-24,73.9094,120503
2023-05-25,74.2147,120503
2023-05-26,75.2549,120503
2023-05-29,75.5785,120503
2023-05-30,75.6253,120503
2023-05-31,75.5768,120503
2023-06-01,75.9464,120503
2023-06-02,76.1186,120503
2023-06-05,76.1444,120503
2023-06-06,76.5604,120503
2023-06-07,77.6009,120503
2023-06-08,76.8357,120503
2023-06-09,76.9204,120503
2023-06-12,77.4286,120503
2023-06-13,77.9565,120503
2023-06-14,77.9651,120503
2023-06-15,78.5273,120503
2023-06-16,79.3826,120503
2023-06-19,79.3349,120503
2023-06-20,79.259,120503
2023-06-21,79.2999,120503
2023-06-22,78.3375,120503
2023-06-23,77.6483,120503
2023-06-26,77.8,120503
2023-06-27,78.1501,120503
2023-06-28,78.6424,120503
2023-06-30,79.0815,120503
2023-07-03,79.1417,120503
2023-07-04,79.7879,120503
2023-07-05,79.9962,120503
2023-07-06,80.3788,120503
2023-07-07,79.6889,120503
2023-07-10,78.8891,120503
2023-07-11,79.1498,120503
2023-07-12,79.3202,120503
2023-07-13,79.508,120503
2023-07-14,80.2997,120503
2023-07-17,80.1899,120503
2023-07-18,79.8305,120503
2023-07-19,80.4138,120503
2023-07-20,80.242,120503
2023-07-21,79.9104,120503
2023-07-24,79.672,120503
2023-07-25,79.7352,120503
2023-07-26,79.7424,120503
2023-07-27,79.2279,120503
2023-07-28,79.5813,120503
2023-07-31,79.6969,120503
2023-08-01,79.8018,120503
2023-08-02,79.1648,120503
2023-08-03,78.6486,120503
2023-08-04,79.4055,120503
2023-08-07,79.6001,120503
2023-08-08,79.3359,120503
2023-08-09,79.1715,120503
2023-08-10,78.8457,120503
2023-08-11,78.0866,120503
2023-08-14,77.6284,120503
2023-08-16,77.5465,120503
2023-08-17,77.1435,120503
2023-08-18,76.6833,120503
2023-08-21,77.3089,120503
2023-08-22,77.6152,120503
2023-08-23,77.7681,120503
2023-08-24,77.9647,120503
2023-08-25,77.7906,120503
2023-08-28,77.9343,120503
2023-08-29,78.4579,120503
2023-08-30,78.8146,120503
2023-08-31,78.33,120503
2023-09-01,78.7931,120503
2023-09-04,79.2103,120503
2023-09-05,79.6322,120503
2023-09-06,79.9096,120503
2023-09-07,80.2445,120503
2023-09-08,80.6406,120503
2023-09-11,81.2572,120503
2023-09-12,80.9115,120503
2023-09-13,80.88,120503
2023-09-14,81.4094,120503
2023-09-15,81.6974,120503
2023-09-18,81.6682,120503
2023-09-20,81.0945,120503
2023-09-21,80.4578,120503
2023-09-22,80.1359,120503
2023-09-25,80.5412,120503
2023-09-26,80.8138,120503
2023-09-27,80.9407,120503
2023-09-29,80.2623,120503
2023-10-03,80.4898,120503
2023-10-04,80.1873,120503
2023-10-05,80.5885,120503
2023-10-06,81.281,120503
2023-10-09,80.6672,120503
2023-10-10,81.3312,120503
2023-10-11,81.9337,120503
2023-10-12,81.5568,120503
2023-10-13,81.8571,120503
2023-10-16,81.4291,120503
2023-10-17,81.6217,120503
2023-10-18,81.0883,120503
2023-10-19,80.7616,120503
2023-10-20,80.6656,120503
2023-10-23,79.3914,120503
2023-10-25,78.9728,120503
2023-10-26,77.8286,120503
2023-10-27,78.5618,120503
2023-10-30,78.6548,120503
2023-10-31,78.7876,120503
2023-11-01,78.4438,120503
2023-11-02,79.0811,120503
2023-11-03,79.4676,120503
2023-11-06,80.2539,120503
2023-11-07,80.4516,120503
2023-11-08,80.8372,120503
2023-11-09,80.9422,120503
2023-11-10,81.0978,120503
2023-11-13,81.1712,120503
2023-11-15,81.9033,120503
2023-11-16,82.5266,120503
2023-11-17,82.6567,120503
2023-11-20,82.2374,120503
2023-11-21,82.3562,120503
2023-11-22,82.7354,120503
2023-11-23,82.3248,120503
2023-11-24,82.1289,120503
2023-11-28,82.5944,120503
2023-11-29,83.5921,120503
2023-11-30,84.2614,120503
2023-12-01,84.5496,120503
2023-12-04,85.3715,120503
2023-12-05,85.591,120503
2023-12-06,86.0435,120503
2023-12-07,86.3885,120503
2023-12-08,85.9606,120503
2023-12-11,86.2758,120503
2023-12-12,85.7571,120503
2023-12-13,85.5812,120503
2023-12-14,86.9194,120503
2023-12-15,87.4489,120503
2023-12-18,87.7642,120503
2023-12-19,87.7026,120503
2023-12-20,85.8692,120503
2023-12-21,86.3297,120503
2023-12-22,86.9823,120503
2023-12-26,87.1531,120503
2023-12-27,87.8865,120503
2023-12-28,88.2002,120503
2023-12-29,88.6224,120503
2024-01-01,88.5872,120503
2024-01-02,88.7896,120503
2024-01-03,88.276,120503
2024-01-04,89.3141,120503
2024-01-05,89.3931,120503
2024-01-08,88.4806,120503
2024-01-09,88.7379,120503
2024-01-10,88.6949,120503
2024-01-11,88.8697,120503
2024-01-12,89.2661,120503
2024-01-15,89.4426,120503
2024-01-16,89.0802,120503
2024-01-17,87.7973,120503
2024-01-18,87.3317,120503
2024-01-19,87.7628,120503
2024-01-23,86.1726,120503
2024-01-24,87.1611,120503
2024-01-25,86.7929,120503
2024-01-29,87.625,120503
2024-01-30,86.7464,120503
2024-01-31,87.6883,120503
2024-02-01,87.5274,120503
2024-02-02,88.0783,120503
2024-02-05,87.9175,120503
2024-02-06,88.8898,120503
2024-02-07,89.1219,120503
2024-02-08,88.8906,120503
2024-02-09,88.9904,120503
2024-02-12,88.4978,120503
2024-02-13,88.5891,120503
2024-02-14,88.6018,120503
2024-02-15,89.2836,120503
2024-02-16,89.9501,120503
2024-02-19,90.4864,120503
2024-02-20,90.5408,120503
2024-02-21,89.9277,120503
2024-02-22,90.5233,120503
2024-02-23,91.0211,120503
2024-02-26,90.4475,120503
2024-02-27,90.9648,120503
2024-02-28,89.799,120503
2024-02-29,89.9973,120503
2024-03-01,90.8589,120503
2024-03-04,90.746,120503
2024-03-05,90.0501,120503
2024-03-06,90.5435,120503
2024-03-07,90.9543,120503
2024-03-11,91.2347,120503
2024-03-12,91.1882,120503
2024-03-13,89.3397,120503
2024-03-14,90.2709,120503
2024-03-15,90.1664,120503
2024-03-18,90.5286,120503
2024-03-19,90.1635,120503
2024-03-20,90.1357,120503
2024-03-21,91.6362,120503
2024-03-22,92.3497,120503
2024-03-26,93.5808,120503
2024-03-27,93.9876,120503
2024-03-28,94.7358,120503
2024-03-31,94.7314,120503
2024-04-01,95.504,120503
2024-04-02,95.7608,120503
2024-04-03,95.9101,120503
2024-04-04,96.4476,120503
2024-04-05,96.6215,120503
2024-04-08,97.5362,120503
2024-04-09,97.5888,120503
2024-04-10,97.6149,120503
2024-04-12,97.352,120503
2024-04-15,95.7903,120503
2024-04-16,95.2528,120503
2024-04-18,94.7785,120503
2024-04-19,95.0403,120503
2024-04-22,95.5704,120503
2024-04-23,95.9438,120503
2024-04-24,96.3725,120503
2024-04-25,96.2399,120503
2024-04-26,95.5204,120503
2024-04-29,96.2744,120503
2024-04-30,96.3277,120503
2024-05-02,96.6825,120503
2024-05-03,96.2268,120503
2024-05-06,96.1226,120503
2024-05-07,95.2615,120503
2024-05-08,95.1781,120503
2024-05-09,94.1648,120503
2024-05-10,94.944,120503
2024-05-13,94.9181,120503
2024-05-14,95.0867,120503
2024-05-15,95.3403,120503
2024-05-16,95.8039,120503
2024-05-17,96.5667,120503
2024-05-21,96.6377,120503
2024-05-22,96.6311,120503
2024-05-23,97.6268,120503
2024-05-24,97.1641,120503
2024-05-27,97.2496,120503
2024-05-28,96.9662,120503
2024-05-29,96.422,120503
2024-05-30,95.26,120503
2024-05-31,95.3435,120503
2024-06-03,97.572,120503
2024-06-04,93.8529,120503
2024-06-05,97.1538,120503
2024-06-06,97.7973,120503
2024-06-07,99.5188,120503
2024-06-10,99.7429,120503
2024-06-11,99.8719,120503
2024-06-12,100.2724,120503
2024-06-13,101.0481,120503
2024-06-14,101.7146,120503
2024-06-18,102.2403,120503
2024-06-19,101.7992,120503
2024-06-20,101.8546,120503
2024-06-21,101.2079,120503
2024-06-24,101.9085,120503
2024-06-25,102.2506,120503
2024-06-26,102.4418,120503
2024-06-27,103.0033,120503
2024-06-28,102.6191,120503
2024-07-01,103.1944,120503
2024-07-02,102.868,120503
2024-07-03,103.5393,120503
2024-07-04,103.5511,120503
2024-07-05,103.8188,120503
2024-07-08,103.2534,120503
2024-07-09,103.826,120503
2024-07-10,103.6139,120503
2024-07-11,103.391,120503
2024-07-12,103.8648,120503
2024-07-15,104.2503,120503
2024-07-16,104.2689,120503
2024-07-18,104.7371,120503
2024-07-19,103.1529,120503
2024-07-22,103.7408,120503
2024-07-23,103.4111,120503
2024-07-24,103.5237,120503
2024-07-25,103.9297,120503
2024-07-26,105.5663,120503
2024-07-29,106.152,120503
2024-07-30,106.1309,120503
2024-07-31,107.2541,120503
2024-08-01,106.8677,120503
2024-08-02,106.2855,120503
2024-08-05,103.3697,120503
2024-08-06,102.7567,120503
2024-08-07,104.7231,120503
2024-08-08,104.0397,120503
2024-08-09,105.1196,120503
2024-08-12,104.7072,120503
2024-08-13,103.6796,120503
2024-08-14,103.5686,120503
2024-08-16,105.3212,120503
2024-08-19,105.1849,120503
2024-08-20,106.4228,120503
2024-08-21,106.4116,120503
2024-08-22,106.7491,120503
2024-08-23,106.6293,120503
2024-08-26,107.2803,120503
2024-08-27,107.7123,120503
2024-08-28,107.8057,120503
2024-08-29,107.8731,120503
2024-08-30,108.8193,120503
2024-08-31,108.8172,120503
2024-09-02,108.9623,120503
2024-09-03,108.8271,120503
2024-09-04,108.8874,120503
2024-09-05,108.8654,120503
2024-09-06,108.1266,120503
2024-09-09,108.295,120503
2024-09-10,108.8255,120503
2024-09-11,108.7761,120503
2024-09-12,110.5163,120503
2024-09-13,110.5442,120503
2024-09-16,110.7179,120503
2024-09-17,110.9778,120503
2024-09-18,111.2418,120503
2024-09-19,111.1788,120503
2024-09-20,112.7908,120503
2024-09-23,113.547,120503
2024-09-24,113.5942,120503
2024-09-25,113.1368,120503
2024-09-26,113.6849,120503
2024-09-27,113.6083,120503
2024-09-30,112.3338,120503
2024-10-01,112.3285,120503
2024-10-03,110.1986,120503
2024-10-04,109.2162,120503
2024-10-07,107.8549,120503
2024-10-08,109.2294,120503
2024-10-09,110.5143,120503
2024-10-10,110.2257,120503
2024-10-11,110.2456,120503
2024-10-14,110.681,120503
2024-10-15,110.569,120503
2024-10-16,110.0784,120503
2024-10-17,108.5302,120503
2024-10-18,108.7862,120503
2024-10-21,108.0928,120503
2024-10-22,106.4297,120503
2024-10-23,106.768,120503
2024-10-24,106.5309,120503
2024-10-25,105.8433,120503
2024-10-28,105.3964,120503
2024-10-29,105.9613,120503
2024-10-30,105.6041,120503
2024-10-31,105.222,120503
2024-11-04,104.8151,120503
2024-11-05,104.9973,120503
2024-11-06,106.7263,120503
2024-11-07,105.9354,120503
2024-11-08,105.3856,120503
2024-11-11,105.1594,120503
2024-11-12,104.013,120503
2024-11-13,102.2523,120503
2024-11-14,102.3533,120503
2024-11-18,102.287,120503
2024-11-19,102.9426,120503
2024-11-21,102.6084,120503
2024-11-22,104.0153,120503
2024-11-25,105.6098,120503
2024-11-26,105.3089,120503
2024-11-27,105.5935,120503
2024-11-28,104.5539,120503
2024-11-29,105.2259,120503
2024-11-30,105.2243,120503
2024-12-02,106.339,120503
2024-12-03,107.207,120503
2024-12-04,107.6559,120503
2024-12-05,108.3787,120503
2024-12-06,108.4356,120503
2024-12-09,108.3583,120503
2024-12-10,108.5727,120503
2024-12-11,108.7957,120503
2024-12-12,108.5429,120503
2024-12-13,108.8347,120503
2024-12-16,108.7447,120503
2024-12-17,107.6416,120503
2024-12-18,107.2865,120503
2024-12-19,106.5383,120503
2024-12-20,104.3714,120503
2024-12-23,104.9395,120503
2024-12-24,104.7647,120503
2024-12-26,104.9719,120503
2024-12-27,105.0556,120503
2024-12-30,104.8623,120503
2024-12-31,104.8418,120503
2025-01-01,105.2098,120503
2025-01-02,107.1106,120503
2025-01-03,106.6103,120503
2025-01-06,104.6558,120503
2025-01-07,104.7743,120503
2025-01-08,103.8402,120503
2025-01-09,103.1098,120503
2025-01-10,102.1012,120503
2025-01-13,99.3562,120503
2025-01-14,100.491,120503
2025-01-15,100.6352,120503
2025-01-16,101.4904,120503
2025-01-17,101.1868,120503
2025-01-20,101.7412,120503
2025-01-21,99.7482,120503
2025-01-22,99.589,120503
2025-01-23,100.7177,120503
2025-01-24,99.8878,120503
2025-01-27,98.2629,120503
2025-01-28,98.499,120503
2025-01-29,100.3048,120503
2025-01-30,100.5817,120503
2025-01-31,101.3764,120503
2025-02-03,101.8419,120503
2025-02-04,103.0829,120503
2025-02-05,103.119,120503
2025-02-06,102.6583,120503
2025-02-07,102.7818,120503
2025-02-10,101.4198,120503
2025-02-11,99.5049,120503
2025-02-12,99.4579,120503
2025-02-13,99.6044,120503
2025-02-14,98.4378,120503
2025-02-17,98.3385,120503
2025-02-18,98.3192,120503
2025-02-19,98.672,120503
2025-02-20,98.9287,120503
2025-02-21,98.1576,120503
2025-02-24,97.2366,120503
2025-02-25,97.3105,120503
2025-02-27,96.8975,120503
2025-02-28,94.9501,120503
2025-03-03,95.4362,120503
2025-03-04,95.5268,120503
2025-03-05,96.6508,120503
2025-03-06,97.2896,120503
2025-03-07,97.102,120503
2025-03-10,96.3467,120503
2025-03-11,96.6916,120503
2025-03-12,96.5719,120503
2025-03-13,96.1511,120503
2025-03-17,96.9284,120503
2025-03-18,98.7757,120503
2025-03-19,99.6691,120503
2025-03-20,100.6482,120503
2025-03-21,101.6223,120503
2025-03-24,102.5148,120503
2025-03-25,102.1034,120503
2025-03-26,101.5005,120503
2025-03-27,101.9948,120503
2025-03-28,101.5135,120503
2025-03-31,101.5097,120503
2025-04-01,100.0834,120503
2025-04-02,101.0307,120503
2025-04-03,100.777,120503
2025-04-04,99.3327,120503
2025-04-07,96.4224,120503
2025-04-08,98.1202,120503
2025-04-09,97.7243,120503
2025-04-11,99.4468,120503
2025-04-15,101.8933,120503
2025-04-16,102.318,120503
2025-04-17,103.6475,120503
2025-04-21,104.8758,120503
2025-04-22,105.2172,120503
2025-04-23,105.8792,120503
2025-04-24,105.5627,120503
2025-04-25,104.075,120503
2025-04-28,104.9692,120503
2025-04-29,104.8552,120503
2025-04-30,104.6451,120503
2025-05-02,104.4724,120503
2025-05-05,105.2187,120503
2025-05-06,104.2762,120503
2025-05-07,104.8398,120503
2025-05-08,103.5049,120503
2025-05-09,102.6314,120503
2025-05-12,106.1881,120503
2025-05-13,105.499,120503
2025-05-14,106.0607,120503
2025-05-15,107.2349,120503
2025-05-16,107.4778,120503
2025-05-19,107.379,120503
2025-05-20,105.8304,120503
2025-05-21,106.6077,120503
2025-05-22,106.1852,120503
2025-05-23,107.0146,120503
2025-05-26,107.4818,120503
2025-05-27,107.03,120503
2025-05-28,106.7675,120503
2025-05-29,107.1679,120503
2025-05-30,106.9783,120503
2025-05-31,106.9766,120503
2025-06-02,107.0707,120503
2025-06-03,106.5283,120503
2025-06-04,107.0655,120503
2025-06-05,107.5533,120503
2025-06-06,108.4007,120503
2025-06-09,108.9621,120503
2025-06-10,108.8321,120503
2025-06-11,108.7816,120503
2025-06-12,107.5691,120503
2025-06-13,107.014,120503
2025-06-16,107.9842,120503
2025-06-17,107.5374,120503
2025-06-18,107.2775,120503
2025-06-19,106.6482,120503
2025-06-20,108.1514,120503
2025-06-23,107.9543,120503
2025-06-24,108.5319,120503
2025-06-25,109.3692,120503
2025-06-26,110.2355,120503
2025-06-27,110.74,120503
2025-06-30,110.6845,120503
2025-07-01,110.588,120503
2025-07-02,110.2267,120503
2025-07-03,109.8742,120503
2025-07-04,110.133,120503
2025-07-07,109.9783,120503
2025-07-08,110.1649,120503
2025-07-09,110.2936,120503
2025-07-10,109.7323,120503
2025-07-11,108.6737,120503
2025-07-14,108.827,120503
2025-07-15,109.4895,120503
2025-07-16,109.4752,120503
2025-07-17,109.3117,120503
2025-07-18,108.78,120503
2025-07-21,109.7098,120503
2025-07-22,109.7437,120503
2025-07-23,110.268,120503
2025-07-24,109.8416,120503
2025-07-25,108.763,120503
2025-07-28,107.8724,120503
2025-07-29,108.5168,120503
2025-07-30,108.8599,120503
2025-07-31,108.4305,120503
2025-08-01,107.3597,120503
2025-08-04,108.1149,120503
2025-08-05,108.0923,120503
2025-08-06,107.5084,120503
2025-08-07,107.8011,120503
2025-08-08,106.5285,120503
2025-08-11,107.3883,120503
2025-08-12,106.9215,120503
2025-08-13,107.7607,120503
2025-08-14,107.8455,120503
2025-08-18,109.045,120503
2025-08-19,109.5723,120503
2025-08-20,110.0113,120503
2025-08-21,110.1151,120503
2025-08-22,109.6513,120503
2025-08-25,109.9294,120503
2025-08-26,108.7132,120503
2025-08-28,107.4756,120503
2025-08-29,107.1259,120503
2025-08-31,107.1217,120503
2025-09-01,108.3462,120503
2025-09-02,108.2047,120503
2025-09-03,108.7666,120503
2025-09-04,108.9265,120503
2025-09-05,108.7583,120503
2025-09-08,108.9657,120503
2025-09-09,109.2062,120503
2025-09-10,109.7209,120503
2025-09-11,109.7409,120503
2025-09-12,110.0814,120503
2025-09-15,110.1522,120503
2025-09-16,110.8008,120503
2025-09-17,111.2323,120503
2025-09-18,111.5335,120503
2025-09-19,111.231,120503
2025-09-22,110.7182,120503
2025-09-23,110.3401,120503
2025-09-24,109.7608,120503
2025-09-25,108.9191,120503
2025-09-26,107.2246,120503
2025-09-30,107.3134,120503
2025-10-01,107.8239,120503
2025-10-03,108.1386,120503
2025-10-06,108.9326,120503
2025-10-07,109.3201,120503
2025-10-08,109.065,120503
2025-10-09,109.5882,120503
2025-10-10,109.959,120503
2025-10-13,109.9552,120503
2025-10-14,109.6634,120503
2025-10-15,110.7365,120503
2025-10-16,111.5399,120503
2025-10-17,111.7489,120503
2025-10-20,111.9025,120503
2025-10-23,111.8587,120503
2025-10-24,111.6549,120503
2025-10-27,112.2705,120503
2025-10-28,111.9031,120503
2025-10-29,112.4068,120503
2025-10-30,111.8699,120503
2025-10-31,111.0948,120503
2025-11-03,111.7992,120503
2025-11-04,111.4046,120503
2025-11-06,110.4409,120503
2025-11-07,110.4431,120503
2025-11-10,110.9776,120503
2025-11-11,111.1622,120503
2025-11-12,111.5788,120503
2025-11-13,111.4226,120503
2025-11-14,111.2034,120503
2025-11-17,111.7933,120503
2025-11-18,111.1769,120503
2025-11-19,111.7018,120503
2025-11-20,112.0795,120503
2025-11-21,111.1918,120503
2025-11-24,110.661,120503
2025-11-25,110.5608,120503
2025-11-26,111.8355,120503
2025-11-27,111.8115,120503
2025-11-28,111.8357,120503
2025-11-30,111.8311,120503
2025-12-01,111.6365,120503
2025-12-02,111.2677,120503
2025-12-03,110.7813,120503
2025-12-04,110.8486,120503
2025-12-05,111.1487,120503
2025-12-08,109.6141,120503
2025-12-09,109.7035,120503
2025-12-10,109.0886,120503
2025-12-11,109.7762,120503
2025-12-12,110.519,120503
2025-12-15,110.3582,120503
2025-12-16,109.7392,120503
2025-12-17,109.3091,120503
2025-12-18,109.2532,120503
2025-12-19,110.1534,120503
2025-12-22,110.7862,120503
2025-12-23,110.852,120503
2025-12-24,110.6485,120503
2025-12-26,110.2666,120503
2025-12-29,109.8211,120503
2025-12-30,109.5506,120503
2025-12-31,110.2419,120503
2026-01-01,110.5516,120503
2026-01-02,111.5357,120503
2026-01-05,111.1802,120503
2026-01-06,111.2492,120503
2026-01-07,111.3106,120503
2026-01-08,110.0573,120503
2026-01-09,108.8498,120503
2026-01-12,108.8931,120503
2026-01-13,108.8425,120503
2026-01-14,108.5048,120503
2026-01-16,108.6446,120503
2026-01-19,108.3617,120503
2026-01-20,106.5056,120503
2026-01-21,106.0731,120503
2026-01-22,106.8714,120503
2026-01-23,105.7171,120503
2026-01-27,105.945,120503
2026-01-28,107.0296,120503
2026-01-29,107.1759,120503
2026-01-30,107.1918,120503
2026-01-31,107.1897,120503
2026-02-02,106.1596,120503
2026-02-03,109.0955,120503
2026-02-04,109.288,120503
2026-02-05,109.0137,120503
2026-02-06,109.1756,120503
2026-02-09,110.3845,120503
2026-02-10,110.6519,120503
2026-02-11,110.8392,120503
2026-02-12,110.5365,120503
2026-02-13,109.3409,120503
2026-02-16,109.8444,120503
2026-02-17,110.0806,120503
2026-02-18,110.6303,120503
2026-02-19,109.0091,120503
2026-02-20,109.5273,120503
2026-02-23,110.291,120503
2026-02-24,109.3681,120503
2026-02-25,109.9293,120503
2026-02-26,110.2945,120503
2026-02-27,108.9345,120503
2026-02-28,108.9325,120503
2026-03-02,107.5231,120503
2026-03-04,105.4928,120503
2026-03-05,106.7297,120503
2026-03-06,105.405,120503
2026-03-09,103.3882,120503
2026-03-10,104.7593,120503
2026-03-11,102.9776,120503
2026-03-12,101.9718,120503
2026-03-13,99.7111,120503
2026-03-16,100.396,120503
2026-03-17,101.2496,120503
2026-03-18,102.4592,120503
2026-03-19,99.1597,120503
2026-03-20,99.6142,120503
2026-03-23,96.713,120503
2026-03-24,98.6597,120503
2026-03-25,100.7319,120503
2026-03-27,98.6739,120503
2026-03-30,96.2768,120503
2026-03-31,96.2753,120503
2026-04-01,97.7184,120503
2026-04-02,97.52,120503
2026-04-06,98.8014,120503
2026-04-07,99.3876,120503
2026-04-08,103.2833,120503
2026-04-09,102.5494,120503
2026-04-10,104.1348,120503
2026-04-13,103.2303,120503
2026-04-15,104.9259,120503
2026-04-16,105.117,120503
2026-04-17,105.9826,120503
2026-04-20,106.2063,120503
2026-04-21,107.2434,120503
2026-04-22,106.8299,120503
2026-04-23,106.1301,120503
2026-04-24,105.0928,120503
2026-04-27,106.0528,120503
2026-04-28,105.6212,120503
2026-04-29,106.0698,120503
2026-04-30,105.2845,120503
2026-05-04,105.7449,120503
2026-05-05,105.8387,120503
2026-05-06,107.3354,120503
2026-05-07,107.6729,120503
2026-05-08,107.15,120503
2026-05-11,105.6066,120503
2026-05-12,103.3384,120503
2026-05-13,103.396,120503
2026-05-14,104.5531,120503
2026-05-15,104.2918,120503
2026-05-18,104.1556,120503
2026-05-19,104.2767,120503
2026-05-20,104.6046,120503
2026-05-21,104.4915,120503
2026-05-22,104.7708,120503
2026-05-25,105.9217,120503
2026-05-26,105.5115,120503
2026-05-27,105.9296,120503
2026-05-29,104.3129,120503
2026-05-31,104.3083,120503
2026-06-01,103.0948,120503
2026-06-02,103.5959,120503
2026-06-03,103.4809,120503
2026-06-04,103.6421,120503
2026-06-05,103.8102,120503
2026-06-08,102.4845,120503
2026-06-09,103.5259,120503
2026-06-10,103.1873,120503
2026-06-11,102.8808,120503
2026-06-12,105.2124,120503
2026-06-15,106.5977,120503
2026-06-16,107.014,120503
2026-06-17,107.5348,120503
2026-06-18,108.0081,120503
2026-06-19,107.9636,120503
2026-06-22,108.4681,120503
2026-06-23,107.5421,120503
2026-06-24,108.2944,120503
2026-06-25,108.3758,120503
2026-06-29,107.7804,120503
2026-06-30,108.0088,120503
2026-07-01,108.6895,120503
2026-07-02,109.4883,120503
2026-07-03,109.3672,120503
2026-07-06,110.2532,120503
2026-07-07,110.0997,120503
2026-07-08,107.9598,120503
2026-07-09,108.7362,120503
2026-07-10,109.7969,120503
2026-07-13,109.605,120503
2026-07-14,109.0188,120503
2026-07-15,109.6775,120503
2026-07-16,109.2867,120503
2026-07-17,109.8582,120503
2026-07-20,109.8895,120503
2026-07-21,110.1859,120503
2026-07-22,109.2279,120503
2026-07-23,108.5863,120503
2026-07-24,108.0484,120503
2026-07-27,109.3678,120503
2026-07-28,109.3376,120503
2013-01-07,30.6076,120841
2013-01-08,30.6239,120841
2013-01-09,30.6492,120841
2013-01-10,30.6784,120841
2013-01-11,30.6305,120841
2013-01-14,30.6862,120841
2013-01-15,30.6993,120841
2013-01-16,30.6804,120841
2013-01-17,30.6565,120841
2013-01-18,30.658,120841
2013-01-21,30.6574,120841
2013-01-22,30.6627,120841
2013-01-23,30.6688,120841
2013-01-24,30.6574,120841
2013-01-25,30.6611,120841
2013-01-28,30.6878,120841
2013-01-29,30.674,120841
2013-01-30,30.6441,120841
2013-01-31,30.6763,120841
2013-02-01,30.7201,120841
2013-02-04,30.7231,120841
2013-02-05,30.6673,120841
2013-02-06,30.7067,120841
2013-02-07,30.6882,120841
2013-02-08,30.6813,120841
2013-02-11,30.5643,120841
2013-02-12,30.6846,120841
2013-02-13,30.693,120841
2013-02-14,30.648,120841
2013-02-15,30.6442,120841
2013-02-18,30.6588,120841
2013-02-19,30.6778,120841
2013-02-20,30.7038,120841
2013-02-21,30.6841,120841
2013-02-22,30.6784,120841
2013-02-25,30.8655,120841
2013-02-26,30.8517,120841
2013-02-27,30.8692,120841
2013-02-28,30.8823,120841
2013-03-01,30.8771,120841
2013-03-04,30.9006,120841
2013-03-05,30.9255,120841
2013-03-06,30.9339,120841
2013-03-07,30.9351,120841
2013-03-08,30.9455,120841
2013-03-11,30.9535,120841
2013-03-12,30.9494,120841
2013-03-13,30.9439,120841
2013-03-14,30.9591,120841
2013-03-15,30.9911,120841
2013-03-18,30.9884,120841
2013-03-19,30.9834,120841
2013-03-20,30.9819,120841
2013-03-21,30.9869,120841
2013-03-22,30.9812,120841
2013-03-25,30.9981,120841
2013-03-26,30.9902,120841
2013-03-28,31.0136,120841
2013-03-29,31.0185,120841
2013-04-01,31.055,120841
2013-04-02,31.0775,120841
2013-04-03,31.0919,120841
2013-04-04,31.0996,120841
2013-04-05,31.0949,120841
2013-04-08,31.1187,120841
2013-04-09,31.1389,120841
2013-04-10,31.1225,120841
2013-04-11,31.1374,120841
2013-04-12,31.1464,120841
2013-04-15,31.1685,120841
2013-04-16,31.1787,120841
2013-04-17,31.1958,120841
2013-04-18,31.2408,120841
2013-04-19,31.2458,120841
2013-04-22,31.2718,120841
2013-04-23,31.2609,120841
2013-04-24,31.2657,120841
2013-04-25,31.3033,120841
2013-04-26,31.3278,120841
2013-04-29,31.3398,120841
2013-04-30,31.3503,120841
2013-05-02,31.3834,120841
2013-05-03,31.3656,120841
2013-05-06,31.3995,120841
2013-05-07,31.4319,120841
2013-05-08,31.4751,120841
2013-05-09,31.4968,120841
2013-05-10,31.4982,120841
2013-05-13,31.4879,120841
2013-05-14,31.5705,120841
2013-05-15,31.5899,120841
2013-05-16,31.5827,120841
2013-05-17,31.5851,120841
2013-05-20,31.5989,120841
2013-05-21,31.5881,120841
2013-05-22,31.5981,120841
2013-05-23,31.6113,120841
2013-05-24,31.6135,120841
2013-05-27,31.6336,120841
2013-05-28,31.6184,120841
2013-05-29,31.6166,120841
2013-05-30,31.6382,120841
2013-05-31,31.6046,120841
2013-06-03,31.5998,120841
2013-06-04,31.6364,120841
2013-06-05,31.6295,120841
2013-06-06,31.6568,120841
2013-06-07,31.6497,120841
2013-06-10,31.6326,120841
2013-06-11,31.5828,120841
2013-06-12,31.5693,120841
2013-06-13,31.5726,120841
2013-06-14,31.5823,120841
2013-06-17,31.6026,120841
2013-06-18,31.6199,120841
2013-06-19,31.6167,120841
2013-06-20,30.9819,120841
2013-06-21,31.5604,120841
2013-06-24,31.5935,120841
2013-06-25,31.5983,120841
2013-06-26,31.5682,120841
2013-06-27,31.551,120841
2013-06-28,31.6061,120841
2013-07-01,31.6354,120841
2013-07-02,31.6447,120841
2013-07-03,31.6149,120841
2013-07-04,31.7005,120841
2013-07-05,31.7308,120841
2013-07-08,31.6958,120841
2013-07-09,31.7138,120841
2013-07-10,31.7128,120841
2013-07-11,31.757,120841
2013-07-12,31.8051,120841
2013-07-15,31.8193,120841
2013-07-16,31.5549,120841
2013-07-17,31.5346,120841
2013-07-18,31.6192,120841
2013-07-19,31.6159,120841
2013-07-22,31.5924,120841
2013-07-23,31.5579,120841
2013-07-24,31.3712,120841
2013-07-25,31.5939,120841
2013-07-26,31.591,120841
2013-07-29,31.5584,120841
2013-07-30,31.5287,120841
2013-07-31,31.463,120841
2013-08-01,31.5515,120841
2013-08-02,31.5368,120841
2013-08-05,31.5483,120841
2013-08-06,31.5344,120841
2013-08-07,31.5634,120841
2013-08-08,31.6269,120841
2013-08-12,31.6104,120841
2013-08-13,31.6179,120841
2013-08-14,31.5721,120841
2013-08-16,31.4561,120841
2013-08-19,31.2745,120841
2013-08-20,31.2916,120841
2013-08-21,31.4778,120841
2013-08-22,31.477,120841
2013-08-23,31.5853,120841
2013-08-26,31.5711,120841
2013-08-27,31.403,120841
2013-08-28,31.3056,120841
2013-08-29,31.3412,120841
2013-08-30,31.4007,120841
2013-09-02,31.5122,120841
2013-09-03,31.4503,120841
2013-09-04,31.5182,120841
2013-09-05,31.6593,120841
2013-09-06,31.6505,120841
2013-09-10,31.733,120841
2013-09-11,31.7662,120841
2013-09-12,31.7783,120841
2013-09-13,31.8004,120841
2013-09-16,31.8692,120841
2013-09-17,31.8351,120841
2013-09-18,31.8899,120841
2013-09-19,32.0075,120841
2013-09-20,31.934,120841
2013-09-23,31.8585,120841
2013-09-24,31.8426,120841
2013-09-25,31.8851,120841
2013-09-26,31.916,120841
2013-09-27,31.9532,120841
2013-09-30,31.9301,120841
2013-10-01,31.9686,120841
2013-10-02,31.974,120841
2013-10-03,32.0673,120841
2013-10-04,32.0989,120841
2013-10-07,32.1285,120841
2013-10-08,32.2513,120841
2013-10-09,32.3213,120841
2013-10-10,32.301,120841
2013-10-11,32.3317,120841
2013-10-14,32.3093,120841
2013-10-15,32.2883,120841
2013-10-16,32.2938,120841
2013-10-17,32.3189,120841
2013-10-18,32.4268,120841
2013-10-21,32.4775,120841
2013-10-22,32.4872,120841
2013-10-23,32.5233,120841
2013-10-24,32.5346,120841
2013-10-25,32.5173,120841
2013-10-28,32.5484,120841
2013-10-29,32.6515,120841
2013-10-30,32.6125,120841
2013-10-31,32.6518,120841
2013-11-01,32.6454,120841
2013-11-04,32.6618,120841
2013-11-05,32.7174,120841
2013-11-06,32.6265,120841
2013-11-07,32.5983,120841
2013-11-08,32.5316,120841
2013-11-11,32.4955,120841
2013-11-12,32.3947,120841
2013-11-13,32.4322,120841
2013-11-14,32.4418,120841
2013-11-15,32.4474,120841
2013-11-18,32.4751,120841
2013-11-19,32.5017,120841
2013-11-20,32.5391,120841
2013-11-21,32.488,120841
2013-11-22,32.5096,120841
2013-11-25,32.5583,120841
2013-11-26,32.5796,120841
2013-11-27,32.6643,120841
2013-11-28,32.7085,120841
2013-11-29,32.7537,120841
2013-12-02,32.7932,120841
2013-12-03,32.7924,120841
2013-12-04,32.7606,120841
2013-12-05,32.8103,120841
2013-12-06,32.8026,120841
2013-12-09,32.8598,120841
2013-12-10,32.8561,120841
2013-12-11,32.8339,120841
2013-12-12,32.8431,120841
2013-12-13,32.807,120841
2013-12-16,32.8574,120841
2013-12-17,32.834,120841
2013-12-18,32.9813,120841
2013-12-19,33.0031,120841
2013-12-20,33.0843,120841
2013-12-21,33.09,120841
2013-12-23,33.1548,120841
2013-12-24,33.1496,120841
2013-12-26,33.1844,120841
2013-12-27,33.2216,120841
2013-12-30,33.2426,120841
2013-12-31,33.267,120841
2014-01-01,33.2578,120841
2014-01-02,33.2215,120841
2014-01-03,33.2596,120841
2014-01-06,33.1183,120841
2014-01-07,33.1179,120841
2014-01-08,33.1048,120841
2014-01-09,33.1135,120841
2014-01-10,33.1133,120841
2014-01-13,33.1891,120841
2014-01-14,33.185,120841
2014-01-15,33.2341,120841
2014-01-16,33.2535,120841
2014-01-17,33.1938,120841
2014-01-20,33.2606,120841
2014-01-21,33.2731,120841
2014-01-22,33.271,120841
2014-01-23,33.2825,120841
2014-01-24,33.2323,120841
2014-01-27,33.1357,120841
2014-01-28,33.0627,120841
2014-01-29,33.059,120841
2014-01-30,32.9481,120841
2014-01-31,33.0176,120841
2014-02-03,33.0118,120841
2014-02-04,32.9965,120841
2014-02-05,33.0271,120841
2014-02-06,33.0351,120841
2014-02-07,33.0979,120841
2014-02-10,33.1096,120841
2014-02-11,33.0822,120841
2014-02-12,33.0892,120841
2014-02-13,33.0386,120841
2014-02-14,33.0458,120841
2014-02-17,33.1427,120841
2014-02-18,33.2698,120841
2014-02-19,33.2091,120841
2014-02-20,33.2042,120841
2014-02-21,33.2961,120841
2014-02-24,33.4027,120841
2014-02-25,33.443,120841
2014-02-26,33.5375,120841
2014-02-28,33.4958,120841
2014-03-03,33.4822,120841
2014-03-04,33.6518,120841
2014-03-05,33.72,120841
2014-03-06,33.822,120841
2014-03-07,33.8733,120841
2014-03-10,33.8479,120841
2014-03-11,33.9443,120841
2014-03-12,33.918,120841
2014-03-13,33.8708,120841
2014-03-14,33.8191,120841
2014-03-18,33.8637,120841
2014-03-19,33.908,120841
2014-03-20,33.9027,120841
2014-03-21,33.9409,120841
2014-03-24,34.0039,120841
2014-03-25,33.9937,120841
2014-03-26,33.998,120841
2014-03-27,34.1115,120841
2014-03-28,34.2524,120841
2014-03-31,34.3716,120841
2014-04-01,34.4386,120841
2014-04-02,34.4663,120841
2014-04-03,34.4587,120841
2014-04-04,34.5208,120841
2014-04-07,34.5081,120841
2014-04-09,34.6294,120841
2014-04-10,34.6955,120841
2014-04-11,34.8263,120841
2014-04-15,34.8415,120841
2014-04-16,34.8088,120841
2014-04-17,35.0202,120841
2014-04-21,35.2201,120841
2014-04-22,35.2249,120841
2014-04-23,35.277,120841
2014-04-25,35.3158,120841
2014-04-28,35.4212,120841
2014-04-29,35.3096,120841
2014-04-30,35.1457,120841
2014-05-02,35.0865,120841
2014-05-05,35.0838,120841
2014-05-06,35.0292,120841
2014-05-07,34.9808,120841
2014-05-08,34.9568,120841
2014-05-09,35.1143,120841
2014-05-12,35.0663,120841
2014-05-13,35.1825,120841
2014-05-15,35.1011,120841
2014-05-16,35.2264,120841
2014-05-19,35.3626,120841
2014-05-20,35.5816,120841
2014-05-21,35.7331,120841
2014-05-22,35.9131,120841
2014-05-23,35.962,120841
2014-05-26,35.7583,120841
2014-05-27,35.6921,120841
2014-05-28,35.8232,120841
2014-05-29,35.7832,120841
2014-05-30,35.808,120841
2014-06-02,36.0403,120841
2014-06-03,36.1302,120841
2014-06-04,36.2579,120841
2014-06-05,36.399,120841
2014-06-06,36.5904,120841
2014-06-09,36.8518,120841
2014-06-10,36.9468,120841
2014-06-11,36.8234,120841
2014-06-12,36.7601,120841
2014-06-13,36.4924,120841
2014-06-16,36.5217,120841
2014-06-17,36.621,120841
2014-06-18,36.65,120841
2014-06-19,36.5263,120841
2014-06-20,36.557,120841
2014-06-23,36.4175,120841
2014-06-24,36.5613,120841
2014-06-25,36.6885,120841
2014-06-26,36.6332,120841
2014-06-27,36.7123,120841
2014-06-30,36.9414,120841
2014-07-01,36.9762,120841
2014-07-02,37.4514,120841
2014-07-03,37.3962,120841
2014-07-04,37.496,120841
2014-07-07,37.5056,120841
2014-07-08,37.1313,120841
2014-07-09,36.9564,120841
2014-07-10,37.0771,120841
2014-07-11,36.7241,120841
2014-07-14,36.7263,120841
2014-07-15,37.0449,120841
2014-07-16,37.5456,120841
2014-07-17,37.6555,120841
2014-07-18,37.6211,120841
2014-07-21,37.6895,120841
2014-07-22,37.6725,120841
2014-07-23,37.5776,120841
2014-07-24,37.3938,120841
2014-07-25,37.3283,120841
2014-07-28,37.2808,120841
2014-07-30,37.4191,120841
2014-07-31,37.2912,120841
2014-08-01,37.3011,120841
2014-08-04,37.4721,120841
2014-08-05,37.4906,120841
2014-08-06,37.3793,120841
2014-08-07,37.3269,120841
2014-08-08,37.2728,120841
2014-08-11,37.2669,120841
2014-08-12,37.3673,120841
2014-08-13,37.2429,120841
2014-08-14,37.4988,120841
2014-08-18,37.7987,120841
2014-08-19,37.8322,120841
2014-08-20,37.9221,120841
2014-08-21,37.9101,120841
2014-08-22,38.229,120841
2014-08-25,38.5089,120841
2014-08-26,38.5566,120841
2014-08-27,38.7438,120841
2014-08-28,38.6759,120841
2014-09-01,38.822,120841
2014-09-02,38.8758,120841
2014-09-03,39.1931,120841
2014-09-04,39.3929,120841
2014-09-05,39.4447,120841
2014-09-08,39.8876,120841
2014-09-09,39.9404,120841
2014-09-10,40.079,120841
2014-09-11,40.0504,120841
2014-09-12,39.9154,120841
2014-09-15,40.1784,120841
2014-09-16,39.6792,120841
2014-09-17,39.6167,120841
2014-09-18,40.055,120841
2014-09-19,40.1908,120841
2014-09-22,40.2295,120841
2014-09-23,39.8477,120841
2014-09-24,39.9335,120841
2014-09-25,39.7424,120841
2014-09-26,39.662,120841
2014-09-29,39.8013,120841
2014-09-30,39.8683,120841
2014-10-01,40.0008,120841
2014-10-07,39.993,120841
2014-10-08,39.8984,120841
2014-10-09,40.0505,120841
2014-10-10,39.8034,120841
2014-10-13,39.8658,120841
2014-10-14,40.0185,120841
2014-10-16,39.8599,120841
2014-10-17,39.82,120841
2014-10-20,40.0595,120841
2014-10-21,40.2162,120841
2014-10-22,40.243,120841
2014-10-27,40.3569,120841
2014-10-28,40.5753,120841
2014-10-29,40.7219,120841
2014-10-30,40.6577,120841
2014-10-31,40.8608,120841
2014-11-03,40.8047,120841
2014-11-05,41.1598,120841
2014-11-07,41.2118,120841
2014-11-10,41.189,120841
2014-11-11,41.2873,120841
2014-11-12,41.5689,120841
2014-11-13,41.4428,120841
2014-11-14,41.4928,120841
2014-11-17,41.5882,120841
2014-11-18,41.6985,120841
2014-11-19,41.5746,120841
2014-11-20,41.6964,120841
2014-11-21,41.6807,120841
2014-11-24,41.7115,120841
2014-11-25,41.4122,120841
2014-11-26,41.4171,120841
2014-11-27,41.458,120841
2014-11-28,41.5949,120841
2014-12-01,41.6301,120841
2014-12-02,42.0164,120841
2014-12-03,42.1938,120841
2014-12-04,42.8363,120841
2014-12-05,43.1095,120841
2014-12-08,43.158,120841
2014-12-09,42.8366,120841
2014-12-10,42.7592,120841
2014-12-11,42.5564,120841
2014-12-12,42.3191,120841
2014-12-15,42.1695,120841
2014-12-16,41.7876,120841
2014-12-17,41.5318,120841
2014-12-18,41.9608,120841
2014-12-19,42.0515,120841
2014-12-22,42.2996,120841
2014-12-23,42.038,120841
2014-12-24,42.0098,120841
2014-12-26,42.0191,120841
2014-12-29,42.102,120841
2014-12-30,42.1408,120841
2014-12-31,42.2877,120841
2015-01-01,42.4985,120841
2015-01-02,42.5325,120841
2015-01-05,42.5467,120841
2015-01-06,41.9532,120841
2015-01-07,41.8746,120841
2015-01-08,42.1954,120841
2015-01-09,42.3017,120841
2015-01-12,42.7468,120841
2015-01-13,43.0722,120841
2015-01-14,43.0518,120841
2015-01-15,43.3244,120841
2015-01-16,43.3962,120841
2015-01-19,43.3996,120841
2015-01-20,43.2958,120841
2015-01-21,43.5297,120841
2015-01-22,43.336,120841
2015-01-23,43.3195,120841
2015-01-27,43.5299,120841
2015-01-28,43.3233,120841
2015-01-29,43.6312,120841
2015-01-30,43.3838,120841
2015-02-02,43.8334,120841
2015-02-03,43.6408,120841
2015-02-04,43.3804,120841
2015-02-05,43.1618,120841
2015-02-06,42.9024,120841
2015-02-09,42.6551,120841
2015-02-10,42.7744,120841
2015-02-11,43.0751,120841
2015-02-12,43.3558,120841
2015-02-13,43.5809,120841
2015-02-16,43.6674,120841
2015-02-18,43.8536,120841
2015-02-19,43.954,120841
2015-02-20,44.1967,120841
2015-02-23,44.2119,120841
2015-02-24,44.3655,120841
2015-02-25,44.5169,120841
2015-02-26,44.2141,120841
2015-02-27,44.5852,120841
2015-03-02,44.8413,120841
2015-03-03,44.835,120841
2015-03-04,44.7062,120841
2015-03-05,44.9791,120841
2015-03-09,44.8287,120841
2015-03-10,44.8872,120841
2015-03-11,44.9324,120841
2015-03-12,45.1561,120841
2015-03-13,44.7963,120841
2015-03-16,44.7028,120841
2015-03-17,44.8675,120841
2015-03-18,45.2129,120841
2015-03-19,45.5074,120841
2015-03-20,45.3497,120841
2015-03-23,45.2108,120841
2015-03-24,45.6127,120841
2015-03-25,45.8806,120841
2015-03-26,45.4437,120841
2015-03-27,45.4589,120841
2015-03-30,45.7778,120841
2015-03-31,45.8432,120841
2015-04-06,46.6118,120841
2015-04-07,46.6399,120841
2015-04-08,46.5189,120841
2015-04-09,46.6422,120841
2015-04-10,46.7435,120841
2015-04-13,47.1096,120841
2015-04-15,47.3503,120841
2015-04-16,47.308,120841
2015-04-17,46.9038,120841
2015-04-20,46.8014,120841
2015-04-21,46.6495,120841
2015-04-22,46.7639,120841
2015-04-23,46.7161,120841
2015-04-24,46.145,120841
2015-04-27,45.4246,120841
2015-04-28,45.9896,120841
2015-04-29,46.4326,120841
2015-04-30,46.1647,120841
2015-05-04,46.3984,120841
2015-05-05,46.5402,120841
2015-05-06,45.8819,120841
2015-05-07,45.5237,120841
2015-05-08,45.7721,120841
2015-05-11,46.2114,120841
2015-05-12,45.8605,120841
2015-05-13,46.19,120841
2015-05-14,46.1093,120841
2015-05-15,46.433,120841
2015-05-18,46.5611,120841
2015-05-19,46.6403,120841
2015-05-20,46.756,120841
2015-05-21,46.8116,120841
2015-05-22,46.8631,120841
2015-05-25,46.7232,120841
2015-05-26,46.7688,120841
2015-05-27,46.8735,120841
2015-05-28,47.0061,120841
2015-05-29,47.2812,120841
2015-06-01,47.2125,120841
2015-06-02,46.7161,120841
2015-06-03,46.306,120841
2015-06-04,46.4376,120841
2015-06-05,46.5337,120841
2015-06-08,46.2913,120841
2015-06-09,45.844,120841
2015-06-10,46.4116,120841
2015-06-11,45.8397,120841
2015-06-12,46.042,120841
2015-06-15,45.9768,120841
2015-06-16,46.0275,120841
2015-06-17,46.1466,120841
2015-06-18,46.288,120841
2015-06-19,46.3519,120841
2015-06-22,46.7138,120841
2015-06-23,46.7231,120841
2015-06-24,46.6983,120841
2015-06-25,46.6303,120841
2015-06-26,46.6247,120841
2015-06-29,46.3877,120841
2015-06-30,46.4944,120841
2015-07-01,46.7598,120841
2015-07-02,46.75,120841
2015-07-03,46.9281,120841
2015-07-06,46.9771,120841
2015-07-07,47.0003,120841
2015-07-08,46.5091,120841
2015-07-09,46.5648,120841
2015-07-10,46.7161,120841
2015-07-13,47.0181,120841
2015-07-14,47.0765,120841
2015-07-15,47.1169,120841
2015-07-16,47.5014,120841
2015-07-17,47.4565,120841
2015-07-20,47.3233,120841
2015-07-21,46.7045,120841
2015-07-22,46.9556,120841
2015-07-23,46.9692,120841
2015-07-24,46.8783,120841
2015-07-27,46.6649,120841
2015-07-28,46.7418,120841
2015-07-29,46.9588,120841
2015-07-30,46.9749,120841
2015-07-31,47.2648,120841
2015-08-03,47.2923,120841
2015-08-04,47.4579,120841
2015-08-05,47.4126,120841
2015-08-06,47.273,120841
2015-08-07,47.2899,120841
2015-08-10,47.2341,120841
2015-08-11,47.1728,120841
2015-08-12,46.8326,120841
2015-08-13,46.8814,120841
2015-08-14,47.0322,120841
2015-08-17,47.1359,120841
2015-08-18,47.1036,120841
2015-08-19,47.1937,120841
2015-08-20,46.9203,120841
2015-08-21,46.8112,120841
2015-08-24,44.5233,120841
2015-08-25,44.6726,120841
2015-08-26,44.702,120841
2015-08-27,45.2391,120841
2015-08-28,45.6951,120841
2015-08-31,45.5376,120841
2015-09-01,44.8299,120841
2015-09-02,44.6353,120841
2015-09-03,44.8316,120841
2015-09-04,44.2901,120841
2015-09-07,43.5462,120841
2015-09-08,43.8319,120841
2015-09-09,44.2422,120841
2015-09-10,44.1792,120841
2015-09-11,44.2894,120841
2015-09-14,44.7141,120841
2015-09-15,44.3774,120841
2015-09-16,44.237,120841
2015-09-18,44.5479,120841
2015-09-21,44.6135,120841
2015-09-22,44.4494,120841
2015-09-23,44.4909,120841
2015-09-24,44.3923,120841
2015-09-28,44.3226,120841
2015-09-29,44.1961,120841
2015-09-30,44.3665,120841
2015-10-01,44.6241,120841
2015-10-05,45.0293,120841
2015-10-06,45.1132,120841
2015-10-07,44.9819,120841
2015-10-08,44.8145,120841
2015-10-09,44.9104,120841
2015-10-12,44.825,120841
2015-10-13,44.8045,120841
2015-10-14,44.5964,120841
2015-10-15,44.667,120841
2015-10-16,44.838,120841
2015-10-19,44.922,120841
2015-10-20,45.1077,120841
2015-10-21,45.0324,120841
2015-10-23,45.0661,120841
2015-10-26,44.9807,120841
2015-10-27,45.0271,120841
2015-10-28,44.8136,120841
2015-10-30,44.5302,120841
2015-11-02,44.3965,120841
2015-11-03,44.4502,120841
2015-11-04,44.4368,120841
2015-11-05,44.4522,120841
2015-11-06,44.5155,120841
2015-11-09,44.5404,120841
2015-11-10,44.2844,120841
2015-11-13,44.4947,120841
2015-11-16,44.3086,120841
2015-11-17,44.3976,120841
2015-11-18,44.3369,120841
2015-11-19,44.5686,120841
2015-11-20,44.6006,120841
2015-11-23,44.5719,120841
2015-11-24,44.6079,120841
2015-11-26,44.7056,120841
2015-11-27,44.7518,120841
2015-11-30,44.8851,120841
2015-12-01,44.8963,120841
2015-12-02,44.8814,120841
2015-12-03,44.8663,120841
2015-12-04,44.8993,120841
2015-12-07,44.875,120841
2015-12-08,44.6029,120841
2015-12-09,43.9016,120841
2015-12-10,44.3488,120841
2015-12-11,44.0887,120841
2015-12-14,44.0177,120841
2015-12-15,44.1356,120841
2015-12-16,44.7086,120841
2015-12-17,44.9241,120841
2015-12-18,44.7304,120841
2015-12-21,44.8511,120841
2015-12-22,44.9345,120841
2015-12-23,45.0817,120841
2015-12-24,45.0668,120841
2015-12-28,45.1978,120841
2015-12-29,45.1986,120841
2015-12-30,45.1147,120841
2015-12-31,45.4427,120841
2016-01-01,45.5737,120841
2016-01-04,45.2516,120841
2016-01-05,45.5268,120841
2016-01-06,45.5699,120841
2016-01-07,45.6282,120841
2016-01-08,45.9423,120841
2016-01-11,45.4949,120841
2016-01-12,45.0379,120841
2016-01-13,44.6923,120841
2016-01-14,44.4203,120841
2016-01-15,43.8217,120841
2016-01-18,43.4943,120841
2016-01-19,43.9695,120841
2016-01-20,43.3523,120841
2016-01-21,43.3958,120841
2016-01-22,43.7916,120841
2016-01-25,44.1217,120841
2016-01-27,44.2096,120841
2016-01-28,44.0616,120841
2016-01-29,44.524,120841
2016-02-01,44.4463,120841
2016-02-02,44.0882,120841
2016-02-03,43.6238,120841
2016-02-04,43.5567,120841
2016-02-05,44.0239,120841
2016-02-08,44.0482,120841
2016-02-09,43.8215,120841
2016-02-10,43.773,120841
2016-02-11,42.9294,120841
2016-02-12,42.8915,120841
2016-02-15,43.5587,120841
2016-02-16,43.0777,120841
2016-02-17,43.2199,120841
2016-02-18,43.3155,120841
2016-02-19,43.2208,120841
2016-02-22,43.5553,120841
2016-02-23,43.25,120841
2016-02-24,42.8792,120841
2016-02-25,42.7945,120841
2016-02-26,42.7921,120841
2016-02-29,42.6259,120841
2016-03-01,43.3789,120841
2016-03-02,43.6878,120841
2016-03-03,44.222,120841
2016-03-04,44.3695,120841
2016-03-08,44.3815,120841
2016-03-09,44.4453,120841
2016-03-10,44.3317,120841
2016-03-11,44.2162,120841
2016-03-14,44.2556,120841
2016-03-15,43.8922,120841
2016-03-16,44.2036,120841
2016-03-17,44.37,120841
2016-03-18,44.4373,120841
2016-03-21,44.731,120841
2016-03-22,45.0016,120841
2016-03-23,45.1516,120841
2016-03-28,44.4202,120841
2016-03-29,44.3582,120841
2016-03-30,44.7303,120841
2016-03-31,44.9562,120841
2016-04-01,44.909,120841
2016-04-04,44.8367,120841
2016-04-05,44.5675,120841
2016-04-06,44.7046,120841
2016-04-07,44.5633,120841
2016-04-08,44.622,120841
2016-04-11,44.7769,120841
2016-04-12,44.8656,120841
2016-04-13,45.259,120841
2016-04-18,45.5604,120841
2016-04-20,45.5324,120841
2016-04-21,45.4675,120841
2016-04-22,45.4468,120841
2016-04-25,45.3364,120841
2016-04-26,45.493,120841
2016-04-27,45.4187,120841
2016-04-28,45.131,120841
2016-04-29,45.2944,120841
2016-05-02,45.4856,120841
2016-05-03,45.2541,120841
2016-05-04,45.0089,120841
2016-05-05,44.7328,120841
2016-05-06,45.2183,120841
2016-05-09,45.8245,120841
2016-05-10,45.8958,120841
2016-05-11,46.103,120841
2016-05-12,46.361,120841
2016-05-13,46.1965,120841
2016-05-16,45.9558,120841
2016-05-17,45.991,120841
2016-05-18,46.2503,120841
2016-05-19,45.9576,120841
2016-05-20,45.456,120841
2016-05-23,45.2863,120841
2016-05-24,45.2422,120841
2016-05-25,45.6852,120841
2016-05-26,45.7658,120841
2016-05-27,46.1269,120841
2016-05-30,45.9932,120841
2016-05-31,45.7905,120841
2016-06-01,45.9132,120841
2016-06-02,45.8856,120841
2016-06-03,46.0204,120841
2016-06-06,45.9507,120841
2016-06-07,45.9444,120841
2016-06-08,46.1363,120841
2016-06-09,46.1665,120841
2016-06-10,46.0846,120841
2016-06-13,45.9779,120841
2016-06-14,46.0534,120841
2016-06-15,46.2784,120841
2016-06-16,46.076,120841
2016-06-17,46.0859,120841
2016-06-20,45.9361,120841
2016-06-21,46.0443,120841
2016-06-22,46.3291,120841
2016-06-23,46.7506,120841
2016-06-24,46.3518,120841
2016-06-27,46.6667,120841
2016-06-28,46.274,120841
2016-06-29,46.3677,120841
2016-06-30,46.6178,120841
2016-07-01,46.6441,120841
2016-07-04,46.68,120841
2016-07-05,46.8559,120841
2016-07-07,46.8895,120841
2016-07-08,46.8158,120841
2016-07-11,47.0822,120841
2016-07-12,46.7207,120841
2016-07-13,46.4546,120841
2016-07-14,46.5461,120841
2016-07-15,46.2723,120841
2016-07-18,46.0924,120841
2016-07-19,46.0677,120841
2016-07-20,46.0671,120841
2016-07-21,45.9055,120841
2016-07-22,46.0221,120841
2016-07-25,46.28,120841
2016-07-26,46.1495,120841
2016-07-27,46.2059,120841
2016-07-28,46.2087,120841
2016-07-29,46.0838,120841
2016-08-01,46.1563,120841
2016-08-02,45.8112,120841
2016-08-03,45.6467,120841
2016-08-04,45.6577,120841
2016-08-05,46.6448,120841
2016-08-08,47.0299,120841
2016-08-09,46.7295,120841
2016-08-10,46.2506,120841
2016-08-11,46.2581,120841
2016-08-12,46.2355,120841
2016-08-16,46.1133,120841
2016-08-17,46.7313,120841
2016-08-18,46.7615,120841
2016-08-19,46.8997,120841
2016-08-22,46.6548,120841
2016-08-23,46.5501,120841
2016-08-24,46.9027,120841
2016-08-25,46.7728,120841
2016-08-26,46.5909,120841
2016-08-29,46.5897,120841
2016-08-30,46.8265,120841
2016-08-31,46.7573,120841
2016-09-01,46.4749,120841
2016-09-02,46.6252,120841
2016-09-06,46.8287,120841
2016-09-07,46.8986,120841
2016-09-08,46.9793,120841
2016-09-09,46.7809,120841
2016-09-12,46.183,120841
2016-09-14,46.3593,120841
2016-09-15,46.3212,120841
2016-09-16,46.4991,120841
2016-09-19,46.5887,120841
2016-09-20,46.4957,120841
2016-09-21,46.4944,120841
2016-09-22,46.727,120841
2016-09-23,46.6784,120841
2016-09-26,46.3804,120841
2016-09-27,46.306,120841
2016-09-28,46.4962,120841
2016-09-29,45.7798,120841
2016-09-30,46.0515,120841
2016-10-03,46.5561,120841
2016-10-04,46.5193,120841
2016-10-05,46.5896,120841
2016-10-06,46.4291,120841
2016-10-07,46.4383,120841
2016-10-10,46.6929,120841
2016-10-13,45.9896,120841
2016-10-14,46.1983,120841
2016-10-17,46.4484,120841
2016-10-18,46.9436,120841
2016-10-19,47.0649,120841
2016-10-20,47.1875,120841
2016-10-21,46.8826,120841
2016-10-24,46.9967,120841
2016-10-25,47.111,120841
2016-10-26,46.6357,120841
2016-10-27,46.581,120841
2016-10-28,46.6386,120841
2016-11-01,46.714,120841
2016-11-02,46.4307,120841
2016-11-03,46.1553,120841
2016-11-04,45.583,120841
2016-11-07,45.9982,120841
2016-11-08,45.8786,120841
2016-11-09,45.4669,120841
2016-11-10,45.8432,120841
2016-11-11,45.2801,120841
2016-11-15,44.2038,120841
2016-11-16,44.2087,120841
2016-11-17,44.2919,120841
2016-11-18,44.4224,120841
2016-11-21,43.8571,120841
2016-11-22,44.0172,120841
2016-11-23,44.318,120841
2016-11-24,44.3228,120841
2016-11-25,44.774,120841
2016-11-28,44.7225,120841
2016-11-29,44.6202,120841
2016-11-30,44.7168,120841
2016-12-01,44.6774,120841
2016-12-02,44.3674,120841
2016-12-05,44.4293,120841
2016-12-06,44.4492,120841
2016-12-07,44.2018,120841
2016-12-08,44.7777,120841
2016-12-09,44.9309,120841
2016-12-12,44.7589,120841
2016-12-13,44.9278,120841
2016-12-14,44.7197,120841
2016-12-15,44.6701,120841
2016-12-16,44.7426,120841
2016-12-19,44.5271,120841
2016-12-20,44.2162,120841
2016-12-21,44.0413,120841
2016-12-22,43.7165,120841
2016-12-23,43.6648,120841
2016-12-26,43.3163,120841
2016-12-27,43.5595,120841
2016-12-28,43.6725,120841
2016-12-29,43.8966,120841
2016-12-30,44.2716,120841
2017-01-02,44.2947,120841
2017-01-03,44.4973,120841
2017-01-04,44.5042,120841
2017-01-05,44.893,120841
2017-01-06,44.6518,120841
2017-01-09,44.6436,120841
2017-01-10,44.604,120841
2017-01-11,44.7656,120841
2017-01-12,44.7539,120841
2017-01-13,44.9041,120841
2017-01-16,44.8403,120841
2017-01-17,44.8612,120841
2017-01-18,44.8719,120841
2017-01-19,44.8812,120841
2017-01-20,44.4805,120841
2017-01-23,44.5136,120841
2017-01-24,44.7528,120841
2017-01-25,44.9529,120841
2017-01-27,45.3839,120841
2017-01-30,45.6634,120841
2017-01-31,45.3401,120841
2017-02-01,45.6344,120841
2017-02-02,46.135,120841
2017-02-03,46.0294,120841
2017-02-06,46.4307,120841
2017-02-07,46.1615,120841
2017-02-08,46.1045,120841
2017-02-09,46.1113,120841
2017-02-10,46.1021,120841
2017-02-13,46.2084,120841
2017-02-14,46.1923,120841
2017-02-15,45.9069,120841
2017-02-16,46.3536,120841
2017-02-17,46.5361,120841
2017-02-20,46.7,120841
2017-02-21,46.8724,120841
2017-02-22,46.7794,120841
2017-02-23,46.8451,120841
2017-02-27,46.8116,120841
2017-02-28,46.6798,120841
2017-03-01,47.0151,120841
2017-03-02,46.725,120841
2017-03-03,47.2031,120841
2017-03-06,47.3499,120841
2017-03-07,47.5058,120841
2017-03-08,47.4553,120841
2017-03-09,47.3759,120841
2017-03-10,47.2595,120841
2017-03-14,47.5888,120841
2017-03-15,47.6148,120841
2017-03-16,47.8785,120841
2017-03-17,47.9569,120841
2017-03-20,48.1478,120841
2017-03-21,48.0443,120841
2017-03-22,47.7387,120841
2017-03-23,47.9662,120841
2017-03-24,47.974,120841
2017-03-27,48.0176,120841
2017-03-28,48.2353,120841
2017-03-29,48.1492,120841
2017-03-30,48.4946,120841
2017-03-31,48.4738,120841
2017-04-03,48.6439,120841
2017-04-05,48.8466,120841
2017-04-06,48.8463,120841
2017-04-07,48.6746,120841
2017-04-10,48.7858,120841
2017-04-11,48.9793,120841
2017-04-12,48.8076,120841
2017-04-13,48.7427,120841
2017-04-17,48.8076,120841
2017-04-18,48.5394,120841
2017-04-19,48.7705,120841
2017-04-20,48.8744,120841
2017-04-21,48.7205,120841
2017-04-24,49.0819,120841
2017-04-25,49.4499,120841
2017-04-26,49.3174,120841
2017-04-27,49.3447,120841
2017-04-28,49.2122,120841
2017-05-02,49.2748,120841
2017-05-03,49.208,120841
2017-05-04,49.5693,120841
2017-05-05,49.5022,120841
2017-05-08,49.9032,120841
2017-05-09,50.185,120841
2017-05-10,50.3488,120841
2017-05-11,50.3709,120841
2017-05-12,50.2195,120841
2017-05-15,50.6543,120841
2017-05-16,50.8546,120841
2017-05-17,50.7513,120841
2017-05-18,50.2709,120841
2017-05-19,50.0984,120841
2017-05-22,49.9904,120841
2017-05-23,49.3919,120841
2017-05-24,49.1609,120841
2017-05-25,49.8005,120841
2017-05-26,50.1525,120841
2017-05-29,49.9694,120841
2017-05-30,49.9086,120841
2017-05-31,50.086,120841
2017-06-01,50.5691,120841
2017-06-02,50.8137,120841
2017-06-05,51.1389,120841
2017-06-06,50.9186,120841
2017-06-07,50.9278,120841
2017-06-08,50.9098,120841
2017-06-09,50.9633,120841
2017-06-12,50.8526,120841
2017-06-13,50.7351,120841
2017-06-14,50.6685,120841
2017-06-15,50.7915,120841
2017-06-16,50.8527,120841
2017-06-19,51.0377,120841
2017-06-20,51.3325,120841
2017-06-21,51.1627,120841
2017-06-22,51.0105,120841
2017-06-23,50.634,120841
2017-06-27,50.1662,120841
2017-06-28,50.2621,120841
2017-06-29,50.6024,120841
2017-06-30,51.0428,120841
2017-07-03,51.4957,120841
2017-07-04,51.4155,120841
2017-07-05,51.6977,120841
2017-07-06,51.78,120841
2017-07-07,51.6244,120841
2017-07-10,51.7595,120841
2017-07-11,51.6444,120841
2017-07-12,51.7894,120841
2017-07-13,52.1989,120841
2017-07-14,51.9899,120841
2017-07-17,52.1358,120841
2017-07-18,51.5988,120841
2017-07-19,51.7677,120841
2017-07-20,51.6241,120841
2017-07-21,51.6779,120841
2017-07-24,51.5258,120841
2017-07-25,51.6699,120841
2017-07-26,51.7039,120841
2017-07-27,51.6326,120841
2017-07-28,51.6688,120841
2017-07-31,51.594,120841
2017-08-01,51.5924,120841
2017-08-02,51.6228,120841
2017-08-03,51.5464,120841
2017-08-04,51.8016,120841
2017-08-07,51.999,120841
2017-08-08,51.8675,120841
2017-08-09,51.5566,120841
2017-08-10,50.8384,120841
2017-08-11,50.7161,120841
2017-08-14,51.0124,120841
2017-08-16,51.4469,120841
2017-08-17,51.4468,120841
2017-08-18,51.3925,120841
2017-08-21,51.1516,120841
2017-08-22,51.0667,120841
2017-08-23,51.3041,120841
2017-08-24,51.1357,120841
2017-08-28,51.4359,120841
2017-08-29,51.0848,120841
2017-08-30,51.4854,120841
2017-08-31,52.0016,120841
2017-09-01,52.3986,120841
2017-09-04,52.3124,120841
2017-09-05,52.7452,120841
2017-09-06,52.6738,120841
2017-09-07,52.8514,120841
2017-09-08,53.1353,120841
2017-09-11,53.2675,120841
2017-09-12,53.64,120841
2017-09-13,53.2516,120841
2017-09-14,53.3451,120841
2017-09-15,53.4129,120841
2017-09-18,53.6369,120841
2017-09-19,53.9021,120841
2017-09-20,53.7644,120841
2017-09-21,53.5512,120841
2017-09-22,52.3697,120841
2017-09-25,52.0166,120841
2017-09-26,52.2702,120841
2017-09-27,51.8133,120841
2017-09-28,52.1137,120841
2017-09-29,52.3224,120841
2017-10-03,52.7802,120841
2017-10-04,52.9694,120841
2017-10-05,53.1179,120841
2017-10-06,53.6176,120841
2017-10-09,53.7749,120841
2017-10-10,53.808,120841
2017-10-11,53.4235,120841
2017-10-12,53.6773,120841
2017-10-13,53.7015,120841
2017-10-16,53.8567,120841
2017-10-17,54.074,120841
2017-10-18,53.9667,120841
2017-10-23,53.8459,120841
2017-10-24,54.1148,120841
2017-10-25,54.1578,120841
2017-10-26,54.3216,120841
2017-10-27,54.5508,120841
2017-10-30,54.8878,120841
2017-10-31,55.1752,120841
2017-11-01,55.5844,120841
2017-11-02,55.6619,120841
2017-11-03,56.0156,120841
2017-11-06,56.4759,120841
2017-11-07,55.8834,120841
2017-11-08,55.3957,120841
2017-11-09,55.5355,120841
2017-11-10,55.296,120841
2017-11-13,54.9131,120841
2017-11-14,54.98,120841
2017-11-15,54.4504,120841
2017-11-16,54.5761,120841
2017-11-17,54.8416,120841
2017-11-20,55.0608,120841
2017-11-21,55.3008,120841
2017-11-22,55.7742,120841
2017-11-23,56.0366,120841
2017-11-24,56.331,120841
2017-11-27,56.3592,120841
2017-11-28,56.2772,120841
2017-11-29,56.0999,120841
2017-11-30,55.8123,120841
2017-12-01,55.5939,120841
2017-12-04,55.7399,120841
2017-12-05,55.7219,120841
2017-12-06,55.3205,120841
2017-12-07,55.7391,120841
2017-12-08,56.3363,120841
2017-12-11,56.4358,120841
2017-12-12,55.9491,120841
2017-12-13,55.5746,120841
2017-12-14,55.5811,120841
2017-12-15,55.9759,120841
2017-12-18,56.1235,120841
2017-12-19,56.7498,120841
2017-12-20,56.7039,120841
2017-12-21,56.8026,120841
2017-12-22,57.0013,120841
2017-12-26,57.8488,120841
2017-12-27,57.7682,120841
2017-12-28,57.6014,120841
2017-12-29,57.9319,120841
2018-01-01,57.7566,120841
2018-01-02,57.4445,120841
2018-01-03,57.6914,120841
2018-01-04,57.94,120841
2018-01-05,58.2755,120841
2018-01-08,58.681,120841
2018-01-09,58.7338,120841
2018-01-10,58.5513,120841
2018-01-11,58.7766,120841
2018-01-12,58.7709,120841
2018-01-15,58.8635,120841
2018-01-16,58.2543,120841
2018-01-17,58.5782,120841
2018-01-18,58.05,120841
2018-01-19,58.3372,120841
2018-01-22,58.5472,120841
2018-01-23,58.6221,120841
2018-01-24,58.4006,120841
2018-01-25,58.0873,120841
2018-01-29,58.2284,120841
2018-01-30,57.8925,120841
2018-01-31,57.8254,120841
2018-02-01,57.9965,120841
2018-02-02,56.6489,120841
2018-02-05,56.3622,120841
2018-02-06,55.8448,120841
2018-02-07,56.2631,120841
2018-02-08,56.7201,120841
2018-02-09,56.448,120841
2018-02-12,57.0739,120841
2018-02-14,57.1892,120841
2018-02-15,56.9874,120841
2018-02-16,56.5924,120841
2018-02-19,56.2988,120841
2018-02-20,56.1813,120841
2018-02-21,56.1844,120841
2018-02-22,56.0697,120841
2018-02-23,56.6859,120841
2018-02-26,57.1568,120841
2018-02-27,57.0693,120841
2018-02-28,56.9969,120841
2018-03-01,56.7842,120841
2018-03-05,56.273,120841
2018-03-06,55.8812,120841
2018-03-07,55.3347,120841
2018-03-08,55.5861,120841
2018-03-09,55.4893,120841
2018-03-12,56.0497,120841
2018-03-13,56.1963,120841
2018-03-14,56.1494,120841
2018-03-15,56.1515,120841
2018-03-16,55.6619,120841
2018-03-19,55.234,120841
2018-03-20,55.4601,120841
2018-03-21,55.5757,120841
2018-03-22,55.4818,120841
2018-03-23,55.1785,120841
2018-03-26,55.7966,120841
2018-03-27,56.1437,120841
2018-03-28,55.9924,120841
2018-03-31,55.9928,120841
2018-04-02,56.8195,120841
2018-04-03,57.0141,120841
2018-04-04,56.5592,120841
2018-04-05,57.1057,120841
2018-04-06,57.4263,120841
2018-04-09,57.5301,120841
2018-04-10,57.5743,120841
2018-04-11,57.5632,120841
2018-04-12,57.4137,120841
2018-04-13,57.5374,120841
2018-04-16,57.7751,120841
2018-04-17,57.8781,120841
2018-04-18,57.8333,120841
2018-04-19,58.0117,120841
2018-04-20,57.7797,120841
2018-04-23,57.8767,120841
2018-04-24,57.9774,120841
2018-04-25,58.0015,120841
2018-04-26,58.2236,120841
2018-04-27,58.5214,120841
2018-04-30,58.8362,120841
2018-05-02,58.4171,120841
2018-05-03,58.0048,120841
2018-05-04,57.8227,120841
2018-05-07,58.0671,120841
2018-05-08,58.0189,120841
2018-05-09,57.9979,120841
2018-05-10,57.7764,120841
2018-05-11,58.1485,120841
2018-05-14,57.9716,120841
2018-05-15,57.6349,120841
2018-05-16,57.4798,120841
2018-05-17,57.4675,120841
2018-05-18,57.0479,120841
2018-05-21,56.7051,120841
2018-05-22,56.8882,120841
2018-05-23,56.4104,120841
2018-05-24,56.3652,120841
2018-05-25,56.9477,120841
2018-05-28,57.3406,120841
2018-05-29,57.0888,120841
2018-05-30,56.9974,120841
2018-05-31,57.1883,120841
2018-06-01,56.7463,120841
2018-06-04,56.2903,120841
2018-06-05,56.0484,120841
2018-06-06,56.5379,120841
2018-06-07,56.9192,120841
2018-06-08,56.9829,120841
2018-06-11,57.1646,120841
2018-06-12,57.4956,120841
2018-06-13,57.3488,120841
2018-06-14,57.3212,120841
2018-06-15,57.1758,120841
2018-06-18,57.2522,120841
2018-06-19,57.0015,120841
2018-06-20,57.1397,120841
2018-06-21,57.0101,120841
2018-06-22,57.1608,120841
2018-06-25,56.802,120841
2018-06-26,56.8186,120841
2018-06-27,56.499,120841
2018-06-28,56.1223,120841
2018-06-29,56.4848,120841
2018-07-02,56.3285,120841
2018-07-03,56.6131,120841
2018-07-04,56.8242,120841
2018-07-05,56.8631,120841
2018-07-06,56.9648,120841
2018-07-09,57.3334,120841
2018-07-10,57.6491,120841
2018-07-11,57.3163,120841
2018-07-12,57.5862,120841
2018-07-13,57.4531,120841
2018-07-16,56.9923,120841
2018-07-17,57.3717,120841
2018-07-18,57.1759,120841
2018-07-19,57.0174,120841
2018-07-20,57.2905,120841
2018-07-23,57.6433,120841
2018-07-24,58.0602,120841
2018-07-25,58.0588,120841
2018-07-26,58.1463,120841
2018-07-27,58.5139,120841
2018-07-30,58.5654,120841
2018-07-31,58.7278,120841
2018-08-01,58.8678,120841
2018-08-02,58.5508,120841
2018-08-03,58.8246,120841
2018-08-06,58.845,120841
2018-08-07,58.7823,120841
2018-08-08,58.9247,120841
2018-08-09,58.8757,120841
2018-08-10,58.8225,120841
2018-08-13,58.6216,120841
2018-08-14,58.948,120841
2018-08-16,58.7001,120841
2018-08-17,59.2794,120841
2018-08-20,59.7522,120841
2018-08-21,59.8449,120841
2018-08-23,60.0756,120841
2018-08-24,60.1112,120841
2018-08-27,60.4211,120841
2018-08-28,60.6619,120841
2018-08-29,60.5234,120841
2018-08-30,60.5187,120841
2018-08-31,60.7597,120841
2018-09-03,60.3649,120841
2018-09-04,59.7035,120841
2018-09-05,59.5398,120841
2018-09-06,60.2592,120841
2018-09-07,60.6367,120841
2018-09-10,59.8002,120841
2018-09-11,58.9633,120841
2018-09-12,59.411,120841
2018-09-14,60.1101,120841
2018-09-17,59.5565,120841
2018-09-18,58.9816,120841
2018-09-19,58.7545,120841
2018-09-21,58.0538,120841
2018-09-24,56.9356,120841
2018-09-25,57.5402,120841
2018-09-26,57.7739,120841
2018-09-27,57.2837,120841
2018-09-28,56.7032,120841
2018-10-01,57.1071,120841
2018-10-03,56.7677,120841
2018-10-04,55.7746,120841
2018-10-05,54.5873,120841
2018-10-08,53.9097,120841
2018-10-09,53.8919,120841
2018-10-10,54.8105,120841
2018-10-11,53.6189,120841
2018-10-12,54.2766,120841
2018-10-15,54.6268,120841
2018-10-16,54.9143,120841
2018-10-17,54.4636,120841
2018-10-19,53.9527,120841
2018-10-22,53.9897,120841
2018-10-23,53.6692,120841
2018-10-24,53.591,120841
2018-10-25,53.3053,120841
2018-10-26,53.1644,120841
2018-10-29,54.6469,120841
2018-10-30,54.8327,120841
2018-10-31,55.554,120841
2018-11-01,56.2748,120841
2018-11-02,56.1832,120841
2018-11-05,55.6086,120841
2018-11-06,55.8355,120841
2018-11-09,56.356,120841
2018-11-12,55.9104,120841
2018-11-13,56.0628,120841
2018-11-14,56.16,120841
2018-11-15,56.9165,120841
2018-11-16,56.938,120841
2018-11-19,56.921,120841
2018-11-20,56.0644,120841
2018-11-21,56.5687,120841
2018-11-22,56.0409,120841
2018-11-26,56.2998,120841
2018-11-27,56.6766,120841
2018-11-28,56.3766,120841
2018-11-29,56.6811,120841
2018-11-30,57.1898,120841
2018-12-03,57.0556,120841
2018-12-04,56.6321,120841
2018-12-05,55.7834,120841
2018-12-06,54.7688,120841
2018-12-07,55.0268,120841
2018-12-10,53.9016,120841
2018-12-11,55.0014,120841
2018-12-12,56.3105,120841
2018-12-13,56.6467,120841
2018-12-14,56.7611,120841
2018-12-17,56.8786,120841
2018-12-18,57.2413,120841
2018-12-19,58.1022,120841
2018-12-20,58.0018,120841
2018-12-21,57.1987,120841
2018-12-24,56.7621,120841
2018-12-26,56.8744,120841
2018-12-27,56.7148,120841
2018-12-28,57.186,120841
2018-12-31,57.2691,120841
2019-01-01,57.4833,120841
2019-01-02,56.9398,120841
2019-01-03,56.4965,120841
2019-01-04,57.1773,120841
2019-01-07,57.162,120841
2019-01-08,57.5187,120841
2019-01-09,57.493,120841
2019-01-10,57.7291,120841
2019-01-11,57.5518,120841
2019-01-14,57.3814,120841
2019-01-15,57.5285,120841
2019-01-16,57.5166,120841
2019-01-17,57.231,120841
2019-01-18,56.9596,120841
2019-01-21,56.4626,120841
2019-01-22,56.4879,120841
2019-01-23,56.1867,120841
2019-01-24,56.285,120841
2019-01-25,55.5767,120841
2019-01-28,54.6951,120841
2019-01-29,54.9597,120841
2019-01-30,55.4969,120841
2019-01-31,55.4075,120841
2019-02-01,54.9992,120841
2019-02-04,54.9498,120841
2019-02-05,54.7139,120841
2019-02-06,55.0284,120841
2019-02-07,55.5605,120841
2019-02-08,54.4952,120841
2019-02-11,53.4023,120841
2019-02-12,53.0963,120841
2019-02-13,52.7316,120841
2019-02-14,52.907,120841
2019-02-15,52.2324,120841
2019-02-18,51.9001,120841
2019-02-19,52.1016,120841
2019-02-20,52.4495,120841
2019-02-21,53.1862,120841
2019-02-22,53.304,120841
2019-02-25,53.6858,120841
2019-02-26,53.329,120841
2019-02-27,53.519,120841
2019-02-28,53.7938,120841
2019-03-01,54.1544,120841
2019-03-05,55.7395,120841
2019-03-06,55.9649,120841
2019-03-07,56.2362,120841
2019-03-08,55.8381,120841
2019-03-11,56.8626,120841
2019-03-12,57.1418,120841
2019-03-13,56.7812,120841
2019-03-14,56.7669,120841
2019-03-15,56.9537,120841
2019-03-18,56.869,120841
2019-03-19,57.4891,120841
2019-03-20,57.5133,120841
2019-03-22,57.4623,120841
2019-03-25,56.9177,120841
2019-03-26,57.5931,120841
2019-03-27,57.885,120841
2019-03-28,58.3251,120841
2019-03-29,58.9169,120841
2019-04-01,59.155,120841
2019-04-02,58.9318,120841
2019-04-03,58.3833,120841
2019-04-04,58.1116,120841
2019-04-05,58.4231,120841
2019-04-08,58.2362,120841
2019-04-09,58.2334,120841
2019-04-10,57.9961,120841
2019-04-11,58.0274,120841
2019-04-12,58.4221,120841
2019-04-15,58.8563,120841
2019-04-16,58.8978,120841
2019-04-18,58.4115,120841
2019-04-22,57.1436,120841
2019-04-23,57.3451,120841
2019-04-24,57.071,120841
2019-04-25,56.7643,120841
2019-04-26,57.1259,120841
2019-04-30,56.3943,120841
2019-05-02,55.9352,120841
2019-05-03,56.0284,120841
2019-05-06,55.4316,120841
2019-05-07,54.8353,120841
2019-05-08,54.0787,120841
2019-05-09,53.7741,120841
2019-05-10,53.7771,120841
2019-05-13,52.5887,120841
2019-05-14,52.7553,120841
2019-05-15,52.2774,120841
2019-05-16,52.4859,120841
2019-05-17,52.7748,120841
2019-05-20,54.7179,120841
2019-05-21,54.0163,120841
2019-05-22,54.1346,120841
2019-05-23,54.2421,120841
2019-05-24,56.0286,120841
2019-05-27,57.5208,120841
2019-05-28,57.4263,120841
2019-05-29,56.6254,120841
2019-05-30,56.7649,120841
2019-05-31,56.6381,120841
2019-06-03,57.1227,120841
2019-06-04,56.8667,120841
2019-06-06,55.8931,120841
2019-06-07,55.7948,120841
2019-06-10,56.1314,120841
2019-06-11,56.3185,120841
2019-06-12,55.9707,120841
2019-06-13,55.8455,120841
2019-06-14,55.4199,120841
2019-06-17,54.7235,120841
2019-06-18,54.8124,120841
2019-06-19,54.2741,120841
2019-06-20,55.0608,120841
2019-06-21,55.0284,120841
2019-06-24,54.9755,120841
2019-06-25,55.1963,120841
2019-06-26,55.505,120841
2019-06-27,55.5133,120841
2019-06-28,55.4608,120841
2019-07-01,55.465,120841
2019-07-02,55.5594,120841
2019-07-03,55.5408,120841
2019-07-04,55.6638,120841
2019-07-05,54.9323,120841
2019-07-08,53.6374,120841
2019-07-09,54.1523,120841
2019-07-10,53.5934,120841
2019-07-11,53.9327,120841
2019-07-12,54.3478,120841
2019-07-15,54.2986,120841
2019-07-16,54.6143,120841
2019-07-17,54.376,120841
2019-07-18,53.8307,120841
2019-07-19,53.3029,120841
2019-07-22,53.1347,120841
2019-07-23,52.8834,120841
2019-07-24,51.8181,120841
2019-07-25,52.0065,120841
2019-07-26,52.2139,120841
2019-07-29,51.739,120841
2019-07-30,51.1131,120841
2019-07-31,51.5601,120841
2019-08-01,50.825,120841
2019-08-02,50.7078,120841
2019-08-05,50.1618,120841
2019-08-06,50.8886,120841
2019-08-07,50.5197,120841
2019-08-08,50.8515,120841
2019-08-09,51.3738,120841
2019-08-13,50.1615,120841
2019-08-14,50.8535,120841
2019-08-16,51.1022,120841
2019-08-19,51.0307,120841
2019-08-20,50.5713,120841
2019-08-21,49.596,120841
2019-08-22,48.9095,120841
2019-08-23,49.2995,120841
2019-08-26,50.2516,120841
2019-08-27,51.1777,120841
2019-08-28,51.4026,120841
2019-08-29,50.9588,120841
2019-08-30,51.4804,120841
2019-09-03,51.1942,120841
2019-09-04,51.209,120841
2019-09-05,51.037,120841
2019-09-06,51.6988,120841
2019-09-09,52.2742,120841
2019-09-11,52.1334,120841
2019-09-12,51.6176,120841
2019-09-13,51.9264,120841
2019-09-16,51.1896,120841
2019-09-17,50.1586,120841
2019-09-18,50.4635,120841
2019-09-19,49.8359,120841
2019-09-20,52.9228,120841
2019-09-23,54.1398,120841
2019-09-24,53.8059,120841
2019-09-25,53.4671,120841
2019-09-26,53.9101,120841
2019-09-27,53.9087,120841
2019-09-30,53.0118,120841
2019-10-01,52.3266,120841
2019-10-03,52.4047,120841
2019-10-04,51.5198,120841
2019-10-07,51.5874,120841
2019-10-09,52.1201,120841
2019-10-10,51.352,120841
2019-10-11,51.7157,120841
2019-10-14,52.0063,120841
2019-10-15,52.1496,120841
2019-10-16,52.2996,120841
2019-10-17,53.4189,120841
2019-10-18,54.3253,120841
2019-10-22,54.9854,120841
2019-10-23,55.7765,120841
2019-10-24,55.3504,120841
2019-10-25,55.3999,120841
2019-10-29,56.3999,120841
2019-10-30,57.1014,120841
2019-10-31,57.5153,120841
2019-11-01,57.082,120841
2019-11-04,57.081,120841
2019-11-05,56.2048,120841
2019-11-06,56.2854,120841
2019-11-07,56.0601,120841
2019-11-08,55.7464,120841
2019-11-11,56.1837,120841
2019-11-13,56.7102,120841
2019-11-14,56.8178,120841
2019-11-15,56.681,120841
2019-11-18,57.0568,120841
2019-11-19,57.3307,120841
2019-11-20,57.4379,120841
2019-11-21,57.351,120841
2019-11-22,56.9015,120841
2019-11-25,57.2265,120841
2019-11-26,56.7251,120841
2019-11-27,57.3408,120841
2019-11-28,57.8483,120841
2019-11-29,57.5918,120841
2019-12-02,57.3629,120841
2019-12-03,56.965,120841
2019-12-04,57.0755,120841
2019-12-05,56.7838,120841
2019-12-06,56.2917,120841
2019-12-09,56.171,120841
2019-12-10,55.3357,120841
2019-12-11,55.6148,120841
2019-12-12,56.0762,120841
2019-12-13,56.418,120841
2019-12-16,55.9057,120841
2019-12-17,56.0988,120841
2019-12-18,55.8029,120841
2019-12-19,56.0773,120841
2019-12-20,56.0646,120841
2019-12-23,55.9366,120841
2019-12-24,55.7772,120841
2019-12-26,55.9528,120841
2019-12-27,56.3996,120841
2019-12-30,56.5326,120841
2019-12-31,56.428,120841
2020-01-01,56.4189,120841
2020-01-02,56.9688,120841
2020-01-03,56.778,120841
2020-01-06,55.6976,120841
2020-01-07,56.2173,120841
2020-01-08,56.1255,120841
2020-01-09,57.0619,120841
2020-01-10,57.0136,120841
2020-01-13,57.4274,120841
2020-01-14,58.2117,120841
2020-01-15,58.4506,120841
2020-01-16,58.5949,120841
2020-01-17,58.7012,120841
2020-01-20,58.5722,120841
2020-01-21,58.7161,120841
2020-01-22,58.8953,120841
2020-01-23,59.7082,120841
2020-01-24,60.4024,120841
2020-01-27,60.6531,120841
2020-01-28,60.5752,120841
2020-01-29,60.8375,120841
2020-01-30,60.105,120841
2020-01-31,59.7157,120841
2020-02-03,58.0425,120841
2020-02-04,58.5763,120841
2020-02-05,59.1907,120841
2020-02-06,59.0951,120841
2020-02-07,59.6584,120841
2020-02-10,59.5773,120841
2020-02-11,60.0588,120841
2020-02-12,60.1219,120841
2020-02-13,59.8924,120841
2020-02-14,58.9999,120841
2020-02-17,58.4797,120841
2020-02-18,59.0137,120841
2020-02-19,60.4177,120841
2020-02-20,60.7193,120841
2020-02-24,59.7133,120841
2020-02-25,59.6428,120841
2020-02-26,58.7661,120841
2020-02-27,57.9347,120841
2020-02-28,55.8033,120841
2020-03-02,55.9281,120841
2020-03-03,57.0181,120841
2020-03-04,56.517,120841
2020-03-05,57.1614,120841
2020-03-06,56.1637,120841
2020-03-09,53.6295,120841
2020-03-11,53.3443,120841
2020-03-12,49.2353,120841
2020-03-13,50.2095,120841
2020-03-16,47.316,120841
2020-03-17,46.2054,120841
2020-03-18,43.3121,120841
2020-03-19,42.0994,120841
2020-03-20,45.0055,120841
2020-03-23,40.4996,120841
2020-03-24,40.7455,120841
2020-03-25,41.754,120841
2020-03-26,43.3782,120841
2020-03-27,43.3332,120841
2020-03-30,42.9923,120841
2020-03-31,44.41,120841
2020-04-01,43.7147,120841
2020-04-03,43.6407,120841
2020-04-07,46.715,120841
2020-04-08,48.5326,120841
2020-04-09,49.7311,120841
2020-04-13,49.7987,120841
2020-04-15,49.9375,120841
2020-04-16,50.6858,120841
2020-04-17,50.8369,120841
2020-04-20,50.5395,120841
2020-04-21,49.9428,120841
2020-04-22,49.9446,120841
2020-04-23,50.6232,120841
2020-04-24,50.3992,120841
2020-04-27,51.6601,120841
2020-04-28,51.7687,120841
2020-04-29,51.8212,120841
2020-04-30,51.9138,120841
2020-05-04,51.7864,120841
2020-05-05,51.7331,120841
2020-05-06,52.105,120841
2020-05-07,52.0884,120841
2020-05-08,51.8829,120841
2020-05-11,51.8446,120841
2020-05-12,51.5599,120841
2020-05-13,51.6134,120841
2020-05-14,51.8594,120841
2020-05-15,52.0253,120841
2020-05-18,50.8905,120841
2020-05-19,51.2438,120841
2020-05-20,51.6204,120841
2020-05-21,52.2025,120841
2020-05-22,52.314,120841
2020-05-26,52.2757,120841
2020-05-27,52.6368,120841
2020-05-28,52.9098,120841
2020-05-29,53.2197,120841
2020-06-01,53.8411,120841
2020-06-02,54.0996,120841
2020-06-03,54.1472,120841
2020-06-04,54.1289,120841
2020-06-05,55.0839,120841
2020-06-08,55.1066,120841
2020-06-09,54.6084,120841
2020-06-10,54.8485,120841
2020-06-11,54.4155,120841
2020-06-12,54.6559,120841
2020-06-15,54.2432,120841
2020-06-16,54.8212,120841
2020-06-17,55.393,120841
2020-06-18,55.5556,120841
2020-06-19,55.7688,120841
2020-06-22,57.4547,120841
2020-06-23,58.2561,120841
2020-06-24,57.1358,120841
2020-06-25,57.854,120841
2020-06-26,57.5425,120841
2020-06-29,56.9851,120841
2020-06-30,56.3796,120841
2020-07-01,56.3051,120841
2020-07-02,56.5285,120841
2020-07-03,57.1696,120841
2020-07-06,58.113,120841
2020-07-07,57.935,120841
2020-07-08,58.0663,120841
2020-07-09,58.298,120841
2020-07-10,58.2981,120841
2020-07-13,58.6437,120841
2020-07-14,57.9919,120841
2020-07-15,57.9193,120841
2020-07-16,57.9806,120841
2020-07-17,58.54,120841
2020-07-20,59.059,120841
2020-07-21,58.7706,120841
2020-07-22,58.8762,120841
2020-07-23,59.6438,120841
2020-07-24,59.3358,120841
2020-07-27,59.0559,120841
2020-07-28,59.3323,120841
2020-07-29,60.131,120841
2020-07-30,59.5941,120841
2020-07-31,60.404,120841
2020-08-03,61.0398,120841
2020-08-04,61.2955,120841
2020-08-05,61.3384,120841
2020-08-06,62.1361,120841
2020-08-07,62.6111,120841
2020-08-10,63.6204,120841
2020-08-11,62.9986,120841
2020-08-12,62.7556,120841
2020-08-13,62.7383,120841
2020-08-14,62.6453,120841
2020-08-17,62.7396,120841
2020-08-18,63.2825,120841
2020-08-19,63.9355,120841
2020-08-20,64.5637,120841
2020-08-21,65.1165,120841
2020-08-24,65.6934,120841
2020-08-25,65.5694,120841
2020-08-26,65.7181,120841
2020-08-27,65.2944,120841
2020-08-28,65.1476,120841
2020-08-31,62.4756,120841
2020-09-01,63.1221,120841
2020-09-02,64.0911,120841
2020-09-03,64.2449,120841
2020-09-04,63.092,120841
2020-09-07,63.1689,120841
2020-09-08,62.5035,120841
2020-09-09,62.2926,120841
2020-09-10,63.4366,120841
2020-09-11,63.7702,120841
2020-09-14,64.2841,120841
2020-09-15,65.1282,120841
2020-09-16,66.0678,120841
2020-09-17,65.84,120841
2020-09-18,66.3189,120841
2020-09-21,64.3706,120841
2020-09-22,63.7533,120841
2020-09-23,64.4889,120841
2020-09-24,63.2843,120841
2020-09-25,64.4883,120841
2020-09-28,65.6529,120841
2020-09-29,65.6623,120841
2020-09-30,65.6953,120841
2020-10-01,65.7441,120841
2020-10-05,66.4188,120841
2020-10-06,66.9087,120841
2020-10-07,66.6421,120841
2020-10-08,66.806,120841
2020-10-09,66.21,120841
2020-10-12,65.9921,120841
2020-10-13,65.8073,120841
2020-10-14,65.7957,120841
2020-10-15,64.5317,120841
2020-10-16,65.1479,120841
2020-10-19,65.1275,120841
2020-10-20,65.2917,120841
2020-10-21,65.1698,120841
2020-10-22,65.4607,120841
2020-10-23,65.8442,120841
2020-10-26,65.0052,120841
2020-10-27,65.2039,120841
2020-10-28,65.1878,120841
2020-10-29,65.4769,120841
2020-10-30,65.9,120841
2020-11-02,66.0187,120841
2020-11-03,66.3515,120841
2020-11-04,66.9865,120841
2020-11-05,68.4809,120841
2020-11-06,68.6093,120841
2020-11-09,68.7861,120841
2020-11-10,68.1961,120841
2020-11-11,68.1997,120841
2020-11-12,68.6813,120841
2020-11-13,68.9702,120841
2020-11-17,69.9825,120841
2020-11-18,70.3177,120841
2020-11-19,70.0525,120841
2020-11-20,70.1959,120841
2020-11-23,71.0088,120841
2020-11-24,71.9309,120841
2020-11-25,71.1447,120841
2020-11-26,71.7821,120841
2020-11-27,72.6231,120841
2020-12-01,74.4241,120841
2020-12-02,75.2548,120841
2020-12-03,75.7648,120841
2020-12-04,76.5668,120841
2020-12-07,77.8069,120841
2020-12-08,77.2836,120841
2020-12-09,77.5729,120841
2020-12-10,77.427,120841
2020-12-11,77.5891,120841
2020-12-14,78.0139,120841
2020-12-15,78.3565,120841
2020-12-16,78.6263,120841
2020-12-17,79.1871,120841
2020-12-18,80.1387,120841
2020-12-21,77.0238,120841
2020-12-22,78.4177,120841
2020-12-23,79.6855,120841
2020-12-24,80.2602,120841
2020-12-28,81.1267,120841
2020-12-29,81.4013,120841
2020-12-30,81.2929,120841
2020-12-31,81.4326,120841
2021-01-01,82.3932,120841
2021-01-04,83.323,120841
2021-01-05,84.2546,120841
2021-01-06,84.3043,120841
2021-01-07,83.8689,120841
2021-01-08,85.6288,120841
2021-01-11,85.8252,120841
2021-01-12,85.5099,120841
2021-01-13,85.51,120841
2021-01-14,85.9377,120841
2021-01-15,84.9691,120841
2021-01-18,83.4649,120841
2021-01-19,84.8174,120841
2021-01-20,84.4445,120841
2021-01-21,83.4044,120841
2021-01-22,82.2957,120841
2021-01-25,81.1978,120841
2021-01-27,79.5643,120841
2021-01-28,79.5197,120841
2021-01-29,79.1266,120841
2021-02-01,80.247,120841
2021-02-02,80.7035,120841
2021-02-03,82.0092,120841
2021-02-04,82.3549,120841
2021-02-05,82.0774,120841
2021-02-08,83.0765,120841
2021-02-09,83.4124,120841
2021-02-10,83.4387,120841
2021-02-11,83.362,120841
2021-02-12,83.2503,120841
2021-02-15,83.2045,120841
2021-02-16,83.0116,120841
2021-02-17,83.0735,120841
2021-02-18,83.0797,120841
2021-02-19,82.2455,120841
2021-02-22,81.5641,120841
2021-02-23,81.801,120841
2021-02-24,82.0946,120841
2021-02-25,83.7388,120841
2021-02-26,83.5002,120841
2021-03-01,85.2498,120841
2021-03-02,86.9881,120841
2021-03-03,87.3625,120841
2021-03-04,88.2736,120841
2021-03-05,86.7431,120841
2021-03-08,87.5496,120841
2021-03-09,87.5484,120841
2021-03-10,87.4713,120841
2021-03-12,87.2898,120841
2021-03-15,87.2741,120841
2021-03-16,87.8189,120841
2021-03-17,85.7745,120841
2021-03-18,85.3837,120841
2021-03-19,88.3019,120841
2021-03-22,89.3146,120841
2021-03-23,89.6235,120841
2021-03-24,88.0379,120841
2021-03-25,86.5314,120841
2021-03-26,87.4733,120841
2021-03-30,89.5502,120841
2021-03-31,89.0426,120841
2021-04-01,90.4644,120841
2021-04-05,90.8865,120841
2021-04-06,91.8145,120841
2021-04-07,92.4212,120841
2021-04-08,93.6119,120841
2021-04-09,95.195,120841
2021-04-12,91.0016,120841
2021-04-13,91.6968,120841
2021-04-15,91.3154,120841
2021-04-16,92.2092,120841
2021-04-19,91.1552,120841
2021-04-20,91.9398,120841
2021-04-22,92.9617,120841
2021-04-23,93.2959,120841
2021-04-26,93.8119,120841
2021-04-27,95.2842,120841
2021-04-28,95.7304,120841
2021-04-29,94.9422,120841
2021-04-30,94.7152,120841
2021-05-03,96.3213,120841
2021-05-04,96.3119,120841
2021-05-05,98.0632,120841
2021-05-06,98.8142,120841
2021-05-07,99.8228,120841
2021-05-10,101.7622,120841
2021-05-11,103.9738,120841
2021-05-12,104.0749,120841
2021-05-14,101.9095,120841
2021-05-17,103.0522,120841
2021-05-18,103.9544,120841
2021-05-19,103.9913,120841
2021-05-20,103.873,120841
2021-05-21,104.4634,120841
2021-05-24,105.2387,120841
2021-05-25,104.7153,120841
2021-05-26,104.5778,120841
2021-05-27,104.8858,120841
2021-05-28,105.3639,120841
2021-05-31,105.8356,120841
2021-06-01,104.9083,120841
2021-06-02,105.6999,120841
2021-06-03,106.1394,120841
2021-06-04,106.6658,120841
2021-06-07,107.8234,120841
2021-06-08,107.8485,120841
2021-06-09,106.6064,120841
2021-06-10,107.8207,120841
2021-06-11,108.2812,120841
2021-06-14,109.3974,120841
2021-06-15,109.4685,120841
2021-06-16,108.9361,120841
2021-06-17,107.7813,120841
2021-06-18,107.7961,120841
2021-06-21,108.33,120841
2021-06-22,109.0671,120841
2021-06-23,109.382,120841
2021-06-24,109.1505,120841
2021-06-25,110.5951,120841
2021-06-28,110.4474,120841
2021-06-29,109.7662,120841
2021-06-30,110.031,120841
2021-07-01,110.3494,120841
2021-07-02,111.4249,120841
2021-07-05,112.5249,120841
2021-07-06,112.8844,120841
2021-07-07,113.5351,120841
2021-07-08,112.4426,120841
2021-07-09,112.6712,120841
2021-07-12,112.5196,120841
2021-07-13,113.1638,120841
2021-07-14,113.9917,120841
2021-07-15,113.9896,120841
2021-07-16,114.8708,120841
2021-07-19,114.5825,120841
2021-07-20,112.6394,120841
2021-07-22,114.4246,120841
2021-07-23,113.8497,120841
2021-07-26,114.6399,120841
2021-07-27,114.7306,120841
2021-07-28,114.8053,120841
2021-07-29,115.3692,120841
2021-07-30,116.2014,120841
2021-08-02,117.6043,120841
2021-08-03,118.247,120841
2021-08-04,116.3895,120841
2021-08-05,114.8914,120841
2021-08-06,115.0773,120841
2021-08-09,113.7666,120841
2021-08-10,111.3368,120841
2021-08-11,111.6255,120841
2021-08-12,113.4808,120841
2021-08-13,113.2091,120841
2021-08-16,112.9477,120841
2021-08-17,112.4596,120841
2021-08-18,112.2595,120841
2021-08-20,110.1044,120841
2021-08-23,108.5636,120841
2021-08-24,110.7465,120841
2021-08-25,111.2587,120841
2021-08-26,111.3224,120841
2021-08-27,112.8523,120841
2021-08-30,114.5617,120841
2021-08-31,115.0803,120841
2021-09-01,115.819,120841
2021-09-02,116.8384,120841
2021-09-03,118.3232,120841
2021-09-06,118.4129,120841
2021-09-07,117.1723,120841
2021-09-08,117.2561,120841
2021-09-09,117.5904,120841
2021-09-13,118.0007,120841
2021-09-14,119.6825,120841
2021-09-15,120.1809,120841
2021-09-16,120.0889,120841
2021-09-17,118.2959,120841
2021-09-20,116.2739,120841
2021-09-21,116.8253,120841
2021-09-22,119.0567,120841
2021-09-23,121.3543,120841
2021-09-24,120.4051,120841
2021-09-27,120.5259,120841
2021-09-28,118.9551,120841
2021-09-29,119.5144,120841
2021-09-30,119.6375,120841
2021-10-01,119.6067,120841
2021-10-04,121.3677,120841
2021-10-05,122.8085,120841
2021-10-06,121.0031,120841
2021-10-07,123.9085,120841
2021-10-08,124.4168,120841
2021-10-11,125.0833,120841
2021-10-12,125.3865,120841
2021-10-13,126.7329,120841
2021-10-14,128.1077,120841
2021-10-18,128.1334,120841
2021-10-19,125.353,120841
2021-10-20,123.8136,120841
2021-10-21,124.0566,120841
2021-10-22,123.5795,120841
2021-10-25,122.3886,120841
2021-10-26,124.2359,120841
2021-10-27,125.1766,120841
2021-10-28,120.5865,120841
2021-10-29,121.125,120841
2021-11-01,122.3731,120841
2021-11-02,124.3528,120841
2021-11-03,123.9671,120841
2021-11-08,126.5553,120841
2021-11-09,129.4627,120841
2021-11-10,128.5292,120841
2021-11-11,126.7011,120841
2021-11-12,127.8162,120841
2021-11-15,127.9441,120841
2021-11-16,128.2358,120841
2021-11-17,127.615,120841
2021-11-18,127.7737,120841
2021-11-22,124.8428,120841
2021-11-23,126.6971,120841
2021-11-24,126.7601,120841
2021-11-25,127.3085,120841
2021-11-26,124.5182,120841
2021-11-29,123.4947,120841
2021-11-30,123.2882,120841
2021-12-01,125.2689,120841
2021-12-02,126.1115,120841
2021-12-03,125.6791,120841
2021-12-06,123.5684,120841
2021-12-07,125.9046,120841
2021-12-08,127.8777,120841
2021-12-09,128.936,120841
2021-12-10,130.5146,120841
2021-12-13,130.5165,120841
2021-12-14,129.4064,120841
2021-12-15,128.0305,120841
2021-12-16,127.2077,120841
2021-12-17,123.6749,120841
2021-12-20,119.71,120841
2021-12-21,121.795,120841
2021-12-22,123.2628,120841
2021-12-23,124.1931,120841
2021-12-24,122.874,120841
2021-12-27,123.3188,120841
2021-12-28,124.576,120841
2021-12-29,124.4717,120841
2021-12-30,123.8013,120841
2021-12-31,125.2807,120841
2022-01-03,126.5068,120841
2022-01-04,126.4906,120841
2022-01-05,127.2368,120841
2022-01-06,127.2091,120841
2022-01-07,126.9977,120841
2022-01-10,128.6834,120841
2022-01-11,128.9376,120841
2022-01-12,130.4142,120841
2022-01-13,130.9552,120841
2022-01-14,131.3247,120841
2022-01-17,131.6676,120841
2022-01-18,129.7285,120841
2022-01-19,129.4117,120841
2022-01-20,129.1206,120841
2022-01-21,126.9673,120841
2022-01-24,122.3992,120841
2022-01-25,124.1798,120841
2022-01-27,124.5614,120841
2022-01-28,126.2127,120841
2022-01-31,128.1208,120841
2022-02-01,129.7313,120841
2022-02-02,132.0523,120841
2022-02-03,131.6462,120841
2022-02-04,130.6492,120841
2022-02-07,129.3986,120841
2022-02-08,128.2557,120841
2022-02-09,129.718,120841
2022-02-10,130.321,120841
2022-02-11,128.1104,120841
2022-02-14,123.3325,120841
2022-02-15,126.5317,120841
2022-02-16,126.5886,120841
2022-02-17,126.1227,120841
2022-02-18,125.0481,120841
2022-02-21,124.0226,120841
2022-02-22,122.14,120841
2022-02-23,122.4841,120841
2022-02-24,115.354,120841
2022-02-25,120.143,120841
2022-02-28,121.3314,120841
2022-03-02,120.9498,120841
2022-03-03,121.306,120841
2022-03-04,118.5841,120841
2022-03-07,116.5848,120841
2022-03-08,118.3143,120841
2022-03-09,121.8261,120841
2022-03-10,122.1145,120841
2022-03-11,122.6214,120841
2022-03-14,122.8303,120841
2022-03-15,122.4305,120841
2022-03-16,124.5593,120841
2022-03-17,125.8022,120841
2022-03-21,126.3259,120841
2022-03-22,126.368,120841
2022-03-23,127.2515,120841
2022-03-24,130.0787,120841
2022-03-25,130.6546,120841
2022-03-28,130.1468,120841
2022-03-29,132.7146,120841
2022-03-30,134.3213,120841
2022-03-31,135.6836,120841
2022-04-01,137.1696,120841
2022-04-04,138.1757,120841
2022-04-05,138.396,120841
2022-04-06,139.2868,120841
2022-04-07,138.7343,120841
2022-04-08,141.3035,120841
2022-04-11,141.742,120841
2022-04-12,140.066,120841
2022-04-13,139.5462,120841
2022-04-18,138.4153,120841
2022-04-19,136.215,120841
2022-04-20,136.0407,120841
2022-04-21,138.0841,120841
2022-04-22,136.7078,120841
2022-04-25,133.3753,120841
2022-04-26,135.9278,120841
2022-04-27,135.4855,120841
2022-04-28,136.1467,120841
2022-04-29,135.4238,120841
2022-05-02,135.1252,120841
2022-05-04,130.5776,120841
2022-05-05,130.9687,120841
2022-05-06,129.5722,120841
2022-05-09,127.1131,120841
2022-05-10,124.5986,120841
2022-05-11,122.6652,120841
2022-05-12,120.1196,120841
2022-05-13,120.7455,120841
2022-05-16,123.2696,120841
2022-05-17,126.9614,120841
2022-05-18,127.1144,120841
2022-05-19,123.9027,120841
2022-05-20,127.5141,120841
2022-05-23,126.5524,120841
2022-05-24,125.0677,120841
2022-05-25,122.4912,120841
2022-05-26,123.7339,120841
2022-05-27,125.3669,120841
2022-05-30,128.3099,120841
2022-05-31,127.6661,120841
2022-06-01,127.7555,120841
2022-06-02,128.9305,120841
2022-06-03,127.1436,120841
2022-06-06,126.8011,120841
2022-06-07,126.1756,120841
2022-06-08,125.6039,120841
2022-06-09,126.4198,120841
2022-06-10,125.7057,120841
2022-06-13,121.5062,120841
2022-06-14,121.4934,120841
2022-06-15,120.9835,120841
2022-06-16,117.8647,120841
2022-06-17,117.286,120841
2022-06-20,115.4594,120841
2022-06-21,119.1233,120841
2022-06-22,116.656,120841
2022-06-23,118.0699,120841
2022-06-24,119.9259,120841
2022-06-27,120.9324,120841
2022-06-28,121.3901,120841
2022-06-29,121.3045,120841
2022-06-30,119.9835,120841
2022-07-01,120.3586,120841
2022-07-04,121.6048,120841
2022-07-05,121.5446,120841
2022-07-06,123.1503,120841
2022-07-07,125.0387,120841
2022-07-08,125.3723,120841
2022-07-11,126.5195,120841
2022-07-12,126.1713,120841
2022-07-13,125.9255,120841
2022-07-14,125.1583,120841
2022-07-15,125.9286,120841
2022-07-18,127.6418,120841
2022-07-19,128.5486,120841
2022-07-20,128.3494,120841
2022-07-21,130.3175,120841
2022-07-22,130.4869,120841
2022-07-25,130.5051,120841
2022-07-26,129.8095,120841
2022-07-27,130.9163,120841
2022-07-28,131.0739,120841
2022-07-29,132.6375,120841
2022-08-01,134.3873,120841
2022-08-02,134.5169,120841
2022-08-03,133.9674,120841
2022-08-04,132.7787,120841
2022-08-05,133.3098,120841
2022-08-08,134.0048,120841
2022-08-10,133.684,120841
2022-08-11,134.6731,120841
2022-08-12,134.4421,120841
2022-08-16,136.1543,120841
2022-08-17,136.0795,120841
2022-08-18,136.2458,120841
2022-08-19,135.94,120841
2022-08-22,134.4195,120841
2022-08-23,135.7256,120841
2022-08-24,137.2337,120841
2022-08-25,136.5525,120841
2022-08-26,138.0588,120841
2022-08-29,137.4254,120841
2022-08-30,139.8072,120841
2022-09-01,140.3487,120841
2022-09-02,141.5479,120841
2022-09-05,142.5414,120841
2022-09-06,142.6098,120841
2022-09-07,143.2948,120841
2022-09-08,144.5818,120841
2022-09-09,145.2952,120841
2022-09-12,146.6505,120841
2022-09-13,147.0281,120841
2022-09-14,147.7233,120841
2022-09-15,148.0874,120841
2022-09-16,144.6279,120841
2022-09-19,146.4419,120841
2022-09-20,148.0999,120841
2022-09-21,147.089,120841
2022-09-22,147.0275,120841
2022-09-23,143.7564,120841
2022-09-26,138.9011,120841
2022-09-27,139.239,120841
2022-09-28,137.5252,120841
2022-09-29,138.4288,120841
2022-09-30,140.7102,120841
2022-10-03,137.917,120841
2022-10-04,141.5815,120841
2022-10-06,142.8724,120841
2022-10-07,142.9606,120841
2022-10-10,142.0986,120841
2022-10-11,139.2999,120841
2022-10-12,140.5843,120841
2022-10-13,139.159,120841
2022-10-14,139.0192,120841
2022-10-17,140.1157,120841
2022-10-18,142.0911,120841
2022-10-19,142.1461,120841
2022-10-20,142.4291,120841
2022-10-21,141.3402,120841
2022-10-25,142.4703,120841
2022-10-27,143.6154,120841
2022-10-28,143.3029,120841
2022-10-31,144.5066,120841
2022-11-01,144.4554,120841
2022-11-02,144.3572,120841
2022-11-03,145.4311,120841
2022-11-04,145.65,120841
2022-11-07,146.1047,120841
2022-11-09,147.5742,120841
2022-11-10,146.8062,120841
2022-11-11,146.303,120841
2022-11-14,145.9642,120841
2022-11-15,145.8004,120841
2022-11-16,144.3685,120841
2022-11-17,144.0831,120841
2022-11-18,144.3165,120841
2022-11-21,145.1487,120841
2022-11-22,146.2966,120841
2022-11-23,147.0259,120841
2022-11-24,147.5941,120841
2022-11-25,149.2333,120841
2022-11-28,149.9924,120841
2022-11-29,149.7115,120841
2022-11-30,149.665,120841
2022-12-01,151.3128,120841
2022-12-02,152.3886,120841
2022-12-05,153.079,120841
2022-12-06,152.9156,120841
2022-12-07,152.6613,120841
2022-12-08,154.7371,120841
2022-12-09,152.6343,120841
2022-12-12,153.6017,120841
2022-12-13,155.1466,120841
2022-12-14,155.6215,120841
2022-12-15,153.8581,120841
2022-12-16,151.1821,120841
2022-12-19,152.521,120841
2022-12-20,152.0756,120841
2022-12-21,148.566,120841
2022-12-22,146.8345,120841
2022-12-23,140.3861,120841
2022-12-26,145.8291,120841
2022-12-27,148.0385,120841
2022-12-28,148.2089,120841
2022-12-29,148.6537,120841
2022-12-30,150.2585,120841
2023-01-02,152.1024,120841
2023-01-03,152.9569,120841
2023-01-04,150.964,120841
2023-01-05,151.8208,120841
2023-01-06,150.5603,120841
2023-01-09,152.2843,120841
2023-01-10,150.9817,120841
2023-01-11,151.3555,120841
2023-01-12,150.5384,120841
2023-01-13,151.2559,120841
2023-01-16,151.418,120841
2023-01-17,150.919,120841
2023-01-18,150.7411,120841
2023-01-19,150.8009,120841
2023-01-20,150.0517,120841
2023-01-23,150.2557,120841
2023-01-24,149.1414,120841
2023-01-25,146.0043,120841
2023-01-27,141.3707,120841
2023-01-30,141.1836,120841
2023-01-31,144.6578,120841
2023-02-01,141.189,120841
2023-02-02,141.4343,120841
2023-02-03,141.8329,120841
2023-02-06,142.1399,120841
2023-02-07,141.3997,120841
2023-02-08,142.2113,120841
2023-02-09,142.1272,120841
2023-02-10,142.8888,120841
2023-02-13,141.6187,120841
2023-02-14,141.9587,120841
2023-02-15,143.1622,120841
2023-02-16,144.3178,120841
2023-02-17,143.2164,120841
2023-02-20,143.177,120841
2023-02-21,142.6417,120841
2023-02-22,141.1745,120841
2023-02-23,141.2408,120841
2023-02-24,139.7942,120841
2023-02-27,139.1144,120841
2023-02-28,139.4266,120841
2023-03-01,141.0957,120841
2023-03-02,141.2125,120841
2023-03-03,143.2378,120841
2023-03-06,143.9738,120841
2023-03-08,144.8362,120841
2023-03-09,144.0023,120841
2023-03-10,142.5247,120841
2023-03-13,139.6585,120841
2023-03-14,137.9846,120841
2023-03-15,137.8601,120841
2023-03-16,137.7193,120841
2023-03-17,137.9719,120841
2023-03-20,136.2904,120841
2023-03-21,137.424,120841
2023-03-22,137.8024,120841
2023-03-23,136.7699,120841
2023-03-24,135.3902,120841
2023-03-27,135.0155,120841
2023-03-28,134.8072,120841
2023-03-29,137.2099,120841
2023-03-31,139.1977,120841
2023-04-03,140.0803,120841
2023-04-05,140.1858,120841
2023-04-06,140.8973,120841
2023-04-10,141.253,120841
2023-04-11,141.9336,120841
2023-04-12,142.1034,120841
2023-04-13,142.5051,120841
2023-04-17,142.8324,120841
2023-04-18,142.8466,120841
2023-04-19,142.7704,120841
2023-04-20,142.8697,120841
2023-04-21,142.112,120841
2023-04-24,143.0605,120841
2023-04-25,143.2685,120841
2023-04-26,143.8899,120841
2023-04-27,143.9685,120841
2023-04-28,146.3658,120841
2023-05-02,147.4707,120841
2023-05-03,146.9304,120841
2023-05-04,148.1713,120841
2023-05-05,146.2396,120841
2023-05-08,147.3298,120841
2023-05-09,146.9646,120841
2023-05-10,146.4076,120841
2023-05-11,146.0869,120841
2023-05-12,145.3671,120841
2023-05-15,146.1892,120841
2023-05-16,146.0016,120841
2023-05-17,145.5436,120841
2023-05-18,144.5564,120841
2023-05-19,144.5852,120841
2023-05-22,145.2982,120841
2023-05-23,145.2943,120841
2023-05-24,145.2001,120841
2023-05-25,145.579,120841
2023-05-26,146.9907,120841
2023-05-29,147.2131,120841
2023-05-30,148.2581,120841
2023-05-31,148.2521,120841
2023-06-01,148.8214,120841
2023-06-02,149.2749,120841
2023-06-05,149.8771,120841
2023-06-06,149.9541,120841
2023-06-07,151.5583,120841
2023-06-08,150.4792,120841
2023-06-09,150.4985,120841
2023-06-12,151.3219,120841
2023-06-13,153.7676,120841
2023-06-14,154.3517,120841
2023-06-15,153.6912,120841
2023-06-16,154.8056,120841
2023-06-19,154.5752,120841
2023-06-20,154.9588,120841
2023-06-21,156.3535,120841
2023-06-22,154.5586,120841
2023-06-23,153.1875,120841
2023-06-26,153.8963,120841
2023-06-27,154.6907,120841
2023-06-28,155.6911,120841
2023-06-30,156.8776,120841
2023-07-03,158.3986,120841
2023-07-04,158.4254,120841
2023-07-05,159.31,120841
2023-07-06,160.4979,120841
2023-07-07,160.1835,120841
2023-07-10,160.0343,120841
2023-07-11,161.057,120841
2023-07-12,161.5415,120841
2023-07-13,159.8087,120841
2023-07-14,161.9301,120841
2023-07-17,163.2076,120841
2023-07-18,162.7716,120841
2023-07-19,164.0955,120841
2023-07-20,164.8306,120841
2023-07-21,164.2707,120841
2023-07-24,164.4436,120841
2023-07-25,165.269,120841
2023-07-26,168.3166,120841
2023-07-27,169.3005,120841
2023-07-28,170.6053,120841
2023-07-31,171.122,120841
2023-08-01,170.487,120841
2023-08-02,167.2217,120841
2023-08-03,167.6171,120841
2023-08-04,168.0284,120841
2023-08-07,168.9046,120841
2023-08-08,169.607,120841
2023-08-09,170.3286,120841
2023-08-10,170.7599,120841
2023-08-11,170.0636,120841
2023-08-14,169.3751,120841
2023-08-16,169.9728,120841
2023-08-17,170.2875,120841
2023-08-18,170.2542,120841
2023-08-21,171.144,120841
2023-08-22,172.4517,120841
2023-08-23,172.3817,120841
2023-08-24,171.3185,120841
2023-08-25,170.4103,120841
2023-08-28,171.586,120841
2023-08-29,171.7431,120841
2023-08-30,172.8789,120841
2023-08-31,172.7257,120841
2023-09-01,175.3529,120841
2023-09-04,177.596,120841
2023-09-05,179.1531,120841
2023-09-06,178.4506,120841
2023-09-07,179.0615,120841
2023-09-08,180.5312,120841
2023-09-11,182.7023,120841
2023-09-12,178.5377,120841
2023-09-13,180.7573,120841
2023-09-14,181.7795,120841
2023-09-15,181.8206,120841
2023-09-18,181.3955,120841
2023-09-20,179.8008,120841
2023-09-21,178.7128,120841
2023-09-22,178.4228,120841
2023-09-25,180.2127,120841
2023-09-26,180.7082,120841
2023-09-27,182.1994,120841
2023-09-29,182.3211,120841
2023-10-03,182.3246,120841
2023-10-04,179.6064,120841
2023-10-05,179.3514,120841
2023-10-06,180.1273,120841
2023-10-09,177.6778,120841
2023-10-10,180.4485,120841
2023-10-11,181.7082,120841
2023-10-12,184.6935,120841
2023-10-13,183.7232,120841
2023-10-16,184.1322,120841
2023-10-17,184.7153,120841
2023-10-18,182.6142,120841
2023-10-19,182.8728,120841
2023-10-20,180.2728,120841
2023-10-23,175.6322,120841
2023-10-25,174.6533,120841
2023-10-26,173.6302,120841
2023-10-27,175.7887,120841
2023-10-30,176.3726,120841
2023-10-31,176.4723,120841
2023-11-01,176.6655,120841
2023-11-02,179.9886,120841
2023-11-03,180.4761,120841
2023-11-06,182.0635,120841
2023-11-07,182.9201,120841
2023-11-08,184.4927,120841
2023-11-09,184.0495,120841
2023-11-10,184.5793,120841
2023-11-13,185.9812,120841
2023-11-15,186.2844,120841
2023-11-16,188.056,120841
2023-11-17,187.8988,120841
2023-11-20,187.4619,120841
2023-11-21,187.9369,120841
2023-11-22,187.7058,120841
2023-11-23,187.2964,120841
2023-11-24,188.3907,120841
2023-11-28,190.1236,120841
2023-11-29,191.4374,120841
2023-11-30,193.1175,120841
2023-12-01,195.4307,120841
2023-12-04,197.1594,120841
2023-12-05,198.5721,120841
2023-12-06,198.8836,120841
2023-12-07,200.4017,120841
2023-12-08,197.9955,120841
2023-12-11,199.035,120841
2023-12-12,197.3596,120841
2023-12-13,198.1083,120841
2023-12-14,200.3266,120841
2023-12-15,201.5599,120841
2023-12-18,202.5117,120841
2023-12-19,202.1036,120841
2023-12-20,195.5966,120841
2023-12-21,200.3601,120841
2023-12-22,200.7116,120841
2023-12-26,201.2701,120841
2023-12-27,201.6236,120841
2023-12-28,204.9905,120841
2023-12-29,204.9528,120841
2024-01-01,205.9027,120841
2024-01-02,206.992,120841
2024-01-03,207.2425,120841
2024-01-04,210.044,120841
2024-01-05,210.1649,120841
2024-01-08,207.5449,120841
2024-01-09,208.2746,120841
2024-01-10,208.8334,120841
2024-01-11,210.0325,120841
2024-01-12,211.1379,120841
2024-01-15,213.8548,120841
2024-01-16,212.2606,120841
2024-01-17,209.5256,120841
2024-01-18,212.8968,120841
2024-01-19,217.1791,120841
2024-01-23,210.7529,120841
2024-01-24,214.264,120841
2024-01-25,216.4988,120841
2024-01-29,221.2243,120841
2024-01-30,220.0328,120841
2024-01-31,222.4922,120841
2024-02-01,221.5425,120841
2024-02-02,224.8078,120841
2024-02-05,227.471,120841
2024-02-06,229.7084,120841
2024-02-07,230.5055,120841
2024-02-08,230.7531,120841
2024-02-09,229.718,120841
2024-02-12,223.6698,120841
2024-02-13,224.633,120841
2024-02-14,226.8667,120841
2024-02-15,230.8369,120841
2024-02-16,231.4292,120841
2024-02-19,233.2058,120841
2024-02-20,232.8586,120841
2024-02-21,229.8352,120841
2024-02-22,232.5025,120841
2024-02-23,233.061,120841
2024-02-26,231.8795,120841
2024-02-27,230.4211,120841
2024-02-28,227.1551,120841
2024-02-29,228.3154,120841
2024-03-01,231.8163,120841
2024-03-04,237.4278,120841
2024-03-05,237.785,120841
2024-03-06,235.9664,120841
2024-03-07,236.2258,120841
2024-03-11,235.0175,120841
2024-03-12,233.8408,120841
2024-03-13,222.2214,120841
2024-03-14,226.1193,120841
2024-03-15,223.9447,120841
2024-03-18,227.5049,120841
2024-03-19,223.281,120841
2024-03-20,224.0817,120841
2024-03-21,228.5007,120841
2024-03-22,228.6795,120841
2024-03-26,230.4922,120841
2024-03-27,231.2945,120841
2024-03-28,233.2261,120841
2024-03-31,233.2192,120841
2024-04-01,237.4406,120841
2024-04-02,240.2601,120841
2024-04-03,243.228,120841
2024-04-04,242.4742,120841
2024-04-05,242.7884,120841
2024-04-08,242.6806,120841
2024-04-09,242.3212,120841
2024-04-10,244.7396,120841
2024-04-12,242.7975,120841
2024-04-15,239.8675,120841
2024-04-16,240.657,120841
2024-04-18,241.6394,120841
2024-04-19,240.6565,120841
2024-04-22,242.4256,120841
2024-04-23,244.5888,120841
2024-04-24,247.1766,120841
2024-04-25,249.7039,120841
2024-04-26,254.0366,120841
2024-04-29,252.8921,120841
2024-04-30,252.92,120841
2024-05-02,255.2092,120841
2024-05-03,254.9479,120841
2024-05-06,252.0095,120841
2024-05-07,246.4945,120841
2024-05-08,248.6217,120841
2024-05-09,243.9372,120841
2024-05-10,246.5479,120841
2024-05-13,247.7744,120841
2024-05-14,252.3782,120841
2024-05-15,253.3955,120841
2024-05-16,254.8362,120841
2024-05-17,258.8589,120841
2024-05-21,263.7411,120841
2024-05-22,262.3579,120841
2024-05-23,264.2809,120841
2024-05-24,264.4223,120841
2024-05-27,261.4705,120841
2024-05-28,259.1987,120841
2024-05-29,259.0983,120841
2024-05-30,258.6151,120841
2024-05-31,260.132,120841
2024-06-03,269.8003,120841
2024-06-04,246.1066,120841
2024-06-05,256.1055,120841
2024-06-06,260.5948,120841
2024-06-07,264.4803,120841
2024-06-10,264.3561,120841
2024-06-11,266.9125,120841
2024-06-12,270.1379,120841
2024-06-13,271.1238,120841
2024-06-14,272.7989,120841
2024-06-18,273.3525,120841
2024-06-19,271.0897,120841
2024-06-20,273.0696,120841
2024-06-21,272.385,120841
2024-06-24,269.8448,120841
2024-06-25,270.0778,120841
2024-06-26,269.6398,120841
2024-06-27,269.7836,120841
2024-06-28,270.8515,120841
2024-07-01,272.8824,120841
2024-07-02,273.4437,120841
2024-07-03,275.9579,120841
2024-07-04,276.7635,120841
2024-07-05,278.4743,120841
2024-07-08,277.6996,120841
2024-07-09,279.5706,120841
2024-07-10,277.7518,120841
2024-07-11,278.2463,120841
2024-07-12,278.2819,120841
2024-07-15,281.1083,120841
2024-07-16,281.0543,120841
2024-07-18,278.1595,120841
2024-07-19,272.5587,120841
2024-07-22,273.1838,120841
2024-07-23,271.8225,120841
2024-07-24,272.8352,120841
2024-07-25,271.9495,120841
2024-07-26,275.7654,120841
2024-07-29,276.5895,120841
2024-07-30,276.394,120841
2024-07-31,278.0632,120841
2024-08-01,277.2299,120841
2024-08-02,274.6382,120841
2024-08-05,265.4979,120841
2024-08-06,263.3229,120841
2024-08-07,269.1662,120841
2024-08-08,269.6324,120841
2024-08-09,267.936,120841
2024-08-12,267.8991,120841
2024-08-13,266.6449,120841
2024-08-14,264.9184,120841
2024-08-16,268.1138,120841
2024-08-19,270.7532,120841
2024-08-20,272.1785,120841
2024-08-21,273.4851,120841
2024-08-22,274.1903,120841
2024-08-23,273.0467,120841
2024-08-26,275.7407,120841
2024-08-27,274.5194,120841
2024-08-28,273.5284,120841
2024-08-29,272.5436,120841
2024-08-30,271.8752,120841
2024-09-02,271.6547,120841
2024-09-03,271.965,120841
2024-09-04,271.3858,120841
2024-09-05,270.8388,120841
2024-09-06,269.5129,120841
2024-09-09,268.7608,120841
2024-09-10,270.5326,120841
2024-09-11,268.7056,120841
2024-09-12,271.53,120841
2024-09-13,274.1736,120841
2024-09-16,273.4417,120841
2024-09-17,272.8506,120841
2024-09-18,270.8616,120841
2024-09-19,268.5655,120841
2024-09-20,270.5107,120841
2024-09-23,272.0416,120841
2024-09-24,273.07,120841
2024-09-25,273.8049,120841
2024-09-26,275.1799,120841
2024-09-27,276.8504,120841
2024-09-30,274.5914,120841
2024-10-01,274.7178,120841
2024-10-03,270.3234,120841
2024-10-04,268.0292,120841
2024-10-07,262.0336,120841
2024-10-08,266.6238,120841
2024-10-09,267.5266,120841
2024-10-10,265.5001,120841
2024-10-11,266.9949,120841
2024-10-14,266.9509,120841
2024-10-15,265.9668,120841
2024-10-16,265.5359,120841
2024-10-17,262.7987,120841
2024-10-18,263.2812,120841
2024-10-21,260.1379,120841
2024-10-22,254.9976,120841
2024-10-23,254.7688,120841
2024-10-24,254.332,120841
2024-10-25,249.7438,120841
2024-10-28,250.392,120841
2024-10-29,251.7044,120841
2024-10-30,255.0505,120841
2024-10-31,253.5332,120841
2024-11-04,251.6918,120841
2024-11-05,252.3112,120841
2024-11-06,256.9198,120841
2024-11-07,253.7427,120841
2024-11-08,250.1345,120841
2024-11-11,248.0054,120841
2024-11-12,244.9038,120841
2024-11-13,240.373,120841
2024-11-14,240.3952,120841
2024-11-18,239.481,120841
2024-11-19,240.0088,120841
2024-11-21,236.6909,120841
2024-11-22,240.6317,120841
2024-11-25,244.5513,120841
2024-11-26,245.178,120841
2024-11-27,246.6074,120841
2024-11-28,247.0727,120841
2024-11-29,249.1551,120841
2024-12-02,250.6584,120841
2024-12-03,252.2592,120841
2024-12-04,252.6181,120841
2024-12-05,253.0051,120841
2024-12-06,253.4045,120841
2024-12-09,253.7464,120841
2024-12-10,253.2317,120841
2024-12-11,254.5099,120841
2024-12-12,252.263,120841
2024-12-13,252.2245,120841
2024-12-16,253.2194,120841
2024-12-17,250.2968,120841
2024-12-18,249.1512,120841
2024-12-19,247.0122,120841
2024-12-20,242.1542,120841
2024-12-23,244.1149,120841
2024-12-24,244.3331,120841
2024-12-26,244.0038,120841
2024-12-27,244.066,120841
2024-12-30,243.4722,120841
2024-12-31,246.4922,120841
2025-01-01,248.1978,120841
2025-01-02,251.2933,120841
2025-01-03,251.7558,120841
2025-01-06,245.1046,120841
2025-01-07,246.128,120841
2025-01-08,245.6596,120841
2025-01-09,243.7067,120841
2025-01-10,240.3735,120841
2025-01-13,232.2336,120841
2025-01-14,237.2368,120841
2025-01-15,236.8193,120841
2025-01-16,239.087,120841
2025-01-17,241.8513,120841
2025-01-20,243.3888,120841
2025-01-21,240.1773,120841
2025-01-22,238.0652,120841
2025-01-23,240.142,120841
2025-01-24,236.8418,120841
2025-01-27,230.121,120841
2025-01-28,228.974,120841
2025-01-29,232.2161,120841
2025-01-30,234.0211,120841
2025-01-31,238.7459,120841
2025-02-03,229.5876,120841
2025-02-04,233.8514,120841
2025-02-05,234.77,120841
2025-02-06,233.5121,120841
2025-02-07,232.7949,120841
2025-02-10,228.5437,120841
2025-02-11,223.6698,120841
2025-02-12,223.747,120841
2025-02-13,224.7555,120841
2025-02-14,220.1629,120841
2025-02-17,221.5414,120841
2025-02-18,219.7878,120841
2025-02-19,221.7637,120841
2025-02-20,223.4854,120841
2025-02-21,222.1916,120841
2025-02-24,219.5091,120841
2025-02-25,217.6951,120841
2025-02-27,215.2527,120841
2025-02-28,209.9337,120841
2025-03-03,208.6743,120841
2025-03-04,208.1479,120841
2025-03-05,214.3513,120841
2025-03-06,217.3614,120841
2025-03-07,217.7349,120841
2025-03-10,215.3282,120841
2025-03-11,215.8426,120841
2025-03-12,216.5917,120841
2025-03-13,215.2816,120841
2025-03-17,216.0426,120841
2025-03-18,219.8179,120841
2025-03-19,224.1758,120841
2025-03-20,226.422,120841
2025-03-21,228.9535,120841
2025-03-24,231.563,120841
2025-03-25,228.5638,120841
2025-03-26,226.7785,120841
2025-03-27,228.4303,120841
2025-03-28,227.7198,120841
2025-03-31,227.7234,120841
2025-04-01,226.6597,120841
2025-04-02,229.4658,120841
2025-04-03,230.6728,120841
2025-04-04,223.1421,120841
2025-04-07,216.2363,120841
2025-04-08,221.4525,120841
2025-04-09,220.3787,120841
2025-04-11,223.7678,120841
2025-04-15,229.1942,120841
2025-04-16,231.0771,120841
2025-04-17,233.07,120841
2025-04-21,236.1813,120841
2025-04-22,237.2151,120841
2025-04-23,239.1752,120841
2025-04-24,239.2636,120841
2025-04-25,234.1117,120841
2025-04-28,237.8403,120841
2025-04-29,237.5659,120841
2025-04-30,236.4184,120841
2025-05-02,234.7715,120841
2025-05-05,238.1259,120841
2025-05-06,233.2886,120841
2025-05-07,235.412,120841
2025-05-08,231.2396,120841
2025-05-09,231.1589,120841
2025-05-12,239.4642,120841
2025-05-13,239.3958,120841
2025-05-14,242.8323,120841
2025-05-15,244.8228,120841
2025-05-16,245.9744,120841
2025-05-19,244.8396,120841
2025-05-20,241.4405,120841
2025-05-21,243.7466,120841
2025-05-22,242.5125,120841
2025-05-23,243.1778,120841
2025-05-26,244.6617,120841
2025-05-27,244.8471,120841
2025-05-28,244.1898,120841
2025-05-29,245.5956,120841
2025-05-30,243.2881,120841
2025-06-02,242.9849,120841
2025-06-03,242.9149,120841
2025-06-04,244.5563,120841
2025-06-05,246.359,120841
2025-06-06,246.8539,120841
2025-06-09,249.3853,120841
2025-06-10,248.9619,120841
2025-06-11,248.6657,120841
2025-06-12,245.0736,120841
2025-06-13,243.6935,120841
2025-06-16,245.615,120841
2025-06-17,243.2315,120841
2025-06-18,241.9956,120841
2025-06-19,238.563,120841
2025-06-20,241.4383,120841
2025-06-23,242.2674,120841
2025-06-24,242.5875,120841
2025-06-25,243.8775,120841
2025-06-26,246.3223,120841
2025-06-27,247.1461,120841
2025-06-30,247.8273,120841
2025-07-01,248.2882,120841
2025-07-02,249.1057,120841
2025-07-03,248.6183,120841
2025-07-04,250.2343,120841
2025-07-07,249.6877,120841
2025-07-08,249.0142,120841
2025-07-09,248.2505,120841
2025-07-10,247.9259,120841
2025-07-11,245.4267,120841
2025-07-14,246.3603,120841
2025-07-15,247.6496,120841
2025-07-16,247.8651,120841
2025-07-17,247.6199,120841
2025-07-18,246.0588,120841
2025-07-21,246.4861,120841
2025-07-22,244.27,120841
2025-07-23,245.9123,120841
2025-07-24,244.7259,120841
2025-07-25,242.2285,120841
2025-07-28,240.377,120841
2025-07-29,243.0613,120841
2025-07-30,243.4561,120841
2025-07-31,240.1581,120841
2025-08-01,235.534,120841
2025-08-04,237.9836,120841
2025-08-05,236.2507,120841
2025-08-06,235.1393,120841
2025-08-07,235.6791,120841
2025-08-08,232.4897,120841
2025-08-11,234.2709,120841
2025-08-12,233.816,120841
2025-08-13,235.0528,120841
2025-08-14,235.4145,120841
2025-08-18,235.8966,120841
2025-08-19,238.1606,120841
2025-08-20,237.6875,120841
2025-08-21,235.9925,120841
2025-08-22,234.6473,120841
2025-08-25,234.8266,120841
2025-08-26,231.5244,120841
2025-08-28,228.6161,120841
2025-08-29,228.1841,120841
2025-09-01,230.56,120841
2025-09-02,230.2564,120841
2025-09-03,231.8308,120841
2025-09-04,230.3147,120841
2025-09-05,230.0261,120841
2025-09-08,230.3334,120841
2025-09-09,231.7601,120841
2025-09-10,232.9172,120841
2025-09-11,234.5814,120841
2025-09-12,235.5009,120841
2025-09-15,236.803,120841
2025-09-16,238.5553,120841
2025-09-17,238.4804,120841
2025-09-18,239.2009,120841
2025-09-19,238.7551,120841
2025-09-22,236.6308,120841
2025-09-23,236.4453,120841
2025-09-24,235.1127,120841
2025-09-25,233.8771,120841
2025-09-26,229.743,120841
2025-09-30,229.5282,120841
2025-10-01,231.3691,120841
2025-10-03,233.3789,120841
2025-10-06,233.8185,120841
2025-10-07,233.9591,120841
2025-10-08,232.7811,120841
2025-10-09,235.938,120841
2025-10-10,238.7569,120841
2025-10-13,237.2262,120841
2025-10-14,236.6668,120841
2025-10-15,238.4586,120841
2025-10-16,239.7386,120841
2025-10-17,237.9585,120841
2025-10-20,238.5658,120841
2025-10-23,238.1741,120841
2025-10-24,238.5586,120841
2025-10-27,241.1116,120841
2025-10-28,240.5906,120841
2025-10-29,242.1269,120841
2025-10-30,241.5912,120841
2025-10-31,241.241,120841
2025-11-03,242.436,120841
2025-11-04,241.3991,120841
2025-11-06,238.3367,120841
2025-11-07,238.5395,120841
2025-11-10,239.0148,120841
2025-11-11,239.2695,120841
2025-11-12,240.8333,120841
2025-11-13,240.6851,120841
2025-11-14,240.1422,120841
2025-11-17,242.3625,120841
2025-11-18,241.3464,120841
2025-11-19,241.8587,120841
2025-11-20,242.1044,120841
2025-11-21,240.214,120841
2025-11-24,238.0858,120841
2025-11-25,237.4439,120841
2025-11-26,240.6092,120841
2025-11-27,240.9565,120841
2025-11-28,240.0428,120841
2025-12-01,240.1195,120841
2025-12-02,239.2874,120841
2025-12-03,238.6028,120841
2025-12-04,238.0141,120841
2025-12-05,238.011,120841
2025-12-08,234.3084,120841
2025-12-09,234.7247,120841
2025-12-10,234.2746,120841
2025-12-11,236.1615,120841
2025-12-12,238.1125,120841
2025-12-15,238.3773,120841
2025-12-16,235.7084,120841
2025-12-17,234.3133,120841
2025-12-18,234.7045,120841
2025-12-19,236.9631,120841
2025-12-22,238.0447,120841
2025-12-23,238.7629,120841
2025-12-24,237.653,120841
2025-12-26,236.9848,120841
2025-12-29,235.9854,120841
2025-12-30,234.3754,120841
2025-12-31,235.5063,120841
2026-01-01,235.259,120841
2026-01-02,236.4132,120841
2026-01-05,234.5069,120841
2026-01-06,233.0409,120841
2026-01-07,233.3132,120841
2026-01-08,229.2263,120841
2026-01-09,227.0265,120841
2026-01-12,226.2587,120841
2026-01-13,225.4815,120841
2026-01-14,225.3953,120841
2026-01-16,224.9528,120841
2026-01-19,224.6687,120841
2026-01-20,220.3003,120841
2026-01-21,216.4631,120841
2026-01-22,218.2378,120841
2026-01-23,214.913,120841
2026-01-27,214.5324,120841
2026-01-28,216.5481,120841
2026-01-29,215.8206,120841
2026-01-30,217.3627,120841
2026-02-02,215.3687,120841
2026-02-03,220.1536,120841
2026-02-04,220.8543,120841
2026-02-05,220.8275,120841
2026-02-06,221.7398,120841
2026-02-09,224.5198,120841
2026-02-10,225.1996,120841
2026-02-11,225.6929,120841
2026-02-12,225.4245,120841
2026-02-13,222.5748,120841
2026-02-16,222.4954,120841
2026-02-17,222.9773,120841
2026-02-18,223.2608,120841
2026-02-19,220.4132,120841
2026-02-20,221.3408,120841
2026-02-23,221.7051,120841
2026-02-24,220.5605,120841
2026-02-25,222.6482,120841
2026-02-26,223.828,120841
2026-02-27,221.2108,120841
2026-03-02,217.4449,120841
2026-03-04,213.8632,120841
2026-03-05,216.0433,120841
2026-03-06,215.1244,120841
2026-03-09,213.7211,120841
2026-03-10,217.2151,120841
2026-03-11,217.2638,120841
2026-03-12,216.8313,120841
2026-03-13,212.7884,120841
2026-03-16,213.4091,120841
2026-03-17,215.8723,120841
2026-03-18,219.4077,120841
2026-03-19,214.0899,120841
2026-03-20,215.8819,120841
2026-03-23,210.115,120841
2026-03-24,214.9164,120841
2026-03-25,218.6866,120841
2026-03-27,215.979,120841
2026-03-30,212.3561,120841
2026-03-31,212.3571,120841
2026-04-01,216.7627,120841
2026-04-02,216.2795,120841
2026-04-06,217.6413,120841
2026-04-07,217.9604,120841
2026-04-08,224.5909,120841
2026-04-09,224.6235,120841
2026-04-10,228.6993,120841
2026-04-13,226.9809,120841
2026-04-15,231.5434,120841
2026-04-16,233.318,120841
2026-04-17,236.2133,120841
2026-04-20,235.1961,120841
2026-04-21,236.4598,120841
2026-04-22,238.5702,120841
2026-04-23,239.7583,120841
2026-04-24,238.1456,120841
2026-04-27,241.2517,120841
2026-04-28,242.6241,120841
2026-04-29,242.345,120841
2026-04-30,240.5353,120841
2026-05-04,242.7655,120841
2026-05-05,242.9594,120841
2026-05-06,245.3878,120841
2026-05-07,245.6055,120841
2026-05-08,244.6201,120841
2026-05-11,242.7219,120841
2026-05-12,238.1528,120841
2026-05-13,240.0746,120841
2026-05-14,243.5314,120841
2026-05-15,242.0952,120841
2026-05-18,241.2615,120841
2026-05-19,241.6771,120841
2026-05-20,244.7199,120841
2026-05-21,248.8853,120841
2026-05-22,247.8039,120841
2026-05-25,249.2266,120841
2026-05-26,251.2702,120841
2026-05-27,251.2273,120841
2026-05-29,248.6673,120841
2026-06-01,246.9814,120841
2026-06-02,246.8566,120841
2026-06-03,245.6593,120841
2026-06-04,246.0784,120841
2026-06-05,246.0878,120841
2026-06-08,242.1594,120841
2026-06-09,244.2347,120841
2026-06-10,241.9186,120841
2026-06-11,240.5886,120841
2026-06-12,244.7205,120841
2026-06-15,244.629,120841
2026-06-16,245.2402,120841
2026-06-17,246.3925,120841
2026-06-18,249.1553,120841
2026-06-19,251.5713,120841
2026-06-22,252.0694,120841
2026-06-23,249.9814,120841
2026-06-24,249.8412,120841
2026-06-25,249.312,120841
2026-06-29,250.6494,120841
2026-06-30,250.954,120841
2026-07-01,250.4484,120841
2026-07-02,251.5008,120841
2026-07-03,251.3342,120841
2026-07-06,250.9377,120841
2026-07-07,250.0029,120841
2026-07-08,246.671,120841
2026-07-09,250.2146,120841
2026-07-10,252.7536,120841
2026-07-13,253.792,120841
2026-07-14,252.6488,120841
2026-07-15,253.6838,120841
2026-07-16,254.0699,120841
2026-07-17,254.1999,120841
2026-07-20,255.1596,120841
2026-07-21,255.4054,120841
2026-07-22,250.0375,120841
2026-07-23,248.7576,120841
2026-07-24,249.2715,120841
2026-07-27,251.2699,120841
2026-07-28,250.1527,120841
2013-05-28,9.9992,122639
2013-05-29,10.008,122639
2013-05-30,10.0327,122639
2013-05-31,10.0154,122639
2013-06-03,10.0572,122639
2013-06-04,10.0339,122639
2013-06-05,10.0273,122639
2013-06-06,10.0328,122639
2013-06-07,10.0235,122639
2013-06-10,9.9957,122639
2013-06-11,9.954,122639
2013-06-12,9.9288,122639
2013-06-13,9.9118,122639
2013-06-14,9.9549,122639
2013-06-17,9.9818,122639
2013-06-18,9.9964,122639
2013-06-19,10.0085,122639
2013-06-20,9.9306,122639
2013-06-21,9.9161,122639
2013-06-24,9.8034,122639
2013-06-25,9.7828,122639
2013-06-26,9.7543,122639
2013-06-27,9.7919,122639
2013-06-28,9.8992,122639
2013-07-01,9.9352,122639
2013-07-02,9.9357,122639
2013-07-03,9.9149,122639
2013-07-04,9.9544,122639
2013-07-05,9.9713,122639
2013-07-08,9.9518,122639
2013-07-09,10.0018,122639
2013-07-10,10.0079,122639
2013-07-11,10.0617,122639
2013-07-12,10.1284,122639
2013-07-15,10.1833,122639
2013-07-16,10.1081,122639
2013-07-17,10.1534,122639
2013-07-18,10.2163,122639
2013-07-19,10.1288,122639
2013-07-22,10.1909,122639
2013-07-23,10.1664,122639
2013-07-24,10.0358,122639
2013-07-25,9.9699,122639
2013-07-26,9.9594,122639
2013-07-29,9.8913,122639
2013-07-30,9.8424,122639
2013-07-31,9.7726,122639
2013-08-01,9.7877,122639
2013-08-02,9.8152,122639
2013-08-05,9.7889,122639
2013-08-06,9.6794,122639
2013-08-07,9.6912,122639
2013-08-08,9.8041,122639
2013-08-12,9.8993,122639
2013-08-13,9.9669,122639
2013-08-14,9.9589,122639
2013-08-16,9.8359,122639
2013-08-19,9.7064,122639
2013-08-20,9.7127,122639
2013-08-21,9.6923,122639
2013-08-22,9.7025,122639
2013-08-23,9.7798,122639
2013-08-26,9.7569,122639
2013-08-27,9.6567,122639
2013-08-28,9.6251,122639
2013-08-29,9.649,122639
2013-08-30,9.6451,122639
2013-09-02,9.7168,122639
2013-09-03,9.657,122639
2013-09-04,9.6588,122639
2013-09-05,9.7591,122639
2013-09-06,9.7627,122639
2013-09-10,9.8876,122639
2013-09-11,9.9697,122639
2013-09-12,10.0016,122639
2013-09-13,10.04,122639
2013-09-16,10.0314,122639
2013-09-17,10.0447,122639
2013-09-18,10.1245,122639
2013-09-19,10.2081,122639
2013-09-20,10.162,122639
2013-09-23,10.0588,122639
2013-09-24,10.0423,122639
2013-09-25,10.0896,122639
2013-09-26,10.1112,122639
2013-09-27,10.1148,122639
2013-09-30,10.1415,122639
2013-10-01,10.189,122639
2013-10-03,10.2037,122639
2013-10-04,10.1524,122639
2013-10-07,10.1578,122639
2013-10-08,10.1417,122639
2013-10-09,10.125,122639
2013-10-10,10.1775,122639
2013-10-11,10.247,122639
2013-10-14,10.3426,122639
2013-10-15,10.3314,122639
2013-10-17,10.334,122639
2013-10-18,10.4605,122639
2013-10-21,10.5421,122639
2013-10-22,10.5722,122639
2013-10-23,10.59,122639
2013-10-24,10.5668,122639
2013-10-25,10.5451,122639
2013-10-28,10.5689,122639
2013-10-29,10.5966,122639
2013-10-30,10.6077,122639
2013-10-31,10.6939,122639
2013-11-01,10.7386,122639
2013-11-05,10.8176,122639
2013-11-06,10.8172,122639
2013-11-07,10.7677,122639
2013-11-08,10.7003,122639
2013-11-11,10.6757,122639
2013-11-12,10.6621,122639
2013-11-13,10.6513,122639
2013-11-14,10.7331,122639
2013-11-18,10.8401,122639
2013-11-19,10.8503,122639
2013-11-20,10.8985,122639
2013-11-21,10.8418,122639
2013-11-22,10.768,122639
2013-11-25,10.7797,122639
2013-11-26,10.7274,122639
2013-11-27,10.7691,122639
2013-11-28,10.7991,122639
2013-11-29,10.846,122639
2013-12-02,10.8981,122639
2013-12-03,10.8084,122639
2013-12-04,10.7896,122639
2013-12-05,10.8336,122639
2013-12-06,10.8184,122639
2013-12-09,10.8408,122639
2013-12-10,10.7427,122639
2013-12-11,10.7567,122639
2013-12-12,10.6884,122639
2013-12-13,10.6091,122639
2013-12-16,10.6361,122639
2013-12-17,10.6524,122639
2013-12-18,10.7329,122639
2013-12-19,10.8157,122639
2013-12-20,10.941,122639
2013-12-23,11.0652,122639
2013-12-24,11.0721,122639
2013-12-26,11.1355,122639
2013-12-27,11.0722,122639
2013-12-30,11.1084,122639
2013-12-31,11.1547,122639
2014-01-01,11.1989,122639
2014-01-02,11.1112,122639
2014-01-03,11.0683,122639
2014-01-06,11.096,122639
2014-01-07,11.0785,122639
2014-01-08,11.1456,122639
2014-01-09,11.0692,122639
2014-01-10,11.0265,122639
2014-01-13,11.0608,122639
2014-01-14,10.9881,122639
2014-01-15,11.0221,122639
2014-01-16,11.0033,122639
2014-01-17,10.9352,122639
2014-01-20,10.9517,122639
2014-01-21,11.0025,122639
2014-01-22,11.0006,122639
2014-01-23,10.9885,122639
2014-01-24,10.8968,122639
2014-01-27,10.7091,122639
2014-01-28,10.6857,122639
2014-01-29,10.6848,122639
2014-01-30,10.5725,122639
2014-01-31,10.6438,122639
2014-02-03,10.5936,122639
2014-02-04,10.5495,122639
2014-02-05,10.6007,122639
2014-02-06,10.5796,122639
2014-02-07,10.6708,122639
2014-02-10,10.6731,122639
2014-02-11,10.6719,122639
2014-02-12,10.7134,122639
2014-02-13,10.6896,122639
2014-02-14,10.6687,122639
2014-02-17,10.6533,122639
2014-02-18,10.7411,122639
2014-02-19,10.7629,122639
2014-02-20,10.7235,122639
2014-02-21,10.8109,122639
2014-02-24,11.0148,122639
2014-02-25,11.0815,122639
2014-02-26,11.1744,122639
2014-02-28,11.2518,122639
2014-03-03,11.2452,122639
2014-03-04,11.2667,122639
2014-03-05,11.2884,122639
2014-03-06,11.2679,122639
2014-03-07,11.3085,122639
2014-03-10,11.4985,122639
2014-03-11,11.4713,122639
2014-03-12,11.4834,122639
2014-03-13,11.3758,122639
2014-03-14,11.3554,122639
2014-03-18,11.4273,122639
2014-03-19,11.5625,122639
2014-03-20,11.5785,122639
2014-03-21,11.5856,122639
2014-03-24,11.5871,122639
2014-03-25,11.5784,122639
2014-03-26,11.6398,122639
2014-03-27,11.6695,122639
2014-03-28,11.748,122639
2014-03-31,11.8137,122639
2014-04-01,11.8804,122639
2014-04-02,12.0649,122639
2014-04-03,12.0915,122639
2014-04-04,12.1481,122639
2014-04-07,12.0871,122639
2014-04-09,12.2782,122639
2014-04-10,12.2949,122639
2014-04-11,12.3807,122639
2014-04-15,12.2743,122639
2014-04-16,12.3187,122639
2014-04-17,12.4306,122639
2014-04-21,12.4694,122639
2014-04-22,12.4885,122639
2014-04-23,12.4753,122639
2014-04-25,12.3786,122639
2014-04-28,12.4204,122639
2014-04-29,12.4935,122639
2014-04-30,12.3584,122639
2014-05-02,12.4242,122639
2014-05-05,12.4325,122639
2014-05-06,12.4622,122639
2014-05-07,12.4311,122639
2014-05-08,12.4271,122639
2014-05-09,12.5176,122639
2014-05-12,12.6053,122639
2014-05-13,12.7077,122639
2014-05-14,12.7734,122639
2014-05-15,12.6632,122639
2014-05-16,12.7013,122639
2014-05-19,12.9717,122639
2014-05-20,13.0987,122639
2014-05-21,13.1093,122639
2014-05-22,13.2732,122639
2014-05-23,13.473,122639
2014-05-26,13.3511,122639
2014-05-27,13.4168,122639
2014-05-28,13.6706,122639
2014-05-29,13.5845,122639
2014-05-30,13.4618,122639
2014-06-02,13.6321,122639
2014-06-03,13.5443,122639
2014-06-04,13.6994,122639
2014-06-05,13.7994,122639
2014-06-06,13.9518,122639
2014-06-09,14.0318,122639
2014-06-10,14.2521,122639
2014-06-11,14.1681,122639
2014-06-12,14.1725,122639
2014-06-13,13.9309,122639
2014-06-16,13.9161,122639
2014-06-17,14.051,122639
2014-06-18,13.9986,122639
2014-06-19,13.841,122639
2014-06-20,13.8653,122639
2014-06-23,13.8812,122639
2014-06-24,14.0416,122639
2014-06-25,14.0057,122639
2014-06-26,13.99,122639
2014-06-27,14.0133,122639
2014-06-30,14.138,122639
2014-07-01,14.2673,122639
2014-07-02,14.5529,122639
2014-07-03,14.6173,122639
2014-07-04,14.7542,122639
2014-07-07,14.9297,122639
2014-07-08,14.6602,122639
2014-07-09,14.5514,122639
2014-07-10,14.4947,122639
2014-07-11,14.2041,122639
2014-07-14,14.216,122639
2014-07-15,14.4261,122639
2014-07-16,14.6046,122639
2014-07-17,14.7858,122639
2014-07-18,14.832,122639
2014-07-21,14.8651,122639
2014-07-22,14.8192,122639
2014-07-23,14.7925,122639
2014-07-24,14.8635,122639
2014-07-25,14.7349,122639
2014-07-28,14.6928,122639
2014-07-30,14.6067,122639
2014-07-31,14.5541,122639
2014-08-01,14.4505,122639
2014-08-04,14.4983,122639
2014-08-05,14.5281,122639
2014-08-06,14.4394,122639
2014-08-07,14.3763,122639
2014-08-08,14.2103,122639
2014-08-11,14.2756,122639
2014-08-12,14.2497,122639
2014-08-13,14.0822,122639
2014-08-14,14.1563,122639
2014-08-18,14.4029,122639
2014-08-19,14.5322,122639
2014-08-20,14.5899,122639
2014-08-21,14.6151,122639
2014-08-22,14.5703,122639
2014-08-25,14.4776,122639
2014-08-26,14.433,122639
2014-08-27,14.5243,122639
2014-08-28,14.5063,122639
2014-09-01,14.5886,122639
2014-09-02,14.7742,122639
2014-09-03,14.7603,122639
2014-09-04,14.7548,122639
2014-09-05,14.7395,122639
2014-09-08,14.8275,122639
2014-09-09,14.8143,122639
2014-09-10,14.8494,122639
2014-09-11,15.0675,122639
2014-09-12,15.1353,122639
2014-09-15,15.1571,122639
2014-09-16,14.798,122639
2014-09-17,14.8824,122639
2014-09-18,15.1506,122639
2014-09-19,15.2407,122639
2014-09-22,15.2844,122639
2014-09-23,15.1033,122639
2014-09-24,14.9214,122639
2014-09-25,14.7508,122639
2014-09-26,14.7782,122639
2014-09-29,14.8788,122639
2014-09-30,14.7827,122639
2014-10-01,14.8235,122639
2014-10-07,14.6456,122639
2014-10-08,14.5722,122639
2014-10-09,14.7594,122639
2014-10-10,14.5769,122639
2014-10-13,14.5167,122639
2014-10-14,14.462,122639
2014-10-16,14.3874,122639
2014-10-17,14.3896,122639
2014-10-20,14.4761,122639
2014-10-21,14.509,122639
2014-10-22,14.6208,122639
2014-10-27,14.7208,122639
2014-10-28,14.6982,122639
2014-10-29,14.7456,122639
2014-10-30,14.8042,122639
2014-10-31,14.9338,122639
2014-11-03,15.1612,122639
2014-11-05,15.0834,122639
2014-11-07,15.0911,122639
2014-11-10,15.0768,122639
2014-11-11,15.169,122639
2014-11-12,15.1974,122639
2014-11-13,15.0945,122639
2014-11-14,15.1046,122639
2014-11-17,15.1272,122639
2014-11-18,15.1613,122639
2014-11-19,15.1682,122639
2014-11-20,15.1239,122639
2014-11-21,15.2023,122639
2014-11-24,15.2649,122639
2014-11-25,15.2011,122639
2014-11-26,15.3714,122639
2014-11-27,15.4273,122639
2014-11-28,15.5459,122639
2014-12-01,15.6125,122639
2014-12-02,15.7448,122639
2014-12-03,15.8292,122639
2014-12-04,15.8709,122639
2014-12-05,15.8547,122639
2014-12-08,15.8646,122639
2014-12-09,15.7483,122639
2014-12-10,15.7657,122639
2014-12-11,15.6429,122639
2014-12-12,15.4891,122639
2014-12-15,15.4012,122639
2014-12-16,15.1489,122639
2014-12-17,15.1163,122639
2014-12-18,15.4964,122639
2014-12-19,15.6972,122639
2014-12-22,15.7712,122639
2014-12-23,15.9438,122639
2014-12-24,15.9903,122639
2014-12-26,16.003,122639
2014-12-29,16.0431,122639
2014-12-30,16.0644,122639
2014-12-31,16.2296,122639
2015-01-01,16.2594,122639
2015-01-02,16.3896,122639
2015-01-05,16.3987,122639
2015-01-06,16.042,122639
2015-01-07,15.9459,122639
2015-01-08,16.085,122639
2015-01-09,16.1482,122639
2015-01-12,16.1654,122639
2015-01-13,16.202,122639
2015-01-14,16.1434,122639
2015-01-15,16.266,122639
2015-01-16,16.2718,122639
2015-01-19,16.3404,122639
2015-01-20,16.461,122639
2015-01-21,16.422,122639
2015-01-22,16.4925,122639
2015-01-23,16.5457,122639
2015-01-27,16.5044,122639
2015-01-28,16.4665,122639
2015-01-29,16.4071,122639
2015-01-30,16.3233,122639
2015-02-02,16.3279,122639
2015-02-03,16.2575,122639
2015-02-04,16.2352,122639
2015-02-05,16.1287,122639
2015-02-06,16.0507,122639
2015-02-09,16.0053,122639
2015-02-10,15.9399,122639
2015-02-11,16.0161,122639
2015-02-12,16.0907,122639
2015-02-13,16.3021,122639
2015-02-16,16.3025,122639
2015-02-18,16.3244,122639
2015-02-19,16.2559,122639
2015-02-20,16.2915,122639
2015-02-23,16.239,122639
2015-02-24,16.2005,122639
2015-02-25,16.2364,122639
2015-02-26,16.2366,122639
2015-02-27,16.3792,122639
2015-03-02,16.7452,122639
2015-03-03,16.7754,122639
2015-03-04,16.8506,122639
2015-03-05,16.9303,122639
2015-03-09,16.7325,122639
2015-03-10,16.6424,122639
2015-03-11,16.5862,122639
2015-03-12,16.6038,122639
2015-03-13,16.537,122639
2015-03-16,16.4421,122639
2015-03-17,16.6889,122639
2015-03-18,16.7067,122639
2015-03-19,16.682,122639
2015-03-20,16.5214,122639
2015-03-23,16.5039,122639
2015-03-24,16.4938,122639
2015-03-25,16.4621,122639
2015-03-26,16.2482,122639
2015-03-27,16.2595,122639
2015-03-30,16.3905,122639
2015-03-31,16.4697,122639
2015-04-01,16.5589,122639
2015-04-06,16.5628,122639
2015-04-07,16.6045,122639
2015-04-08,16.6891,122639
2015-04-09,16.7948,122639
2015-04-10,16.8989,122639
2015-04-13,16.8958,122639
2015-04-15,16.8162,122639
2015-04-16,16.8679,122639
2015-04-17,16.8565,122639
2015-04-20,16.6865,122639
2015-04-21,16.7661,122639
2015-04-22,16.7796,122639
2015-04-23,16.7616,122639
2015-04-24,16.615,122639
2015-04-27,16.4284,122639
2015-04-28,16.648,122639
2015-04-29,16.7186,122639
2015-04-30,16.7415,122639
2015-05-04,16.9236,122639
2015-05-05,16.8783,122639
2015-05-06,16.539,122639
2015-05-07,16.3605,122639
2015-05-08,16.5439,122639
2015-05-11,16.7742,122639
2015-05-12,16.7175,122639
2015-05-13,16.7915,122639
2015-05-14,16.8057,122639
2015-05-15,16.8764,122639
2015-05-18,16.963,122639
2015-05-19,16.9475,122639
2015-05-20,17.0129,122639
2015-05-21,16.9888,122639
2015-05-22,16.9656,122639
2015-05-25,16.9074,122639
2015-05-26,16.9014,122639
2015-05-27,16.8344,122639
2015-05-28,16.8628,122639
2015-05-29,16.9597,122639
2015-06-01,16.8919,122639
2015-06-02,16.7223,122639
2015-06-03,16.617,122639
2015-06-04,16.6551,122639
2015-06-05,16.5652,122639
2015-06-08,16.4776,122639
2015-06-09,16.4288,122639
2015-06-10,16.4792,122639
2015-06-11,16.469,122639
2015-06-12,16.5427,122639
2015-06-15,16.5428,122639
2015-06-16,16.5428,122639
2015-06-17,16.6193,122639
2015-06-18,16.7002,122639
2015-06-19,16.7421,122639
2015-06-22,16.8923,122639
2015-06-23,16.9541,122639
2015-06-24,16.9159,122639
2015-06-25,16.9076,122639
2015-06-26,16.8993,122639
2015-06-29,16.8026,122639
2015-06-30,16.7392,122639
2015-07-01,16.8275,122639
2015-07-02,16.8941,122639
2015-07-03,16.9065,122639
2015-07-06,16.937,122639
2015-07-07,17.0401,122639
2015-07-08,16.9199,122639
2015-07-09,16.8255,122639
2015-07-10,16.8145,122639
2015-07-13,16.9542,122639
2015-07-14,17.0137,122639
2015-07-15,17.1124,122639
2015-07-16,17.2139,122639
2015-07-17,17.353,122639
2015-07-20,17.5914,122639
2015-07-21,17.4381,122639
2015-07-22,17.4756,122639
2015-07-23,17.3986,122639
2015-07-24,17.225,122639
2015-07-27,16.9719,122639
2015-07-28,16.9681,122639
2015-07-29,17.0553,122639
2015-07-30,17.1318,122639
2015-07-31,17.1952,122639
2015-08-03,17.3661,122639
2015-08-04,17.4151,122639
2015-08-05,17.3809,122639
2015-08-06,17.4855,122639
2015-08-07,17.4492,122639
2015-08-10,17.3679,122639
2015-08-11,17.3169,122639
2015-08-12,17.1477,122639
2015-08-13,17.1021,122639
2015-08-14,17.2288,122639
2015-08-17,17.2445,122639
2015-08-18,17.265,122639
2015-08-19,17.3231,122639
2015-08-20,17.1514,122639
2015-08-21,17.0198,122639
2015-08-24,16.2191,122639
2015-08-25,16.3163,122639
2015-08-26,16.21,122639
2015-08-27,16.5639,122639
2015-08-28,16.6064,122639
2015-08-31,16.5872,122639
2015-09-01,16.3755,122639
2015-09-02,16.2434,122639
2015-09-03,16.3746,122639
2015-09-04,16.1642,122639
2015-09-07,15.9404,122639
2015-09-08,16.0955,122639
2015-09-09,16.3121,122639
2015-09-10,16.3057,122639
2015-09-11,16.36,122639
2015-09-14,16.4771,122639
2015-09-15,16.2858,122639
2015-09-16,16.3547,122639
2015-09-18,16.5086,122639
2015-09-21,16.4225,122639
2015-09-22,16.33,122639
2015-09-23,16.255,122639
2015-09-24,16.2562,122639
2015-09-28,16.227,122639
2015-09-29,16.0695,122639
2015-09-30,16.1357,122639
2015-10-01,16.1448,122639
2015-10-05,16.387,122639
2015-10-06,16.4672,122639
2015-10-07,16.4584,122639
2015-10-08,16.425,122639
2015-10-09,16.5139,122639
2015-10-12,16.5215,122639
2015-10-13,16.6312,122639
2015-10-14,16.7306,122639
2015-10-15,16.8024,122639
2015-10-16,16.8506,122639
2015-10-19,16.854,122639
2015-10-20,16.9259,122639
2015-10-21,16.8546,122639
2015-10-23,16.9417,122639
2015-10-26,17.2001,122639
2015-10-27,17.2854,122639
2015-10-28,17.1653,122639
2015-10-29,17.2493,122639
2015-10-30,17.2922,122639
2015-11-02,17.3999,122639
2015-11-03,17.4589,122639
2015-11-04,17.3896,122639
2015-11-05,17.3254,122639
2015-11-06,17.1974,122639
2015-11-09,17.1912,122639
2015-11-10,17.0605,122639
2015-11-13,17.1115,122639
2015-11-16,17.1051,122639
2015-11-17,17.2018,122639
2015-11-18,17.1046,122639
2015-11-19,17.2649,122639
2015-11-20,17.3094,122639
2015-11-23,17.421,122639
2015-11-24,17.4213,122639
2015-11-26,17.6377,122639
2015-11-27,17.6701,122639
2015-11-30,17.8154,122639
2015-12-01,17.72,122639
2015-12-02,17.7626,122639
2015-12-03,17.723,122639
2015-12-04,17.632,122639
2015-12-07,17.6875,122639
2015-12-08,17.5734,122639
2015-12-09,17.3727,122639
2015-12-10,17.4146,122639
2015-12-11,17.2944,122639
2015-12-14,17.211,122639
2015-12-15,17.3142,122639
2015-12-16,17.3893,122639
2015-12-17,17.5397,122639
2015-12-18,17.4762,122639
2015-12-21,17.4792,122639
2015-12-22,17.5738,122639
2015-12-23,17.6517,122639
2015-12-24,17.6266,122639
2015-12-28,17.7102,122639
2015-12-29,17.7387,122639
2015-12-30,17.7863,122639
2015-12-31,17.7732,122639
2016-01-01,17.7309,122639
2016-01-04,17.6198,122639
2016-01-05,17.5779,122639
2016-01-06,17.5596,122639
2016-01-07,17.2838,122639
2016-01-08,17.2514,122639
2016-01-11,17.1288,122639
2016-01-12,17.0742,122639
2016-01-13,16.9492,122639
2016-01-14,16.7277,122639
2016-01-15,16.5564,122639
2016-01-18,15.9963,122639
2016-01-19,16.2189,122639
2016-01-20,16.1072,122639
2016-01-21,16.1241,122639
2016-01-22,16.3124,122639
2016-01-25,16.451,122639
2016-01-27,16.4458,122639
2016-01-28,16.3986,122639
2016-01-29,16.5919,122639
2016-02-01,16.6609,122639
2016-02-02,16.6031,122639
2016-02-03,16.4455,122639
2016-02-04,16.3545,122639
2016-02-05,16.3692,122639
2016-02-08,16.3234,122639
2016-02-09,16.2121,122639
2016-02-10,16.0879,122639
2016-02-11,15.6903,122639
2016-02-12,15.5877,122639
2016-02-15,15.9409,122639
2016-02-16,15.7268,122639
2016-02-17,15.8319,122639
2016-02-18,16.0044,122639
2016-02-19,15.9674,122639
2016-02-22,15.9948,122639
2016-02-23,15.9318,122639
2016-02-24,15.7322,122639
2016-02-25,15.6638,122639
2016-02-26,15.7158,122639
2016-02-29,15.6564,122639
2016-03-01,15.8379,122639
2016-03-02,16.1479,122639
2016-03-03,16.2041,122639
2016-03-04,16.2373,122639
2016-03-08,16.1997,122639
2016-03-09,16.2262,122639
2016-03-10,16.2049,122639
2016-03-11,16.258,122639
2016-03-14,16.3609,122639
2016-03-15,16.3377,122639
2016-03-16,16.4116,122639
2016-03-17,16.5118,122639
2016-03-18,16.6138,122639
2016-03-21,16.7221,122639
2016-03-22,16.7614,122639
2016-03-23,16.8314,122639
2016-03-28,16.7035,122639
2016-03-29,16.7953,122639
2016-03-30,17.005,122639
2016-03-31,17.0661,122639
2016-04-01,17.0291,122639
2016-04-04,17.0465,122639
2016-04-05,16.9273,122639
2016-04-06,16.8446,122639
2016-04-07,16.8273,122639
2016-04-08,16.8369,122639
2016-04-11,16.909,122639
2016-04-12,16.9352,122639
2016-04-13,17.1254,122639
2016-04-18,17.382,122639
2016-04-20,17.3721,122639
2016-04-21,17.4061,122639
2016-04-22,17.4152,122639
2016-04-25,17.2321,122639
2016-04-26,17.2348,122639
2016-04-27,17.1785,122639
2016-04-28,17.1937,122639
2016-04-29,17.1537,122639
2016-05-02,17.1338,122639
2016-05-03,17.1043,122639
2016-05-04,17.0432,122639
2016-05-05,16.9444,122639
2016-05-06,16.9841,122639
2016-05-09,17.0948,122639
2016-05-10,17.1656,122639
2016-05-11,17.2315,122639
2016-05-12,17.3688,122639
2016-05-13,17.3258,122639
2016-05-16,17.3054,122639
2016-05-17,17.3681,122639
2016-05-18,17.325,122639
2016-05-19,17.2295,122639
2016-05-20,17.0392,122639
2016-05-23,17.0928,122639
2016-05-24,17.08,122639
2016-05-25,17.2329,122639
2016-05-26,17.4042,122639
2016-05-27,17.4235,122639
2016-05-30,17.4826,122639
2016-05-31,17.4491,122639
2016-06-01,17.4435,122639
2016-06-02,17.4014,122639
2016-06-03,17.4335,122639
2016-06-06,17.3983,122639
2016-06-07,17.5363,122639
2016-06-08,17.5812,122639
2016-06-09,17.6456,122639
2016-06-10,17.6065,122639
2016-06-13,17.4619,122639
2016-06-14,17.4443,122639
2016-06-15,17.4682,122639
2016-06-16,17.5674,122639
2016-06-17,17.5641,122639
2016-06-20,17.4949,122639
2016-06-21,17.5603,122639
2016-06-22,17.5712,122639
2016-06-23,17.581,122639
2016-06-24,17.4377,122639
2016-06-27,17.344,122639
2016-06-28,17.2582,122639
2016-06-29,17.4234,122639
2016-06-30,17.5526,122639
2016-07-01,17.5883,122639
2016-07-04,17.7378,122639
2016-07-05,17.6714,122639
2016-07-07,17.6633,122639
2016-07-08,17.6548,122639
2016-07-11,17.85,122639
2016-07-12,17.9102,122639
2016-07-13,17.9342,122639
2016-07-14,17.8766,122639
2016-07-15,17.8406,122639
2016-07-18,17.7917,122639
2016-07-19,17.9548,122639
2016-07-20,18.0143,122639
2016-07-21,18.0206,122639
2016-07-22,18.055,122639
2016-07-25,18.1292,122639
2016-07-26,18.2017,122639
2016-07-27,18.2201,122639
2016-07-28,18.3523,122639
2016-07-29,18.3486,122639
2016-08-01,18.3375,122639
2016-08-02,18.3353,122639
2016-08-03,18.2044,122639
2016-08-04,18.1847,122639
2016-08-05,18.394,122639
2016-08-08,18.4807,122639
2016-08-09,18.3788,122639
2016-08-10,18.2848,122639
2016-08-11,18.3143,122639
2016-08-12,18.414,122639
2016-08-16,18.3541,122639
2016-08-17,18.3077,122639
2016-08-18,18.4204,122639
2016-08-19,18.4641,122639
2016-08-22,18.4543,122639
2016-08-23,18.4684,122639
2016-08-24,18.5991,122639
2016-08-25,18.5848,122639
2016-08-26,18.6223,122639
2016-08-29,18.6524,122639
2016-08-30,18.7714,122639
2016-08-31,18.8414,122639
2016-09-01,18.7248,122639
2016-09-02,18.7691,122639
2016-09-06,18.9162,122639
2016-09-07,18.9061,122639
2016-09-08,18.9369,122639
2016-09-09,18.8304,122639
2016-09-12,18.5446,122639
2016-09-14,18.5834,122639
2016-09-15,18.5574,122639
2016-09-16,18.6669,122639
2016-09-19,18.5769,122639
2016-09-20,18.5605,122639
2016-09-21,18.5989,122639
2016-09-22,18.7464,122639
2016-09-23,18.7479,122639
2016-09-26,18.6328,122639
2016-09-27,18.5842,122639
2016-09-28,18.6678,122639
2016-09-29,18.5152,122639
2016-09-30,18.6047,122639
2016-10-03,18.7893,122639
2016-10-04,18.9342,122639
2016-10-05,19.0092,122639
2016-10-06,19.075,122639
2016-10-07,19.1083,122639
2016-10-10,19.0915,122639
2016-10-13,19.017,122639
2016-10-14,19.1743,122639
2016-10-17,19.285,122639
2016-10-18,19.3835,122639
2016-10-19,19.3756,122639
2016-10-20,19.4001,122639
2016-10-21,19.4007,122639
2016-10-24,19.4246,122639
2016-10-25,19.5028,122639
2016-10-26,19.3106,122639
2016-10-27,19.0242,122639
2016-10-28,19.0744,122639
2016-11-01,19.0649,122639
2016-11-02,18.9277,122639
2016-11-03,18.8354,122639
2016-11-04,18.6496,122639
2016-11-07,18.661,122639
2016-11-08,18.8454,122639
2016-11-09,18.8162,122639
2016-11-10,18.9468,122639
2016-11-11,18.6495,122639
2016-11-15,18.1541,122639
2016-11-16,18.212,122639
2016-11-17,18.1747,122639
2016-11-18,18.1954,122639
2016-11-21,17.9961,122639
2016-11-22,18.0998,122639
2016-11-23,18.1639,122639
2016-11-24,18.1892,122639
2016-11-25,18.2435,122639
2016-11-28,18.2642,122639
2016-11-29,18.3164,122639
2016-11-30,18.4973,122639
2016-12-01,18.4634,122639
2016-12-02,18.3265,122639
2016-12-05,18.3127,122639
2016-12-06,18.4046,122639
2016-12-07,18.3324,122639
2016-12-08,18.5342,122639
2016-12-09,18.5456,122639
2016-12-12,18.5693,122639
2016-12-13,18.5449,122639
2016-12-14,18.5897,122639
2016-12-15,18.5923,122639
2016-12-16,18.604,122639
2016-12-19,18.5217,122639
2016-12-20,18.4542,122639
2016-12-21,18.4505,122639
2016-12-22,18.2728,122639
2016-12-23,18.2574,122639
2016-12-26,18.1524,122639
2016-12-27,18.2012,122639
2016-12-28,18.3198,122639
2016-12-29,18.3732,122639
2016-12-30,18.4589,122639
2017-01-02,18.3968,122639
2017-01-03,18.4653,122639
2017-01-04,18.4996,122639
2017-01-05,18.586,122639
2017-01-06,18.5963,122639
2017-01-09,18.6347,122639
2017-01-10,18.6429,122639
2017-01-11,18.7438,122639
2017-01-12,18.7226,122639
2017-01-13,18.6945,122639
2017-01-16,18.6878,122639
2017-01-17,18.7614,122639
2017-01-18,18.818,122639
2017-01-19,18.8035,122639
2017-01-20,18.6883,122639
2017-01-23,18.6936,122639
2017-01-24,18.8359,122639
2017-01-25,18.9725,122639
2017-01-27,19.1329,122639
2017-01-30,19.1486,122639
2017-01-31,19.0001,122639
2017-02-01,19.0838,122639
2017-02-02,19.1099,122639
2017-02-03,19.1583,122639
2017-02-06,19.3135,122639
2017-02-07,19.3356,122639
2017-02-08,19.3247,122639
2017-02-09,19.3789,122639
2017-02-10,19.3205,122639
2017-02-13,19.316,122639
2017-02-14,19.3364,122639
2017-02-15,19.3286,122639
2017-02-16,19.3974,122639
2017-02-17,19.4202,122639
2017-02-20,19.492,122639
2017-02-21,19.5744,122639
2017-02-22,19.5653,122639
2017-02-23,19.6015,122639
2017-02-27,19.63,122639
2017-02-28,19.6606,122639
2017-03-01,19.7209,122639
2017-03-02,19.7618,122639
2017-03-03,19.7183,122639
2017-03-06,19.7437,122639
2017-03-07,19.7386,122639
2017-03-08,19.7017,122639
2017-03-09,19.6961,122639
2017-03-10,19.6579,122639
2017-03-14,19.7982,122639
2017-03-15,19.8031,122639
2017-03-16,19.8994,122639
2017-03-17,19.9411,122639
2017-03-20,19.9274,122639
2017-03-21,19.8806,122639
2017-03-22,19.7119,122639
2017-03-23,19.7111,122639
2017-03-24,19.7134,122639
2017-03-27,19.7549,122639
2017-03-28,19.8555,122639
2017-03-29,19.9684,122639
2017-03-30,19.9781,122639
2017-03-31,19.9376,122639
2017-04-03,19.9799,122639
2017-04-05,19.9909,122639
2017-04-06,19.9121,122639
2017-04-07,19.8454,122639
2017-04-10,19.8621,122639
2017-04-11,19.9393,122639
2017-04-12,19.8824,122639
2017-04-13,19.9003,122639
2017-04-17,19.9411,122639
2017-04-18,19.9864,122639
2017-04-19,19.9572,122639
2017-04-20,19.931,122639
2017-04-21,19.9565,122639
2017-04-24,20.04,122639
2017-04-25,20.2661,122639
2017-04-26,20.3498,122639
2017-04-27,20.3199,122639
2017-04-28,20.3305,122639
2017-05-02,20.3697,122639
2017-05-03,20.3061,122639
2017-05-04,20.4236,122639
2017-05-05,20.3637,122639
2017-05-08,20.4342,122639
2017-05-09,20.4473,122639
2017-05-10,20.5377,122639
2017-05-11,20.4734,122639
2017-05-12,20.4212,122639
2017-05-15,20.4913,122639
2017-05-16,20.5846,122639
2017-05-17,20.6809,122639
2017-05-18,20.4518,122639
2017-05-19,20.4032,122639
2017-05-22,20.3818,122639
2017-05-23,20.3351,122639
2017-05-24,20.2817,122639
2017-05-25,20.4516,122639
2017-05-26,20.5865,122639
2017-05-29,20.548,122639
2017-05-30,20.6771,122639
2017-05-31,20.7561,122639
2017-06-01,20.79,122639
2017-06-02,20.839,122639
2017-06-05,20.9076,122639
2017-06-06,20.9691,122639
2017-06-07,21.0268,122639
2017-06-08,21.0633,122639
2017-06-09,21.1142,122639
2017-06-12,20.9866,122639
2017-06-13,21.007,122639
2017-06-14,21.0562,122639
2017-06-15,21.0473,122639
2017-06-16,21.0575,122639
2017-06-19,21.1512,122639
2017-06-20,21.2746,122639
2017-06-21,21.2767,122639
2017-06-22,21.2553,122639
2017-06-23,21.1607,122639
2017-06-27,21.0212,122639
2017-06-28,20.944,122639
2017-06-29,21.0941,122639
2017-06-30,21.0498,122639
2017-07-03,21.0743,122639
2017-07-04,21.0588,122639
2017-07-05,21.1587,122639
2017-07-06,21.2242,122639
2017-07-07,21.1737,122639
2017-07-10,21.2347,122639
2017-07-11,21.2919,122639
2017-07-12,21.3525,122639
2017-07-13,21.4396,122639
2017-07-14,21.4205,122639
2017-07-17,21.4763,122639
2017-07-18,21.4846,122639
2017-07-19,21.585,122639
2017-07-20,21.6199,122639
2017-07-21,21.6792,122639
2017-07-24,21.6318,122639
2017-07-25,21.6492,122639
2017-07-26,21.5679,122639
2017-07-27,21.6567,122639
2017-07-28,21.5897,122639
2017-07-31,21.6668,122639
2017-08-01,21.6321,122639
2017-08-02,21.6111,122639
2017-08-03,21.5009,122639
2017-08-04,21.5011,122639
2017-08-07,21.719,122639
2017-08-08,21.6429,122639
2017-08-09,21.5216,122639
2017-08-10,21.2619,122639
2017-08-11,21.1589,122639
2017-08-14,21.4087,122639
2017-08-16,21.5907,122639
2017-08-17,21.5577,122639
2017-08-18,21.4647,122639
2017-08-21,21.3871,122639
2017-08-22,21.3801,122639
2017-08-23,21.6361,122639
2017-08-24,21.6842,122639
2017-08-28,21.7434,122639
2017-08-29,21.7681,122639
2017-08-30,21.8524,122639
2017-08-31,21.8733,122639
2017-09-01,22.0013,122639
2017-09-04,21.8765,122639
2017-09-05,21.9812,122639
2017-09-06,21.8204,122639
2017-09-07,22.0263,122639
2017-09-08,22.1743,122639
2017-09-11,22.2923,122639
2017-09-12,22.4067,122639
2017-09-13,22.286,122639
2017-09-14,22.308,122639
2017-09-15,22.3549,122639
2017-09-18,22.4678,122639
2017-09-19,22.4938,122639
2017-09-20,22.4748,122639
2017-09-21,22.5515,122639
2017-09-22,22.2553,122639
2017-09-25,22.1897,122639
2017-09-26,22.2382,122639
2017-09-27,22.1802,122639
2017-09-28,22.4026,122639
2017-09-29,22.4944,122639
2017-10-03,22.581,122639
2017-10-04,22.5466,122639
2017-10-05,22.5029,122639
2017-10-06,22.5917,122639
2017-10-09,22.5913,122639
2017-10-10,22.7168,122639
2017-10-11,22.7101,122639
2017-10-12,22.8459,122639
2017-10-13,22.9032,122639
2017-10-16,22.923,122639
2017-10-17,22.8927,122639
2017-10-18,22.8318,122639
2017-10-23,22.9147,122639
2017-10-24,22.826,122639
2017-10-25,22.8401,122639
2017-10-26,22.8518,122639
2017-10-27,22.9043,122639
2017-10-30,23.1326,122639
2017-10-31,23.1678,122639
2017-11-01,23.2267,122639
2017-11-02,23.2389,122639
2017-11-03,23.223,122639
2017-11-06,23.2493,122639
2017-11-07,23.1712,122639
2017-11-08,23.1668,122639
2017-11-09,23.2299,122639
2017-11-10,23.3515,122639
2017-11-13,23.2987,122639
2017-11-14,23.2593,122639
2017-11-15,23.1628,122639
2017-11-16,23.1071,122639
2017-11-17,23.1986,122639
2017-11-20,23.2486,122639
2017-11-21,23.3772,122639
2017-11-22,23.4425,122639
2017-11-23,23.3792,122639
2017-11-24,23.4031,122639
2017-11-27,23.4706,122639
2017-11-28,23.531,122639
2017-11-29,23.4941,122639
2017-11-30,23.4262,122639
2017-12-01,23.414,122639
2017-12-04,23.399,122639
2017-12-05,23.3745,122639
2017-12-06,23.336,122639
2017-12-07,23.459,122639
2017-12-08,23.6763,122639
2017-12-11,23.6445,122639
2017-12-12,23.5901,122639
2017-12-13,23.5963,122639
2017-12-14,23.6201,122639
2017-12-15,23.7548,122639
2017-12-18,23.8682,122639
2017-12-19,23.9915,122639
2017-12-20,23.9313,122639
2017-12-21,23.8911,122639
2017-12-22,23.8591,122639
2017-12-26,23.9216,122639
2017-12-27,23.8366,122639
2017-12-28,23.912,122639
2017-12-29,24.0155,122639
2018-01-01,24.0022,122639
2018-01-02,23.8867,122639
2018-01-03,23.9624,122639
2018-01-04,24.0692,122639
2018-01-05,24.2602,122639
2018-01-08,24.3825,122639
2018-01-09,24.389,122639
2018-01-10,24.4527,122639
2018-01-11,24.4403,122639
2018-01-12,24.5179,122639
2018-01-15,24.5405,122639
2018-01-16,24.4898,122639
2018-01-17,24.5658,122639
2018-01-18,24.5478,122639
2018-01-19,24.6804,122639
2018-01-22,24.7645,122639
2018-01-23,24.8968,122639
2018-01-24,24.9279,122639
2018-01-25,24.8838,122639
2018-01-29,24.8629,122639
2018-01-30,24.7586,122639
2018-01-31,24.6526,122639
2018-02-01,24.6148,122639
2018-02-02,24.3026,122639
2018-02-05,23.9446,122639
2018-02-06,23.5155,122639
2018-02-07,23.7522,122639
2018-02-08,23.8953,122639
2018-02-09,23.6062,122639
2018-02-12,23.733,122639
2018-02-14,23.9028,122639
2018-02-15,23.9235,122639
2018-02-16,23.8965,122639
2018-02-19,23.8472,122639
2018-02-20,23.8643,122639
2018-02-21,23.8517,122639
2018-02-22,23.881,122639
2018-02-23,24.0526,122639
2018-02-26,24.235,122639
2018-02-27,24.3072,122639
2018-02-28,24.158,122639
2018-03-01,24.0247,122639
2018-03-05,23.787,122639
2018-03-06,23.8103,122639
2018-03-07,23.7273,122639
2018-03-08,23.8123,122639
2018-03-09,23.8226,122639
2018-03-12,24.0299,122639
2018-03-13,24.0771,122639
2018-03-14,23.93,122639
2018-03-15,23.9856,122639
2018-03-16,23.839,122639
2018-03-19,23.6366,122639
2018-03-20,23.4615,122639
2018-03-21,23.4188,122639
2018-03-22,23.3215,122639
2018-03-23,22.9944,122639
2018-03-26,23.0584,122639
2018-03-27,23.1745,122639
2018-03-28,22.9248,122639
2018-04-02,23.1121,122639
2018-04-03,23.0664,122639
2018-04-04,23.0448,122639
2018-04-05,23.2377,122639
2018-04-06,23.4551,122639
2018-04-09,23.4644,122639
2018-04-10,23.499,122639
2018-04-11,23.5595,122639
2018-04-12,23.5754,122639
2018-04-13,23.6301,122639
2018-04-16,23.6884,122639
2018-04-17,23.7419,122639
2018-04-18,23.7885,122639
2018-04-19,23.7685,122639
2018-04-20,23.848,122639
2018-04-23,23.7761,122639
2018-04-24,23.8781,122639
2018-04-25,23.6817,122639
2018-04-26,23.697,122639
2018-04-27,23.9822,122639
2018-04-30,24.1046,122639
2018-05-02,23.9507,122639
2018-05-03,23.8823,122639
2018-05-04,23.8201,122639
2018-05-07,23.9446,122639
2018-05-08,23.985,122639
2018-05-09,24.0225,122639
2018-05-10,24.046,122639
2018-05-11,24.1926,122639
2018-05-14,24.2366,122639
2018-05-15,24.2909,122639
2018-05-16,24.2766,122639
2018-05-17,24.3748,122639
2018-05-18,24.2885,122639
2018-05-21,24.0117,122639
2018-05-22,24.2693,122639
2018-05-23,24.1905,122639
2018-05-24,24.2017,122639
2018-05-25,24.298,122639
2018-05-28,24.3155,122639
2018-05-29,24.2944,122639
2018-05-30,24.2946,122639
2018-05-31,24.293,122639
2018-06-01,24.2655,122639
2018-06-04,24.2593,122639
2018-06-05,24.1523,122639
2018-06-06,24.2372,122639
2018-06-07,24.3553,122639
2018-06-08,24.4881,122639
2018-06-11,24.6082,122639
2018-06-12,24.8178,122639
2018-06-13,24.7997,122639
2018-06-14,24.8297,122639
2018-06-15,24.8694,122639
2018-06-18,24.9431,122639
2018-06-19,24.9404,122639
2018-06-20,24.9442,122639
2018-06-21,25.0151,122639
2018-06-22,24.9886,122639
2018-06-25,25.029,122639
2018-06-26,24.7693,122639
2018-06-27,24.6289,122639
2018-06-28,24.3044,122639
2018-06-29,24.4894,122639
2018-07-02,24.487,122639
2018-07-03,24.566,122639
2018-07-04,24.7756,122639
2018-07-05,24.8273,122639
2018-07-06,25.0613,122639
2018-07-09,25.261,122639
2018-07-10,25.3657,122639
2018-07-11,25.3064,122639
2018-07-12,25.3093,122639
2018-07-13,25.3257,122639
2018-07-16,25.1669,122639
2018-07-17,25.2035,122639
2018-07-18,25.2953,122639
2018-07-19,25.296,122639
2018-07-20,25.451,122639
2018-07-23,25.4632,122639
2018-07-24,25.5762,122639
2018-07-25,25.6847,122639
2018-07-26,25.807,122639
2018-07-27,25.6163,122639
2018-07-30,25.5139,122639
2018-07-31,25.4667,122639
2018-08-01,25.4946,122639
2018-08-02,25.4975,122639
2018-08-03,25.772,122639
2018-08-06,25.8349,122639
2018-08-07,25.9508,122639
2018-08-08,25.9868,122639
2018-08-09,26.0032,122639
2018-08-10,25.9092,122639
2018-08-13,25.7608,122639
2018-08-14,25.9312,122639
2018-08-16,26.0185,122639
2018-08-17,26.0426,122639
2018-08-20,26.0423,122639
2018-08-21,26.0474,122639
2018-08-23,26.0969,122639
2018-08-24,26.0619,122639
2018-08-27,26.2572,122639
2018-08-28,26.424,122639
2018-08-29,26.4529,122639
2018-08-30,26.5161,122639
2018-08-31,26.4697,122639
2018-09-03,26.3399,122639
2018-09-04,26.2316,122639
2018-09-05,25.9845,122639
2018-09-06,26.0822,122639
2018-09-07,26.1159,122639
2018-09-10,25.9784,122639
2018-09-11,25.889,122639
2018-09-12,25.8616,122639
2018-09-14,25.9212,122639
2018-09-17,25.7486,122639
2018-09-18,25.5631,122639
2018-09-19,25.5436,122639
2018-09-21,25.4779,122639
2018-09-24,25.2504,122639
2018-09-25,25.296,122639
2018-09-26,25.2972,122639
2018-09-27,25.1033,122639
2018-09-28,25.0927,122639
2018-10-01,25.0111,122639
2018-10-03,24.8945,122639
2018-10-04,24.7645,122639
2018-10-05,24.3539,122639
2018-10-08,24.0456,122639
2018-10-09,24.0259,122639
2018-10-10,24.2182,122639
2018-10-11,23.7732,122639
2018-10-12,23.904,122639
2018-10-15,24.0684,122639
2018-10-16,24.1122,122639
2018-10-17,24.1226,122639
2018-10-19,23.8373,122639
2018-10-22,23.6998,122639
2018-10-23,23.6342,122639
2018-10-24,23.6359,122639
2018-10-25,23.2909,122639
2018-10-26,23.4248,122639
2018-10-29,23.4989,122639
2018-10-30,23.3472,122639
2018-10-31,23.6279,122639
2018-11-01,23.8388,122639
2018-11-02,23.8364,122639
2018-11-05,23.7599,122639
2018-11-06,23.5384,122639
2018-11-09,23.705,122639
2018-11-12,23.6286,122639
2018-11-13,23.5216,122639
2018-11-14,23.5227,122639
2018-11-15,23.6072,122639
2018-11-16,23.8317,122639
2018-11-19,23.8412,122639
2018-11-20,23.5392,122639
2018-11-21,23.514,122639
2018-11-22,23.59,122639
2018-11-26,23.6178,122639
2018-11-27,23.7984,122639
2018-11-28,23.8769,122639
2018-11-29,24.043,122639
2018-11-30,24.1532,122639
2018-12-03,24.2018,122639
2018-12-04,24.2282,122639
2018-12-05,23.9598,122639
2018-12-06,23.9116,122639
2018-12-07,23.9702,122639
2018-12-10,23.744,122639
2018-12-11,23.8208,122639
2018-12-12,24.0439,122639
2018-12-13,24.198,122639
2018-12-14,24.1537,122639
2018-12-17,24.1146,122639
2018-12-18,24.0203,122639
2018-12-19,24.1616,122639
2018-12-20,24.0753,122639
2018-12-21,23.8979,122639
2018-12-24,23.6853,122639
2018-12-26,23.6402,122639
2018-12-27,23.9137,122639
2018-12-28,24.0258,122639
2018-12-31,24.0551,122639
2019-01-01,24.1411,122639
2019-01-02,24.0361,122639
2019-01-03,24.0002,122639
2019-01-04,23.7828,122639
2019-01-07,23.9844,122639
2019-01-08,24.0359,122639
2019-01-09,24.1682,122639
2019-01-10,24.223,122639
2019-01-11,24.2701,122639
2019-01-14,24.2054,122639
2019-01-15,24.1879,122639
2019-01-16,24.2797,122639
2019-01-17,24.3106,122639
2019-01-18,24.2547,122639
2019-01-21,24.3072,122639
2019-01-22,24.2741,122639
2019-01-23,24.1475,122639
2019-01-24,24.196,122639
2019-01-25,24.1299,122639
2019-01-28,24.0831,122639
2019-01-29,24.0384,122639
2019-01-30,24.1769,122639
2019-01-31,24.36,122639
2019-02-01,24.7014,122639
2019-02-04,24.7521,122639
2019-02-05,24.843,122639
2019-02-06,24.9593,122639
2019-02-07,24.975,122639
2019-02-08,24.7221,122639
2019-02-11,24.7042,122639
2019-02-12,24.6497,122639
2019-02-13,24.7591,122639
2019-02-14,24.8092,122639
2019-02-15,24.7053,122639
2019-02-18,24.6162,122639
2019-02-19,24.6488,122639
2019-02-20,24.7077,122639
2019-02-21,24.7609,122639
2019-02-22,24.677,122639
2019-02-25,24.8137,122639
2019-02-26,24.8863,122639
2019-02-27,24.9483,122639
2019-02-28,24.9276,122639
2019-03-01,24.9816,122639
2019-03-05,25.2455,122639
2019-03-06,25.2795,122639
2019-03-07,25.2726,122639
2019-03-08,25.1803,122639
2019-03-11,25.369,122639
2019-03-12,25.6917,122639
2019-03-13,25.6122,122639
2019-03-14,25.6426,122639
2019-03-15,25.6512,122639
2019-03-18,25.5595,122639
2019-03-19,25.5763,122639
2019-03-20,25.6223,122639
2019-03-22,25.6598,122639
2019-03-25,25.4415,122639
2019-03-26,25.5237,122639
2019-03-27,25.5355,122639
2019-03-28,25.7546,122639
2019-03-29,25.7309,122639
2019-04-01,25.71,122639
2019-04-02,25.825,122639
2019-04-03,25.8185,122639
2019-04-04,25.783,122639
2019-04-05,25.9271,122639
2019-04-08,25.8314,122639
2019-04-09,25.8404,122639
2019-04-10,25.7843,122639
2019-04-11,25.7837,122639
2019-04-12,25.8412,122639
2019-04-15,25.9122,122639
2019-04-16,26.0332,122639
2019-04-18,26.1428,122639
2019-04-22,26.0766,122639
2019-04-23,26.1443,122639
2019-04-24,26.2391,122639
2019-04-25,26.1283,122639
2019-04-26,26.1996,122639
2019-04-30,26.0999,122639
2019-05-02,25.8902,122639
2019-05-03,25.8615,122639
2019-05-06,25.8424,122639
2019-05-07,25.76,122639
2019-05-08,25.5004,122639
2019-05-09,25.4886,122639
2019-05-10,25.4072,122639
2019-05-13,25.3097,122639
2019-05-14,25.2801,122639
2019-05-15,25.1967,122639
2019-05-16,25.3881,122639
2019-05-17,25.5949,122639
2019-05-20,25.72,122639
2019-05-21,25.5631,122639
2019-05-22,25.7381,122639
2019-05-23,25.6535,122639
2019-05-24,25.7751,122639
2019-05-27,25.9745,122639
2019-05-28,25.9455,122639
2019-05-29,25.9417,122639
2019-05-30,25.9255,122639
2019-05-31,25.8935,122639
2019-06-03,25.9083,122639
2019-06-04,25.6314,122639
2019-06-06,25.6329,122639
2019-06-07,25.7479,122639
2019-06-10,25.9311,122639
2019-06-11,26.1658,122639
2019-06-12,26.1397,122639
2019-06-13,26.058,122639
2019-06-14,25.9947,122639
2019-06-17,25.852,122639
2019-06-18,25.9534,122639
2019-06-19,25.9815,122639
2019-06-20,26.0959,122639
2019-06-21,26.0862,122639
2019-06-24,26.0706,122639
2019-06-25,26.116,122639
2019-06-26,26.0542,122639
2019-06-27,26.094,122639
2019-06-28,26.0797,122639
2019-07-01,26.2343,122639
2019-07-02,26.2872,122639
2019-07-03,26.3563,122639
2019-07-04,26.42,122639
2019-07-05,26.2377,122639
2019-07-08,25.9126,122639
2019-07-09,25.916,122639
2019-07-10,25.8704,122639
2019-07-11,26.0614,122639
2019-07-12,26.0614,122639
2019-07-15,26.0776,122639
2019-07-16,26.1682,122639
2019-07-17,26.1404,122639
2019-07-18,26.0274,122639
2019-07-19,25.7246,122639
2019-07-22,25.5424,122639
2019-07-23,25.61,122639
2019-07-24,25.4847,122639
2019-07-25,25.5733,122639
2019-07-26,25.5915,122639
2019-07-29,25.7339,122639
2019-07-30,25.5037,122639
2019-07-31,25.4959,122639
2019-08-01,25.2207,122639
2019-08-02,25.3326,122639
2019-08-05,25.0866,122639
2019-08-06,25.0166,122639
2019-08-07,25.122,122639
2019-08-08,25.2781,122639
2019-08-09,25.6017,122639
2019-08-13,25.1758,122639
2019-08-14,25.3405,122639
2019-08-16,25.2151,122639
2019-08-19,25.3342,122639
2019-08-20,25.4496,122639
2019-08-21,25.3425,122639
2019-08-22,25.3023,122639
2019-08-23,25.2568,122639
2019-08-26,25.313,122639
2019-08-27,25.4362,122639
2019-08-28,25.387,122639
2019-08-29,25.3295,122639
2019-08-30,25.4665,122639
2019-09-03,25.3389,122639
2019-09-04,25.3484,122639
2019-09-05,25.4532,122639
2019-09-06,25.734,122639
2019-09-09,25.8772,122639
2019-09-11,25.9175,122639
2019-09-12,26.0158,122639
2019-09-13,26.1602,122639
2019-09-16,26.109,122639
2019-09-17,25.711,122639
2019-09-18,25.7089,122639
2019-09-19,25.5236,122639
2019-09-20,26.3088,122639
2019-09-23,26.8904,122639
2019-09-24,26.8561,122639
2019-09-25,26.4824,122639
2019-09-26,26.5801,122639
2019-09-27,26.5103,122639
2019-09-30,26.3261,122639
2019-10-01,26.2316,122639
2019-10-03,25.8942,122639
2019-10-04,25.7689,122639
2019-10-07,25.8835,122639
2019-10-09,25.925,122639
2019-10-10,25.834,122639
2019-10-11,25.8414,122639
2019-10-14,26.1267,122639
2019-10-15,26.2751,122639
2019-10-16,26.4987,122639
2019-10-17,26.6704,122639
2019-10-18,26.9315,122639
2019-10-22,26.9211,122639
2019-10-23,26.8555,122639
2019-10-24,26.9283,122639
2019-10-25,26.9314,122639
2019-10-29,27.2798,122639
2019-10-30,27.2242,122639
2019-10-31,27.2633,122639
2019-11-01,27.3842,122639
2019-11-04,27.4128,122639
2019-11-05,27.4531,122639
2019-11-06,27.5429,122639
2019-11-07,27.5114,122639
2019-11-08,27.444,122639
2019-11-11,27.394,122639
2019-11-13,27.2241,122639
2019-11-14,27.3661,122639
2019-11-15,27.3939,122639
2019-11-18,27.4351,122639
2019-11-19,27.4934,122639
2019-11-20,27.5405,122639
2019-11-21,27.501,122639
2019-11-22,27.3172,122639
2019-11-25,27.4561,122639
2019-11-26,27.4802,122639
2019-11-27,27.5309,122639
2019-11-28,27.6738,122639
2019-11-29,27.5924,122639
2019-12-02,27.4199,122639
2019-12-03,27.2169,122639
2019-12-04,27.3319,122639
2019-12-05,27.2961,122639
2019-12-06,27.155,122639
2019-12-09,27.2653,122639
2019-12-10,27.1301,122639
2019-12-11,27.1332,122639
2019-12-12,27.2358,122639
2019-12-13,27.2862,122639
2019-12-16,27.1952,122639
2019-12-17,27.3519,122639
2019-12-18,27.4085,122639
2019-12-19,27.4748,122639
2019-12-20,27.5945,122639
2019-12-23,27.6495,122639
2019-12-24,27.7282,122639
2019-12-26,27.6213,122639
2019-12-27,27.8783,122639
2019-12-30,27.8969,122639
2019-12-31,27.7455,122639
2020-01-01,27.8018,122639
2020-01-02,27.9504,122639
2020-01-03,27.9797,122639
2020-01-06,27.6539,122639
2020-01-07,27.764,122639
2020-01-08,27.8038,122639
2020-01-09,28.0164,122639
2020-01-10,28.0776,122639
2020-01-13,28.0895,122639
2020-01-14,28.2853,122639
2020-01-15,28.3599,122639
2020-01-16,28.4077,122639
2020-01-17,28.5285,122639
2020-01-20,28.4998,122639
2020-01-21,28.4558,122639
2020-01-22,28.4956,122639
2020-01-23,28.6018,122639
2020-01-24,28.5822,122639
2020-01-27,28.3813,122639
2020-01-28,28.2831,122639
2020-01-29,28.4958,122639
2020-01-30,28.4736,122639
2020-01-31,28.436,122639
2020-02-03,28.2736,122639
2020-02-04,28.7975,122639
2020-02-05,28.904,122639
2020-02-06,28.9754,122639
2020-02-07,29.0818,122639
2020-02-10,29.0109,122639
2020-02-11,29.222,122639
2020-02-12,29.2645,122639
2020-02-13,29.2967,122639
2020-02-14,29.1333,122639
2020-02-17,29.1746,122639
2020-02-18,29.0614,122639
2020-02-19,29.2707,122639
2020-02-20,29.2508,122639
2020-02-24,28.813,122639
2020-02-25,28.378,122639
2020-02-26,27.9758,122639
2020-02-27,27.9938,122639
2020-02-28,27.1963,122639
2020-03-02,27.0962,122639
2020-03-03,27.575,122639
2020-03-04,27.2193,122639
2020-03-05,27.4586,122639
2020-03-06,26.822,122639
2020-03-09,25.9759,122639
2020-03-11,26.0018,122639
2020-03-12,24.5251,122639
2020-03-13,24.1784,122639
2020-03-16,23.681,122639
2020-03-17,22.798,122639
2020-03-18,22.3825,122639
2020-03-19,21.7693,122639
2020-03-20,22.0954,122639
2020-03-23,20.2032,122639
2020-03-24,20.1555,122639
2020-03-25,21.146,122639
2020-03-26,21.4423,122639
2020-03-27,21.8545,122639
2020-03-30,21.277,122639
2020-03-31,21.8587,122639
2020-04-01,21.5211,122639
2020-04-03,21.2603,122639
2020-04-07,22.5687,122639
2020-04-08,22.8569,122639
2020-04-09,23.6191,122639
2020-04-13,23.5496,122639
2020-04-15,23.7747,122639
2020-04-16,23.8418,122639
2020-04-17,24.4395,122639
2020-04-20,24.3951,122639
2020-04-21,23.8037,122639
2020-04-22,23.6475,122639
2020-04-23,23.9724,122639
2020-04-24,23.9295,122639
2020-04-27,24.2014,122639
2020-04-28,24.3608,122639
2020-04-29,24.3901,122639
2020-04-30,24.9536,122639
2020-05-04,24.1339,122639
2020-05-05,24.0604,122639
2020-05-06,24.3892,122639
2020-05-07,24.4183,122639
2020-05-08,24.4068,122639
2020-05-11,24.6818,122639
2020-05-12,24.9768,122639
2020-05-13,25.0982,122639
2020-05-14,24.8637,122639
2020-05-15,24.8703,122639
2020-05-18,24.4226,122639
2020-05-19,24.6382,122639
2020-05-20,24.8126,122639
2020-05-21,25.3109,122639
2020-05-22,25.1826,122639
2020-05-26,25.3222,122639
2020-05-27,25.7978,122639
2020-05-28,26.0039,122639
2020-05-29,26.172,122639
2020-06-01,26.4484,122639
2020-06-02,26.8559,122639
2020-06-03,26.9279,122639
2020-06-04,26.9678,122639
2020-06-05,27.1327,122639
2020-06-08,27.4218,122639
2020-06-09,27.3905,122639
2020-06-10,27.5608,122639
2020-06-11,27.3409,122639
2020-06-12,26.9921,122639
2020-06-15,26.8813,122639
2020-06-16,26.9875,122639
2020-06-17,27.1651,122639
2020-06-18,27.4042,122639
2020-06-19,27.5194,122639
2020-06-22,27.8706,122639
2020-06-23,28.2802,122639
2020-06-24,28.232,122639
2020-06-25,28.0956,122639
2020-06-26,28.2253,122639
2020-06-29,27.8588,122639
2020-06-30,27.7801,122639
2020-07-01,28.1744,122639
2020-07-02,28.6104,122639
2020-07-03,28.709,122639
2020-07-06,28.96,122639
2020-07-07,29.4929,122639
2020-07-08,29.4238,122639
2020-07-09,29.5734,122639
2020-07-10,29.5454,122639
2020-07-13,29.5311,122639
2020-07-14,29.2022,122639
2020-07-15,29.4581,122639
2020-07-16,29.5901,122639
2020-07-17,29.7406,122639
2020-07-20,29.9723,122639
2020-07-21,30.263,122639
2020-07-22,30.0744,122639
2020-07-23,30.1815,122639
2020-07-24,30.1172,122639
2020-07-27,30.1098,122639
2020-07-28,30.4984,122639
2020-07-29,30.2734,122639
2020-07-30,30.2744,122639
2020-07-31,30.5171,122639
2020-08-03,30.6111,122639
2020-08-04,30.8721,122639
2020-08-05,30.9361,122639
2020-08-06,31.174,122639
2020-08-07,31.3896,122639
2020-08-10,31.5401,122639
2020-08-11,31.5636,122639
2020-08-12,31.4101,122639
2020-08-13,31.7106,122639
2020-08-14,31.4828,122639
2020-08-17,31.5596,122639
2020-08-18,31.7639,122639
2020-08-19,32.0265,122639
2020-08-20,31.8793,122639
2020-08-21,32.2625,122639
2020-08-24,32.4725,122639
2020-08-25,32.3806,122639
2020-08-26,32.8334,122639
2020-08-27,33.1546,122639
2020-08-28,33.0175,122639
2020-08-31,32.3832,122639
2020-09-01,32.3892,122639
2020-09-02,32.7439,122639
2020-09-03,32.9883,122639
2020-09-04,32.1776,122639
2020-09-07,31.9278,122639
2020-09-08,31.7821,122639
2020-09-09,31.4141,122639
2020-09-10,31.7539,122639
2020-09-11,31.6067,122639
2020-09-14,32.2025,122639
2020-09-15,32.5242,122639
2020-09-16,32.7755,122639
2020-09-17,32.6192,122639
2020-09-18,32.7371,122639
2020-09-21,31.8982,122639
2020-09-22,31.7072,122639
2020-09-23,32.1309,122639
2020-09-24,31.2578,122639
2020-09-25,31.7158,122639
2020-09-28,32.6151,122639
2020-09-29,32.8038,122639
2020-09-30,32.9311,122639
2020-10-01,32.9793,122639
2020-10-05,32.9808,122639
2020-10-06,33.1664,122639
2020-10-07,32.8483,122639
2020-10-08,33.1745,122639
2020-10-09,33.2753,122639
2020-10-12,33.5343,122639
2020-10-13,33.8751,122639
2020-10-14,33.978,122639
2020-10-15,33.3889,122639
2020-10-16,33.4193,122639
2020-10-19,33.3435,122639
2020-10-20,33.0647,122639
2020-10-21,33.124,122639
2020-10-22,33.1976,122639
2020-10-23,33.303,122639
2020-10-26,33.127,122639
2020-10-27,33.0021,122639
2020-10-28,32.9317,122639
2020-10-29,32.2751,122639
2020-10-30,32.5999,122639
2020-11-02,32.4394,122639
2020-11-03,32.6761,122639
2020-11-04,32.8761,122639
2020-11-05,33.6972,122639
2020-11-06,34.0565,122639
2020-11-09,34.2562,122639
2020-11-10,34.0118,122639
2020-11-11,34.2409,122639
2020-11-12,34.6493,122639
2020-11-13,34.642,122639
2020-11-17,34.9544,122639
2020-11-18,34.7961,122639
2020-11-19,34.5648,122639
2020-11-20,34.843,122639
2020-11-23,35.0249,122639
2020-11-24,35.2643,122639
2020-11-25,35.0459,122639
2020-11-26,35.2447,122639
2020-11-27,35.4388,122639
2020-12-01,35.5085,122639
2020-12-02,35.7294,122639
2020-12-03,35.8443,122639
2020-12-04,35.9516,122639
2020-12-07,36.0123,122639
2020-12-08,35.9132,122639
2020-12-09,36.1627,122639
2020-12-10,36.0559,122639
2020-12-11,36.1476,122639
2020-12-14,36.1173,122639
2020-12-15,36.166,122639
2020-12-16,36.2895,122639
2020-12-17,36.4074,122639
2020-12-18,36.3756,122639
2020-12-21,35.6173,122639
2020-12-22,35.9383,122639
2020-12-23,36.3964,122639
2020-12-24,36.5297,122639
2020-12-28,36.691,122639
2020-12-29,37.0368,122639
2020-12-30,37.252,122639
2020-12-31,37.053,122639
2021-01-01,37.1077,122639
2021-01-04,37.3289,122639
2021-01-05,37.2856,122639
2021-01-06,37.2022,122639
2021-01-07,37.0564,122639
2021-01-08,37.4527,122639
2021-01-11,37.7488,122639
2021-01-12,37.6249,122639
2021-01-13,37.6666,122639
2021-01-14,37.9094,122639
2021-01-15,37.5585,122639
2021-01-18,37.3077,122639
2021-01-19,37.5345,122639
2021-01-20,37.9724,122639
2021-01-21,38.1426,122639
2021-01-22,37.9322,122639
2021-01-25,37.9435,122639
2021-01-27,37.9117,122639
2021-01-28,37.6088,122639
2021-01-29,37.4573,122639
2021-02-01,37.7566,122639
2021-02-02,38.5137,122639
2021-02-03,38.939,122639
2021-02-04,39.6667,122639
2021-02-05,39.6704,122639
2021-02-08,40.0636,122639
2021-02-09,39.8827,122639
2021-02-10,39.8555,122639
2021-02-11,40.1078,122639
2021-02-12,40.1535,122639
2021-02-15,40.2947,122639
2021-02-16,40.0928,122639
2021-02-17,40.0758,122639
2021-02-18,40.1521,122639
2021-02-19,39.8057,122639
2021-02-22,39.3981,122639
2021-02-23,39.378,122639
2021-02-24,39.6774,122639
2021-02-25,39.7275,122639
2021-02-26,38.7602,122639
2021-03-01,39.2095,122639
2021-03-02,39.8112,122639
2021-03-03,39.7114,122639
2021-03-04,39.4738,122639
2021-03-05,39.1666,122639
2021-03-08,39.5209,122639
2021-03-09,39.1423,122639
2021-03-10,39.7004,122639
2021-03-12,39.9518,122639
2021-03-15,39.7287,122639
2021-03-16,40.1228,122639
2021-03-17,40.0038,122639
2021-03-18,40.0461,122639
2021-03-19,40.2221,122639
2021-03-22,40.2398,122639
2021-03-23,40.4179,122639
2021-03-24,40.1037,122639
2021-03-25,39.3294,122639
2021-03-26,39.4359,122639
2021-03-30,40.0552,122639
2021-03-31,39.929,122639
2021-04-01,40.3943,122639
2021-04-05,40.2649,122639
2021-04-06,40.8601,122639
2021-04-07,41.2016,122639
2021-04-08,41.4326,122639
2021-04-09,41.7041,122639
2021-04-12,40.8867,122639
2021-04-13,40.883,122639
2021-04-15,40.8463,122639
2021-04-16,41.3179,122639
2021-04-19,41.1096,122639
2021-04-20,40.9075,122639
2021-04-22,40.9852,122639
2021-04-23,40.8799,122639
2021-04-26,41.3497,122639
2021-04-27,41.6799,122639
2021-04-28,41.8809,122639
2021-04-29,42.0064,122639
2021-04-30,41.982,122639
2021-05-03,42.0204,122639
2021-05-04,41.855,122639
2021-05-05,41.9752,122639
2021-05-06,42.175,122639
2021-05-07,42.4737,122639
2021-05-10,42.7426,122639
2021-05-11,42.4239,122639
2021-05-12,42.167,122639
2021-05-14,41.8918,122639
2021-05-17,42.7157,122639
2021-05-18,42.8912,122639
2021-05-19,42.9504,122639
2021-05-20,42.6725,122639
2021-05-21,43.1322,122639
2021-05-24,43.1815,122639
2021-05-25,43.4738,122639
2021-05-26,43.5286,122639
2021-05-27,43.7327,122639
2021-05-28,43.6593,122639
2021-05-31,43.9154,122639
2021-06-01,43.7064,122639
2021-06-02,43.594,122639
2021-06-03,43.6549,122639
2021-06-04,43.5795,122639
2021-06-07,43.9994,122639
2021-06-08,44.2381,122639
2021-06-09,43.9844,122639
2021-06-10,44.2492,122639
2021-06-11,44.4556,122639
2021-06-14,44.3765,122639
2021-06-15,44.7675,122639
2021-06-16,44.6364,122639
2021-06-17,44.3599,122639
2021-06-18,44.4144,122639
2021-06-21,44.3401,122639
2021-06-22,44.404,122639
2021-06-23,44.5368,122639
2021-06-24,44.702,122639
2021-06-25,45.0229,122639
2021-06-28,45.087,122639
2021-06-29,45.2174,122639
2021-06-30,45.3363,122639
2021-07-01,45.4065,122639
2021-07-02,45.6437,122639
2021-07-05,46.0213,122639
2021-07-06,46.1244,122639
2021-07-07,46.1991,122639
2021-07-08,46.1702,122639
2021-07-09,46.1102,122639
2021-07-12,46.2927,122639
2021-07-13,47.0017,122639
2021-07-14,47.4627,122639
2021-07-15,47.8948,122639
2021-07-16,47.9662,122639
2021-07-19,48.0813,122639
2021-07-20,47.3828,122639
2021-07-22,47.7839,122639
2021-07-23,48.2058,122639
2021-07-26,48.9397,122639
2021-07-27,48.6002,122639
2021-07-28,48.1594,122639
2021-07-29,48.5106,122639
2021-07-30,48.4446,122639
2021-08-02,48.4054,122639
2021-08-03,48.4749,122639
2021-08-04,48.394,122639
2021-08-05,48.6771,122639
2021-08-06,48.8053,122639
2021-08-09,48.7229,122639
2021-08-10,48.5483,122639
2021-08-11,48.1979,122639
2021-08-12,48.4442,122639
2021-08-13,48.8012,122639
2021-08-16,48.652,122639
2021-08-17,48.918,122639
2021-08-18,48.6445,122639
2021-08-20,48.2933,122639
2021-08-23,48.4876,122639
2021-08-24,48.8341,122639
2021-08-25,48.8973,122639
2021-08-26,48.9972,122639
2021-08-27,49.103,122639
2021-08-30,49.8897,122639
2021-08-31,50.4461,122639
2021-09-01,50.6429,122639
2021-09-02,50.8516,122639
2021-09-03,50.8748,122639
2021-09-06,51.1825,122639
2021-09-07,51.1614,122639
2021-09-08,51.5152,122639
2021-09-09,51.6646,122639
2021-09-13,51.6794,122639
2021-09-14,51.8374,122639
2021-09-15,52.2115,122639
2021-09-16,52.8298,122639
2021-09-17,52.6471,122639
2021-09-20,52.1725,122639
2021-09-21,52.3178,122639
2021-09-22,52.6773,122639
2021-09-23,53.1066,122639
2021-09-24,53.0437,122639
2021-09-27,53.1759,122639
2021-09-28,52.7502,122639
2021-09-29,52.3671,122639
2021-09-30,52.3564,122639
2021-10-01,51.9893,122639
2021-10-04,52.6366,122639
2021-10-05,52.166,122639
2021-10-06,52.0733,122639
2021-10-07,52.6194,122639
2021-10-08,53.271,122639
2021-10-11,53.9114,122639
2021-10-12,53.9816,122639
2021-10-13,54.1497,122639
2021-10-14,54.7199,122639
2021-10-18,55.1387,122639
2021-10-19,55.3163,122639
2021-10-20,54.8756,122639
2021-10-21,54.3197,122639
2021-10-22,54.0658,122639
2021-10-25,53.2408,122639
2021-10-26,53.5766,122639
2021-10-27,53.6498,122639
2021-10-28,53.0647,122639
2021-10-29,53.1438,122639
2021-11-01,53.7905,122639
2021-11-02,53.7451,122639
2021-11-03,53.548,122639
2021-11-08,54.8171,122639
2021-11-09,54.8221,122639
2021-11-10,55.0145,122639
2021-11-11,54.3384,122639
2021-11-12,54.5542,122639
2021-11-15,55.2368,122639
2021-11-16,55.1374,122639
2021-11-17,55.0688,122639
2021-11-18,54.5367,122639
2021-11-22,54.1178,122639
2021-11-23,54.224,122639
2021-11-24,53.9649,122639
2021-11-25,54.0364,122639
2021-11-26,53.3463,122639
2021-11-29,52.5746,122639
2021-11-30,53.1762,122639
2021-12-01,53.0511,122639
2021-12-02,53.462,122639
2021-12-03,53.426,122639
2021-12-06,52.5329,122639
2021-12-07,53.3228,122639
2021-12-08,54.418,122639
2021-12-09,54.7846,122639
2021-12-10,55.108,122639
2021-12-13,55.115,122639
2021-12-14,55.0658,122639
2021-12-15,54.4507,122639
2021-12-16,54.3922,122639
2021-12-17,53.5048,122639
2021-12-20,52.3958,122639
2021-12-21,52.414,122639
2021-12-22,53.1946,122639
2021-12-23,53.5286,122639
2021-12-24,53.4319,122639
2021-12-27,53.6276,122639
2021-12-28,54.092,122639
2021-12-29,53.9326,122639
2021-12-30,53.9981,122639
2021-12-31,54.4581,122639
2022-01-03,54.5884,122639
2022-01-04,54.8749,122639
2022-01-05,54.8129,122639
2022-01-06,54.0152,122639
2022-01-07,54.0384,122639
2022-01-10,54.2704,122639
2022-01-11,54.3167,122639
2022-01-12,54.7346,122639
2022-01-13,55.0629,122639
2022-01-14,54.6273,122639
2022-01-17,54.7944,122639
2022-01-18,54.4037,122639
2022-01-19,53.966,122639
2022-01-20,53.9155,122639
2022-01-21,53.2473,122639
2022-01-24,51.772,122639
2022-01-25,52.3539,122639
2022-01-27,51.6695,122639
2022-01-28,51.6481,122639
2022-01-31,52.4968,122639
2022-02-01,53.3101,122639
2022-02-02,53.9684,122639
2022-02-03,54.3661,122639
2022-02-04,52.5837,122639
2022-02-07,52.4854,122639
2022-02-08,52.2274,122639
2022-02-09,52.6151,122639
2022-02-10,53.1541,122639
2022-02-11,52.4694,122639
2022-02-14,50.9963,122639
2022-02-15,51.8092,122639
2022-02-16,52.0243,122639
2022-02-17,51.8893,122639
2022-02-18,51.3431,122639
2022-02-21,50.8782,122639
2022-02-22,50.4575,122639
2022-02-23,50.3166,122639
2022-02-24,48.3898,122639
2022-02-25,50.0091,122639
2022-02-28,50.3107,122639
2022-03-02,49.8861,122639
2022-03-03,50.1049,122639
2022-03-04,49.4208,122639
2022-03-07,48.5862,122639
2022-03-08,48.2589,122639
2022-03-09,48.6393,122639
2022-03-10,49.6502,122639
2022-03-11,49.9919,122639
2022-03-14,50.0546,122639
2022-03-15,49.46,122639
2022-03-16,50.5005,122639
2022-03-17,51.3406,122639
2022-03-21,51.4958,122639
2022-03-22,51.6393,122639
2022-03-23,52.0889,122639
2022-03-24,52.0626,122639
2022-03-25,52.0338,122639
2022-03-28,52.2572,122639
2022-03-29,52.2612,122639
2022-03-30,52.5583,122639
2022-03-31,52.5141,122639
2022-04-01,52.8609,122639
2022-04-04,53.9793,122639
2022-04-05,54.7857,122639
2022-04-06,54.4538,122639
2022-04-07,53.7773,122639
2022-04-08,54.0076,122639
2022-04-11,53.4823,122639
2022-04-12,52.5707,122639
2022-04-13,52.2541,122639
2022-04-18,51.667,122639
2022-04-19,51.2306,122639
2022-04-20,51.6804,122639
2022-04-21,51.7525,122639
2022-04-22,51.0161,122639
2022-04-25,50.2483,122639
2022-04-26,51.0977,122639
2022-04-27,50.3224,122639
2022-04-28,50.6732,122639
2022-04-29,50.7205,122639
2022-05-02,49.9622,122639
2022-05-04,49.6482,122639
2022-05-05,49.9435,122639
2022-05-06,49.0081,122639
2022-05-09,48.7994,122639
2022-05-10,48.1193,122639
2022-05-11,48.1258,122639
2022-05-12,47.0201,122639
2022-05-13,47.1498,122639
2022-05-16,47.6371,122639
2022-05-17,48.3132,122639
2022-05-18,48.4873,122639
2022-05-19,47.5502,122639
2022-05-20,48.1445,122639
2022-05-23,47.9598,122639
2022-05-24,48.015,122639
2022-05-25,47.4122,122639
2022-05-26,47.7411,122639
2022-05-27,48.4457,122639
2022-05-30,49.2537,122639
2022-05-31,49.5594,122639
2022-06-01,49.4131,122639
2022-06-02,49.2763,122639
2022-06-03,49.3231,122639
2022-06-06,48.8664,122639
2022-06-07,48.8466,122639
2022-06-08,48.7184,122639
2022-06-09,48.8738,122639
2022-06-10,48.2221,122639
2022-06-13,47.0186,122639
2022-06-14,46.4984,122639
2022-06-15,46.5659,122639
2022-06-16,46.0539,122639
2022-06-17,45.433,122639
2022-06-20,45.4885,122639
2022-06-21,46.1855,122639
2022-06-22,45.919,122639
2022-06-23,46.131,122639
2022-06-24,46.7348,122639
2022-06-27,47.5907,122639
2022-06-28,47.3139,122639
2022-06-29,46.715,122639
2022-06-30,46.8274,122639
2022-07-01,46.8073,122639
2022-07-04,47.1749,122639
2022-07-05,47.1476,122639
2022-07-06,47.8395,122639
2022-07-07,48.2713,122639
2022-07-08,48.7315,122639
2022-07-11,48.8655,122639
2022-07-12,48.4055,122639
2022-07-13,47.9708,122639
2022-07-14,47.6812,122639
2022-07-15,47.6411,122639
2022-07-18,48.2078,122639
2022-07-19,48.2224,122639
2022-07-20,48.8662,122639
2022-07-21,49.2078,122639
2022-07-22,49.4641,122639
2022-07-25,49.0597,122639
2022-07-26,48.735,122639
2022-07-27,48.6198,122639
2022-07-28,49.6669,122639
2022-07-29,49.9775,122639
2022-08-01,50.6558,122639
2022-08-02,50.6442,122639
2022-08-03,50.5703,122639
2022-08-04,50.8873,122639
2022-08-05,50.9908,122639
2022-08-08,51.2029,122639
2022-08-10,51.2162,122639
2022-08-11,51.8196,122639
2022-08-12,51.8644,122639
2022-08-16,52.368,122639
2022-08-17,52.7112,122639
2022-08-18,52.6126,122639
2022-08-19,52.2012,122639
2022-08-22,51.438,122639
2022-08-23,51.3001,122639
2022-08-24,51.3688,122639
2022-08-25,51.2292,122639
2022-08-26,51.5554,122639
2022-08-29,50.7145,122639
2022-08-30,51.3263,122639
2022-09-01,51.1309,122639
2022-09-02,51.1622,122639
2022-09-05,51.3348,122639
2022-09-06,51.4646,122639
2022-09-07,51.377,122639
2022-09-08,52.2687,122639
2022-09-09,52.4691,122639
2022-09-12,52.8258,122639
2022-09-13,53.1433,122639
2022-09-14,52.7911,122639
2022-09-15,52.7059,122639
2022-09-16,51.7146,122639
2022-09-19,51.7473,122639
2022-09-20,52.308,122639
2022-09-21,51.9906,122639
2022-09-22,51.6029,122639
2022-09-23,50.996,122639
2022-09-26,50.1478,122639
2022-09-27,49.9832,122639
2022-09-28,49.5671,122639
2022-09-29,49.7331,122639
2022-09-30,49.892,122639
2022-10-03,49.6832,122639
2022-10-04,50.5757,122639
2022-10-06,51.2132,122639
2022-10-07,51.2764,122639
2022-10-10,50.6906,122639
2022-10-11,50.2449,122639
2022-10-12,50.4695,122639
2022-10-13,50.4082,122639
2022-10-14,50.7986,122639
2022-10-17,50.6426,122639
2022-10-18,51.3218,122639
2022-10-19,51.5791,122639
2022-10-20,51.4843,122639
2022-10-21,51.5748,122639
2022-10-25,52.2518,122639
2022-10-27,52.1107,122639
2022-10-28,51.5216,122639
2022-10-31,51.9464,122639
2022-11-01,51.9849,122639
2022-11-02,51.7054,122639
2022-11-03,51.3125,122639
2022-11-04,50.9681,122639
2022-11-07,51.4519,122639
2022-11-09,51.7279,122639
2022-11-10,51.2877,122639
2022-11-11,52.2551,122639
2022-11-14,52.3423,122639
2022-11-15,52.3847,122639
2022-11-16,52.5302,122639
2022-11-17,52.3356,122639
2022-11-18,52.1584,122639
2022-11-21,52.0208,122639
2022-11-22,51.9944,122639
2022-11-23,52.054,122639
2022-11-24,52.4977,122639
2022-11-25,52.5193,122639
2022-11-28,52.5076,122639
2022-11-29,52.2731,122639
2022-11-30,52.5166,122639
2022-12-01,53.0001,122639
2022-12-02,52.8816,122639
2022-12-05,52.8884,122639
2022-12-06,52.6323,122639
2022-12-07,52.236,122639
2022-12-08,52.2439,122639
2022-12-09,52.0462,122639
2022-12-12,52.0796,122639
2022-12-13,52.4048,122639
2022-12-14,52.7428,122639
2022-12-15,52.3737,122639
2022-12-16,51.7298,122639
2022-12-19,52.0402,122639
2022-12-20,51.8258,122639
2022-12-21,51.5514,122639
2022-12-22,51.4078,122639
2022-12-23,50.3658,122639
2022-12-26,50.9555,122639
2022-12-27,51.1004,122639
2022-12-28,51.006,122639
2022-12-29,51.0117,122639
2022-12-30,51.0328,122639
2023-01-02,51.0882,122639
2023-01-03,51.2259,122639
2023-01-04,51.031,122639
2023-01-05,50.919,122639
2023-01-06,50.5032,122639
2023-01-09,51.0789,122639
2023-01-10,50.9772,122639
2023-01-11,50.9837,122639
2023-01-12,51.3246,122639
2023-01-13,51.6212,122639
2023-01-16,51.5313,122639
2023-01-17,51.6338,122639
2023-01-18,51.75,122639
2023-01-19,51.7515,122639
2023-01-20,51.731,122639
2023-01-23,52.4271,122639
2023-01-24,52.5474,122639
2023-01-25,51.9664,122639
2023-01-27,51.856,122639
2023-01-30,52.0371,122639
2023-01-31,51.969,122639
2023-02-01,52.3241,122639
2023-02-02,52.5869,122639
2023-02-03,53.6078,122639
2023-02-06,53.2821,122639
2023-02-07,53.0658,122639
2023-02-08,53.4666,122639
2023-02-09,52.9848,122639
2023-02-10,52.6782,122639
2023-02-13,52.4751,122639
2023-02-14,52.8227,122639
2023-02-15,52.8794,122639
2023-02-16,53.0012,122639
2023-02-17,52.7128,122639
2023-02-20,52.5665,122639
2023-02-21,52.5544,122639
2023-02-22,52.0666,122639
2023-02-23,52.0787,122639
2023-02-24,52.1252,122639
2023-02-27,51.9471,122639
2023-02-28,51.9826,122639
2023-03-01,52.3198,122639
2023-03-02,52.1887,122639
2023-03-03,52.5275,122639
2023-03-06,53.1254,122639
2023-03-08,53.181,122639
2023-03-09,52.9241,122639
2023-03-10,52.5308,122639
2023-03-13,51.8989,122639
2023-03-14,51.9571,122639
2023-03-15,52.1662,122639
2023-03-16,52.437,122639
2023-03-17,52.8102,122639
2023-03-20,52.6068,122639
2023-03-21,52.6837,122639
2023-03-22,52.9187,122639
2023-03-23,52.6859,122639
2023-03-24,52.5501,122639
2023-03-27,52.4353,122639
2023-03-28,52.2485,122639
2023-03-29,52.3695,122639
2023-03-31,53.0485,122639
2023-04-03,53.4035,122639
2023-04-05,53.796,122639
2023-04-06,53.8142,122639
2023-04-10,54.1678,122639
2023-04-11,54.3747,122639
2023-04-12,54.3566,122639
2023-04-13,54.2611,122639
2023-04-17,54.6034,122639
2023-04-18,54.6757,122639
2023-04-19,54.5254,122639
2023-04-20,54.5813,122639
2023-04-21,54.651,122639
2023-04-24,54.9557,122639
2023-04-25,54.8765,122639
2023-04-26,54.7723,122639
2023-04-27,55.2039,122639
2023-04-28,55.9938,122639
2023-05-02,56.0465,122639
2023-05-03,55.9965,122639
2023-05-04,56.0905,122639
2023-05-05,55.816,122639
2023-05-08,56.1744,122639
2023-05-09,56.2813,122639
2023-05-10,56.3903,122639
2023-05-11,56.6883,122639
2023-05-12,56.7739,122639
2023-05-15,56.7543,122639
2023-05-16,56.6606,122639
2023-05-17,56.6016,122639
2023-05-18,56.5473,122639
2023-05-19,56.7787,122639
2023-05-22,56.9716,122639
2023-05-23,57.2695,122639
2023-05-24,57.2893,122639
2023-05-25,57.3694,122639
2023-05-26,57.8775,122639
2023-05-29,58.3159,122639
2023-05-30,58.403,122639
2023-05-31,58.3362,122639
2023-06-01,57.9777,122639
2023-06-02,58.2626,122639
2023-06-05,58.4147,122639
2023-06-06,58.5154,122639
2023-06-07,58.7393,122639
2023-06-08,58.0973,122639
2023-06-09,57.9511,122639
2023-06-12,58.0131,122639
2023-06-13,58.5135,122639
2023-06-14,58.5809,122639
2023-06-15,58.6131,122639
2023-06-16,59.0057,122639
2023-06-19,58.7729,122639
2023-06-20,58.997,122639
2023-06-21,59.0944,122639
2023-06-22,58.7528,122639
2023-06-23,58.7926,122639
2023-06-26,58.9582,122639
2023-06-27,58.8569,122639
2023-06-28,59.2879,122639
2023-06-30,59.632,122639
2023-07-03,59.9238,122639
2023-07-04,60.0167,122639
2023-07-05,60.3683,122639
2023-07-06,60.5029,122639
2023-07-07,60.0604,122639
2023-07-10,59.6766,122639
2023-07-11,59.8609,122639
2023-07-12,60.1577,122639
2023-07-13,60.336,122639
2023-07-14,60.6356,122639
2023-07-17,60.8153,122639
2023-07-18,60.8571,122639
2023-07-19,61.0734,122639
2023-07-20,61.0591,122639
2023-07-21,60.6482,122639
2023-07-24,60.5348,122639
2023-07-25,60.746,122639
2023-07-26,61.0311,122639
2023-07-27,60.9991,122639
2023-07-28,61.3175,122639
2023-07-31,61.6034,122639
2023-08-01,61.5998,122639
2023-08-02,60.8634,122639
2023-08-03,60.649,122639
2023-08-04,61.0688,122639
2023-08-07,61.3507,122639
2023-08-08,61.1877,122639
2023-08-09,61.1579,122639
2023-08-10,60.9562,122639
2023-08-11,60.8213,122639
2023-08-14,61.0184,122639
2023-08-16,60.853,122639
2023-08-17,60.3775,122639
2023-08-18,60.0775,122639
2023-08-21,60.5781,122639
2023-08-22,60.7055,122639
2023-08-23,61.07,122639
2023-08-24,60.7503,122639
2023-08-25,60.5096,122639
2023-08-28,60.8243,122639
2023-08-29,61.1517,122639
2023-08-30,61.2453,122639
2023-08-31,61.3231,122639
2023-09-01,61.8175,122639
2023-09-04,62.1717,122639
2023-09-05,62.4303,122639
2023-09-06,62.3722,122639
2023-09-07,62.8153,122639
2023-09-08,63.0884,122639
2023-09-11,63.7631,122639
2023-09-12,63.2095,122639
2023-09-13,63.5877,122639
2023-09-14,63.8545,122639
2023-09-15,63.7866,122639
2023-09-18,63.8768,122639
2023-09-20,63.3339,122639
2023-09-21,62.7308,122639
2023-09-22,62.5902,122639
2023-09-25,62.7359,122639
2023-09-26,62.5158,122639
2023-09-27,62.7658,122639
2023-09-29,62.8402,122639
2023-10-03,62.4944,122639
2023-10-04,62.1734,122639
2023-10-05,62.2562,122639
2023-10-06,62.7456,122639
2023-10-09,62.5967,122639
2023-10-10,63.1718,122639
2023-10-11,63.5284,122639
2023-10-12,63.6946,122639
2023-10-13,63.5264,122639
2023-10-16,63.8978,122639
2023-10-17,64.2079,122639
2023-10-18,63.8014,122639
2023-10-19,63.6554,122639
2023-10-20,63.2921,122639
2023-10-23,62.8266,122639
2023-10-25,62.2623,122639
2023-10-26,61.5627,122639
2023-10-27,62.3608,122639
2023-10-30,62.7132,122639
2023-10-31,62.8072,122639
2023-11-01,62.7192,122639
2023-11-02,63.0959,122639
2023-11-03,63.5111,122639
2023-11-06,64.0403,122639
2023-11-07,64.2861,122639
2023-11-08,64.4866,122639
2023-11-09,64.4416,122639
2023-11-10,64.9027,122639
2023-11-13,65.387,122639
2023-11-15,65.9372,122639
2023-11-16,66.0779,122639
2023-11-17,66.0247,122639
2023-11-20,66.0121,122639
2023-11-21,66.0704,122639
2023-11-22,66.2382,122639
2023-11-23,66.3622,122639
2023-11-24,66.3522,122639
2023-11-28,66.6512,122639
2023-11-29,66.9516,122639
2023-11-30,67.0067,122639
2023-12-01,67.1793,122639
2023-12-04,67.9811,122639
2023-12-05,68.3237,122639
2023-12-06,68.3887,122639
2023-12-07,68.9912,122639
2023-12-08,68.9547,122639
2023-12-11,68.7782,122639
2023-12-12,68.7156,122639
2023-12-13,69.1475,122639
2023-12-14,69.4422,122639
2023-12-15,69.5862,122639
2023-12-18,69.6142,122639
2023-12-19,69.8439,122639
2023-12-21,69.2775,122639
2023-12-22,69.6049,122639
2023-12-26,69.8354,122639
2023-12-27,70.0497,122639
2023-12-28,70.3524,122639
2023-12-29,70.2435,122639
2024-01-01,70.4621,122639
2024-01-02,70.3278,122639
2024-01-03,70.2262,122639
2024-01-04,70.4573,122639
2024-01-05,70.4903,122639
2024-01-08,70.3416,122639
2024-01-09,70.5527,122639
2024-01-10,70.7891,122639
2024-01-11,71.0366,122639
2024-01-12,71.2789,122639
2024-01-15,71.8577,122639
2024-01-16,71.6219,122639
2024-01-17,70.5289,122639
2024-01-18,70.3466,122639
2024-01-19,71.315,122639
2024-01-23,70.4662,122639
2024-01-24,71.391,122639
2024-01-25,71.2065,122639
2024-01-29,72.1704,122639
2024-01-30,71.7106,122639
2024-01-31,71.9746,122639
2024-02-01,72.5346,122639
2024-02-02,73.7564,122639
2024-02-05,73.6952,122639
2024-02-06,74.0825,122639
2024-02-07,74.3294,122639
2024-02-08,74.1961,122639
2024-02-09,74.2799,122639
2024-02-12,73.4745,122639
2024-02-13,73.7502,122639
2024-02-14,74.365,122639
2024-02-15,74.7137,122639
2024-02-16,74.8005,122639
2024-02-19,74.8544,122639
2024-02-20,75.0243,122639
2024-02-21,74.3969,122639
2024-02-22,75.1418,122639
2024-02-23,75.1258,122639
2024-02-26,74.8684,122639
2024-02-27,75.0318,122639
2024-02-28,74.1358,122639
2024-02-29,74.7901,122639
2024-03-01,75.431,122639
2024-03-04,75.6458,122639
2024-03-05,75.289,122639
2024-03-06,75.3257,122639
2024-03-07,75.4666,122639
2024-03-11,74.6367,122639
2024-03-12,74.8438,122639
2024-03-13,73.6481,122639
2024-03-14,74.0899,122639
2024-03-15,73.6088,122639
2024-03-18,73.8482,122639
2024-03-19,73.4526,122639
2024-03-20,73.79,122639
2024-03-21,74.4738,122639
2024-03-22,74.8984,122639
2024-03-26,74.5943,122639
2024-03-27,74.4617,122639
2024-03-28,74.8659,122639
2024-03-31,74.8685,122639
2024-04-01,75.7331,122639
2024-04-02,75.6672,122639
2024-04-03,75.7476,122639
2024-04-04,75.7866,122639
2024-04-05,76.3282,122639
2024-04-08,76.7286,122639
2024-04-09,76.9761,122639
2024-04-10,77.2477,122639
2024-04-12,76.7069,122639
2024-04-15,75.8301,122639
2024-04-16,75.7907,122639
2024-04-18,75.329,122639
2024-04-19,75.4004,122639
2024-04-22,76.0642,122639
2024-04-23,76.5885,122639
2024-04-24,76.8651,122639
2024-04-25,76.989,122639
2024-04-26,77.4182,122639
2024-04-29,77.3108,122639
2024-04-30,76.9642,122639
2024-05-02,77.5363,122639
2024-05-03,77.6579,122639
2024-05-06,77.7623,122639
2024-05-07,77.2593,122639
2024-05-08,77.4499,122639
2024-05-09,76.4133,122639
2024-05-10,76.8,122639
2024-05-13,76.9965,122639
2024-05-14,77.2781,122639
2024-05-15,77.6977,122639
2024-05-16,77.827,122639
2024-05-17,78.1173,122639
2024-05-21,78.5887,122639
2024-05-22,78.6082,122639
2024-05-23,78.9077,122639
2024-05-24,78.9749,122639
2024-05-27,78.9329,122639
2024-05-28,78.6572,122639
2024-05-29,78.3817,122639
2024-05-30,77.7259,122639
2024-05-31,77.7696,122639
2024-06-03,79.3574,122639
2024-06-04,76.0338,122639
2024-06-05,78.0896,122639
2024-06-06,78.8155,122639
2024-06-07,79.7653,122639
2024-06-10,80.15,122639
2024-06-11,80.2586,122639
2024-06-12,80.7448,122639
2024-06-13,80.5839,122639
2024-06-14,80.7598,122639
2024-06-18,80.9622,122639
2024-06-19,81.0075,122639
2024-06-20,81.3351,122639
2024-06-21,81.2542,122639
2024-06-24,81.4983,122639
2024-06-25,81.7742,122639
2024-06-26,81.769,122639
2024-06-27,82.0557,122639
2024-06-28,81.9385,122639
2024-07-01,82.5054,122639
2024-07-02,82.5255,122639
2024-07-03,83.2879,122639
2024-07-04,83.819,122639
2024-07-05,83.9205,122639
2024-07-08,83.9784,122639
2024-07-09,84.364,122639
2024-07-10,84.1974,122639
2024-07-11,84.0095,122639
2024-07-12,84.1068,122639
2024-07-15,84.3118,122639
2024-07-16,84.3059,122639
2024-07-18,84.0002,122639
2024-07-19,83.2619,122639
2024-07-22,83.7829,122639
2024-07-23,83.8404,122639
2024-07-24,83.3111,122639
2024-07-25,82.9565,122639
2024-07-26,84.0106,122639
2024-07-29,84.2303,122639
2024-07-30,84.4549,122639
2024-07-31,84.9013,122639
2024-08-01,85.3407,122639
2024-08-02,84.4466,122639
2024-08-05,82.2479,122639
2024-08-06,82.1857,122639
2024-08-07,83.4186,122639
2024-08-08,83.283,122639
2024-08-09,83.8388,122639
2024-08-12,83.7172,122639
2024-08-13,83.1029,122639
2024-08-14,82.9981,122639
2024-08-16,84.3808,122639
2024-08-19,84.6819,122639
2024-08-20,85.1607,122639
2024-08-21,85.3124,122639
2024-08-22,85.2776,122639
2024-08-23,85.4119,122639
2024-08-26,85.7622,122639
2024-08-27,85.7119,122639
2024-08-28,85.5251,122639
2024-08-29,85.6244,122639
2024-08-30,85.8868,122639
2024-09-02,86.3868,122639
2024-09-03,86.4139,122639
2024-09-04,86.2083,122639
2024-09-05,86.2323,122639
2024-09-06,85.1393,122639
2024-09-09,85.0535,122639
2024-09-10,85.6503,122639
2024-09-11,85.7029,122639
2024-09-12,86.6981,122639
2024-09-13,86.6894,122639
2024-09-16,87.0366,122639
2024-09-17,87.0823,122639
2024-09-18,87.2969,122639
2024-09-19,87.5326,122639
2024-09-20,88.7115,122639
2024-09-23,88.969,122639
2024-09-24,88.9023,122639
2024-09-25,89.1877,122639
2024-09-26,89.5987,122639
2024-09-27,89.1507,122639
2024-09-30,88.6165,122639
2024-10-01,88.6465,122639
2024-10-03,87.4673,122639
2024-10-04,87.0233,122639
2024-10-07,85.9761,122639
2024-10-08,86.6821,122639
2024-10-09,86.9591,122639
2024-10-10,87.4292,122639
2024-10-11,87.5377,122639
2024-10-14,87.8732,122639
2024-10-15,88.092,122639
2024-10-16,87.7578,122639
2024-10-17,87.2415,122639
2024-10-18,87.6683,122639
2024-10-21,87.3748,122639
2024-10-22,86.6405,122639
2024-10-23,86.4885,122639
2024-10-24,86.4618,122639
2024-10-25,86.1527,122639
2024-10-28,86.3152,122639
2024-10-29,86.8599,122639
2024-10-30,86.5263,122639
2024-10-31,85.9814,122639
2024-11-04,85.7645,122639
2024-11-05,86.3781,122639
2024-11-06,87.0848,122639
2024-11-07,86.8705,122639
2024-11-08,86.7847,122639
2024-11-11,87.2638,122639
2024-11-12,86.5864,122639
2024-11-13,85.5923,122639
2024-11-14,85.7371,122639
2024-11-18,85.2443,122639
2024-11-19,85.5699,122639
2024-11-21,85.2303,122639
2024-11-22,86.2203,122639
2024-11-25,86.9296,122639
2024-11-26,86.9017,122639
2024-11-27,86.9216,122639
2024-11-28,86.4025,122639
2024-11-29,86.7639,122639
2024-12-02,87.2842,122639
2024-12-03,87.8085,122639
2024-12-04,87.856,122639
2024-12-05,88.384,122639
2024-12-06,88.6888,122639
2024-12-09,88.7982,122639
2024-12-10,88.9747,122639
2024-12-11,89.405,122639
2024-12-12,89.1992,122639
2024-12-13,89.4327,122639
2024-12-16,89.6441,122639
2024-12-17,89.1389,122639
2024-12-18,88.1624,122639
2024-12-19,87.9504,122639
2024-12-20,86.8824,122639
2024-12-23,87.4345,122639
2024-12-24,87.4392,122639
2024-12-26,87.6152,122639
2024-12-27,87.6015,122639
2024-12-30,87.9604,122639
2024-12-31,87.673,122639
2025-01-01,87.9456,122639
2025-01-02,89.0106,122639
2025-01-03,88.499,122639
2025-01-06,87.3465,122639
2025-01-07,87.2939,122639
2025-01-08,87.3422,122639
2025-01-09,86.9907,122639
2025-01-10,86.2777,122639
2025-01-13,85.0944,122639
2025-01-14,85.3784,122639
2025-01-15,86.0188,122639
2025-01-16,86.0419,122639
2025-01-17,85.9236,122639
2025-01-20,86.3561,122639
2025-01-21,85.7245,122639
2025-01-22,86.2997,122639
2025-01-23,86.4111,122639
2025-01-24,86.1202,122639
2025-01-27,85.2707,122639
2025-01-28,85.6737,122639
2025-01-29,86.3242,122639
2025-01-30,86.4548,122639
2025-01-31,87.4349,122639
2025-02-03,87.379,122639
2025-02-04,87.9923,122639
2025-02-05,87.7154,122639
2025-02-06,87.7441,122639
2025-02-07,87.236,122639
2025-02-10,86.8683,122639
2025-02-11,85.9313,122639
2025-02-12,85.9582,122639
2025-02-13,86.1979,122639
2025-02-14,85.811,122639
2025-02-17,85.972,122639
2025-02-18,85.8927,122639
2025-02-19,85.7517,122639
2025-02-20,85.9271,122639
2025-02-21,85.1573,122639
2025-02-24,84.5628,122639
2025-02-25,84.2928,122639
2025-02-27,84.1972,122639
2025-02-28,83.4913,122639
2025-03-03,82.891,122639
2025-03-04,82.6843,122639
2025-03-05,83.7353,122639
2025-03-06,83.8674,122639
2025-03-07,83.8166,122639
2025-03-10,83.337,122639
2025-03-11,83.2603,122639
2025-03-12,83.5579,122639
2025-03-13,83.0488,122639
2025-03-17,83.7786,122639
2025-03-18,84.2963,122639
2025-03-19,84.7678,122639
2025-03-20,85.2293,122639
2025-03-21,85.8483,122639
2025-03-24,86.9302,122639
2025-03-25,86.9378,122639
2025-03-26,86.3858,122639
2025-03-27,86.4471,122639
2025-03-28,85.8371,122639
2025-03-31,85.8434,122639
2025-04-01,84.9643,122639
2025-04-02,85.1159,122639
2025-04-03,84.5849,122639
2025-04-04,83.6171,122639
2025-04-07,82.0594,122639
2025-04-08,82.6208,122639
2025-04-09,83.5909,122639
2025-04-11,84.3987,122639
2025-04-15,85.4091,122639
2025-04-16,85.2456,122639
2025-04-17,85.9851,122639
2025-04-21,86.6029,122639
2025-04-22,87.1201,122639
2025-04-23,87.7517,122639
2025-04-24,87.8632,122639
2025-04-25,87.2934,122639
2025-04-28,87.8113,122639
2025-04-29,87.5196,122639
2025-04-30,87.4119,122639
2025-05-02,87.9847,122639
2025-05-05,88.0615,122639
2025-05-06,87.785,122639
2025-05-07,88.0446,122639
2025-05-08,87.831,122639
2025-05-09,86.8646,122639
2025-05-12,89.5367,122639
2025-05-13,88.874,122639
2025-05-14,89.2176,122639
2025-05-15,89.996,122639
2025-05-16,90.2896,122639
2025-05-19,90.6981,122639
2025-05-20,89.6835,122639
2025-05-21,89.8657,122639
2025-05-22,89.4835,122639
2025-05-23,90.0638,122639
2025-05-26,90.3489,122639
2025-05-27,90.1335,122639
2025-05-28,89.8449,122639
2025-05-29,89.9176,122639
2025-05-30,89.7841,122639
2025-06-02,89.9823,122639
2025-06-03,89.4701,122639
2025-06-04,89.8926,122639
2025-06-05,90.2215,122639
2025-06-06,91.4036,122639
2025-06-09,91.8572,122639
2025-06-10,91.9973,122639
2025-06-11,91.8034,122639
2025-06-12,91.0594,122639
2025-06-13,90.6725,122639
2025-06-16,91.2972,122639
2025-06-17,91.0434,122639
2025-06-18,90.9944,122639
2025-06-19,90.8546,122639
2025-06-20,91.4295,122639
2025-06-23,91.2091,122639
2025-06-24,91.4839,122639
2025-06-25,91.9789,122639
2025-06-26,92.6711,122639
2025-06-27,93.166,122639
2025-06-30,92.903,122639
2025-07-01,92.6786,122639
2025-07-02,92.5393,122639
2025-07-03,92.4553,122639
2025-07-04,92.612,122639
2025-07-07,92.6536,122639
2025-07-08,92.484,122639
2025-07-09,92.744,122639
2025-07-10,92.4306,122639
2025-07-11,92.1021,122639
2025-07-14,92.3162,122639
2025-07-15,92.4187,122639
2025-07-16,92.4085,122639
2025-07-17,92.3343,122639
2025-07-18,91.9428,122639
2025-07-21,92.5354,122639
2025-07-22,92.4745,122639
2025-07-23,92.8129,122639
2025-07-24,92.5071,122639
2025-07-25,92.0559,122639
2025-07-28,91.5833,122639
2025-07-29,91.8916,122639
2025-07-30,91.9115,122639
2025-07-31,92.1602,122639
2025-08-01,91.3302,122639
2025-08-04,91.6751,122639
2025-08-05,91.5126,122639
2025-08-06,91.368,122639
2025-08-07,91.5052,122639
2025-08-08,91.1563,122639
2025-08-11,91.6273,122639
2025-08-12,91.7307,122639
2025-08-13,92.015,122639
2025-08-14,92.2337,122639
2025-08-18,92.9416,122639
2025-08-19,92.4207,122639
2025-08-20,92.3051,122639
2025-08-21,92.3056,122639
2025-08-22,92.1604,122639
2025-08-25,92.2707,122639
2025-08-26,91.5915,122639
2025-08-28,91.1734,122639
2025-08-29,91.0737,122639
2025-09-01,91.5207,122639
2025-09-02,91.3431,122639
2025-09-03,92.1782,122639
2025-09-04,92.4828,122639
2025-09-05,92.513,122639
2025-09-08,92.529,122639
2025-09-09,93.063,122639
2025-09-10,93.0835,122639
2025-09-11,93.3468,122639
2025-09-12,93.617,122639
2025-09-15,93.7345,122639
2025-09-16,94.3948,122639
2025-09-17,94.5223,122639
2025-09-18,94.7084,122639
2025-09-19,94.376,122639
2025-09-22,94.0936,122639
2025-09-23,94.0097,122639
2025-09-24,93.797,122639
2025-09-25,93.1763,122639
2025-09-26,92.6094,122639
2025-09-30,92.0956,122639
2025-10-01,92.4742,122639
2025-10-03,92.6404,122639
2025-10-06,93.0072,122639
2025-10-07,93.1978,122639
2025-10-08,93.0302,122639
2025-10-09,93.1663,122639
2025-10-10,93.2169,122639
2025-10-13,93.3867,122639
2025-10-14,93.2029,122639
2025-10-15,93.4655,122639
2025-10-16,94.126,122639
2025-10-17,94.5532,122639
2025-10-20,94.8065,122639
2025-10-23,95.3362,122639
2025-10-24,95.2526,122639
2025-10-27,95.7732,122639
2025-10-28,95.5012,122639
2025-10-29,95.6324,122639
2025-10-30,94.8012,122639
2025-10-31,94.4065,122639
2025-11-03,94.4577,122639
2025-11-04,93.8341,122639
2025-11-06,93.779,122639
2025-11-07,93.5428,122639
2025-11-10,94.0765,122639
2025-11-11,94.1798,122639
2025-11-12,94.1707,122639
2025-11-13,94.0058,122639
2025-11-14,94.2899,122639
2025-11-17,94.5101,122639
2025-11-18,94.0629,122639
2025-11-19,94.3086,122639
2025-11-20,94.418,122639
2025-11-21,94.4109,122639
2025-11-24,94.4233,122639
2025-11-25,94.3884,122639
2025-11-26,94.9954,122639
2025-11-27,94.8564,122639
2025-11-28,95.0019,122639
2025-12-01,94.9398,122639
2025-12-02,94.7524,122639
2025-12-03,94.8473,122639
2025-12-04,94.946,122639
2025-12-05,95.3718,122639
2025-12-08,94.8059,122639
2025-12-09,94.5666,122639
2025-12-10,94.5178,122639
2025-12-11,94.735,122639
2025-12-12,94.7577,122639
2025-12-15,94.6742,122639
2025-12-16,94.4339,122639
2025-12-17,94.1026,122639
2025-12-18,94.1703,122639
2025-12-19,94.4162,122639
2025-12-22,94.9471,122639
2025-12-23,95.3305,122639
2025-12-24,95.3441,122639
2025-12-26,95.0482,122639
2025-12-29,94.7304,122639
2025-12-30,94.6116,122639
2025-12-31,95.1709,122639
2026-01-01,94.9335,122639
2026-01-02,95.2985,122639
2026-01-05,95.3229,122639
2026-01-06,95.3244,122639
2026-01-07,95.1942,122639
2026-01-08,94.7123,122639
2026-01-09,94.1439,122639
2026-01-12,94.329,122639
2026-01-13,94.1783,122639
2026-01-14,93.8527,122639
2026-01-16,93.8469,122639
2026-01-19,93.8504,122639
2026-01-20,92.76,122639
2026-01-21,92.664,122639
2026-01-22,93.3387,122639
2026-01-23,92.9409,122639
2026-01-27,93.1653,122639
2026-01-28,93.7598,122639
2026-01-29,93.9598,122639
2026-01-30,93.5212,122639
2026-02-02,93.1373,122639
2026-02-03,94.1941,122639
2026-02-04,94.0867,122639
2026-02-05,93.5631,122639
2026-02-06,93.7911,122639
2026-02-09,94.1506,122639
2026-02-10,94.1421,122639
2026-02-11,93.8017,122639
2026-02-12,93.0507,122639
2026-02-13,92.0658,122639
2026-02-16,92.9584,122639
2026-02-17,93.1314,122639
2026-02-18,93.4081,122639
2026-02-19,92.5092,122639
2026-02-20,92.9299,122639
2026-02-23,93.2424,122639
2026-02-24,92.6094,122639
2026-02-25,93.0828,122639
2026-02-26,92.7718,122639
2026-02-27,91.9544,122639
2026-03-02,91.422,122639
2026-03-04,91.0398,122639
2026-03-05,91.5897,122639
2026-03-06,90.7461,122639
2026-03-09,89.7713,122639
2026-03-10,90.4288,122639
2026-03-11,89.727,122639
2026-03-12,89.2729,122639
2026-03-13,88.1632,122639
2026-03-16,88.7044,122639
2026-03-17,89.0865,122639
2026-03-18,89.3756,122639
2026-03-19,87.7072,122639
2026-03-20,87.7908,122639
2026-03-23,86.5918,122639
2026-03-24,87.0006,122639
2026-03-25,87.841,122639
2026-03-27,86.4452,122639
2026-03-30,85.2599,122639
2026-03-31,85.6779,122639
2026-04-01,86.3439,122639
2026-04-02,86.5155,122639
2026-04-06,87.4905,122639
2026-04-07,88.0544,122639
2026-04-08,90.1325,122639
2026-04-09,90.0737,122639
2026-04-10,90.4425,122639
2026-04-13,90.1521,122639
2026-04-15,91.5729,122639
2026-04-16,91.4449,122639
2026-04-17,91.9852,122639
2026-04-20,91.6716,122639
2026-04-21,92.1913,122639
2026-04-22,91.483,122639
2026-04-23,91.0785,122639
2026-04-24,90.56,122639
2026-04-27,91.0418,122639
2026-04-28,90.7264,122639
2026-04-29,91.4026,122639
2026-04-30,91.2902,122639
2026-05-04,91.2571,122639
2026-05-05,91.157,122639
2026-05-06,91.9367,122639
2026-05-07,91.8067,122639
2026-05-08,91.5245,122639
2026-05-11,90.8306,122639
2026-05-12,89.6375,122639
2026-05-13,89.7575,122639
2026-05-14,90.3636,122639
2026-05-15,90.6464,122639
2026-05-18,90.6579,122639
2026-05-19,90.5973,122639
2026-05-20,90.7862,122639
2026-05-21,90.614,122639
2026-05-22,90.3927,122639
2026-05-25,91.1502,122639
2026-05-26,90.9189,122639
2026-05-27,90.9863,122639
2026-05-29,90.0589,122639
2026-06-01,89.6775,122639
2026-06-02,89.7887,122639
2026-06-03,89.3389,122639
2026-06-04,89.6595,122639
2026-06-05,89.1488,122639
2026-06-08,88.6324,122639
2026-06-09,88.8675,122639
2026-06-10,88.5447,122639
2026-06-11,88.484,122639
2026-06-12,89.2945,122639
2026-06-15,90.043,122639
2026-06-16,90.5605,122639
2026-06-17,90.2928,122639
2026-06-18,90.522,122639
2026-06-19,90.1404,122639
2026-06-22,90.0922,122639
2026-06-23,89.5746,122639
2026-06-24,89.933,122639
2026-06-25,89.7127,122639
2026-06-29,90.043,122639
2026-06-30,89.839,122639
2026-07-01,90.3012,122639
2026-07-02,90.8648,122639
2026-07-03,91.2957,122639
2026-07-06,91.4093,122639
2026-07-07,91.519,122639
2026-07-08,90.0327,122639
2026-07-09,90.3358,122639
2026-07-10,90.9438,122639
2026-07-13,91.3166,122639
2026-07-14,90.866,122639
2026-07-15,91.1262,122639
2026-07-16,91.0281,122639
2026-07-17,91.4603,122639
2026-07-20,91.2168,122639
2026-07-21,90.9743,122639
2026-07-22,90.3863,122639
2026-07-23,89.8009,122639
2026-07-24,89.7804,122639
2013-11-18,13.0894,125497
2013-11-19,13.1068,125497
2013-11-20,12.9549,125497
2013-11-21,12.7957,125497
2013-11-22,12.7775,125497
2013-11-25,12.8548,125497
2013-11-26,12.8591,125497
2013-11-27,12.8389,125497
2013-11-28,12.8773,125497
2013-11-29,12.9509,125497
2013-12-02,13.0012,125497
2013-12-03,13.0048,125497
2013-12-04,12.9799,125497
2013-12-05,13.0319,125497
2013-12-06,13.0439,125497
2013-12-09,13.0282,125497
2013-12-10,13.0325,125497
2013-12-11,13.0129,125497
2013-12-12,13.0021,125497
2013-12-13,12.9891,125497
2013-12-16,13.0345,125497
2013-12-17,12.9569,125497
2013-12-18,13.0672,125497
2013-12-19,13.1392,125497
2013-12-20,13.1776,125497
2013-12-23,13.1886,125497
2013-12-24,13.2683,125497
2013-12-26,13.4811,125497
2013-12-27,13.5024,125497
2013-12-30,13.5862,125497
2013-12-31,13.7277,125497
2014-01-01,13.7418,125497
2014-01-02,13.7553,125497
2014-01-03,13.8494,125497
2014-01-06,13.8568,125497
2014-01-07,13.9214,125497
2014-01-08,14.0081,125497
2014-01-09,13.8644,125497
2014-01-10,13.8143,125497
2014-01-13,13.7909,125497
2014-01-14,13.8249,125497
2014-01-15,14.0209,125497
2014-01-16,14.0042,125497
2014-01-17,13.7841,125497
2014-01-20,13.8144,125497
2014-01-21,13.8659,125497
2014-01-22,13.9302,125497
2014-01-23,13.9537,125497
2014-01-24,13.8688,125497
2014-01-27,13.6829,125497
2014-01-28,13.5678,125497
2014-01-29,13.4977,125497
2014-01-30,13.4661,125497
2014-01-31,13.6059,125497
2014-02-03,13.4995,125497
2014-02-04,13.4717,125497
2014-02-05,13.5431,125497
2014-02-06,13.5883,125497
2014-02-07,13.5552,125497
2014-02-10,13.7402,125497
2014-02-11,13.6983,125497
2014-02-12,13.6874,125497
2014-02-13,13.678,125497
2014-02-14,13.5948,125497
2014-02-17,13.6423,125497
2014-02-18,13.6801,125497
2014-02-19,13.801,125497
2014-02-20,13.8913,125497
2014-02-21,14.037,125497
2014-02-24,14.1905,125497
2014-02-25,14.2704,125497
2014-02-26,14.1733,125497
2014-02-28,14.2102,125497
2014-03-03,14.2753,125497
2014-03-04,14.4166,125497
2014-03-05,14.5448,125497
2014-03-06,14.6678,125497
2014-03-07,14.5275,125497
2014-03-10,14.5576,125497
2014-03-11,14.6449,125497
2014-03-12,14.7175,125497
2014-03-13,14.7121,125497
2014-03-14,14.6527,125497
2014-03-18,14.7961,125497
2014-03-19,14.7118,125497
2014-03-20,14.8045,125497
2014-03-21,14.9389,125497
2014-03-24,14.9833,125497
2014-03-25,15.017,125497
2014-03-26,15.0172,125497
2014-03-27,15.016,125497
2014-03-28,15.1698,125497
2014-03-31,15.2761,125497
2014-04-01,15.3236,125497
2014-04-02,15.5261,125497
2014-04-03,15.5016,125497
2014-04-04,15.6554,125497
2014-04-07,15.7238,125497
2014-04-09,15.7721,125497
2014-04-10,15.7832,125497
2014-04-11,15.8805,125497
2014-04-15,15.959,125497
2014-04-16,15.8341,125497
2014-04-17,15.9681,125497
2014-04-21,16.061,125497
2014-04-22,16.1917,125497
2014-04-23,16.2362,125497
2014-04-25,16.2714,125497
2014-04-28,16.3857,125497
2014-04-29,16.4239,125497
2014-04-30,16.194,125497
2014-05-02,16.1784,125497
2014-05-05,16.1466,125497
2014-05-06,16.2026,125497
2014-05-07,16.2031,125497
2014-05-08,16.2601,125497
2014-05-09,16.2665,125497
2014-05-12,16.236,125497
2014-05-13,16.318,125497
2014-05-14,16.3868,125497
2014-05-15,16.2742,125497
2014-05-16,16.3354,125497
2014-05-19,16.6375,125497
2014-05-20,17.0756,125497
2014-05-21,17.3618,125497
2014-05-22,17.6336,125497
2014-05-23,17.5799,125497
2014-05-26,17.2722,125497
2014-05-27,17.4244,125497
2014-05-28,17.7014,125497
2014-05-29,17.6411,125497
2014-05-30,17.5999,125497
2014-06-02,17.7284,125497
2014-06-03,17.7281,125497
2014-06-04,18.0406,125497
2014-06-05,18.2638,125497
2014-06-06,18.5395,125497
2014-06-09,18.8095,125497
2014-06-10,18.9611,125497
2014-06-11,18.7536,125497
2014-06-12,18.9265,125497
2014-06-13,18.7545,125497
2014-06-16,18.7174,125497
2014-06-17,19.0015,125497
2014-06-18,19.2167,125497
2014-06-19,19.1541,125497
2014-06-20,19.1702,125497
2014-06-23,19.1147,125497
2014-06-24,19.1991,125497
2014-06-25,19.3056,125497
2014-06-26,19.5189,125497
2014-06-27,19.669,125497
2014-06-30,20.0705,125497
2014-07-01,20.2237,125497
2014-07-02,20.3994,125497
2014-07-03,20.539,125497
2014-07-04,20.7887,125497
2014-07-07,20.9874,125497
2014-07-08,20.4515,125497
2014-07-09,20.1567,125497
2014-07-10,20.1881,125497
2014-07-11,19.8392,125497
2014-07-14,19.7798,125497
2014-07-15,19.9854,125497
2014-07-16,20.4248,125497
2014-07-17,20.8995,125497
2014-07-18,20.8316,125497
2014-07-21,21.28,125497
2014-07-22,21.363,125497
2014-07-23,21.24,125497
2014-07-24,21.3216,125497
2014-07-25,21.1489,125497
2014-07-28,21.1246,125497
2014-07-30,21.0491,125497
2014-07-31,21.0652,125497
2014-08-01,20.8274,125497
2014-08-04,21.1423,125497
2014-08-05,21.1792,125497
2014-08-06,21.2068,125497
2014-08-07,21.1366,125497
2014-08-08,20.9051,125497
2014-08-11,21.0294,125497
2014-08-12,20.9523,125497
2014-08-13,20.4227,125497
2014-08-14,20.6268,125497
2014-08-18,20.9437,125497
2014-08-19,21.1964,125497
2014-08-20,21.5099,125497
2014-08-21,21.8125,125497
2014-08-22,21.898,125497
2014-08-25,21.7299,125497
2014-08-26,21.6681,125497
2014-08-27,22.0752,125497
2014-08-28,22.1709,125497
2014-09-01,22.5292,125497
2014-09-02,22.6476,125497
2014-09-03,22.842,125497
2014-09-04,22.8661,125497
2014-09-05,22.9624,125497
2014-09-08,23.31,125497
2014-09-09,23.6853,125497
2014-09-10,23.8862,125497
2014-09-11,24.41,125497
2014-09-12,24.6248,125497
2014-09-15,24.7489,125497
2014-09-16,24.0716,125497
2014-09-17,24.2051,125497
2014-09-18,24.5974,125497
2014-09-19,24.6537,125497
2014-09-22,24.9688,125497
2014-09-23,24.5235,125497
2014-09-24,24.1531,125497
2014-09-25,23.6113,125497
2014-09-26,23.6912,125497
2014-09-29,23.9932,125497
2014-09-30,24.2982,125497
2014-10-01,24.1597,125497
2014-10-07,23.9234,125497
2014-10-08,24.0609,125497
2014-10-09,24.0814,125497
2014-10-10,23.7407,125497
2014-10-13,23.8232,125497
2014-10-14,23.7147,125497
2014-10-16,23.2763,125497
2014-10-17,23.3519,125497
2014-10-20,23.3913,125497
2014-10-21,23.54,125497
2014-10-22,23.8185,125497
2014-10-27,23.9115,125497
2014-10-28,24.0775,125497
2014-10-29,24.2092,125497
2014-10-30,24.2267,125497
2014-10-31,24.3031,125497
2014-11-03,24.5647,125497
2014-11-05,24.6593,125497
2014-11-07,24.567,125497
2014-11-10,24.7095,125497
2014-11-11,24.92,125497
2014-11-12,25.2255,125497
2014-11-13,25.3732,125497
2014-11-14,25.4694,125497
2014-11-17,25.74,125497
2014-11-18,26.0028,125497
2014-11-19,26.0641,125497
2014-11-20,25.8923,125497
2014-11-21,25.9891,125497
2014-11-24,25.896,125497
2014-11-25,25.3911,125497
2014-11-26,25.6618,125497
2014-11-27,26.0216,125497
2014-11-28,26.2402,125497
2014-12-01,26.2093,125497
2014-12-02,26.5928,125497
2014-12-03,27.0697,125497
2014-12-04,27.342,125497
2014-12-05,27.3359,125497
2014-12-08,27.5153,125497
2014-12-09,27.0266,125497
2014-12-10,27.2901,125497
2014-12-11,27.739,125497
2014-12-12,27.4434,125497
2014-12-15,27.3527,125497
2014-12-16,26.791,125497
2014-12-17,26.2936,125497
2014-12-18,27.0853,125497
2014-12-19,27.1556,125497
2014-12-22,27.439,125497
2014-12-23,27.4262,125497
2014-12-24,27.4695,125497
2014-12-26,27.5386,125497
2014-12-29,28.1163,125497
2014-12-30,28.5876,125497
2014-12-31,29.2084,125497
2015-01-01,29.3671,125497
2015-01-02,29.4253,125497
2015-01-05,29.3031,125497
2015-01-06,28.566,125497
2015-01-07,28.7345,125497
2015-01-08,29.2325,125497
2015-01-09,29.2834,125497
2015-01-12,29.4713,125497
2015-01-13,29.4388,125497
2015-01-14,29.5028,125497
2015-01-15,29.6991,125497
2015-01-16,29.7293,125497
2015-01-19,30.5172,125497
2015-01-20,30.8184,125497
2015-01-21,30.714,125497
2015-01-22,30.7123,125497
2015-01-23,30.4927,125497
2015-01-27,30.5724,125497
2015-01-28,30.7898,125497
2015-01-29,30.7497,125497
2015-01-30,30.5936,125497
2015-02-02,30.6145,125497
2015-02-03,30.7745,125497
2015-02-04,30.6731,125497
2015-02-05,30.2614,125497
2015-02-06,29.7377,125497
2015-02-09,29.397,125497
2015-02-10,29.5782,125497
2015-02-11,29.9083,125497
2015-02-12,30.2611,125497
2015-02-13,30.2844,125497
2015-02-16,30.5344,125497
2015-02-18,30.6868,125497
2015-02-19,30.6178,125497
2015-02-20,30.6869,125497
2015-02-23,30.3222,125497
2015-02-24,30.2175,125497
2015-02-25,30.1089,125497
2015-02-26,29.9507,125497
2015-02-27,30.2262,125497
2015-03-02,30.5216,125497
2015-03-03,30.8045,125497
2015-03-04,30.6349,125497
2015-03-05,30.6428,125497
2015-03-09,30.4317,125497
2015-03-10,30.3725,125497
2015-03-11,30.4375,125497
2015-03-12,30.686,125497
2015-03-13,30.2599,125497
2015-03-16,30.179,125497
2015-03-17,30.0579,125497
2015-03-18,30.0143,125497
2015-03-19,29.8192,125497
2015-03-20,29.392,125497
2015-03-23,28.911,125497
2015-03-24,28.8295,125497
2015-03-25,28.8366,125497
2015-03-26,28.4267,125497
2015-03-27,28.5473,125497
2015-03-30,29.2627,125497
2015-03-31,29.3347,125497
2015-04-01,29.7949,125497
2015-04-06,30.1584,125497
2015-04-07,30.2953,125497
2015-04-08,30.8106,125497
2015-04-09,31.2433,125497
2015-04-10,31.3292,125497
2015-04-13,31.7364,125497
2015-04-15,31.8726,125497
2015-04-16,31.9168,125497
2015-04-17,31.798,125497
2015-04-20,31.0796,125497
2015-04-21,31.0267,125497
2015-04-22,31.0468,125497
2015-04-23,30.9662,125497
2015-04-24,30.2416,125497
2015-04-27,29.674,125497
2015-04-28,29.7529,125497
2015-04-29,30.1521,125497
2015-04-30,30.1525,125497
2015-05-04,30.6068,125497
2015-05-05,30.6932,125497
2015-05-06,30.0312,125497
2015-05-07,29.4468,125497
2015-05-08,29.884,125497
2015-05-11,30.6452,125497
2015-05-12,30.1822,125497
2015-05-13,30.4511,125497
2015-05-14,30.5463,125497
2015-05-15,31.0965,125497
2015-05-18,31.1586,125497
2015-05-19,31.0088,125497
2015-05-20,30.9295,125497
2015-05-21,30.8716,125497
2015-05-22,30.8954,125497
2015-05-25,30.681,125497
2015-05-26,30.5493,125497
2015-05-27,30.3406,125497
2015-05-28,30.3566,125497
2015-05-29,30.5261,125497
2015-06-01,30.3029,125497
2015-06-02,29.8851,125497
2015-06-03,29.5373,125497
2015-06-04,29.4409,125497
2015-06-05,29.7033,125497
2015-06-08,29.3979,125497
2015-06-09,29.2003,125497
2015-06-10,29.6228,125497
2015-06-11,29.1922,125497
2015-06-12,29.2746,125497
2015-06-15,29.5041,125497
2015-06-16,29.497,125497
2015-06-17,30.0202,125497
2015-06-18,30.4689,125497
2015-06-19,30.5701,125497
2015-06-22,30.7491,125497
2015-06-23,30.8937,125497
2015-06-24,30.9998,125497
2015-06-25,31.0607,125497
2015-06-26,31.0294,125497
2015-06-29,30.6479,125497
2015-06-30,31.1456,125497
2015-07-01,31.4503,125497
2015-07-02,31.5581,125497
2015-07-03,31.7734,125497
2015-07-06,32.4565,125497
2015-07-07,32.8775,125497
2015-07-08,32.7031,125497
2015-07-09,32.7345,125497
2015-07-10,32.8467,125497
2015-07-13,32.901,125497
2015-07-14,32.7785,125497
2015-07-15,33.0081,125497
2015-07-16,33.357,125497
2015-07-17,33.3724,125497
2015-07-20,33.5203,125497
2015-07-21,33.0264,125497
2015-07-22,33.1968,125497
2015-07-23,33.5174,125497
2015-07-24,33.1976,125497
2015-07-27,33.1625,125497
2015-07-28,33.0327,125497
2015-07-29,33.1365,125497
2015-07-30,33.2022,125497
2015-07-31,33.6861,125497
2015-08-03,33.884,125497
2015-08-04,34.1317,125497
2015-08-05,34.118,125497
2015-08-06,33.7245,125497
2015-08-07,33.7308,125497
2015-08-10,33.7575,125497
2015-08-11,33.3291,125497
2015-08-12,32.7984,125497
2015-08-13,32.6931,125497
2015-08-14,33.1547,125497
2015-08-17,33.3263,125497
2015-08-18,33.6383,125497
2015-08-19,33.8543,125497
2015-08-20,33.2221,125497
2015-08-21,33.1377,125497
2015-08-24,31.2426,125497
2015-08-25,31.1813,125497
2015-08-26,31.2456,125497
2015-08-27,32.1993,125497
2015-08-28,32.0768,125497
2015-08-31,31.9757,125497
2015-09-01,31.4028,125497
2015-09-02,31.3571,125497
2015-09-03,31.5572,125497
2015-09-04,31.2791,125497
2015-09-07,30.8824,125497
2015-09-08,30.8088,125497
2015-09-09,31.1685,125497
2015-09-10,31.2459,125497
2015-09-11,31.3747,125497
2015-09-14,31.638,125497
2015-09-15,31.5174,125497
2015-09-16,31.4122,125497
2015-09-18,31.7435,125497
2015-09-21,31.8795,125497
2015-09-22,31.6014,125497
2015-09-23,31.6956,125497
2015-09-24,31.6004,125497
2015-09-28,31.6127,125497
2015-09-29,31.5525,125497
2015-09-30,31.9449,125497
2015-10-01,32.0303,125497
2015-10-05,32.4891,125497
2015-10-06,32.4971,125497
2015-10-07,32.6458,125497
2015-10-08,32.787,125497
2015-10-09,32.8509,125497
2015-10-12,32.7741,125497
2015-10-13,32.8369,125497
2015-10-14,32.851,125497
2015-10-15,33.0744,125497
2015-10-16,33.1072,125497
2015-10-19,33.3166,125497
2015-10-20,33.5605,125497
2015-10-21,33.6267,125497
2015-10-23,33.5274,125497
2015-10-26,33.2641,125497
2015-10-27,33.4053,125497
2015-10-28,33.3372,125497
2015-10-29,33.2373,125497
2015-10-30,33.1814,125497
2015-11-02,32.949,125497
2015-11-03,33.328,125497
2015-11-04,33.2605,125497
2015-11-05,32.938,125497
2015-11-06,32.6837,125497
2015-11-09,33.0826,125497
2015-11-10,32.8783,125497
2015-11-13,32.8994,125497
2015-11-16,32.8399,125497
2015-11-17,33.142,125497
2015-11-18,32.7862,125497
2015-11-19,33.2648,125497
2015-11-20,33.4842,125497
2015-11-23,33.6307,125497
2015-11-24,33.4978,125497
2015-11-26,33.4275,125497
2015-11-27,33.5568,125497
2015-11-30,33.5197,125497
2015-12-01,33.5186,125497
2015-12-02,33.8327,125497
2015-12-03,33.7975,125497
2015-12-04,33.694,125497
2015-12-07,33.6603,125497
2015-12-08,33.2944,125497
2015-12-09,32.871,125497
2015-12-10,33.2474,125497
2015-12-11,33.0682,125497
2015-12-14,33.0979,125497
2015-12-15,33.3962,125497
2015-12-16,33.3913,125497
2015-12-17,34.0463,125497
2015-12-18,33.9321,125497
2015-12-21,34.167,125497
2015-12-22,34.2195,125497
2015-12-23,34.4628,125497
2015-12-24,34.6924,125497
2015-12-28,34.9675,125497
2015-12-29,35.1231,125497
2015-12-30,35.4189,125497
2015-12-31,35.7192,125497
2016-01-01,36.0391,125497
2016-01-04,35.7424,125497
2016-01-05,35.9544,125497
2016-01-06,35.5722,125497
2016-01-07,34.6033,125497
2016-01-08,35.1548,125497
2016-01-11,35.1181,125497
2016-01-12,34.5143,125497
2016-01-13,33.9198,125497
2016-01-14,33.6342,125497
2016-01-15,32.8379,125497
2016-01-18,31.6702,125497
2016-01-19,31.9417,125497
2016-01-20,31.3699,125497
2016-01-21,31.4128,125497
2016-01-22,32.1795,125497
2016-01-25,32.3429,125497
2016-01-27,32.3767,125497
2016-01-28,32.3849,125497
2016-01-29,32.5066,125497
2016-02-01,32.6827,125497
2016-02-02,32.579,125497
2016-02-03,32.1505,125497
2016-02-04,32.0113,125497
2016-02-05,32.187,125497
2016-02-08,32.1441,125497
2016-02-09,32.0579,125497
2016-02-10,31.6489,125497
2016-02-11,30.4832,125497
2016-02-12,30.1716,125497
2016-02-15,31.0517,125497
2016-02-16,30.4216,125497
2016-02-17,30.7027,125497
2016-02-18,31.0755,125497
2016-02-19,31.1002,125497
2016-02-22,31.016,125497
2016-02-23,30.6836,125497
2016-02-24,30.265,125497
2016-02-25,30.24,125497
2016-02-26,29.9406,125497
2016-02-29,29.7635,125497
2016-03-01,30.5287,125497
2016-03-02,30.9607,125497
2016-03-03,31.1097,125497
2016-03-04,31.114,125497
2016-03-08,31.0575,125497
2016-03-09,31.0997,125497
2016-03-10,31.0779,125497
2016-03-11,31.0885,125497
2016-03-14,31.3364,125497
2016-03-15,31.1758,125497
2016-03-16,31.2445,125497
2016-03-17,31.3309,125497
2016-03-18,31.5504,125497
2016-03-21,31.9899,125497
2016-03-22,31.8682,125497
2016-03-23,32.2192,125497
2016-03-28,31.8759,125497
2016-03-29,31.9445,125497
2016-03-30,32.3132,125497
2016-03-31,32.3614,125497
2016-04-01,32.6099,125497
2016-04-04,33.112,125497
2016-04-05,32.9295,125497
2016-04-06,33.2317,125497
2016-04-07,33.0194,125497
2016-04-08,33.065,125497
2016-04-11,33.3875,125497
2016-04-12,33.512,125497
2016-04-13,33.7693,125497
2016-04-18,34.1922,125497
2016-04-20,34.2725,125497
2016-04-21,34.1677,125497
2016-04-22,34.001,125497
2016-04-25,33.9629,125497
2016-04-26,34.1453,125497
2016-04-27,34.3437,125497
2016-04-28,34.1016,125497
2016-04-29,34.1348,125497
2016-05-02,34.0495,125497
2016-05-03,34.0306,125497
2016-05-04,33.7226,125497
2016-05-05,33.9939,125497
2016-05-06,33.8769,125497
2016-05-09,34.0572,125497
2016-05-10,33.8602,125497
2016-05-11,33.9502,125497
2016-05-12,34.334,125497
2016-05-13,34.2819,125497
2016-05-16,34.214,125497
2016-05-17,34.2682,125497
2016-05-18,34.3194,125497
2016-05-19,33.8355,125497
2016-05-20,33.6161,125497
2016-05-23,33.6583,125497
2016-05-24,33.416,125497
2016-05-25,33.6057,125497
2016-05-26,33.5544,125497
2016-05-27,33.7237,125497
2016-05-30,33.8423,125497
2016-05-31,33.7683,125497
2016-06-01,33.793,125497
2016-06-02,33.9535,125497
2016-06-03,33.8652,125497
2016-06-06,34.0559,125497
2016-06-07,34.4547,125497
2016-06-08,34.5334,125497
2016-06-09,34.2408,125497
2016-06-10,34.345,125497
2016-06-13,34.1257,125497
2016-06-14,34.0845,125497
2016-06-15,34.3849,125497
2016-06-16,34.26,125497
2016-06-17,34.405,125497
2016-06-20,34.2823,125497
2016-06-21,34.2368,125497
2016-06-22,34.2584,125497
2016-06-23,34.2001,125497
2016-06-24,33.9007,125497
2016-06-27,34.2331,125497
2016-06-28,34.5703,125497
2016-06-29,35.1004,125497
2016-06-30,35.2551,125497
2016-07-01,35.3909,125497
2016-07-04,35.5248,125497
2016-07-05,35.5532,125497
2016-07-07,35.6973,125497
2016-07-08,35.747,125497
2016-07-11,35.8859,125497
2016-07-12,35.7695,125497
2016-07-13,35.8112,125497
2016-07-14,36.3687,125497
2016-07-15,36.3821,125497
2016-07-18,36.3078,125497
2016-07-19,36.1272,125497
2016-07-20,36.5005,125497
2016-07-21,36.5193,125497
2016-07-22,36.6433,125497
2016-07-25,36.9769,125497
2016-07-26,36.7347,125497
2016-07-27,36.4712,125497
2016-07-28,36.7219,125497
2016-07-29,36.8836,125497
2016-08-01,36.5024,125497
2016-08-02,36.3876,125497
2016-08-03,35.9656,125497
2016-08-04,36.1689,125497
2016-08-05,36.4669,125497
2016-08-08,36.5398,125497
2016-08-09,36.3094,125497
2016-08-10,35.939,125497
2016-08-11,35.9288,125497
2016-08-12,36.0147,125497
2016-08-16,35.9908,125497
2016-08-17,36.3047,125497
2016-08-18,36.6979,125497
2016-08-19,36.761,125497
2016-08-22,36.7581,125497
2016-08-23,36.8134,125497
2016-08-24,37.0685,125497
2016-08-25,37.1465,125497
2016-08-26,37.145,125497
2016-08-29,37.3338,125497
2016-08-30,37.8232,125497
2016-08-31,37.9673,125497
2016-09-01,37.547,125497
2016-09-02,37.7261,125497
2016-09-06,37.9713,125497
2016-09-07,37.7765,125497
2016-09-08,38.0072,125497
2016-09-09,37.8889,125497
2016-09-12,37.1323,125497
2016-09-14,37.4695,125497
2016-09-15,37.5655,125497
2016-09-16,37.5474,125497
2016-09-19,37.7317,125497
2016-09-20,37.8995,125497
2016-09-21,37.8895,125497
2016-09-22,38.4994,125497
2016-09-23,38.6335,125497
2016-09-26,38.5512,125497
2016-09-27,38.6536,125497
2016-09-28,38.8645,125497
2016-09-29,37.6457,125497
2016-09-30,38.6634,125497
2016-10-03,39.4262,125497
2016-10-04,39.6324,125497
2016-10-05,39.9987,125497
2016-10-06,39.8451,125497
2016-10-07,40.2223,125497
2016-10-10,40.4711,125497
2016-10-13,39.7037,125497
2016-10-14,39.9726,125497
2016-10-17,39.6723,125497
2016-10-18,40.0062,125497
2016-10-19,40.2299,125497
2016-10-20,40.2785,125497
2016-10-21,40.0949,125497
2016-10-24,40.4993,125497
2016-10-25,40.6786,125497
2016-10-26,40.5044,125497
2016-10-27,40.588,125497
2016-10-28,41.0564,125497
2016-11-01,41.6575,125497
2016-11-02,41.034,125497
2016-11-03,40.5851,125497
2016-11-04,39.8044,125497
2016-11-07,40.3143,125497
2016-11-08,40.2973,125497
2016-11-09,39.7184,125497
2016-11-10,40.372,125497
2016-11-11,39.2286,125497
2016-11-15,37.2816,125497
2016-11-16,37.2673,125497
2016-11-17,37.079,125497
2016-11-18,37.4444,125497
2016-11-21,36.0161,125497
2016-11-22,36.3454,125497
2016-11-23,36.6964,125497
2016-11-24,36.8274,125497
2016-11-25,37.3075,125497
2016-11-28,37.784,125497
2016-11-29,37.9466,125497
2016-11-30,38.2132,125497
2016-12-01,38.1715,125497
2016-12-02,37.6241,125497
2016-12-05,37.5993,125497
2016-12-06,37.4778,125497
2016-12-07,37.3837,125497
2016-12-08,37.6893,125497
2016-12-09,37.7144,125497
2016-12-12,37.4765,125497
2016-12-13,37.6478,125497
2016-12-14,37.2921,125497
2016-12-15,37.1506,125497
2016-12-16,37.1271,125497
2016-12-19,36.945,125497
2016-12-20,36.545,125497
2016-12-21,36.5384,125497
2016-12-22,36.1526,125497
2016-12-23,36.2255,125497
2016-12-26,35.6034,125497
2016-12-27,35.8987,125497
2016-12-28,36.0955,125497
2016-12-29,36.3282,125497
2016-12-30,36.6631,125497
2017-01-02,36.945,125497
2017-01-03,37.2804,125497
2017-01-04,37.3559,125497
2017-01-05,37.6091,125497
2017-01-06,37.6588,125497
2017-01-09,37.8471,125497
2017-01-10,38.0179,125497
2017-01-11,38.2558,125497
2017-01-12,38.1337,125497
2017-01-13,38.1845,125497
2017-01-16,38.3745,125497
2017-01-17,38.5511,125497
2017-01-18,38.8508,125497
2017-01-19,38.9791,125497
2017-01-20,38.6106,125497
2017-01-23,38.7686,125497
2017-01-24,39.1981,125497
2017-01-25,39.3139,125497
2017-01-27,39.5765,125497
2017-01-30,39.3144,125497
2017-01-31,39.1862,125497
2017-02-01,39.5325,125497
2017-02-02,39.6138,125497
2017-02-03,40.3205,125497
2017-02-06,40.7207,125497
2017-02-07,40.9243,125497
2017-02-08,40.9586,125497
2017-02-09,40.9909,125497
2017-02-10,41.2994,125497
2017-02-13,41.2657,125497
2017-02-14,41.0917,125497
2017-02-15,40.3628,125497
2017-02-16,40.8238,125497
2017-02-17,40.8373,125497
2017-02-20,41.1251,125497
2017-02-21,41.2254,125497
2017-02-22,40.9946,125497
2017-02-23,41.03,125497
2017-02-27,40.7685,125497
2017-02-28,40.9008,125497
2017-03-01,41.2422,125497
2017-03-02,40.7713,125497
2017-03-03,40.9417,125497
2017-03-06,40.9656,125497
2017-03-07,41.0703,125497
2017-03-08,41.0006,125497
2017-03-09,41.0732,125497
2017-03-10,40.9816,125497
2017-03-14,41.304,125497
2017-03-15,41.3027,125497
2017-03-16,41.8189,125497
2017-03-17,41.9777,125497
2017-03-20,42.24,125497
2017-03-21,42.1456,125497
2017-03-22,42.0026,125497
2017-03-23,42.1719,125497
2017-03-24,42.2284,125497
2017-03-27,42.2659,125497
2017-03-28,42.3497,125497
2017-03-29,42.3573,125497
2017-03-30,42.691,125497
2017-03-31,42.7884,125497
2017-04-03,43.2863,125497
2017-04-05,44.5942,125497
2017-04-06,44.6978,125497
2017-04-07,44.3425,125497
2017-04-10,44.7075,125497
2017-04-11,45.0113,125497
2017-04-12,44.8462,125497
2017-04-13,44.78,125497
2017-04-17,44.9619,125497
2017-04-18,44.5612,125497
2017-04-19,44.6032,125497
2017-04-20,45.0012,125497
2017-04-21,44.9958,125497
2017-04-24,45.2712,125497
2017-04-25,45.2974,125497
2017-04-26,44.6934,125497
2017-04-27,44.964,125497
2017-04-28,44.9968,125497
2017-05-02,44.8776,125497
2017-05-03,44.8741,125497
2017-05-04,45.0697,125497
2017-05-05,44.9503,125497
2017-05-08,45.2513,125497
2017-05-09,45.4696,125497
2017-05-10,45.8331,125497
2017-05-11,45.5728,125497
2017-05-12,45.1186,125497
2017-05-15,45.6024,125497
2017-05-16,45.686,125497
2017-05-17,45.8048,125497
2017-05-18,45.5892,125497
2017-05-19,45.2431,125497
2017-05-22,44.866,125497
2017-05-23,44.0249,125497
2017-05-24,43.3484,125497
2017-05-25,44.2257,125497
2017-05-26,44.8599,125497
2017-05-29,44.4295,125497
2017-05-30,44.2141,125497
2017-05-31,44.5677,125497
2017-06-01,44.592,125497
2017-06-02,44.8693,125497
2017-06-05,45.12,125497
2017-06-06,44.8932,125497
2017-06-07,45.2229,125497
2017-06-08,45.3666,125497
2017-06-09,45.3998,125497
2017-06-12,45.6426,125497
2017-06-13,45.76,125497
2017-06-14,45.7899,125497
2017-06-15,46.1215,125497
2017-06-16,46.2799,125497
2017-06-19,46.4924,125497
2017-06-20,46.6247,125497
2017-06-21,46.8016,125497
2017-06-22,46.9542,125497
2017-06-23,46.4126,125497
2017-06-27,46.0949,125497
2017-06-28,45.7199,125497
2017-06-29,46.1769,125497
2017-06-30,46.3484,125497
2017-07-03,47.0864,125497
2017-07-04,47.3041,125497
2017-07-05,47.6057,125497
2017-07-06,47.6048,125497
2017-07-07,47.6689,125497
2017-07-10,47.7571,125497
2017-07-11,47.8999,125497
2017-07-12,47.981,125497
2017-07-13,48.2403,125497
2017-07-14,47.7904,125497
2017-07-17,47.97,125497
2017-07-18,47.9429,125497
2017-07-19,48.2322,125497
2017-07-20,48.4308,125497
2017-07-21,48.2629,125497
2017-07-24,48.2489,125497
2017-07-25,48.2663,125497
2017-07-26,48.4663,125497
2017-07-27,48.1589,125497
2017-07-28,48.5811,125497
2017-07-31,48.6537,125497
2017-08-01,48.8185,125497
2017-08-02,48.434,125497
2017-08-03,48.0355,125497
2017-08-04,48.1507,125497
2017-08-07,48.5716,125497
2017-08-08,48.14,125497
2017-08-09,47.6533,125497
2017-08-10,46.6004,125497
2017-08-11,46.9331,125497
2017-08-14,47.737,125497
2017-08-16,48.3225,125497
2017-08-17,48.7034,125497
2017-08-18,48.3833,125497
2017-08-21,47.7179,125497
2017-08-22,47.9154,125497
2017-08-23,48.1917,125497
2017-08-24,48.248,125497
2017-08-28,48.5392,125497
2017-08-29,48.1384,125497
2017-08-30,48.4861,125497
2017-08-31,49.1482,125497
2017-09-01,49.6448,125497
2017-09-04,49.5888,125497
2017-09-05,50.0883,125497
2017-09-06,50.2949,125497
2017-09-07,50.479,125497
2017-09-08,50.5481,125497
2017-09-11,50.7696,125497
2017-09-12,51.0852,125497
2017-09-13,50.6965,125497
2017-09-14,51.3182,125497
2017-09-15,51.7518,125497
2017-09-18,52.3804,125497
2017-09-19,52.9686,125497
2017-09-20,53.3602,125497
2017-09-21,53.3041,125497
2017-09-22,51.5995,125497
2017-09-25,51.0501,125497
2017-09-26,51.6784,125497
2017-09-27,50.832,125497
2017-09-28,51.2362,125497
2017-09-29,51.961,125497
2017-10-03,52.3213,125497
2017-10-04,53.2395,125497
2017-10-05,53.4476,125497
2017-10-06,53.8125,125497
2017-10-09,53.9716,125497
2017-10-10,54.358,125497
2017-10-11,53.678,125497
2017-10-12,53.9971,125497
2017-10-13,54.1717,125497
2017-10-16,54.2114,125497
2017-10-17,54.5388,125497
2017-10-18,54.4244,125497
2017-10-23,54.3424,125497
2017-10-24,54.5146,125497
2017-10-25,53.9848,125497
2017-10-26,54.1288,125497
2017-10-27,54.5232,125497
2017-10-30,55.0944,125497
2017-10-31,55.4171,125497
2017-11-01,55.8753,125497
2017-11-02,56.6875,125497
2017-11-03,57.5792,125497
2017-11-06,57.8698,125497
2017-11-07,57.5758,125497
2017-11-08,57.2373,125497
2017-11-09,58.0804,125497
2017-11-10,57.7898,125497
2017-11-13,57.8186,125497
2017-11-14,57.9063,125497
2017-11-15,57.2689,125497
2017-11-16,58.0829,125497
2017-11-17,58.6486,125497
2017-11-20,59.2067,125497
2017-11-21,59.6667,125497
2017-11-22,60.0691,125497
2017-11-23,60.5408,125497
2017-11-24,61.0875,125497
2017-11-27,61.2762,125497
2017-11-28,61.8321,125497
2017-11-29,61.933,125497
2017-11-30,61.9529,125497
2017-12-01,61.4989,125497
2017-12-04,61.3177,125497
2017-12-05,61.5105,125497
2017-12-06,61.4633,125497
2017-12-07,61.9916,125497
2017-12-08,62.8436,125497
2017-12-11,63.6318,125497
2017-12-12,63.3879,125497
2017-12-13,62.8065,125497
2017-12-14,62.7841,125497
2017-12-15,63.3238,125497
2017-12-18,63.8694,125497
2017-12-19,65.2296,125497
2017-12-20,65.8782,125497
2017-12-21,66.4699,125497
2017-12-22,66.208,125497
2017-12-26,66.0961,125497
2017-12-27,66.0456,125497
2017-12-28,66.3183,125497
2017-12-29,66.1565,125497
2018-01-01,66.1953,125497
2018-01-02,65.5915,125497
2018-01-03,67.0627,125497
2018-01-04,67.8023,125497
2018-01-05,68.8684,125497
2018-01-08,69.0661,125497
2018-01-09,68.6975,125497
2018-01-10,68.6873,125497
2018-01-11,68.7927,125497
2018-01-12,68.8466,125497
2018-01-15,69.0392,125497
2018-01-16,67.6438,125497
2018-01-17,67.8071,125497
2018-01-18,66.4689,125497
2018-01-19,67.0254,125497
2018-01-22,67.6775,125497
2018-01-23,67.2381,125497
2018-01-24,66.4519,125497
2018-01-25,65.9743,125497
2018-01-29,65.4636,125497
2018-01-30,65.2116,125497
2018-01-31,64.872,125497
2018-02-01,64.6604,125497
2018-02-02,62.5129,125497
2018-02-05,62.5391,125497
2018-02-06,61.0687,125497
2018-02-07,62.36,125497
2018-02-08,63.7076,125497
2018-02-09,63.9351,125497
2018-02-12,64.4738,125497
2018-02-14,64.5707,125497
2018-02-15,63.6826,125497
2018-02-16,62.6723,125497
2018-02-19,61.7037,125497
2018-02-20,61.855,125497
2018-02-21,61.8416,125497
2018-02-22,61.7289,125497
2018-02-23,62.211,125497
2018-02-26,62.7988,125497
2018-02-27,62.4806,125497
2018-02-28,62.2774,125497
2018-03-01,62.2116,125497
2018-03-05,61.4179,125497
2018-03-06,60.7648,125497
2018-03-07,59.7924,125497
2018-03-08,59.6107,125497
2018-03-09,59.6427,125497
2018-03-12,59.9923,125497
2018-03-13,60.5853,125497
2018-03-14,60.3817,125497
2018-03-15,60.6964,125497
2018-03-16,60.1759,125497
2018-03-19,59.1931,125497
2018-03-20,59.0942,125497
2018-03-21,59.2581,125497
2018-03-22,58.3845,125497
2018-03-23,57.8792,125497
2018-03-26,58.3483,125497
2018-03-27,58.7848,125497
2018-03-28,58.0969,125497
2018-04-02,59.6897,125497
2018-04-03,60.3663,125497
2018-04-04,59.8079,125497
2018-04-05,60.5934,125497
2018-04-06,61.0985,125497
2018-04-09,61.559,125497
2018-04-10,61.7781,125497
2018-04-11,61.6102,125497
2018-04-12,61.7648,125497
2018-04-13,61.5831,125497
2018-04-16,61.9447,125497
2018-04-17,61.8273,125497
2018-04-18,61.6812,125497
2018-04-19,62.0316,125497
2018-04-20,62.0067,125497
2018-04-23,62.337,125497
2018-04-24,62.5241,125497
2018-04-25,62.5142,125497
2018-04-26,63.2641,125497
2018-04-27,63.0954,125497
2018-04-30,62.9323,125497
2018-05-02,62.4199,125497
2018-05-03,61.9566,125497
2018-05-04,61.5548,125497
2018-05-07,62.362,125497
2018-05-08,62.3405,125497
2018-05-09,62.7255,125497
2018-05-10,62.18,125497
2018-05-11,62.0221,125497
2018-05-14,61.1396,125497
2018-05-15,61.1301,125497
2018-05-16,60.6782,125497
2018-05-17,61.0749,125497
2018-05-18,60.8312,125497
2018-05-21,59.7326,125497
2018-05-22,59.7925,125497
2018-05-23,59.3398,125497
2018-05-24,59.2931,125497
2018-05-25,59.255,125497
2018-05-28,59.7938,125497
2018-05-29,59.4956,125497
2018-05-30,59.6359,125497
2018-05-31,58.995,125497
2018-06-01,57.8765,125497
2018-06-04,56.5065,125497
2018-06-05,55.1442,125497
2018-06-06,55.91,125497
2018-06-07,57.0031,125497
2018-06-08,57.0448,125497
2018-06-11,57.3946,125497
2018-06-12,57.4404,125497
2018-06-13,57.2522,125497
2018-06-14,57.4387,125497
2018-06-15,57.0672,125497
2018-06-18,56.868,125497
2018-06-19,56.0586,125497
2018-06-20,55.9644,125497
2018-06-21,55.5814,125497
2018-06-22,55.5548,125497
2018-06-25,55.0055,125497
2018-06-26,54.6316,125497
2018-06-27,53.7015,125497
2018-06-28,53.2372,125497
2018-06-29,54.0638,125497
2018-07-02,53.9029,125497
2018-07-03,53.973,125497
2018-07-04,54.162,125497
2018-07-05,53.9747,125497
2018-07-06,54.1996,125497
2018-07-09,54.8668,125497
2018-07-10,54.9768,125497
2018-07-11,55.0134,125497
2018-07-12,54.9257,125497
2018-07-13,54.7351,125497
2018-07-16,53.8182,125497
2018-07-17,53.9208,125497
2018-07-18,53.3584,125497
2018-07-19,53.0648,125497
2018-07-20,53.1279,125497
2018-07-23,53.4957,125497
2018-07-24,54.2935,125497
2018-07-25,54.3981,125497
2018-07-26,54.6171,125497
2018-07-27,55.8532,125497
2018-07-30,56.2737,125497
2018-07-31,56.6181,125497
2018-08-01,57.0216,125497
2018-08-02,57.2162,125497
2018-08-03,57.7594,125497
2018-08-06,58.7914,125497
2018-08-07,58.9834,125497
2018-08-08,59.0029,125497
2018-08-09,58.7543,125497
2018-08-10,58.6551,125497
2018-08-13,58.2451,125497
2018-08-14,58.0781,125497
2018-08-16,58.388,125497
2018-08-17,58.7555,125497
2018-08-20,58.7597,125497
2018-08-21,58.8857,125497
2018-08-23,59.031,125497
2018-08-24,58.8617,125497
2018-08-27,59.3442,125497
2018-08-28,59.5545,125497
2018-08-29,59.4907,125497
2018-08-30,59.5719,125497
2018-08-31,60.1287,125497
2018-09-03,59.8974,125497
2018-09-04,58.889,125497
2018-09-05,58.6949,125497
2018-09-06,59.2383,125497
2018-09-07,59.3814,125497
2018-09-10,58.943,125497
2018-09-11,58.317,125497
2018-09-12,58.2059,125497
2018-09-14,58.7983,125497
2018-09-17,58.5504,125497
2018-09-18,58.0036,125497
2018-09-19,57.5821,125497
2018-09-21,56.4467,125497
2018-09-24,55.2821,125497
2018-09-25,54.8274,125497
2018-09-26,55.1202,125497
2018-09-27,54.4466,125497
2018-09-28,53.3171,125497
2018-10-01,52.883,125497
2018-10-03,52.9192,125497
2018-10-04,51.9575,125497
2018-10-05,51.0967,125497
2018-10-08,50.3191,125497
2018-10-09,49.9984,125497
2018-10-10,51.6901,125497
2018-10-11,51.0028,125497
2018-10-12,51.7944,125497
2018-10-15,52.1697,125497
2018-10-16,52.7174,125497
2018-10-17,51.9801,125497
2018-10-19,51.425,125497
2018-10-22,50.7772,125497
2018-10-23,50.1667,125497
2018-10-24,50.3952,125497
2018-10-25,50.251,125497
2018-10-26,50.3325,125497
2018-10-29,50.9297,125497
2018-10-30,51.4475,125497
2018-10-31,51.8851,125497
2018-11-01,52.0587,125497
2018-11-02,52.5668,125497
2018-11-05,52.4327,125497
2018-11-06,52.3747,125497
2018-11-09,53.0344,125497
2018-11-12,52.6627,125497
2018-11-13,52.6014,125497
2018-11-14,52.847,125497
2018-11-15,52.6406,125497
2018-11-16,52.5647,125497
2018-11-19,53.029,125497
2018-11-20,52.7118,125497
2018-11-21,52.6805,125497
2018-11-22,52.5867,125497
2018-11-26,52.3692,125497
2018-11-27,52.3787,125497
2018-11-28,52.4448,125497
2018-11-29,52.4969,125497
2018-11-30,52.7422,125497
2018-12-03,52.7747,125497
2018-12-04,52.9458,125497
2018-12-05,52.5267,125497
2018-12-06,51.9051,125497
2018-12-07,52.0078,125497
2018-12-10,51.301,125497
2018-12-11,51.6933,125497
2018-12-12,52.6722,125497
2018-12-13,53.0474,125497
2018-12-14,53.0898,125497
2018-12-17,53.2949,125497
2018-12-18,53.4937,125497
2018-12-19,54.0589,125497
2018-12-20,54.1591,125497
2018-12-21,53.5026,125497
2018-12-24,52.8045,125497
2018-12-26,52.817,125497
2018-12-27,53.0365,125497
2018-12-28,53.5178,125497
2018-12-31,53.8265,125497
2019-01-01,53.818,125497
2019-01-02,53.7148,125497
2019-01-03,53.5067,125497
2019-01-04,53.3289,125497
2019-01-07,53.4187,125497
2019-01-08,53.2516,125497
2019-01-09,53.2998,125497
2019-01-10,53.2423,125497
2019-01-11,53.1862,125497
2019-01-14,53.1547,125497
2019-01-15,53.2756,125497
2019-01-16,53.2055,125497
2019-01-17,53.1674,125497
2019-01-18,53.071,125497
2019-01-21,52.858,125497
2019-01-22,52.5351,125497
2019-01-23,52.2713,125497
2019-01-24,52.2905,125497
2019-01-25,51.8002,125497
2019-01-28,51.0862,125497
2019-01-29,51.0547,125497
2019-01-30,51.0055,125497
2019-01-31,51.3507,125497
2019-02-01,51.2972,125497
2019-02-04,51.0358,125497
2019-02-05,50.7151,125497
2019-02-06,50.5395,125497
2019-02-07,50.8924,125497
2019-02-08,50.5532,125497
2019-02-11,50.1417,125497
2019-02-12,49.9865,125497
2019-02-13,49.9159,125497
2019-02-14,50.0246,125497
2019-02-15,49.8363,125497
2019-02-18,49.7231,125497
2019-02-19,50.1932,125497
2019-02-20,50.5134,125497
2019-02-21,50.8863,125497
2019-02-22,51.1164,125497
2019-02-25,51.1544,125497
2019-02-26,50.9392,125497
2019-02-27,50.6695,125497
2019-02-28,50.7717,125497
2019-03-01,51.4418,125497
2019-03-05,52.7007,125497
2019-03-06,53.2436,125497
2019-03-07,53.7052,125497
2019-03-08,53.9401,125497
2019-03-11,54.7406,125497
2019-03-12,55.2773,125497
2019-03-13,55.1959,125497
2019-03-14,55.0181,125497
2019-03-15,54.8323,125497
2019-03-18,54.8356,125497
2019-03-19,55.1238,125497
2019-03-20,54.7637,125497
2019-03-22,54.6498,125497
2019-03-25,54.0256,125497
2019-03-26,54.4065,125497
2019-03-27,54.46,125497
2019-03-28,54.7581,125497
2019-03-29,55.663,125497
2019-04-01,56.1772,125497
2019-04-02,56.0011,125497
2019-04-03,55.6601,125497
2019-04-04,55.6447,125497
2019-04-05,56.0191,125497
2019-04-08,55.8828,125497
2019-04-09,55.6612,125497
2019-04-10,55.6388,125497
2019-04-11,55.7987,125497
2019-04-12,55.9226,125497
2019-04-15,56.1536,125497
2019-04-16,56.1267,125497
2019-04-18,55.7232,125497
2019-04-22,54.9458,125497
2019-04-23,55.0555,125497
2019-04-24,55.2723,125497
2019-04-25,55.3592,125497
2019-04-26,55.3187,125497
2019-04-30,55.083,125497
2019-05-02,55.0024,125497
2019-05-03,54.897,125497
2019-05-06,54.4976,125497
2019-05-07,54.3424,125497
2019-05-08,53.8583,125497
2019-05-09,53.7084,125497
2019-05-10,53.706,125497
2019-05-13,52.8389,125497
2019-05-14,53.1004,125497
2019-05-15,53.0303,125497
2019-05-16,52.9338,125497
2019-05-17,53.073,125497
2019-05-20,54.4867,125497
2019-05-21,54.0838,125497
2019-05-22,54.0958,125497
2019-05-23,53.9873,125497
2019-05-24,54.9948,125497
2019-05-27,55.9036,125497
2019-05-28,56.5415,125497
2019-05-29,56.3573,125497
2019-05-30,56.1882,125497
2019-05-31,56.4804,125497
2019-06-03,56.7417,125497
2019-06-04,56.7067,125497
2019-06-06,56.1253,125497
2019-06-07,56.094,125497
2019-06-10,55.7431,125497
2019-06-11,55.677,125497
2019-06-12,55.6663,125497
2019-06-13,55.3583,125497
2019-06-14,55.2265,125497
2019-06-17,54.651,125497
2019-06-18,54.3588,125497
2019-06-19,54.0946,125497
2019-06-20,54.4507,125497
2019-06-21,54.4826,125497
2019-06-24,54.1894,125497
2019-06-25,54.4957,125497
2019-06-26,54.9657,125497
2019-06-27,55.097,125497
2019-06-28,55.224,125497
2019-07-01,55.3031,125497
2019-07-02,55.456,125497
2019-07-03,55.3738,125497
2019-07-04,55.4699,125497
2019-07-05,54.8561,125497
2019-07-08,54.1644,125497
2019-07-09,54.0836,125497
2019-07-10,53.8443,125497
2019-07-11,54.0984,125497
2019-07-12,54.2785,125497
2019-07-15,54.1461,125497
2019-07-16,54.0856,125497
2019-07-17,54.319,125497
2019-07-18,54.0147,125497
2019-07-19,53.4029,125497
2019-07-22,53.024,125497
2019-07-23,53.155,125497
2019-07-24,52.7374,125497
2019-07-25,52.5207,125497
2019-07-26,52.5686,125497
2019-07-29,52.1616,125497
2019-07-30,51.466,125497
2019-07-31,51.9017,125497
2019-08-01,51.3082,125497
2019-08-02,51.0349,125497
2019-08-05,50.5861,125497
2019-08-06,51.0319,125497
2019-08-07,51.1681,125497
2019-08-08,51.2595,125497
2019-08-09,51.6177,125497
2019-08-13,51.0979,125497
2019-08-14,51.7299,125497
2019-08-16,52.0211,125497
2019-08-19,51.9983,125497
2019-08-20,51.9247,125497
2019-08-21,51.522,125497
2019-08-22,51.038,125497
2019-08-23,51.3091,125497
2019-08-26,52.0341,125497
2019-08-27,52.5731,125497
2019-08-28,52.4938,125497
2019-08-29,52.0987,125497
2019-08-30,52.3752,125497
2019-09-03,51.9742,125497
2019-09-04,52.1216,125497
2019-09-05,52.2783,125497
2019-09-06,52.6455,125497
2019-09-09,52.9366,125497
2019-09-11,53.7478,125497
2019-09-12,53.6476,125497
2019-09-13,53.6012,125497
2019-09-16,53.814,125497
2019-09-17,53.1853,125497
2019-09-18,53.1334,125497
2019-09-19,52.7845,125497
2019-09-20,54.447,125497
2019-09-23,56.3502,125497
2019-09-24,56.4498,125497
2019-09-25,55.9413,125497
2019-09-26,56.3859,125497
2019-09-27,56.3843,125497
2019-09-30,56.147,125497
2019-10-01,55.6556,125497
2019-10-03,55.399,125497
2019-10-04,54.9464,125497
2019-10-07,54.8053,125497
2019-10-09,55.0566,125497
2019-10-10,54.7665,125497
2019-10-11,54.8222,125497
2019-10-14,54.9658,125497
2019-10-15,55.0504,125497
2019-10-16,54.9299,125497
2019-10-17,55.2661,125497
2019-10-18,56.3596,125497
2019-10-22,56.3394,125497
2019-10-23,56.394,125497
2019-10-24,56.4878,125497
2019-10-25,56.3768,125497
2019-10-29,57.0785,125497
2019-10-30,57.1831,125497
2019-10-31,57.6615,125497
2019-11-01,57.9809,125497
2019-11-04,58.5157,125497
2019-11-05,58.0708,125497
2019-11-06,57.7536,125497
2019-11-07,57.9074,125497
2019-11-08,57.4537,125497
2019-11-11,57.692,125497
2019-11-13,57.9023,125497
2019-11-14,57.8273,125497
2019-11-15,57.71,125497
2019-11-18,57.7894,125497
2019-11-19,57.8266,125497
2019-11-20,57.8357,125497
2019-11-21,58.0232,125497
2019-11-22,58.0555,125497
2019-11-25,58.2373,125497
2019-11-26,57.9258,125497
2019-11-27,57.825,125497
2019-11-28,57.7441,125497
2019-11-29,57.9839,125497
2019-12-02,58.0533,125497
2019-12-03,57.9542,125497
2019-12-04,58.3397,125497
2019-12-05,58.2459,125497
2019-12-06,57.6323,125497
2019-12-09,57.3044,125497
2019-12-10,56.8176,125497
2019-12-11,56.6208,125497
2019-12-12,56.7141,125497
2019-12-13,57.2957,125497
2019-12-16,56.9909,125497
2019-12-17,57.3155,125497
2019-12-18,57.1274,125497
2019-12-19,57.3051,125497
2019-12-20,57.6649,125497
2019-12-23,57.5756,125497
2019-12-24,57.4196,125497
2019-12-26,57.4846,125497
2019-12-27,57.7682,125497
2019-12-30,57.7981,125497
2019-12-31,57.8093,125497
2020-01-01,57.886,125497
2020-01-02,58.3988,125497
2020-01-03,58.6872,125497
2020-01-06,57.7329,125497
2020-01-07,58.2107,125497
2020-01-08,57.9868,125497
2020-01-09,58.6407,125497
2020-01-10,58.9076,125497
2020-01-13,59.1726,125497
2020-01-14,59.2895,125497
2020-01-15,59.6795,125497
2020-01-16,60.2189,125497
2020-01-17,60.8952,125497
2020-01-20,60.9709,125497
2020-01-21,60.7275,125497
2020-01-22,60.8469,125497
2020-01-23,61.1488,125497
2020-01-24,61.8393,125497
2020-01-27,61.9656,125497
2020-01-28,62.0886,125497
2020-01-29,62.1324,125497
2020-01-30,61.8134,125497
2020-01-31,61.7543,125497
2020-02-03,60.8872,125497
2020-02-04,61.7883,125497
2020-02-05,62.0606,125497
2020-02-06,62.089,125497
2020-02-07,62.3167,125497
2020-02-10,61.9086,125497
2020-02-11,62.1921,125497
2020-02-12,62.2058,125497
2020-02-13,62.2181,125497
2020-02-14,62.2419,125497
2020-02-17,62.0469,125497
2020-02-18,61.5595,125497
2020-02-19,62.26,125497
2020-02-20,62.3727,125497
2020-02-24,61.7942,125497
2020-02-25,61.6015,125497
2020-02-26,61.1649,125497
2020-02-27,61.0899,125497
2020-02-28,59.45,125497
2020-03-02,59.4357,125497
2020-03-03,59.7023,125497
2020-03-04,58.8308,125497
2020-03-05,59.2727,125497
2020-03-06,58.5236,125497
2020-03-09,56.7701,125497
2020-03-11,56.6672,125497
2020-03-12,53.1617,125497
2020-03-13,53.1576,125497
2020-03-16,50.8999,125497
2020-03-17,49.9371,125497
2020-03-18,47.0783,125497
2020-03-19,45.2642,125497
2020-03-20,45.7468,125497
2020-03-23,41.311,125497
2020-03-24,41.26,125497
2020-03-25,42.2905,125497
2020-03-26,43.7048,125497
2020-03-27,44.2552,125497
2020-03-30,43.1613,125497
2020-03-31,44.2998,125497
2020-04-01,43.7773,125497
2020-04-03,43.6981,125497
2020-04-07,45.121,125497
2020-04-08,45.7678,125497
2020-04-09,46.7891,125497
2020-04-13,46.3737,125497
2020-04-15,46.6621,125497
2020-04-16,47.0044,125497
2020-04-17,47.9462,125497
2020-04-20,48.8951,125497
2020-04-21,47.7874,125497
2020-04-22,48.307,125497
2020-04-23,48.6464,125497
2020-04-24,47.8799,125497
2020-04-27,48.0846,125497
2020-04-28,48.4286,125497
2020-04-29,48.915,125497
2020-04-30,49.4021,125497
2020-05-04,48.0018,125497
2020-05-05,47.5152,125497
2020-05-06,47.5508,125497
2020-05-07,47.4015,125497
2020-05-08,47.0197,125497
2020-05-11,46.9345,125497
2020-05-12,46.6427,125497
2020-05-13,47.5349,125497
2020-05-14,46.8328,125497
2020-05-15,46.9331,125497
2020-05-18,45.8781,125497
2020-05-19,45.725,125497
2020-05-20,46.2563,125497
2020-05-21,46.5947,125497
2020-05-22,46.2132,125497
2020-05-26,46.4193,125497
2020-05-27,46.5354,125497
2020-05-28,47.1434,125497
2020-05-29,47.8748,125497
2020-06-01,49.3635,125497
2020-06-02,50.232,125497
2020-06-03,50.9722,125497
2020-06-04,50.798,125497
2020-06-05,51.3008,125497
2020-06-08,51.7451,125497
2020-06-09,51.1714,125497
2020-06-10,51.4119,125497
2020-06-11,50.6426,125497
2020-06-12,50.8648,125497
2020-06-15,51.0041,125497
2020-06-16,50.7675,125497
2020-06-17,50.9734,125497
2020-06-18,51.5685,125497
2020-06-19,52.3501,125497
2020-06-22,53.2647,125497
2020-06-23,53.6129,125497
2020-06-24,53.2495,125497
2020-06-25,53.1915,125497
2020-06-26,53.4577,125497
2020-06-29,52.9446,125497
2020-06-30,52.8219,125497
2020-07-01,53.0526,125497
2020-07-02,53.4633,125497
2020-07-03,53.9367,125497
2020-07-06,54.7915,125497
2020-07-07,54.932,125497
2020-07-08,54.5073,125497
2020-07-09,54.9956,125497
2020-07-10,54.9376,125497
2020-07-13,54.5398,125497
2020-07-14,54.2574,125497
2020-07-15,54.4579,125497
2020-07-16,54.2633,125497
2020-07-17,54.546,125497
2020-07-20,54.9045,125497
2020-07-21,55.4238,125497
2020-07-22,55.5652,125497
2020-07-23,55.9901,125497
2020-07-24,56.1087,125497
2020-07-27,55.5097,125497
2020-07-28,55.2362,125497
2020-07-29,55.1299,125497
2020-07-30,55.0194,125497
2020-07-31,55.3008,125497
2020-08-03,56.0147,125497
2020-08-04,56.5565,125497
2020-08-05,57.0065,125497
2020-08-06,57.6979,125497
2020-08-07,57.9724,125497
2020-08-10,58.7216,125497
2020-08-11,58.9922,125497
2020-08-12,59.2859,125497
2020-08-13,60.7092,125497
2020-08-14,60.8519,125497
2020-08-17,61.0084,125497
2020-08-18,61.5686,125497
2020-08-19,61.7767,125497
2020-08-20,62.3087,125497
2020-08-21,63.2056,125497
2020-08-24,64.2166,125497
2020-08-25,64.2012,125497
2020-08-26,64.6439,125497
2020-08-27,65.0304,125497
2020-08-28,65.0345,125497
2020-08-31,62.3588,125497
2020-09-01,62.3265,125497
2020-09-02,63.5433,125497
2020-09-03,63.6277,125497
2020-09-04,63.0449,125497
2020-09-07,63.1455,125497
2020-09-08,62.6925,125497
2020-09-09,61.9976,125497
2020-09-10,62.9838,125497
2020-09-11,62.9364,125497
2020-09-14,65.8331,125497
2020-09-15,66.5188,125497
2020-09-16,66.7009,125497
2020-09-17,66.2742,125497
2020-09-18,65.7147,125497
2020-09-21,63.9585,125497
2020-09-22,62.8153,125497
2020-09-23,62.7063,125497
2020-09-24,61.6467,125497
2020-09-25,62.4845,125497
2020-09-28,63.5663,125497
2020-09-29,63.6305,125497
2020-09-30,63.8023,125497
2020-10-01,64.1093,125497
2020-10-05,64.3535,125497
2020-10-06,64.2617,125497
2020-10-07,64.1025,125497
2020-10-08,63.4817,125497
2020-10-09,63.2906,125497
2020-10-12,62.7597,125497
2020-10-13,62.8658,125497
2020-10-14,63.4637,125497
2020-10-15,62.5586,125497
2020-10-16,63.2883,125497
2020-10-19,63.7933,125497
2020-10-20,63.7148,125497
2020-10-21,63.7626,125497
2020-10-22,63.9264,125497
2020-10-23,64.4167,125497
2020-10-26,64.1467,125497
2020-10-27,64.2905,125497
2020-10-28,64.1264,125497
2020-10-29,63.8738,125497
2020-10-30,64.0422,125497
2020-11-02,63.9582,125497
2020-11-03,64.2757,125497
2020-11-04,64.6703,125497
2020-11-05,65.3632,125497
2020-11-06,65.761,125497
2020-11-09,66.5707,125497
2020-11-10,66.4961,125497
2020-11-11,66.6685,125497
2020-11-12,67.0874,125497
2020-11-13,67.8975,125497
2020-11-17,69.2585,125497
2020-11-18,70.0787,125497
2020-11-19,70.3257,125497
2020-11-20,70.6897,125497
2020-11-23,71.3108,125497
2020-11-24,72.0394,125497
2020-11-25,71.2859,125497
2020-11-26,71.4394,125497
2020-11-27,73.1105,125497
2020-12-01,73.9151,125497
2020-12-02,74.0961,125497
2020-12-03,74.5188,125497
2020-12-04,75.2531,125497
2020-12-07,76.2757,125497
2020-12-08,76.0347,125497
2020-12-09,76.3633,125497
2020-12-10,76.0258,125497
2020-12-11,76.1897,125497
2020-12-14,76.7302,125497
2020-12-15,76.8527,125497
2020-12-16,77.1352,125497
2020-12-17,76.9464,125497
2020-12-18,76.6351,125497
2020-12-21,74.3431,125497
2020-12-22,74.4438,125497
2020-12-23,75.995,125497
2020-12-24,76.2652,125497
2020-12-28,77.201,125497
2020-12-29,77.9378,125497
2020-12-30,78.1608,125497
2020-12-31,78.1396,125497
2021-01-01,78.961,125497
2021-01-04,79.9178,125497
2021-01-05,80.6897,125497
2021-01-06,80.8795,125497
2021-01-07,81.8689,125497
2021-01-08,82.4047,125497
2021-01-11,82.0949,125497
2021-01-12,81.9853,125497
2021-01-13,81.6065,125497
2021-01-14,81.0944,125497
2021-01-15,80.5302,125497
2021-01-18,79.4401,125497
2021-01-19,80.6173,125497
2021-01-20,80.6259,125497
2021-01-21,80.5094,125497
2021-01-22,79.6084,125497
2021-01-25,78.9867,125497
2021-01-27,78.2494,125497
2021-01-28,77.7009,125497
2021-01-29,77.8537,125497
2021-02-01,79.4344,125497
2021-02-02,80.6225,125497
2021-02-03,81.6538,125497
2021-02-04,82.4453,125497
2021-02-05,82.6153,125497
2021-02-08,83.4924,125497
2021-02-09,83.1303,125497
2021-02-10,83.3864,125497
2021-02-11,84.1694,125497
2021-02-12,84.5864,125497
2021-02-15,85.0276,125497
2021-02-16,84.5871,125497
2021-02-17,84.8193,125497
2021-02-18,85.5317,125497
2021-02-19,84.9273,125497
2021-02-22,83.6608,125497
2021-02-23,84.0135,125497
2021-02-24,84.7936,125497
2021-02-25,86.3588,125497
2021-02-26,85.7878,125497
2021-03-01,86.8947,125497
2021-03-02,87.7662,125497
2021-03-03,88.4923,125497
2021-03-04,88.9623,125497
2021-03-05,88.2252,125497
2021-03-08,88.5876,125497
2021-03-09,88.3161,125497
2021-03-10,88.6966,125497
2021-03-12,88.9315,125497
2021-03-15,88.5963,125497
2021-03-16,88.5682,125497
2021-03-17,87.2732,125497
2021-03-18,86.0465,125497
2021-03-19,85.7498,125497
2021-03-22,86.4156,125497
2021-03-23,87.5212,125497
2021-03-24,86.1717,125497
2021-03-25,84.6698,125497
2021-03-26,85.5087,125497
2021-03-30,86.6977,125497
2021-03-31,87.4737,125497
2021-04-01,88.4903,125497
2021-04-05,87.5976,125497
2021-04-06,88.3419,125497
2021-04-07,88.9063,125497
2021-04-08,89.9964,125497
2021-04-09,90.0091,125497
2021-04-12,86.272,125497
2021-04-13,86.9516,125497
2021-04-15,87.1259,125497
2021-04-16,87.3888,125497
2021-04-19,86.7783,125497
2021-04-20,87.1948,125497
2021-04-22,87.767,125497
2021-04-23,87.9149,125497
2021-04-26,88.5558,125497
2021-04-27,89.5712,125497
2021-04-28,90.332,125497
2021-04-29,90.6173,125497
2021-04-30,90.4752,125497
2021-05-03,91.3828,125497
2021-05-04,91.3626,125497
2021-05-05,92.0577,125497
2021-05-06,92.1186,125497
2021-05-07,92.2135,125497
2021-05-10,92.846,125497
2021-05-11,93.5737,125497
2021-05-12,92.9124,125497
2021-05-14,92.2765,125497
2021-05-17,92.9585,125497
2021-05-18,93.9225,125497
2021-05-19,94.7558,125497
2021-05-20,95.0316,125497
2021-05-21,95.3914,125497
2021-05-24,96.0305,125497
2021-05-25,96.8992,125497
2021-05-26,97.3437,125497
2021-05-27,97.9063,125497
2021-05-28,97.2483,125497
2021-05-31,97.38,125497
2021-06-01,97.2044,125497
2021-06-02,98.0796,125497
2021-06-03,98.125,125497
2021-06-04,98.8539,125497
2021-06-07,99.9491,125497
2021-06-08,100.1122,125497
2021-06-09,99.0036,125497
2021-06-10,99.9654,125497
2021-06-11,99.8345,125497
2021-06-14,99.2339,125497
2021-06-15,99.6014,125497
2021-06-16,99.1338,125497
2021-06-17,98.6026,125497
2021-06-18,98.4344,125497
2021-06-21,98.8195,125497
2021-06-22,99.366,125497
2021-06-23,99.71,125497
2021-06-24,99.7729,125497
2021-06-25,100.1155,125497
2021-06-28,100.7862,125497
2021-06-29,100.5042,125497
2021-06-30,100.9756,125497
2021-07-01,101.142,125497
2021-07-02,101.8067,125497
2021-07-05,102.4792,125497
2021-07-06,102.8988,125497
2021-07-07,103.5981,125497
2021-07-08,103.0963,125497
2021-07-09,103.1664,125497
2021-07-12,104.1041,125497
2021-07-13,104.6746,125497
2021-07-14,105.2564,125497
2021-07-15,105.0695,125497
2021-07-16,104.9914,125497
2021-07-19,104.8046,125497
2021-07-20,103.3603,125497
2021-07-22,104.1531,125497
2021-07-23,104.3972,125497
2021-07-26,104.4083,125497
2021-07-27,103.8914,125497
2021-07-28,103.617,125497
2021-07-29,104.8903,125497
2021-07-30,105.3714,125497
2021-08-02,106.1017,125497
2021-08-03,106.3929,125497
2021-08-04,105.4579,125497
2021-08-05,104.998,125497
2021-08-06,104.8069,125497
2021-08-09,104.2697,125497
2021-08-10,102.739,125497
2021-08-11,101.5778,125497
2021-08-12,102.8351,125497
2021-08-13,103.1156,125497
2021-08-16,102.6818,125497
2021-08-17,102.9948,125497
2021-08-18,102.7792,125497
2021-08-20,101.3154,125497
2021-08-23,100.065,125497
2021-08-24,101.0715,125497
2021-08-25,101.532,125497
2021-08-26,102.162,125497
2021-08-27,102.8137,125497
2021-08-30,104.648,125497
2021-08-31,105.6214,125497
2021-09-01,105.6616,125497
2021-09-02,106.4916,125497
2021-09-03,106.5171,125497
2021-09-06,107.1149,125497
2021-09-07,106.9263,125497
2021-09-08,107.1416,125497
2021-09-09,108.1289,125497
2021-09-13,108.3557,125497
2021-09-14,109.5639,125497
2021-09-15,110.3295,125497
2021-09-16,110.188,125497
2021-09-17,109.0842,125497
2021-09-20,107.5332,125497
2021-09-21,107.9811,125497
2021-09-22,109.0144,125497
2021-09-23,110.2011,125497
2021-09-24,109.5436,125497
2021-09-27,109.313,125497
2021-09-28,109.4454,125497
2021-09-29,109.4882,125497
2021-09-30,110.1672,125497
2021-10-01,110.9385,125497
2021-10-04,112.8335,125497
2021-10-05,112.8715,125497
2021-10-06,112.5383,125497
2021-10-07,113.9512,125497
2021-10-08,114.3972,125497
2021-10-11,115.1336,125497
2021-10-12,115.2274,125497
2021-10-13,116.4436,125497
2021-10-14,116.6919,125497
2021-10-18,117.5222,125497
2021-10-19,116.2545,125497
2021-10-20,113.4912,125497
2021-10-21,113.8861,125497
2021-10-22,113.4348,125497
2021-10-25,111.9962,125497
2021-10-26,113.5163,125497
2021-10-27,114.1178,125497
2021-10-28,113.475,125497
2021-10-29,113.6715,125497
2021-11-01,114.2579,125497
2021-11-02,115.5178,125497
2021-11-03,115.5222,125497
2021-11-08,117.3055,125497
2021-11-09,117.9077,125497
2021-11-10,117.9059,125497
2021-11-11,118.4235,125497
2021-11-12,119.2912,125497
2021-11-15,119.239,125497
2021-11-16,118.6213,125497
2021-11-17,118.1513,125497
2021-11-18,116.9958,125497
2021-11-22,114.5634,125497
2021-11-23,115.7625,125497
2021-11-24,116.9382,125497
2021-11-25,117.3365,125497
2021-11-26,113.7581,125497
2021-11-29,112.0406,125497
2021-11-30,114.6061,125497
2021-12-01,114.5225,125497
2021-12-02,115.1803,125497
2021-12-03,115.4989,125497
2021-12-06,114.2375,125497
2021-12-07,115.5693,125497
2021-12-08,115.9955,125497
2021-12-09,116.4189,125497
2021-12-10,117.0295,125497
2021-12-13,116.6731,125497
2021-12-14,116.5661,125497
2021-12-15,116.7334,125497
2021-12-16,115.5621,125497
2021-12-17,114.4182,125497
2021-12-20,111.4291,125497
2021-12-21,112.1347,125497
2021-12-22,113.5008,125497
2021-12-23,114.0603,125497
2021-12-24,113.0034,125497
2021-12-27,113.1013,125497
2021-12-28,114.187,125497
2021-12-29,115.107,125497
2021-12-30,115.0392,125497
2021-12-31,116.5135,125497
2022-01-03,117.8295,125497
2022-01-04,117.9937,125497
2022-01-05,117.8449,125497
2022-01-06,118.078,125497
2022-01-07,118.0578,125497
2022-01-10,119.259,125497
2022-01-11,119.2122,125497
2022-01-12,120.503,125497
2022-01-13,120.6145,125497
2022-01-14,121.5144,125497
2022-01-17,121.889,125497
2022-01-18,120.3738,125497
2022-01-19,120.1682,125497
2022-01-20,120.1311,125497
2022-01-21,118.8871,125497
2022-01-24,113.8388,125497
2022-01-25,114.9265,125497
2022-01-27,113.4644,125497
2022-01-28,113.7542,125497
2022-01-31,115.1383,125497
2022-02-01,116.8615,125497
2022-02-02,118.2925,125497
2022-02-03,117.9384,125497
2022-02-04,118.1779,125497
2022-02-07,118.1213,125497
2022-02-08,116.9897,125497
2022-02-09,116.6628,125497
2022-02-10,116.361,125497
2022-02-11,114.5805,125497
2022-02-14,111.1649,125497
2022-02-15,112.2859,125497
2022-02-16,113.4702,125497
2022-02-17,113.0094,125497
2022-02-18,112.6163,125497
2022-02-21,110.5555,125497
2022-02-22,109.2415,125497
2022-02-23,109.8892,125497
2022-02-24,105.5919,125497
2022-02-25,109.1447,125497
2022-02-28,109.8735,125497
2022-03-02,109.7898,125497
2022-03-03,109.9523,125497
2022-03-04,108.4432,125497
2022-03-07,106.6562,125497
2022-03-08,107.1074,125497
2022-03-09,108.7536,125497
2022-03-10,109.8399,125497
2022-03-11,110.3959,125497
2022-03-14,111.3776,125497
2022-03-15,110.7915,125497
2022-03-16,111.4996,125497
2022-03-17,112.1278,125497
2022-03-21,111.8034,125497
2022-03-22,111.8136,125497
2022-03-23,112.0594,125497
2022-03-24,112.129,125497
2022-03-25,111.8414,125497
2022-03-28,111.3773,125497
2022-03-29,112.833,125497
2022-03-30,113.3938,125497
2022-03-31,113.3881,125497
2022-04-01,114.8655,125497
2022-04-04,116.1819,125497
2022-04-05,117.6729,125497
2022-04-06,117.9615,125497
2022-04-07,117.3808,125497
2022-04-08,118.159,125497
2022-04-11,118.7434,125497
2022-04-12,117.6272,125497
2022-04-13,117.5522,125497
2022-04-18,117.0086,125497
2022-04-19,116.0671,125497
2022-04-20,116.0793,125497
2022-04-21,117.0681,125497
2022-04-22,116.9877,125497
2022-04-25,115.7364,125497
2022-04-26,116.5381,125497
2022-04-27,116.3239,125497
2022-04-28,117.2654,125497
2022-04-29,116.4371,125497
2022-05-02,115.6675,125497
2022-05-04,113.5479,125497
2022-05-05,113.3928,125497
2022-05-06,111.917,125497
2022-05-09,111.1072,125497
2022-05-10,109.6278,125497
2022-05-11,108.1924,125497
2022-05-12,106.8265,125497
2022-05-13,107.0481,125497
2022-05-16,108.381,125497
2022-05-17,110.5126,125497
2022-05-18,110.4242,125497
2022-05-19,109.1737,125497
2022-05-20,110.5206,125497
2022-05-23,110.7194,125497
2022-05-24,110.3592,125497
2022-05-25,108.4736,125497
2022-05-26,109.0641,125497
2022-05-27,109.1239,125497
2022-05-30,110.8854,125497
2022-05-31,111.3985,125497
2022-06-01,113.0469,125497
2022-06-02,113.0447,125497
2022-06-03,111.6854,125497
2022-06-06,111.468,125497
2022-06-07,110.8741,125497
2022-06-08,110.696,125497
2022-06-09,110.773,125497
2022-06-10,110.3611,125497
2022-06-13,108.1973,125497
2022-06-14,107.7655,125497
2022-06-15,107.9569,125497
2022-06-16,105.836,125497
2022-06-17,104.8911,125497
2022-06-20,103.2049,125497
2022-06-21,104.8701,125497
2022-06-22,104.2718,125497
2022-06-23,105.5826,125497
2022-06-24,106.563,125497
2022-06-27,107.743,125497
2022-06-28,107.8457,125497
2022-06-29,107.5298,125497
2022-06-30,107.3447,125497
2022-07-01,107.2511,125497
2022-07-04,108.086,125497
2022-07-05,108.9019,125497
2022-07-06,109.4531,125497
2022-07-07,110.0959,125497
2022-07-08,110.3205,125497
2022-07-11,111.3735,125497
2022-07-12,110.5217,125497
2022-07-13,110.6876,125497
2022-07-14,110.5523,125497
2022-07-15,111.1987,125497
2022-07-18,111.9322,125497
2022-07-19,112.8046,125497
2022-07-20,112.9868,125497
2022-07-21,113.4094,125497
2022-07-22,114.09,125497
2022-07-25,114.3251,125497
2022-07-26,113.9363,125497
2022-07-27,114.2238,125497
2022-07-28,115.4212,125497
2022-07-29,115.8262,125497
2022-08-01,118.4285,125497
2022-08-02,119.6709,125497
2022-08-03,119.3671,125497
2022-08-04,119.5351,125497
2022-08-05,119.5001,125497
2022-08-08,120.8529,125497
2022-08-10,121.7895,125497
2022-08-11,122.0436,125497
2022-08-12,122.1465,125497
2022-08-16,122.5798,125497
2022-08-17,122.7003,125497
2022-08-18,123.1031,125497
2022-08-19,121.8963,125497
2022-08-22,121.1594,125497
2022-08-23,122.1378,125497
2022-08-24,122.9131,125497
2022-08-25,123.2572,125497
2022-08-26,123.6562,125497
2022-08-29,123.2418,125497
2022-08-30,124.7127,125497
2022-09-01,124.8265,125497
2022-09-02,126.1091,125497
2022-09-05,126.9883,125497
2022-09-06,127.812,125497
2022-09-07,128.9903,125497
2022-09-08,129.8388,125497
2022-09-09,130.1662,125497
2022-09-12,131.2711,125497
2022-09-13,130.9984,125497
2022-09-14,131.5105,125497
2022-09-15,130.8477,125497
2022-09-16,128.0029,125497
2022-09-19,127.8166,125497
2022-09-20,128.8983,125497
2022-09-21,128.623,125497
2022-09-22,128.606,125497
2022-09-23,126.9671,125497
2022-09-26,123.8437,125497
2022-09-27,124.6406,125497
2022-09-28,124.4319,125497
2022-09-29,125.2023,125497
2022-09-30,126.7384,125497
2022-10-03,127.1351,125497
2022-10-04,128.2436,125497
2022-10-06,128.8844,125497
2022-10-07,129.3889,125497
2022-10-10,128.2879,125497
2022-10-11,127.5503,125497
2022-10-12,127.8117,125497
2022-10-13,127.0832,125497
2022-10-14,127.3371,125497
2022-10-17,127.4936,125497
2022-10-18,128.0846,125497
2022-10-19,128.6649,125497
2022-10-20,128.7159,125497
2022-10-21,127.685,125497
2022-10-25,128.1443,125497
2022-10-27,128.5742,125497
2022-10-28,127.8495,125497
2022-10-31,127.6411,125497
2022-11-01,127.8603,125497
2022-11-02,128.4568,125497
2022-11-03,128.4345,125497
2022-11-04,128.615,125497
2022-11-07,128.9903,125497
2022-11-09,128.443,125497
2022-11-10,127.722,125497
2022-11-11,127.747,125497
2022-11-14,127.4932,125497
2022-11-15,127.4028,125497
2022-11-16,128.1135,125497
2022-11-17,128.0744,125497
2022-11-18,127.4022,125497
2022-11-21,127.6535,125497
2022-11-22,127.4269,125497
2022-11-23,127.7493,125497
2022-11-24,128.2567,125497
2022-11-25,128.5562,125497
2022-11-28,129.0166,125497
2022-11-29,128.544,125497
2022-11-30,129.5097,125497
2022-12-01,130.2758,125497
2022-12-02,130.6855,125497
2022-12-05,131.0408,125497
2022-12-06,130.9286,125497
2022-12-07,130.6184,125497
2022-12-08,131.3288,125497
2022-12-09,130.5903,125497
2022-12-12,130.6256,125497
2022-12-13,131.0784,125497
2022-12-14,131.9951,125497
2022-12-15,130.9591,125497
2022-12-16,129.8891,125497
2022-12-19,129.9222,125497
2022-12-20,130.2814,125497
2022-12-21,128.1564,125497
2022-12-22,125.9663,125497
2022-12-23,122.5751,125497
2022-12-26,125.3049,125497
2022-12-27,126.32,125497
2022-12-28,126.6449,125497
2022-12-29,127.0211,125497
2022-12-30,127.3348,125497
2023-01-02,127.8404,125497
2023-01-03,127.7046,125497
2023-01-04,126.7266,125497
2023-01-05,126.7327,125497
2023-01-06,125.7185,125497
2023-01-09,126.4462,125497
2023-01-10,125.8004,125497
2023-01-11,125.908,125497
2023-01-12,126.1964,125497
2023-01-13,126.0588,125497
2023-01-16,125.9832,125497
2023-01-17,125.8074,125497
2023-01-18,125.7186,125497
2023-01-19,125.5433,125497
2023-01-20,124.805,125497
2023-01-23,124.425,125497
2023-01-24,124.1328,125497
2023-01-25,123.7522,125497
2023-01-27,122.6962,125497
2023-01-30,122.3633,125497
2023-01-31,124.3138,125497
2023-02-01,123.4784,125497
2023-02-02,124.0083,125497
2023-02-03,124.2907,125497
2023-02-06,123.9921,125497
2023-02-07,124.4182,125497
2023-02-08,125.1117,125497
2023-02-09,124.7379,125497
2023-02-10,125.1702,125497
2023-02-13,124.4056,125497
2023-02-14,124.0916,125497
2023-02-15,124.4506,125497
2023-02-16,124.9714,125497
2023-02-17,125.1119,125497
2023-02-20,124.9814,125497
2023-02-21,124.5172,125497
2023-02-22,123.392,125497
2023-02-23,123.0513,125497
2023-02-24,123.1777,125497
2023-02-27,122.0552,125497
2023-02-28,122.8701,125497
2023-03-01,123.665,125497
2023-03-02,123.3993,125497
2023-03-03,123.9481,125497
2023-03-06,124.8339,125497
2023-03-08,124.7469,125497
2023-03-09,124.5502,125497
2023-03-10,124.211,125497
2023-03-13,122.7771,125497
2023-03-14,121.7529,125497
2023-03-15,121.8605,125497
2023-03-16,120.9417,125497
2023-03-17,121.446,125497
2023-03-20,120.3344,125497
2023-03-21,120.9953,125497
2023-03-22,121.4156,125497
2023-03-23,121.7065,125497
2023-03-24,120.2745,125497
2023-03-27,119.383,125497
2023-03-28,118.3058,125497
2023-03-29,120.0371,125497
2023-03-31,121.7144,125497
2023-04-03,122.1271,125497
2023-04-05,122.6212,125497
2023-04-06,122.7811,125497
2023-04-10,122.9416,125497
2023-04-11,123.2215,125497
2023-04-12,123.6808,125497
2023-04-13,123.9911,125497
2023-04-17,124.2728,125497
2023-04-18,124.3244,125497
2023-04-19,124.6246,125497
2023-04-20,125.3792,125497
2023-04-21,125.2284,125497
2023-04-24,125.372,125497
2023-04-25,125.3949,125497
2023-04-26,125.8618,125497
2023-04-27,126.338,125497
2023-04-28,127.1712,125497
2023-05-02,127.3545,125497
2023-05-03,127.493,125497
2023-05-04,128.1846,125497
2023-05-05,127.7371,125497
2023-05-08,128.9877,125497
2023-05-09,128.8274,125497
2023-05-10,129.4546,125497
2023-05-11,130.2851,125497
2023-05-12,130.1433,125497
2023-05-15,130.5259,125497
2023-05-16,130.8127,125497
2023-05-17,130.5682,125497
2023-05-18,130.6447,125497
2023-05-19,130.2383,125497
2023-05-22,131.1264,125497
2023-05-23,130.87,125497
2023-05-24,130.9864,125497
2023-05-25,131.1635,125497
2023-05-26,131.5821,125497
2023-05-29,131.7139,125497
2023-05-30,131.9012,125497
2023-05-31,132.2913,125497
2023-06-01,132.3341,125497
2023-06-02,132.614,125497
2023-06-05,133.1177,125497
2023-06-06,133.5734,125497
2023-06-07,134.9855,125497
2023-06-08,134.5646,125497
2023-06-09,134.1118,125497
2023-06-12,134.7018,125497
2023-06-13,135.9844,125497
2023-06-14,136.5423,125497
2023-06-15,136.6775,125497
2023-06-16,137.2618,125497
2023-06-19,137.0258,125497
2023-06-20,137.3878,125497
2023-06-21,137.8518,125497
2023-06-22,137.2514,125497
2023-06-23,136.3524,125497
2023-06-26,137.1738,125497
2023-06-27,137.5173,125497
2023-06-28,137.561,125497
2023-06-30,138.0883,125497
2023-07-03,138.6742,125497
2023-07-04,138.2876,125497
2023-07-05,138.9579,125497
2023-07-06,139.6278,125497
2023-07-07,139.5112,125497
2023-07-10,139.4743,125497
2023-07-11,139.9054,125497
2023-07-12,140.8036,125497
2023-07-13,140.3448,125497
2023-07-14,141.0983,125497
2023-07-17,142.205,125497
2023-07-18,141.8948,125497
2023-07-19,142.4317,125497
2023-07-20,143.0615,125497
2023-07-21,142.8064,125497
2023-07-24,143.1832,125497
2023-07-25,143.1863,125497
2023-07-26,143.6188,125497
2023-07-27,143.8359,125497
2023-07-28,144.5824,125497
2023-07-31,146.1582,125497
2023-08-01,146.7457,125497
2023-08-02,145.4234,125497
2023-08-03,145.0795,125497
2023-08-04,145.7129,125497
2023-08-07,145.7272,125497
2023-08-08,145.5002,125497
2023-08-09,146.3293,125497
2023-08-10,145.4723,125497
2023-08-11,145.5881,125497
2023-08-14,145.3391,125497
2023-08-16,145.847,125497
2023-08-17,145.501,125497
2023-08-18,145.4976,125497
2023-08-21,145.9692,125497
2023-08-22,147.4207,125497
2023-08-23,147.6666,125497
2023-08-24,147.6233,125497
2023-08-25,147.0885,125497
2023-08-28,148.1074,125497
2023-08-29,148.5692,125497
2023-08-30,149.2884,125497
2023-08-31,150.2306,125497
2023-09-01,150.4126,125497
2023-09-04,151.5748,125497
2023-09-05,151.7655,125497
2023-09-06,151.6147,125497
2023-09-07,153.151,125497
2023-09-08,153.8431,125497
2023-09-11,154.9908,125497
2023-09-12,151.6583,125497
2023-09-13,151.9055,125497
2023-09-14,153.1389,125497
2023-09-15,153.193,125497
2023-09-18,152.7061,125497
2023-09-20,152.9313,125497
2023-09-21,150.8272,125497
2023-09-22,151.2597,125497
2023-09-25,151.1966,125497
2023-09-26,151.1526,125497
2023-09-27,151.7553,125497
2023-09-29,151.2497,125497
2023-10-03,151.7295,125497
2023-10-04,150.848,125497
2023-10-05,151.0584,125497
2023-10-06,151.72,125497
2023-10-09,149.6845,125497
2023-10-10,150.8563,125497
2023-10-11,151.7229,125497
2023-10-12,152.0191,125497
2023-10-13,151.9922,125497
2023-10-16,152.9747,125497
2023-10-17,153.4866,125497
2023-10-18,153.6252,125497
2023-10-19,153.637,125497
2023-10-20,152.8916,125497
2023-10-23,148.0186,125497
2023-10-25,146.7862,125497
2023-10-26,145.453,125497
2023-10-27,147.2793,125497
2023-10-30,147.1974,125497
2023-10-31,147.5626,125497
2023-11-01,147.1546,125497
2023-11-02,147.8192,125497
2023-11-03,148.7205,125497
2023-11-06,149.592,125497
2023-11-07,150.0494,125497
2023-11-08,150.5331,125497
2023-11-09,150.3998,125497
2023-11-10,150.5781,125497
2023-11-13,151.314,125497
2023-11-15,152.7398,125497
2023-11-16,152.8377,125497
2023-11-17,153.408,125497
2023-11-20,153.9873,125497
2023-11-21,154.9701,125497
2023-11-22,154.4341,125497
2023-11-23,154.3926,125497
2023-11-24,154.683,125497
2023-11-28,155.6451,125497
2023-11-29,155.7105,125497
2023-11-30,157.4314,125497
2023-12-01,157.4176,125497
2023-12-04,158.8101,125497
2023-12-05,159.5041,125497
2023-12-06,159.4849,125497
2023-12-07,159.9568,125497
2023-12-08,159.5553,125497
2023-12-11,159.7954,125497
2023-12-12,159.4436,125497
2023-12-13,159.9402,125497
2023-12-14,161.0609,125497
2023-12-15,161.5428,125497
2023-12-18,161.4356,125497
2023-12-19,161.0618,125497
2023-12-20,157.127,125497
2023-12-21,158.6327,125497
2023-12-22,159.2023,125497
2023-12-26,159.3241,125497
2023-12-27,159.8029,125497
2023-12-28,159.9625,125497
2023-12-29,161.2357,125497
2024-01-01,161.4272,125497
2024-01-02,162.0646,125497
2024-01-03,162.106,125497
2024-01-04,162.7609,125497
2024-01-05,163.7499,125497
2024-01-08,162.5916,125497
2024-01-09,162.8311,125497
2024-01-10,162.7562,125497
2024-01-11,163.7165,125497
2024-01-12,164.2106,125497
2024-01-15,165.0183,125497
2024-01-16,164.4321,125497
2024-01-17,162.9031,125497
2024-01-18,162.2609,125497
2024-01-19,162.8323,125497
2024-01-23,161.1305,125497
2024-01-24,162.9044,125497
2024-01-25,163.0642,125497
2024-01-29,164.243,125497
2024-01-30,163.8854,125497
2024-01-31,167.0853,125497
2024-02-01,166.5191,125497
2024-02-02,166.8172,125497
2024-02-05,165.8049,125497
2024-02-06,168.0277,125497
2024-02-07,168.7067,125497
2024-02-08,168.6894,125497
2024-02-09,168.0813,125497
2024-02-12,165.3607,125497
2024-02-13,166.3553,125497
2024-02-14,168.0551,125497
2024-02-15,168.783,125497
2024-02-16,169.6879,125497
2024-02-19,169.6421,125497
2024-02-20,169.7975,125497
2024-02-21,169.2609,125497
2024-02-22,169.453,125497
2024-02-23,170.7513,125497
2024-02-26,170.7723,125497
2024-02-27,171.1506,125497
2024-02-28,169.6781,125497
2024-02-29,169.9634,125497
2024-03-01,171.3862,125497
2024-03-04,172.0116,125497
2024-03-05,171.4449,125497
2024-03-06,168.7803,125497
2024-03-07,169.9846,125497
2024-03-11,168.4794,125497
2024-03-12,166.2062,125497
2024-03-13,160.5835,125497
2024-03-14,162.5619,125497
2024-03-15,162.6157,125497
2024-03-18,163.1055,125497
2024-03-19,162.3885,125497
2024-03-20,162.0769,125497
2024-03-21,165.0148,125497
2024-03-22,166.5897,125497
2024-03-26,166.3844,125497
2024-03-27,167.1819,125497
2024-03-28,167.8139,125497
2024-03-31,167.8136,125497
2024-04-01,171.3184,125497
2024-04-02,172.3272,125497
2024-04-03,173.6926,125497
2024-04-04,174.6364,125497
2024-04-05,175.3538,125497
2024-04-08,175.5646,125497
2024-04-09,175.3061,125497
2024-04-10,176.9202,125497
2024-04-12,175.8047,125497
2024-04-15,174.1554,125497
2024-04-16,174.6419,125497
2024-04-18,174.7465,125497
2024-04-19,175.6445,125497
2024-04-22,177.2586,125497
2024-04-23,178.2084,125497
2024-04-24,179.5328,125497
2024-04-25,180.4345,125497
2024-04-26,180.425,125497
2024-04-29,181.053,125497
2024-04-30,181.4347,125497
2024-05-02,181.828,125497
2024-05-03,180.5829,125497
2024-05-06,179.8196,125497
2024-05-07,178.2565,125497
2024-05-08,179.0846,125497
2024-05-09,174.9782,125497
2024-05-10,175.7796,125497
2024-05-13,175.8048,125497
2024-05-14,177.7655,125497
2024-05-15,179.5407,125497
2024-05-16,181.9138,125497
2024-05-17,183.6697,125497
2024-05-21,184.7749,125497
2024-05-22,185.1718,125497
2024-05-23,184.8647,125497
2024-05-24,184.2296,125497
2024-05-27,183.9672,125497
2024-05-28,183.2963,125497
2024-05-29,183.9199,125497
2024-05-30,181.9907,125497
2024-05-31,183.555,125497
2024-06-03,186.9155,125497
2024-06-04,178.3591,125497
2024-06-05,183.0496,125497
2024-06-06,186.5083,125497
2024-06-07,189.5698,125497
2024-06-10,192.3518,125497
2024-06-11,193.7358,125497
2024-06-12,195.4415,125497
2024-06-13,196.4383,125497
2024-06-14,198.1281,125497
2024-06-18,198.2516,125497
2024-06-19,197.8645,125497
2024-06-20,198.7321,125497
2024-06-21,198.8453,125497
2024-06-24,198.9645,125497
2024-06-25,199.2888,125497
2024-06-26,198.6826,125497
2024-06-27,197.541,125497
2024-06-28,197.8746,125497
2024-06-30,197.8755,125497
2024-07-01,200.4556,125497
2024-07-02,200.5912,125497
2024-07-03,202.9049,125497
2024-07-04,203.5723,125497
2024-07-05,204.8921,125497
2024-07-08,203.9505,125497
2024-07-09,204.7434,125497
2024-07-10,204.005,125497
2024-07-11,205.3326,125497
2024-07-12,204.3766,125497
2024-07-15,204.2651,125497
2024-07-16,204.6439,125497
2024-07-18,203.6047,125497
2024-07-19,200.7347,125497
2024-07-22,202.0355,125497
2024-07-23,201.7018,125497
2024-07-24,204.4677,125497
2024-07-25,203.7419,125497
2024-07-26,205.4205,125497
2024-07-29,208.2548,125497
2024-07-30,208.6912,125497
2024-07-31,208.4358,125497
2024-08-01,207.8403,125497
2024-08-02,206.2035,125497
2024-08-05,199.5619,125497
2024-08-06,199.0114,125497
2024-08-07,202.0034,125497
2024-08-08,201.0925,125497
2024-08-09,201.5699,125497
2024-08-12,202.1742,125497
2024-08-13,201.6101,125497
2024-08-14,200.5532,125497
2024-08-16,202.8471,125497
2024-08-19,204.1016,125497
2024-08-20,204.2778,125497
2024-08-21,205.6904,125497
2024-08-22,206.1419,125497
2024-08-23,206.3889,125497
2024-08-26,206.7864,125497
2024-08-27,207.4904,125497
2024-08-28,207.8987,125497
2024-08-29,207.0499,125497
2024-08-30,208.4168,125497
2024-08-31,208.4167,125497
2024-09-02,208.3113,125497
2024-09-03,209.171,125497
2024-09-04,208.9043,125497
2024-09-05,210.0836,125497
2024-09-06,209.5018,125497
2024-09-09,208.709,125497
2024-09-10,211.8353,125497
2024-09-11,210.1111,125497
2024-09-12,211.2842,125497
2024-09-13,212.6824,125497
2024-09-16,213.118,125497
2024-09-17,212.8713,125497
2024-09-18,212.1974,125497
2024-09-19,211.2903,125497
2024-09-20,212.0753,125497
2024-09-23,213.6607,125497
2024-09-24,212.9454,125497
2024-09-25,213.2071,125497
2024-09-26,212.393,125497
2024-09-27,213.8245,125497
2024-09-30,213.8541,125497
2024-10-01,214.2759,125497
2024-10-03,211.1073,125497
2024-10-04,210.645,125497
2024-10-07,205.9307,125497
2024-10-08,209.7125,125497
2024-10-09,211.4618,125497
2024-10-10,211.2075,125497
2024-10-11,211.8682,125497
2024-10-14,212.7061,125497
2024-10-15,214.6767,125497
2024-10-16,214.6138,125497
2024-10-17,212.5836,125497
2024-10-18,212.4258,125497
2024-10-21,209.1812,125497
2024-10-22,204.119,125497
2024-10-23,204.1604,125497
2024-10-24,202.3794,125497
2024-10-25,199.0257,125497
2024-10-28,198.762,125497
2024-10-29,199.6621,125497
2024-10-30,201.17,125497
2024-10-31,204.7065,125497
2024-11-04,204.1821,125497
2024-11-05,203.8845,125497
2024-11-06,205.5932,125497
2024-11-07,204.9185,125497
2024-11-08,202.8558,125497
2024-11-11,201.1783,125497
2024-11-12,198.665,125497
2024-11-13,194.6035,125497
2024-11-14,195.8825,125497
2024-11-18,194.9632,125497
2024-11-19,196.9149,125497
2024-11-21,196.0174,125497
2024-11-22,196.9679,125497
2024-11-25,201.2427,125497
2024-11-26,201.5981,125497
2024-11-27,202.2303,125497
2024-11-28,202.2046,125497
2024-11-29,203.2298,125497
2024-11-30,203.2306,125497
2024-12-02,203.0662,125497
2024-12-03,205.6142,125497
2024-12-04,206.8799,125497
2024-12-05,206.9634,125497
2024-12-06,207.7793,125497
2024-12-09,209.1188,125497
2024-12-10,210.1936,125497
2024-12-11,210.4887,125497
2024-12-12,209.1364,125497
2024-12-13,209.4705,125497
2024-12-16,209.9361,125497
2024-12-17,209.149,125497
2024-12-18,208.9039,125497
2024-12-19,208.1814,125497
2024-12-20,203.8639,125497
2024-12-23,201.8235,125497
2024-12-24,201.9117,125497
2024-12-26,201.1712,125497
2024-12-27,202.2744,125497
2024-12-30,200.9474,125497
2024-12-31,202.025,125497
2025-01-01,204.0133,125497
2025-01-02,204.958,125497
2025-01-03,204.7473,125497
2025-01-06,199.9325,125497
2025-01-07,201.51,125497
2025-01-08,199.1083,125497
2025-01-09,197.3978,125497
2025-01-10,194.0951,125497
2025-01-13,187.9708,125497
2025-01-14,189.4394,125497
2025-01-15,190.2908,125497
2025-01-16,191.5461,125497
2025-01-17,190.5474,125497
2025-01-20,191.8699,125497
2025-01-21,189.0302,125497
2025-01-22,186.9925,125497
2025-01-23,187.6026,125497
2025-01-24,184.8357,125497
2025-01-27,181.1505,125497
2025-01-28,179.9981,125497
2025-01-29,184.474,125497
2025-01-30,183.9481,125497
2025-01-31,185.8927,125497
2025-02-03,186.5887,125497
2025-02-04,187.7402,125497
2025-02-05,188.0012,125497
2025-02-06,188.2236,125497
2025-02-07,186.6001,125497
2025-02-10,183.4947,125497
2025-02-11,178.8097,125497
2025-02-12,178.0673,125497
2025-02-13,177.2214,125497
2025-02-14,173.7027,125497
2025-02-17,172.6017,125497
2025-02-18,170.6351,125497
2025-02-19,172.8542,125497
2025-02-20,173.7251,125497
2025-02-21,173.194,125497
2025-02-24,171.0281,125497
2025-02-25,170.5772,125497
2025-02-27,169.2761,125497
2025-02-28,167.2753,125497
2025-03-03,166.5363,125497
2025-03-04,167.4144,125497
2025-03-05,170.5378,125497
2025-03-06,173.0546,125497
2025-03-07,173.6464,125497
2025-03-10,171.8878,125497
2025-03-11,170.8118,125497
2025-03-12,170.9127,125497
2025-03-13,170.4454,125497
2025-03-17,170.8415,125497
2025-03-18,174.3065,125497
2025-03-19,176.277,125497
2025-03-20,177.2546,125497
2025-03-21,179.8765,125497
2025-03-24,181.6626,125497
2025-03-25,181.1499,125497
2025-03-26,178.8617,125497
2025-03-27,178.6535,125497
2025-03-28,178.5548,125497
2025-03-31,178.5628,125497
2025-04-01,178.3073,125497
2025-04-02,180.504,125497
2025-04-03,181.0205,125497
2025-04-04,176.8853,125497
2025-04-07,171.893,125497
2025-04-08,174.6198,125497
2025-04-09,173.4024,125497
2025-04-11,177.359,125497
2025-04-15,181.4688,125497
2025-04-16,182.6797,125497
2025-04-17,183.494,125497
2025-04-21,186.1086,125497
2025-04-22,187.4594,125497
2025-04-23,187.4918,125497
2025-04-24,187.4442,125497
2025-04-25,184.3892,125497
2025-04-28,184.7984,125497
2025-04-29,184.4749,125497
2025-04-30,181.8527,125497
2025-05-02,181.6763,125497
2025-05-05,183.67,125497
2025-05-06,180.8742,125497
2025-05-07,182.5147,125497
2025-05-08,181.2148,125497
2025-05-09,180.3079,125497
2025-05-12,185.5194,125497
2025-05-13,185.9199,125497
2025-05-14,188.3401,125497
2025-05-15,189.7716,125497
2025-05-16,190.5543,125497
2025-05-19,192.0015,125497
2025-05-20,190.162,125497
2025-05-21,190.2708,125497
2025-05-22,190.2297,125497
2025-05-23,190.7428,125497
2025-05-26,192.0116,125497
2025-05-27,191.6915,125497
2025-05-28,192.2322,125497
2025-05-29,192.4906,125497
2025-05-30,192.6772,125497
2025-05-31,192.6784,125497
2025-06-02,193.0141,125497
2025-06-03,193.3558,125497
2025-06-04,193.3241,125497
2025-06-05,193.4622,125497
2025-06-06,194.4367,125497
2025-06-09,196.2268,125497
2025-06-10,196.3203,125497
2025-06-11,196.3155,125497
2025-06-12,194.3159,125497
2025-06-13,193.8702,125497
2025-06-16,194.3117,125497
2025-06-17,194.4976,125497
2025-06-18,194.7498,125497
2025-06-19,192.1535,125497
2025-06-20,192.5872,125497
2025-06-23,192.973,125497
2025-06-24,194.4838,125497
2025-06-25,197.4405,125497
2025-06-26,197.2286,125497
2025-06-27,198.0688,125497
2025-06-30,200.3178,125497
2025-07-01,200.2672,125497
2025-07-02,199.3409,125497
2025-07-03,200.0186,125497
2025-07-04,200.6762,125497
2025-07-07,200.3235,125497
2025-07-08,200.4396,125497
2025-07-09,201.3287,125497
2025-07-10,201.5985,125497
2025-07-11,201.2606,125497
2025-07-14,202.0189,125497
2025-07-15,203.9268,125497
2025-07-16,203.6835,125497
2025-07-17,204.9043,125497
2025-07-18,204.0356,125497
2025-07-21,203.8028,125497
2025-07-22,203.3714,125497
2025-07-23,203.9043,125497
2025-07-24,202.721,125497
2025-07-25,199.4349,125497
2025-07-28,197.4629,125497
2025-07-29,197.8146,125497
2025-07-30,198.4508,125497
2025-07-31,197.489,125497
2025-08-01,194.9548,125497
2025-08-04,195.6536,125497
2025-08-05,194.9731,125497
2025-08-06,193.5756,125497
2025-08-07,193.0064,125497
2025-08-08,191.9575,125497
2025-08-11,193.1584,125497
2025-08-12,192.705,125497
2025-08-13,192.9222,125497
2025-08-14,193.4131,125497
2025-08-18,196.9203,125497
2025-08-19,198.0389,125497
2025-08-20,198.8477,125497
2025-08-21,200.0554,125497
2025-08-22,199.1156,125497
2025-08-25,198.7805,125497
2025-08-26,195.5946,125497
2025-08-28,194.4893,125497
2025-08-29,193.7532,125497
2025-08-31,193.7537,125497
2025-09-01,195.7343,125497
2025-09-02,196.2367,125497
2025-09-03,197.6325,125497
2025-09-04,197.6887,125497
2025-09-05,197.5939,125497
2025-09-08,197.448,125497
2025-09-09,198.2444,125497
2025-09-10,198.7075,125497
2025-09-11,198.9835,125497
2025-09-12,199.0716,125497
2025-09-15,200.0967,125497
2025-09-16,201.1795,125497
2025-09-17,201.82,125497
2025-09-18,201.5447,125497
2025-09-19,201.306,125497
2025-09-22,200.2539,125497
2025-09-23,199.4573,125497
2025-09-24,198.8861,125497
2025-09-25,197.3447,125497
2025-09-26,194.0973,125497
2025-09-30,193.8822,125497
2025-10-01,195.0856,125497
2025-10-03,196.2965,125497
2025-10-06,196.5483,125497
2025-10-07,196.4294,125497
2025-10-08,195.8587,125497
2025-10-09,195.0376,125497
2025-10-10,195.1185,125497
2025-10-13,194.5364,125497
2025-10-14,193.3975,125497
2025-10-15,194.7,125497
2025-10-16,196.9521,125497
2025-10-17,197.1075,125497
2025-10-20,197.5258,125497
2025-10-23,198.7521,125497
2025-10-24,198.4115,125497
2025-10-27,199.7965,125497
2025-10-28,200.6348,125497
2025-10-29,201.0375,125497
2025-10-30,200.5185,125497
2025-10-31,199.8234,125497
2025-11-03,200.9709,125497
2025-11-04,200.4678,125497
2025-11-06,197.8032,125497
2025-11-07,197.315,125497
2025-11-10,196.2451,125497
2025-11-11,196.4486,125497
2025-11-12,196.884,125497
2025-11-13,196.5465,125497
2025-11-14,197.0676,125497
2025-11-17,197.9212,125497
2025-11-18,196.9478,125497
2025-11-19,196.528,125497
2025-11-20,196.0732,125497
2025-11-21,194.2517,125497
2025-11-24,193.9092,125497
2025-11-25,194.2042,125497
2025-11-26,195.8555,125497
2025-11-27,195.149,125497
2025-11-28,194.9784,125497
2025-11-30,194.979,125497
2025-12-01,195.3626,125497
2025-12-02,194.4312,125497
2025-12-03,194.3355,125497
2025-12-04,193.4599,125497
2025-12-05,193.1451,125497
2025-12-08,190.1591,125497
2025-12-09,191.3573,125497
2025-12-10,191.2557,125497
2025-12-11,191.4952,125497
2025-12-12,192.3377,125497
2025-12-15,193.1325,125497
2025-12-16,191.3143,125497
2025-12-17,190.0621,125497
2025-12-18,189.542,125497
2025-12-19,191.1157,125497
2025-12-22,192.2573,125497
2025-12-23,193.2652,125497
2025-12-24,193.2848,125497
2025-12-26,192.5913,125497
2025-12-29,192.541,125497
2025-12-30,191.9501,125497
2025-12-31,193.7724,125497
2026-01-01,193.6417,125497
2026-01-02,194.574,125497
2026-01-05,194.3786,125497
2026-01-06,193.7027,125497
2026-01-07,193.3173,125497
2026-01-08,190.16,125497
2026-01-09,187.0971,125497
2026-01-12,186.1837,125497
2026-01-13,187.6594,125497
2026-01-14,187.3375,125497
2026-01-16,186.9719,125497
2026-01-19,185.4042,125497
2026-01-20,181.835,125497
2026-01-21,181.5325,125497
2026-01-22,182.7544,125497
2026-01-23,179.8035,125497
2026-01-27,179.5515,125497
2026-01-28,181.0873,125497
2026-01-29,179.9408,125497
2026-01-30,183.3021,125497
2026-01-31,183.301,125497
2026-02-02,180.5424,125497
2026-02-03,186.7009,125497
2026-02-04,186.7774,125497
2026-02-05,185.6949,125497
2026-02-06,184.627,125497
2026-02-09,188.469,125497
2026-02-10,189.019,125497
2026-02-11,189.7464,125497
2026-02-12,189.6029,125497
2026-02-13,187.236,125497
2026-02-16,185.8471,125497
2026-02-17,187.6437,125497
2026-02-18,188.2128,125497
2026-02-19,186.6666,125497
2026-02-20,186.2228,125497
2026-02-23,187.5721,125497
2026-02-24,186.208,125497
2026-02-25,186.0488,125497
2026-02-26,186.095,125497
2026-02-27,184.7581,125497
2026-02-28,184.7579,125497
2026-03-02,181.3175,125497
2026-03-04,177.9961,125497
2026-03-05,179.3239,125497
2026-03-06,178.9784,125497
2026-03-09,175.7742,125497
2026-03-10,178.8419,125497
2026-03-11,178.3891,125497
2026-03-12,177.9888,125497
2026-03-13,173.9754,125497
2026-03-16,173.8198,125497
2026-03-17,174.0628,125497
2026-03-18,177.4908,125497
2026-03-19,173.9004,125497
2026-03-20,174.6205,125497
2026-03-23,169.1091,125497
2026-03-24,172.0049,125497
2026-03-25,175.4211,125497
2026-03-27,172.4739,125497
2026-03-30,169.3708,125497
2026-03-31,169.3706,125497
2026-04-01,173.782,125497
2026-04-02,173.8471,125497
2026-04-06,174.9151,125497
2026-04-07,174.8342,125497
2026-04-08,180.5783,125497
2026-04-09,181.2455,125497
2026-04-10,184.6967,125497
2026-04-13,184.3491,125497
2026-04-15,187.2786,125497
2026-04-16,188.3316,125497
2026-04-17,190.5242,125497
2026-04-20,191.0583,125497
2026-04-21,192.6397,125497
2026-04-22,194.1928,125497
2026-04-23,193.0317,125497
2026-04-24,191.0425,125497
2026-04-27,193.8317,125497
2026-04-28,193.4843,125497
2026-04-29,194.1523,125497
2026-04-30,193.4131,125497
2026-05-04,195.4469,125497
2026-05-05,194.5618,125497
2026-05-06,196.0036,125497
2026-05-07,197.4753,125497
2026-05-08,196.8821,125497
2026-05-11,195.586,125497
2026-05-12,190.6152,125497
2026-05-13,190.464,125497
2026-05-14,189.9345,125497
2026-05-15,190.2405,125497
2026-05-18,187.9126,125497
2026-05-19,189.5553,125497
2026-05-20,189.8661,125497
2026-05-21,191.7575,125497
2026-05-22,192.1227,125497
2026-05-25,193.5599,125497
2026-05-26,194.2258,125497
2026-05-27,195.0501,125497
2026-05-29,193.6848,125497
2026-05-31,193.6836,125497
2026-06-01,192.3195,125497
2026-06-02,193.1295,125497
2026-06-03,194.081,125497
2026-06-04,194.522,125497
2026-06-05,194.7547,125497
2026-06-08,191.9092,125497
2026-06-09,194.3813,125497
2026-06-10,193.4371,125497
2026-06-11,192.6722,125497
2026-06-12,196.5577,125497
2026-06-15,198.032,125497
2026-06-16,198.6152,125497
2026-06-17,199.8302,125497
2026-06-18,200.9565,125497
2026-06-19,202.0761,125497
2026-06-22,204.1263,125497
2026-06-23,203.5443,125497
2026-06-24,205.0655,125497
2026-06-25,203.9157,125497
2026-06-29,205.1035,125497
2026-06-30,206.8355,125497
2026-07-01,206.4778,125497
2026-07-02,208.5373,125497
2026-07-03,207.3461,125497
2026-07-06,207.3912,125497
2026-07-07,206.4025,125497
2026-07-08,204.4035,125497
2026-07-09,206.8141,125497
2026-07-10,208.3518,125497
2026-07-13,208.1546,125497
2026-07-14,207.3738,125497
2026-07-15,209.4506,125497
2026-07-16,208.7624,125497
2026-07-17,208.9152,125497
2026-07-20,209.4466,125497
2026-07-21,210.09,125497
2026-07-22,207.6748,125497
2026-07-23,205.5539,125497
2026-07-24,204.8535,125497
2026-07-27,206.7707,125497
2026-07-28,206.0616,125497
2014-03-27,10.0125,128913
2014-03-28,10.0231,128913
2014-04-02,10.0272,128913
2014-04-03,10.0309,128913
2014-04-04,10.0295,128913
2014-04-07,10.0355,128913
2014-04-09,10.0373,128913
2014-04-10,10.0411,128913
2014-04-11,10.0436,128913
2014-04-15,10.0536,128913
2014-04-16,10.0573,128913
2014-04-17,10.0619,128913
2014-04-21,10.0717,128913
2014-04-22,10.071,128913
2014-04-23,10.0751,128913
2014-04-25,10.0812,128913
2014-04-28,10.0873,128913
2014-04-29,10.0886,128913
2014-04-30,10.0908,128913
2014-05-02,10.1005,128913
2014-05-05,10.111,128913
2014-05-06,10.1142,128913
2014-05-07,10.1159,128913
2014-05-08,10.1213,128913
2014-05-09,10.1232,128913
2014-05-12,10.1333,128913
2014-05-13,10.1397,128913
2014-05-15,10.1471,128913
2014-05-16,10.1513,128913
2014-05-19,10.1601,128913
2014-05-20,10.1629,128913
2014-05-21,10.1662,128913
2014-05-22,10.1711,128913
2014-05-23,10.1756,128913
2014-05-26,10.1817,128913
2014-05-27,10.1834,128913
2014-05-28,10.185,128913
2014-05-29,10.1886,128913
2014-05-30,10.1949,128913
2014-06-02,10.2004,128913
2014-06-03,10.2047,128913
2014-06-04,10.2133,128913
2014-06-05,10.2187,128913
2014-06-06,10.2213,128913
2014-06-09,10.2281,128913
2014-06-10,10.2296,128913
2014-06-11,10.2325,128913
2014-06-12,10.2343,128913
2014-06-13,10.2356,128913
2014-06-16,10.2399,128913
2014-06-17,10.2421,128913
2014-06-18,10.2453,128913
2014-06-19,10.2471,128913
2014-06-20,10.2496,128913
2014-06-23,10.2557,128913
2014-06-24,10.2591,128913
2014-06-25,10.2607,128913
2014-06-26,10.2646,128913
2014-06-27,10.267,128913
2014-06-30,10.2745,128913
2014-07-02,10.2828,128913
2014-07-03,10.2862,128913
2014-07-04,10.2894,128913
2014-07-07,10.2963,128913
2014-07-08,10.2979,128913
2014-07-09,10.2989,128913
2014-07-10,10.2991,128913
2014-07-11,10.2919,128913
2014-07-14,10.2976,128913
2014-07-15,10.302,128913
2014-07-16,10.3062,128913
2014-07-17,10.3109,128913
2014-07-18,10.3139,128913
2014-07-21,10.3208,128913
2014-07-22,10.3231,128913
2014-07-23,10.3247,128913
2014-07-24,10.3257,128913
2014-07-25,10.3283,128913
2014-07-28,10.3343,128913
2014-07-30,10.3401,128913
2014-07-31,10.3419,128913
2014-08-01,10.3433,128913
2014-08-04,10.351,128913
2014-08-05,10.3542,128913
2014-08-06,10.354,128913
2014-08-07,10.3555,128913
2014-08-08,10.3576,128913
2014-08-11,10.3645,128913
2014-08-12,10.3675,128913
2014-08-13,10.3702,128913
2014-08-14,10.3725,128913
2014-08-19,10.3847,128913
2014-08-20,10.3869,128913
2014-08-21,10.3902,128913
2014-08-22,10.3943,128913
2014-08-25,10.4027,128913
2014-08-26,10.4068,128913
2014-08-27,10.4097,128913
2014-08-28,10.4107,128913
2014-09-01,10.4207,128913
2014-09-02,10.4234,128913
2014-09-03,10.4262,128913
2014-09-04,10.4287,128913
2014-09-05,10.4311,128913
2014-09-08,10.438,128913
2014-09-09,10.4404,128913
2014-09-10,10.4424,128913
2014-09-11,10.4445,128913
2014-09-12,10.4468,128913
2014-09-15,10.4543,128913
2014-09-16,10.457,128913
2014-09-17,10.4601,128913
2014-09-18,10.4633,128913
2014-09-19,10.4661,128913
2014-09-22,10.4733,128913
2014-09-23,10.4761,128913
2014-09-24,10.4785,128913
2014-09-25,10.4812,128913
2014-09-26,10.4836,128913
2014-09-29,10.4909,128913
2014-09-30,10.4947,128913
2014-10-01,10.4979,128913
2014-10-07,10.5139,128913
2014-10-08,10.5181,128913
2014-10-09,10.5204,128913
2014-10-10,10.5227,128913
2014-10-13,10.5305,128913
2014-10-14,10.5344,128913
2014-10-16,10.5387,128913
2014-10-17,10.5413,128913
2014-10-20,10.5495,128913
2014-10-21,10.5523,128913
2014-10-22,10.5546,128913
2014-10-27,10.5675,128913
2014-10-28,10.5707,128913
2014-10-29,10.5736,128913
2014-10-30,10.5767,128913
2014-10-31,10.5798,128913
2014-11-03,10.5873,128913
2014-11-05,10.5941,128913
2014-11-07,10.6008,128913
2014-11-10,10.6085,128913
2014-11-11,10.6106,128913
2014-11-12,10.613,128913
2014-11-13,10.6152,128913
2014-11-14,10.6177,128913
2014-11-17,10.6255,128913
2014-11-18,10.6279,128913
2014-11-19,10.6307,128913
2014-11-20,10.6333,128913
2014-11-21,10.6355,128913
2014-11-24,10.6425,128913
2014-11-25,10.6449,128913
2014-11-26,10.6477,128913
2014-11-27,10.65,128913
2014-11-28,10.6524,128913
2014-12-01,10.6607,128913
2014-12-02,10.6631,128913
2014-12-03,10.666,128913
2014-12-04,10.6689,128913
2014-12-05,10.6714,128913
2014-12-08,10.6783,128913
2014-12-09,10.6808,128913
2014-12-10,10.683,128913
2014-12-11,10.6853,128913
2014-12-12,10.6875,128913
2014-12-15,10.6943,128913
2014-12-16,10.6948,128913
2014-12-17,10.6967,128913
2014-12-18,10.6986,128913
2014-12-19,10.7008,128913
2014-12-22,10.707,128913
2014-12-23,10.709,128913
2014-12-24,10.711,128913
2014-12-26,10.7153,128913
2014-12-29,10.7223,128913
2014-12-30,10.7251,128913
2014-12-31,10.7286,128913
2015-01-01,10.7313,128913
2015-01-02,10.7338,128913
2015-01-05,10.7407,128913
2015-01-06,10.7429,128913
2015-01-07,10.7456,128913
2015-01-08,10.748,128913
2015-01-09,10.7504,128913
2015-01-12,10.7572,128913
2015-01-13,10.7597,128913
2015-01-14,10.7621,128913
2015-01-15,10.7664,128913
2015-01-16,10.7687,128913
2015-01-19,10.7757,128913
2015-01-20,10.778,128913
2015-01-21,10.7803,128913
2015-01-22,10.7829,128913
2015-01-23,10.7852,128913
2015-01-27,10.7947,128913
2015-01-28,10.797,128913
2015-01-29,10.7992,128913
2015-01-30,10.8016,128913
2015-02-02,10.8087,128913
2015-02-03,10.811,128913
2015-02-04,10.8129,128913
2015-02-05,10.8153,128913
2015-02-06,10.8177,128913
2015-02-09,10.8248,128913
2015-02-10,10.8272,128913
2015-02-11,10.8296,128913
2015-02-12,10.832,128913
2015-02-13,10.8344,128913
2015-02-16,10.8415,128913
2015-02-18,10.8463,128913
2015-02-20,10.851,128913
2015-02-23,10.8581,128913
2015-02-24,10.8605,128913
2015-02-25,10.8628,128913
2015-02-26,10.8652,128913
2015-02-27,10.8676,128913
2015-03-02,10.8747,128913
2015-03-03,10.877,128913
2015-03-04,10.8794,128913
2015-03-05,10.8817,128913
2015-03-09,10.8911,128913
2015-03-10,10.8935,128913
2015-03-11,10.8959,128913
2015-03-12,10.8983,128913
2015-03-13,10.9006,128913
2015-03-16,10.9077,128913
2015-03-17,10.91,128913
2015-03-18,10.9123,128913
2015-03-19,10.9146,128913
2015-03-20,10.917,128913
2015-03-23,10.9238,128913
2015-03-24,10.9261,128913
2015-03-25,10.9283,128913
2015-03-26,10.9305,128913
2015-03-27,10.933,128913
2015-03-30,10.9404,128913
2015-03-31,10.9429,128913
2015-04-06,10.957,128913
